{"type": "FeatureCollection", "features": [{"type": "Feature", "geometry": {"type": "MultiLineString", "coordinates": [[[12.1865, 55.4578], [12.1865, 55.4579], [12.187, 55.4598]], [[12.1767, 55.4793], [12.1764, 55.4795], [12.1761, 55.4797], [12.1754, 55.4801], [12.1751, 55.4803], [12.1749, 55.4805], [12.1747, 55.4804], [12.175, 55.4802], [12.1752, 55.48], [12.1759, 55.4796], [12.1762, 55.4794], [12.1766, 55.4792], [12.1767, 55.4793]], [[12.1755, 55.4996], [12.1756, 55.4995], [12.1754, 55.4994], [12.1753, 55.4992], [12.1751, 55.4991], [12.1748, 55.4988], [12.1745, 55.4983], [12.1743, 55.4981], [12.1742, 55.4981], [12.1744, 55.4984], [12.1746, 55.4986], [12.1748, 55.4988], [12.175, 55.499], [12.1752, 55.4992], [12.1754, 55.4994], [12.1755, 55.4996]], [[12.2095, 55.5221], [12.2085, 55.5207], [12.2086, 55.5207], [12.2087, 55.5208], [12.2095, 55.5221]], [[12.2188, 55.5342], [12.2178, 55.5327], [12.2176, 55.5328], [12.2179, 55.5333], [12.2187, 55.5342], [12.2188, 55.5342]], [[12.2714, 55.5667], [12.2693, 55.5662], [12.2689, 55.5661], [12.269, 55.5661], [12.269, 55.566], [12.2694, 55.5661], [12.2698, 55.5662], [12.2706, 55.5665], [12.2714, 55.5667]], [[12.2958, 55.5814], [12.298, 55.5824], [12.2981, 55.5823], [12.2967, 55.5817], [12.2964, 55.5815], [12.2962, 55.5814], [12.2959, 55.5813], [12.2958, 55.5813], [12.2958, 55.5814]], [[12.3355, 55.5988], [12.3338, 55.5976]], [[12.3572, 55.6127], [12.3573, 55.6127], [12.3574, 55.6128], [12.3581, 55.6134], [12.3586, 55.6139], [12.3587, 55.614], [12.3586, 55.614], [12.3572, 55.6127]], [[12.3854, 55.6233], [12.3869, 55.6234], [12.3881, 55.6235], [12.3881, 55.6234], [12.3875, 55.6233], [12.3869, 55.6233], [12.3854, 55.6233]], [[12.4222, 55.621], [12.4222, 55.6209], [12.4209, 55.621], [12.4195, 55.621], [12.4195, 55.6211], [12.4209, 55.6211], [12.4219, 55.621], [12.4222, 55.621], [12.4225, 55.621], [12.4222, 55.621]], [[12.4567, 55.6258], [12.4568, 55.6258], [12.4568, 55.6259], [12.4569, 55.6258], [12.4544, 55.6254], [12.454, 55.6253], [12.4543, 55.6254], [12.4543, 55.6255], [12.4543, 55.6254], [12.4543, 55.6255], [12.4546, 55.6255], [12.4549, 55.6256], [12.4553, 55.6257], [12.4558, 55.6258], [12.4563, 55.6258], [12.4568, 55.6259], [12.4567, 55.6259], [12.4567, 55.6258]], [[12.4849, 55.6298], [12.4824, 55.6292], [12.4824, 55.6291], [12.4825, 55.6291], [12.4849, 55.6297], [12.4849, 55.6298]], [[12.5, 55.6398], [12.4985, 55.6385], [12.4984, 55.6386], [12.4999, 55.6398], [12.5, 55.6398]], [[12.5175, 55.6522], [12.5173, 55.6522], [12.5172, 55.6522], [12.5171, 55.6522], [12.517, 55.6522], [12.5167, 55.6522], [12.5165, 55.6522], [12.5164, 55.6522], [12.5162, 55.6523], [12.516, 55.6523], [12.5158, 55.6522], [12.5156, 55.6522], [12.5155, 55.6522], [12.5154, 55.6522], [12.5153, 55.6522], [12.515, 55.6522], [12.5149, 55.6522], [12.5147, 55.6521], [12.5146, 55.6522], [12.5148, 55.6522], [12.515, 55.6522], [12.5151, 55.6522], [12.5153, 55.6523], [12.5154, 55.6523], [12.5156, 55.6523], [12.5158, 55.6523], [12.516, 55.6523], [12.5162, 55.6523], [12.5164, 55.6523], [12.5165, 55.6523], [12.5168, 55.6523], [12.5169, 55.6523], [12.517, 55.6523], [12.5172, 55.6522], [12.5175, 55.6522]], [[12.524, 55.6513], [12.5243, 55.6513], [12.5244, 55.6513], [12.5269, 55.6515], [12.5268, 55.6516], [12.5244, 55.6513], [12.5242, 55.6513], [12.524, 55.6513]], [[12.5369, 55.6545], [12.5372, 55.6546], [12.5375, 55.6549], [12.5377, 55.655], [12.5379, 55.6552], [12.5381, 55.6554], [12.5382, 55.6555], [12.5384, 55.6556], [12.5384, 55.6557], [12.5385, 55.6558], [12.5386, 55.6558], [12.5386, 55.6557], [12.5385, 55.6556], [12.5384, 55.6555], [12.5382, 55.6553], [12.5381, 55.6552], [12.538, 55.6551], [12.5378, 55.655], [12.5377, 55.6548], [12.5373, 55.6546], [12.5371, 55.6544], [12.5369, 55.6545]], [[12.5594, 55.6649], [12.5597, 55.665], [12.5598, 55.6651], [12.5602, 55.6653], [12.5612, 55.6658], [12.5616, 55.666], [12.5613, 55.6658], [12.5603, 55.6652], [12.5599, 55.6651], [12.5597, 55.665], [12.5595, 55.6649], [12.5597, 55.665], [12.5595, 55.6649], [12.5594, 55.6649]], [[12.5631, 55.6776], [12.5631, 55.6775], [12.563, 55.6774], [12.5629, 55.6772], [12.5628, 55.6771], [12.5627, 55.6769], [12.5626, 55.6768], [12.5626, 55.6766], [12.5625, 55.6765], [12.5625, 55.6763], [12.5625, 55.6762], [12.5625, 55.676], [12.5625, 55.6759], [12.5624, 55.6759], [12.5625, 55.6758], [12.5623, 55.6758], [12.5623, 55.676], [12.5623, 55.6762], [12.5624, 55.6763], [12.5624, 55.6765], [12.5625, 55.6766], [12.5625, 55.6768], [12.5626, 55.6769], [12.5627, 55.6771], [12.5627, 55.6772], [12.5629, 55.6773], [12.563, 55.6776], [12.5631, 55.6776]], [[12.5899, 55.6942], [12.5892, 55.6938], [12.5874, 55.6927]], [[12.5904, 55.7065], [12.5907, 55.706], [12.5909, 55.7053], [12.5911, 55.705], [12.5911, 55.7048], [12.5912, 55.7046]], [[12.581, 55.7148], [12.5798, 55.7152], [12.5787, 55.7156], [12.5788, 55.7157], [12.5799, 55.7153], [12.581, 55.7148]], [[12.5673, 55.7296], [12.5668, 55.7312], [12.5669, 55.7312], [12.567, 55.7312], [12.5674, 55.7296], [12.5673, 55.7296]], [[12.5599, 55.7419], [12.5594, 55.7421], [12.5591, 55.7422], [12.5589, 55.7423], [12.5587, 55.7424], [12.5585, 55.7425], [12.5583, 55.7426], [12.5581, 55.7427], [12.5579, 55.7429], [12.5577, 55.743], [12.5576, 55.7431]], [[12.5425, 55.7532], [12.542, 55.7534], [12.5415, 55.7536], [12.5402, 55.7542], [12.5406, 55.7541], [12.5415, 55.7537], [12.542, 55.7535], [12.5421, 55.7535], [12.5423, 55.7534], [12.5426, 55.7533], [12.5425, 55.7532]], [[12.522, 55.7615], [12.5218, 55.7616], [12.5215, 55.7617], [12.5213, 55.7618], [12.521, 55.7619], [12.5208, 55.7619], [12.5205, 55.762], [12.5202, 55.7621], [12.5197, 55.7623], [12.5193, 55.7624]], [[12.5018, 55.7688], [12.5023, 55.7686], [12.503, 55.7683], [12.5031, 55.7683], [12.5032, 55.7683], [12.5042, 55.7679], [12.5042, 55.7678], [12.5018, 55.7687], [12.5018, 55.7688]], [[12.4835, 55.7813], [12.484, 55.7811], [12.4857, 55.7803], [12.4847, 55.7806], [12.4839, 55.781], [12.4834, 55.7812], [12.4835, 55.7813]], [[12.4732, 55.7959], [12.4724, 55.7974], [12.4725, 55.7974], [12.4729, 55.7966], [12.4732, 55.796], [12.4733, 55.7959], [12.4732, 55.7959]], [[12.4683, 55.8069], [12.4683, 55.8068], [12.4682, 55.8067], [12.4682, 55.8065], [12.4682, 55.8064], [12.4681, 55.8063], [12.4681, 55.8061], [12.4681, 55.806], [12.468, 55.8059], [12.468, 55.806], [12.468, 55.8061], [12.468, 55.8063], [12.4681, 55.8064], [12.4681, 55.8065], [12.4681, 55.8067], [12.4682, 55.8068], [12.4682, 55.8069], [12.4683, 55.8073], [12.4685, 55.8078], [12.4686, 55.8078], [12.4684, 55.8072], [12.4683, 55.8069]], [[12.4219, 55.8409], [12.4227, 55.8407], [12.4239, 55.8404]], [[12.3576, 55.8704], [12.3571, 55.8709], [12.3569, 55.8711], [12.3567, 55.8713], [12.3558, 55.8722]], [[12.3157, 55.9095], [12.3155, 55.9099], [12.3152, 55.9105], [12.3152, 55.9106], [12.3151, 55.9106], [12.3151, 55.9107], [12.3151, 55.9108], [12.3152, 55.911], [12.315, 55.911], [12.3149, 55.911], [12.315, 55.9107], [12.3152, 55.9104], [12.3154, 55.91], [12.3155, 55.9098], [12.3157, 55.9095]], [[12.1865, 55.4578], [12.1865, 55.458], [12.187, 55.4599]], [[12.187, 55.4599], [12.187, 55.46], [12.187, 55.4602], [12.187, 55.4603], [12.1871, 55.4613], [12.1871, 55.4615], [12.1871, 55.4617], [12.1871, 55.4618], [12.1871, 55.462], [12.1871, 55.4622], [12.187, 55.4624], [12.187, 55.4625], [12.187, 55.4626], [12.1869, 55.4628], [12.1869, 55.4629], [12.1868, 55.4631], [12.1864, 55.4642], [12.1862, 55.4647], [12.1861, 55.465], [12.186, 55.4653], [12.185, 55.468], [12.1849, 55.4682], [12.1837, 55.4715], [12.1829, 55.4738]], [[12.1829, 55.4738], [12.1827, 55.4745]], [[12.1827, 55.4745], [12.1825, 55.4749], [12.1824, 55.4751], [12.1822, 55.4753], [12.1821, 55.4755], [12.182, 55.4757], [12.1819, 55.4759], [12.1818, 55.476], [12.1816, 55.4762], [12.1814, 55.4764], [12.1812, 55.4766], [12.1811, 55.4768], [12.1808, 55.4769], [12.1806, 55.4771], [12.1804, 55.4773], [12.1802, 55.4774], [12.18, 55.4776], [12.1797, 55.4777], [12.1794, 55.4779], [12.1791, 55.4781], [12.1788, 55.4782], [12.1769, 55.4792], [12.1767, 55.4793], [12.1764, 55.4795], [12.1761, 55.4797], [12.1758, 55.4799], [12.1754, 55.4801], [12.1751, 55.4803], [12.1749, 55.4805], [12.1747, 55.4806], [12.1745, 55.4808], [12.1742, 55.481], [12.1739, 55.4812]], [[12.1739, 55.4812], [12.1738, 55.4814], [12.1735, 55.4816]], [[12.1735, 55.4816], [12.1734, 55.4817], [12.1733, 55.4818], [12.1731, 55.4819], [12.173, 55.4821], [12.1729, 55.4822], [12.1728, 55.4823], [12.1728, 55.4824], [12.1727, 55.4825], [12.1726, 55.4825], [12.1725, 55.4826], [12.1725, 55.4827], [12.1724, 55.4828], [12.1723, 55.4829], [12.1723, 55.483]], [[12.1723, 55.483], [12.1721, 55.4832], [12.172, 55.4835]], [[12.172, 55.4835], [12.1719, 55.4837], [12.1718, 55.4838], [12.1718, 55.484], [12.1717, 55.4842], [12.1716, 55.4844], [12.1708, 55.4873], [12.1707, 55.4878], [12.1706, 55.488], [12.1706, 55.4883], [12.1706, 55.4885], [12.1705, 55.4888], [12.1705, 55.489], [12.1705, 55.4892], [12.1705, 55.4894], [12.1706, 55.4896], [12.1706, 55.4898], [12.1706, 55.49], [12.1707, 55.4902], [12.1707, 55.4905], [12.1708, 55.4907], [12.1709, 55.4909], [12.171, 55.4912], [12.1711, 55.4914], [12.1733, 55.4966], [12.1734, 55.4968], [12.1735, 55.4971], [12.1737, 55.4973], [12.1738, 55.4975], [12.1739, 55.4977], [12.1741, 55.4979], [12.1742, 55.4981], [12.1744, 55.4984], [12.1745, 55.4986], [12.1747, 55.4988], [12.1749, 55.499], [12.1752, 55.4993], [12.1753, 55.4994], [12.1755, 55.4996], [12.1758, 55.4998], [12.1761, 55.5001], [12.1763, 55.5002], [12.1766, 55.5004], [12.1769, 55.5006], [12.1772, 55.5008], [12.1775, 55.501], [12.1778, 55.5012], [12.1803, 55.5027], [12.1806, 55.5029], [12.1809, 55.503], [12.1813, 55.5033], [12.1818, 55.5035]], [[12.1818, 55.5035], [12.1823, 55.5038]], [[12.1823, 55.5038], [12.1853, 55.5054], [12.1868, 55.5062], [12.1933, 55.5097], [12.1936, 55.5098], [12.1939, 55.51], [12.1943, 55.5102], [12.1946, 55.5104], [12.1949, 55.5105], [12.1952, 55.5107], [12.1955, 55.5109], [12.1958, 55.5111], [12.197, 55.5118], [12.199, 55.5129]], [[12.199, 55.5129], [12.1994, 55.5132]], [[12.1994, 55.5132], [12.2001, 55.5136]], [[12.2001, 55.5136], [12.2005, 55.5138]], [[12.2005, 55.5138], [12.2025, 55.515], [12.2029, 55.5152], [12.2031, 55.5154], [12.2034, 55.5156], [12.2037, 55.5158], [12.204, 55.516], [12.2043, 55.5162], [12.2046, 55.5163], [12.2048, 55.5166], [12.2051, 55.5168], [12.2053, 55.517], [12.2056, 55.5172], [12.2058, 55.5173], [12.206, 55.5176], [12.2062, 55.5178], [12.2064, 55.518], [12.2066, 55.5182], [12.2068, 55.5184], [12.207, 55.5186], [12.2072, 55.5188], [12.2074, 55.5191], [12.2075, 55.5192], [12.2076, 55.5194], [12.2077, 55.5195]], [[12.2077, 55.5195], [12.208, 55.5199]], [[12.208, 55.5199], [12.209, 55.5214], [12.2096, 55.5223]], [[12.2096, 55.5223], [12.2098, 55.5227]], [[12.2098, 55.5227], [12.2105, 55.5236], [12.2107, 55.5241], [12.211, 55.5245], [12.2113, 55.525], [12.2116, 55.5254], [12.2117, 55.5256], [12.2119, 55.5259], [12.212, 55.5261]], [[12.212, 55.5261], [12.2122, 55.5263]], [[12.2122, 55.5263], [12.2124, 55.5266], [12.2126, 55.5268], [12.2129, 55.527], [12.2131, 55.5272], [12.2147, 55.5289], [12.2149, 55.5291], [12.2151, 55.5293], [12.2153, 55.5295], [12.2155, 55.5298], [12.2158, 55.5301], [12.2159, 55.5303], [12.2161, 55.5305], [12.2165, 55.5311], [12.2175, 55.5323]], [[12.2175, 55.5323], [12.2175, 55.5324]], [[12.2175, 55.5324], [12.2177, 55.5327]], [[12.2177, 55.5327], [12.2182, 55.5333], [12.2189, 55.5342]], [[12.2189, 55.5342], [12.2193, 55.5347]], [[12.2193, 55.5347], [12.2194, 55.5349], [12.2199, 55.5356], [12.2203, 55.5361], [12.221, 55.537], [12.2214, 55.5375], [12.2218, 55.538], [12.2226, 55.5388], [12.2233, 55.5397], [12.2238, 55.5401], [12.2242, 55.5405], [12.2247, 55.5409], [12.2251, 55.5412], [12.2254, 55.5414], [12.2256, 55.5416], [12.2259, 55.5418], [12.2262, 55.542], [12.2265, 55.5421], [12.2267, 55.5423], [12.227, 55.5425], [12.2273, 55.5426], [12.2285, 55.5433]], [[12.2285, 55.5433], [12.2291, 55.5437]], [[12.2291, 55.5437], [12.2333, 55.5461], [12.2337, 55.5463], [12.234, 55.5465], [12.2342, 55.5466], [12.2344, 55.5468], [12.2346, 55.5469], [12.2348, 55.547]], [[12.2348, 55.547], [12.235, 55.5472], [12.2352, 55.5473]], [[12.2352, 55.5473], [12.2354, 55.5474], [12.2357, 55.5476], [12.2359, 55.5478], [12.2391, 55.5502], [12.2394, 55.5504], [12.2396, 55.5506], [12.2399, 55.5508], [12.2402, 55.551]], [[12.2402, 55.551], [12.2405, 55.5513]], [[12.2405, 55.5513], [12.2408, 55.5515], [12.241, 55.5517], [12.2481, 55.558], [12.2484, 55.5582], [12.2486, 55.5584], [12.2489, 55.5586], [12.2491, 55.5588], [12.2493, 55.5589], [12.2495, 55.5591]], [[12.2495, 55.5591], [12.2499, 55.5593]], [[12.2499, 55.5593], [12.2501, 55.5595], [12.2504, 55.5597], [12.2507, 55.5599], [12.251, 55.56], [12.2512, 55.5602], [12.2515, 55.5603], [12.2517, 55.5604], [12.252, 55.5606], [12.2523, 55.5607], [12.2526, 55.5609], [12.253, 55.561], [12.2533, 55.5612], [12.2537, 55.5613], [12.254, 55.5615], [12.2544, 55.5616], [12.2548, 55.5617], [12.2552, 55.5619], [12.2557, 55.562], [12.2561, 55.5622], [12.2605, 55.5636], [12.2613, 55.5639], [12.2622, 55.5641], [12.2626, 55.5643], [12.2631, 55.5644], [12.2636, 55.5645], [12.2641, 55.5647], [12.2646, 55.5648], [12.2651, 55.5649], [12.2677, 55.5656], [12.2686, 55.5659]], [[12.2686, 55.5659], [12.269, 55.566]], [[12.269, 55.566], [12.2698, 55.5662], [12.2706, 55.5664], [12.2715, 55.5667]], [[12.2715, 55.5667], [12.2723, 55.5669]], [[12.2723, 55.5669], [12.2726, 55.567], [12.2736, 55.5673], [12.274, 55.5674], [12.2744, 55.5675], [12.2749, 55.5677], [12.2757, 55.5679], [12.2765, 55.5682], [12.2769, 55.5684], [12.2772, 55.5685], [12.278, 55.5688], [12.2785, 55.5691], [12.2791, 55.5694], [12.2797, 55.5697], [12.2804, 55.5701], [12.281, 55.5706], [12.2816, 55.571], [12.2819, 55.5713], [12.2822, 55.5715], [12.2825, 55.5718], [12.2828, 55.572], [12.283, 55.5723], [12.2833, 55.5726], [12.2837, 55.5731], [12.2842, 55.5736]], [[12.2842, 55.5736], [12.2843, 55.5738]], [[12.2843, 55.5738], [12.2847, 55.5742], [12.2852, 55.5749], [12.2855, 55.5752], [12.2858, 55.5755], [12.2863, 55.5759], [12.2867, 55.5763], [12.2871, 55.5767], [12.2875, 55.577], [12.2879, 55.5773], [12.2884, 55.5776], [12.2889, 55.578], [12.2896, 55.5784], [12.2901, 55.5787], [12.2906, 55.579], [12.2911, 55.5792], [12.2915, 55.5794], [12.2922, 55.5797], [12.2927, 55.5799], [12.2931, 55.5801], [12.2935, 55.5803], [12.2956, 55.5811]], [[12.2956, 55.5811], [12.2959, 55.5813]], [[12.2959, 55.5813], [12.2962, 55.5814], [12.2964, 55.5815], [12.2967, 55.5816], [12.2982, 55.5823]], [[12.2982, 55.5823], [12.2988, 55.5826]], [[12.2988, 55.5826], [12.2992, 55.5828], [12.2995, 55.5829], [12.2998, 55.5831], [12.3002, 55.5833], [12.3004, 55.5834], [12.3006, 55.5835], [12.3008, 55.5836], [12.3011, 55.5838], [12.3013, 55.5839], [12.3015, 55.5841], [12.3017, 55.5842], [12.3019, 55.5843], [12.3022, 55.5845], [12.3024, 55.5847], [12.3028, 55.585], [12.3041, 55.5859], [12.3043, 55.5861], [12.3045, 55.5862], [12.3047, 55.5864], [12.305, 55.5865], [12.3052, 55.5867], [12.3054, 55.5868], [12.3056, 55.5869]], [[12.3056, 55.5869], [12.3059, 55.5871]], [[12.3059, 55.5871], [12.3062, 55.5872], [12.3064, 55.5874], [12.3067, 55.5875], [12.3069, 55.5876], [12.3072, 55.5877], [12.3074, 55.5878], [12.3076, 55.5879], [12.3079, 55.588], [12.3082, 55.5881]], [[12.3082, 55.5881], [12.3086, 55.5882]], [[12.3086, 55.5882], [12.3088, 55.5883], [12.309, 55.5883], [12.3092, 55.5884], [12.3094, 55.5884], [12.3096, 55.5885], [12.3099, 55.5885], [12.3101, 55.5886], [12.3104, 55.5886], [12.3107, 55.5887], [12.311, 55.5887], [12.3113, 55.5888], [12.3116, 55.5888], [12.3119, 55.5889], [12.3122, 55.5889], [12.3133, 55.589], [12.3139, 55.5891], [12.3145, 55.5892], [12.3189, 55.5897], [12.3193, 55.5897], [12.3198, 55.5898], [12.3203, 55.5899], [12.3206, 55.5899], [12.3209, 55.59], [12.3211, 55.59], [12.3214, 55.5901], [12.3217, 55.5901], [12.322, 55.5902], [12.3222, 55.5903], [12.3225, 55.5903], [12.3228, 55.5904], [12.3231, 55.5905], [12.3233, 55.5906], [12.3236, 55.5907], [12.3238, 55.5908], [12.3241, 55.5909], [12.3243, 55.591], [12.3245, 55.591], [12.3248, 55.5912], [12.325, 55.5913], [12.3252, 55.5914], [12.3254, 55.5915], [12.3257, 55.5916], [12.3259, 55.5917], [12.3261, 55.5919], [12.3262, 55.592], [12.3264, 55.5921], [12.3266, 55.5922], [12.3267, 55.5923], [12.3281, 55.5934], [12.3285, 55.5936], [12.3288, 55.5939], [12.3297, 55.5945], [12.3303, 55.5949], [12.3327, 55.5967], [12.3337, 55.5974], [12.3343, 55.5979], [12.3359, 55.5991], [12.3366, 55.5996], [12.3368, 55.5998], [12.3371, 55.6], [12.3373, 55.6002], [12.3376, 55.6003], [12.3379, 55.6005], [12.3382, 55.6007], [12.3387, 55.6009], [12.3393, 55.6013], [12.3396, 55.6014], [12.3399, 55.6016], [12.3409, 55.6021], [12.3412, 55.6022], [12.3415, 55.6023], [12.3417, 55.6025], [12.3419, 55.6026], [12.3422, 55.6027], [12.3424, 55.6028], [12.3426, 55.6028], [12.3448, 55.6036], [12.3456, 55.604], [12.3459, 55.6041], [12.3462, 55.6042], [12.3465, 55.6043], [12.3467, 55.6044], [12.347, 55.6045], [12.3473, 55.6046], [12.3475, 55.6047], [12.3477, 55.6049], [12.348, 55.605], [12.3483, 55.6051], [12.3485, 55.6052], [12.3487, 55.6054], [12.349, 55.6055], [12.3492, 55.6056], [12.3494, 55.6058], [12.3496, 55.6059], [12.3498, 55.606], [12.35, 55.6062], [12.3502, 55.6063], [12.3504, 55.6065], [12.3506, 55.6066], [12.3508, 55.6068], [12.3509, 55.6069], [12.3511, 55.6071], [12.3513, 55.6072], [12.3515, 55.6074], [12.3532, 55.609]], [[12.3532, 55.609], [12.3534, 55.6092]], [[12.3534, 55.6092], [12.3564, 55.612]], [[12.3564, 55.612], [12.3568, 55.6123]], [[12.3568, 55.6123], [12.3578, 55.6133]], [[12.3578, 55.6133], [12.3579, 55.6134], [12.358, 55.6134]], [[12.358, 55.6134], [12.3589, 55.6143]], [[12.3589, 55.6143], [12.3593, 55.6147]], [[12.3593, 55.6147], [12.3599, 55.6152], [12.3613, 55.6165], [12.3616, 55.6168], [12.3619, 55.617], [12.3621, 55.6173], [12.3623, 55.6174]], [[12.3623, 55.6174], [12.3626, 55.6176]], [[12.3626, 55.6176], [12.3627, 55.6178], [12.3631, 55.618], [12.3633, 55.6182], [12.3637, 55.6184], [12.364, 55.6186], [12.3643, 55.6188], [12.3646, 55.619], [12.3649, 55.6192], [12.3653, 55.6194], [12.3657, 55.6197], [12.366, 55.6198], [12.3665, 55.62], [12.3668, 55.6202], [12.3672, 55.6203], [12.3676, 55.6205], [12.368, 55.6207], [12.3684, 55.6208], [12.3688, 55.621], [12.3692, 55.6211], [12.3695, 55.6212], [12.3698, 55.6213], [12.3701, 55.6214], [12.3703, 55.6215]], [[12.3703, 55.6215], [12.3707, 55.6216]], [[12.3707, 55.6216], [12.371, 55.6217], [12.3713, 55.6218], [12.3717, 55.6219], [12.3719, 55.6219], [12.3723, 55.622], [12.3726, 55.6221], [12.3729, 55.6222], [12.3733, 55.6222], [12.3736, 55.6223], [12.3739, 55.6223], [12.3742, 55.6224], [12.3745, 55.6225], [12.3749, 55.6225], [12.3752, 55.6226], [12.3756, 55.6226], [12.376, 55.6227]], [[12.376, 55.6227], [12.3763, 55.6227], [12.3766, 55.6227]], [[12.3766, 55.6227], [12.3778, 55.6228], [12.3782, 55.6229], [12.3806, 55.6231], [12.3811, 55.6231], [12.3816, 55.6231], [12.382, 55.6231], [12.3829, 55.6232], [12.3833, 55.6232]], [[12.3833, 55.6232], [12.3848, 55.6233]], [[12.3848, 55.6233], [12.3854, 55.6233], [12.3862, 55.6233]], [[12.3862, 55.6233], [12.3867, 55.6233]], [[12.3867, 55.6233], [12.3868, 55.6233], [12.3875, 55.6233], [12.3881, 55.6233], [12.3891, 55.6234]], [[12.3891, 55.6234], [12.39, 55.6234]], [[12.39, 55.6234], [12.3907, 55.6235], [12.3911, 55.6235], [12.3918, 55.6235], [12.3923, 55.6235], [12.393, 55.6236], [12.3943, 55.6237]], [[12.3943, 55.6237], [12.3945, 55.6237], [12.3948, 55.6237], [12.3952, 55.6237], [12.3955, 55.6237]], [[12.3955, 55.6237], [12.3959, 55.6237], [12.3964, 55.6238], [12.3967, 55.6238], [12.3973, 55.6238], [12.398, 55.6238], [12.3985, 55.6237], [12.399, 55.6237], [12.3994, 55.6237], [12.3999, 55.6237], [12.4003, 55.6237], [12.4007, 55.6236], [12.4012, 55.6236], [12.4018, 55.6235], [12.4023, 55.6235], [12.4028, 55.6234], [12.4033, 55.6233], [12.4038, 55.6233], [12.4043, 55.6232], [12.4048, 55.6231], [12.4053, 55.623], [12.4058, 55.6229], [12.4063, 55.6228], [12.4118, 55.6218], [12.4123, 55.6217], [12.4127, 55.6216], [12.4131, 55.6215], [12.4134, 55.6215], [12.4137, 55.6214]], [[12.4137, 55.6214], [12.4141, 55.6214], [12.4144, 55.6213]], [[12.4144, 55.6213], [12.4147, 55.6213], [12.415, 55.6213], [12.4154, 55.6213], [12.4157, 55.6212], [12.4161, 55.6212], [12.4168, 55.6211], [12.4172, 55.6211], [12.4176, 55.6211], [12.4179, 55.6211], [12.4219, 55.6209], [12.4225, 55.6209], [12.4228, 55.6209], [12.4231, 55.6209], [12.4234, 55.6208]], [[12.4234, 55.6208], [12.4243, 55.6208]], [[12.4243, 55.6208], [12.4263, 55.6206], [12.4268, 55.6206], [12.4273, 55.6205], [12.4277, 55.6205], [12.428, 55.6205], [12.4283, 55.6205], [12.4287, 55.6204], [12.429, 55.6204], [12.4294, 55.6204], [12.4297, 55.6204], [12.43, 55.6204], [12.4303, 55.6204], [12.4306, 55.6204]], [[12.4306, 55.6204], [12.4308, 55.6204]], [[12.4308, 55.6204], [12.4313, 55.6204], [12.4315, 55.6204], [12.4318, 55.6204], [12.4321, 55.6204], [12.4325, 55.6204], [12.4328, 55.6205], [12.4332, 55.6205], [12.4337, 55.6205], [12.434, 55.6205], [12.4346, 55.6206], [12.4348, 55.6206], [12.4352, 55.6207], [12.4356, 55.6207], [12.4357, 55.6207], [12.4359, 55.6207], [12.4361, 55.6208], [12.4364, 55.6208], [12.4367, 55.6209], [12.4371, 55.6209], [12.4374, 55.621], [12.4377, 55.621], [12.4381, 55.6211], [12.4384, 55.6212], [12.4386, 55.6212], [12.4389, 55.6213], [12.4392, 55.6214], [12.4395, 55.6214], [12.4398, 55.6215], [12.4401, 55.6216], [12.4406, 55.6217], [12.4411, 55.6219]], [[12.4411, 55.6219], [12.4419, 55.6221]], [[12.4419, 55.6221], [12.4446, 55.6228]], [[12.4446, 55.6228], [12.4449, 55.6229]], [[12.4449, 55.6229], [12.4474, 55.6236], [12.4502, 55.6243], [12.4514, 55.6247], [12.4519, 55.6248], [12.4521, 55.6249], [12.4523, 55.6249], [12.4525, 55.625], [12.4528, 55.625], [12.453, 55.6251], [12.4532, 55.6251], [12.4535, 55.6252], [12.4537, 55.6252], [12.454, 55.6253], [12.4544, 55.6254], [12.4556, 55.6256], [12.4569, 55.6258]], [[12.4569, 55.6258], [12.4577, 55.626]], [[12.4577, 55.626], [12.4582, 55.6261], [12.4588, 55.6261], [12.4592, 55.6262], [12.4597, 55.6263], [12.4602, 55.6263], [12.4606, 55.6264], [12.461, 55.6265], [12.4613, 55.6265], [12.4617, 55.6265]], [[12.4617, 55.6265], [12.462, 55.6266]], [[12.462, 55.6266], [12.4626, 55.6266], [12.4629, 55.6267], [12.4632, 55.6267], [12.4635, 55.6267], [12.464, 55.6268], [12.4644, 55.6268], [12.4648, 55.6268], [12.4654, 55.6268], [12.4659, 55.6269], [12.4701, 55.627], [12.4705, 55.627], [12.4709, 55.627], [12.4712, 55.627], [12.4715, 55.627]], [[12.4715, 55.627], [12.472, 55.6271], [12.4725, 55.6271]], [[12.4725, 55.6271], [12.473, 55.6272], [12.4735, 55.6272], [12.474, 55.6273], [12.4745, 55.6273], [12.475, 55.6274], [12.4755, 55.6275], [12.476, 55.6276], [12.4765, 55.6277], [12.477, 55.6278], [12.4775, 55.6279], [12.478, 55.628], [12.4785, 55.6281], [12.4814, 55.6288]], [[12.4814, 55.6288], [12.482, 55.6289]], [[12.482, 55.6289], [12.4837, 55.6294], [12.4864, 55.6301]], [[12.4864, 55.6301], [12.4869, 55.6302], [12.4874, 55.6303], [12.4877, 55.6304], [12.4879, 55.6305]], [[12.4879, 55.6305], [12.4882, 55.6306], [12.4886, 55.6307], [12.4889, 55.6308], [12.4893, 55.6309]], [[12.4893, 55.6309], [12.4895, 55.631]], [[12.4895, 55.631], [12.4898, 55.6311], [12.49, 55.6312], [12.4903, 55.6313], [12.4906, 55.6315], [12.4909, 55.6317], [12.4912, 55.6319], [12.4915, 55.632], [12.4918, 55.6322], [12.492, 55.6324], [12.4923, 55.6326], [12.4925, 55.6328], [12.4927, 55.633], [12.4929, 55.6332], [12.4931, 55.6334], [12.4933, 55.6337], [12.4935, 55.6339], [12.4937, 55.6341], [12.494, 55.6345], [12.4942, 55.6347]], [[12.4942, 55.6347], [12.4943, 55.6349]], [[12.4943, 55.6349], [12.4945, 55.6351], [12.4947, 55.6353], [12.4949, 55.6355], [12.4951, 55.6357], [12.4954, 55.6359], [12.4958, 55.6363], [12.497, 55.6373]], [[12.497, 55.6373], [12.4971, 55.6374]], [[12.4971, 55.6374], [12.4974, 55.6376], [12.4982, 55.6383], [12.5, 55.6397], [12.5003, 55.64]], [[12.5003, 55.64], [12.5006, 55.6403]], [[12.5006, 55.6403], [12.5008, 55.6404], [12.5014, 55.6409]], [[12.5014, 55.6409], [12.5017, 55.6412]], [[12.5017, 55.6412], [12.5023, 55.6416], [12.5025, 55.6418], [12.5027, 55.642], [12.5029, 55.6421], [12.503, 55.6423], [12.5032, 55.6424]], [[12.5032, 55.6424], [12.5034, 55.6426]], [[12.5034, 55.6426], [12.5035, 55.6428], [12.5041, 55.6435], [12.5043, 55.6437], [12.5045, 55.6439], [12.5047, 55.6441], [12.5049, 55.6443], [12.5086, 55.6479], [12.5089, 55.6482], [12.5112, 55.6503]], [[12.5112, 55.6503], [12.5116, 55.6507]], [[12.5116, 55.6507], [12.5118, 55.6509], [12.512, 55.651], [12.5122, 55.6512], [12.5123, 55.6513], [12.5125, 55.6514], [12.5127, 55.6515], [12.5129, 55.6516], [12.513, 55.6517], [12.5132, 55.6518], [12.5133, 55.6518], [12.5135, 55.6519], [12.5136, 55.6519], [12.5138, 55.652], [12.514, 55.652], [12.5141, 55.6521], [12.5143, 55.6521], [12.5144, 55.6522], [12.5146, 55.6522], [12.5148, 55.6522], [12.515, 55.6522], [12.5153, 55.6523], [12.5154, 55.6523]], [[12.5154, 55.6523], [12.5156, 55.6523], [12.5158, 55.6523], [12.516, 55.6523], [12.5162, 55.6523], [12.5164, 55.6523], [12.5166, 55.6523], [12.5168, 55.6523]], [[12.5168, 55.6523], [12.517, 55.6523], [12.5172, 55.6523], [12.5175, 55.6522], [12.5176, 55.6522], [12.5178, 55.6522], [12.5179, 55.6521], [12.5181, 55.6521], [12.5182, 55.6521], [12.5184, 55.652], [12.5186, 55.652], [12.5188, 55.6519], [12.5194, 55.6518], [12.5196, 55.6517], [12.5198, 55.6516], [12.5201, 55.6516], [12.5204, 55.6515], [12.5206, 55.6515], [12.5208, 55.6514], [12.521, 55.6514], [12.5213, 55.6514], [12.5215, 55.6513], [12.5218, 55.6513], [12.522, 55.6513], [12.5223, 55.6513], [12.5225, 55.6512], [12.5228, 55.6512], [12.523, 55.6512], [12.5233, 55.6512], [12.5235, 55.6512], [12.5238, 55.6512], [12.524, 55.6513], [12.5243, 55.6513], [12.5244, 55.6513], [12.5267, 55.6515], [12.5272, 55.6515]], [[12.5272, 55.6515], [12.5274, 55.6515], [12.5276, 55.6516], [12.5278, 55.6516], [12.528, 55.6516]], [[12.528, 55.6516], [12.5283, 55.6517], [12.5286, 55.6517], [12.5288, 55.6518], [12.5291, 55.6519], [12.5295, 55.6519], [12.5298, 55.652], [12.535, 55.6535], [12.5354, 55.6537], [12.5357, 55.6538], [12.5359, 55.6538], [12.5361, 55.6539], [12.5363, 55.654], [12.5365, 55.6541], [12.5367, 55.6541], [12.5369, 55.6543], [12.5371, 55.6544], [12.5373, 55.6546], [12.5377, 55.6548]], [[12.5377, 55.6548], [12.5379, 55.655], [12.538, 55.6551], [12.5381, 55.6552], [12.5382, 55.6553], [12.5384, 55.6555]], [[12.5384, 55.6555], [12.5385, 55.6556], [12.5386, 55.6557], [12.5387, 55.6558], [12.5388, 55.6559], [12.5388, 55.656], [12.5389, 55.6561], [12.5389, 55.6563], [12.539, 55.6563], [12.539, 55.6564], [12.539, 55.6566], [12.5391, 55.6567], [12.5391, 55.6569], [12.5392, 55.6571], [12.5392, 55.6572], [12.5393, 55.6573], [12.5393, 55.6575], [12.5394, 55.6577], [12.5395, 55.6578], [12.5395, 55.6579], [12.5398, 55.6584], [12.5406, 55.6599], [12.5409, 55.6603], [12.541, 55.6605]], [[12.541, 55.6605], [12.5411, 55.6606], [12.5412, 55.6607], [12.5413, 55.6609], [12.5414, 55.661], [12.5415, 55.6611], [12.5417, 55.6613], [12.5419, 55.6615], [12.5421, 55.6616], [12.5424, 55.6618], [12.5426, 55.6619], [12.5429, 55.6621], [12.5431, 55.6622], [12.5432, 55.6622], [12.5434, 55.6623], [12.5435, 55.6624]], [[12.5435, 55.6624], [12.5437, 55.6624], [12.5438, 55.6625], [12.5439, 55.6625], [12.5441, 55.6626], [12.5443, 55.6627], [12.5445, 55.6627], [12.5448, 55.6628]], [[12.5448, 55.6628], [12.545, 55.6628], [12.5452, 55.6629], [12.5453, 55.6629], [12.5455, 55.6629], [12.5456, 55.6629], [12.5458, 55.663], [12.5465, 55.6631], [12.5483, 55.6634], [12.5486, 55.6635], [12.5488, 55.6635], [12.5491, 55.6635], [12.5494, 55.6636], [12.5497, 55.6636], [12.55, 55.6637], [12.5502, 55.6637], [12.5505, 55.6637], [12.5508, 55.6637], [12.551, 55.6638], [12.5517, 55.6638], [12.5524, 55.6639], [12.5528, 55.6639], [12.5537, 55.664], [12.5541, 55.664], [12.5545, 55.664], [12.5548, 55.6641], [12.5565, 55.6642], [12.5567, 55.6643], [12.557, 55.6643], [12.5573, 55.6643], [12.5575, 55.6644], [12.5578, 55.6644], [12.558, 55.6645], [12.5582, 55.6645], [12.5585, 55.6646], [12.5586, 55.6647], [12.5588, 55.6647], [12.559, 55.6648], [12.5592, 55.6649], [12.5594, 55.6649]], [[12.5594, 55.6649], [12.5597, 55.6651], [12.5598, 55.6651], [12.5602, 55.6653], [12.5612, 55.6659], [12.5616, 55.666], [12.5616, 55.6661], [12.5619, 55.6662], [12.563, 55.6667], [12.5637, 55.667], [12.5639, 55.6671], [12.5641, 55.6672], [12.5643, 55.6673], [12.5645, 55.6674], [12.5647, 55.6675], [12.5648, 55.6677], [12.5649, 55.6678], [12.5651, 55.6679], [12.5652, 55.668], [12.5653, 55.6681], [12.5655, 55.6683], [12.5656, 55.6685], [12.5657, 55.6686], [12.5657, 55.6687], [12.5658, 55.6689], [12.5659, 55.6691], [12.5659, 55.6692], [12.566, 55.6693], [12.566, 55.6694], [12.566, 55.6695], [12.566, 55.6697], [12.566, 55.6698], [12.566, 55.6699], [12.566, 55.67], [12.566, 55.6701], [12.566, 55.6703], [12.566, 55.6704], [12.5659, 55.6706]], [[12.5659, 55.6706], [12.5659, 55.6707], [12.5658, 55.6709], [12.5657, 55.671], [12.5656, 55.6712], [12.5654, 55.6714]], [[12.5654, 55.6714], [12.5654, 55.6715], [12.5653, 55.6716], [12.5652, 55.6717], [12.5647, 55.6722], [12.5645, 55.6723]], [[12.5645, 55.6723], [12.5639, 55.6729], [12.5638, 55.673], [12.5636, 55.6732], [12.5635, 55.6734], [12.5634, 55.6735]], [[12.5634, 55.6735], [12.5633, 55.6738]], [[12.5633, 55.6738], [12.5632, 55.6739]], [[12.5632, 55.6739], [12.5631, 55.6741], [12.5628, 55.6748], [12.5627, 55.6751]], [[12.5627, 55.6751], [12.5626, 55.6752], [12.5626, 55.6754], [12.5625, 55.6756], [12.5625, 55.6757]], [[12.5625, 55.6757], [12.5625, 55.6758], [12.5625, 55.676], [12.5625, 55.6761], [12.5625, 55.6763], [12.5625, 55.6764], [12.5626, 55.6766], [12.5626, 55.6767], [12.5627, 55.6769], [12.5628, 55.6771], [12.5631, 55.6775], [12.5632, 55.6776], [12.5633, 55.6778], [12.5635, 55.6779], [12.5636, 55.678], [12.5638, 55.6781], [12.5639, 55.6782], [12.5641, 55.6784], [12.5643, 55.6785]], [[12.5643, 55.6785], [12.5644, 55.6786], [12.5646, 55.6787], [12.5661, 55.6794]], [[12.5661, 55.6794], [12.5663, 55.6795], [12.5667, 55.6797], [12.5669, 55.6798], [12.5671, 55.68], [12.5673, 55.6801]], [[12.5673, 55.6801], [12.5678, 55.6804], [12.5693, 55.6816]], [[12.5693, 55.6816], [12.5698, 55.6821], [12.5703, 55.6824], [12.5707, 55.6827], [12.5718, 55.6834], [12.5725, 55.6838], [12.5731, 55.6842], [12.5735, 55.6845], [12.5758, 55.6861], [12.5763, 55.6864], [12.5766, 55.6866], [12.5768, 55.6867], [12.5773, 55.687], [12.5799, 55.6885], [12.5803, 55.6887]], [[12.5803, 55.6887], [12.5827, 55.6899]], [[12.5827, 55.6899], [12.5831, 55.6901], [12.5832, 55.6901], [12.5834, 55.6902], [12.5838, 55.6904], [12.5844, 55.6908], [12.5864, 55.6921]], [[12.5864, 55.6921], [12.5874, 55.6927]], [[12.5874, 55.6927], [12.5885, 55.6933], [12.5887, 55.6934]], [[12.5887, 55.6934], [12.5896, 55.694], [12.59, 55.6942]], [[12.59, 55.6942], [12.5901, 55.6943], [12.5904, 55.6945], [12.5905, 55.6946], [12.5906, 55.6947], [12.5908, 55.6949], [12.5911, 55.6951], [12.5913, 55.6953], [12.5914, 55.6955], [12.5915, 55.6956], [12.5916, 55.6957], [12.5917, 55.6959], [12.5917, 55.696], [12.5918, 55.6962], [12.5919, 55.6964], [12.592, 55.6966], [12.592, 55.6968], [12.592, 55.697], [12.5921, 55.6973], [12.5921, 55.6975], [12.5921, 55.6977], [12.5921, 55.6979], [12.592, 55.6982], [12.5918, 55.7002]], [[12.5918, 55.7002], [12.5914, 55.7029]], [[12.5914, 55.7029], [12.5913, 55.7038], [12.5913, 55.704], [12.5912, 55.7043], [12.5912, 55.7045], [12.5912, 55.7047], [12.5911, 55.7048], [12.5911, 55.705], [12.5908, 55.7057], [12.5907, 55.706], [12.5905, 55.7065], [12.5903, 55.7067], [12.5902, 55.707]], [[12.5902, 55.707], [12.5901, 55.7073]], [[12.5901, 55.7073], [12.5894, 55.7089]], [[12.5894, 55.7089], [12.5892, 55.7092]], [[12.5892, 55.7092], [12.5891, 55.7094], [12.5888, 55.7099], [12.5884, 55.7104], [12.588, 55.7108], [12.5875, 55.7113], [12.5873, 55.7115], [12.5867, 55.712], [12.5863, 55.7123], [12.5857, 55.7127], [12.5851, 55.7131], [12.5846, 55.7133], [12.5841, 55.7135]], [[12.5841, 55.7135], [12.5835, 55.7138], [12.5832, 55.7139], [12.5828, 55.7141], [12.5823, 55.7143], [12.5819, 55.7144], [12.581, 55.7148]], [[12.581, 55.7148], [12.5788, 55.7155], [12.5782, 55.7158], [12.5778, 55.7159], [12.5768, 55.7163], [12.5761, 55.7165], [12.5759, 55.7166], [12.5754, 55.7168], [12.575, 55.717], [12.5747, 55.7172], [12.574, 55.7177], [12.5733, 55.7182], [12.573, 55.7185], [12.5725, 55.719], [12.5722, 55.7193], [12.5721, 55.7196], [12.5718, 55.7201], [12.5714, 55.7207], [12.5707, 55.7221], [12.5699, 55.7235], [12.5691, 55.725], [12.5687, 55.7261], [12.5685, 55.7264]], [[12.5685, 55.7264], [12.5682, 55.7273]], [[12.5682, 55.7273], [12.5681, 55.7276]], [[12.5681, 55.7276], [12.5678, 55.7283]], [[12.5678, 55.7283], [12.5677, 55.7288]], [[12.5677, 55.7288], [12.5675, 55.7294], [12.5673, 55.7302], [12.5672, 55.7306], [12.567, 55.7312], [12.567, 55.7313], [12.5669, 55.7314], [12.5669, 55.7315], [12.5669, 55.7317], [12.5669, 55.7318], [12.5668, 55.7319], [12.5668, 55.7321], [12.5667, 55.7323], [12.5667, 55.7325]], [[12.5667, 55.7325], [12.5666, 55.7327]], [[12.5666, 55.7327], [12.5665, 55.7332], [12.5664, 55.7335], [12.5663, 55.7339], [12.5662, 55.7341], [12.5662, 55.7342], [12.5662, 55.7344], [12.5661, 55.7345], [12.5661, 55.735], [12.5661, 55.7351], [12.566, 55.7352], [12.566, 55.7354], [12.566, 55.7355], [12.5659, 55.7357], [12.5659, 55.7359], [12.5658, 55.736], [12.5656, 55.7369]], [[12.5656, 55.7369], [12.5654, 55.7375], [12.5653, 55.7378], [12.5652, 55.7381], [12.5651, 55.7384], [12.565, 55.7386], [12.5649, 55.7387], [12.5649, 55.7389], [12.5648, 55.739], [12.5647, 55.7391], [12.5646, 55.7393], [12.5645, 55.7394], [12.5644, 55.7395], [12.5642, 55.7397], [12.5641, 55.7398], [12.564, 55.7399], [12.5638, 55.74], [12.5637, 55.7401], [12.5635, 55.7402], [12.5634, 55.7403], [12.5632, 55.7404], [12.5631, 55.7405], [12.5629, 55.7406], [12.5627, 55.7407], [12.5623, 55.7408], [12.562, 55.741], [12.5609, 55.7414]], [[12.5609, 55.7414], [12.5605, 55.7416]], [[12.5605, 55.7416], [12.5601, 55.7418], [12.5594, 55.7421], [12.5591, 55.7422], [12.5589, 55.7423], [12.5587, 55.7424], [12.5585, 55.7425], [12.5583, 55.7426], [12.5581, 55.7428], [12.5579, 55.7429], [12.5578, 55.743], [12.5576, 55.7431], [12.5574, 55.7432], [12.5573, 55.7434], [12.5571, 55.7435]], [[12.5571, 55.7435], [12.5569, 55.7437], [12.5568, 55.7438], [12.5565, 55.7441]], [[12.5565, 55.7441], [12.5551, 55.7455]], [[12.5551, 55.7455], [12.5548, 55.7458], [12.5545, 55.7461], [12.5542, 55.7463], [12.554, 55.7465], [12.5528, 55.7476]], [[12.5528, 55.7476], [12.5525, 55.7479]], [[12.5525, 55.7479], [12.5522, 55.7481], [12.5519, 55.7484], [12.5516, 55.7486], [12.5513, 55.7489], [12.551, 55.7491], [12.5507, 55.7494], [12.5503, 55.7496], [12.55, 55.7498], [12.5496, 55.75], [12.5492, 55.7502], [12.5488, 55.7505], [12.5485, 55.7506], [12.5482, 55.7508], [12.5479, 55.7509], [12.5477, 55.751], [12.5474, 55.7511], [12.5472, 55.7513], [12.5467, 55.7515], [12.5462, 55.7517], [12.5444, 55.7524], [12.5415, 55.7536], [12.5398, 55.7543], [12.5378, 55.7551], [12.5352, 55.7562]], [[12.5352, 55.7562], [12.535, 55.7563]], [[12.535, 55.7563], [12.5346, 55.7565], [12.5274, 55.7594], [12.527, 55.7596], [12.5265, 55.7598], [12.526, 55.7599], [12.5255, 55.7601], [12.5246, 55.7605], [12.5239, 55.7608]], [[12.5239, 55.7608], [12.5225, 55.7613]], [[12.5225, 55.7613], [12.522, 55.7615]], [[12.522, 55.7615], [12.5218, 55.7616], [12.5215, 55.7617], [12.5213, 55.7618], [12.521, 55.7619], [12.5208, 55.762], [12.5205, 55.762], [12.5203, 55.7621], [12.5197, 55.7623], [12.5191, 55.7625], [12.5181, 55.7628], [12.5177, 55.7629], [12.5172, 55.7631]], [[12.5172, 55.7631], [12.5167, 55.7632], [12.5164, 55.7634], [12.516, 55.7635], [12.5156, 55.7636], [12.5097, 55.7657], [12.509, 55.766], [12.5074, 55.7666], [12.5067, 55.7669], [12.5048, 55.7675], [12.5043, 55.7677], [12.5032, 55.7681], [12.5016, 55.7688], [12.5011, 55.7689]], [[12.5011, 55.7689], [12.5002, 55.7693]], [[12.5002, 55.7693], [12.4999, 55.7694]], [[12.4999, 55.7694], [12.4997, 55.7695], [12.4994, 55.7696], [12.4992, 55.7697], [12.4989, 55.7698], [12.4985, 55.77], [12.4979, 55.7702], [12.4973, 55.7706], [12.4971, 55.7707], [12.4969, 55.7708], [12.4967, 55.7709], [12.4965, 55.7711], [12.4962, 55.7712]], [[12.4962, 55.7712], [12.496, 55.7714], [12.4958, 55.7716], [12.4957, 55.7718], [12.4955, 55.7719], [12.4953, 55.7721], [12.4951, 55.7723], [12.4949, 55.7725]], [[12.4949, 55.7725], [12.4948, 55.7726]], [[12.4948, 55.7726], [12.4932, 55.7747]], [[12.4932, 55.7747], [12.4931, 55.7748]], [[12.4931, 55.7748], [12.4917, 55.7764], [12.4916, 55.7766], [12.4914, 55.7768], [12.4912, 55.777], [12.4911, 55.7771], [12.4909, 55.7773], [12.4908, 55.7774], [12.4906, 55.7776], [12.4904, 55.7777], [12.4902, 55.7779], [12.49, 55.778], [12.4899, 55.7782], [12.4897, 55.7783], [12.4894, 55.7785], [12.4892, 55.7786], [12.4889, 55.7788], [12.4887, 55.7789], [12.4884, 55.7791], [12.488, 55.7793], [12.4876, 55.7795], [12.4874, 55.7796], [12.4871, 55.7797], [12.4865, 55.78], [12.4859, 55.7802], [12.4837, 55.7813], [12.4833, 55.7814], [12.483, 55.7816], [12.4827, 55.7817], [12.4824, 55.7819], [12.4821, 55.782], [12.4818, 55.7822], [12.4814, 55.7824], [12.481, 55.7826], [12.4808, 55.7828], [12.4806, 55.7829], [12.4804, 55.7831], [12.4801, 55.7833], [12.4799, 55.7835], [12.4796, 55.7837], [12.4794, 55.7839], [12.4793, 55.784], [12.4791, 55.7842], [12.4789, 55.7845], [12.4786, 55.7847], [12.4785, 55.7849], [12.4784, 55.7851], [12.4782, 55.7853], [12.4781, 55.7855], [12.4779, 55.7858], [12.4777, 55.7861], [12.4776, 55.7864], [12.4765, 55.7888]], [[12.4765, 55.7888], [12.4764, 55.7891]], [[12.4764, 55.7891], [12.4734, 55.7954]], [[12.4734, 55.7954], [12.4732, 55.7957]], [[12.4732, 55.7957], [12.473, 55.7962], [12.4725, 55.7973], [12.4723, 55.7976], [12.4722, 55.7979], [12.472, 55.7982], [12.4718, 55.7985], [12.4716, 55.7989], [12.4714, 55.7992], [12.4712, 55.7995], [12.471, 55.7998], [12.4708, 55.8001], [12.4706, 55.8004], [12.4704, 55.8007], [12.4702, 55.801], [12.4692, 55.8022], [12.469, 55.8025], [12.4688, 55.8027], [12.4687, 55.8029], [12.4686, 55.8031], [12.4685, 55.8032], [12.4684, 55.8034], [12.4683, 55.8037], [12.4683, 55.8039], [12.4682, 55.804], [12.4681, 55.8042], [12.4681, 55.8044], [12.468, 55.8048]], [[12.468, 55.8048], [12.468, 55.8052], [12.468, 55.8053], [12.468, 55.8055]], [[12.468, 55.8055], [12.468, 55.8057], [12.4681, 55.8059], [12.4681, 55.806], [12.4681, 55.8061], [12.4682, 55.8063], [12.4682, 55.8064], [12.4682, 55.8065], [12.4683, 55.8067], [12.4683, 55.8068], [12.4684, 55.8069], [12.4686, 55.8077], [12.4687, 55.8078], [12.4688, 55.8081], [12.4689, 55.8085], [12.4691, 55.809], [12.4692, 55.8095], [12.4692, 55.8097], [12.4693, 55.8097], [12.4693, 55.8099]], [[12.4693, 55.8099], [12.4693, 55.81], [12.4693, 55.8101]], [[12.4693, 55.8101], [12.4694, 55.8103], [12.4694, 55.8104], [12.4694, 55.8106], [12.4694, 55.8107]], [[12.4694, 55.8107], [12.4693, 55.8108], [12.4693, 55.811], [12.4693, 55.8111], [12.4692, 55.8113], [12.4692, 55.8114], [12.4691, 55.8115], [12.4691, 55.8116]], [[12.4691, 55.8116], [12.469, 55.8117], [12.4689, 55.8118]], [[12.4689, 55.8118], [12.4689, 55.8119], [12.4688, 55.812], [12.4687, 55.8121], [12.4686, 55.8122], [12.4685, 55.8123], [12.4684, 55.8124], [12.4683, 55.8126], [12.4682, 55.8127], [12.4681, 55.8128], [12.4679, 55.8129], [12.4678, 55.813], [12.4677, 55.8131], [12.4675, 55.8132], [12.4674, 55.8133], [12.4672, 55.8134], [12.467, 55.8135], [12.4669, 55.8136], [12.4667, 55.8137], [12.4665, 55.8137], [12.4664, 55.8138], [12.4663, 55.8139], [12.4661, 55.8139], [12.4659, 55.814], [12.4658, 55.8141], [12.4655, 55.8141], [12.4653, 55.8142], [12.4651, 55.8143], [12.4649, 55.8143], [12.4635, 55.8147]], [[12.4635, 55.8147], [12.4633, 55.8147], [12.4631, 55.8148], [12.4628, 55.8149], [12.4626, 55.8149], [12.4624, 55.815], [12.4622, 55.8151], [12.462, 55.8152], [12.4618, 55.8152], [12.4616, 55.8153], [12.4614, 55.8154], [12.4613, 55.8155], [12.4611, 55.8156], [12.4609, 55.8157], [12.4608, 55.8158], [12.4606, 55.8159], [12.4604, 55.8161], [12.4602, 55.8163], [12.46, 55.8165], [12.4598, 55.8166], [12.4596, 55.8169], [12.4595, 55.8171]], [[12.4595, 55.8171], [12.4538, 55.824], [12.4537, 55.8242], [12.4535, 55.8244], [12.4533, 55.8246], [12.453, 55.8249], [12.4528, 55.8251], [12.4526, 55.8253], [12.4524, 55.8255], [12.4522, 55.8257], [12.4519, 55.8259], [12.4517, 55.8261], [12.4514, 55.8263], [12.4512, 55.8265], [12.4509, 55.8267], [12.4506, 55.8269], [12.4503, 55.8271], [12.4501, 55.8273], [12.4498, 55.8275], [12.4495, 55.8277], [12.4492, 55.8278], [12.4489, 55.828], [12.4486, 55.8282], [12.4483, 55.8283], [12.4466, 55.8292]], [[12.4466, 55.8292], [12.4465, 55.8293]], [[12.4465, 55.8293], [12.4452, 55.83], [12.4446, 55.8303], [12.444, 55.8307], [12.4434, 55.831], [12.4428, 55.8314], [12.4338, 55.8371], [12.4333, 55.8373]], [[12.4333, 55.8373], [12.433, 55.8375], [12.4326, 55.8377], [12.4324, 55.8379], [12.4321, 55.838], [12.4319, 55.8381], [12.4317, 55.8382], [12.4314, 55.8383], [12.4311, 55.8384], [12.4307, 55.8386], [12.4302, 55.8387], [12.4299, 55.8388], [12.4296, 55.8389], [12.4291, 55.8391], [12.4287, 55.8392], [12.4279, 55.8394], [12.4258, 55.8399], [12.4251, 55.8401], [12.4236, 55.8405], [12.4198, 55.8414]], [[12.4198, 55.8414], [12.417, 55.8422], [12.4133, 55.8431], [12.412, 55.8435], [12.4074, 55.8447], [12.4056, 55.8452]], [[12.4056, 55.8452], [12.4054, 55.8453]], [[12.4054, 55.8453], [12.396, 55.8478], [12.3956, 55.8479], [12.3952, 55.848], [12.3948, 55.8481], [12.3944, 55.8482], [12.3941, 55.8484], [12.3937, 55.8485], [12.3934, 55.8486], [12.3932, 55.8487], [12.393, 55.8487], [12.3927, 55.8488], [12.3925, 55.8489], [12.3923, 55.849], [12.392, 55.8491], [12.3917, 55.8492], [12.3915, 55.8494], [12.3913, 55.8495], [12.3909, 55.8496], [12.3906, 55.8498], [12.3889, 55.8507], [12.3886, 55.8508], [12.3883, 55.851], [12.388, 55.8511], [12.3878, 55.8513], [12.3876, 55.8514], [12.3874, 55.8515], [12.3871, 55.8517], [12.3764, 55.8586], [12.3761, 55.8588], [12.3758, 55.859], [12.3757, 55.8591], [12.3755, 55.8593], [12.3753, 55.8594], [12.3752, 55.8595], [12.375, 55.8597], [12.3749, 55.8598], [12.3747, 55.8599], [12.3746, 55.8601], [12.3745, 55.8602], [12.3743, 55.8604], [12.3742, 55.8605], [12.3741, 55.8607], [12.3739, 55.8609], [12.3724, 55.8628], [12.3723, 55.863], [12.3721, 55.8633], [12.3719, 55.8635], [12.3717, 55.8637], [12.3715, 55.8639], [12.3713, 55.8641], [12.3711, 55.8643], [12.3708, 55.8644], [12.3706, 55.8646], [12.3703, 55.8648], [12.37, 55.865], [12.3697, 55.8651], [12.3694, 55.8653], [12.3691, 55.8654], [12.3688, 55.8656], [12.3685, 55.8657], [12.3682, 55.8659], [12.3678, 55.866], [12.3675, 55.8661], [12.3671, 55.8662], [12.3668, 55.8663], [12.3664, 55.8664], [12.3661, 55.8665], [12.3657, 55.8666], [12.3642, 55.8669], [12.3638, 55.867], [12.3634, 55.8671], [12.3631, 55.8672], [12.3628, 55.8673], [12.3625, 55.8674], [12.3623, 55.8675], [12.362, 55.8676]], [[12.362, 55.8676], [12.3618, 55.8677]], [[12.3618, 55.8677], [12.3616, 55.8677], [12.3614, 55.8678], [12.3611, 55.8679], [12.3609, 55.8681], [12.3606, 55.8682], [12.3605, 55.8683], [12.3603, 55.8684], [12.3601, 55.8685], [12.36, 55.8685], [12.3598, 55.8686], [12.3597, 55.8687], [12.3595, 55.8689], [12.3592, 55.869], [12.359, 55.8692], [12.3588, 55.8694], [12.3585, 55.8697]], [[12.3585, 55.8697], [12.3582, 55.8698]], [[12.3582, 55.8698], [12.3582, 55.8699], [12.3579, 55.8701], [12.3575, 55.8704], [12.3571, 55.8708], [12.3569, 55.8711], [12.3566, 55.8713], [12.3558, 55.8722]], [[12.3558, 55.8722], [12.3528, 55.8756], [12.3351, 55.8951], [12.3335, 55.897], [12.3332, 55.8973], [12.3328, 55.8977], [12.3325, 55.8981], [12.3323, 55.8983], [12.3311, 55.8995], [12.3308, 55.8999], [12.3305, 55.9001], [12.3303, 55.9003], [12.3301, 55.9006], [12.3298, 55.9008], [12.3295, 55.901], [12.3293, 55.9012], [12.329, 55.9014], [12.3287, 55.9016], [12.3284, 55.9018], [12.328, 55.902], [12.3277, 55.9021], [12.3274, 55.9023], [12.327, 55.9025], [12.3267, 55.9026], [12.3211, 55.9051], [12.3207, 55.9052], [12.3204, 55.9054], [12.32, 55.9056], [12.3197, 55.9057], [12.3194, 55.9059], [12.3191, 55.9061], [12.3189, 55.9062], [12.3187, 55.9063], [12.3185, 55.9064], [12.3184, 55.9066], [12.3182, 55.9067], [12.318, 55.9068], [12.3178, 55.9069], [12.3177, 55.9071], [12.3175, 55.9072], [12.3173, 55.9074], [12.3172, 55.9075], [12.317, 55.9076], [12.3169, 55.9078], [12.3168, 55.9079], [12.3166, 55.908], [12.3165, 55.9082], [12.3164, 55.9083], [12.3163, 55.9085], [12.3162, 55.9086], [12.316, 55.9088], [12.3159, 55.909], [12.3158, 55.9091], [12.3157, 55.9093], [12.3157, 55.9094], [12.3156, 55.9095], [12.3155, 55.9096], [12.315, 55.9107], [12.3148, 55.9111]], [[12.3148, 55.9111], [12.3107, 55.9194]], [[12.3107, 55.9194], [12.3105, 55.9197]], [[12.3105, 55.9197], [12.3104, 55.9199]], [[12.3104, 55.9199], [12.3102, 55.9204], [12.3101, 55.9206], [12.31, 55.9207], [12.31, 55.9209], [12.3099, 55.921], [12.3099, 55.9212], [12.3098, 55.9213], [12.3098, 55.9214], [12.3098, 55.9216], [12.3097, 55.9217], [12.3097, 55.9219], [12.3097, 55.922], [12.3097, 55.9222], [12.3097, 55.9223], [12.3097, 55.9224], [12.3097, 55.9226], [12.3097, 55.9228], [12.3098, 55.9229], [12.3098, 55.9231], [12.3098, 55.9232], [12.3099, 55.9234], [12.3099, 55.9235], [12.3101, 55.924]], [[12.3101, 55.924], [12.3104, 55.9246]], [[12.3104, 55.9246], [12.3105, 55.9248], [12.3105, 55.9249]], [[12.3105, 55.9249], [12.3107, 55.9253], [12.3107, 55.9254], [12.3113, 55.927], [12.3114, 55.9272], [12.3114, 55.9273]], [[12.3106, 55.9256], [12.3112, 55.9273]], [[12.3147, 55.911], [12.3148, 55.911], [12.3153, 55.9099], [12.3155, 55.9094], [12.3153, 55.9098], [12.3147, 55.9109], [12.3147, 55.911]], [[12.3574, 55.8704], [12.357, 55.8708], [12.3568, 55.871], [12.3566, 55.8713], [12.3557, 55.8722], [12.356, 55.8718], [12.3562, 55.8716], [12.3564, 55.8714], [12.3567, 55.871], [12.3568, 55.871], [12.3571, 55.8707], [12.3572, 55.8705], [12.3573, 55.8705], [12.3574, 55.8704]], [[12.4681, 55.8069], [12.4681, 55.8068], [12.4681, 55.8067], [12.468, 55.8066], [12.468, 55.8064], [12.468, 55.8063], [12.4679, 55.8061], [12.4679, 55.806], [12.4679, 55.8059], [12.4678, 55.8059], [12.4678, 55.806], [12.4678, 55.8061], [12.4678, 55.8063], [12.4679, 55.8064], [12.4679, 55.8066], [12.4679, 55.8067], [12.468, 55.8068], [12.468, 55.8069], [12.4683, 55.8078], [12.4684, 55.8078], [12.4681, 55.8069]], [[12.473, 55.7959], [12.473, 55.7958], [12.473, 55.7959], [12.4729, 55.7959], [12.4728, 55.7963], [12.4723, 55.7974], [12.4727, 55.7966], [12.473, 55.7959]], [[12.5193, 55.7624], [12.5197, 55.7622], [12.5202, 55.7621], [12.5207, 55.7619], [12.5212, 55.7617], [12.5217, 55.7615], [12.5219, 55.7614]], [[12.5401, 55.7541], [12.541, 55.7537], [12.5415, 55.7535], [12.5416, 55.7534], [12.5416, 55.7535], [12.5417, 55.7534], [12.5418, 55.7533], [12.5424, 55.7531], [12.5401, 55.7541]], [[12.5576, 55.7429], [12.5578, 55.7427], [12.5581, 55.7424], [12.5584, 55.7421], [12.559, 55.7415]], [[12.567, 55.7295], [12.5669, 55.7295], [12.5664, 55.7312], [12.5665, 55.7312], [12.567, 55.7296], [12.5672, 55.7291], [12.5671, 55.7291], [12.567, 55.7295]], [[12.5786, 55.7155], [12.5786, 55.7156], [12.5797, 55.7152], [12.5809, 55.7147], [12.5797, 55.7151], [12.5786, 55.7155]], [[12.5911, 55.7046], [12.591, 55.705], [12.5904, 55.7064]], [[12.5872, 55.6927], [12.5898, 55.6943]], [[12.5614, 55.6662], [12.5604, 55.6656], [12.5602, 55.6655], [12.56, 55.6654], [12.5597, 55.6653], [12.5596, 55.6652], [12.5595, 55.6652], [12.5594, 55.6651], [12.5593, 55.665], [12.5591, 55.6651], [12.5592, 55.6651], [12.5591, 55.6652], [12.5593, 55.6652], [12.5591, 55.6652], [12.559, 55.6652], [12.5591, 55.6652], [12.5591, 55.6653], [12.5593, 55.6653], [12.5595, 55.6654], [12.5598, 55.6655], [12.56, 55.6656], [12.5602, 55.6657], [12.5613, 55.6663], [12.5614, 55.6662]], [[12.5175, 55.6524], [12.5173, 55.6524], [12.5171, 55.6524], [12.5168, 55.6524], [12.5167, 55.6524], [12.5166, 55.6524], [12.5162, 55.6525], [12.5161, 55.6525], [12.516, 55.6525], [12.5159, 55.6524], [12.5158, 55.6524], [12.5157, 55.6524], [12.5154, 55.6524], [12.5153, 55.6524], [12.5152, 55.6524], [12.5151, 55.6524], [12.515, 55.6524], [12.5149, 55.6524], [12.5148, 55.6524], [12.5147, 55.6523], [12.5146, 55.6523], [12.5146, 55.6522], [12.5148, 55.6523], [12.515, 55.6523], [12.5151, 55.6523], [12.5152, 55.6523], [12.5153, 55.6523], [12.5155, 55.6524], [12.5157, 55.6524], [12.5159, 55.6524], [12.516, 55.6524], [12.5162, 55.6524], [12.5164, 55.6524], [12.5166, 55.6524], [12.5168, 55.6524], [12.517, 55.6523], [12.5173, 55.6523], [12.5175, 55.6523], [12.5175, 55.6524]], [[12.3571, 55.6127], [12.3585, 55.614], [12.3585, 55.6141], [12.3584, 55.614], [12.3579, 55.6135], [12.3572, 55.6129], [12.3571, 55.6128], [12.3571, 55.6127]], [[12.3336, 55.5977], [12.3352, 55.5989]], [[12.2093, 55.5221], [12.2094, 55.5221], [12.2084, 55.5207], [12.2083, 55.5207], [12.2084, 55.5208], [12.2093, 55.5221]], [[12.1754, 55.4996], [12.1753, 55.4994], [12.1751, 55.4993], [12.1749, 55.4991], [12.1746, 55.4988], [12.1745, 55.4986], [12.1743, 55.4984], [12.1741, 55.4982], [12.174, 55.4982], [12.1742, 55.4984], [12.1744, 55.4987], [12.1745, 55.4989], [12.1747, 55.499], [12.1749, 55.4992], [12.1751, 55.4994], [12.1753, 55.4996], [12.1754, 55.4996]], [[12.1863, 55.4577], [12.1867, 55.4594], [12.1864, 55.4579], [12.1863, 55.4578], [12.1863, 55.4577]], [[12.3113, 55.9274], [12.3113, 55.9273], [12.3112, 55.9271], [12.3105, 55.9254], [12.3104, 55.9251], [12.3103, 55.9249]], [[12.3103, 55.9249], [12.3102, 55.9247]], [[12.3102, 55.9247], [12.3102, 55.9245], [12.3101, 55.9243], [12.31, 55.9241], [12.31, 55.924], [12.3099, 55.9238], [12.3099, 55.9237], [12.3098, 55.9235]], [[12.3098, 55.9235], [12.3098, 55.9234], [12.3098, 55.9232], [12.3097, 55.9231], [12.3097, 55.9229], [12.3097, 55.9228], [12.3096, 55.9226]], [[12.3096, 55.9226], [12.3096, 55.9224], [12.3096, 55.9223], [12.3096, 55.9222], [12.3096, 55.922], [12.3097, 55.9219], [12.3097, 55.9217], [12.3097, 55.9216], [12.3097, 55.9214], [12.3098, 55.9213], [12.3098, 55.9212], [12.3098, 55.921], [12.3099, 55.9209], [12.3099, 55.9207], [12.31, 55.9206], [12.3101, 55.9205], [12.3104, 55.9199]], [[12.3105, 55.9197], [12.3106, 55.9194]], [[12.3106, 55.9194], [12.3147, 55.9111]], [[12.3147, 55.9111], [12.3148, 55.911]], [[12.3148, 55.911], [12.3149, 55.9107], [12.3155, 55.9096], [12.3155, 55.9095], [12.3156, 55.9094], [12.3157, 55.9092], [12.3158, 55.9091], [12.3159, 55.9089], [12.316, 55.9088], [12.3161, 55.9086], [12.3162, 55.9085], [12.3163, 55.9083], [12.3164, 55.9082], [12.3166, 55.908], [12.3167, 55.9079], [12.3168, 55.9077], [12.317, 55.9076], [12.3171, 55.9075], [12.3173, 55.9073], [12.3174, 55.9072], [12.3176, 55.9071], [12.3178, 55.9069], [12.3179, 55.9068], [12.3181, 55.9067], [12.3183, 55.9065], [12.3185, 55.9064], [12.3187, 55.9063], [12.3189, 55.9062], [12.3191, 55.906], [12.3194, 55.9059], [12.3197, 55.9057], [12.32, 55.9055], [12.3203, 55.9054], [12.3207, 55.9052], [12.321, 55.9051], [12.3266, 55.9026], [12.327, 55.9024], [12.3273, 55.9023], [12.3277, 55.9021], [12.328, 55.9019], [12.3283, 55.9018], [12.3286, 55.9016], [12.3289, 55.9014], [12.3292, 55.9012], [12.3295, 55.901], [12.3297, 55.9008], [12.33, 55.9005], [12.3302, 55.9003], [12.3305, 55.9001], [12.3307, 55.8999], [12.331, 55.8995], [12.3557, 55.8722]], [[12.3557, 55.8722], [12.3566, 55.8713], [12.3568, 55.871], [12.357, 55.8708], [12.3575, 55.8704], [12.3578, 55.8701], [12.3582, 55.8698]], [[12.3582, 55.8698], [12.3584, 55.8697]], [[12.3584, 55.8697], [12.3587, 55.8694], [12.3589, 55.8692], [12.3592, 55.869], [12.3594, 55.8689], [12.3596, 55.8687], [12.3598, 55.8686], [12.3599, 55.8685], [12.3601, 55.8684], [12.3603, 55.8683], [12.3604, 55.8682], [12.3606, 55.8682], [12.3608, 55.868], [12.3611, 55.8679], [12.3613, 55.8678], [12.3616, 55.8677], [12.3618, 55.8676]], [[12.3618, 55.8676], [12.362, 55.8675]], [[12.362, 55.8675], [12.3622, 55.8674], [12.3625, 55.8674], [12.3628, 55.8673], [12.3631, 55.8672], [12.3634, 55.8671], [12.3637, 55.867], [12.3641, 55.8669], [12.3657, 55.8665], [12.366, 55.8665], [12.3664, 55.8664], [12.3668, 55.8663], [12.3671, 55.8662], [12.3675, 55.8661], [12.3678, 55.8659], [12.3681, 55.8658], [12.3685, 55.8657], [12.3688, 55.8656], [12.3691, 55.8654], [12.3694, 55.8653], [12.3697, 55.8651], [12.37, 55.865], [12.3702, 55.8648], [12.3705, 55.8646], [12.3708, 55.8644], [12.371, 55.8642], [12.3712, 55.8641], [12.3715, 55.8639], [12.3717, 55.8637], [12.3719, 55.8634], [12.372, 55.8632], [12.3722, 55.863], [12.3724, 55.8628], [12.3739, 55.8609], [12.374, 55.8607], [12.3741, 55.8605], [12.3743, 55.8604], [12.3744, 55.8602], [12.3745, 55.8601], [12.3747, 55.8599], [12.3748, 55.8598], [12.375, 55.8596], [12.3751, 55.8595], [12.3753, 55.8594], [12.3754, 55.8592], [12.3756, 55.8591], [12.3758, 55.859], [12.376, 55.8588], [12.3763, 55.8586], [12.3877, 55.8512], [12.388, 55.8511], [12.3882, 55.8509], [12.3885, 55.8508], [12.3888, 55.8506], [12.389, 55.8505], [12.3892, 55.8504], [12.3895, 55.8502], [12.3899, 55.85], [12.3902, 55.8499], [12.3905, 55.8497], [12.3908, 55.8496], [12.3911, 55.8494], [12.3917, 55.8492], [12.3919, 55.8491], [12.3922, 55.849], [12.3925, 55.8489], [12.3927, 55.8488], [12.3929, 55.8487], [12.3932, 55.8486], [12.3934, 55.8485], [12.3937, 55.8485], [12.394, 55.8483], [12.3944, 55.8482], [12.3948, 55.8481], [12.3952, 55.848], [12.3956, 55.8479], [12.396, 55.8478], [12.4054, 55.8452]], [[12.4054, 55.8452], [12.4056, 55.8452]], [[12.4056, 55.8452], [12.4074, 55.8447], [12.412, 55.8435], [12.4133, 55.8431], [12.4176, 55.842], [12.4187, 55.8417], [12.4198, 55.8414]], [[12.4198, 55.8414], [12.4235, 55.8404], [12.4251, 55.84], [12.4258, 55.8399], [12.4264, 55.8397], [12.4273, 55.8395], [12.4287, 55.8391], [12.4291, 55.839], [12.4295, 55.8389], [12.4299, 55.8388], [12.4302, 55.8387], [12.4307, 55.8385], [12.431, 55.8384], [12.4314, 55.8382], [12.4316, 55.8381], [12.4319, 55.838], [12.4321, 55.8379], [12.4323, 55.8378], [12.4326, 55.8377], [12.4329, 55.8375], [12.4333, 55.8373]], [[12.4333, 55.8373], [12.4337, 55.837], [12.4427, 55.8313], [12.4433, 55.831], [12.4439, 55.8306], [12.4445, 55.8303], [12.4452, 55.8299], [12.4464, 55.8293]], [[12.4464, 55.8293], [12.4466, 55.8292]], [[12.4466, 55.8292], [12.4482, 55.8283], [12.4485, 55.8281], [12.4488, 55.828], [12.4491, 55.8278], [12.4494, 55.8276], [12.4497, 55.8274], [12.45, 55.8273], [12.4503, 55.8271], [12.4506, 55.8269], [12.4508, 55.8267], [12.4511, 55.8265], [12.4514, 55.8263], [12.4516, 55.8261], [12.4519, 55.8259], [12.4521, 55.8257], [12.4523, 55.8255], [12.4525, 55.8253], [12.4528, 55.8251], [12.453, 55.8248], [12.4532, 55.8246], [12.4534, 55.8244], [12.4536, 55.8242], [12.4538, 55.824], [12.4594, 55.817]], [[12.4594, 55.817], [12.4597, 55.8166], [12.4599, 55.8164], [12.4601, 55.8163], [12.4603, 55.8161], [12.4606, 55.8159], [12.4607, 55.8158], [12.4609, 55.8157], [12.461, 55.8156], [12.4612, 55.8155], [12.4614, 55.8154], [12.4616, 55.8153], [12.4618, 55.8152], [12.462, 55.8151], [12.4622, 55.8151], [12.4624, 55.815], [12.4626, 55.8149], [12.4628, 55.8148], [12.463, 55.8148], [12.4632, 55.8147], [12.4634, 55.8147]], [[12.4634, 55.8147], [12.4648, 55.8143], [12.4651, 55.8142], [12.4653, 55.8142], [12.4655, 55.8141], [12.4657, 55.814], [12.4659, 55.814], [12.466, 55.8139], [12.4662, 55.8138], [12.4664, 55.8138], [12.4665, 55.8137], [12.4667, 55.8136], [12.4668, 55.8136], [12.467, 55.8135], [12.4672, 55.8134], [12.4673, 55.8133], [12.4675, 55.8132], [12.4676, 55.8131], [12.4677, 55.813], [12.4679, 55.8129], [12.468, 55.8128], [12.4681, 55.8126], [12.4683, 55.8125], [12.4684, 55.8124], [12.4685, 55.8123], [12.4686, 55.8122], [12.4687, 55.8121], [12.4687, 55.812], [12.4688, 55.8119], [12.4689, 55.8118]], [[12.4689, 55.8118], [12.4689, 55.8117], [12.469, 55.8116]], [[12.469, 55.8116], [12.469, 55.8115], [12.469, 55.8114], [12.4691, 55.8113], [12.4691, 55.8111], [12.4692, 55.811], [12.4692, 55.8108], [12.4692, 55.8107]], [[12.4692, 55.8107], [12.4692, 55.8106], [12.4692, 55.8104], [12.4692, 55.8103], [12.4692, 55.8101]], [[12.4692, 55.8101], [12.4692, 55.81], [12.4692, 55.8099]], [[12.4692, 55.8099], [12.4691, 55.8098], [12.4691, 55.8097], [12.4691, 55.8096], [12.469, 55.8092], [12.4688, 55.8088], [12.4687, 55.8086], [12.4686, 55.8084], [12.4685, 55.8083], [12.4684, 55.8081], [12.4684, 55.8079], [12.4683, 55.8078], [12.4683, 55.8077], [12.468, 55.8069], [12.4679, 55.8068], [12.4679, 55.8067], [12.4679, 55.8066], [12.4678, 55.8064], [12.4678, 55.8063], [12.4678, 55.8061], [12.4678, 55.806], [12.4678, 55.8059], [12.4678, 55.8057], [12.4678, 55.8055], [12.4678, 55.8054], [12.4678, 55.8052], [12.4679, 55.8047]], [[12.4679, 55.8047], [12.4679, 55.8044], [12.468, 55.8042], [12.468, 55.804], [12.4681, 55.8038], [12.4682, 55.8036], [12.4683, 55.8034], [12.4684, 55.8032], [12.4685, 55.8031], [12.4686, 55.8029], [12.469, 55.8024], [12.47, 55.8011]], [[12.47, 55.8011], [12.4701, 55.801], [12.4703, 55.8007], [12.4705, 55.8004], [12.4707, 55.8001], [12.4709, 55.7998], [12.4711, 55.7995], [12.4713, 55.7992], [12.4715, 55.7988], [12.4717, 55.7985], [12.4719, 55.7982], [12.4721, 55.7979], [12.4723, 55.7976], [12.4724, 55.7972], [12.4729, 55.7962], [12.4732, 55.7957]], [[12.4732, 55.7957], [12.4733, 55.7953]], [[12.4733, 55.7953], [12.4763, 55.7891]], [[12.4763, 55.7891], [12.4764, 55.7888]], [[12.4764, 55.7888], [12.4775, 55.7864], [12.4777, 55.7861], [12.4778, 55.7858], [12.478, 55.7855], [12.4782, 55.7852], [12.4783, 55.7851], [12.4784, 55.7849], [12.4786, 55.7847], [12.4788, 55.7844], [12.479, 55.7842], [12.4792, 55.784], [12.4794, 55.7838], [12.4795, 55.7837], [12.4798, 55.7834], [12.48, 55.7832], [12.4803, 55.783], [12.4805, 55.7829], [12.4807, 55.7827], [12.4809, 55.7826], [12.4813, 55.7823], [12.4817, 55.7821], [12.482, 55.7819], [12.4822, 55.7818], [12.4825, 55.7816], [12.4828, 55.7815], [12.4831, 55.7813], [12.4833, 55.7812], [12.4835, 55.7812], [12.4837, 55.7811], [12.4844, 55.7808], [12.4864, 55.7799], [12.4867, 55.7798], [12.487, 55.7797], [12.4873, 55.7795], [12.4876, 55.7794], [12.4879, 55.7792], [12.4884, 55.779], [12.4886, 55.7789], [12.4889, 55.7787], [12.4891, 55.7786], [12.4894, 55.7784], [12.4896, 55.7783], [12.4898, 55.7781], [12.49, 55.778], [12.4902, 55.7778], [12.4904, 55.7777], [12.4905, 55.7775], [12.4907, 55.7774], [12.4909, 55.7772], [12.491, 55.7771], [12.4912, 55.7769], [12.4914, 55.7767], [12.4915, 55.7766], [12.4917, 55.7764], [12.493, 55.7747]], [[12.493, 55.7747], [12.4931, 55.7747]], [[12.4931, 55.7747], [12.4948, 55.7726]], [[12.4948, 55.7726], [12.4948, 55.7725]], [[12.4948, 55.7725], [12.495, 55.7723], [12.4953, 55.7721], [12.4954, 55.7719], [12.4956, 55.7717], [12.4958, 55.7716], [12.496, 55.7714], [12.4962, 55.7712], [12.4964, 55.7711], [12.4966, 55.7709], [12.4968, 55.7708], [12.497, 55.7707], [12.4973, 55.7705], [12.4975, 55.7704], [12.4979, 55.7702], [12.4984, 55.7699], [12.4988, 55.7697], [12.4991, 55.7696], [12.4997, 55.7693]], [[12.4997, 55.7693], [12.4998, 55.7693]], [[12.4998, 55.7693], [12.5, 55.7692]], [[12.5, 55.7692], [12.5005, 55.769], [12.501, 55.7688], [12.5014, 55.7686], [12.5031, 55.768], [12.5039, 55.7677], [12.5042, 55.7676], [12.5047, 55.7674], [12.505, 55.7673], [12.5054, 55.7672], [12.5075, 55.7665], [12.5079, 55.7664], [12.5082, 55.7663], [12.5089, 55.766], [12.5097, 55.7657], [12.5118, 55.765]], [[12.5118, 55.765], [12.5156, 55.7636], [12.516, 55.7635], [12.5163, 55.7633], [12.519, 55.7624], [12.5197, 55.7622], [12.5202, 55.762], [12.5207, 55.7619], [12.5212, 55.7617], [12.5217, 55.7615], [12.522, 55.7614]], [[12.522, 55.7614], [12.5224, 55.7612]], [[12.5224, 55.7612], [12.5255, 55.7601], [12.526, 55.7599], [12.5265, 55.7597], [12.5269, 55.7595], [12.5274, 55.7594], [12.5339, 55.7567], [12.535, 55.7562]], [[12.535, 55.7562], [12.5352, 55.7562]], [[12.5352, 55.7562], [12.5378, 55.7551], [12.5398, 55.7543], [12.5414, 55.7536], [12.5448, 55.7522], [12.5455, 55.7519], [12.5466, 55.7514], [12.5471, 55.7512], [12.5474, 55.7511], [12.5476, 55.751], [12.5479, 55.7509], [12.5481, 55.7508], [12.5485, 55.7506], [12.5488, 55.7504], [12.5492, 55.7502], [12.5496, 55.75], [12.5499, 55.7498], [12.5502, 55.7496], [12.5506, 55.7493], [12.5509, 55.7491], [12.5513, 55.7489], [12.5516, 55.7486], [12.5519, 55.7483], [12.5522, 55.7481], [12.5524, 55.7479]], [[12.5524, 55.7479], [12.5528, 55.7476]], [[12.5528, 55.7476], [12.554, 55.7465], [12.5542, 55.7463], [12.5545, 55.746], [12.5547, 55.7458], [12.555, 55.7455], [12.5553, 55.7452], [12.5556, 55.7448], [12.5559, 55.7445], [12.5563, 55.7441], [12.5565, 55.7439]], [[12.5565, 55.7439], [12.5567, 55.7437], [12.5569, 55.7435], [12.5571, 55.7433]], [[12.5571, 55.7433], [12.5577, 55.7428], [12.5578, 55.7427], [12.5581, 55.7424], [12.5582, 55.7423]], [[12.5582, 55.7423], [12.5584, 55.7421], [12.559, 55.7415], [12.5596, 55.7409], [12.5605, 55.74]], [[12.5605, 55.74], [12.5609, 55.7396], [12.5615, 55.739], [12.5641, 55.7363], [12.5644, 55.736]], [[12.5644, 55.736], [12.5645, 55.7359], [12.5647, 55.7357], [12.5648, 55.7356], [12.5649, 55.7355], [12.565, 55.7354], [12.5651, 55.7352], [12.5652, 55.735], [12.5653, 55.7349], [12.5654, 55.7347], [12.5655, 55.7345]], [[12.5655, 55.7345], [12.5656, 55.7343], [12.5657, 55.7341], [12.5658, 55.734], [12.5659, 55.7338], [12.5659, 55.7336], [12.566, 55.7334], [12.5662, 55.7328]], [[12.5662, 55.7328], [12.5662, 55.7326]], [[12.5662, 55.7326], [12.5663, 55.7325], [12.5663, 55.7324], [12.5663, 55.7323], [12.5663, 55.7322], [12.5663, 55.7321], [12.5663, 55.7319], [12.5663, 55.7316], [12.5664, 55.7312]], [[12.5664, 55.7312], [12.5665, 55.731], [12.5666, 55.7306], [12.5668, 55.7298], [12.5669, 55.7297], [12.5669, 55.7295], [12.567, 55.7294], [12.567, 55.7293], [12.5671, 55.7291]], [[12.5671, 55.7291], [12.5672, 55.7289], [12.5673, 55.7286], [12.5674, 55.7283], [12.5676, 55.7279], [12.5676, 55.7277]], [[12.5676, 55.7277], [12.5678, 55.7274]], [[12.5678, 55.7274], [12.5678, 55.7273]], [[12.5678, 55.7273], [12.5679, 55.7271], [12.568, 55.7266], [12.5683, 55.7256], [12.5685, 55.7251], [12.5687, 55.7245]], [[12.5687, 55.7245], [12.5689, 55.7242]], [[12.5689, 55.7242], [12.5695, 55.7235], [12.5699, 55.723], [12.5704, 55.7224], [12.5706, 55.7221], [12.5709, 55.7216], [12.5714, 55.7207], [12.5718, 55.72], [12.5721, 55.7194], [12.5724, 55.719], [12.5727, 55.7187], [12.573, 55.7184], [12.5733, 55.7181], [12.5737, 55.7178], [12.574, 55.7176], [12.5746, 55.7172], [12.575, 55.717], [12.5754, 55.7168], [12.5759, 55.7165], [12.5761, 55.7165], [12.5768, 55.7162], [12.5772, 55.7161]], [[12.5772, 55.7161], [12.5781, 55.7158], [12.5788, 55.7155], [12.5809, 55.7147]], [[12.5809, 55.7147], [12.5813, 55.7146], [12.5817, 55.7144], [12.582, 55.7143], [12.5823, 55.7142], [12.5829, 55.714], [12.5837, 55.7136]], [[12.5837, 55.7136], [12.5841, 55.7134], [12.5845, 55.7133], [12.5851, 55.713], [12.5857, 55.7126], [12.5862, 55.7123], [12.5866, 55.712], [12.5872, 55.7115], [12.5875, 55.7113], [12.588, 55.7108], [12.5883, 55.7104], [12.5887, 55.7099], [12.589, 55.7094], [12.5892, 55.7091]], [[12.5892, 55.7091], [12.5893, 55.7089]], [[12.5893, 55.7089], [12.59, 55.7073]], [[12.59, 55.7073], [12.5901, 55.707]], [[12.5901, 55.707], [12.5903, 55.7067], [12.5904, 55.7064], [12.5909, 55.705], [12.591, 55.7046], [12.5911, 55.7044], [12.5912, 55.7042], [12.5912, 55.704], [12.5912, 55.7038], [12.5914, 55.7029]], [[12.5914, 55.7029], [12.5917, 55.7002]], [[12.5917, 55.7002], [12.592, 55.6982], [12.592, 55.6979], [12.592, 55.6977], [12.592, 55.6975], [12.592, 55.6973], [12.592, 55.697], [12.5919, 55.6968], [12.5919, 55.6966], [12.5918, 55.6964], [12.5918, 55.6962], [12.5917, 55.696], [12.5916, 55.6959], [12.5915, 55.6957], [12.5914, 55.6956], [12.5913, 55.6955], [12.5912, 55.6953], [12.591, 55.6951], [12.5908, 55.6949], [12.5905, 55.6947], [12.5904, 55.6946], [12.5902, 55.6946], [12.5899, 55.6943], [12.5898, 55.6943], [12.5885, 55.6935]], [[12.5885, 55.6935], [12.5883, 55.6934], [12.5871, 55.6927]], [[12.5871, 55.6927], [12.5862, 55.6922]], [[12.5862, 55.6922], [12.5838, 55.6907], [12.5832, 55.6903], [12.5826, 55.6899]], [[12.5826, 55.6899], [12.5821, 55.6897], [12.582, 55.6896], [12.5817, 55.6894], [12.5802, 55.6887]], [[12.5802, 55.6887], [12.5799, 55.6885], [12.5797, 55.6884], [12.5772, 55.687], [12.5769, 55.6869], [12.5766, 55.6867], [12.5763, 55.6865], [12.5758, 55.6862], [12.5734, 55.6845], [12.5726, 55.6841], [12.5723, 55.6839], [12.5717, 55.6835], [12.5712, 55.6832], [12.5709, 55.6829], [12.5697, 55.682], [12.5692, 55.6816]], [[12.5692, 55.6816], [12.5676, 55.6804], [12.5673, 55.6802]], [[12.5673, 55.6802], [12.5671, 55.68], [12.5669, 55.6799], [12.5667, 55.6798], [12.5663, 55.6795], [12.5661, 55.6795]], [[12.5661, 55.6795], [12.5654, 55.6791], [12.5651, 55.679], [12.5645, 55.6787], [12.5644, 55.6786], [12.5643, 55.6786]], [[12.5643, 55.6786], [12.5642, 55.6786], [12.564, 55.6784], [12.5639, 55.6784], [12.5637, 55.6782], [12.5635, 55.6781], [12.5633, 55.6779], [12.5632, 55.6778], [12.563, 55.6776], [12.563, 55.6775], [12.5629, 55.6774], [12.5628, 55.6773], [12.5627, 55.6771], [12.5626, 55.677], [12.5625, 55.6768], [12.5624, 55.6767], [12.5624, 55.6766], [12.5624, 55.6765], [12.5623, 55.6762], [12.5623, 55.6761], [12.5623, 55.6759], [12.5623, 55.6758]], [[12.5623, 55.6758], [12.5623, 55.6757], [12.5623, 55.6756], [12.5624, 55.6754], [12.5624, 55.6753], [12.5625, 55.6751]], [[12.5625, 55.6751], [12.5626, 55.6749], [12.5629, 55.6741], [12.5631, 55.6739], [12.5631, 55.6737]], [[12.5631, 55.6737], [12.5633, 55.6734], [12.5634, 55.6733], [12.5636, 55.673], [12.5637, 55.6729], [12.5644, 55.6723]], [[12.5644, 55.6723], [12.5646, 55.6722], [12.565, 55.6718], [12.5651, 55.6717], [12.5652, 55.6716], [12.5653, 55.6714]], [[12.5653, 55.6714], [12.5654, 55.6712], [12.5655, 55.6711], [12.5656, 55.6709], [12.5656, 55.6708], [12.5657, 55.6707], [12.5657, 55.6705]], [[12.5657, 55.6705], [12.5658, 55.6705], [12.5658, 55.6704], [12.5658, 55.6703], [12.5658, 55.6702], [12.5658, 55.6701], [12.5658, 55.67], [12.5658, 55.6699], [12.5658, 55.6698], [12.5658, 55.6697], [12.5658, 55.6696], [12.5657, 55.6694], [12.5657, 55.6693], [12.5657, 55.6692], [12.5656, 55.6691], [12.5656, 55.669], [12.5655, 55.6689], [12.5655, 55.6688], [12.5654, 55.6687], [12.5653, 55.6686], [12.5652, 55.6685], [12.565, 55.6683], [12.5648, 55.6681], [12.5647, 55.668], [12.5646, 55.6679], [12.5644, 55.6677], [12.5642, 55.6677], [12.5641, 55.6676], [12.5639, 55.6675], [12.5637, 55.6674], [12.5635, 55.6673], [12.5629, 55.667], [12.5623, 55.6667], [12.562, 55.6666], [12.5618, 55.6665], [12.5616, 55.6664], [12.5614, 55.6663], [12.5614, 55.6662], [12.5604, 55.6656], [12.5602, 55.6655], [12.56, 55.6654], [12.5598, 55.6653], [12.5596, 55.6652], [12.5595, 55.6651], [12.5594, 55.6651], [12.5593, 55.665]], [[12.5593, 55.665], [12.5591, 55.665], [12.5589, 55.6649], [12.5588, 55.6648], [12.5587, 55.6648], [12.5585, 55.6648], [12.5583, 55.6647], [12.5581, 55.6647], [12.5579, 55.6646], [12.5577, 55.6646], [12.5575, 55.6646], [12.5573, 55.6646], [12.5571, 55.6646], [12.5559, 55.6645], [12.5557, 55.6645], [12.5555, 55.6645], [12.5552, 55.6645], [12.555, 55.6645], [12.5548, 55.6645], [12.5543, 55.6644], [12.5539, 55.6644], [12.553, 55.6643]], [[12.553, 55.6643], [12.5528, 55.6643], [12.5521, 55.6642], [12.5516, 55.6641], [12.5512, 55.6641], [12.5509, 55.664], [12.5505, 55.664], [12.5502, 55.6639], [12.5498, 55.6639], [12.5494, 55.6638], [12.5489, 55.6637], [12.5484, 55.6636], [12.5479, 55.6635], [12.5474, 55.6634], [12.5454, 55.663], [12.5453, 55.6629], [12.5451, 55.6629], [12.545, 55.6629], [12.5448, 55.6628], [12.5446, 55.6628], [12.5445, 55.6628]], [[12.5445, 55.6628], [12.5444, 55.6627], [12.5442, 55.6627], [12.544, 55.6626], [12.5438, 55.6625], [12.5437, 55.6625], [12.5436, 55.6624], [12.5434, 55.6624]], [[12.5434, 55.6624], [12.5433, 55.6623], [12.5432, 55.6623], [12.543, 55.6622], [12.5429, 55.6621], [12.5426, 55.662], [12.5423, 55.6618], [12.5421, 55.6617], [12.5419, 55.6615], [12.5416, 55.6613], [12.5415, 55.6612], [12.5413, 55.661], [12.5412, 55.6609], [12.5411, 55.6608], [12.541, 55.6607], [12.541, 55.6606]], [[12.541, 55.6606], [12.5408, 55.6604], [12.5403, 55.6594], [12.54, 55.6589], [12.5395, 55.6579], [12.5394, 55.6578], [12.5393, 55.6577], [12.5393, 55.6575], [12.5392, 55.6575], [12.5392, 55.6573], [12.5391, 55.6572], [12.5391, 55.6571], [12.539, 55.6569], [12.539, 55.6567], [12.5389, 55.6566], [12.5389, 55.6564], [12.5388, 55.6563], [12.5388, 55.6562], [12.5387, 55.6562], [12.5387, 55.6561], [12.5385, 55.6558], [12.5384, 55.6557]], [[12.5384, 55.6557], [12.5383, 55.6556], [12.5382, 55.6555], [12.5381, 55.6554], [12.5379, 55.6552], [12.5377, 55.655], [12.5375, 55.6549]], [[12.5375, 55.6549], [12.5372, 55.6547], [12.5369, 55.6545], [12.5367, 55.6543], [12.5366, 55.6542], [12.5364, 55.6541], [12.5362, 55.6541], [12.5361, 55.654], [12.5359, 55.6539], [12.5357, 55.6538], [12.5353, 55.6537], [12.535, 55.6536], [12.5344, 55.6534], [12.5306, 55.6523], [12.5303, 55.6522], [12.53, 55.6522], [12.5298, 55.6521], [12.5296, 55.652], [12.5294, 55.652], [12.529, 55.6519], [12.5287, 55.6518], [12.5285, 55.6518], [12.5282, 55.6518], [12.528, 55.6517]], [[12.528, 55.6517], [12.5277, 55.6517], [12.5275, 55.6517], [12.5272, 55.6516], [12.527, 55.6516]], [[12.527, 55.6516], [12.5267, 55.6516], [12.5244, 55.6514], [12.5242, 55.6513], [12.524, 55.6513], [12.5237, 55.6513], [12.5235, 55.6513], [12.5232, 55.6513], [12.5229, 55.6513], [12.5227, 55.6513], [12.5225, 55.6513], [12.5223, 55.6513], [12.522, 55.6513], [12.5218, 55.6513], [12.5215, 55.6514], [12.5213, 55.6514], [12.521, 55.6514], [12.5208, 55.6515], [12.5206, 55.6515], [12.5203, 55.6516], [12.5201, 55.6516], [12.5198, 55.6517], [12.5196, 55.6517], [12.5194, 55.6518], [12.5188, 55.652], [12.5186, 55.652], [12.5185, 55.6521], [12.5183, 55.6521], [12.5181, 55.6521], [12.5179, 55.6522], [12.5178, 55.6522], [12.5177, 55.6522], [12.5175, 55.6523], [12.5172, 55.6523], [12.517, 55.6523], [12.5168, 55.6523], [12.5167, 55.6523]], [[12.5167, 55.6523], [12.5165, 55.6524], [12.5163, 55.6524], [12.5162, 55.6524], [12.516, 55.6524], [12.5158, 55.6524], [12.5156, 55.6523], [12.5154, 55.6523]], [[12.5154, 55.6523], [12.5153, 55.6523], [12.515, 55.6523], [12.5148, 55.6523], [12.5146, 55.6522], [12.5144, 55.6522], [12.5143, 55.6522], [12.5141, 55.6521], [12.5139, 55.6521], [12.5137, 55.652], [12.5136, 55.652], [12.5134, 55.6519], [12.5133, 55.6519], [12.5131, 55.6518], [12.513, 55.6517], [12.5128, 55.6517], [12.5126, 55.6516], [12.5125, 55.6515], [12.5123, 55.6514]], [[12.5123, 55.6514], [12.5121, 55.6512], [12.5119, 55.6511], [12.5117, 55.651], [12.5115, 55.6508], [12.5114, 55.6507]], [[12.5114, 55.6507], [12.5109, 55.6503]], [[12.5109, 55.6503], [12.5096, 55.6491], [12.5087, 55.6483], [12.5084, 55.648], [12.5081, 55.6478], [12.5067, 55.6466], [12.5066, 55.6465], [12.5064, 55.6463], [12.5062, 55.6462], [12.5061, 55.646], [12.5059, 55.6458], [12.5057, 55.6456], [12.5055, 55.6455], [12.5054, 55.6453], [12.5051, 55.645], [12.5049, 55.6448], [12.5048, 55.6446], [12.5046, 55.6445], [12.5045, 55.6442], [12.5043, 55.644], [12.5041, 55.6437], [12.5037, 55.6432], [12.5037, 55.6431]], [[12.5037, 55.6431], [12.5036, 55.643], [12.5034, 55.6428], [12.5033, 55.6427]], [[12.5033, 55.6427], [12.5031, 55.6424]], [[12.5031, 55.6424], [12.5029, 55.6423], [12.5028, 55.6421], [12.5026, 55.642], [12.5024, 55.6418], [12.5022, 55.6416], [12.5017, 55.6412]], [[12.5017, 55.6412], [12.5013, 55.641]], [[12.5013, 55.641], [12.5011, 55.6408], [12.5004, 55.6403]], [[12.5004, 55.6403], [12.5001, 55.6401]], [[12.5001, 55.6401], [12.4998, 55.6399], [12.4998, 55.6398], [12.4972, 55.6376], [12.497, 55.6375]], [[12.497, 55.6375], [12.4969, 55.6374]], [[12.4969, 55.6374], [12.4967, 55.6372], [12.4963, 55.6368], [12.4957, 55.6364], [12.4955, 55.6362], [12.4953, 55.636], [12.495, 55.6358], [12.4948, 55.6355], [12.4946, 55.6354], [12.4944, 55.6351], [12.4943, 55.6349]], [[12.4943, 55.6349], [12.4941, 55.6348]], [[12.4941, 55.6348], [12.4939, 55.6345], [12.4936, 55.6341], [12.4934, 55.6339], [12.4933, 55.6337], [12.4931, 55.6335], [12.4929, 55.6332], [12.4927, 55.633], [12.4925, 55.6328], [12.4922, 55.6326], [12.492, 55.6324], [12.4917, 55.6322], [12.4916, 55.6322], [12.4915, 55.6321], [12.4912, 55.6319], [12.4909, 55.6317], [12.4906, 55.6315], [12.4902, 55.6314], [12.49, 55.6313], [12.4897, 55.6311], [12.4894, 55.631]], [[12.4894, 55.631], [12.4892, 55.6309]], [[12.4892, 55.6309], [12.4889, 55.6308], [12.4886, 55.6307], [12.4882, 55.6306], [12.488, 55.6305]], [[12.488, 55.6305], [12.4876, 55.6304], [12.4873, 55.6304], [12.4869, 55.6303], [12.4866, 55.6302]], [[12.4866, 55.6302], [12.4865, 55.6302], [12.4858, 55.63], [12.4855, 55.6299], [12.4851, 55.6299], [12.4836, 55.6295], [12.482, 55.6291]], [[12.482, 55.6291], [12.4814, 55.6289]], [[12.4814, 55.6289], [12.4807, 55.6287], [12.4791, 55.6283], [12.4789, 55.6283], [12.4788, 55.6282], [12.4784, 55.6281], [12.4779, 55.628], [12.4775, 55.6279], [12.477, 55.6278], [12.4765, 55.6277], [12.476, 55.6276], [12.4755, 55.6275], [12.475, 55.6274], [12.4745, 55.6274], [12.474, 55.6273], [12.4734, 55.6272], [12.4729, 55.6272], [12.4724, 55.6271]], [[12.4724, 55.6271], [12.472, 55.6271], [12.4715, 55.6271]], [[12.4715, 55.6271], [12.4712, 55.6271], [12.4709, 55.627], [12.4705, 55.627], [12.4701, 55.627], [12.4659, 55.6269], [12.4654, 55.6269], [12.4652, 55.6269], [12.4648, 55.6268], [12.4644, 55.6268], [12.464, 55.6268], [12.4635, 55.6268], [12.4632, 55.6267], [12.4629, 55.6267], [12.4626, 55.6267], [12.4619, 55.6266]], [[12.4619, 55.6266], [12.4616, 55.6266]], [[12.4616, 55.6266], [12.4613, 55.6265], [12.4609, 55.6265], [12.4606, 55.6264], [12.4577, 55.626]], [[12.4577, 55.626], [12.4568, 55.6259]], [[12.4568, 55.6259], [12.4563, 55.6258], [12.4561, 55.6258], [12.4558, 55.6258], [12.4555, 55.6257], [12.4553, 55.6257], [12.4549, 55.6256], [12.4546, 55.6256], [12.4542, 55.6255], [12.4539, 55.6254], [12.4537, 55.6253], [12.4535, 55.6253], [12.4532, 55.6252], [12.4501, 55.6244], [12.4473, 55.6236], [12.4448, 55.6229]], [[12.4448, 55.6229], [12.4445, 55.6228]], [[12.4445, 55.6228], [12.4419, 55.6221]], [[12.4411, 55.6219], [12.4406, 55.6218], [12.4401, 55.6216], [12.4398, 55.6215], [12.4395, 55.6215], [12.4392, 55.6214], [12.4389, 55.6213], [12.4386, 55.6213], [12.4383, 55.6212], [12.438, 55.6211], [12.4377, 55.6211], [12.4374, 55.621], [12.437, 55.621], [12.4367, 55.6209], [12.4364, 55.6209], [12.4361, 55.6208], [12.4358, 55.6208], [12.4357, 55.6208], [12.4355, 55.6207], [12.4352, 55.6207], [12.4348, 55.6206], [12.4345, 55.6206], [12.434, 55.6206], [12.4337, 55.6205], [12.4332, 55.6205], [12.4328, 55.6205], [12.4325, 55.6205], [12.4321, 55.6205], [12.4318, 55.6204], [12.4314, 55.6204], [12.4313, 55.6204], [12.4308, 55.6204]], [[12.4306, 55.6204], [12.4303, 55.6204], [12.43, 55.6204], [12.4297, 55.6204], [12.4294, 55.6205], [12.429, 55.6205], [12.4287, 55.6205], [12.4284, 55.6205], [12.428, 55.6205], [12.4277, 55.6205], [12.4273, 55.6206], [12.4268, 55.6206], [12.4263, 55.6207], [12.4243, 55.6209]], [[12.4243, 55.6209], [12.4235, 55.6209]], [[12.4235, 55.6209], [12.4232, 55.621], [12.4229, 55.621], [12.4225, 55.621], [12.4222, 55.621], [12.4219, 55.6211], [12.4209, 55.6211], [12.4201, 55.6211], [12.4195, 55.6211], [12.4187, 55.6211], [12.4183, 55.6211], [12.4179, 55.6212], [12.4163, 55.6212], [12.4161, 55.6212], [12.4157, 55.6213], [12.4154, 55.6213], [12.4151, 55.6213], [12.4147, 55.6214], [12.4144, 55.6214]], [[12.4144, 55.6214], [12.4141, 55.6214], [12.4137, 55.6215]], [[12.4137, 55.6215], [12.4134, 55.6215], [12.4131, 55.6216], [12.4127, 55.6216], [12.4123, 55.6217], [12.4118, 55.6218], [12.4064, 55.6228], [12.4058, 55.6229], [12.4053, 55.623], [12.4048, 55.6231], [12.4043, 55.6232], [12.4038, 55.6233], [12.4033, 55.6234], [12.4028, 55.6234], [12.4023, 55.6235], [12.4018, 55.6236], [12.4013, 55.6236], [12.4007, 55.6237], [12.4003, 55.6237], [12.3999, 55.6237], [12.3995, 55.6237], [12.399, 55.6238], [12.3985, 55.6238], [12.398, 55.6238], [12.3973, 55.6238], [12.3968, 55.6238], [12.3964, 55.6238], [12.3961, 55.6238], [12.3956, 55.6238]], [[12.3956, 55.6238], [12.3951, 55.6238], [12.3944, 55.6237]], [[12.3944, 55.6237], [12.3937, 55.6237], [12.3906, 55.6236], [12.3899, 55.6236]], [[12.3899, 55.6236], [12.3891, 55.6235]], [[12.3891, 55.6235], [12.3889, 55.6235], [12.3881, 55.6235], [12.3868, 55.6234], [12.3867, 55.6234]], [[12.3867, 55.6234], [12.3862, 55.6234]], [[12.3862, 55.6234], [12.3857, 55.6234], [12.3854, 55.6234], [12.3849, 55.6233]], [[12.3849, 55.6233], [12.3834, 55.6233]], [[12.3834, 55.6233], [12.3829, 55.6232], [12.3824, 55.6232], [12.3816, 55.6232], [12.3782, 55.6229], [12.3778, 55.6229], [12.3766, 55.6228]], [[12.3766, 55.6228], [12.3763, 55.6227], [12.3759, 55.6227]], [[12.3759, 55.6227], [12.3756, 55.6227], [12.3752, 55.6226], [12.3749, 55.6226], [12.3745, 55.6225], [12.3742, 55.6224], [12.3739, 55.6224], [12.3735, 55.6223], [12.3733, 55.6223], [12.3729, 55.6222], [12.3726, 55.6221], [12.3722, 55.622], [12.3719, 55.622], [12.3716, 55.6219], [12.3713, 55.6218], [12.371, 55.6217], [12.3707, 55.6216]], [[12.3703, 55.6215], [12.37, 55.6214], [12.3697, 55.6214], [12.3695, 55.6213], [12.3692, 55.6212], [12.3687, 55.621], [12.3683, 55.6209], [12.3679, 55.6207], [12.3675, 55.6205], [12.3671, 55.6204], [12.3667, 55.6202], [12.3664, 55.62], [12.366, 55.6198], [12.3657, 55.6197], [12.3652, 55.6194], [12.3649, 55.6193], [12.3645, 55.6191], [12.3643, 55.6189], [12.3639, 55.6187], [12.3636, 55.6185], [12.3633, 55.6182], [12.363, 55.618], [12.3627, 55.6178], [12.3625, 55.6176]], [[12.3625, 55.6176], [12.3622, 55.6174]], [[12.3622, 55.6174], [12.3621, 55.6173], [12.3618, 55.6171], [12.3616, 55.6168], [12.3612, 55.6165], [12.3598, 55.6152], [12.3593, 55.6147]], [[12.3589, 55.6143], [12.3579, 55.6135]], [[12.3579, 55.6135], [12.3579, 55.6134], [12.3577, 55.6133]], [[12.3577, 55.6133], [12.3567, 55.6123]], [[12.3567, 55.6123], [12.3564, 55.612]], [[12.3564, 55.612], [12.3556, 55.6113], [12.3553, 55.6111], [12.3551, 55.6108], [12.3548, 55.6106], [12.3545, 55.6103], [12.3542, 55.6101], [12.3539, 55.6099], [12.3537, 55.6097], [12.3534, 55.6096], [12.3532, 55.6094], [12.353, 55.6093], [12.3528, 55.6091], [12.3526, 55.609], [12.3522, 55.6088], [12.3521, 55.6087], [12.3519, 55.6086], [12.3515, 55.6084], [12.3425, 55.6034], [12.3387, 55.6013], [12.3376, 55.6006], [12.3374, 55.6005], [12.3372, 55.6004], [12.3368, 55.6001], [12.3364, 55.5998], [12.3362, 55.5997], [12.3358, 55.5993], [12.3353, 55.599], [12.3341, 55.598], [12.3335, 55.5976], [12.3331, 55.5973], [12.3324, 55.5968], [12.3317, 55.5963], [12.331, 55.5958], [12.3282, 55.5935], [12.3278, 55.5932], [12.3276, 55.593], [12.3273, 55.5928], [12.327, 55.5926], [12.3267, 55.5923], [12.3265, 55.5922], [12.3264, 55.5921], [12.3262, 55.592], [12.326, 55.5919], [12.3258, 55.5918], [12.3256, 55.5916], [12.3254, 55.5915], [12.3252, 55.5914], [12.3249, 55.5913], [12.3247, 55.5912], [12.3244, 55.5911], [12.3243, 55.591], [12.324, 55.5909], [12.3238, 55.5908], [12.3236, 55.5907], [12.3233, 55.5906], [12.323, 55.5905], [12.3228, 55.5905], [12.3225, 55.5904], [12.3222, 55.5903], [12.3219, 55.5902], [12.3217, 55.5902], [12.3214, 55.5901], [12.3211, 55.5901], [12.3208, 55.59], [12.3206, 55.59], [12.3203, 55.5899], [12.3198, 55.5899], [12.3193, 55.5898], [12.3189, 55.5897], [12.3145, 55.5892], [12.3139, 55.5891], [12.3132, 55.589], [12.3122, 55.5889], [12.3119, 55.5889], [12.3116, 55.5889], [12.3113, 55.5888], [12.311, 55.5888], [12.3107, 55.5887], [12.3104, 55.5887], [12.3101, 55.5886], [12.3098, 55.5886], [12.3096, 55.5885], [12.3094, 55.5885], [12.3092, 55.5884], [12.309, 55.5884], [12.3088, 55.5883], [12.3085, 55.5882]], [[12.3085, 55.5882], [12.3082, 55.5881]], [[12.3082, 55.5881], [12.3079, 55.588], [12.3076, 55.5879], [12.3073, 55.5878], [12.3071, 55.5877], [12.3069, 55.5876], [12.3067, 55.5875], [12.3064, 55.5874], [12.3061, 55.5873], [12.3059, 55.5871]], [[12.3059, 55.5871], [12.3055, 55.5869]], [[12.3055, 55.5869], [12.3054, 55.5868], [12.3051, 55.5867], [12.3049, 55.5865], [12.3047, 55.5864], [12.3045, 55.5863], [12.3043, 55.5861], [12.3041, 55.5859], [12.3028, 55.585], [12.3024, 55.5847], [12.3021, 55.5846], [12.3018, 55.5844], [12.3017, 55.5842], [12.3015, 55.5841], [12.3012, 55.584], [12.301, 55.5838], [12.3007, 55.5837], [12.3005, 55.5836], [12.3003, 55.5835], [12.3001, 55.5833], [12.2998, 55.5832], [12.2994, 55.583], [12.299, 55.5828], [12.2987, 55.5827]], [[12.2987, 55.5827], [12.2981, 55.5824]], [[12.2981, 55.5824], [12.2966, 55.5817], [12.2957, 55.5814]], [[12.2957, 55.5814], [12.2954, 55.5812]], [[12.2954, 55.5812], [12.2926, 55.58], [12.2917, 55.5796], [12.2915, 55.5794], [12.2912, 55.5793], [12.2906, 55.579], [12.2901, 55.5787], [12.2895, 55.5784], [12.2889, 55.578], [12.2883, 55.5776], [12.2879, 55.5773], [12.2874, 55.577], [12.287, 55.5767], [12.2867, 55.5764], [12.2862, 55.576], [12.2858, 55.5755], [12.2855, 55.5752], [12.2852, 55.5749], [12.2846, 55.5742], [12.2843, 55.5738]], [[12.2843, 55.5738], [12.2841, 55.5736]], [[12.2841, 55.5736], [12.2837, 55.5731], [12.2832, 55.5726], [12.283, 55.5723], [12.2827, 55.572], [12.2824, 55.5718], [12.2822, 55.5715], [12.2819, 55.5713], [12.2815, 55.571], [12.281, 55.5706], [12.2803, 55.5702], [12.2796, 55.5697], [12.279, 55.5694], [12.2785, 55.5691], [12.2779, 55.5689], [12.2772, 55.5685], [12.2768, 55.5684], [12.2765, 55.5682], [12.2757, 55.568], [12.2749, 55.5677], [12.2743, 55.5675], [12.2739, 55.5674], [12.2735, 55.5673], [12.2725, 55.5671], [12.2723, 55.567]], [[12.2723, 55.567], [12.2714, 55.5668]], [[12.2714, 55.5668], [12.2697, 55.5663], [12.2689, 55.5661]], [[12.2689, 55.5661], [12.2685, 55.566]], [[12.2685, 55.566], [12.2659, 55.5653], [12.2653, 55.5651], [12.265, 55.565], [12.2645, 55.5649], [12.264, 55.5648], [12.2635, 55.5646], [12.263, 55.5645], [12.2561, 55.5622], [12.2556, 55.5621], [12.2552, 55.5619], [12.2547, 55.5618], [12.2544, 55.5616], [12.254, 55.5615], [12.2536, 55.5614], [12.2533, 55.5612], [12.2529, 55.5611], [12.2526, 55.5609], [12.2523, 55.5608], [12.252, 55.5606], [12.2517, 55.5605], [12.2514, 55.5603], [12.2512, 55.5602], [12.2509, 55.56], [12.2506, 55.5599], [12.2504, 55.5597], [12.2501, 55.5595], [12.2498, 55.5593]], [[12.2498, 55.5593], [12.2494, 55.5591]], [[12.2494, 55.5591], [12.2492, 55.5589], [12.249, 55.5588], [12.2488, 55.5586], [12.2486, 55.5584], [12.2483, 55.5582], [12.2481, 55.558], [12.241, 55.5518], [12.2407, 55.5515], [12.2405, 55.5513]], [[12.2402, 55.551], [12.2399, 55.5508], [12.2396, 55.5506], [12.2393, 55.5504], [12.239, 55.5502], [12.2358, 55.5478], [12.2356, 55.5476], [12.2354, 55.5475], [12.2351, 55.5473]], [[12.2351, 55.5473], [12.235, 55.5472], [12.2348, 55.547]], [[12.2348, 55.547], [12.2346, 55.5469], [12.2344, 55.5468], [12.2342, 55.5467], [12.234, 55.5465], [12.2336, 55.5463], [12.2333, 55.5461], [12.229, 55.5437]], [[12.229, 55.5437], [12.2284, 55.5433]], [[12.2284, 55.5433], [12.2272, 55.5427], [12.227, 55.5425], [12.2267, 55.5423], [12.2264, 55.5422], [12.2261, 55.542], [12.2259, 55.5418], [12.2256, 55.5416], [12.2253, 55.5414], [12.2251, 55.5413], [12.2246, 55.5409], [12.2241, 55.5405], [12.2237, 55.5401], [12.2233, 55.5397], [12.2225, 55.5389], [12.2217, 55.538], [12.2213, 55.5375], [12.2209, 55.537], [12.2202, 55.5361], [12.2193, 55.535], [12.219, 55.5347]], [[12.219, 55.5347], [12.2187, 55.5343]], [[12.2187, 55.5343], [12.218, 55.5334], [12.2175, 55.5327]], [[12.2175, 55.5327], [12.2172, 55.5324]], [[12.2172, 55.5324], [12.2163, 55.5311], [12.2151, 55.5296], [12.2149, 55.5293], [12.2147, 55.529], [12.2145, 55.5288], [12.2142, 55.5285], [12.2141, 55.5283], [12.2139, 55.5281], [12.213, 55.5273], [12.2128, 55.527], [12.2126, 55.5268], [12.2124, 55.5266], [12.2122, 55.5264]], [[12.2122, 55.5264], [12.212, 55.5261]], [[12.212, 55.5261], [12.2118, 55.5259], [12.2117, 55.5257], [12.2115, 55.5254], [12.2113, 55.525], [12.211, 55.5246], [12.2107, 55.5241], [12.2104, 55.5236], [12.2098, 55.5227]], [[12.2098, 55.5227], [12.2095, 55.5223]], [[12.2095, 55.5223], [12.2089, 55.5214], [12.2079, 55.5199]], [[12.2079, 55.5199], [12.2077, 55.5196]], [[12.2077, 55.5196], [12.2076, 55.5195], [12.2075, 55.5194], [12.2074, 55.5192], [12.2073, 55.5191], [12.2071, 55.5189], [12.207, 55.5186], [12.2068, 55.5184], [12.2066, 55.5182], [12.2064, 55.518], [12.2062, 55.5178], [12.2059, 55.5176], [12.2057, 55.5174], [12.2055, 55.5172], [12.2053, 55.517], [12.205, 55.5168], [12.2048, 55.5166], [12.2045, 55.5164], [12.2042, 55.5162], [12.204, 55.516], [12.2037, 55.5158], [12.2034, 55.5156], [12.2031, 55.5154], [12.2029, 55.5153], [12.2024, 55.515], [12.2005, 55.5139]], [[12.2005, 55.5139], [12.2, 55.5136]], [[12.2, 55.5136], [12.1993, 55.5132]], [[12.1993, 55.5132], [12.1989, 55.5129]], [[12.1989, 55.5129], [12.197, 55.5118], [12.1958, 55.5111], [12.1955, 55.5109], [12.1952, 55.5108], [12.1948, 55.5106], [12.1945, 55.5104], [12.1942, 55.5102], [12.1939, 55.51], [12.1936, 55.5099], [12.1933, 55.5097], [12.1864, 55.506], [12.1856, 55.5056], [12.1822, 55.5038]], [[12.1822, 55.5038], [12.1817, 55.5035]], [[12.1817, 55.5035], [12.1813, 55.5033], [12.1809, 55.5031], [12.1805, 55.5029], [12.1802, 55.5027], [12.1777, 55.5012], [12.1774, 55.501], [12.1771, 55.5008], [12.1768, 55.5006], [12.1766, 55.5005], [12.1763, 55.5003], [12.176, 55.5001], [12.1757, 55.4998], [12.1755, 55.4996], [12.1753, 55.4994], [12.1751, 55.4993], [12.1749, 55.499], [12.1747, 55.4988], [12.1745, 55.4986], [12.1743, 55.4984], [12.1741, 55.4982], [12.174, 55.4979], [12.1739, 55.4977], [12.1737, 55.4975], [12.1736, 55.4973], [12.1735, 55.4971], [12.1734, 55.4968], [12.1733, 55.4966], [12.171, 55.4914], [12.1709, 55.4912], [12.1708, 55.4909], [12.1707, 55.4907], [12.1707, 55.4905], [12.1706, 55.4902], [12.1705, 55.49], [12.1705, 55.4898], [12.1705, 55.4896], [12.1705, 55.4894], [12.1705, 55.4892], [12.1705, 55.489], [12.1705, 55.4888], [12.1705, 55.4885], [12.1705, 55.4883], [12.1706, 55.488], [12.1706, 55.4878], [12.1708, 55.4873], [12.1716, 55.4844], [12.1716, 55.4842], [12.1717, 55.484], [12.1718, 55.4837], [12.1719, 55.4835]], [[12.1719, 55.4835], [12.172, 55.4833], [12.1721, 55.483]], [[12.1721, 55.483], [12.1722, 55.4828], [12.1723, 55.4827], [12.1724, 55.4826], [12.1725, 55.4825], [12.1726, 55.4823], [12.1726, 55.4822], [12.1727, 55.4822], [12.1728, 55.4821], [12.1729, 55.482], [12.1729, 55.4819], [12.1731, 55.4818], [12.1732, 55.4817], [12.1733, 55.4816], [12.1734, 55.4814]], [[12.1734, 55.4814], [12.1737, 55.4812], [12.1738, 55.481]], [[12.1738, 55.481], [12.1741, 55.4808], [12.1744, 55.4806], [12.1747, 55.4804], [12.1749, 55.4802], [12.1752, 55.48], [12.1756, 55.4798], [12.1759, 55.4796], [12.1762, 55.4794], [12.1765, 55.4792], [12.1768, 55.4791], [12.177, 55.479], [12.1773, 55.4788], [12.1776, 55.4787], [12.178, 55.4785], [12.1784, 55.4783], [12.1787, 55.4782], [12.1791, 55.478], [12.1793, 55.4778], [12.1796, 55.4777], [12.1799, 55.4775], [12.1801, 55.4774], [12.1803, 55.4772], [12.1805, 55.4771], [12.1808, 55.4769], [12.181, 55.4767], [12.1811, 55.4766], [12.1813, 55.4764], [12.1815, 55.4762], [12.1817, 55.476], [12.1818, 55.4758], [12.1819, 55.4757], [12.1821, 55.4755], [12.1822, 55.4753], [12.1823, 55.4751], [12.1824, 55.4748], [12.1826, 55.4745]], [[12.1826, 55.4745], [12.1828, 55.4738]], [[12.1828, 55.4738], [12.1836, 55.4715], [12.1846, 55.469], [12.1859, 55.4652], [12.186, 55.465], [12.1861, 55.4647], [12.1864, 55.4641], [12.1866, 55.4634], [12.1867, 55.4631], [12.1868, 55.4629], [12.1869, 55.4628], [12.1869, 55.4626], [12.1869, 55.4625], [12.1869, 55.4623], [12.1869, 55.4622], [12.1869, 55.4618], [12.187, 55.4617], [12.187, 55.4613], [12.187, 55.4612], [12.187, 55.4611], [12.187, 55.461], [12.187, 55.4609], [12.1869, 55.4603], [12.1869, 55.4602], [12.1869, 55.46], [12.1869, 55.4599]], [[12.1869, 55.4599], [12.1864, 55.458], [12.1864, 55.4578]]]}, "properties": {"ref": "A", "opened_year": 1934, "segment_count": 444}}, {"type": "Feature", "geometry": {"type": "MultiLineString", "coordinates": [[[12.375, 55.8108], [12.3749, 55.8108], [12.3742, 55.8115], [12.3741, 55.8115], [12.3742, 55.8115], [12.3737, 55.812], [12.3735, 55.8121], [12.3734, 55.8122], [12.3735, 55.8123], [12.3735, 55.8122], [12.375, 55.8108]], [[12.3706, 55.7829], [12.3707, 55.7829], [12.3733, 55.7821], [12.3732, 55.7821], [12.3732, 55.782], [12.3706, 55.7828], [12.3706, 55.7829]], [[12.4069, 55.7657], [12.407, 55.7656], [12.4071, 55.7656], [12.4072, 55.7655], [12.4073, 55.7654], [12.4075, 55.7654], [12.4088, 55.7647], [12.4089, 55.7647], [12.409, 55.7647], [12.4069, 55.7657]], [[12.4332, 55.765], [12.4357, 55.7655], [12.4331, 55.7651], [12.4332, 55.7651], [12.4333, 55.7651], [12.4332, 55.7651], [12.4332, 55.765]], [[12.4571, 55.7613], [12.4544, 55.7615]], [[12.4731, 55.7566], [12.4714, 55.7578]], [[12.4917, 55.7474], [12.4917, 55.7475], [12.4924, 55.7474], [12.4944, 55.7472], [12.4944, 55.7471], [12.4924, 55.7473], [12.4917, 55.7474]], [[12.5077, 55.7448], [12.5083, 55.7446], [12.5102, 55.744], [12.5102, 55.7439], [12.5082, 55.7445], [12.5076, 55.7447], [12.5077, 55.7448]], [[12.5263, 55.7386], [12.5256, 55.7388], [12.5247, 55.7391], [12.5244, 55.7392], [12.5242, 55.7392], [12.5239, 55.7393]], [[12.5351, 55.7336], [12.5352, 55.7334], [12.5361, 55.7322], [12.5362, 55.7323], [12.5361, 55.7324], [12.536, 55.7325], [12.5357, 55.733], [12.5353, 55.7334], [12.5351, 55.7337], [12.5351, 55.7336]], [[12.5415, 55.72], [12.5412, 55.7204], [12.541, 55.7207], [12.5409, 55.7209], [12.5407, 55.7212], [12.5405, 55.7214], [12.5404, 55.7216], [12.5403, 55.7218], [12.5402, 55.7218], [12.5403, 55.7216], [12.5404, 55.7214], [12.5405, 55.7213], [12.5406, 55.7212], [12.5408, 55.7209], [12.5409, 55.7207], [12.541, 55.7207], [12.5412, 55.7204], [12.5413, 55.7202], [12.5415, 55.72]], [[12.5598, 55.7154], [12.5603, 55.7157], [12.5604, 55.7158], [12.5606, 55.7159], [12.5607, 55.716], [12.5609, 55.7161], [12.5611, 55.7162], [12.5613, 55.7163], [12.5614, 55.7163], [12.5615, 55.7164], [12.5616, 55.7165], [12.5615, 55.7164], [12.5613, 55.7164], [12.5612, 55.7163], [12.561, 55.7162], [12.5609, 55.7161], [12.5607, 55.716], [12.5605, 55.716], [12.5604, 55.7158], [12.5602, 55.7157], [12.5598, 55.7154]], [[12.5786, 55.7155], [12.5786, 55.7156], [12.5797, 55.7152], [12.5809, 55.7147], [12.5797, 55.7151], [12.5786, 55.7155]], [[12.5911, 55.7046], [12.591, 55.705], [12.5904, 55.7064]], [[12.5872, 55.6927], [12.5898, 55.6943]], [[12.5631, 55.6776], [12.5631, 55.6775], [12.563, 55.6774], [12.5629, 55.6772], [12.5628, 55.6771], [12.5627, 55.6769], [12.5626, 55.6768], [12.5626, 55.6766], [12.5625, 55.6765], [12.5625, 55.6763], [12.5625, 55.6762], [12.5625, 55.676], [12.5625, 55.6759], [12.5624, 55.6759], [12.5625, 55.6758], [12.5623, 55.6758], [12.5623, 55.676], [12.5623, 55.6762], [12.5624, 55.6763], [12.5624, 55.6765], [12.5625, 55.6766], [12.5625, 55.6768], [12.5626, 55.6769], [12.5627, 55.6771], [12.5627, 55.6772], [12.5629, 55.6773], [12.563, 55.6776], [12.5631, 55.6776]], [[12.5614, 55.6662], [12.5604, 55.6656], [12.5602, 55.6655], [12.56, 55.6654], [12.5597, 55.6653], [12.5596, 55.6652], [12.5595, 55.6652], [12.5594, 55.6651], [12.5593, 55.665], [12.5591, 55.6651], [12.5592, 55.6651], [12.5591, 55.6652], [12.5593, 55.6652], [12.5591, 55.6652], [12.559, 55.6652], [12.5591, 55.6652], [12.5591, 55.6653], [12.5593, 55.6653], [12.5595, 55.6654], [12.5598, 55.6655], [12.56, 55.6656], [12.5602, 55.6657], [12.5613, 55.6663], [12.5614, 55.6662]], [[12.5378, 55.6634], [12.5377, 55.6634], [12.5376, 55.6634], [12.5373, 55.6634], [12.5369, 55.6635], [12.5368, 55.6635], [12.5365, 55.6635], [12.5359, 55.6635], [12.5353, 55.6635], [12.5349, 55.6635], [12.5345, 55.6635]], [[12.5115, 55.664], [12.512, 55.664], [12.5121, 55.664], [12.5122, 55.6639], [12.5122, 55.664], [12.5125, 55.664], [12.5126, 55.664], [12.5126, 55.6639], [12.5128, 55.6639], [12.5132, 55.6639], [12.5133, 55.664], [12.5135, 55.6639], [12.5135, 55.664], [12.5142, 55.664], [12.5142, 55.6639], [12.5143, 55.6639], [12.5146, 55.6639], [12.5157, 55.6639], [12.5146, 55.6639], [12.514, 55.6639], [12.5136, 55.6639], [12.5122, 55.6639], [12.5121, 55.6639], [12.5119, 55.6639], [12.5118, 55.6639], [12.5115, 55.664]], [[12.4947, 55.6642], [12.4945, 55.6642], [12.4943, 55.6642], [12.4938, 55.6643], [12.4933, 55.6643], [12.4927, 55.6643], [12.4924, 55.6643], [12.4922, 55.6643], [12.492, 55.6643], [12.4918, 55.6643], [12.4918, 55.6642], [12.4947, 55.6642]], [[12.4747, 55.6645], [12.4754, 55.6645], [12.4776, 55.6645], [12.4776, 55.6644], [12.4754, 55.6644], [12.4747, 55.6645]], [[12.4578, 55.6649], [12.4582, 55.6649], [12.4586, 55.6649], [12.4607, 55.6648], [12.46, 55.6648], [12.4599, 55.6648], [12.4593, 55.6648], [12.4593, 55.6649], [12.459, 55.6649], [12.4588, 55.6649], [12.4588, 55.6648], [12.4578, 55.6649]], [[12.4413, 55.6651], [12.4436, 55.665], [12.4435, 55.665], [12.4435, 55.6649], [12.4413, 55.665], [12.4408, 55.665], [12.4408, 55.6651], [12.4413, 55.6651]], [[12.3964, 55.6629], [12.3985, 55.6631], [12.3987, 55.6631], [12.399, 55.6632], [12.399, 55.6631], [12.3988, 55.6631], [12.3985, 55.663], [12.3964, 55.6628], [12.3964, 55.6629]], [[12.3563, 55.6583], [12.3541, 55.6581], [12.3535, 55.658], [12.3534, 55.6582], [12.3541, 55.6582], [12.3563, 55.6584], [12.3563, 55.6583]], [[12.3008, 55.6523], [12.3016, 55.6524], [12.3021, 55.6524], [12.3026, 55.6525], [12.3035, 55.6526], [12.3035, 55.6527], [12.3026, 55.6526], [12.3021, 55.6525], [12.3016, 55.6525], [12.3008, 55.6524], [12.3008, 55.6523]], [[12.2663, 55.6488], [12.2675, 55.6489], [12.2692, 55.6491]], [[12.3735, 55.8122], [12.3736, 55.8122], [12.3737, 55.8121], [12.3751, 55.8107], [12.3752, 55.8106], [12.3757, 55.8101], [12.3763, 55.8095], [12.3766, 55.8093]], [[12.3796, 55.8046], [12.3796, 55.8048], [12.3796, 55.8049], [12.3796, 55.8051], [12.3796, 55.8052], [12.3796, 55.8054], [12.3796, 55.8055], [12.3795, 55.8057], [12.3795, 55.8058], [12.3794, 55.806], [12.3794, 55.8061], [12.3793, 55.8063], [12.3792, 55.8064], [12.3792, 55.8065], [12.3791, 55.8067], [12.379, 55.8068], [12.3789, 55.807], [12.3787, 55.8071], [12.3786, 55.8073], [12.3784, 55.8074], [12.3783, 55.8076], [12.3766, 55.8093]], [[12.3795, 55.8042], [12.3796, 55.8043], [12.3796, 55.8044], [12.3796, 55.8045], [12.3796, 55.8046]], [[12.3792, 55.8035], [12.3793, 55.8037], [12.3794, 55.8038], [12.3795, 55.804], [12.3795, 55.8042]], [[12.3792, 55.8035], [12.3791, 55.8033], [12.379, 55.8032], [12.3789, 55.803], [12.3756, 55.7986], [12.3754, 55.7984], [12.3753, 55.7982], [12.3751, 55.798], [12.3749, 55.7977], [12.3747, 55.7975], [12.3744, 55.7973], [12.3742, 55.7971], [12.374, 55.7969], [12.3737, 55.7967], [12.3734, 55.7966], [12.3731, 55.7964], [12.3728, 55.7962], [12.3725, 55.7961], [12.3722, 55.7959], [12.3718, 55.7958], [12.3715, 55.7956], [12.371, 55.7955], [12.3706, 55.7953]], [[12.3706, 55.7953], [12.3701, 55.7952], [12.3697, 55.795], [12.3671, 55.7943]], [[12.3671, 55.7943], [12.3667, 55.7941]], [[12.3667, 55.7941], [12.3653, 55.7937], [12.3648, 55.7936], [12.3643, 55.7934], [12.3639, 55.7933], [12.3636, 55.7931], [12.3633, 55.793], [12.3631, 55.7929], [12.3629, 55.7928], [12.3627, 55.7927], [12.3625, 55.7926], [12.3624, 55.7925], [12.3622, 55.7924], [12.362, 55.7923], [12.3618, 55.7922], [12.3617, 55.7921], [12.3615, 55.7919], [12.3614, 55.7918], [12.3613, 55.7917], [12.3611, 55.7915], [12.361, 55.7914], [12.3609, 55.7913], [12.3608, 55.7911], [12.3607, 55.791], [12.3606, 55.7908], [12.3605, 55.7907], [12.3605, 55.7906], [12.3604, 55.7904], [12.3603, 55.7903], [12.3603, 55.7901], [12.3603, 55.79], [12.3602, 55.7898], [12.3602, 55.7897], [12.3602, 55.7895], [12.3602, 55.7894], [12.3602, 55.7893], [12.3602, 55.7891], [12.3602, 55.789], [12.3602, 55.7888], [12.3603, 55.7886], [12.3603, 55.7885], [12.3604, 55.7883], [12.3604, 55.7882], [12.3605, 55.7881], [12.3606, 55.7879], [12.3607, 55.7878], [12.3608, 55.7876], [12.3609, 55.7875], [12.361, 55.7873], [12.3611, 55.7872], [12.3612, 55.7871], [12.3613, 55.7869], [12.3615, 55.7868], [12.3616, 55.7867], [12.3618, 55.7865], [12.3621, 55.7863], [12.3623, 55.7861], [12.3626, 55.786], [12.3629, 55.7858], [12.3632, 55.7856], [12.3636, 55.7855], [12.364, 55.7853], [12.3643, 55.7851], [12.3647, 55.7849], [12.3651, 55.7848], [12.3655, 55.7846], [12.3659, 55.7844], [12.3663, 55.7843], [12.3667, 55.7841], [12.3671, 55.784], [12.3696, 55.7832]], [[12.3696, 55.7832], [12.3705, 55.7829]], [[12.3705, 55.7829], [12.3719, 55.7824], [12.3732, 55.782], [12.3736, 55.7818], [12.3741, 55.7817], [12.3747, 55.7815], [12.3751, 55.7814]], [[12.3751, 55.7814], [12.3758, 55.7812]], [[12.3758, 55.7812], [12.3762, 55.7811], [12.3765, 55.781], [12.3769, 55.7809], [12.3788, 55.7803], [12.3792, 55.7801], [12.3797, 55.7799], [12.3801, 55.7798], [12.3805, 55.7796], [12.3809, 55.7795], [12.3813, 55.7793], [12.3821, 55.7789]], [[12.3821, 55.7789], [12.3828, 55.7786]], [[12.3828, 55.7786], [12.3831, 55.7784], [12.3834, 55.7782], [12.3837, 55.778], [12.384, 55.7778], [12.3843, 55.7776], [12.3846, 55.7773], [12.3853, 55.7769], [12.3856, 55.7766], [12.3859, 55.7764], [12.3863, 55.7761], [12.3866, 55.7759], [12.3879, 55.7751], [12.3885, 55.7747], [12.3889, 55.7745], [12.3893, 55.7742], [12.3896, 55.774], [12.3899, 55.7739], [12.3903, 55.7737], [12.3906, 55.7735], [12.391, 55.7733], [12.3914, 55.7731], [12.3998, 55.7691], [12.4002, 55.7689], [12.4006, 55.7687], [12.401, 55.7685], [12.4014, 55.7683], [12.4022, 55.768], [12.4026, 55.7678], [12.4029, 55.7676], [12.4033, 55.7674], [12.4037, 55.7672], [12.4045, 55.7669], [12.4061, 55.7661], [12.4079, 55.7652], [12.4094, 55.7645], [12.41, 55.7642], [12.4138, 55.7624], [12.4142, 55.7622], [12.4145, 55.762], [12.4149, 55.7619], [12.4152, 55.7617]], [[12.4152, 55.7617], [12.4155, 55.7617], [12.4157, 55.7616], [12.416, 55.7615], [12.4162, 55.7614], [12.4164, 55.7614], [12.4167, 55.7613], [12.4169, 55.7613], [12.4172, 55.7612], [12.4174, 55.7612], [12.4177, 55.7611], [12.4179, 55.7611], [12.4182, 55.7611], [12.4185, 55.761], [12.4187, 55.761], [12.419, 55.761], [12.4193, 55.761], [12.4195, 55.761], [12.4198, 55.761], [12.4201, 55.761], [12.4203, 55.761], [12.4206, 55.761], [12.4209, 55.761], [12.4211, 55.7611], [12.4214, 55.7611], [12.4217, 55.7611], [12.422, 55.7612], [12.4221, 55.7612], [12.4224, 55.7613], [12.4227, 55.7613], [12.4229, 55.7614], [12.4232, 55.7614], [12.4234, 55.7615], [12.4237, 55.7616], [12.4239, 55.7617], [12.4241, 55.7617], [12.4245, 55.7619], [12.4248, 55.762], [12.4255, 55.7623], [12.4262, 55.7626], [12.4265, 55.7628], [12.4268, 55.7629], [12.4272, 55.763], [12.4275, 55.7632], [12.4283, 55.7635], [12.43, 55.764], [12.4308, 55.7643], [12.4311, 55.7645], [12.4315, 55.7646], [12.4319, 55.7647], [12.4323, 55.7648], [12.4324, 55.7648]], [[12.4324, 55.7648], [12.4327, 55.7649]], [[12.4327, 55.7649], [12.4329, 55.7649], [12.4332, 55.765], [12.4338, 55.7651], [12.4359, 55.7655]], [[12.4359, 55.7655], [12.4362, 55.7655], [12.4365, 55.7656], [12.4367, 55.7656], [12.437, 55.7657], [12.4372, 55.7657], [12.4375, 55.7657], [12.4378, 55.7657], [12.4381, 55.7657], [12.4383, 55.7657], [12.4386, 55.7658], [12.4389, 55.7658], [12.4391, 55.7657], [12.4394, 55.7657], [12.4397, 55.7657], [12.44, 55.7657], [12.4403, 55.7657], [12.4405, 55.7657], [12.4408, 55.7656], [12.441, 55.7656], [12.4413, 55.7656], [12.4415, 55.7655], [12.4417, 55.7655], [12.442, 55.7654], [12.4422, 55.7654], [12.4425, 55.7653], [12.4427, 55.7652], [12.443, 55.7651], [12.4433, 55.7651], [12.4436, 55.765], [12.4438, 55.7649], [12.4442, 55.7648], [12.4445, 55.7646], [12.4489, 55.7628], [12.4492, 55.7627], [12.4495, 55.7626], [12.4498, 55.7625], [12.4501, 55.7623], [12.4504, 55.7623], [12.4506, 55.7622], [12.4508, 55.7621], [12.4511, 55.7621], [12.4513, 55.762], [12.4516, 55.7619], [12.4518, 55.7619], [12.4521, 55.7618], [12.4523, 55.7618], [12.4526, 55.7617], [12.4529, 55.7617], [12.4532, 55.7617]], [[12.4532, 55.7617], [12.4537, 55.7616], [12.4543, 55.7615]], [[12.4543, 55.7615], [12.4545, 55.7615], [12.4629, 55.7608], [12.4633, 55.7607], [12.4638, 55.7607], [12.464, 55.7606], [12.4643, 55.7606], [12.4646, 55.7605], [12.4649, 55.7605], [12.4651, 55.7604], [12.4654, 55.7604], [12.4656, 55.7603], [12.4659, 55.7603], [12.4661, 55.7602], [12.4664, 55.7602], [12.4666, 55.7601], [12.4668, 55.76], [12.4671, 55.76], [12.4673, 55.7599], [12.4675, 55.7598], [12.4679, 55.7597], [12.4682, 55.7595], [12.4685, 55.7594], [12.4688, 55.7593], [12.4692, 55.7591], [12.4695, 55.759], [12.4698, 55.7588], [12.4701, 55.7586], [12.4705, 55.7584], [12.473, 55.7567], [12.4734, 55.7564]], [[12.4734, 55.7564], [12.474, 55.756]], [[12.474, 55.756], [12.4753, 55.7552], [12.4755, 55.7551], [12.4756, 55.755], [12.4758, 55.7548], [12.476, 55.7547], [12.4762, 55.7546], [12.4763, 55.7544], [12.4765, 55.7543], [12.4766, 55.7542], [12.4768, 55.754], [12.4769, 55.7539], [12.4771, 55.7537], [12.4772, 55.7536], [12.478, 55.7527], [12.4782, 55.7524], [12.4784, 55.7522], [12.4785, 55.752], [12.4786, 55.7519], [12.4788, 55.7517], [12.4789, 55.7516], [12.4791, 55.7514], [12.4793, 55.7513], [12.4794, 55.7511], [12.4796, 55.751], [12.4799, 55.7507], [12.4803, 55.7505], [12.4805, 55.7504], [12.4808, 55.7502], [12.4811, 55.75], [12.4813, 55.7499], [12.4816, 55.7497], [12.4819, 55.7496], [12.4821, 55.7495]], [[12.4821, 55.7495], [12.4825, 55.7493]], [[12.4825, 55.7493], [12.4829, 55.7492], [12.4832, 55.749], [12.4835, 55.7489], [12.4839, 55.7488], [12.4843, 55.7487], [12.4846, 55.7485], [12.485, 55.7484], [12.4854, 55.7483], [12.4858, 55.7482], [12.4862, 55.7481], [12.4867, 55.7481], [12.4871, 55.748], [12.4875, 55.7479], [12.4879, 55.7479], [12.4884, 55.7478], [12.4893, 55.7477], [12.4902, 55.7476], [12.4942, 55.7471], [12.4947, 55.747]], [[12.4947, 55.747], [12.4953, 55.7469]], [[12.4953, 55.7469], [12.4985, 55.7466], [12.5015, 55.7462], [12.502, 55.7461], [12.5023, 55.7461], [12.5026, 55.746], [12.5029, 55.746], [12.5032, 55.7459], [12.5035, 55.7459], [12.5038, 55.7458], [12.5042, 55.7457], [12.5046, 55.7456], [12.5049, 55.7456], [12.5052, 55.7455], [12.5054, 55.7454], [12.5057, 55.7453], [12.506, 55.7453], [12.5062, 55.7452], [12.5071, 55.7449], [12.5074, 55.7448], [12.5076, 55.7447], [12.5079, 55.7446], [12.5106, 55.7438], [12.5111, 55.7436], [12.5115, 55.7435], [12.5162, 55.7419], [12.5172, 55.7416], [12.5181, 55.7413], [12.5191, 55.741], [12.52, 55.7407], [12.5209, 55.7404], [12.5217, 55.7401], [12.5221, 55.74], [12.5225, 55.7398], [12.523, 55.7396], [12.5239, 55.7393], [12.5242, 55.7392], [12.5244, 55.7391], [12.5246, 55.7391], [12.5263, 55.7386], [12.5266, 55.7385], [12.5268, 55.7384], [12.5273, 55.7383], [12.5277, 55.7381], [12.528, 55.738], [12.5283, 55.7379], [12.5286, 55.7378], [12.5288, 55.7377], [12.5291, 55.7376], [12.5294, 55.7375], [12.5296, 55.7374], [12.5299, 55.7373], [12.5301, 55.7371], [12.5305, 55.737], [12.5308, 55.7368], [12.5312, 55.7366], [12.5315, 55.7364], [12.5318, 55.7363], [12.532, 55.7361], [12.5323, 55.7359], [12.5326, 55.7358], [12.5329, 55.7356], [12.5332, 55.7354], [12.5334, 55.7352], [12.5336, 55.735], [12.5339, 55.7348], [12.5341, 55.7346], [12.5343, 55.7345], [12.5344, 55.7344], [12.5345, 55.7342], [12.5347, 55.7341], [12.5348, 55.7339], [12.5349, 55.7338], [12.535, 55.7336], [12.5352, 55.7334], [12.5359, 55.7324], [12.5361, 55.7321]], [[12.5361, 55.7321], [12.5364, 55.7317]], [[12.5364, 55.7317], [12.5365, 55.7316], [12.5366, 55.7314], [12.5367, 55.7312], [12.5368, 55.731], [12.5369, 55.7308], [12.5371, 55.7303], [12.5372, 55.7299], [12.54, 55.7224], [12.5401, 55.7223], [12.5402, 55.722], [12.5403, 55.7218], [12.5404, 55.7216], [12.5405, 55.7214], [12.5407, 55.7212], [12.5409, 55.7209], [12.541, 55.7207], [12.5413, 55.7204], [12.5415, 55.72]], [[12.5415, 55.72], [12.5416, 55.7199], [12.5419, 55.7195], [12.545, 55.7155]], [[12.545, 55.7155], [12.5451, 55.7153], [12.5452, 55.7152], [12.5453, 55.715], [12.5454, 55.7148], [12.5455, 55.7146], [12.5456, 55.7144], [12.5457, 55.714], [12.5458, 55.7139], [12.5458, 55.7138], [12.5459, 55.7136], [12.5459, 55.7135], [12.546, 55.7134], [12.5461, 55.7133], [12.5462, 55.7131], [12.5463, 55.713], [12.5464, 55.7129], [12.5465, 55.7128], [12.5466, 55.7127], [12.5468, 55.7126], [12.5469, 55.7125], [12.5471, 55.7124], [12.5472, 55.7123], [12.5474, 55.7123], [12.5476, 55.7122], [12.5477, 55.7121]], [[12.5477, 55.7121], [12.5479, 55.712], [12.5481, 55.712], [12.5483, 55.7119], [12.5485, 55.7119], [12.5488, 55.7118], [12.549, 55.7118], [12.5492, 55.7117], [12.5494, 55.7117], [12.5496, 55.7117], [12.5498, 55.7116], [12.55, 55.7116], [12.5503, 55.7116], [12.5505, 55.7116], [12.5507, 55.7116], [12.5509, 55.7116], [12.5511, 55.7116], [12.5513, 55.7116], [12.5515, 55.7117], [12.5517, 55.7117], [12.5518, 55.7117]], [[12.5518, 55.7117], [12.5521, 55.7118], [12.5523, 55.7118], [12.5526, 55.7118], [12.5528, 55.7119], [12.5531, 55.712], [12.5533, 55.712], [12.5535, 55.7121], [12.5538, 55.7121], [12.554, 55.7122], [12.5542, 55.7123], [12.5544, 55.7123], [12.5547, 55.7124], [12.5549, 55.7125], [12.5551, 55.7126], [12.5553, 55.7126], [12.5555, 55.7127], [12.5557, 55.7128], [12.5559, 55.7129], [12.5561, 55.713], [12.5563, 55.7131], [12.5565, 55.7132], [12.5567, 55.7132], [12.5568, 55.7133]], [[12.5568, 55.7133], [12.557, 55.7134], [12.5571, 55.7135], [12.5582, 55.7142]], [[12.5582, 55.7142], [12.5584, 55.7143], [12.5587, 55.7144], [12.5589, 55.7146], [12.5591, 55.7147], [12.5592, 55.7148], [12.5594, 55.715], [12.5597, 55.7152]], [[12.5597, 55.7152], [12.5599, 55.7154], [12.5603, 55.7157], [12.5605, 55.7158], [12.5606, 55.7159], [12.5608, 55.716], [12.5609, 55.7161], [12.5611, 55.7162], [12.5613, 55.7163], [12.5614, 55.7163], [12.5615, 55.7164], [12.5617, 55.7164], [12.5618, 55.7165], [12.562, 55.7166], [12.5622, 55.7167], [12.5624, 55.7167], [12.5626, 55.7168], [12.5629, 55.7168], [12.5631, 55.7169], [12.5633, 55.7169], [12.5635, 55.717], [12.5637, 55.717], [12.564, 55.717], [12.5642, 55.7171], [12.5644, 55.7171], [12.5647, 55.7171], [12.5649, 55.7171], [12.5651, 55.7171], [12.5654, 55.7171], [12.5657, 55.7171], [12.5659, 55.7171], [12.5666, 55.7171], [12.5678, 55.7171]], [[12.5678, 55.7171], [12.568, 55.7171], [12.5724, 55.717], [12.5727, 55.717], [12.573, 55.717], [12.5734, 55.7169], [12.5736, 55.7169], [12.5738, 55.7169], [12.5741, 55.7169], [12.5743, 55.7168], [12.5745, 55.7168], [12.5748, 55.7168], [12.575, 55.7167], [12.5752, 55.7167], [12.5754, 55.7166], [12.5757, 55.7165], [12.5759, 55.7165], [12.5761, 55.7164], [12.5763, 55.7163], [12.5767, 55.7162], [12.5787, 55.7155], [12.5809, 55.7147]], [[12.5809, 55.7147], [12.5823, 55.7142], [12.5827, 55.714], [12.5837, 55.7136]], [[12.5837, 55.7136], [12.5841, 55.7134], [12.5845, 55.7133], [12.5851, 55.713], [12.5857, 55.7126], [12.5862, 55.7123], [12.5866, 55.712], [12.5872, 55.7115], [12.5875, 55.7113], [12.588, 55.7108], [12.5883, 55.7104], [12.5887, 55.7099], [12.589, 55.7094], [12.5892, 55.7091]], [[12.5892, 55.7091], [12.5893, 55.7089]], [[12.5893, 55.7089], [12.59, 55.7073]], [[12.59, 55.7073], [12.5901, 55.707]], [[12.5901, 55.707], [12.5903, 55.7067], [12.5904, 55.7064], [12.5909, 55.705], [12.591, 55.7046], [12.5911, 55.7044], [12.5912, 55.7042], [12.5912, 55.704], [12.5912, 55.7038], [12.5914, 55.7029]], [[12.5914, 55.7029], [12.5917, 55.7002]], [[12.5917, 55.7002], [12.592, 55.6982], [12.592, 55.6979], [12.592, 55.6977], [12.592, 55.6975], [12.592, 55.6973], [12.592, 55.697], [12.5919, 55.6968], [12.5919, 55.6966], [12.5918, 55.6964], [12.5918, 55.6962], [12.5917, 55.696], [12.5916, 55.6959], [12.5915, 55.6957], [12.5914, 55.6956], [12.5913, 55.6955], [12.5912, 55.6953], [12.591, 55.6951], [12.5908, 55.6949], [12.5905, 55.6947], [12.5904, 55.6946], [12.5902, 55.6946], [12.5899, 55.6943], [12.5898, 55.6943], [12.5885, 55.6935]], [[12.5885, 55.6935], [12.5883, 55.6934], [12.5871, 55.6927]], [[12.5871, 55.6927], [12.5862, 55.6922]], [[12.5862, 55.6922], [12.5838, 55.6907], [12.5832, 55.6903], [12.5826, 55.6899]], [[12.5826, 55.6899], [12.5821, 55.6897], [12.582, 55.6896], [12.5817, 55.6894], [12.5802, 55.6887]], [[12.5802, 55.6887], [12.5799, 55.6885], [12.5797, 55.6884], [12.5772, 55.687], [12.5769, 55.6869], [12.5766, 55.6867], [12.5763, 55.6865], [12.5758, 55.6862], [12.5734, 55.6845], [12.5726, 55.6841], [12.5723, 55.6839], [12.5717, 55.6835], [12.5712, 55.6832], [12.5709, 55.6829], [12.5697, 55.682], [12.5692, 55.6816]], [[12.5692, 55.6816], [12.5676, 55.6804], [12.5673, 55.6802]], [[12.5673, 55.6802], [12.5671, 55.68], [12.5669, 55.6799], [12.5667, 55.6798], [12.5663, 55.6795], [12.5661, 55.6795]], [[12.5661, 55.6795], [12.5654, 55.6791], [12.5651, 55.679], [12.5645, 55.6787], [12.5644, 55.6786], [12.5643, 55.6786]], [[12.5643, 55.6786], [12.5642, 55.6786], [12.564, 55.6784], [12.5639, 55.6784], [12.5637, 55.6782], [12.5635, 55.6781], [12.5633, 55.6779], [12.5632, 55.6778], [12.563, 55.6776], [12.563, 55.6775], [12.5629, 55.6774], [12.5628, 55.6773], [12.5627, 55.6771], [12.5626, 55.677], [12.5625, 55.6768], [12.5624, 55.6767], [12.5624, 55.6766], [12.5624, 55.6765], [12.5623, 55.6762], [12.5623, 55.6761], [12.5623, 55.6759], [12.5623, 55.6758]], [[12.5623, 55.6758], [12.5623, 55.6757], [12.5623, 55.6756], [12.5624, 55.6754], [12.5624, 55.6753], [12.5625, 55.6751]], [[12.5625, 55.6751], [12.5626, 55.6749], [12.5629, 55.6741], [12.5631, 55.6739], [12.5631, 55.6737]], [[12.5631, 55.6737], [12.5633, 55.6733], [12.5634, 55.6732], [12.5634, 55.6731], [12.5635, 55.673], [12.5636, 55.6728], [12.5638, 55.6726], [12.5642, 55.6723]], [[12.5642, 55.6723], [12.5644, 55.6721], [12.5649, 55.6716], [12.5651, 55.6715], [12.5652, 55.6713]], [[12.5652, 55.6713], [12.5653, 55.6712], [12.5654, 55.6711], [12.5655, 55.6709], [12.5655, 55.6707], [12.5655, 55.6706], [12.5656, 55.6705]], [[12.5656, 55.6705], [12.5656, 55.6704], [12.5657, 55.6703], [12.5657, 55.6702], [12.5657, 55.6701], [12.5657, 55.67], [12.5657, 55.6699], [12.5657, 55.6698], [12.5657, 55.6697], [12.5657, 55.6696], [12.5656, 55.6695], [12.5656, 55.6694], [12.5656, 55.6692], [12.5655, 55.6691], [12.5655, 55.669], [12.5654, 55.6689], [12.5654, 55.6688], [12.5653, 55.6687], [12.5652, 55.6686], [12.5651, 55.6685], [12.565, 55.6684], [12.5649, 55.6682], [12.5648, 55.6681], [12.5647, 55.668], [12.5645, 55.668], [12.5644, 55.6679], [12.5643, 55.6678], [12.5642, 55.6677], [12.564, 55.6676], [12.5638, 55.6675], [12.5637, 55.6674]], [[12.5637, 55.6674], [12.5635, 55.6673], [12.5632, 55.6672], [12.5626, 55.6669], [12.5622, 55.6667], [12.5618, 55.6665], [12.5615, 55.6664], [12.5613, 55.6663]], [[12.5613, 55.6663], [12.5602, 55.6658], [12.56, 55.6656], [12.5597, 55.6655], [12.5595, 55.6654], [12.5592, 55.6653], [12.5591, 55.6653]], [[12.5591, 55.6653], [12.5582, 55.665]], [[12.5582, 55.665], [12.5581, 55.665], [12.5579, 55.665], [12.5577, 55.6649], [12.5575, 55.6649], [12.5572, 55.6648], [12.557, 55.6648], [12.5568, 55.6647], [12.5565, 55.6647], [12.5563, 55.6647], [12.556, 55.6646], [12.5555, 55.6646], [12.5545, 55.6645]], [[12.5545, 55.6645], [12.5539, 55.6644], [12.5533, 55.6644], [12.5525, 55.6643], [12.5521, 55.6642], [12.5512, 55.6641], [12.5508, 55.6641], [12.5505, 55.664], [12.5501, 55.664]], [[12.5501, 55.664], [12.5475, 55.6636], [12.5473, 55.6636], [12.5471, 55.6635], [12.5469, 55.6635], [12.5467, 55.6635], [12.5466, 55.6634], [12.5464, 55.6634], [12.5462, 55.6633], [12.546, 55.6633], [12.5458, 55.6632], [12.5453, 55.6631], [12.5451, 55.663], [12.545, 55.663], [12.5448, 55.663], [12.5446, 55.6629], [12.5444, 55.6629], [12.5442, 55.6629], [12.544, 55.6628], [12.5438, 55.6628], [12.5436, 55.6628], [12.5434, 55.6628], [12.5431, 55.6628], [12.5429, 55.6628], [12.5427, 55.6628], [12.5425, 55.6628], [12.5423, 55.6628], [12.5421, 55.6628], [12.5413, 55.6629], [12.5401, 55.6632], [12.5396, 55.6632], [12.5392, 55.6633], [12.5388, 55.6633], [12.5384, 55.6634]], [[12.5384, 55.6634], [12.5378, 55.6634], [12.5373, 55.6635], [12.5369, 55.6635], [12.5365, 55.6635], [12.5362, 55.6635], [12.5359, 55.6635], [12.5353, 55.6635]], [[12.5353, 55.6635], [12.5345, 55.6635], [12.5343, 55.6635], [12.5341, 55.6635], [12.534, 55.6635], [12.5338, 55.6635], [12.5336, 55.6635], [12.5332, 55.6635], [12.5328, 55.6635], [12.5325, 55.6635], [12.5309, 55.6636]], [[12.5309, 55.6636], [12.5234, 55.6637], [12.5206, 55.6638]], [[12.5206, 55.6638], [12.5203, 55.6638]], [[12.5203, 55.6638], [12.5195, 55.6638], [12.5185, 55.6638], [12.5182, 55.6638], [12.5173, 55.6638]], [[12.5173, 55.6638], [12.5172, 55.6638], [12.5163, 55.6638], [12.5157, 55.6638], [12.5146, 55.6639], [12.514, 55.6639], [12.5136, 55.6639], [12.5132, 55.6639], [12.5122, 55.6639], [12.5121, 55.6639], [12.5119, 55.6639], [12.5118, 55.6639], [12.5112, 55.664]], [[12.5112, 55.664], [12.5105, 55.664]], [[12.5105, 55.664], [12.5098, 55.6641], [12.5095, 55.6641], [12.5092, 55.6641], [12.5089, 55.6641], [12.5087, 55.6641], [12.5083, 55.6641]], [[12.5083, 55.6641], [12.5079, 55.6641], [12.5076, 55.6641], [12.5074, 55.6641], [12.5066, 55.6641], [12.5058, 55.664], [12.5054, 55.664], [12.5049, 55.664], [12.5045, 55.664], [12.5036, 55.664], [12.5034, 55.664], [12.4965, 55.6641], [12.4961, 55.6642], [12.4958, 55.6642], [12.4956, 55.6642], [12.4954, 55.6642], [12.4953, 55.6642], [12.4948, 55.6642], [12.4946, 55.6642], [12.4944, 55.6642], [12.4943, 55.6643], [12.4941, 55.6643]], [[12.4941, 55.6643], [12.4938, 55.6643], [12.4937, 55.6643], [12.4933, 55.6643]], [[12.4933, 55.6643], [12.4927, 55.6643], [12.4924, 55.6643], [12.4922, 55.6643], [12.492, 55.6643], [12.4917, 55.6643]], [[12.4917, 55.6643], [12.4909, 55.6643], [12.4905, 55.6642], [12.4902, 55.6642], [12.4899, 55.6642], [12.4835, 55.6643]], [[12.4835, 55.6643], [12.4828, 55.6644]], [[12.4828, 55.6644], [12.4819, 55.6644], [12.4804, 55.6644], [12.4801, 55.6644], [12.4797, 55.6644], [12.4794, 55.6644], [12.4783, 55.6645], [12.478, 55.6645], [12.4777, 55.6645], [12.475, 55.6646], [12.474, 55.6646]], [[12.474, 55.6646], [12.4736, 55.6646]], [[12.4736, 55.6646], [12.4732, 55.6646], [12.4723, 55.6646], [12.4719, 55.6646], [12.4714, 55.6646], [12.4665, 55.6646], [12.4661, 55.6646], [12.4657, 55.6647], [12.4653, 55.6647], [12.4649, 55.6647], [12.4645, 55.6647], [12.4641, 55.6647], [12.4626, 55.6648], [12.4621, 55.6648], [12.4616, 55.6648], [12.4607, 55.6649], [12.4595, 55.6649], [12.4586, 55.6649], [12.4582, 55.6649], [12.4578, 55.6649], [12.4574, 55.6649], [12.457, 55.6649], [12.4558, 55.6648]], [[12.4558, 55.6648], [12.4555, 55.6648], [12.4552, 55.6648], [12.4549, 55.6648]], [[12.4549, 55.6648], [12.4546, 55.6648], [12.4542, 55.6648], [12.4474, 55.6649], [12.4468, 55.6649], [12.4463, 55.6649], [12.4458, 55.6649], [12.4452, 55.665], [12.4441, 55.665], [12.4421, 55.6651], [12.441, 55.6651], [12.4408, 55.6651], [12.4404, 55.6652], [12.44, 55.6652], [12.4397, 55.6652], [12.4395, 55.6652], [12.4391, 55.6651], [12.4388, 55.6651], [12.4376, 55.6651], [12.4373, 55.6651], [12.4369, 55.6651], [12.4365, 55.6651], [12.4362, 55.6651], [12.4253, 55.6652], [12.4248, 55.6652], [12.4243, 55.6652], [12.4238, 55.6652], [12.4234, 55.6652]], [[12.4234, 55.6652], [12.4224, 55.6652]], [[12.4224, 55.6652], [12.4215, 55.6652], [12.4202, 55.6652], [12.4197, 55.6651], [12.4179, 55.665], [12.4165, 55.665], [12.4157, 55.6649], [12.415, 55.6648], [12.4143, 55.6648], [12.4136, 55.6647], [12.4073, 55.664], [12.4064, 55.6639], [12.4055, 55.6638], [12.4046, 55.6637], [12.4009, 55.6634], [12.4005, 55.6633], [12.3995, 55.6632], [12.3987, 55.6631], [12.3964, 55.6629], [12.3961, 55.6629], [12.3958, 55.6628]], [[12.3958, 55.6628], [12.3933, 55.6625], [12.3929, 55.6625], [12.3925, 55.6624], [12.3921, 55.6624], [12.3907, 55.6622], [12.3903, 55.6621], [12.3898, 55.6621], [12.3892, 55.662], [12.38, 55.661], [12.3631, 55.6591]], [[12.3631, 55.6591], [12.3598, 55.6587], [12.3592, 55.6587], [12.3586, 55.6586], [12.3581, 55.6586], [12.3541, 55.6582], [12.3537, 55.6582], [12.3533, 55.6582], [12.3531, 55.6581], [12.3529, 55.6581], [12.3525, 55.6581], [12.3522, 55.658], [12.3519, 55.658], [12.351, 55.6578], [12.3507, 55.6578], [12.3504, 55.6577], [12.3501, 55.6577], [12.3499, 55.6576], [12.3496, 55.6576], [12.3413, 55.6567], [12.3399, 55.6565]], [[12.3399, 55.6565], [12.3344, 55.6559]], [[12.3344, 55.6559], [12.334, 55.6559]], [[12.334, 55.6559], [12.3254, 55.6549], [12.3236, 55.6547]], [[12.3236, 55.6547], [12.3223, 55.6546]], [[12.3223, 55.6546], [12.3134, 55.6536], [12.3116, 55.6534]], [[12.3116, 55.6534], [12.3106, 55.6533], [12.3099, 55.6532], [12.3093, 55.6532], [12.3086, 55.6531], [12.3075, 55.653], [12.3069, 55.653], [12.3063, 55.6529], [12.3058, 55.6529], [12.3054, 55.6529], [12.305, 55.6528], [12.3045, 55.6528]], [[12.3045, 55.6528], [12.3036, 55.6527]], [[12.3036, 55.6527], [12.3021, 55.6526], [12.3, 55.6524], [12.2994, 55.6523]], [[12.2994, 55.6523], [12.299, 55.6523], [12.2986, 55.6522], [12.2982, 55.6522], [12.2979, 55.6522], [12.2975, 55.6521], [12.297, 55.6521], [12.2963, 55.6521], [12.2938, 55.6519], [12.2935, 55.6518], [12.293, 55.6518]], [[12.293, 55.6518], [12.2926, 55.6517], [12.2923, 55.6517], [12.2919, 55.6516], [12.2916, 55.6516]], [[12.2916, 55.6516], [12.2908, 55.6515]], [[12.2908, 55.6515], [12.2894, 55.6512], [12.2886, 55.6511]], [[12.2886, 55.6511], [12.2818, 55.6502], [12.2808, 55.6501], [12.2801, 55.65], [12.279, 55.6499]], [[12.279, 55.6499], [12.2781, 55.6498], [12.2771, 55.6497], [12.2758, 55.6496]], [[12.2758, 55.6496], [12.2743, 55.6495], [12.2734, 55.6494], [12.2726, 55.6494], [12.2718, 55.6493], [12.2699, 55.6492], [12.2695, 55.6491], [12.2692, 55.6491], [12.2685, 55.649], [12.2663, 55.6488]], [[12.2692, 55.649], [12.2675, 55.6488], [12.2664, 55.6487]], [[12.4578, 55.6647], [12.4607, 55.6647], [12.4592, 55.6648], [12.4591, 55.6648], [12.4589, 55.6648], [12.4587, 55.6648], [12.4578, 55.6648], [12.4578, 55.6647]], [[12.5157, 55.6638], [12.5146, 55.6638], [12.514, 55.6638], [12.5136, 55.6638], [12.5131, 55.6638], [12.5127, 55.6638], [12.5122, 55.6638], [12.5114, 55.6638], [12.5122, 55.6637], [12.5127, 55.6637], [12.5131, 55.6637], [12.5136, 55.6637], [12.514, 55.6637], [12.5146, 55.6637], [12.5157, 55.6637], [12.5157, 55.6638]], [[12.5345, 55.6635], [12.5349, 55.6634], [12.5353, 55.6634], [12.5359, 55.6634], [12.5365, 55.6634], [12.5368, 55.6634], [12.5369, 55.6634], [12.5372, 55.6634], [12.5376, 55.6633]], [[12.5594, 55.6649], [12.5597, 55.665], [12.5598, 55.6651], [12.5602, 55.6653], [12.5612, 55.6658], [12.5616, 55.666], [12.5613, 55.6658], [12.5603, 55.6652], [12.5599, 55.6651], [12.5597, 55.665], [12.5595, 55.6649], [12.5597, 55.665], [12.5595, 55.6649], [12.5594, 55.6649]], [[12.5899, 55.6942], [12.5892, 55.6938], [12.5874, 55.6927]], [[12.5904, 55.7065], [12.5907, 55.706], [12.5909, 55.7053], [12.5911, 55.705], [12.5911, 55.7048], [12.5912, 55.7046]], [[12.581, 55.7148], [12.5798, 55.7152], [12.5787, 55.7156], [12.5788, 55.7157], [12.5799, 55.7153], [12.581, 55.7148]], [[12.5416, 55.72], [12.5413, 55.7204], [12.5411, 55.7207], [12.541, 55.7209], [12.5408, 55.7212], [12.5406, 55.7215], [12.5405, 55.7216], [12.5404, 55.7218], [12.5405, 55.7218], [12.5406, 55.7216], [12.5407, 55.7215], [12.5407, 55.7214], [12.5408, 55.7212], [12.541, 55.721], [12.5411, 55.7208], [12.5412, 55.7208], [12.5412, 55.7207], [12.5414, 55.7204], [12.5415, 55.7203], [12.5417, 55.72], [12.5416, 55.72]], [[12.524, 55.7394], [12.5243, 55.7393], [12.5245, 55.7393], [12.5247, 55.7392], [12.5249, 55.7391], [12.5257, 55.7389], [12.5263, 55.7386]], [[12.4714, 55.7578], [12.4733, 55.7567]], [[12.4545, 55.7617], [12.4571, 55.7614]], [[12.407, 55.7657], [12.407, 55.7658], [12.4072, 55.7657], [12.4074, 55.7656], [12.4091, 55.7648], [12.409, 55.7648], [12.407, 55.7657]], [[12.2664, 55.6487], [12.2686, 55.6489], [12.2703, 55.6491], [12.271, 55.6492], [12.2722, 55.6493], [12.2726, 55.6493], [12.2732, 55.6494], [12.2734, 55.6494], [12.2743, 55.6495]], [[12.2743, 55.6495], [12.2758, 55.6496], [12.2771, 55.6497], [12.2781, 55.6498], [12.279, 55.6499]], [[12.279, 55.6499], [12.2801, 55.65], [12.2818, 55.6502], [12.286, 55.6506], [12.2881, 55.6509], [12.2902, 55.6511], [12.2926, 55.6514], [12.2937, 55.6516], [12.2947, 55.6517], [12.2958, 55.6518], [12.2968, 55.6519], [12.2985, 55.6521], [12.3001, 55.6522]], [[12.3001, 55.6522], [12.3021, 55.6524], [12.3036, 55.6526]], [[12.3036, 55.6526], [12.3042, 55.6526]], [[12.3042, 55.6526], [12.3045, 55.6527], [12.3076, 55.653], [12.3087, 55.6531], [12.3093, 55.6531], [12.3099, 55.6532], [12.3106, 55.6533], [12.3134, 55.6536], [12.3146, 55.6537]], [[12.3146, 55.6537], [12.3224, 55.6546]], [[12.3224, 55.6546], [12.3236, 55.6547]], [[12.3236, 55.6547], [12.3254, 55.6549], [12.3336, 55.6558], [12.334, 55.6559]], [[12.334, 55.6559], [12.3345, 55.6559]], [[12.3345, 55.6559], [12.3399, 55.6565], [12.3413, 55.6567], [12.3496, 55.6576], [12.3538, 55.658], [12.3632, 55.6591]], [[12.3632, 55.6591], [12.38, 55.6609], [12.3959, 55.6627]], [[12.3959, 55.6627], [12.3988, 55.663], [12.3996, 55.6631], [12.4009, 55.6633], [12.402, 55.6634], [12.4036, 55.6636], [12.4046, 55.6637], [12.4055, 55.6638], [12.4064, 55.6639], [12.4073, 55.6639], [12.4136, 55.6646], [12.4143, 55.6647], [12.415, 55.6648], [12.4157, 55.6648], [12.4165, 55.6649], [12.4179, 55.665], [12.4197, 55.6651], [12.4202, 55.6651], [12.4215, 55.6652], [12.4224, 55.6652]], [[12.4234, 55.6652], [12.4238, 55.6652], [12.4243, 55.6652], [12.4248, 55.6652], [12.4253, 55.6652], [12.441, 55.665], [12.4549, 55.6648]], [[12.4549, 55.6648], [12.4558, 55.6648]], [[12.4558, 55.6648], [12.4589, 55.6647], [12.4684, 55.6646], [12.4692, 55.6646], [12.4736, 55.6645]], [[12.4736, 55.6645], [12.4741, 55.6644]], [[12.4741, 55.6644], [12.475, 55.6644], [12.4828, 55.6643]], [[12.4828, 55.6643], [12.4835, 55.6643]], [[12.4835, 55.6643], [12.4917, 55.6642]], [[12.4917, 55.6642], [12.4933, 55.6642]], [[12.4933, 55.6642], [12.4937, 55.6642], [12.4941, 55.6641]], [[12.4941, 55.6641], [12.5023, 55.664], [12.5047, 55.664], [12.5057, 55.664]], [[12.5057, 55.664], [12.508, 55.6639], [12.5101, 55.6638], [12.5111, 55.6638], [12.5114, 55.6638]], [[12.5114, 55.6638], [12.5122, 55.6637], [12.5127, 55.6637], [12.5131, 55.6637], [12.5136, 55.6637], [12.514, 55.6637], [12.5146, 55.6637], [12.5157, 55.6637], [12.5169, 55.6637], [12.5172, 55.6638], [12.5179, 55.6638], [12.5185, 55.6638]], [[12.5185, 55.6638], [12.5192, 55.6638], [12.52, 55.6637], [12.5203, 55.6637]], [[12.5203, 55.6637], [12.5309, 55.6636]], [[12.5309, 55.6636], [12.5325, 55.6635], [12.5345, 55.6634], [12.5353, 55.6634], [12.5359, 55.6634], [12.5361, 55.6634], [12.5365, 55.6634], [12.5369, 55.6634]], [[12.5369, 55.6634], [12.5372, 55.6633], [12.5378, 55.6633], [12.5384, 55.6633], [12.5388, 55.6632], [12.5392, 55.6632], [12.5396, 55.6631], [12.5401, 55.6631], [12.5413, 55.6629], [12.542, 55.6628], [12.5423, 55.6628], [12.5425, 55.6627], [12.5427, 55.6627], [12.5429, 55.6627], [12.5431, 55.6627], [12.5434, 55.6627], [12.5436, 55.6627], [12.5438, 55.6627], [12.5441, 55.6627], [12.5445, 55.6627], [12.5448, 55.6628], [12.545, 55.6628]], [[12.545, 55.6628], [12.5452, 55.6628], [12.5454, 55.6628], [12.5455, 55.6628], [12.5457, 55.6629], [12.5458, 55.6629], [12.546, 55.6629], [12.5461, 55.6629], [12.5463, 55.663], [12.5475, 55.6632], [12.5477, 55.6632], [12.5478, 55.6633], [12.5481, 55.6633]], [[12.5481, 55.6633], [12.5483, 55.6634], [12.5486, 55.6634], [12.5489, 55.6634], [12.5492, 55.6635], [12.5494, 55.6635], [12.5497, 55.6636], [12.55, 55.6636], [12.5503, 55.6636], [12.5505, 55.6637], [12.5508, 55.6637], [12.551, 55.6637], [12.5524, 55.6638], [12.5528, 55.6639], [12.5537, 55.6639], [12.5541, 55.664], [12.5545, 55.664], [12.5548, 55.664], [12.5565, 55.6642], [12.5568, 55.6642], [12.557, 55.6643], [12.5573, 55.6643], [12.5575, 55.6643], [12.5578, 55.6644], [12.558, 55.6644], [12.5583, 55.6645], [12.5585, 55.6646], [12.5587, 55.6646], [12.5589, 55.6647], [12.5591, 55.6647], [12.5593, 55.6648], [12.5595, 55.6649]], [[12.5595, 55.6649], [12.5598, 55.665], [12.5599, 55.665], [12.5603, 55.6652]], [[12.5603, 55.6652], [12.5613, 55.6658], [12.5616, 55.666]], [[12.5616, 55.666], [12.5621, 55.6662], [12.5623, 55.6663], [12.563, 55.6666], [12.5638, 55.667], [12.564, 55.6671], [12.5642, 55.6672], [12.5644, 55.6673], [12.5646, 55.6674], [12.5647, 55.6675], [12.5649, 55.6676], [12.565, 55.6677], [12.5651, 55.6679], [12.5653, 55.668], [12.5654, 55.6681], [12.5655, 55.6682], [12.5655, 55.6683], [12.5657, 55.6684], [12.5658, 55.6686], [12.5659, 55.6688], [12.566, 55.6689], [12.566, 55.6691], [12.5661, 55.6692], [12.5661, 55.6693], [12.5661, 55.6694], [12.5662, 55.6695], [12.5662, 55.6697], [12.5662, 55.6698], [12.5662, 55.6699], [12.5662, 55.67], [12.5662, 55.6701], [12.5662, 55.6702], [12.5662, 55.6703], [12.5662, 55.6704], [12.5661, 55.6704], [12.5661, 55.6706], [12.566, 55.6708]], [[12.566, 55.6708], [12.5659, 55.671], [12.5658, 55.6712], [12.5657, 55.6713], [12.5656, 55.6715]], [[12.5656, 55.6715], [12.5655, 55.6716], [12.5653, 55.6718], [12.5648, 55.6723], [12.5647, 55.6724]], [[12.5647, 55.6724], [12.5637, 55.6732]], [[12.5637, 55.6732], [12.5636, 55.6734], [12.5635, 55.6735], [12.5633, 55.6738]], [[12.5633, 55.6738], [12.5632, 55.6739]], [[12.5632, 55.6739], [12.5631, 55.6741], [12.5628, 55.6748], [12.5627, 55.6751]], [[12.5627, 55.6751], [12.5626, 55.6752], [12.5626, 55.6754], [12.5625, 55.6756], [12.5625, 55.6757]], [[12.5625, 55.6757], [12.5625, 55.6758], [12.5625, 55.676], [12.5625, 55.6761], [12.5625, 55.6763], [12.5625, 55.6764], [12.5626, 55.6766], [12.5626, 55.6767], [12.5627, 55.6769], [12.5628, 55.6771], [12.5631, 55.6775], [12.5632, 55.6776], [12.5633, 55.6778], [12.5635, 55.6779], [12.5636, 55.678], [12.5638, 55.6781], [12.5639, 55.6782], [12.5641, 55.6784], [12.5643, 55.6785]], [[12.5643, 55.6785], [12.5644, 55.6786], [12.5646, 55.6787], [12.5661, 55.6794]], [[12.5661, 55.6794], [12.5663, 55.6795], [12.5667, 55.6797], [12.5669, 55.6798], [12.5671, 55.68], [12.5673, 55.6801]], [[12.5673, 55.6801], [12.5678, 55.6804], [12.5693, 55.6816]], [[12.5693, 55.6816], [12.5698, 55.6821], [12.5703, 55.6824], [12.5707, 55.6827], [12.5718, 55.6834], [12.5725, 55.6838], [12.5731, 55.6842], [12.5735, 55.6845], [12.5758, 55.6861], [12.5763, 55.6864], [12.5766, 55.6866], [12.5768, 55.6867], [12.5773, 55.687], [12.5799, 55.6885], [12.5803, 55.6887]], [[12.5803, 55.6887], [12.5827, 55.6899]], [[12.5827, 55.6899], [12.5831, 55.6901], [12.5832, 55.6901], [12.5834, 55.6902], [12.5838, 55.6904], [12.5844, 55.6908], [12.5864, 55.6921]], [[12.5864, 55.6921], [12.5874, 55.6927]], [[12.5874, 55.6927], [12.5885, 55.6933], [12.5887, 55.6934]], [[12.5887, 55.6934], [12.5896, 55.694], [12.59, 55.6942]], [[12.59, 55.6942], [12.5901, 55.6943], [12.5904, 55.6945], [12.5905, 55.6946], [12.5906, 55.6947], [12.5908, 55.6949], [12.5911, 55.6951], [12.5913, 55.6953], [12.5914, 55.6955], [12.5915, 55.6956], [12.5916, 55.6957], [12.5917, 55.6959], [12.5917, 55.696], [12.5918, 55.6962], [12.5919, 55.6964], [12.592, 55.6966], [12.592, 55.6968], [12.592, 55.697], [12.5921, 55.6973], [12.5921, 55.6975], [12.5921, 55.6977], [12.5921, 55.6979], [12.592, 55.6982], [12.5918, 55.7002]], [[12.5918, 55.7002], [12.5914, 55.7029]], [[12.5914, 55.7029], [12.5913, 55.7038], [12.5913, 55.704], [12.5912, 55.7043], [12.5912, 55.7045], [12.5912, 55.7047], [12.5911, 55.7048], [12.5911, 55.705], [12.5908, 55.7057], [12.5907, 55.706], [12.5905, 55.7065], [12.5903, 55.7067], [12.5902, 55.707]], [[12.5902, 55.707], [12.5901, 55.7073]], [[12.5901, 55.7073], [12.5894, 55.7089]], [[12.5894, 55.7089], [12.5892, 55.7092]], [[12.5892, 55.7092], [12.5891, 55.7094], [12.5888, 55.7099], [12.5884, 55.7104], [12.588, 55.7108], [12.5875, 55.7113], [12.5873, 55.7115], [12.5867, 55.712], [12.5863, 55.7123], [12.5857, 55.7127], [12.5851, 55.7131], [12.5846, 55.7133], [12.5841, 55.7135]], [[12.5841, 55.7135], [12.5836, 55.7138], [12.5832, 55.7139], [12.583, 55.7141], [12.5827, 55.7142], [12.5824, 55.7143], [12.581, 55.7148]], [[12.581, 55.7148], [12.5799, 55.7153], [12.5796, 55.7154], [12.5789, 55.7156], [12.5782, 55.7159]], [[12.5782, 55.7159], [12.5767, 55.7164], [12.5765, 55.7165], [12.5762, 55.7165], [12.576, 55.7166]], [[12.576, 55.7166], [12.5758, 55.7167], [12.5754, 55.7168], [12.5751, 55.7168], [12.5749, 55.7169], [12.5747, 55.7169], [12.5743, 55.717], [12.5738, 55.717], [12.5734, 55.7171], [12.573, 55.7171], [12.5726, 55.7171], [12.571, 55.7171]], [[12.571, 55.7171], [12.5678, 55.7172]], [[12.5678, 55.7172], [12.5665, 55.7172], [12.5659, 55.7172], [12.5657, 55.7172], [12.5654, 55.7172], [12.5651, 55.7172], [12.5649, 55.7172], [12.5647, 55.7172], [12.5644, 55.7171], [12.5642, 55.7171], [12.564, 55.7171], [12.5637, 55.7171], [12.5635, 55.717], [12.5633, 55.717], [12.563, 55.7169], [12.5628, 55.7169], [12.5626, 55.7168], [12.5624, 55.7168], [12.5622, 55.7167], [12.562, 55.7167], [12.5618, 55.7166], [12.5616, 55.7165], [12.5615, 55.7165], [12.5613, 55.7164], [12.5612, 55.7163], [12.561, 55.7162], [12.5608, 55.7162], [12.5607, 55.7161], [12.5605, 55.716], [12.5604, 55.7159], [12.5602, 55.7158], [12.5598, 55.7154], [12.5595, 55.7153]], [[12.5595, 55.7153], [12.5582, 55.7143]], [[12.5582, 55.7143], [12.558, 55.7141], [12.5578, 55.714], [12.5577, 55.7139], [12.5575, 55.7138], [12.5573, 55.7137], [12.5571, 55.7135], [12.5569, 55.7134], [12.5568, 55.7134]], [[12.5568, 55.7134], [12.5566, 55.7133], [12.5565, 55.7132], [12.5563, 55.7131], [12.5561, 55.713], [12.5559, 55.7129], [12.5557, 55.7128], [12.5555, 55.7128], [12.5553, 55.7127], [12.5551, 55.7126], [12.5548, 55.7125], [12.5546, 55.7124], [12.5544, 55.7124], [12.5542, 55.7123], [12.554, 55.7122], [12.5537, 55.7122], [12.5535, 55.7121], [12.5533, 55.712], [12.553, 55.712], [12.5528, 55.7119], [12.5526, 55.7119], [12.5523, 55.7118], [12.5521, 55.7118], [12.5518, 55.7117]], [[12.5518, 55.7117], [12.5517, 55.7117], [12.5515, 55.7117], [12.5513, 55.7117], [12.5511, 55.7117], [12.5509, 55.7117], [12.5507, 55.7117], [12.5505, 55.7116], [12.5503, 55.7117], [12.5501, 55.7117], [12.5498, 55.7117], [12.5496, 55.7117], [12.5494, 55.7117], [12.5492, 55.7118], [12.549, 55.7118], [12.5488, 55.7118], [12.5486, 55.7119], [12.5484, 55.7119], [12.5482, 55.712], [12.548, 55.7121], [12.5478, 55.7121]], [[12.5478, 55.7121], [12.5476, 55.7122], [12.5475, 55.7123], [12.5473, 55.7124], [12.5471, 55.7125], [12.547, 55.7126], [12.5468, 55.7127], [12.5467, 55.7128], [12.5466, 55.7129], [12.5465, 55.713], [12.5463, 55.7131], [12.5462, 55.7132], [12.5462, 55.7133], [12.5461, 55.7134], [12.546, 55.7135], [12.5459, 55.7136], [12.5459, 55.7138], [12.5458, 55.7139], [12.5458, 55.714], [12.5456, 55.7144], [12.5455, 55.7146], [12.5454, 55.7149], [12.5453, 55.715], [12.5452, 55.7152], [12.5452, 55.7153], [12.545, 55.7155]], [[12.545, 55.7155], [12.542, 55.7195], [12.5417, 55.7199], [12.5416, 55.72]], [[12.5416, 55.72], [12.5413, 55.7204], [12.5411, 55.7207], [12.5409, 55.7209], [12.5408, 55.7212], [12.5406, 55.7214], [12.5405, 55.7216], [12.5404, 55.7218], [12.5403, 55.722], [12.5402, 55.7223], [12.5401, 55.7224], [12.5374, 55.7296], [12.537, 55.7305], [12.5368, 55.7313], [12.5367, 55.7314], [12.5366, 55.7316], [12.5365, 55.7318]], [[12.5365, 55.7318], [12.5364, 55.7321]], [[12.5364, 55.7321], [12.5362, 55.7323], [12.5361, 55.7324], [12.536, 55.7325], [12.5357, 55.733], [12.5354, 55.7334], [12.5352, 55.7337], [12.535, 55.7338], [12.5349, 55.734], [12.5348, 55.7341], [12.5346, 55.7343], [12.5345, 55.7344], [12.5343, 55.7345], [12.5342, 55.7347], [12.5339, 55.7349], [12.5337, 55.735], [12.5335, 55.7352], [12.5332, 55.7354], [12.5329, 55.7356], [12.5327, 55.7358], [12.5324, 55.736], [12.5321, 55.7361], [12.5318, 55.7363], [12.5315, 55.7365], [12.5312, 55.7367], [12.5309, 55.7368], [12.5305, 55.737], [12.5302, 55.7372], [12.5299, 55.7373], [12.5297, 55.7374], [12.5294, 55.7375], [12.5292, 55.7376], [12.5289, 55.7377], [12.5286, 55.7378], [12.5283, 55.7379], [12.528, 55.738], [12.525, 55.7391], [12.5248, 55.7392], [12.5245, 55.7393], [12.5243, 55.7393], [12.524, 55.7394], [12.5231, 55.7397], [12.5209, 55.7404], [12.52, 55.7407], [12.5191, 55.741], [12.5182, 55.7413], [12.5172, 55.7416], [12.5162, 55.742], [12.508, 55.7447], [12.5071, 55.745], [12.5067, 55.7451], [12.5063, 55.7453], [12.5059, 55.7454], [12.5055, 55.7455], [12.5051, 55.7456], [12.5047, 55.7457], [12.5042, 55.7458], [12.5038, 55.7459], [12.5035, 55.7459], [12.5032, 55.746], [12.5029, 55.746], [12.5026, 55.7461], [12.5023, 55.7461], [12.502, 55.7462], [12.5015, 55.7462], [12.4979, 55.7467], [12.4972, 55.7468], [12.4969, 55.7468], [12.4967, 55.7468], [12.4963, 55.7469], [12.4961, 55.7469], [12.4954, 55.7471]], [[12.4954, 55.7471], [12.495, 55.7471], [12.4949, 55.7471], [12.4947, 55.7472]], [[12.4947, 55.7472], [12.4945, 55.7472], [12.4942, 55.7472], [12.4925, 55.7474], [12.4902, 55.7476], [12.4893, 55.7477], [12.4884, 55.7478], [12.488, 55.7479], [12.4875, 55.7479], [12.4871, 55.748], [12.4867, 55.7481], [12.4863, 55.7482], [12.4858, 55.7483], [12.4854, 55.7484], [12.485, 55.7485], [12.4847, 55.7486], [12.4843, 55.7487], [12.4839, 55.7488], [12.4836, 55.7489], [12.4832, 55.7491], [12.4829, 55.7492], [12.4826, 55.7493]], [[12.4826, 55.7493], [12.4821, 55.7495]], [[12.4821, 55.7495], [12.4819, 55.7496], [12.4817, 55.7498], [12.4814, 55.7499], [12.4811, 55.7501], [12.4808, 55.7502], [12.4806, 55.7504], [12.4803, 55.7506], [12.48, 55.7508], [12.4796, 55.751], [12.4795, 55.7512], [12.4793, 55.7513], [12.4792, 55.7514], [12.479, 55.7516], [12.4788, 55.7517], [12.4787, 55.7519], [12.4786, 55.752], [12.4784, 55.7522], [12.4782, 55.7524], [12.478, 55.7527], [12.4772, 55.7536], [12.4771, 55.7538], [12.477, 55.7539], [12.4768, 55.754], [12.4767, 55.7542], [12.4765, 55.7543], [12.4764, 55.7545], [12.4762, 55.7546], [12.476, 55.7547], [12.4759, 55.7549], [12.4743, 55.756]], [[12.4743, 55.756], [12.4737, 55.7564]], [[12.4737, 55.7564], [12.4734, 55.7566], [12.4732, 55.7568], [12.4702, 55.7586], [12.4698, 55.7588], [12.4695, 55.759], [12.4692, 55.7591], [12.4689, 55.7593], [12.4686, 55.7594], [12.4682, 55.7596], [12.4679, 55.7597], [12.4676, 55.7598], [12.4673, 55.7599], [12.4671, 55.76], [12.4669, 55.7601], [12.4666, 55.7601], [12.4664, 55.7602], [12.4661, 55.7603], [12.4659, 55.7603], [12.4656, 55.7604], [12.4654, 55.7604], [12.4651, 55.7605], [12.4649, 55.7605], [12.4646, 55.7606], [12.4643, 55.7606], [12.4641, 55.7607], [12.4638, 55.7607], [12.4634, 55.7607], [12.4629, 55.7608], [12.4599, 55.7611], [12.4594, 55.7611], [12.4589, 55.7612], [12.4585, 55.7612], [12.4546, 55.7617], [12.4543, 55.7617]], [[12.4543, 55.7617], [12.4532, 55.7618]], [[12.4532, 55.7618], [12.4529, 55.7618], [12.4527, 55.7619], [12.4524, 55.7619], [12.4521, 55.762], [12.4519, 55.762], [12.4516, 55.762], [12.4514, 55.7621], [12.4512, 55.7621], [12.4509, 55.7622], [12.4507, 55.7623], [12.4505, 55.7623], [12.4502, 55.7624], [12.45, 55.7625], [12.4498, 55.7625], [12.4495, 55.7626], [12.4493, 55.7627], [12.4491, 55.7628], [12.4489, 55.7629], [12.4445, 55.7646], [12.4442, 55.7648], [12.4438, 55.7649], [12.4436, 55.765], [12.4434, 55.7651], [12.4431, 55.7652], [12.4428, 55.7653], [12.4425, 55.7653], [12.4423, 55.7654], [12.442, 55.7654], [12.4418, 55.7655], [12.4415, 55.7655], [12.4413, 55.7656], [12.441, 55.7656], [12.4408, 55.7657], [12.4405, 55.7657], [12.4403, 55.7657], [12.44, 55.7658], [12.4397, 55.7658], [12.4394, 55.7658], [12.4392, 55.7658], [12.4389, 55.7658], [12.4386, 55.7658], [12.4383, 55.7658], [12.4381, 55.7658], [12.4378, 55.7658], [12.4375, 55.7658], [12.4372, 55.7657], [12.437, 55.7657], [12.4367, 55.7657], [12.4364, 55.7657], [12.4362, 55.7656], [12.4359, 55.7656]], [[12.4359, 55.7656], [12.4337, 55.7652], [12.4331, 55.7651], [12.4327, 55.765], [12.4325, 55.765]], [[12.4325, 55.765], [12.4323, 55.7649]], [[12.4323, 55.7649], [12.4322, 55.7649], [12.4319, 55.7648], [12.4317, 55.7648], [12.4314, 55.7647], [12.4312, 55.7646], [12.4309, 55.7645], [12.4307, 55.7644], [12.4299, 55.7641], [12.4283, 55.7635], [12.4275, 55.7632], [12.4271, 55.7631], [12.4268, 55.7629], [12.4264, 55.7628], [12.4261, 55.7626], [12.4254, 55.7623], [12.4247, 55.762], [12.4244, 55.7619], [12.4241, 55.7618], [12.4239, 55.7617], [12.4236, 55.7616], [12.4234, 55.7615], [12.4232, 55.7615], [12.4229, 55.7614], [12.4227, 55.7614], [12.4224, 55.7613], [12.4221, 55.7612], [12.4219, 55.7612], [12.4217, 55.7612], [12.4214, 55.7611], [12.4211, 55.7611], [12.4208, 55.7611], [12.4206, 55.7611], [12.4203, 55.761], [12.4201, 55.761], [12.4198, 55.761], [12.4195, 55.761], [12.4193, 55.761], [12.419, 55.761], [12.4187, 55.7611], [12.4185, 55.7611], [12.4182, 55.7611], [12.4179, 55.7611], [12.4177, 55.7612], [12.4174, 55.7612], [12.4172, 55.7613], [12.4169, 55.7613], [12.4167, 55.7614], [12.4165, 55.7614], [12.4162, 55.7615], [12.416, 55.7615], [12.4158, 55.7616], [12.4155, 55.7617], [12.4153, 55.7618]], [[12.4153, 55.7618], [12.4149, 55.7619], [12.4146, 55.7621], [12.4142, 55.7622], [12.4139, 55.7624], [12.41, 55.7643], [12.4095, 55.7645], [12.408, 55.7652], [12.4057, 55.7663], [12.4045, 55.7669], [12.4038, 55.7673], [12.4034, 55.7675], [12.403, 55.7677], [12.4026, 55.7678], [12.4022, 55.768], [12.4014, 55.7684], [12.401, 55.7685], [12.4006, 55.7687], [12.4002, 55.7689], [12.3998, 55.7691], [12.3914, 55.7731], [12.391, 55.7733], [12.3907, 55.7735], [12.3903, 55.7737], [12.39, 55.7739], [12.3896, 55.7741], [12.3893, 55.7743], [12.3889, 55.7745], [12.3886, 55.7747], [12.3879, 55.7751], [12.3867, 55.7759], [12.3863, 55.7762], [12.386, 55.7764], [12.3856, 55.7766], [12.3853, 55.7769], [12.3847, 55.7774], [12.3844, 55.7776], [12.384, 55.7778], [12.3838, 55.778], [12.3835, 55.7782], [12.3832, 55.7784], [12.3828, 55.7786]], [[12.3828, 55.7786], [12.3822, 55.7789]], [[12.3822, 55.7789], [12.3814, 55.7793], [12.381, 55.7795], [12.3806, 55.7797], [12.3802, 55.7798], [12.3797, 55.78], [12.3793, 55.7801], [12.3788, 55.7803], [12.3769, 55.7809], [12.3759, 55.7812]], [[12.3759, 55.7812], [12.3752, 55.7815]], [[12.3752, 55.7815], [12.372, 55.7825], [12.3704, 55.783]], [[12.3704, 55.783], [12.3696, 55.7833]], [[12.3696, 55.7833], [12.3672, 55.784], [12.3668, 55.7842], [12.3664, 55.7843], [12.366, 55.7845], [12.3656, 55.7846], [12.3652, 55.7848], [12.3648, 55.785], [12.3644, 55.7851], [12.364, 55.7853], [12.3636, 55.7855], [12.3633, 55.7857], [12.363, 55.7858], [12.3627, 55.786], [12.3624, 55.7862], [12.3621, 55.7863], [12.3619, 55.7865], [12.3617, 55.7867], [12.3615, 55.7868], [12.3614, 55.7869], [12.3613, 55.7871], [12.3612, 55.7872], [12.361, 55.7873], [12.3609, 55.7875], [12.3608, 55.7876], [12.3607, 55.7878], [12.3607, 55.7879], [12.3606, 55.7881], [12.3605, 55.7882], [12.3605, 55.7884], [12.3604, 55.7885], [12.3604, 55.7887], [12.3603, 55.7888], [12.3603, 55.789], [12.3603, 55.7891], [12.3603, 55.7893], [12.3603, 55.7894], [12.3603, 55.7895], [12.3603, 55.7897], [12.3603, 55.7898], [12.3603, 55.79], [12.3604, 55.7901], [12.3604, 55.7903], [12.3605, 55.7904], [12.3605, 55.7905], [12.3606, 55.7907], [12.3607, 55.7908], [12.3608, 55.791], [12.3608, 55.7911], [12.361, 55.7913], [12.3611, 55.7914], [12.3612, 55.7915], [12.3613, 55.7917], [12.3615, 55.7918], [12.3616, 55.7919], [12.3617, 55.792], [12.3619, 55.7922], [12.3621, 55.7923], [12.3622, 55.7924], [12.3624, 55.7925], [12.3626, 55.7926], [12.3628, 55.7927], [12.363, 55.7928], [12.3632, 55.7929], [12.3634, 55.793], [12.3636, 55.7931], [12.364, 55.7932], [12.3644, 55.7934], [12.3648, 55.7935], [12.3653, 55.7937], [12.3668, 55.7941]], [[12.3668, 55.7941], [12.3672, 55.7942]], [[12.3672, 55.7942], [12.3697, 55.795], [12.3702, 55.7951], [12.3706, 55.7953]], [[12.3706, 55.7953], [12.3711, 55.7954], [12.3715, 55.7956], [12.3719, 55.7957], [12.3722, 55.7959], [12.3726, 55.796], [12.3729, 55.7962], [12.3732, 55.7964], [12.3735, 55.7965], [12.3738, 55.7967], [12.374, 55.7969], [12.3743, 55.7971], [12.3745, 55.7973], [12.3747, 55.7975], [12.3749, 55.7977], [12.3751, 55.7979], [12.3753, 55.7982], [12.3755, 55.7984], [12.3757, 55.7986], [12.3788, 55.8026], [12.3789, 55.8028], [12.379, 55.803], [12.3791, 55.8032], [12.3792, 55.8033], [12.3792, 55.8035]]]}, "properties": {"ref": "B", "opened_year": 1977, "segment_count": 236}}, {"type": "Feature", "geometry": {"type": "MultiLineString", "coordinates": [[[12.2692, 55.649], [12.2675, 55.6488], [12.2664, 55.6487]], [[12.3008, 55.6523], [12.3016, 55.6524], [12.3021, 55.6524], [12.3026, 55.6525], [12.3035, 55.6526], [12.3035, 55.6527], [12.3026, 55.6526], [12.3021, 55.6525], [12.3016, 55.6525], [12.3008, 55.6524], [12.3008, 55.6523]], [[12.3563, 55.6583], [12.3541, 55.6581], [12.3535, 55.658], [12.3534, 55.6582], [12.3541, 55.6582], [12.3563, 55.6584], [12.3563, 55.6583]], [[12.3964, 55.6629], [12.3985, 55.6631], [12.3987, 55.6631], [12.399, 55.6632], [12.399, 55.6631], [12.3988, 55.6631], [12.3985, 55.663], [12.3964, 55.6628], [12.3964, 55.6629]], [[12.4947, 55.6642], [12.4945, 55.6642], [12.4943, 55.6642], [12.4938, 55.6643], [12.4933, 55.6643], [12.4927, 55.6643], [12.4924, 55.6643], [12.4922, 55.6643], [12.492, 55.6643], [12.4918, 55.6643], [12.4918, 55.6642], [12.4947, 55.6642]], [[12.5157, 55.6638], [12.5146, 55.6638], [12.514, 55.6638], [12.5136, 55.6638], [12.5131, 55.6638], [12.5127, 55.6638], [12.5122, 55.6638], [12.5114, 55.6638], [12.5122, 55.6637], [12.5127, 55.6637], [12.5131, 55.6637], [12.5136, 55.6637], [12.514, 55.6637], [12.5146, 55.6637], [12.5157, 55.6637], [12.5157, 55.6638]], [[12.5345, 55.6635], [12.5349, 55.6634], [12.5353, 55.6634], [12.5359, 55.6634], [12.5365, 55.6634], [12.5368, 55.6634], [12.5369, 55.6634], [12.5372, 55.6634], [12.5376, 55.6633]], [[12.5594, 55.6649], [12.5597, 55.665], [12.5598, 55.6651], [12.5602, 55.6653], [12.5612, 55.6658], [12.5616, 55.666], [12.5613, 55.6658], [12.5603, 55.6652], [12.5599, 55.6651], [12.5597, 55.665], [12.5595, 55.6649], [12.5597, 55.665], [12.5595, 55.6649], [12.5594, 55.6649]], [[12.5631, 55.6776], [12.5631, 55.6775], [12.563, 55.6774], [12.5629, 55.6772], [12.5628, 55.6771], [12.5627, 55.6769], [12.5626, 55.6768], [12.5626, 55.6766], [12.5625, 55.6765], [12.5625, 55.6763], [12.5625, 55.6762], [12.5625, 55.676], [12.5625, 55.6759], [12.5624, 55.6759], [12.5625, 55.6758], [12.5623, 55.6758], [12.5623, 55.676], [12.5623, 55.6762], [12.5624, 55.6763], [12.5624, 55.6765], [12.5625, 55.6766], [12.5625, 55.6768], [12.5626, 55.6769], [12.5627, 55.6771], [12.5627, 55.6772], [12.5629, 55.6773], [12.563, 55.6776], [12.5631, 55.6776]], [[12.5899, 55.6942], [12.5892, 55.6938], [12.5874, 55.6927]], [[12.5904, 55.7065], [12.5907, 55.706], [12.5909, 55.7053], [12.5911, 55.705], [12.5911, 55.7048], [12.5912, 55.7046]], [[12.581, 55.7148], [12.5798, 55.7152], [12.5787, 55.7156], [12.5788, 55.7157], [12.5799, 55.7153], [12.581, 55.7148]], [[12.5598, 55.7154], [12.5603, 55.7157], [12.5604, 55.7158], [12.5606, 55.7159], [12.5607, 55.716], [12.5609, 55.7161], [12.5611, 55.7162], [12.5613, 55.7163], [12.5614, 55.7163], [12.5615, 55.7164], [12.5616, 55.7165], [12.5615, 55.7164], [12.5613, 55.7164], [12.5612, 55.7163], [12.561, 55.7162], [12.5609, 55.7161], [12.5607, 55.716], [12.5605, 55.716], [12.5604, 55.7158], [12.5602, 55.7157], [12.5598, 55.7154]], [[12.5416, 55.72], [12.5413, 55.7204], [12.5411, 55.7207], [12.541, 55.7209], [12.5408, 55.7212], [12.5406, 55.7215], [12.5405, 55.7216], [12.5404, 55.7218], [12.5405, 55.7218], [12.5406, 55.7216], [12.5407, 55.7215], [12.5407, 55.7214], [12.5408, 55.7212], [12.541, 55.721], [12.5411, 55.7208], [12.5412, 55.7208], [12.5412, 55.7207], [12.5414, 55.7204], [12.5415, 55.7203], [12.5417, 55.72], [12.5416, 55.72]], [[12.5351, 55.7336], [12.5352, 55.7334], [12.5361, 55.7322], [12.5362, 55.7323], [12.5361, 55.7324], [12.536, 55.7325], [12.5357, 55.733], [12.5353, 55.7334], [12.5351, 55.7337], [12.5351, 55.7336]], [[12.524, 55.7394], [12.5243, 55.7393], [12.5245, 55.7393], [12.5247, 55.7392], [12.5249, 55.7391], [12.5257, 55.7389], [12.5263, 55.7386]], [[12.5077, 55.7448], [12.5083, 55.7446], [12.5102, 55.744], [12.5102, 55.7439], [12.5082, 55.7445], [12.5076, 55.7447], [12.5077, 55.7448]], [[12.4917, 55.7474], [12.4917, 55.7475], [12.4924, 55.7474], [12.4944, 55.7472], [12.4944, 55.7471], [12.4924, 55.7473], [12.4917, 55.7474]], [[12.2664, 55.6487], [12.2686, 55.6489], [12.2703, 55.6491], [12.271, 55.6492], [12.2722, 55.6493], [12.2726, 55.6493], [12.2732, 55.6494], [12.2734, 55.6494], [12.2743, 55.6495]], [[12.2743, 55.6495], [12.2758, 55.6496], [12.2771, 55.6497], [12.2781, 55.6498], [12.279, 55.6499]], [[12.279, 55.6499], [12.2801, 55.65], [12.2818, 55.6502], [12.286, 55.6506], [12.2881, 55.6509], [12.2902, 55.6511], [12.2926, 55.6514], [12.2937, 55.6516], [12.2947, 55.6517], [12.2958, 55.6518], [12.2968, 55.6519], [12.2985, 55.6521], [12.3001, 55.6522]], [[12.3001, 55.6522], [12.3021, 55.6524], [12.3036, 55.6526]], [[12.3036, 55.6526], [12.3042, 55.6526]], [[12.3042, 55.6526], [12.3045, 55.6527], [12.3076, 55.653], [12.3087, 55.6531], [12.3093, 55.6531], [12.3099, 55.6532], [12.3106, 55.6533], [12.3134, 55.6536], [12.3146, 55.6537]], [[12.3146, 55.6537], [12.3224, 55.6546]], [[12.3224, 55.6546], [12.3236, 55.6547]], [[12.3236, 55.6547], [12.3254, 55.6549], [12.3336, 55.6558], [12.334, 55.6559]], [[12.334, 55.6559], [12.3345, 55.6559]], [[12.3345, 55.6559], [12.3399, 55.6565], [12.3413, 55.6567], [12.3496, 55.6576], [12.3538, 55.658], [12.3632, 55.6591]], [[12.3632, 55.6591], [12.38, 55.6609], [12.3959, 55.6627]], [[12.3959, 55.6627], [12.3988, 55.663], [12.3996, 55.6631], [12.4009, 55.6633], [12.402, 55.6634], [12.4036, 55.6636], [12.4046, 55.6637], [12.4055, 55.6638], [12.4064, 55.6639], [12.4073, 55.6639], [12.4136, 55.6646], [12.4143, 55.6647], [12.415, 55.6648], [12.4157, 55.6648], [12.4165, 55.6649], [12.4179, 55.665], [12.4197, 55.6651], [12.4202, 55.6651], [12.4215, 55.6652], [12.4224, 55.6652]], [[12.4224, 55.6652], [12.4234, 55.6652]], [[12.4234, 55.6652], [12.4238, 55.6652], [12.4243, 55.6652], [12.4248, 55.6652], [12.4253, 55.6652], [12.441, 55.665], [12.4549, 55.6648]], [[12.4549, 55.6648], [12.4558, 55.6648]], [[12.4558, 55.6648], [12.4589, 55.6647], [12.4684, 55.6646], [12.4692, 55.6646], [12.4736, 55.6645]], [[12.4736, 55.6645], [12.4741, 55.6644]], [[12.4741, 55.6644], [12.475, 55.6644], [12.4828, 55.6643]], [[12.4828, 55.6643], [12.4835, 55.6643]], [[12.4835, 55.6643], [12.4917, 55.6642]], [[12.4917, 55.6642], [12.4933, 55.6642]], [[12.4933, 55.6642], [12.4937, 55.6642], [12.4941, 55.6641]], [[12.4941, 55.6641], [12.5023, 55.664], [12.5047, 55.664], [12.5057, 55.664]], [[12.5057, 55.664], [12.508, 55.6639], [12.5101, 55.6638], [12.5111, 55.6638], [12.5114, 55.6638]], [[12.5114, 55.6638], [12.5122, 55.6637], [12.5127, 55.6637], [12.5131, 55.6637], [12.5136, 55.6637], [12.514, 55.6637], [12.5146, 55.6637], [12.5157, 55.6637], [12.5169, 55.6637], [12.5172, 55.6638], [12.5179, 55.6638], [12.5185, 55.6638]], [[12.5185, 55.6638], [12.5192, 55.6638], [12.52, 55.6637], [12.5203, 55.6637]], [[12.5203, 55.6637], [12.5309, 55.6636]], [[12.5309, 55.6636], [12.5325, 55.6635], [12.5345, 55.6634], [12.5353, 55.6634], [12.5359, 55.6634], [12.5361, 55.6634], [12.5365, 55.6634], [12.5369, 55.6634]], [[12.5369, 55.6634], [12.5372, 55.6633], [12.5378, 55.6633], [12.5384, 55.6633], [12.5388, 55.6632], [12.5392, 55.6632], [12.5396, 55.6631], [12.5401, 55.6631], [12.5413, 55.6629], [12.542, 55.6628], [12.5423, 55.6628], [12.5425, 55.6627], [12.5427, 55.6627], [12.5429, 55.6627], [12.5431, 55.6627], [12.5434, 55.6627], [12.5436, 55.6627], [12.5438, 55.6627], [12.5441, 55.6627], [12.5445, 55.6627], [12.5448, 55.6628], [12.545, 55.6628]], [[12.545, 55.6628], [12.5452, 55.6628], [12.5454, 55.6628], [12.5455, 55.6628], [12.5457, 55.6629], [12.5458, 55.6629], [12.546, 55.6629], [12.5461, 55.6629], [12.5463, 55.663], [12.5475, 55.6632], [12.5477, 55.6632], [12.5478, 55.6633], [12.5481, 55.6633]], [[12.5481, 55.6633], [12.5483, 55.6634], [12.5486, 55.6634], [12.5489, 55.6634], [12.5492, 55.6635], [12.5494, 55.6635], [12.5497, 55.6636], [12.55, 55.6636], [12.5503, 55.6636], [12.5505, 55.6637], [12.5508, 55.6637], [12.551, 55.6637], [12.5524, 55.6638], [12.5528, 55.6639], [12.5537, 55.6639], [12.5541, 55.664], [12.5545, 55.664], [12.5548, 55.664], [12.5565, 55.6642], [12.5568, 55.6642], [12.557, 55.6643], [12.5573, 55.6643], [12.5575, 55.6643], [12.5578, 55.6644], [12.558, 55.6644], [12.5583, 55.6645], [12.5585, 55.6646], [12.5587, 55.6646], [12.5589, 55.6647], [12.5591, 55.6647], [12.5593, 55.6648], [12.5595, 55.6649]], [[12.5595, 55.6649], [12.5598, 55.665], [12.5599, 55.665], [12.5603, 55.6652]], [[12.5603, 55.6652], [12.5613, 55.6658], [12.5616, 55.666]], [[12.5616, 55.666], [12.5621, 55.6662], [12.5623, 55.6663], [12.563, 55.6666], [12.5638, 55.667], [12.564, 55.6671], [12.5642, 55.6672], [12.5644, 55.6673], [12.5646, 55.6674], [12.5647, 55.6675], [12.5649, 55.6676], [12.565, 55.6677], [12.5651, 55.6679], [12.5653, 55.668], [12.5654, 55.6681], [12.5655, 55.6682], [12.5655, 55.6683], [12.5657, 55.6684], [12.5658, 55.6686], [12.5659, 55.6688], [12.566, 55.6689], [12.566, 55.6691], [12.5661, 55.6692], [12.5661, 55.6693], [12.5661, 55.6694], [12.5662, 55.6695], [12.5662, 55.6697], [12.5662, 55.6698], [12.5662, 55.6699], [12.5662, 55.67], [12.5662, 55.6701], [12.5662, 55.6702], [12.5662, 55.6703], [12.5662, 55.6704], [12.5661, 55.6704], [12.5661, 55.6706], [12.566, 55.6708]], [[12.566, 55.6708], [12.5659, 55.671], [12.5658, 55.6712], [12.5657, 55.6713], [12.5656, 55.6715]], [[12.5656, 55.6715], [12.5655, 55.6716], [12.5653, 55.6718], [12.5648, 55.6723], [12.5647, 55.6724]], [[12.5647, 55.6724], [12.5637, 55.6732]], [[12.5637, 55.6732], [12.5636, 55.6734], [12.5635, 55.6735], [12.5633, 55.6738]], [[12.5633, 55.6738], [12.5632, 55.6739]], [[12.5632, 55.6739], [12.5631, 55.6741], [12.5628, 55.6748], [12.5627, 55.6751]], [[12.5627, 55.6751], [12.5626, 55.6752], [12.5626, 55.6754], [12.5625, 55.6756], [12.5625, 55.6757]], [[12.5625, 55.6757], [12.5625, 55.6758], [12.5625, 55.676], [12.5625, 55.6761], [12.5625, 55.6763], [12.5625, 55.6764], [12.5626, 55.6766], [12.5626, 55.6767], [12.5627, 55.6769], [12.5628, 55.6771], [12.5631, 55.6775], [12.5632, 55.6776], [12.5633, 55.6778], [12.5635, 55.6779], [12.5636, 55.678], [12.5638, 55.6781], [12.5639, 55.6782], [12.5641, 55.6784], [12.5643, 55.6785]], [[12.5643, 55.6785], [12.5644, 55.6786], [12.5646, 55.6787], [12.5661, 55.6794]], [[12.5661, 55.6794], [12.5663, 55.6795], [12.5667, 55.6797], [12.5669, 55.6798], [12.5671, 55.68], [12.5673, 55.6801]], [[12.5673, 55.6801], [12.5678, 55.6804], [12.5693, 55.6816]], [[12.5693, 55.6816], [12.5698, 55.6821], [12.5703, 55.6824], [12.5707, 55.6827], [12.5718, 55.6834], [12.5725, 55.6838], [12.5731, 55.6842], [12.5735, 55.6845], [12.5758, 55.6861], [12.5763, 55.6864], [12.5766, 55.6866], [12.5768, 55.6867], [12.5773, 55.687], [12.5799, 55.6885], [12.5803, 55.6887]], [[12.5803, 55.6887], [12.5827, 55.6899]], [[12.5827, 55.6899], [12.5831, 55.6901], [12.5832, 55.6901], [12.5834, 55.6902], [12.5838, 55.6904], [12.5844, 55.6908], [12.5864, 55.6921]], [[12.5864, 55.6921], [12.5874, 55.6927]], [[12.5874, 55.6927], [12.5885, 55.6933], [12.5887, 55.6934]], [[12.5887, 55.6934], [12.5896, 55.694], [12.59, 55.6942]], [[12.59, 55.6942], [12.5901, 55.6943], [12.5904, 55.6945], [12.5905, 55.6946], [12.5906, 55.6947], [12.5908, 55.6949], [12.5911, 55.6951], [12.5913, 55.6953], [12.5914, 55.6955], [12.5915, 55.6956], [12.5916, 55.6957], [12.5917, 55.6959], [12.5917, 55.696], [12.5918, 55.6962], [12.5919, 55.6964], [12.592, 55.6966], [12.592, 55.6968], [12.592, 55.697], [12.5921, 55.6973], [12.5921, 55.6975], [12.5921, 55.6977], [12.5921, 55.6979], [12.592, 55.6982], [12.5918, 55.7002]], [[12.5918, 55.7002], [12.5914, 55.7029]], [[12.5914, 55.7029], [12.5913, 55.7038], [12.5913, 55.704], [12.5912, 55.7043], [12.5912, 55.7045], [12.5912, 55.7047], [12.5911, 55.7048], [12.5911, 55.705], [12.5908, 55.7057], [12.5907, 55.706], [12.5905, 55.7065], [12.5903, 55.7067], [12.5902, 55.707]], [[12.5902, 55.707], [12.5901, 55.7073]], [[12.5901, 55.7073], [12.5894, 55.7089]], [[12.5894, 55.7089], [12.5892, 55.7092]], [[12.5892, 55.7092], [12.5891, 55.7094], [12.5888, 55.7099], [12.5884, 55.7104], [12.588, 55.7108], [12.5875, 55.7113], [12.5873, 55.7115], [12.5867, 55.712], [12.5863, 55.7123], [12.5857, 55.7127], [12.5851, 55.7131], [12.5846, 55.7133], [12.5841, 55.7135]], [[12.5841, 55.7135], [12.5836, 55.7138], [12.5832, 55.7139], [12.583, 55.7141], [12.5827, 55.7142], [12.5824, 55.7143], [12.581, 55.7148]], [[12.581, 55.7148], [12.5799, 55.7153], [12.5796, 55.7154], [12.5789, 55.7156], [12.5782, 55.7159]], [[12.5782, 55.7159], [12.5767, 55.7164], [12.5765, 55.7165], [12.5762, 55.7165], [12.576, 55.7166]], [[12.576, 55.7166], [12.5758, 55.7167], [12.5754, 55.7168], [12.5751, 55.7168], [12.5749, 55.7169], [12.5747, 55.7169], [12.5743, 55.717], [12.5738, 55.717], [12.5734, 55.7171], [12.573, 55.7171], [12.5726, 55.7171], [12.571, 55.7171]], [[12.571, 55.7171], [12.5678, 55.7172]], [[12.5678, 55.7172], [12.5665, 55.7172], [12.5659, 55.7172], [12.5657, 55.7172], [12.5654, 55.7172], [12.5651, 55.7172], [12.5649, 55.7172], [12.5647, 55.7172], [12.5644, 55.7171], [12.5642, 55.7171], [12.564, 55.7171], [12.5637, 55.7171], [12.5635, 55.717], [12.5633, 55.717], [12.563, 55.7169], [12.5628, 55.7169], [12.5626, 55.7168], [12.5624, 55.7168], [12.5622, 55.7167], [12.562, 55.7167], [12.5618, 55.7166], [12.5616, 55.7165], [12.5615, 55.7165], [12.5613, 55.7164], [12.5612, 55.7163], [12.561, 55.7162], [12.5608, 55.7162], [12.5607, 55.7161], [12.5605, 55.716], [12.5604, 55.7159], [12.5602, 55.7158], [12.5598, 55.7154], [12.5595, 55.7153]], [[12.5595, 55.7153], [12.5582, 55.7143]], [[12.5582, 55.7143], [12.558, 55.7141], [12.5578, 55.714], [12.5577, 55.7139], [12.5575, 55.7138], [12.5573, 55.7137], [12.5571, 55.7135], [12.5569, 55.7134], [12.5568, 55.7134]], [[12.5568, 55.7134], [12.5566, 55.7133], [12.5565, 55.7132], [12.5563, 55.7131], [12.5561, 55.713], [12.5559, 55.7129], [12.5557, 55.7128], [12.5555, 55.7128], [12.5553, 55.7127], [12.5551, 55.7126], [12.5548, 55.7125], [12.5546, 55.7124], [12.5544, 55.7124], [12.5542, 55.7123], [12.554, 55.7122], [12.5537, 55.7122], [12.5535, 55.7121], [12.5533, 55.712], [12.553, 55.712], [12.5528, 55.7119], [12.5526, 55.7119], [12.5523, 55.7118], [12.5521, 55.7118], [12.5518, 55.7117]], [[12.5518, 55.7117], [12.5517, 55.7117], [12.5515, 55.7117], [12.5513, 55.7117], [12.5511, 55.7117], [12.5509, 55.7117], [12.5507, 55.7117], [12.5505, 55.7116], [12.5503, 55.7117], [12.5501, 55.7117], [12.5498, 55.7117], [12.5496, 55.7117], [12.5494, 55.7117], [12.5492, 55.7118], [12.549, 55.7118], [12.5488, 55.7118], [12.5486, 55.7119], [12.5484, 55.7119], [12.5482, 55.712], [12.548, 55.7121], [12.5478, 55.7121]], [[12.5478, 55.7121], [12.5476, 55.7122], [12.5475, 55.7123], [12.5473, 55.7124], [12.5471, 55.7125], [12.547, 55.7126], [12.5468, 55.7127], [12.5467, 55.7128], [12.5466, 55.7129], [12.5465, 55.713], [12.5463, 55.7131], [12.5462, 55.7132], [12.5462, 55.7133], [12.5461, 55.7134], [12.546, 55.7135], [12.5459, 55.7136], [12.5459, 55.7138], [12.5458, 55.7139], [12.5458, 55.714], [12.5456, 55.7144], [12.5455, 55.7146], [12.5454, 55.7149], [12.5453, 55.715], [12.5452, 55.7152], [12.5452, 55.7153], [12.545, 55.7155]], [[12.545, 55.7155], [12.542, 55.7195], [12.5417, 55.7199], [12.5416, 55.72]], [[12.5416, 55.72], [12.5413, 55.7204], [12.5411, 55.7207], [12.5409, 55.7209], [12.5408, 55.7212], [12.5406, 55.7214], [12.5405, 55.7216], [12.5404, 55.7218], [12.5403, 55.722], [12.5402, 55.7223], [12.5401, 55.7224], [12.5374, 55.7296], [12.537, 55.7305], [12.5368, 55.7313], [12.5367, 55.7314], [12.5366, 55.7316], [12.5365, 55.7318]], [[12.5365, 55.7318], [12.5364, 55.7321]], [[12.5364, 55.7321], [12.5362, 55.7323], [12.5361, 55.7324], [12.536, 55.7325], [12.5357, 55.733], [12.5354, 55.7334], [12.5352, 55.7337], [12.535, 55.7338], [12.5349, 55.734], [12.5348, 55.7341], [12.5346, 55.7343], [12.5345, 55.7344], [12.5343, 55.7345], [12.5342, 55.7347], [12.5339, 55.7349], [12.5337, 55.735], [12.5335, 55.7352], [12.5332, 55.7354], [12.5329, 55.7356], [12.5327, 55.7358], [12.5324, 55.736], [12.5321, 55.7361], [12.5318, 55.7363], [12.5315, 55.7365], [12.5312, 55.7367], [12.5309, 55.7368], [12.5305, 55.737], [12.5302, 55.7372], [12.5299, 55.7373], [12.5297, 55.7374], [12.5294, 55.7375], [12.5292, 55.7376], [12.5289, 55.7377], [12.5286, 55.7378], [12.5283, 55.7379], [12.528, 55.738], [12.525, 55.7391], [12.5248, 55.7392], [12.5245, 55.7393], [12.5243, 55.7393], [12.524, 55.7394], [12.5231, 55.7397], [12.5209, 55.7404], [12.52, 55.7407], [12.5191, 55.741], [12.5182, 55.7413], [12.5172, 55.7416], [12.5162, 55.742], [12.508, 55.7447], [12.5071, 55.745], [12.5067, 55.7451], [12.5063, 55.7453], [12.5059, 55.7454], [12.5055, 55.7455], [12.5051, 55.7456], [12.5047, 55.7457], [12.5042, 55.7458], [12.5038, 55.7459], [12.5035, 55.7459], [12.5032, 55.746], [12.5029, 55.746], [12.5026, 55.7461], [12.5023, 55.7461], [12.502, 55.7462], [12.5015, 55.7462], [12.4979, 55.7467], [12.4972, 55.7468], [12.4969, 55.7468], [12.4967, 55.7468], [12.4963, 55.7469], [12.4961, 55.7469], [12.4954, 55.7471]], [[12.4954, 55.7471], [12.495, 55.7471], [12.4949, 55.7471], [12.4947, 55.7472]], [[12.4947, 55.7472], [12.4945, 55.7472], [12.4942, 55.7472], [12.4925, 55.7474], [12.4902, 55.7476], [12.4893, 55.7477], [12.4884, 55.7478], [12.488, 55.7479], [12.4875, 55.7479], [12.4871, 55.748], [12.4867, 55.7481], [12.4863, 55.7482], [12.4858, 55.7483], [12.4854, 55.7484], [12.485, 55.7485], [12.4847, 55.7486], [12.4843, 55.7487], [12.4839, 55.7488], [12.4836, 55.7489], [12.4832, 55.7491], [12.4829, 55.7492], [12.4826, 55.7493]], [[12.5263, 55.7386], [12.5256, 55.7388], [12.5247, 55.7391], [12.5244, 55.7392], [12.5242, 55.7392], [12.5239, 55.7393]], [[12.5415, 55.72], [12.5412, 55.7204], [12.541, 55.7207], [12.5409, 55.7209], [12.5407, 55.7212], [12.5405, 55.7214], [12.5404, 55.7216], [12.5403, 55.7218], [12.5402, 55.7218], [12.5403, 55.7216], [12.5404, 55.7214], [12.5405, 55.7213], [12.5406, 55.7212], [12.5408, 55.7209], [12.5409, 55.7207], [12.541, 55.7207], [12.5412, 55.7204], [12.5413, 55.7202], [12.5415, 55.72]], [[12.5786, 55.7155], [12.5786, 55.7156], [12.5797, 55.7152], [12.5809, 55.7147], [12.5797, 55.7151], [12.5786, 55.7155]], [[12.5911, 55.7046], [12.591, 55.705], [12.5904, 55.7064]], [[12.5872, 55.6927], [12.5898, 55.6943]], [[12.5614, 55.6662], [12.5604, 55.6656], [12.5602, 55.6655], [12.56, 55.6654], [12.5597, 55.6653], [12.5596, 55.6652], [12.5595, 55.6652], [12.5594, 55.6651], [12.5593, 55.665], [12.5591, 55.6651], [12.5592, 55.6651], [12.5591, 55.6652], [12.5593, 55.6652], [12.5591, 55.6652], [12.559, 55.6652], [12.5591, 55.6652], [12.5591, 55.6653], [12.5593, 55.6653], [12.5595, 55.6654], [12.5598, 55.6655], [12.56, 55.6656], [12.5602, 55.6657], [12.5613, 55.6663], [12.5614, 55.6662]], [[12.5378, 55.6634], [12.5377, 55.6634], [12.5376, 55.6634], [12.5373, 55.6634], [12.5369, 55.6635], [12.5368, 55.6635], [12.5365, 55.6635], [12.5359, 55.6635], [12.5353, 55.6635], [12.5349, 55.6635], [12.5345, 55.6635]], [[12.5115, 55.664], [12.512, 55.664], [12.5121, 55.664], [12.5122, 55.6639], [12.5122, 55.664], [12.5125, 55.664], [12.5126, 55.664], [12.5126, 55.6639], [12.5128, 55.6639], [12.5132, 55.6639], [12.5133, 55.664], [12.5135, 55.6639], [12.5135, 55.664], [12.5142, 55.664], [12.5142, 55.6639], [12.5143, 55.6639], [12.5146, 55.6639], [12.5157, 55.6639], [12.5146, 55.6639], [12.514, 55.6639], [12.5136, 55.6639], [12.5122, 55.6639], [12.5121, 55.6639], [12.5119, 55.6639], [12.5118, 55.6639], [12.5115, 55.664]], [[12.2663, 55.6488], [12.2675, 55.6489], [12.2692, 55.6491]], [[12.4825, 55.7493], [12.4829, 55.7492], [12.4832, 55.749], [12.4835, 55.7489], [12.4839, 55.7488], [12.4843, 55.7487], [12.4846, 55.7485], [12.485, 55.7484], [12.4854, 55.7483], [12.4858, 55.7482], [12.4862, 55.7481], [12.4867, 55.7481], [12.4871, 55.748], [12.4875, 55.7479], [12.4879, 55.7479], [12.4884, 55.7478], [12.4893, 55.7477], [12.4902, 55.7476], [12.4942, 55.7471], [12.4947, 55.747]], [[12.4947, 55.747], [12.4953, 55.7469]], [[12.4953, 55.7469], [12.4985, 55.7466], [12.5015, 55.7462], [12.502, 55.7461], [12.5023, 55.7461], [12.5026, 55.746], [12.5029, 55.746], [12.5032, 55.7459], [12.5035, 55.7459], [12.5038, 55.7458], [12.5042, 55.7457], [12.5046, 55.7456], [12.5049, 55.7456], [12.5052, 55.7455], [12.5054, 55.7454], [12.5057, 55.7453], [12.506, 55.7453], [12.5062, 55.7452], [12.5071, 55.7449], [12.5074, 55.7448], [12.5076, 55.7447], [12.5079, 55.7446], [12.5106, 55.7438], [12.5111, 55.7436], [12.5115, 55.7435], [12.5162, 55.7419], [12.5172, 55.7416], [12.5181, 55.7413], [12.5191, 55.741], [12.52, 55.7407], [12.5209, 55.7404], [12.5217, 55.7401], [12.5221, 55.74], [12.5225, 55.7398], [12.523, 55.7396], [12.5239, 55.7393], [12.5242, 55.7392], [12.5244, 55.7391], [12.5246, 55.7391], [12.5263, 55.7386], [12.5266, 55.7385], [12.5268, 55.7384], [12.5273, 55.7383], [12.5277, 55.7381], [12.528, 55.738], [12.5283, 55.7379], [12.5286, 55.7378], [12.5288, 55.7377], [12.5291, 55.7376], [12.5294, 55.7375], [12.5296, 55.7374], [12.5299, 55.7373], [12.5301, 55.7371], [12.5305, 55.737], [12.5308, 55.7368], [12.5312, 55.7366], [12.5315, 55.7364], [12.5318, 55.7363], [12.532, 55.7361], [12.5323, 55.7359], [12.5326, 55.7358], [12.5329, 55.7356], [12.5332, 55.7354], [12.5334, 55.7352], [12.5336, 55.735], [12.5339, 55.7348], [12.5341, 55.7346], [12.5343, 55.7345], [12.5344, 55.7344], [12.5345, 55.7342], [12.5347, 55.7341], [12.5348, 55.7339], [12.5349, 55.7338], [12.535, 55.7336], [12.5352, 55.7334], [12.5359, 55.7324], [12.5361, 55.7321]], [[12.5361, 55.7321], [12.5364, 55.7317]], [[12.5364, 55.7317], [12.5365, 55.7316], [12.5366, 55.7314], [12.5367, 55.7312], [12.5368, 55.731], [12.5369, 55.7308], [12.5371, 55.7303], [12.5372, 55.7299], [12.54, 55.7224], [12.5401, 55.7223], [12.5402, 55.722], [12.5403, 55.7218], [12.5404, 55.7216], [12.5405, 55.7214], [12.5407, 55.7212], [12.5409, 55.7209], [12.541, 55.7207], [12.5413, 55.7204], [12.5415, 55.72]], [[12.5415, 55.72], [12.5416, 55.7199], [12.5419, 55.7195], [12.545, 55.7155]], [[12.545, 55.7155], [12.5451, 55.7153], [12.5452, 55.7152], [12.5453, 55.715], [12.5454, 55.7148], [12.5455, 55.7146], [12.5456, 55.7144], [12.5457, 55.714], [12.5458, 55.7139], [12.5458, 55.7138], [12.5459, 55.7136], [12.5459, 55.7135], [12.546, 55.7134], [12.5461, 55.7133], [12.5462, 55.7131], [12.5463, 55.713], [12.5464, 55.7129], [12.5465, 55.7128], [12.5466, 55.7127], [12.5468, 55.7126], [12.5469, 55.7125], [12.5471, 55.7124], [12.5472, 55.7123], [12.5474, 55.7123], [12.5476, 55.7122], [12.5477, 55.7121]], [[12.5477, 55.7121], [12.5479, 55.712], [12.5481, 55.712], [12.5483, 55.7119], [12.5485, 55.7119], [12.5488, 55.7118], [12.549, 55.7118], [12.5492, 55.7117], [12.5494, 55.7117], [12.5496, 55.7117], [12.5498, 55.7116], [12.55, 55.7116], [12.5503, 55.7116], [12.5505, 55.7116], [12.5507, 55.7116], [12.5509, 55.7116], [12.5511, 55.7116], [12.5513, 55.7116], [12.5515, 55.7117], [12.5517, 55.7117], [12.5518, 55.7117]], [[12.5518, 55.7117], [12.5521, 55.7118], [12.5523, 55.7118], [12.5526, 55.7118], [12.5528, 55.7119], [12.5531, 55.712], [12.5533, 55.712], [12.5535, 55.7121], [12.5538, 55.7121], [12.554, 55.7122], [12.5542, 55.7123], [12.5544, 55.7123], [12.5547, 55.7124], [12.5549, 55.7125], [12.5551, 55.7126], [12.5553, 55.7126], [12.5555, 55.7127], [12.5557, 55.7128], [12.5559, 55.7129], [12.5561, 55.713], [12.5563, 55.7131], [12.5565, 55.7132], [12.5567, 55.7132], [12.5568, 55.7133]], [[12.5568, 55.7133], [12.557, 55.7134], [12.5571, 55.7135], [12.5582, 55.7142]], [[12.5582, 55.7142], [12.5584, 55.7143], [12.5587, 55.7144], [12.5589, 55.7146], [12.5591, 55.7147], [12.5592, 55.7148], [12.5594, 55.715], [12.5597, 55.7152]], [[12.5597, 55.7152], [12.5599, 55.7154], [12.5603, 55.7157], [12.5605, 55.7158], [12.5606, 55.7159], [12.5608, 55.716], [12.5609, 55.7161], [12.5611, 55.7162], [12.5613, 55.7163], [12.5614, 55.7163], [12.5615, 55.7164], [12.5617, 55.7164], [12.5618, 55.7165], [12.562, 55.7166], [12.5622, 55.7167], [12.5624, 55.7167], [12.5626, 55.7168], [12.5629, 55.7168], [12.5631, 55.7169], [12.5633, 55.7169], [12.5635, 55.717], [12.5637, 55.717], [12.564, 55.717], [12.5642, 55.7171], [12.5644, 55.7171], [12.5647, 55.7171], [12.5649, 55.7171], [12.5651, 55.7171], [12.5654, 55.7171], [12.5657, 55.7171], [12.5659, 55.7171], [12.5666, 55.7171], [12.5678, 55.7171]], [[12.5678, 55.7171], [12.568, 55.7171], [12.5724, 55.717], [12.5727, 55.717], [12.573, 55.717], [12.5734, 55.7169], [12.5736, 55.7169], [12.5738, 55.7169], [12.5741, 55.7169], [12.5743, 55.7168], [12.5745, 55.7168], [12.5748, 55.7168], [12.575, 55.7167], [12.5752, 55.7167], [12.5754, 55.7166], [12.5757, 55.7165], [12.5759, 55.7165], [12.5761, 55.7164], [12.5763, 55.7163], [12.5767, 55.7162], [12.5787, 55.7155], [12.5809, 55.7147]], [[12.5809, 55.7147], [12.5823, 55.7142], [12.5827, 55.714], [12.5837, 55.7136]], [[12.5837, 55.7136], [12.5841, 55.7134], [12.5845, 55.7133], [12.5851, 55.713], [12.5857, 55.7126], [12.5862, 55.7123], [12.5866, 55.712], [12.5872, 55.7115], [12.5875, 55.7113], [12.588, 55.7108], [12.5883, 55.7104], [12.5887, 55.7099], [12.589, 55.7094], [12.5892, 55.7091]], [[12.5892, 55.7091], [12.5893, 55.7089]], [[12.5893, 55.7089], [12.59, 55.7073]], [[12.59, 55.7073], [12.5901, 55.707]], [[12.5901, 55.707], [12.5903, 55.7067], [12.5904, 55.7064], [12.5909, 55.705], [12.591, 55.7046], [12.5911, 55.7044], [12.5912, 55.7042], [12.5912, 55.704], [12.5912, 55.7038], [12.5914, 55.7029]], [[12.5914, 55.7029], [12.5917, 55.7002]], [[12.5917, 55.7002], [12.592, 55.6982], [12.592, 55.6979], [12.592, 55.6977], [12.592, 55.6975], [12.592, 55.6973], [12.592, 55.697], [12.5919, 55.6968], [12.5919, 55.6966], [12.5918, 55.6964], [12.5918, 55.6962], [12.5917, 55.696], [12.5916, 55.6959], [12.5915, 55.6957], [12.5914, 55.6956], [12.5913, 55.6955], [12.5912, 55.6953], [12.591, 55.6951], [12.5908, 55.6949], [12.5905, 55.6947], [12.5904, 55.6946], [12.5902, 55.6946], [12.5899, 55.6943], [12.5898, 55.6943], [12.5885, 55.6935]], [[12.5885, 55.6935], [12.5883, 55.6934], [12.5871, 55.6927]], [[12.5871, 55.6927], [12.5862, 55.6922]], [[12.5862, 55.6922], [12.5838, 55.6907], [12.5832, 55.6903], [12.5826, 55.6899]], [[12.5826, 55.6899], [12.5821, 55.6897], [12.582, 55.6896], [12.5817, 55.6894], [12.5802, 55.6887]], [[12.5802, 55.6887], [12.5799, 55.6885], [12.5797, 55.6884], [12.5772, 55.687], [12.5769, 55.6869], [12.5766, 55.6867], [12.5763, 55.6865], [12.5758, 55.6862], [12.5734, 55.6845], [12.5726, 55.6841], [12.5723, 55.6839], [12.5717, 55.6835], [12.5712, 55.6832], [12.5709, 55.6829], [12.5697, 55.682], [12.5692, 55.6816]], [[12.5692, 55.6816], [12.5676, 55.6804], [12.5673, 55.6802]], [[12.5673, 55.6802], [12.5671, 55.68], [12.5669, 55.6799], [12.5667, 55.6798], [12.5663, 55.6795], [12.5661, 55.6795]], [[12.5661, 55.6795], [12.5654, 55.6791], [12.5651, 55.679], [12.5645, 55.6787], [12.5644, 55.6786], [12.5643, 55.6786]], [[12.5643, 55.6786], [12.5642, 55.6786], [12.564, 55.6784], [12.5639, 55.6784], [12.5637, 55.6782], [12.5635, 55.6781], [12.5633, 55.6779], [12.5632, 55.6778], [12.563, 55.6776], [12.563, 55.6775], [12.5629, 55.6774], [12.5628, 55.6773], [12.5627, 55.6771], [12.5626, 55.677], [12.5625, 55.6768], [12.5624, 55.6767], [12.5624, 55.6766], [12.5624, 55.6765], [12.5623, 55.6762], [12.5623, 55.6761], [12.5623, 55.6759], [12.5623, 55.6758]], [[12.5623, 55.6758], [12.5623, 55.6757], [12.5623, 55.6756], [12.5624, 55.6754], [12.5624, 55.6753], [12.5625, 55.6751]], [[12.5625, 55.6751], [12.5626, 55.6749], [12.5629, 55.6741], [12.5631, 55.6739], [12.5631, 55.6737]], [[12.5631, 55.6737], [12.5633, 55.6733], [12.5634, 55.6732], [12.5634, 55.6731], [12.5635, 55.673], [12.5636, 55.6728], [12.5638, 55.6726], [12.5642, 55.6723]], [[12.5642, 55.6723], [12.5644, 55.6721], [12.5649, 55.6716], [12.5651, 55.6715], [12.5652, 55.6713]], [[12.5652, 55.6713], [12.5653, 55.6712], [12.5654, 55.6711], [12.5655, 55.6709], [12.5655, 55.6707], [12.5655, 55.6706], [12.5656, 55.6705]], [[12.5656, 55.6705], [12.5656, 55.6704], [12.5657, 55.6703], [12.5657, 55.6702], [12.5657, 55.6701], [12.5657, 55.67], [12.5657, 55.6699], [12.5657, 55.6698], [12.5657, 55.6697], [12.5657, 55.6696], [12.5656, 55.6695], [12.5656, 55.6694], [12.5656, 55.6692], [12.5655, 55.6691], [12.5655, 55.669], [12.5654, 55.6689], [12.5654, 55.6688], [12.5653, 55.6687], [12.5652, 55.6686], [12.5651, 55.6685], [12.565, 55.6684], [12.5649, 55.6682], [12.5648, 55.6681], [12.5647, 55.668], [12.5645, 55.668], [12.5644, 55.6679], [12.5643, 55.6678], [12.5642, 55.6677], [12.564, 55.6676], [12.5638, 55.6675], [12.5637, 55.6674]], [[12.5637, 55.6674], [12.5635, 55.6673], [12.5632, 55.6672], [12.5626, 55.6669], [12.5622, 55.6667], [12.5618, 55.6665], [12.5615, 55.6664], [12.5613, 55.6663]], [[12.5613, 55.6663], [12.5602, 55.6658], [12.56, 55.6656], [12.5597, 55.6655], [12.5595, 55.6654], [12.5592, 55.6653], [12.5591, 55.6653]], [[12.5591, 55.6653], [12.5582, 55.665]], [[12.5582, 55.665], [12.5581, 55.665], [12.5579, 55.665], [12.5577, 55.6649], [12.5575, 55.6649], [12.5572, 55.6648], [12.557, 55.6648], [12.5568, 55.6647], [12.5565, 55.6647], [12.5563, 55.6647], [12.556, 55.6646], [12.5555, 55.6646], [12.5545, 55.6645]], [[12.5545, 55.6645], [12.5539, 55.6644], [12.5533, 55.6644], [12.5525, 55.6643], [12.5521, 55.6642], [12.5512, 55.6641], [12.5508, 55.6641], [12.5505, 55.664], [12.5501, 55.664]], [[12.5501, 55.664], [12.5475, 55.6636], [12.5473, 55.6636], [12.5471, 55.6635], [12.5469, 55.6635], [12.5467, 55.6635], [12.5466, 55.6634], [12.5464, 55.6634], [12.5462, 55.6633], [12.546, 55.6633], [12.5458, 55.6632], [12.5453, 55.6631], [12.5451, 55.663], [12.545, 55.663], [12.5448, 55.663], [12.5446, 55.6629], [12.5444, 55.6629], [12.5442, 55.6629], [12.544, 55.6628], [12.5438, 55.6628], [12.5436, 55.6628], [12.5434, 55.6628], [12.5431, 55.6628], [12.5429, 55.6628], [12.5427, 55.6628], [12.5425, 55.6628], [12.5423, 55.6628], [12.5421, 55.6628], [12.5413, 55.6629], [12.5401, 55.6632], [12.5396, 55.6632], [12.5392, 55.6633], [12.5388, 55.6633], [12.5384, 55.6634]], [[12.5384, 55.6634], [12.5378, 55.6634], [12.5373, 55.6635], [12.5369, 55.6635], [12.5365, 55.6635], [12.5362, 55.6635], [12.5359, 55.6635], [12.5353, 55.6635]], [[12.5353, 55.6635], [12.5345, 55.6635], [12.5343, 55.6635], [12.5341, 55.6635], [12.534, 55.6635], [12.5338, 55.6635], [12.5336, 55.6635], [12.5332, 55.6635], [12.5328, 55.6635], [12.5325, 55.6635], [12.5309, 55.6636]], [[12.5309, 55.6636], [12.5234, 55.6637], [12.5206, 55.6638]], [[12.5206, 55.6638], [12.5203, 55.6638]], [[12.5203, 55.6638], [12.5195, 55.6638], [12.5185, 55.6638], [12.5182, 55.6638], [12.5173, 55.6638]], [[12.5173, 55.6638], [12.5172, 55.6638], [12.5163, 55.6638], [12.5157, 55.6638], [12.5146, 55.6639], [12.514, 55.6639], [12.5136, 55.6639], [12.5132, 55.6639], [12.5122, 55.6639], [12.5121, 55.6639], [12.5119, 55.6639], [12.5118, 55.6639], [12.5112, 55.664]], [[12.5112, 55.664], [12.5105, 55.664]], [[12.5105, 55.664], [12.5098, 55.6641], [12.5095, 55.6641], [12.5092, 55.6641], [12.5089, 55.6641], [12.5087, 55.6641], [12.5083, 55.6641]], [[12.5083, 55.6641], [12.5079, 55.6641], [12.5076, 55.6641], [12.5074, 55.6641], [12.5066, 55.6641], [12.5058, 55.664], [12.5054, 55.664], [12.5049, 55.664], [12.5045, 55.664], [12.5036, 55.664], [12.5034, 55.664], [12.4965, 55.6641], [12.4961, 55.6642], [12.4958, 55.6642], [12.4956, 55.6642], [12.4954, 55.6642], [12.4953, 55.6642], [12.4948, 55.6642], [12.4946, 55.6642], [12.4944, 55.6642], [12.4943, 55.6643], [12.4941, 55.6643]], [[12.4941, 55.6643], [12.4938, 55.6643], [12.4937, 55.6643], [12.4933, 55.6643]], [[12.4933, 55.6643], [12.4927, 55.6643], [12.4924, 55.6643], [12.4922, 55.6643], [12.492, 55.6643], [12.4917, 55.6643]], [[12.4917, 55.6643], [12.4909, 55.6643], [12.4905, 55.6642], [12.4902, 55.6642], [12.4899, 55.6642], [12.4835, 55.6643]], [[12.4835, 55.6643], [12.4828, 55.6644]], [[12.4828, 55.6644], [12.4819, 55.6644], [12.4804, 55.6644], [12.4801, 55.6644], [12.4797, 55.6644], [12.4794, 55.6644], [12.4783, 55.6645], [12.478, 55.6645], [12.4777, 55.6645], [12.475, 55.6646], [12.474, 55.6646]], [[12.474, 55.6646], [12.4736, 55.6646]], [[12.4736, 55.6646], [12.4732, 55.6646], [12.4723, 55.6646], [12.4719, 55.6646], [12.4714, 55.6646], [12.4665, 55.6646], [12.4661, 55.6646], [12.4657, 55.6647], [12.4653, 55.6647], [12.4649, 55.6647], [12.4645, 55.6647], [12.4641, 55.6647], [12.4626, 55.6648], [12.4621, 55.6648], [12.4616, 55.6648], [12.4607, 55.6649], [12.4595, 55.6649], [12.4586, 55.6649], [12.4582, 55.6649], [12.4578, 55.6649], [12.4574, 55.6649], [12.457, 55.6649], [12.4558, 55.6648]], [[12.4558, 55.6648], [12.4555, 55.6648], [12.4552, 55.6648], [12.4549, 55.6648]], [[12.4549, 55.6648], [12.4546, 55.6648], [12.4542, 55.6648], [12.4474, 55.6649], [12.4468, 55.6649], [12.4463, 55.6649], [12.4458, 55.6649], [12.4452, 55.665], [12.4441, 55.665], [12.4421, 55.6651], [12.441, 55.6651], [12.4408, 55.6651], [12.4404, 55.6652], [12.44, 55.6652], [12.4397, 55.6652], [12.4395, 55.6652], [12.4391, 55.6651], [12.4388, 55.6651], [12.4376, 55.6651], [12.4373, 55.6651], [12.4369, 55.6651], [12.4365, 55.6651], [12.4362, 55.6651], [12.4253, 55.6652], [12.4248, 55.6652], [12.4243, 55.6652], [12.4238, 55.6652], [12.4234, 55.6652]], [[12.4224, 55.6652], [12.4215, 55.6652], [12.4202, 55.6652], [12.4197, 55.6651], [12.4179, 55.665], [12.4165, 55.665], [12.4157, 55.6649], [12.415, 55.6648], [12.4143, 55.6648], [12.4136, 55.6647], [12.4073, 55.664], [12.4064, 55.6639], [12.4055, 55.6638], [12.4046, 55.6637], [12.4009, 55.6634], [12.4005, 55.6633], [12.3995, 55.6632], [12.3987, 55.6631], [12.3964, 55.6629], [12.3961, 55.6629], [12.3958, 55.6628]], [[12.3958, 55.6628], [12.3933, 55.6625], [12.3929, 55.6625], [12.3925, 55.6624], [12.3921, 55.6624], [12.3907, 55.6622], [12.3903, 55.6621], [12.3898, 55.6621], [12.3892, 55.662], [12.38, 55.661], [12.3631, 55.6591]], [[12.3631, 55.6591], [12.3598, 55.6587], [12.3592, 55.6587], [12.3586, 55.6586], [12.3581, 55.6586], [12.3541, 55.6582], [12.3537, 55.6582], [12.3533, 55.6582], [12.3531, 55.6581], [12.3529, 55.6581], [12.3525, 55.6581], [12.3522, 55.658], [12.3519, 55.658], [12.351, 55.6578], [12.3507, 55.6578], [12.3504, 55.6577], [12.3501, 55.6577], [12.3499, 55.6576], [12.3496, 55.6576], [12.3413, 55.6567], [12.3399, 55.6565]], [[12.3399, 55.6565], [12.3344, 55.6559]], [[12.3344, 55.6559], [12.334, 55.6559]], [[12.334, 55.6559], [12.3254, 55.6549], [12.3236, 55.6547]], [[12.3236, 55.6547], [12.3223, 55.6546]], [[12.3223, 55.6546], [12.3134, 55.6536], [12.3116, 55.6534]], [[12.3116, 55.6534], [12.3106, 55.6533], [12.3099, 55.6532], [12.3093, 55.6532], [12.3086, 55.6531], [12.3075, 55.653], [12.3069, 55.653], [12.3063, 55.6529], [12.3058, 55.6529], [12.3054, 55.6529], [12.305, 55.6528], [12.3045, 55.6528]], [[12.3045, 55.6528], [12.3036, 55.6527]], [[12.3036, 55.6527], [12.3021, 55.6526], [12.3, 55.6524], [12.2994, 55.6523]], [[12.2994, 55.6523], [12.299, 55.6523], [12.2986, 55.6522], [12.2982, 55.6522], [12.2979, 55.6522], [12.2975, 55.6521], [12.297, 55.6521], [12.2963, 55.6521], [12.2938, 55.6519], [12.2935, 55.6518], [12.293, 55.6518]], [[12.293, 55.6518], [12.2926, 55.6517], [12.2923, 55.6517], [12.2919, 55.6516], [12.2916, 55.6516]], [[12.2916, 55.6516], [12.2908, 55.6515]], [[12.2908, 55.6515], [12.2894, 55.6512], [12.2886, 55.6511]], [[12.2886, 55.6511], [12.2818, 55.6502], [12.2808, 55.6501], [12.2801, 55.65], [12.279, 55.6499]], [[12.279, 55.6499], [12.2781, 55.6498], [12.2771, 55.6497], [12.2758, 55.6496]], [[12.2758, 55.6496], [12.2743, 55.6495], [12.2734, 55.6494], [12.2726, 55.6494], [12.2718, 55.6493], [12.2699, 55.6492], [12.2695, 55.6491], [12.2692, 55.6491], [12.2685, 55.649], [12.2663, 55.6488]]]}, "properties": {"ref": "Bx", "opened_year": 1989, "segment_count": 181}}, {"type": "Feature", "geometry": {"type": "MultiLineString", "coordinates": [[[12.0667, 55.8344], [12.0666, 55.8344], [12.0654, 55.8358], [12.0653, 55.8359], [12.0654, 55.836], [12.0655, 55.8358], [12.0656, 55.8357], [12.0657, 55.8356], [12.0658, 55.8355], [12.0659, 55.8353], [12.0661, 55.8352], [12.0662, 55.835], [12.0663, 55.8349], [12.0664, 55.8348], [12.0677, 55.8333], [12.0676, 55.8333], [12.0667, 55.8344]], [[12.1153, 55.8103], [12.1181, 55.8101], [12.1158, 55.8102], [12.1153, 55.8103], [12.1152, 55.8103], [12.1153, 55.8103]], [[12.1583, 55.796], [12.1589, 55.7958], [12.1594, 55.7956], [12.1596, 55.7956], [12.1601, 55.7954], [12.1604, 55.7953], [12.1607, 55.7952], [12.1608, 55.7952], [12.16, 55.7955], [12.1597, 55.7956], [12.1593, 55.7957], [12.1588, 55.7959], [12.1583, 55.796]], [[12.1852, 55.7805], [12.1852, 55.7802], [12.1854, 55.7799], [12.1857, 55.7789]], [[12.1901, 55.7664], [12.19, 55.7666], [12.1899, 55.7668], [12.1897, 55.7676], [12.1896, 55.7679], [12.1895, 55.768], [12.1896, 55.768], [12.1901, 55.7664]], [[12.2392, 55.7499], [12.2396, 55.7499], [12.2398, 55.7498], [12.2399, 55.7498], [12.2401, 55.7498], [12.2406, 55.7498], [12.2409, 55.7498], [12.2418, 55.7499], [12.242, 55.7499], [12.2416, 55.7499], [12.2411, 55.7499], [12.2406, 55.7499], [12.2401, 55.7499], [12.2396, 55.7499], [12.2392, 55.7499]], [[12.2883, 55.7518], [12.2865, 55.7519], [12.2859, 55.752], [12.2854, 55.752]], [[12.3189, 55.747], [12.3188, 55.7469], [12.3187, 55.747], [12.3184, 55.7472], [12.3183, 55.7472], [12.3179, 55.7474], [12.3178, 55.7475], [12.3173, 55.7477], [12.3168, 55.7479], [12.3166, 55.748], [12.3167, 55.748], [12.3189, 55.747]], [[12.3591, 55.7293], [12.3567, 55.7303]], [[12.3851, 55.7247], [12.3853, 55.7246], [12.386, 55.7246], [12.3879, 55.7244], [12.3851, 55.7247]], [[12.4008, 55.7233], [12.4018, 55.7232], [12.4029, 55.7231], [12.4036, 55.723], [12.4036, 55.7229], [12.4029, 55.723], [12.4007, 55.7232], [12.4008, 55.7233]], [[12.4434, 55.7189], [12.4435, 55.7188], [12.4458, 55.7181]], [[12.4639, 55.7096], [12.464, 55.7096], [12.4632, 55.7103], [12.4628, 55.7107], [12.4624, 55.711], [12.4623, 55.711], [12.4627, 55.7106], [12.4631, 55.7103], [12.4638, 55.7096], [12.4639, 55.7096]], [[12.4694, 55.6989], [12.4693, 55.6989], [12.4694, 55.6987], [12.4697, 55.698], [12.47, 55.6974], [12.4701, 55.6974], [12.4698, 55.698], [12.4695, 55.6987], [12.4694, 55.6989]], [[12.4801, 55.6895], [12.4796, 55.6897], [12.4791, 55.6899], [12.4787, 55.69], [12.4783, 55.6902], [12.4779, 55.6903], [12.4776, 55.6904], [12.4777, 55.6904], [12.4777, 55.6905], [12.478, 55.6904], [12.4784, 55.6902], [12.4789, 55.69], [12.4793, 55.6898], [12.4797, 55.6897], [12.4802, 55.6895], [12.4801, 55.6895]], [[12.4912, 55.6872], [12.4918, 55.6871], [12.4922, 55.687], [12.4925, 55.6869], [12.4933, 55.6868], [12.4939, 55.6867], [12.4939, 55.6868], [12.4933, 55.6869], [12.4925, 55.687], [12.4923, 55.6871], [12.4918, 55.6871], [12.4912, 55.6873], [12.4912, 55.6872]], [[12.4984, 55.6855], [12.4985, 55.6854], [12.4987, 55.6852], [12.4989, 55.6851], [12.499, 55.685], [12.4992, 55.6848], [12.4993, 55.6846], [12.4997, 55.6841], [12.4998, 55.6841], [12.4994, 55.6846], [12.4993, 55.6848], [12.4991, 55.685], [12.499, 55.6851], [12.4988, 55.6853], [12.4987, 55.6854], [12.4985, 55.6856], [12.4984, 55.6855]], [[12.5035, 55.6782], [12.5036, 55.6779], [12.5041, 55.6766], [12.5042, 55.6766], [12.504, 55.6772], [12.5039, 55.6776], [12.5038, 55.6779], [12.5036, 55.6782], [12.5035, 55.6782]], [[12.5039, 55.6688], [12.5038, 55.6685], [12.5038, 55.6682], [12.5039, 55.6679], [12.504, 55.6676], [12.504, 55.6674], [12.5041, 55.6672]], [[12.5157, 55.6638], [12.5146, 55.6638], [12.514, 55.6638], [12.5136, 55.6638], [12.5131, 55.6638], [12.5127, 55.6638], [12.5122, 55.6638], [12.5114, 55.6638], [12.5122, 55.6637], [12.5127, 55.6637], [12.5131, 55.6637], [12.5136, 55.6637], [12.514, 55.6637], [12.5146, 55.6637], [12.5157, 55.6637], [12.5157, 55.6638]], [[12.5345, 55.6635], [12.5349, 55.6634], [12.5353, 55.6634], [12.5359, 55.6634], [12.5365, 55.6634], [12.5368, 55.6634], [12.5369, 55.6634], [12.5372, 55.6634], [12.5376, 55.6633]], [[12.5594, 55.6649], [12.5597, 55.665], [12.5598, 55.6651], [12.5602, 55.6653], [12.5612, 55.6658], [12.5616, 55.666], [12.5613, 55.6658], [12.5603, 55.6652], [12.5599, 55.6651], [12.5597, 55.665], [12.5595, 55.6649], [12.5597, 55.665], [12.5595, 55.6649], [12.5594, 55.6649]], [[12.5631, 55.6776], [12.5631, 55.6775], [12.563, 55.6774], [12.5629, 55.6772], [12.5628, 55.6771], [12.5627, 55.6769], [12.5626, 55.6768], [12.5626, 55.6766], [12.5625, 55.6765], [12.5625, 55.6763], [12.5625, 55.6762], [12.5625, 55.676], [12.5625, 55.6759], [12.5624, 55.6759], [12.5625, 55.6758], [12.5623, 55.6758], [12.5623, 55.676], [12.5623, 55.6762], [12.5624, 55.6763], [12.5624, 55.6765], [12.5625, 55.6766], [12.5625, 55.6768], [12.5626, 55.6769], [12.5627, 55.6771], [12.5627, 55.6772], [12.5629, 55.6773], [12.563, 55.6776], [12.5631, 55.6776]], [[12.5899, 55.6942], [12.5892, 55.6938], [12.5874, 55.6927]], [[12.5904, 55.7065], [12.5907, 55.706], [12.5909, 55.7053], [12.5911, 55.705], [12.5911, 55.7048], [12.5912, 55.7046]], [[12.581, 55.7148], [12.5798, 55.7152], [12.5787, 55.7156], [12.5788, 55.7157], [12.5799, 55.7153], [12.581, 55.7148]], [[12.567, 55.7318], [12.5672, 55.7312], [12.5676, 55.7297], [12.5675, 55.7297], [12.5671, 55.7312], [12.567, 55.7313], [12.5671, 55.7313], [12.567, 55.7318]], [[12.5713, 55.7507], [12.5714, 55.7507], [12.5719, 55.7512], [12.5728, 55.752], [12.5727, 55.752], [12.5724, 55.7517], [12.5721, 55.7514], [12.5717, 55.7511], [12.5715, 55.7509], [12.5714, 55.7508], [12.5713, 55.7507]], [[12.5836, 55.763], [12.5837, 55.7629], [12.5835, 55.7627], [12.5834, 55.7624], [12.5832, 55.7622], [12.5831, 55.762], [12.5829, 55.7618], [12.5826, 55.7615], [12.5824, 55.7615], [12.5827, 55.7618], [12.5829, 55.7621], [12.583, 55.7623], [12.5832, 55.7625], [12.5833, 55.7627], [12.5835, 55.7629], [12.5835, 55.763], [12.5836, 55.763]], [[12.0653, 55.8359], [12.0654, 55.8358], [12.0658, 55.8354], [12.0669, 55.834]], [[12.0669, 55.834], [12.0672, 55.8337], [12.0674, 55.8335], [12.0675, 55.8334], [12.0676, 55.8333], [12.0677, 55.8331], [12.0683, 55.8326], [12.069, 55.8319]], [[12.069, 55.8319], [12.0694, 55.8314], [12.0697, 55.831], [12.0702, 55.8305], [12.0704, 55.8303], [12.0709, 55.8298], [12.0711, 55.8295], [12.0712, 55.8293], [12.0713, 55.8292]], [[12.0713, 55.8292], [12.0714, 55.8291], [12.0716, 55.8289], [12.0719, 55.8284], [12.0722, 55.8281], [12.0725, 55.8278], [12.0746, 55.8253], [12.0748, 55.8251], [12.0749, 55.8249], [12.0751, 55.8247], [12.0753, 55.8245], [12.0756, 55.8243], [12.0758, 55.8241], [12.076, 55.8239], [12.0762, 55.8237], [12.0764, 55.8235], [12.0767, 55.8233], [12.077, 55.8231], [12.0772, 55.823], [12.0773, 55.8229], [12.0775, 55.8227], [12.0777, 55.8226], [12.0779, 55.8225], [12.0782, 55.8223], [12.0784, 55.8222], [12.0788, 55.8219], [12.0793, 55.8217], [12.0795, 55.8216], [12.0798, 55.8214], [12.0914, 55.8156], [12.0928, 55.8148], [12.0932, 55.8147], [12.0935, 55.8145], [12.0939, 55.8143], [12.0943, 55.8142], [12.0947, 55.814], [12.0951, 55.8138], [12.0955, 55.8136], [12.096, 55.8135], [12.0964, 55.8133], [12.0968, 55.8132], [12.0973, 55.813], [12.0977, 55.8128], [12.0982, 55.8127], [12.0987, 55.8125], [12.0992, 55.8124], [12.0997, 55.8122], [12.1003, 55.8121], [12.1008, 55.812], [12.1012, 55.8119], [12.1016, 55.8118], [12.1021, 55.8117], [12.1025, 55.8116], [12.1029, 55.8115], [12.1034, 55.8114], [12.1038, 55.8113], [12.1042, 55.8113], [12.1045, 55.8112], [12.1048, 55.8111], [12.1051, 55.8111], [12.1052, 55.8111], [12.1056, 55.811], [12.106, 55.811], [12.1064, 55.8109], [12.1067, 55.8109], [12.1071, 55.8108]], [[12.1071, 55.8108], [12.1073, 55.8108]], [[12.1073, 55.8108], [12.1077, 55.8108], [12.1081, 55.8107], [12.1086, 55.8107], [12.109, 55.8107], [12.11, 55.8106], [12.1158, 55.8103], [12.1209, 55.81], [12.1214, 55.8099], [12.1219, 55.8099], [12.1225, 55.8099], [12.123, 55.8098], [12.1235, 55.8098], [12.124, 55.8097], [12.1245, 55.8096], [12.1251, 55.8096], [12.1256, 55.8095], [12.1259, 55.8094]], [[12.1259, 55.8094], [12.1264, 55.8093]], [[12.1264, 55.8093], [12.1269, 55.8093], [12.1274, 55.8091], [12.1279, 55.8091], [12.1283, 55.809], [12.1288, 55.8088], [12.1293, 55.8087], [12.1298, 55.8086], [12.1302, 55.8085], [12.1307, 55.8083], [12.1312, 55.8082], [12.1316, 55.808], [12.1321, 55.8079], [12.1325, 55.8077], [12.1329, 55.8075], [12.1333, 55.8074], [12.1336, 55.8073], [12.134, 55.8071], [12.1343, 55.807], [12.1346, 55.8069], [12.1348, 55.8067], [12.1351, 55.8066], [12.1353, 55.8065], [12.1354, 55.8065], [12.1357, 55.8063], [12.136, 55.8061], [12.1364, 55.8059], [12.1367, 55.8057], [12.1465, 55.8001], [12.1469, 55.7999], [12.1471, 55.7998], [12.1472, 55.7998], [12.1475, 55.7996], [12.1478, 55.7994], [12.1481, 55.7993], [12.1484, 55.7991], [12.1488, 55.799], [12.1491, 55.7989], [12.1494, 55.7988], [12.1496, 55.7987], [12.1498, 55.7986], [12.1501, 55.7985]], [[12.1501, 55.7985], [12.1503, 55.7984]], [[12.1503, 55.7984], [12.1504, 55.7984], [12.1507, 55.7983], [12.1511, 55.7982], [12.1515, 55.7981], [12.1519, 55.7979], [12.156, 55.7967], [12.1577, 55.7962]], [[12.1577, 55.7962], [12.1582, 55.7961]], [[12.1582, 55.7961], [12.1588, 55.7959], [12.1593, 55.7957], [12.1597, 55.7956], [12.16, 55.7955], [12.1602, 55.7954], [12.1607, 55.7953], [12.161, 55.7951], [12.1615, 55.795], [12.1619, 55.7948], [12.1624, 55.7946], [12.1628, 55.7944], [12.1633, 55.7942], [12.1637, 55.794], [12.1663, 55.7929], [12.1717, 55.7904], [12.1725, 55.7901], [12.1726, 55.79], [12.1732, 55.7898], [12.1738, 55.7895], [12.1744, 55.7892], [12.1751, 55.789], [12.1774, 55.7879], [12.1782, 55.7875], [12.1786, 55.7874], [12.1789, 55.7872], [12.1793, 55.787], [12.1796, 55.7868], [12.1799, 55.7866], [12.1803, 55.7864], [12.1804, 55.7863]], [[12.1804, 55.7863], [12.1808, 55.7861]], [[12.1808, 55.7861], [12.1812, 55.7858], [12.1815, 55.7856], [12.1818, 55.7854], [12.182, 55.7852], [12.1822, 55.785], [12.1824, 55.7849], [12.1827, 55.7846], [12.1829, 55.7844], [12.1831, 55.7842], [12.1834, 55.7839], [12.1836, 55.7836], [12.1838, 55.7834], [12.184, 55.7831], [12.1842, 55.7829], [12.1843, 55.7826], [12.1845, 55.7823], [12.1846, 55.7821], [12.1847, 55.7818], [12.1848, 55.7815], [12.1849, 55.7813], [12.1853, 55.7803]], [[12.1853, 55.7803], [12.1854, 55.7799]], [[12.1854, 55.7799], [12.1854, 55.7798], [12.1864, 55.7771]], [[12.1864, 55.7771], [12.1867, 55.7763]], [[12.1867, 55.7763], [12.1869, 55.7758], [12.187, 55.7753], [12.1872, 55.7748], [12.1874, 55.7743], [12.1878, 55.7732], [12.1888, 55.7704], [12.1891, 55.7694], [12.1893, 55.7687]], [[12.1893, 55.7687], [12.1895, 55.7684]], [[12.1895, 55.7684], [12.19, 55.7668], [12.1902, 55.7663], [12.1909, 55.7643], [12.1911, 55.7639], [12.1912, 55.7635], [12.1913, 55.7634], [12.1914, 55.7632], [12.1915, 55.7631], [12.1915, 55.7629], [12.1917, 55.7627], [12.1918, 55.7625], [12.1919, 55.7623], [12.1921, 55.7621], [12.1922, 55.7618], [12.1924, 55.7616], [12.1925, 55.7615], [12.1927, 55.7614], [12.1929, 55.7612], [12.193, 55.761], [12.1932, 55.7608], [12.1935, 55.7606], [12.1937, 55.7604], [12.194, 55.7602], [12.1942, 55.76], [12.1945, 55.7598], [12.1948, 55.7597], [12.1951, 55.7595], [12.1955, 55.7593], [12.1958, 55.7591], [12.1961, 55.759], [12.1965, 55.7588], [12.1968, 55.7586], [12.1972, 55.7585], [12.1975, 55.7584], [12.1975, 55.7583], [12.1979, 55.7582], [12.1983, 55.7581], [12.1987, 55.7579], [12.1991, 55.7578], [12.1996, 55.7577], [12.2046, 55.7562], [12.2053, 55.7559], [12.2061, 55.7557], [12.2069, 55.7555], [12.2076, 55.7553], [12.2099, 55.7546], [12.2103, 55.7544], [12.2107, 55.7543], [12.2111, 55.7542], [12.2115, 55.7541], [12.2119, 55.754], [12.2123, 55.7539], [12.2127, 55.7538], [12.2131, 55.7537], [12.2135, 55.7537], [12.2139, 55.7536], [12.2144, 55.7535], [12.2148, 55.7534], [12.2152, 55.7534], [12.2157, 55.7533], [12.2162, 55.7533], [12.2166, 55.7532], [12.2171, 55.7532], [12.2175, 55.7531], [12.2179, 55.7531], [12.2185, 55.7531], [12.2195, 55.7531], [12.2205, 55.753], [12.2212, 55.753], [12.2215, 55.753], [12.2219, 55.753], [12.2221, 55.753], [12.2222, 55.7529], [12.2226, 55.7529], [12.223, 55.7529], [12.2233, 55.7528], [12.2236, 55.7528], [12.224, 55.7528], [12.2244, 55.7527], [12.2247, 55.7527], [12.225, 55.7526], [12.2254, 55.7526], [12.2257, 55.7525], [12.2261, 55.7525], [12.2264, 55.7524], [12.2267, 55.7523], [12.227, 55.7523], [12.2271, 55.7523], [12.2274, 55.7522], [12.2278, 55.7521], [12.2286, 55.7519], [12.231, 55.7513], [12.2317, 55.7511], [12.2326, 55.7509], [12.233, 55.7508]], [[12.233, 55.7508], [12.2335, 55.7507], [12.2339, 55.7506], [12.2344, 55.7505], [12.2349, 55.7504], [12.2353, 55.7503], [12.2357, 55.7503], [12.2358, 55.7502], [12.236, 55.7502], [12.2364, 55.7502], [12.2368, 55.7501], [12.2372, 55.7501], [12.2376, 55.75], [12.2379, 55.75], [12.2383, 55.75], [12.2389, 55.7499], [12.239, 55.7499], [12.2392, 55.7499], [12.2396, 55.7499], [12.2401, 55.7499], [12.2406, 55.7499], [12.2411, 55.7499], [12.2416, 55.7499], [12.242, 55.7499], [12.2422, 55.7499], [12.2431, 55.75], [12.2439, 55.75], [12.2483, 55.7501]], [[12.2483, 55.7501], [12.2497, 55.7502], [12.2507, 55.7502]], [[12.2507, 55.7502], [12.2511, 55.7502]], [[12.2511, 55.7502], [12.2516, 55.7503], [12.2521, 55.7503], [12.2525, 55.7503], [12.253, 55.7503], [12.2535, 55.7504], [12.254, 55.7504], [12.2545, 55.7505], [12.2551, 55.7505], [12.2556, 55.7506], [12.2561, 55.7506], [12.2566, 55.7507], [12.2572, 55.7507], [12.2579, 55.7508], [12.2582, 55.7509], [12.2588, 55.7509], [12.2593, 55.751], [12.2598, 55.7511], [12.2603, 55.7512], [12.2609, 55.7513], [12.2674, 55.7523], [12.2679, 55.7524], [12.2684, 55.7525], [12.2689, 55.7525], [12.2694, 55.7526], [12.2699, 55.7526], [12.2704, 55.7527], [12.271, 55.7527], [12.2715, 55.7527], [12.272, 55.7528], [12.2725, 55.7528], [12.273, 55.7528], [12.2735, 55.7528], [12.274, 55.7527], [12.2745, 55.7527], [12.275, 55.7527], [12.2755, 55.7527], [12.2828, 55.7522], [12.2859, 55.752]], [[12.2859, 55.752], [12.2865, 55.7519]], [[12.2865, 55.7519], [12.2891, 55.7518], [12.2893, 55.7518], [12.2924, 55.7516], [12.2945, 55.7514], [12.2965, 55.7513], [12.2973, 55.7512], [12.2981, 55.7512], [12.2988, 55.7511]], [[12.2988, 55.7511], [12.2993, 55.7511]], [[12.2993, 55.7511], [12.3005, 55.751], [12.301, 55.751]], [[12.301, 55.751], [12.3019, 55.7509], [12.3029, 55.7509]], [[12.3029, 55.7509], [12.3038, 55.7508], [12.3055, 55.7507], [12.3063, 55.7507], [12.3067, 55.7506], [12.3071, 55.7506], [12.3074, 55.7506], [12.3077, 55.7505], [12.308, 55.7505], [12.3082, 55.7505], [12.3085, 55.7504], [12.3087, 55.7504], [12.309, 55.7504], [12.3093, 55.7503], [12.3096, 55.7503], [12.31, 55.7502], [12.3104, 55.7502], [12.3107, 55.7501], [12.3111, 55.75], [12.3115, 55.7499], [12.3118, 55.7498], [12.3122, 55.7497], [12.3126, 55.7497], [12.3129, 55.7496], [12.3132, 55.7495], [12.3135, 55.7494], [12.3138, 55.7493], [12.3141, 55.7492], [12.3144, 55.7491], [12.3147, 55.7489], [12.315, 55.7488], [12.3153, 55.7487], [12.3156, 55.7486], [12.3159, 55.7485], [12.3163, 55.7483], [12.3181, 55.7474], [12.3191, 55.7469], [12.3232, 55.7448], [12.3239, 55.7445], [12.3246, 55.7442], [12.3253, 55.7439], [12.3258, 55.7437], [12.3261, 55.7435], [12.3282, 55.7425], [12.3289, 55.7422], [12.3296, 55.7418], [12.3303, 55.7415], [12.331, 55.7412], [12.3312, 55.7411], [12.3388, 55.738]], [[12.3388, 55.738], [12.339, 55.7379]], [[12.339, 55.7379], [12.344, 55.7358], [12.3447, 55.7355], [12.3453, 55.7352]], [[12.3453, 55.7352], [12.347, 55.7345], [12.3479, 55.7341]], [[12.3479, 55.7341], [12.3501, 55.7332], [12.3513, 55.7327]], [[12.3513, 55.7327], [12.3518, 55.7325], [12.3529, 55.732], [12.3545, 55.7312], [12.355, 55.731], [12.3558, 55.7307], [12.3564, 55.7304], [12.3567, 55.7303], [12.3577, 55.7299]], [[12.3577, 55.7299], [12.3582, 55.7297], [12.3585, 55.7295]], [[12.3585, 55.7295], [12.3591, 55.7293], [12.3592, 55.7293], [12.3595, 55.7292]], [[12.3595, 55.7292], [12.3598, 55.729], [12.3599, 55.729]], [[12.3599, 55.729], [12.36, 55.7289]], [[12.36, 55.7289], [12.3606, 55.7287], [12.3614, 55.7284], [12.3616, 55.7284]], [[12.3616, 55.7284], [12.3621, 55.7282], [12.3629, 55.7279], [12.3635, 55.7277], [12.364, 55.7275], [12.3645, 55.7273], [12.3651, 55.7272], [12.3656, 55.727], [12.3662, 55.7269]], [[12.3662, 55.7269], [12.3668, 55.7267], [12.3673, 55.7266], [12.3678, 55.7265], [12.3682, 55.7264], [12.3687, 55.7264], [12.369, 55.7263], [12.3693, 55.7262], [12.3696, 55.7262], [12.3698, 55.7262], [12.3701, 55.7261], [12.3703, 55.7261], [12.3706, 55.7261], [12.371, 55.726], [12.3715, 55.726], [12.3719, 55.7259], [12.3821, 55.725], [12.3849, 55.7247]], [[12.3849, 55.7247], [12.3857, 55.7246], [12.3862, 55.7246], [12.3865, 55.7246], [12.388, 55.7244]], [[12.388, 55.7244], [12.3908, 55.7242], [12.3967, 55.7236], [12.3993, 55.7233], [12.4007, 55.7232], [12.4019, 55.7231], [12.4027, 55.723], [12.4041, 55.7229]], [[12.4041, 55.7229], [12.4048, 55.7228]], [[12.4048, 55.7228], [12.4111, 55.7222], [12.4121, 55.7221], [12.4132, 55.722], [12.4142, 55.722], [12.4153, 55.7219], [12.4163, 55.7219], [12.4175, 55.7219], [12.4281, 55.7215]], [[12.4281, 55.7215], [12.4285, 55.7215]], [[12.4285, 55.7215], [12.4291, 55.7214], [12.4302, 55.7214], [12.4313, 55.7214], [12.4323, 55.7213], [12.4333, 55.7212], [12.4335, 55.7212], [12.4343, 55.7211], [12.4352, 55.721], [12.4359, 55.7208], [12.4366, 55.7207]], [[12.4366, 55.7207], [12.4371, 55.7206], [12.4377, 55.7205], [12.438, 55.7204], [12.4383, 55.7203], [12.4386, 55.7202], [12.4389, 55.7202], [12.4391, 55.7201], [12.4393, 55.72], [12.4397, 55.7199], [12.44, 55.7198], [12.4406, 55.7197], [12.4423, 55.7192], [12.4428, 55.719], [12.443, 55.719], [12.4435, 55.7188], [12.4458, 55.7181], [12.4462, 55.718], [12.4472, 55.7177], [12.4479, 55.7175], [12.448, 55.7174], [12.4492, 55.7171], [12.4502, 55.7168], [12.4513, 55.7164], [12.4518, 55.7162]], [[12.4518, 55.7162], [12.4522, 55.7161], [12.4533, 55.7158], [12.4534, 55.7157], [12.454, 55.7155], [12.4545, 55.7153], [12.4549, 55.7152], [12.4554, 55.715], [12.4559, 55.7148], [12.4565, 55.7145], [12.4571, 55.7142], [12.4578, 55.7139], [12.4584, 55.7136], [12.4589, 55.7133], [12.4595, 55.7129], [12.4602, 55.7125], [12.4606, 55.7123], [12.4609, 55.712], [12.4613, 55.7118]], [[12.4613, 55.7118], [12.4614, 55.7117]], [[12.4614, 55.7117], [12.4619, 55.7113], [12.4623, 55.711], [12.4627, 55.7106], [12.4631, 55.7103], [12.4638, 55.7096], [12.4639, 55.7095], [12.4641, 55.7092], [12.4644, 55.709], [12.4646, 55.7088], [12.4648, 55.7085], [12.4651, 55.7082], [12.4654, 55.7078], [12.4655, 55.7076], [12.4657, 55.7074], [12.4658, 55.7072], [12.466, 55.707], [12.4661, 55.7068], [12.4663, 55.7065], [12.4664, 55.7063]], [[12.4664, 55.7063], [12.4665, 55.7062]], [[12.4665, 55.7062], [12.4666, 55.706], [12.4668, 55.7054], [12.4671, 55.7049], [12.4673, 55.7044], [12.4673, 55.7042], [12.4675, 55.7038], [12.4677, 55.7033], [12.4679, 55.7028], [12.4681, 55.7022], [12.4683, 55.7017], [12.4685, 55.7011], [12.4687, 55.7006], [12.4688, 55.7002], [12.4689, 55.6999]], [[12.4689, 55.6999], [12.469, 55.6996]], [[12.469, 55.6996], [12.4691, 55.6992], [12.4693, 55.6989], [12.4694, 55.6987], [12.4697, 55.698], [12.47, 55.6974], [12.4702, 55.697], [12.4704, 55.6966], [12.4705, 55.6963], [12.4707, 55.6959], [12.471, 55.6955], [12.4711, 55.6953], [12.4713, 55.6951], [12.4715, 55.6948], [12.4717, 55.6945], [12.4719, 55.6943], [12.4722, 55.694], [12.4724, 55.6938], [12.4727, 55.6935], [12.4729, 55.6933], [12.4732, 55.6931], [12.4735, 55.6928], [12.4737, 55.6926], [12.474, 55.6924], [12.4743, 55.6922], [12.4747, 55.692], [12.475, 55.6918], [12.4753, 55.6916], [12.4756, 55.6914], [12.4761, 55.6912], [12.4764, 55.691]], [[12.4764, 55.691], [12.4769, 55.6907]], [[12.4769, 55.6907], [12.4776, 55.6904], [12.4779, 55.6903], [12.4783, 55.6902], [12.4787, 55.69], [12.4791, 55.6898], [12.4795, 55.6897], [12.4801, 55.6895]], [[12.4801, 55.6895], [12.4804, 55.6894], [12.4806, 55.6893], [12.4809, 55.6893], [12.4813, 55.6892], [12.4815, 55.6891]], [[12.4815, 55.6891], [12.4818, 55.689], [12.4821, 55.689]], [[12.4821, 55.689], [12.4825, 55.6889], [12.4828, 55.6888], [12.4831, 55.6887], [12.4835, 55.6887], [12.4838, 55.6886], [12.4845, 55.6885], [12.4852, 55.6884], [12.486, 55.6882]], [[12.486, 55.6882], [12.4869, 55.6881], [12.4875, 55.688], [12.4879, 55.6879], [12.4884, 55.6878], [12.4889, 55.6877], [12.4894, 55.6876]], [[12.4894, 55.6876], [12.4898, 55.6875], [12.49, 55.6874]], [[12.49, 55.6874], [12.4905, 55.6873]], [[12.4905, 55.6873], [12.4907, 55.6873], [12.491, 55.6872], [12.4912, 55.6872], [12.4915, 55.6871], [12.4918, 55.6871], [12.4922, 55.687], [12.4925, 55.6869], [12.4933, 55.6868], [12.4939, 55.6867], [12.4944, 55.6866], [12.4951, 55.6865], [12.4955, 55.6865]], [[12.4955, 55.6865], [12.4958, 55.6864], [12.496, 55.6864], [12.4961, 55.6864], [12.4963, 55.6863], [12.4964, 55.6863], [12.4966, 55.6863], [12.4968, 55.6862], [12.497, 55.6861], [12.4972, 55.6861], [12.4974, 55.686]], [[12.4974, 55.686], [12.4977, 55.6859], [12.4979, 55.6858], [12.4981, 55.6856], [12.4983, 55.6855]], [[12.4983, 55.6855], [12.4985, 55.6854], [12.4987, 55.6852]], [[12.4987, 55.6852], [12.4989, 55.6851], [12.499, 55.6849], [12.4992, 55.6848], [12.4993, 55.6846], [12.4998, 55.684]], [[12.4998, 55.684], [12.5005, 55.683], [12.5007, 55.6827], [12.5009, 55.6825]], [[12.5009, 55.6825], [12.501, 55.6823]], [[12.501, 55.6823], [12.5014, 55.6817]], [[12.5014, 55.6817], [12.5026, 55.6801], [12.5028, 55.6799], [12.5029, 55.6797], [12.503, 55.6795], [12.5031, 55.6793], [12.5032, 55.679], [12.5033, 55.6788]], [[12.5033, 55.6788], [12.5034, 55.6784]], [[12.5034, 55.6784], [12.5034, 55.6783], [12.5035, 55.6782], [12.5035, 55.678], [12.5036, 55.6779], [12.5041, 55.6766], [12.5042, 55.6764], [12.5044, 55.6757], [12.5045, 55.6754]], [[12.5045, 55.6754], [12.5045, 55.6752]], [[12.5045, 55.6752], [12.5047, 55.6747]], [[12.5047, 55.6747], [12.5052, 55.6734], [12.5052, 55.6732], [12.5053, 55.673], [12.5053, 55.6729], [12.5053, 55.6728], [12.5053, 55.6726], [12.5054, 55.6724]], [[12.5054, 55.6724], [12.5054, 55.6723], [12.5054, 55.6722], [12.5054, 55.6721], [12.5054, 55.672]], [[12.5054, 55.672], [12.5053, 55.6718], [12.5053, 55.6716], [12.5052, 55.6713], [12.5051, 55.6711], [12.505, 55.6709], [12.5049, 55.6707], [12.5048, 55.6705], [12.5047, 55.6702], [12.5043, 55.6697], [12.5042, 55.6695], [12.5041, 55.6693], [12.504, 55.6692], [12.5039, 55.669], [12.5039, 55.6689], [12.5038, 55.6685], [12.5038, 55.6682], [12.5038, 55.6679], [12.5039, 55.6676], [12.504, 55.6674], [12.5041, 55.6672], [12.5041, 55.6671]], [[12.5041, 55.6671], [12.5042, 55.6669], [12.5043, 55.6669], [12.5043, 55.6667], [12.5044, 55.6666]], [[12.5044, 55.6666], [12.5045, 55.6665], [12.5046, 55.6663], [12.5048, 55.6662], [12.5049, 55.666], [12.505, 55.6659], [12.5053, 55.6657], [12.5054, 55.6655], [12.5056, 55.6654], [12.5057, 55.6653], [12.5059, 55.6652], [12.5061, 55.6651], [12.5062, 55.665], [12.5064, 55.6649], [12.5065, 55.6648], [12.5067, 55.6648], [12.507, 55.6646], [12.5071, 55.6646], [12.5072, 55.6645], [12.5074, 55.6645], [12.5075, 55.6644], [12.5077, 55.6644], [12.5079, 55.6643], [12.508, 55.6642], [12.5082, 55.6642]], [[12.5082, 55.6642], [12.5084, 55.6642], [12.5085, 55.6641], [12.5087, 55.6641]], [[12.5087, 55.6641], [12.5091, 55.664], [12.5095, 55.6639], [12.5099, 55.6639], [12.5101, 55.6639], [12.5104, 55.6639], [12.5106, 55.6639], [12.5108, 55.6639], [12.5111, 55.6639], [12.5114, 55.6639]], [[12.5114, 55.6639], [12.5122, 55.6639], [12.5127, 55.6638], [12.5131, 55.6638], [12.5132, 55.6638], [12.5136, 55.6638], [12.514, 55.6638], [12.5146, 55.6638], [12.5152, 55.6638], [12.5157, 55.6638], [12.5165, 55.6638]], [[12.5165, 55.6638], [12.5174, 55.6638], [12.5185, 55.6638]], [[12.5185, 55.6638], [12.5192, 55.6638], [12.52, 55.6637], [12.5203, 55.6637]], [[12.5203, 55.6637], [12.5309, 55.6636]], [[12.5309, 55.6636], [12.5325, 55.6635], [12.5345, 55.6634], [12.5353, 55.6634], [12.5359, 55.6634], [12.5361, 55.6634], [12.5365, 55.6634], [12.5369, 55.6634]], [[12.5369, 55.6634], [12.5372, 55.6633], [12.5378, 55.6633], [12.5384, 55.6633], [12.5388, 55.6632], [12.5392, 55.6632], [12.5396, 55.6631], [12.5401, 55.6631], [12.5413, 55.6629], [12.542, 55.6628], [12.5423, 55.6628], [12.5425, 55.6627], [12.5427, 55.6627], [12.5429, 55.6627], [12.5431, 55.6627], [12.5434, 55.6627], [12.5436, 55.6627], [12.5438, 55.6627], [12.5441, 55.6627], [12.5445, 55.6627], [12.5448, 55.6628], [12.545, 55.6628]], [[12.545, 55.6628], [12.5452, 55.6628], [12.5454, 55.6628], [12.5455, 55.6628], [12.5457, 55.6629], [12.5458, 55.6629], [12.546, 55.6629], [12.5461, 55.6629], [12.5463, 55.663], [12.5475, 55.6632], [12.5477, 55.6632], [12.5478, 55.6633], [12.5481, 55.6633]], [[12.5481, 55.6633], [12.5483, 55.6634], [12.5486, 55.6634], [12.5489, 55.6634], [12.5492, 55.6635], [12.5494, 55.6635], [12.5497, 55.6636], [12.55, 55.6636], [12.5503, 55.6636], [12.5505, 55.6637], [12.5508, 55.6637], [12.551, 55.6637], [12.5524, 55.6638], [12.5528, 55.6639], [12.5537, 55.6639], [12.5541, 55.664], [12.5545, 55.664], [12.5548, 55.664], [12.5565, 55.6642], [12.5568, 55.6642], [12.557, 55.6643], [12.5573, 55.6643], [12.5575, 55.6643], [12.5578, 55.6644], [12.558, 55.6644], [12.5583, 55.6645], [12.5585, 55.6646], [12.5587, 55.6646], [12.5589, 55.6647], [12.5591, 55.6647], [12.5593, 55.6648], [12.5595, 55.6649]], [[12.5595, 55.6649], [12.5598, 55.665], [12.5599, 55.665], [12.5603, 55.6652]], [[12.5603, 55.6652], [12.5613, 55.6658], [12.5616, 55.666]], [[12.5616, 55.666], [12.5621, 55.6662], [12.5623, 55.6663], [12.563, 55.6666], [12.5638, 55.667], [12.564, 55.6671], [12.5642, 55.6672], [12.5644, 55.6673], [12.5646, 55.6674], [12.5647, 55.6675], [12.5649, 55.6676], [12.565, 55.6677], [12.5651, 55.6679], [12.5653, 55.668], [12.5654, 55.6681], [12.5655, 55.6682], [12.5655, 55.6683], [12.5657, 55.6684], [12.5658, 55.6686], [12.5659, 55.6688], [12.566, 55.6689], [12.566, 55.6691], [12.5661, 55.6692], [12.5661, 55.6693], [12.5661, 55.6694], [12.5662, 55.6695], [12.5662, 55.6697], [12.5662, 55.6698], [12.5662, 55.6699], [12.5662, 55.67], [12.5662, 55.6701], [12.5662, 55.6702], [12.5662, 55.6703], [12.5662, 55.6704], [12.5661, 55.6704], [12.5661, 55.6706], [12.566, 55.6708]], [[12.566, 55.6708], [12.5659, 55.671], [12.5658, 55.6712], [12.5657, 55.6713], [12.5656, 55.6715]], [[12.5656, 55.6715], [12.5655, 55.6716], [12.5653, 55.6718], [12.5648, 55.6723], [12.5647, 55.6724]], [[12.5647, 55.6724], [12.5637, 55.6732]], [[12.5637, 55.6732], [12.5636, 55.6734], [12.5635, 55.6735], [12.5633, 55.6738]], [[12.5633, 55.6738], [12.5632, 55.6739]], [[12.5632, 55.6739], [12.5631, 55.6741], [12.5628, 55.6748], [12.5627, 55.6751]], [[12.5627, 55.6751], [12.5626, 55.6752], [12.5626, 55.6754], [12.5625, 55.6756], [12.5625, 55.6757]], [[12.5625, 55.6757], [12.5625, 55.6758], [12.5625, 55.676], [12.5625, 55.6761], [12.5625, 55.6763], [12.5625, 55.6764], [12.5626, 55.6766], [12.5626, 55.6767], [12.5627, 55.6769], [12.5628, 55.6771], [12.5631, 55.6775], [12.5632, 55.6776], [12.5633, 55.6778], [12.5635, 55.6779], [12.5636, 55.678], [12.5638, 55.6781], [12.5639, 55.6782], [12.5641, 55.6784], [12.5643, 55.6785]], [[12.5643, 55.6785], [12.5644, 55.6786], [12.5646, 55.6787], [12.5661, 55.6794]], [[12.5661, 55.6794], [12.5663, 55.6795], [12.5667, 55.6797], [12.5669, 55.6798], [12.5671, 55.68], [12.5673, 55.6801]], [[12.5673, 55.6801], [12.5678, 55.6804], [12.5693, 55.6816]], [[12.5693, 55.6816], [12.5698, 55.6821], [12.5703, 55.6824], [12.5707, 55.6827], [12.5718, 55.6834], [12.5725, 55.6838], [12.5731, 55.6842], [12.5735, 55.6845], [12.5758, 55.6861], [12.5763, 55.6864], [12.5766, 55.6866], [12.5768, 55.6867], [12.5773, 55.687], [12.5799, 55.6885], [12.5803, 55.6887]], [[12.5803, 55.6887], [12.5827, 55.6899]], [[12.5827, 55.6899], [12.5831, 55.6901], [12.5832, 55.6901], [12.5834, 55.6902], [12.5838, 55.6904], [12.5844, 55.6908], [12.5864, 55.6921]], [[12.5864, 55.6921], [12.5874, 55.6927]], [[12.5874, 55.6927], [12.5885, 55.6933], [12.5887, 55.6934]], [[12.5887, 55.6934], [12.5896, 55.694], [12.59, 55.6942]], [[12.59, 55.6942], [12.5901, 55.6943], [12.5904, 55.6945], [12.5905, 55.6946], [12.5906, 55.6947], [12.5908, 55.6949], [12.5911, 55.6951], [12.5913, 55.6953], [12.5914, 55.6955], [12.5915, 55.6956], [12.5916, 55.6957], [12.5917, 55.6959], [12.5917, 55.696], [12.5918, 55.6962], [12.5919, 55.6964], [12.592, 55.6966], [12.592, 55.6968], [12.592, 55.697], [12.5921, 55.6973], [12.5921, 55.6975], [12.5921, 55.6977], [12.5921, 55.6979], [12.592, 55.6982], [12.5918, 55.7002]], [[12.5918, 55.7002], [12.5914, 55.7029]], [[12.5914, 55.7029], [12.5913, 55.7038], [12.5913, 55.704], [12.5912, 55.7043], [12.5912, 55.7045], [12.5912, 55.7047], [12.5911, 55.7048], [12.5911, 55.705], [12.5908, 55.7057], [12.5907, 55.706], [12.5905, 55.7065], [12.5903, 55.7067], [12.5902, 55.707]], [[12.5902, 55.707], [12.5901, 55.7073]], [[12.5901, 55.7073], [12.5894, 55.7089]], [[12.5894, 55.7089], [12.5892, 55.7092]], [[12.5892, 55.7092], [12.5891, 55.7094], [12.5888, 55.7099], [12.5884, 55.7104], [12.588, 55.7108], [12.5875, 55.7113], [12.5873, 55.7115], [12.5867, 55.712], [12.5863, 55.7123], [12.5857, 55.7127], [12.5851, 55.7131], [12.5846, 55.7133], [12.5841, 55.7135]], [[12.5841, 55.7135], [12.5835, 55.7138], [12.5832, 55.7139], [12.5828, 55.7141], [12.5823, 55.7143], [12.5819, 55.7144], [12.581, 55.7148]], [[12.581, 55.7148], [12.5788, 55.7155], [12.5782, 55.7158], [12.5778, 55.7159], [12.5768, 55.7163], [12.5761, 55.7165], [12.5759, 55.7166], [12.5754, 55.7168], [12.575, 55.717], [12.5747, 55.7172], [12.574, 55.7177], [12.5733, 55.7182], [12.573, 55.7185], [12.5725, 55.719], [12.5722, 55.7193], [12.5721, 55.7196], [12.5718, 55.7201], [12.5714, 55.7207], [12.5707, 55.7221], [12.5699, 55.7235], [12.5691, 55.725], [12.5687, 55.7261], [12.5685, 55.7264]], [[12.5685, 55.7264], [12.5682, 55.7273]], [[12.5682, 55.7273], [12.5681, 55.7276]], [[12.5681, 55.7276], [12.5678, 55.7283]], [[12.5678, 55.7283], [12.5677, 55.7288]], [[12.5677, 55.7288], [12.5677, 55.7292], [12.5676, 55.7293], [12.5676, 55.7294], [12.5672, 55.7306]], [[12.5672, 55.7306], [12.5671, 55.7312], [12.567, 55.7313], [12.567, 55.7314], [12.567, 55.7315], [12.5669, 55.7318], [12.5669, 55.7319], [12.5669, 55.732], [12.5669, 55.7321], [12.5668, 55.7322], [12.5668, 55.7325]], [[12.5668, 55.7325], [12.5667, 55.7326]], [[12.5667, 55.7326], [12.5666, 55.7331]], [[12.5666, 55.7331], [12.5664, 55.7336]], [[12.5664, 55.7336], [12.5663, 55.7339], [12.5663, 55.7341], [12.5662, 55.7342], [12.5662, 55.7344]], [[12.5662, 55.7344], [12.5662, 55.7345], [12.5661, 55.735], [12.5661, 55.7351], [12.5661, 55.7352], [12.5661, 55.7354], [12.566, 55.7355], [12.566, 55.7357], [12.5659, 55.7359], [12.5659, 55.7361], [12.5654, 55.7378], [12.5653, 55.7381], [12.5652, 55.7382], [12.5652, 55.7384], [12.5651, 55.7386], [12.565, 55.7388], [12.5648, 55.7393], [12.5647, 55.7395], [12.5646, 55.7397], [12.5646, 55.7398], [12.5645, 55.74], [12.5645, 55.7401], [12.5644, 55.7403], [12.5643, 55.7406], [12.5643, 55.7409], [12.5643, 55.741], [12.5643, 55.7412], [12.5643, 55.7414], [12.5643, 55.7416], [12.5643, 55.7418], [12.5643, 55.742], [12.5643, 55.7423], [12.5643, 55.7425], [12.5644, 55.7428], [12.5644, 55.743], [12.5645, 55.7433], [12.5646, 55.7435], [12.5647, 55.7437], [12.5647, 55.744], [12.5649, 55.7442], [12.565, 55.7444], [12.5651, 55.7447], [12.5652, 55.7449], [12.5653, 55.7451], [12.5654, 55.7452], [12.5655, 55.7454], [12.5657, 55.7455], [12.5658, 55.7457], [12.5659, 55.7458]], [[12.5659, 55.7458], [12.5661, 55.7461]], [[12.5661, 55.7461], [12.5665, 55.7465], [12.5667, 55.7467], [12.5668, 55.7469], [12.5669, 55.747], [12.5671, 55.7472], [12.5672, 55.7474], [12.5674, 55.7476], [12.5676, 55.7477], [12.5678, 55.7479], [12.568, 55.7481], [12.5683, 55.7483], [12.5685, 55.7485], [12.5693, 55.7492], [12.571, 55.7505], [12.5712, 55.7507], [12.5714, 55.7508], [12.5715, 55.7509], [12.5716, 55.7511], [12.5721, 55.7514], [12.5724, 55.7518], [12.5728, 55.7521], [12.5734, 55.7527], [12.5737, 55.7529], [12.574, 55.7532], [12.58, 55.7588], [12.5804, 55.7591], [12.5807, 55.7594], [12.5816, 55.7603], [12.5824, 55.7611], [12.5825, 55.7613], [12.5826, 55.7614], [12.5828, 55.7616], [12.5829, 55.7618], [12.5831, 55.762], [12.5833, 55.7622], [12.5834, 55.7624], [12.5835, 55.7626], [12.5837, 55.7629]], [[12.5837, 55.7629], [12.5838, 55.7631], [12.5839, 55.7633], [12.584, 55.7634], [12.5841, 55.7636], [12.5841, 55.7637], [12.5842, 55.7639], [12.5843, 55.7641], [12.5843, 55.7642], [12.5844, 55.7644], [12.5844, 55.7645], [12.585, 55.7664], [12.5851, 55.7666], [12.5851, 55.7668], [12.5852, 55.7671], [12.5853, 55.7673]], [[12.5853, 55.7673], [12.5854, 55.7675], [12.5855, 55.7677], [12.5857, 55.768], [12.5858, 55.7682], [12.5858, 55.7683]], [[12.5858, 55.7683], [12.586, 55.7685]], [[12.586, 55.7685], [12.5861, 55.7686], [12.5862, 55.7689], [12.5863, 55.769]], [[12.5863, 55.769], [12.5866, 55.7693], [12.5868, 55.7695], [12.5869, 55.7697], [12.587, 55.7698], [12.5871, 55.7699], [12.5873, 55.7701], [12.5874, 55.7702], [12.5875, 55.7703], [12.5877, 55.7705], [12.5878, 55.7706], [12.5879, 55.7707], [12.5883, 55.7711], [12.5885, 55.7712], [12.5886, 55.7713], [12.5887, 55.7714], [12.5888, 55.7715], [12.5889, 55.7716], [12.589, 55.7717], [12.589, 55.7718], [12.5891, 55.7719], [12.5891, 55.772], [12.5892, 55.7721], [12.5893, 55.7722], [12.5894, 55.7724], [12.5894, 55.7726], [12.5895, 55.7727], [12.5895, 55.7729], [12.5896, 55.773], [12.5896, 55.7731]], [[12.5896, 55.7731], [12.5897, 55.7732], [12.5897, 55.7733], [12.5897, 55.7734], [12.5897, 55.7735], [12.5897, 55.7736], [12.5897, 55.7737], [12.5896, 55.7739], [12.5896, 55.774], [12.5895, 55.7741], [12.5894, 55.7744], [12.5893, 55.7747]], [[12.5893, 55.7747], [12.589, 55.7752], [12.5888, 55.7756]], [[12.5888, 55.7756], [12.5887, 55.7759], [12.5881, 55.7768], [12.5878, 55.7773], [12.5878, 55.7774]], [[12.5712, 55.7507], [12.5714, 55.751], [12.5716, 55.7511], [12.5723, 55.7518], [12.5727, 55.7522], [12.5726, 55.7521], [12.5725, 55.7521], [12.5725, 55.752], [12.5724, 55.752], [12.5724, 55.7519], [12.5711, 55.7508], [12.5712, 55.7507]], [[12.567, 55.7295], [12.5669, 55.7295], [12.5664, 55.7312], [12.5665, 55.7312], [12.567, 55.7296], [12.5672, 55.7291], [12.5671, 55.7291], [12.567, 55.7295]], [[12.5786, 55.7155], [12.5786, 55.7156], [12.5797, 55.7152], [12.5809, 55.7147], [12.5797, 55.7151], [12.5786, 55.7155]], [[12.5911, 55.7046], [12.591, 55.705], [12.5904, 55.7064]], [[12.5872, 55.6927], [12.5898, 55.6943]], [[12.5614, 55.6662], [12.5604, 55.6656], [12.5602, 55.6655], [12.56, 55.6654], [12.5597, 55.6653], [12.5596, 55.6652], [12.5595, 55.6652], [12.5594, 55.6651], [12.5593, 55.665], [12.5591, 55.6651], [12.5592, 55.6651], [12.5591, 55.6652], [12.5593, 55.6652], [12.5591, 55.6652], [12.559, 55.6652], [12.5591, 55.6652], [12.5591, 55.6653], [12.5593, 55.6653], [12.5595, 55.6654], [12.5598, 55.6655], [12.56, 55.6656], [12.5602, 55.6657], [12.5613, 55.6663], [12.5614, 55.6662]], [[12.5378, 55.6634], [12.5377, 55.6634], [12.5376, 55.6634], [12.5373, 55.6634], [12.5369, 55.6635], [12.5368, 55.6635], [12.5365, 55.6635], [12.5359, 55.6635], [12.5353, 55.6635], [12.5349, 55.6635], [12.5345, 55.6635]], [[12.5115, 55.664], [12.512, 55.664], [12.5121, 55.664], [12.5122, 55.6639], [12.5122, 55.664], [12.5125, 55.664], [12.5126, 55.664], [12.5126, 55.6639], [12.5128, 55.6639], [12.5132, 55.6639], [12.5133, 55.664], [12.5135, 55.6639], [12.5135, 55.664], [12.5142, 55.664], [12.5142, 55.6639], [12.5143, 55.6639], [12.5146, 55.6639], [12.5157, 55.6639], [12.5146, 55.6639], [12.514, 55.6639], [12.5136, 55.6639], [12.5122, 55.6639], [12.5121, 55.6639], [12.5119, 55.6639], [12.5118, 55.6639], [12.5115, 55.664]], [[12.5042, 55.6672], [12.5041, 55.6674], [12.5041, 55.6676], [12.504, 55.6679], [12.5039, 55.6682], [12.5039, 55.6685], [12.504, 55.6688]], [[12.4459, 55.7182], [12.4436, 55.7189], [12.4434, 55.7189]], [[12.3851, 55.7248], [12.3854, 55.7248], [12.3861, 55.7247], [12.3879, 55.7245], [12.3851, 55.7248]], [[12.3568, 55.7304], [12.3592, 55.7294]], [[12.319, 55.7471], [12.3188, 55.7471], [12.3185, 55.7473], [12.3183, 55.7474], [12.3182, 55.7474], [12.318, 55.7476], [12.3169, 55.7481], [12.319, 55.747], [12.319, 55.7471]], [[12.2883, 55.7519], [12.2865, 55.752], [12.2859, 55.752], [12.2854, 55.7521]], [[12.2392, 55.75], [12.2395, 55.75], [12.2403, 55.75], [12.2409, 55.75], [12.2414, 55.75], [12.2418, 55.75], [12.242, 55.75], [12.2416, 55.75], [12.2411, 55.75], [12.2406, 55.75], [12.2401, 55.75], [12.2396, 55.75], [12.2392, 55.75]], [[12.1901, 55.7673], [12.1902, 55.767], [12.1903, 55.7667], [12.1903, 55.7665], [12.1906, 55.7657], [12.19, 55.7673], [12.1901, 55.7673]], [[12.1853, 55.7805], [12.1854, 55.7803], [12.1855, 55.7799], [12.1859, 55.7789]], [[12.1584, 55.7961], [12.1585, 55.7961], [12.1591, 55.7959], [12.1596, 55.7958], [12.1597, 55.7957], [12.1602, 55.7956], [12.1609, 55.7953], [12.1608, 55.7953], [12.1601, 55.7956], [12.1598, 55.7957], [12.1594, 55.7958], [12.1589, 55.7959], [12.1584, 55.7961]], [[12.1153, 55.8104], [12.1154, 55.8104], [12.1158, 55.8103], [12.1181, 55.8102], [12.1153, 55.8104]], [[12.5888, 55.7756], [12.5889, 55.7754], [12.589, 55.7751]], [[12.589, 55.7751], [12.5891, 55.7749], [12.5892, 55.7746], [12.5893, 55.7745], [12.5893, 55.7744], [12.5894, 55.7743], [12.5894, 55.7742], [12.5894, 55.7741], [12.5895, 55.7738], [12.5896, 55.7736], [12.5896, 55.7735], [12.5896, 55.7734], [12.5896, 55.7733], [12.5896, 55.7732], [12.5895, 55.7731], [12.5895, 55.773], [12.5895, 55.7729], [12.5894, 55.7728], [12.5894, 55.7726], [12.5893, 55.7724], [12.5892, 55.7722], [12.5891, 55.7721], [12.5891, 55.772], [12.589, 55.7719], [12.589, 55.7718], [12.5889, 55.7717], [12.5888, 55.7716], [12.5887, 55.7715], [12.5886, 55.7714], [12.5885, 55.7713], [12.5884, 55.7712], [12.5883, 55.7711], [12.5879, 55.7707], [12.5877, 55.7706]], [[12.5877, 55.7706], [12.5876, 55.7705], [12.5875, 55.7703], [12.5873, 55.7702], [12.5872, 55.7701], [12.5871, 55.77], [12.5869, 55.7698], [12.5868, 55.7697], [12.5867, 55.7695], [12.5865, 55.7693], [12.5863, 55.769]], [[12.5863, 55.769], [12.5862, 55.7689], [12.586, 55.7686], [12.5859, 55.7685]], [[12.5859, 55.7685], [12.5858, 55.7683]], [[12.5858, 55.7683], [12.5857, 55.7682], [12.5856, 55.768], [12.5855, 55.7678], [12.5854, 55.7675], [12.5853, 55.7673], [12.5852, 55.7671], [12.5851, 55.7668], [12.585, 55.7666], [12.5849, 55.7664], [12.5845, 55.7651], [12.5844, 55.7649], [12.5844, 55.7647], [12.5843, 55.7646], [12.5843, 55.7644], [12.5842, 55.7642], [12.5841, 55.7641], [12.584, 55.7639], [12.5839, 55.7638], [12.5838, 55.7636], [12.5836, 55.7631], [12.5834, 55.7629], [12.5833, 55.7627], [12.5832, 55.7625], [12.583, 55.7623], [12.5829, 55.7621], [12.5827, 55.7618], [12.5826, 55.7617], [12.5824, 55.7615], [12.5823, 55.7614], [12.5819, 55.7609], [12.5818, 55.7607], [12.5817, 55.7605], [12.5815, 55.7604], [12.5814, 55.7602], [12.5811, 55.7599], [12.5806, 55.7595], [12.5803, 55.7591], [12.58, 55.7588], [12.5739, 55.7532], [12.5737, 55.7529], [12.5734, 55.7527], [12.5727, 55.7522], [12.5723, 55.7518], [12.5716, 55.7511], [12.5715, 55.751], [12.5713, 55.7508], [12.5711, 55.7507], [12.571, 55.7506], [12.5701, 55.7498]], [[12.5701, 55.7498], [12.5693, 55.7492], [12.5685, 55.7485], [12.5682, 55.7483], [12.568, 55.7481], [12.5677, 55.7479], [12.5675, 55.7478], [12.5673, 55.7476], [12.5672, 55.7474], [12.567, 55.7472], [12.5668, 55.7471], [12.5667, 55.7469], [12.5666, 55.7468], [12.5662, 55.7463], [12.5661, 55.7462], [12.566, 55.7461]], [[12.566, 55.7461], [12.5659, 55.746], [12.5658, 55.7459]], [[12.5658, 55.7459], [12.5657, 55.7458], [12.5656, 55.7457], [12.5654, 55.7456], [12.5653, 55.7455], [12.5651, 55.7453], [12.565, 55.7452], [12.5648, 55.7451], [12.5646, 55.745], [12.5644, 55.7449], [12.5642, 55.7448], [12.5634, 55.7444], [12.5632, 55.7443], [12.563, 55.7442], [12.5628, 55.7441], [12.5627, 55.744], [12.5625, 55.7439], [12.5623, 55.7438], [12.5622, 55.7437], [12.5621, 55.7436]], [[12.5621, 55.7436], [12.5619, 55.7435], [12.5618, 55.7433], [12.5617, 55.7432], [12.5616, 55.7431], [12.5615, 55.743], [12.5614, 55.7429], [12.5613, 55.7428], [12.5612, 55.7427], [12.5611, 55.7425], [12.561, 55.7424], [12.5609, 55.7422], [12.5609, 55.742], [12.5608, 55.7418], [12.5607, 55.7416], [12.5607, 55.7415], [12.5607, 55.7413], [12.5607, 55.7412], [12.5607, 55.7411], [12.5607, 55.741], [12.5607, 55.7408], [12.5607, 55.7407], [12.5607, 55.7405], [12.5608, 55.7404], [12.5608, 55.7402], [12.5609, 55.7401], [12.5609, 55.74], [12.561, 55.7398], [12.5611, 55.7397], [12.5612, 55.7396], [12.5613, 55.7394], [12.5614, 55.7393], [12.5615, 55.7391], [12.5617, 55.7389], [12.5621, 55.7385], [12.5625, 55.7381], [12.5629, 55.7377], [12.5632, 55.7373], [12.5645, 55.736], [12.5646, 55.7359], [12.5647, 55.7357], [12.5648, 55.7356], [12.5649, 55.7355], [12.565, 55.7354], [12.5652, 55.7352], [12.5653, 55.735]], [[12.5653, 55.735], [12.5654, 55.7349], [12.5655, 55.7347], [12.5656, 55.7345], [12.5657, 55.7343], [12.5658, 55.7341], [12.5659, 55.734], [12.5659, 55.7338], [12.566, 55.7336], [12.566, 55.7334], [12.5662, 55.7328]], [[12.5662, 55.7328], [12.5663, 55.7326]], [[12.5663, 55.7326], [12.5663, 55.7325], [12.5663, 55.7324], [12.5664, 55.7323], [12.5664, 55.7319], [12.5664, 55.7318], [12.5665, 55.7316], [12.5665, 55.7315], [12.5665, 55.7314], [12.5666, 55.7312], [12.5667, 55.7307]], [[12.5667, 55.7307], [12.5668, 55.7306]], [[12.5668, 55.7306], [12.5671, 55.7296], [12.5673, 55.729]], [[12.5673, 55.729], [12.5673, 55.7289], [12.5673, 55.7287]], [[12.5673, 55.7287], [12.5674, 55.7285], [12.5675, 55.7283]], [[12.5675, 55.7283], [12.5676, 55.7279]], [[12.5676, 55.7279], [12.5677, 55.7277]], [[12.5677, 55.7277], [12.5677, 55.7276], [12.5678, 55.7274]], [[12.5678, 55.7274], [12.5678, 55.7273]], [[12.5678, 55.7273], [12.5679, 55.7271], [12.568, 55.7266], [12.5683, 55.7256], [12.5685, 55.7251], [12.5687, 55.7245]], [[12.5687, 55.7245], [12.5689, 55.7242]], [[12.5689, 55.7242], [12.5695, 55.7235], [12.5699, 55.723], [12.5704, 55.7224], [12.5706, 55.7221], [12.5709, 55.7216], [12.5714, 55.7207], [12.5718, 55.72], [12.5721, 55.7194], [12.5724, 55.719], [12.5727, 55.7187], [12.573, 55.7184], [12.5733, 55.7181], [12.5737, 55.7178], [12.574, 55.7176], [12.5746, 55.7172], [12.575, 55.717], [12.5754, 55.7168], [12.5759, 55.7165], [12.5761, 55.7165], [12.5768, 55.7162], [12.5772, 55.7161]], [[12.5772, 55.7161], [12.5781, 55.7158], [12.5788, 55.7155], [12.5809, 55.7147]], [[12.5809, 55.7147], [12.5813, 55.7146], [12.5817, 55.7144], [12.582, 55.7143], [12.5823, 55.7142], [12.5829, 55.714], [12.5837, 55.7136]], [[12.5837, 55.7136], [12.5841, 55.7134], [12.5845, 55.7133], [12.5851, 55.713], [12.5857, 55.7126], [12.5862, 55.7123], [12.5866, 55.712], [12.5872, 55.7115], [12.5875, 55.7113], [12.588, 55.7108], [12.5883, 55.7104], [12.5887, 55.7099], [12.589, 55.7094], [12.5892, 55.7091]], [[12.5892, 55.7091], [12.5893, 55.7089]], [[12.5893, 55.7089], [12.59, 55.7073]], [[12.59, 55.7073], [12.5901, 55.707]], [[12.5901, 55.707], [12.5903, 55.7067], [12.5904, 55.7064], [12.5909, 55.705], [12.591, 55.7046], [12.5911, 55.7044], [12.5912, 55.7042], [12.5912, 55.704], [12.5912, 55.7038], [12.5914, 55.7029]], [[12.5914, 55.7029], [12.5917, 55.7002]], [[12.5917, 55.7002], [12.592, 55.6982], [12.592, 55.6979], [12.592, 55.6977], [12.592, 55.6975], [12.592, 55.6973], [12.592, 55.697], [12.5919, 55.6968], [12.5919, 55.6966], [12.5918, 55.6964], [12.5918, 55.6962], [12.5917, 55.696], [12.5916, 55.6959], [12.5915, 55.6957], [12.5914, 55.6956], [12.5913, 55.6955], [12.5912, 55.6953], [12.591, 55.6951], [12.5908, 55.6949], [12.5905, 55.6947], [12.5904, 55.6946], [12.5902, 55.6946], [12.5899, 55.6943], [12.5898, 55.6943], [12.5885, 55.6935]], [[12.5885, 55.6935], [12.5883, 55.6934], [12.5871, 55.6927]], [[12.5871, 55.6927], [12.5862, 55.6922]], [[12.5862, 55.6922], [12.5838, 55.6907], [12.5832, 55.6903], [12.5826, 55.6899]], [[12.5826, 55.6899], [12.5821, 55.6897], [12.582, 55.6896], [12.5817, 55.6894], [12.5802, 55.6887]], [[12.5802, 55.6887], [12.5799, 55.6885], [12.5797, 55.6884], [12.5772, 55.687], [12.5769, 55.6869], [12.5766, 55.6867], [12.5763, 55.6865], [12.5758, 55.6862], [12.5734, 55.6845], [12.5726, 55.6841], [12.5723, 55.6839], [12.5717, 55.6835], [12.5712, 55.6832], [12.5709, 55.6829], [12.5697, 55.682], [12.5692, 55.6816]], [[12.5692, 55.6816], [12.5676, 55.6804], [12.5673, 55.6802]], [[12.5673, 55.6802], [12.5671, 55.68], [12.5669, 55.6799], [12.5667, 55.6798], [12.5663, 55.6795], [12.5661, 55.6795]], [[12.5661, 55.6795], [12.5654, 55.6791], [12.5651, 55.679], [12.5645, 55.6787], [12.5644, 55.6786], [12.5643, 55.6786]], [[12.5643, 55.6786], [12.5642, 55.6786], [12.564, 55.6784], [12.5639, 55.6784], [12.5637, 55.6782], [12.5635, 55.6781], [12.5633, 55.6779], [12.5632, 55.6778], [12.563, 55.6776], [12.563, 55.6775], [12.5629, 55.6774], [12.5628, 55.6773], [12.5627, 55.6771], [12.5626, 55.677], [12.5625, 55.6768], [12.5624, 55.6767], [12.5624, 55.6766], [12.5624, 55.6765], [12.5623, 55.6762], [12.5623, 55.6761], [12.5623, 55.6759], [12.5623, 55.6758]], [[12.5623, 55.6758], [12.5623, 55.6757], [12.5623, 55.6756], [12.5624, 55.6754], [12.5624, 55.6753], [12.5625, 55.6751]], [[12.5625, 55.6751], [12.5626, 55.6749], [12.5629, 55.6741], [12.5631, 55.6739], [12.5631, 55.6737]], [[12.5631, 55.6737], [12.5633, 55.6733], [12.5634, 55.6732], [12.5634, 55.6731], [12.5635, 55.673], [12.5636, 55.6728], [12.5638, 55.6726], [12.5642, 55.6723]], [[12.5642, 55.6723], [12.5644, 55.6721], [12.5649, 55.6716], [12.5651, 55.6715], [12.5652, 55.6713]], [[12.5652, 55.6713], [12.5653, 55.6712], [12.5654, 55.6711], [12.5655, 55.6709], [12.5655, 55.6707], [12.5655, 55.6706], [12.5656, 55.6705]], [[12.5656, 55.6705], [12.5656, 55.6704], [12.5657, 55.6703], [12.5657, 55.6702], [12.5657, 55.6701], [12.5657, 55.67], [12.5657, 55.6699], [12.5657, 55.6698], [12.5657, 55.6697], [12.5657, 55.6696], [12.5656, 55.6695], [12.5656, 55.6694], [12.5656, 55.6692], [12.5655, 55.6691], [12.5655, 55.669], [12.5654, 55.6689], [12.5654, 55.6688], [12.5653, 55.6687], [12.5652, 55.6686], [12.5651, 55.6685], [12.565, 55.6684], [12.5649, 55.6682], [12.5648, 55.6681], [12.5647, 55.668], [12.5645, 55.668], [12.5644, 55.6679], [12.5643, 55.6678], [12.5642, 55.6677], [12.564, 55.6676], [12.5638, 55.6675], [12.5637, 55.6674]], [[12.5637, 55.6674], [12.5635, 55.6673], [12.5632, 55.6672], [12.5626, 55.6669], [12.5622, 55.6667], [12.5618, 55.6665], [12.5615, 55.6664], [12.5613, 55.6663]], [[12.5613, 55.6663], [12.5602, 55.6658], [12.56, 55.6656], [12.5597, 55.6655], [12.5595, 55.6654], [12.5592, 55.6653], [12.5591, 55.6653]], [[12.5591, 55.6653], [12.5582, 55.665]], [[12.5582, 55.665], [12.5581, 55.665], [12.5579, 55.665], [12.5577, 55.6649], [12.5575, 55.6649], [12.5572, 55.6648], [12.557, 55.6648], [12.5568, 55.6647], [12.5565, 55.6647], [12.5563, 55.6647], [12.556, 55.6646], [12.5555, 55.6646], [12.5545, 55.6645]], [[12.5545, 55.6645], [12.5539, 55.6644], [12.5533, 55.6644], [12.5525, 55.6643], [12.5521, 55.6642], [12.5512, 55.6641], [12.5508, 55.6641], [12.5505, 55.664], [12.5501, 55.664]], [[12.5501, 55.664], [12.5475, 55.6636], [12.5473, 55.6636], [12.5471, 55.6635], [12.5469, 55.6635], [12.5467, 55.6635], [12.5466, 55.6634], [12.5464, 55.6634], [12.5462, 55.6633], [12.546, 55.6633], [12.5458, 55.6632], [12.5453, 55.6631], [12.5451, 55.663], [12.545, 55.663], [12.5448, 55.663], [12.5446, 55.6629], [12.5444, 55.6629], [12.5442, 55.6629], [12.544, 55.6628], [12.5438, 55.6628], [12.5436, 55.6628], [12.5434, 55.6628], [12.5431, 55.6628], [12.5429, 55.6628], [12.5427, 55.6628], [12.5425, 55.6628], [12.5423, 55.6628], [12.5421, 55.6628], [12.5413, 55.6629], [12.5401, 55.6632], [12.5396, 55.6632], [12.5392, 55.6633], [12.5388, 55.6633], [12.5384, 55.6634]], [[12.5384, 55.6634], [12.5378, 55.6634], [12.5373, 55.6635], [12.5369, 55.6635], [12.5365, 55.6635], [12.5362, 55.6635], [12.5359, 55.6635], [12.5353, 55.6635]], [[12.5353, 55.6635], [12.5345, 55.6635], [12.5343, 55.6635], [12.5341, 55.6635], [12.534, 55.6635], [12.5338, 55.6635], [12.5336, 55.6635], [12.5332, 55.6635], [12.5328, 55.6635], [12.5325, 55.6635], [12.5309, 55.6636]], [[12.5309, 55.6636], [12.5234, 55.6637], [12.5206, 55.6638]], [[12.5206, 55.6638], [12.5203, 55.6638]], [[12.5203, 55.6638], [12.5195, 55.6638], [12.5185, 55.6638], [12.5182, 55.6638], [12.5173, 55.6638]], [[12.5173, 55.6638], [12.5172, 55.6638], [12.5163, 55.6638], [12.5157, 55.6638], [12.5146, 55.6639], [12.514, 55.6639], [12.5136, 55.6639], [12.5132, 55.6639], [12.5122, 55.6639], [12.5121, 55.6639], [12.5119, 55.6639], [12.5118, 55.6639], [12.5112, 55.664]], [[12.5112, 55.664], [12.5103, 55.6641], [12.5093, 55.6642], [12.5089, 55.6643], [12.5087, 55.6643], [12.5085, 55.6643], [12.5083, 55.6644], [12.5082, 55.6644], [12.508, 55.6644], [12.5078, 55.6645], [12.5076, 55.6645], [12.5074, 55.6646], [12.5073, 55.6647], [12.5071, 55.6647], [12.5069, 55.6648], [12.5068, 55.6649], [12.5066, 55.6649], [12.5064, 55.6651], [12.5062, 55.6651], [12.5061, 55.6652], [12.5059, 55.6654], [12.5055, 55.6656], [12.5054, 55.6657], [12.5053, 55.6658], [12.5051, 55.6659], [12.505, 55.6661], [12.5049, 55.6662], [12.5048, 55.6663], [12.5047, 55.6664], [12.5046, 55.6666]], [[12.5046, 55.6666], [12.5045, 55.6667], [12.5044, 55.6669], [12.5043, 55.6671]], [[12.5043, 55.6671], [12.5043, 55.6672], [12.5042, 55.6674], [12.5041, 55.6676], [12.504, 55.6679], [12.504, 55.6682], [12.504, 55.6685], [12.504, 55.6689], [12.5041, 55.669], [12.5041, 55.6692], [12.5042, 55.6693], [12.5043, 55.6695]], [[12.5043, 55.6695], [12.5043, 55.6696], [12.5044, 55.6697], [12.5047, 55.6702], [12.5049, 55.6705], [12.505, 55.6707], [12.5051, 55.6709], [12.5052, 55.6711], [12.5053, 55.6713]], [[12.5053, 55.6713], [12.5054, 55.6716], [12.5054, 55.6718], [12.5054, 55.672]], [[12.5054, 55.6724], [12.5054, 55.6726], [12.5054, 55.6728], [12.5054, 55.673], [12.5053, 55.6732], [12.5052, 55.6734], [12.5046, 55.6753]], [[12.5046, 55.6753], [12.5046, 55.6754]], [[12.5046, 55.6754], [12.5045, 55.6758], [12.5044, 55.6759], [12.5043, 55.6764], [12.5042, 55.6766], [12.504, 55.6772], [12.5039, 55.6776], [12.5038, 55.6779], [12.5037, 55.678], [12.5037, 55.6782], [12.5036, 55.6783], [12.5036, 55.6784]], [[12.5036, 55.6784], [12.5034, 55.6788]], [[12.5034, 55.6788], [12.5033, 55.679], [12.5032, 55.6793], [12.5031, 55.6795], [12.503, 55.6797], [12.5028, 55.6799], [12.5027, 55.6801], [12.5018, 55.6813]], [[12.5018, 55.6813], [12.5011, 55.6823]], [[12.5011, 55.6823], [12.501, 55.6825]], [[12.501, 55.6825], [12.5008, 55.6827], [12.5006, 55.683], [12.5001, 55.6837], [12.5, 55.6838], [12.4999, 55.684]], [[12.4999, 55.684], [12.4995, 55.6846], [12.4993, 55.6848], [12.4992, 55.685], [12.499, 55.6851], [12.4989, 55.6853]], [[12.4989, 55.6853], [12.4987, 55.6854], [12.4985, 55.6856]], [[12.4985, 55.6856], [12.4983, 55.6857], [12.498, 55.6858], [12.4978, 55.686], [12.4976, 55.686]], [[12.4976, 55.686], [12.4974, 55.6861], [12.4973, 55.6862], [12.4971, 55.6862], [12.4968, 55.6863], [12.4966, 55.6863], [12.4964, 55.6864], [12.4963, 55.6864], [12.4962, 55.6864], [12.496, 55.6865], [12.4958, 55.6865], [12.4955, 55.6865]], [[12.4955, 55.6865], [12.4953, 55.6866], [12.4942, 55.6867], [12.4939, 55.6868], [12.4933, 55.6869], [12.4926, 55.687], [12.4923, 55.6871]], [[12.4923, 55.6871], [12.4919, 55.6872], [12.4915, 55.6872], [12.4912, 55.6873], [12.4904, 55.6875]], [[12.4904, 55.6875], [12.4899, 55.6876]], [[12.4899, 55.6876], [12.4896, 55.6876], [12.4884, 55.6878], [12.4879, 55.6879], [12.4875, 55.688], [12.487, 55.6881], [12.486, 55.6883], [12.4852, 55.6884], [12.4846, 55.6885], [12.4838, 55.6887], [12.4835, 55.6887], [12.4831, 55.6888]], [[12.4831, 55.6888], [12.4828, 55.6889], [12.4825, 55.6889], [12.482, 55.689]], [[12.482, 55.689], [12.4818, 55.6891], [12.4815, 55.6892]], [[12.4815, 55.6892], [12.4813, 55.6892], [12.4809, 55.6893], [12.4807, 55.6894], [12.4805, 55.6894], [12.4802, 55.6896], [12.4797, 55.6897], [12.4793, 55.6899], [12.479, 55.69], [12.4785, 55.6902], [12.478, 55.6904], [12.4777, 55.6905], [12.4772, 55.6908]], [[12.4772, 55.6908], [12.4766, 55.691]], [[12.4766, 55.691], [12.4762, 55.6912], [12.4757, 55.6914], [12.4754, 55.6916], [12.475, 55.6918], [12.4747, 55.692], [12.4744, 55.6922], [12.4741, 55.6924], [12.4738, 55.6926], [12.4735, 55.6929], [12.4732, 55.6931], [12.473, 55.6933], [12.4727, 55.6935], [12.4725, 55.6938], [12.4722, 55.694], [12.472, 55.6943], [12.4718, 55.6945], [12.4716, 55.6948], [12.4713, 55.6951], [12.4712, 55.6953], [12.4711, 55.6955], [12.471, 55.6955], [12.4708, 55.6959], [12.4706, 55.6963], [12.4704, 55.6966], [12.4703, 55.6971], [12.4701, 55.6974], [12.4698, 55.6981], [12.4696, 55.6987], [12.4695, 55.6989], [12.4693, 55.6993], [12.4692, 55.6995]], [[12.4692, 55.6995], [12.4691, 55.6999]], [[12.4691, 55.6999], [12.4689, 55.7002], [12.4688, 55.7006], [12.4686, 55.7012], [12.4684, 55.7017], [12.4682, 55.7023], [12.468, 55.7028], [12.4678, 55.7033], [12.4675, 55.7039], [12.4674, 55.7042], [12.4673, 55.7044], [12.4671, 55.7049], [12.4669, 55.7055], [12.4666, 55.706], [12.4665, 55.7062]], [[12.4665, 55.7062], [12.4665, 55.7063]], [[12.4665, 55.7063], [12.4664, 55.7065], [12.4662, 55.7068], [12.466, 55.707], [12.4659, 55.7072], [12.4658, 55.7074], [12.4656, 55.7077], [12.4655, 55.7079], [12.4652, 55.7082], [12.4649, 55.7085], [12.4647, 55.7088], [12.4645, 55.709], [12.4643, 55.7093], [12.4641, 55.7095], [12.464, 55.7096], [12.4632, 55.7103], [12.4628, 55.7107], [12.4624, 55.711], [12.462, 55.7114], [12.4614, 55.7117]], [[12.4614, 55.7117], [12.4614, 55.7118]], [[12.4614, 55.7118], [12.461, 55.7121], [12.4606, 55.7123], [12.4603, 55.7125], [12.4596, 55.713], [12.459, 55.7133], [12.4584, 55.7136], [12.4578, 55.7139], [12.4571, 55.7143], [12.4565, 55.7146], [12.456, 55.7148], [12.4554, 55.715], [12.455, 55.7152], [12.4545, 55.7154], [12.454, 55.7155], [12.4535, 55.7157], [12.4533, 55.7158], [12.4522, 55.7161], [12.4519, 55.7163]], [[12.4519, 55.7163], [12.4514, 55.7164], [12.4508, 55.7166], [12.4502, 55.7168], [12.4493, 55.7171], [12.448, 55.7175], [12.4479, 55.7175], [12.4472, 55.7177], [12.4459, 55.7182], [12.4436, 55.7189], [12.443, 55.7191], [12.4424, 55.7193], [12.4418, 55.7194], [12.4408, 55.7197], [12.4406, 55.7198], [12.4401, 55.7199], [12.4398, 55.72], [12.4394, 55.7201], [12.4392, 55.7202], [12.439, 55.7202], [12.4387, 55.7203], [12.4384, 55.7204], [12.4381, 55.7205], [12.4378, 55.7205], [12.4371, 55.7207], [12.4366, 55.7208]], [[12.4366, 55.7208], [12.436, 55.7209], [12.4352, 55.721], [12.4343, 55.7211], [12.4335, 55.7212], [12.4333, 55.7212], [12.4323, 55.7213], [12.4313, 55.7214], [12.4302, 55.7214], [12.4291, 55.7215], [12.4285, 55.7215]], [[12.4281, 55.7215], [12.4176, 55.7219], [12.4163, 55.7219], [12.4153, 55.722], [12.4142, 55.722], [12.4132, 55.7221], [12.4122, 55.7222], [12.4112, 55.7223], [12.4072, 55.7227], [12.4061, 55.7228], [12.4049, 55.7229]], [[12.4049, 55.7229], [12.4042, 55.723]], [[12.4042, 55.723], [12.4027, 55.7231], [12.402, 55.7232], [12.4008, 55.7233], [12.3993, 55.7234], [12.3967, 55.7236], [12.3908, 55.7242], [12.388, 55.7245]], [[12.388, 55.7245], [12.3865, 55.7246], [12.3863, 55.7246], [12.3857, 55.7247], [12.3849, 55.7248]], [[12.3849, 55.7248], [12.3821, 55.725]], [[12.3821, 55.725], [12.3806, 55.7252], [12.3719, 55.726], [12.3715, 55.726], [12.3711, 55.726], [12.3707, 55.7261], [12.3706, 55.7261], [12.3703, 55.7261], [12.3701, 55.7262], [12.3699, 55.7262], [12.3696, 55.7262], [12.3694, 55.7263], [12.369, 55.7263], [12.3687, 55.7264], [12.3682, 55.7265], [12.3678, 55.7266], [12.3673, 55.7267], [12.3668, 55.7268], [12.3662, 55.7269], [12.3657, 55.7271], [12.3651, 55.7272], [12.3646, 55.7274], [12.364, 55.7275], [12.3635, 55.7277], [12.3629, 55.7279], [12.3627, 55.728], [12.3621, 55.7282], [12.3617, 55.7284]], [[12.3617, 55.7284], [12.3615, 55.7285], [12.3607, 55.7288], [12.3601, 55.729]], [[12.3601, 55.729], [12.36, 55.7291]], [[12.36, 55.7291], [12.3599, 55.7291], [12.3596, 55.7293]], [[12.3596, 55.7293], [12.3586, 55.7296]], [[12.3586, 55.7296], [12.3584, 55.7298], [12.3578, 55.73]], [[12.3578, 55.73], [12.3566, 55.7305], [12.3561, 55.7307], [12.3558, 55.7308], [12.3555, 55.731], [12.3551, 55.7312], [12.3544, 55.7316], [12.3537, 55.7319], [12.3532, 55.7322], [12.3529, 55.7324], [12.3525, 55.7325]], [[12.3525, 55.7325], [12.3522, 55.7327], [12.3516, 55.7329]], [[12.3516, 55.7329], [12.3515, 55.733], [12.3509, 55.7332], [12.3506, 55.7333], [12.3503, 55.7334], [12.3499, 55.7335], [12.3495, 55.7336], [12.3491, 55.7338], [12.3488, 55.7338], [12.3486, 55.7339], [12.3483, 55.7341], [12.348, 55.7342], [12.3477, 55.7343], [12.3475, 55.7344], [12.347, 55.7346], [12.3464, 55.7348], [12.3454, 55.7352]], [[12.3454, 55.7352], [12.3447, 55.7355], [12.3391, 55.7379]], [[12.3391, 55.7379], [12.3388, 55.738]], [[12.3388, 55.738], [12.3311, 55.7413], [12.3304, 55.7416], [12.3296, 55.7419], [12.329, 55.7422], [12.3283, 55.7425], [12.3261, 55.7436], [12.3258, 55.7437], [12.3254, 55.7439], [12.3247, 55.7442], [12.324, 55.7445], [12.3233, 55.7449], [12.3191, 55.7469], [12.3182, 55.7474], [12.3163, 55.7483], [12.3159, 55.7485], [12.3156, 55.7486], [12.3154, 55.7488], [12.3151, 55.7489], [12.3148, 55.749], [12.3145, 55.7491], [12.3142, 55.7492], [12.3139, 55.7493], [12.3136, 55.7494], [12.3133, 55.7495], [12.313, 55.7496], [12.3126, 55.7497], [12.3122, 55.7498], [12.3119, 55.7499], [12.3115, 55.75], [12.3111, 55.75], [12.3107, 55.7501], [12.3104, 55.7502], [12.31, 55.7503], [12.3096, 55.7503], [12.3093, 55.7504], [12.309, 55.7504], [12.3088, 55.7505], [12.3085, 55.7505], [12.3083, 55.7505], [12.308, 55.7506], [12.3077, 55.7506]], [[12.3077, 55.7506], [12.3074, 55.7506], [12.3071, 55.7506], [12.3067, 55.7507], [12.3063, 55.7507], [12.3055, 55.7508], [12.3039, 55.7509], [12.3029, 55.7509], [12.3019, 55.751]], [[12.3019, 55.751], [12.301, 55.751], [12.3005, 55.7511], [12.2994, 55.7511]], [[12.2994, 55.7511], [12.2988, 55.7512]], [[12.2988, 55.7512], [12.2981, 55.7512], [12.2973, 55.7513], [12.2965, 55.7513], [12.2945, 55.7514], [12.2924, 55.7516], [12.2893, 55.7518], [12.2891, 55.7518], [12.2865, 55.752]], [[12.2865, 55.752], [12.2859, 55.752]], [[12.2859, 55.752], [12.2828, 55.7522], [12.2755, 55.7527], [12.275, 55.7527], [12.2745, 55.7528], [12.274, 55.7528], [12.2735, 55.7528], [12.273, 55.7528], [12.2725, 55.7528], [12.272, 55.7528], [12.2715, 55.7528], [12.2709, 55.7528], [12.2704, 55.7527], [12.2699, 55.7527], [12.2694, 55.7526], [12.2689, 55.7526], [12.2684, 55.7525], [12.2679, 55.7525], [12.2674, 55.7524], [12.2608, 55.7513], [12.2603, 55.7512], [12.2598, 55.7511], [12.2593, 55.7511], [12.2588, 55.751], [12.2582, 55.7509], [12.2579, 55.7509], [12.2572, 55.7508], [12.2566, 55.7507], [12.2561, 55.7507], [12.2556, 55.7506], [12.255, 55.7506], [12.2545, 55.7505], [12.254, 55.7505], [12.2535, 55.7504], [12.253, 55.7504], [12.2525, 55.7504], [12.2521, 55.7503], [12.2516, 55.7503], [12.2511, 55.7503]], [[12.2511, 55.7503], [12.2507, 55.7503]], [[12.2507, 55.7503], [12.2497, 55.7502], [12.2483, 55.7502], [12.2439, 55.75], [12.2431, 55.75], [12.2422, 55.75], [12.242, 55.75], [12.2416, 55.75], [12.2411, 55.7499], [12.2406, 55.7499], [12.2401, 55.75], [12.2396, 55.75], [12.2392, 55.75], [12.239, 55.75], [12.2389, 55.75], [12.2383, 55.75], [12.238, 55.7501], [12.2376, 55.7501], [12.2372, 55.7501], [12.2368, 55.7502], [12.2364, 55.7502], [12.236, 55.7503], [12.2357, 55.7503], [12.2353, 55.7504], [12.2349, 55.7505], [12.2344, 55.7505], [12.234, 55.7506], [12.2335, 55.7507], [12.233, 55.7508], [12.2326, 55.751], [12.2318, 55.7512], [12.231, 55.7513], [12.2286, 55.7519], [12.2278, 55.7521], [12.2275, 55.7522], [12.2271, 55.7523], [12.227, 55.7523], [12.2268, 55.7524], [12.2264, 55.7524], [12.2261, 55.7525], [12.2257, 55.7526], [12.2254, 55.7526], [12.2251, 55.7527], [12.2247, 55.7527], [12.2244, 55.7528], [12.224, 55.7528], [12.2236, 55.7529], [12.2233, 55.7529], [12.223, 55.7529], [12.2226, 55.753], [12.2222, 55.753], [12.2221, 55.753], [12.2219, 55.753], [12.2215, 55.753], [12.2212, 55.753], [12.2205, 55.7531], [12.2195, 55.7531], [12.2185, 55.7531], [12.218, 55.7532], [12.2175, 55.7532], [12.2171, 55.7532], [12.2166, 55.7533], [12.2162, 55.7533], [12.2157, 55.7534], [12.2153, 55.7534], [12.2148, 55.7535], [12.2144, 55.7535], [12.2139, 55.7536], [12.2135, 55.7537], [12.2131, 55.7538], [12.2127, 55.7539], [12.2123, 55.754], [12.2119, 55.754], [12.2115, 55.7541], [12.2115, 55.7542], [12.2111, 55.7543], [12.2107, 55.7544], [12.2104, 55.7545], [12.21, 55.7546], [12.2077, 55.7553], [12.2069, 55.7555], [12.2061, 55.7557], [12.2054, 55.756], [12.2046, 55.7562], [12.1996, 55.7577], [12.1992, 55.7578], [12.1987, 55.758], [12.1983, 55.7581], [12.198, 55.7582], [12.1976, 55.7584], [12.1975, 55.7584], [12.1972, 55.7585], [12.1968, 55.7587], [12.1965, 55.7588], [12.1962, 55.759], [12.1958, 55.7591], [12.1955, 55.7593], [12.1952, 55.7595], [12.1949, 55.7597], [12.1946, 55.7599], [12.1943, 55.7601], [12.194, 55.7603], [12.1938, 55.7605], [12.1935, 55.7607], [12.1933, 55.7608], [12.1931, 55.761], [12.1929, 55.7612], [12.1927, 55.7614], [12.1926, 55.7615], [12.1925, 55.7617], [12.1923, 55.7619], [12.1922, 55.7621], [12.192, 55.7623], [12.1919, 55.7625], [12.1917, 55.7627], [12.1916, 55.7629], [12.1915, 55.7631], [12.1914, 55.7632], [12.1914, 55.7634], [12.1913, 55.7635], [12.1912, 55.7639], [12.191, 55.7643], [12.1903, 55.7664], [12.1901, 55.7669], [12.1896, 55.7685]], [[12.1896, 55.7685], [12.1895, 55.7688]], [[12.1895, 55.7688], [12.1892, 55.7694], [12.1889, 55.7704], [12.1875, 55.7743], [12.1873, 55.7748], [12.1868, 55.7762]], [[12.1868, 55.7762], [12.1865, 55.7771]], [[12.1865, 55.7771], [12.1856, 55.7798], [12.1855, 55.7799]], [[12.1855, 55.7799], [12.1854, 55.7803]], [[12.1854, 55.7803], [12.185, 55.7813], [12.1849, 55.7815], [12.1848, 55.7818], [12.1847, 55.7821], [12.1845, 55.7824], [12.1844, 55.7826], [12.1842, 55.7829], [12.184, 55.7831], [12.1839, 55.7834], [12.1837, 55.7837], [12.1834, 55.7839], [12.1832, 55.7842], [12.183, 55.7844], [12.1827, 55.7847], [12.1825, 55.7849], [12.1823, 55.785], [12.1821, 55.7852], [12.1818, 55.7854], [12.1816, 55.7856], [12.1813, 55.7858], [12.1809, 55.7861]], [[12.1809, 55.7861], [12.1805, 55.7864]], [[12.1805, 55.7864], [12.1803, 55.7865], [12.18, 55.7867], [12.1797, 55.7869], [12.1793, 55.787], [12.179, 55.7872], [12.1786, 55.7874], [12.1783, 55.7876], [12.1775, 55.7879], [12.1751, 55.789], [12.1745, 55.7893], [12.1739, 55.7895], [12.1732, 55.7898], [12.1727, 55.79], [12.1726, 55.7901], [12.1718, 55.7905], [12.1657, 55.7932], [12.1638, 55.7941], [12.1633, 55.7943], [12.1629, 55.7945], [12.1624, 55.7947], [12.162, 55.7948], [12.1615, 55.795], [12.1611, 55.7952], [12.1602, 55.7955], [12.1601, 55.7955], [12.1598, 55.7957], [12.1593, 55.7958], [12.1589, 55.7959], [12.1583, 55.7961]], [[12.1583, 55.7961], [12.1578, 55.7963]], [[12.1578, 55.7963], [12.1568, 55.7966], [12.1519, 55.798], [12.1515, 55.7981], [12.1511, 55.7982], [12.1507, 55.7983], [12.1504, 55.7984], [12.1503, 55.7985]], [[12.1503, 55.7985], [12.1501, 55.7985]], [[12.1501, 55.7985], [12.1499, 55.7986], [12.1497, 55.7987], [12.1494, 55.7988], [12.1491, 55.7989], [12.1488, 55.799], [12.1485, 55.7992], [12.1482, 55.7993], [12.1479, 55.7995], [12.1475, 55.7996], [12.1472, 55.7998], [12.1469, 55.8], [12.1466, 55.8001], [12.1466, 55.8002], [12.1368, 55.8058], [12.1364, 55.806], [12.136, 55.8062], [12.1357, 55.8063], [12.1354, 55.8065], [12.1353, 55.8065], [12.1351, 55.8066], [12.1349, 55.8068], [12.1346, 55.8069], [12.1344, 55.807], [12.134, 55.8072], [12.1337, 55.8073], [12.1333, 55.8074], [12.133, 55.8076], [12.1325, 55.8077], [12.1321, 55.8079], [12.1317, 55.8081], [12.1312, 55.8082], [12.1307, 55.8083], [12.1303, 55.8085], [12.1298, 55.8086], [12.1293, 55.8087], [12.1288, 55.8089], [12.1284, 55.809], [12.1279, 55.8091], [12.1275, 55.8092], [12.1269, 55.8093], [12.1264, 55.8094]], [[12.1264, 55.8094], [12.1259, 55.8095]], [[12.1259, 55.8095], [12.1256, 55.8095], [12.1251, 55.8096], [12.1245, 55.8097], [12.124, 55.8097], [12.1235, 55.8098], [12.123, 55.8099], [12.1225, 55.8099], [12.122, 55.8099], [12.1214, 55.81], [12.1209, 55.81], [12.1158, 55.8103], [12.11, 55.8107], [12.109, 55.8107], [12.1086, 55.8108], [12.1081, 55.8108], [12.1077, 55.8108], [12.1073, 55.8109]], [[12.1073, 55.8109], [12.107, 55.8109]], [[12.107, 55.8109], [12.1067, 55.8109], [12.1065, 55.811], [12.106, 55.811], [12.1056, 55.8111], [12.1052, 55.8111], [12.1051, 55.8112], [12.1048, 55.8112], [12.1045, 55.8112], [12.1042, 55.8113], [12.1038, 55.8114], [12.1034, 55.8114], [12.1029, 55.8115], [12.1025, 55.8116], [12.1021, 55.8117], [12.1017, 55.8118], [12.1012, 55.8119], [12.1008, 55.812], [12.1003, 55.8121], [12.0998, 55.8123], [12.0992, 55.8124], [12.0987, 55.8126], [12.0982, 55.8127], [12.0978, 55.8129], [12.0973, 55.813], [12.0968, 55.8132], [12.0964, 55.8133], [12.096, 55.8135], [12.0956, 55.8137], [12.0951, 55.8138], [12.0947, 55.814], [12.0944, 55.8142], [12.094, 55.8144], [12.0936, 55.8145], [12.0932, 55.8147], [12.0929, 55.8149], [12.0914, 55.8156], [12.0798, 55.8215], [12.0795, 55.8216], [12.0793, 55.8217], [12.0788, 55.822], [12.0785, 55.8222], [12.0782, 55.8223]], [[12.0782, 55.8223], [12.078, 55.8225], [12.0778, 55.8226], [12.0776, 55.8227], [12.0774, 55.8229], [12.0772, 55.823], [12.0771, 55.8231], [12.0767, 55.8234], [12.0765, 55.8235], [12.0763, 55.8237], [12.0761, 55.8239], [12.0758, 55.8241], [12.0756, 55.8243], [12.0755, 55.8244], [12.0754, 55.8245], [12.0752, 55.8247], [12.075, 55.8249], [12.0748, 55.8251], [12.0746, 55.8253], [12.0725, 55.8278], [12.0723, 55.8281], [12.072, 55.8285]], [[12.072, 55.8285], [12.0716, 55.8289], [12.0715, 55.8291], [12.0714, 55.8292]], [[12.0714, 55.8292], [12.0713, 55.8293], [12.0711, 55.8295], [12.0709, 55.8298], [12.0704, 55.8303], [12.0703, 55.8305], [12.07, 55.8309]], [[12.07, 55.8309], [12.0695, 55.8314], [12.0691, 55.8319], [12.0685, 55.8325], [12.068, 55.833]], [[12.068, 55.833], [12.0666, 55.8346], [12.0665, 55.8348], [12.0664, 55.8349]]]}, "properties": {"ref": "C", "opened_year": 1934, "segment_count": 330}}, {"type": "Feature", "geometry": {"type": "MultiLineString", "coordinates": [[[12.4681, 55.8069], [12.4681, 55.8068], [12.4681, 55.8067], [12.468, 55.8066], [12.468, 55.8064], [12.468, 55.8063], [12.4679, 55.8061], [12.4679, 55.806], [12.4679, 55.8059], [12.4678, 55.8059], [12.4678, 55.806], [12.4678, 55.8061], [12.4678, 55.8063], [12.4679, 55.8064], [12.4679, 55.8066], [12.4679, 55.8067], [12.468, 55.8068], [12.468, 55.8069], [12.4683, 55.8078], [12.4684, 55.8078], [12.4681, 55.8069]], [[12.473, 55.7959], [12.473, 55.7958], [12.473, 55.7959], [12.4729, 55.7959], [12.4728, 55.7963], [12.4723, 55.7974], [12.4727, 55.7966], [12.473, 55.7959]], [[12.4835, 55.7813], [12.484, 55.7811], [12.4857, 55.7803], [12.4847, 55.7806], [12.4839, 55.781], [12.4834, 55.7812], [12.4835, 55.7813]], [[12.5193, 55.7624], [12.5197, 55.7622], [12.5202, 55.7621], [12.5207, 55.7619], [12.5212, 55.7617], [12.5217, 55.7615], [12.5219, 55.7614]], [[12.5401, 55.7541], [12.541, 55.7537], [12.5415, 55.7535], [12.5416, 55.7534], [12.5416, 55.7535], [12.5417, 55.7534], [12.5418, 55.7533], [12.5424, 55.7531], [12.5401, 55.7541]], [[12.5576, 55.7429], [12.5578, 55.7427], [12.5581, 55.7424], [12.5584, 55.7421], [12.559, 55.7415]], [[12.567, 55.7295], [12.5669, 55.7295], [12.5664, 55.7312], [12.5665, 55.7312], [12.567, 55.7296], [12.5672, 55.7291], [12.5671, 55.7291], [12.567, 55.7295]], [[12.5786, 55.7155], [12.5786, 55.7156], [12.5797, 55.7152], [12.5809, 55.7147], [12.5797, 55.7151], [12.5786, 55.7155]], [[12.5911, 55.7046], [12.591, 55.705], [12.5904, 55.7064]], [[12.5872, 55.6927], [12.5898, 55.6943]], [[12.5631, 55.6776], [12.5631, 55.6775], [12.563, 55.6774], [12.5629, 55.6772], [12.5628, 55.6771], [12.5627, 55.6769], [12.5626, 55.6768], [12.5626, 55.6766], [12.5625, 55.6765], [12.5625, 55.6763], [12.5625, 55.6762], [12.5625, 55.676], [12.5625, 55.6759], [12.5624, 55.6759], [12.5625, 55.6758], [12.5623, 55.6758], [12.5623, 55.676], [12.5623, 55.6762], [12.5624, 55.6763], [12.5624, 55.6765], [12.5625, 55.6766], [12.5625, 55.6768], [12.5626, 55.6769], [12.5627, 55.6771], [12.5627, 55.6772], [12.5629, 55.6773], [12.563, 55.6776], [12.5631, 55.6776]], [[12.5614, 55.6662], [12.5604, 55.6656], [12.5602, 55.6655], [12.56, 55.6654], [12.5597, 55.6653], [12.5596, 55.6652], [12.5595, 55.6652], [12.5594, 55.6651], [12.5593, 55.665], [12.5591, 55.6651], [12.5592, 55.6651], [12.5591, 55.6652], [12.5593, 55.6652], [12.5591, 55.6652], [12.559, 55.6652], [12.5591, 55.6652], [12.5591, 55.6653], [12.5593, 55.6653], [12.5595, 55.6654], [12.5598, 55.6655], [12.56, 55.6656], [12.5602, 55.6657], [12.5613, 55.6663], [12.5614, 55.6662]], [[12.5369, 55.6545], [12.5372, 55.6546], [12.5375, 55.6549], [12.5377, 55.655], [12.5379, 55.6552], [12.5381, 55.6554], [12.5382, 55.6555], [12.5384, 55.6556], [12.5384, 55.6557], [12.5385, 55.6558], [12.5386, 55.6558], [12.5386, 55.6557], [12.5385, 55.6556], [12.5384, 55.6555], [12.5382, 55.6553], [12.5381, 55.6552], [12.538, 55.6551], [12.5378, 55.655], [12.5377, 55.6548], [12.5373, 55.6546], [12.5371, 55.6544], [12.5369, 55.6545]], [[12.524, 55.6513], [12.5243, 55.6513], [12.5244, 55.6513], [12.5269, 55.6515], [12.5268, 55.6516], [12.5244, 55.6513], [12.5242, 55.6513], [12.524, 55.6513]], [[12.5175, 55.6524], [12.5173, 55.6524], [12.5171, 55.6524], [12.5168, 55.6524], [12.5167, 55.6524], [12.5166, 55.6524], [12.5162, 55.6525], [12.5161, 55.6525], [12.516, 55.6525], [12.5159, 55.6524], [12.5158, 55.6524], [12.5157, 55.6524], [12.5154, 55.6524], [12.5153, 55.6524], [12.5152, 55.6524], [12.5151, 55.6524], [12.515, 55.6524], [12.5149, 55.6524], [12.5148, 55.6524], [12.5147, 55.6523], [12.5146, 55.6523], [12.5146, 55.6522], [12.5148, 55.6523], [12.515, 55.6523], [12.5151, 55.6523], [12.5152, 55.6523], [12.5153, 55.6523], [12.5155, 55.6524], [12.5157, 55.6524], [12.5159, 55.6524], [12.516, 55.6524], [12.5162, 55.6524], [12.5164, 55.6524], [12.5166, 55.6524], [12.5168, 55.6524], [12.517, 55.6523], [12.5173, 55.6523], [12.5175, 55.6523], [12.5175, 55.6524]], [[12.3571, 55.6127], [12.3585, 55.614], [12.3585, 55.6141], [12.3584, 55.614], [12.3579, 55.6135], [12.3572, 55.6129], [12.3571, 55.6128], [12.3571, 55.6127]], [[12.3336, 55.5977], [12.3352, 55.5989]], [[12.2958, 55.5814], [12.298, 55.5824], [12.2981, 55.5823], [12.2967, 55.5817], [12.2964, 55.5815], [12.2962, 55.5814], [12.2959, 55.5813], [12.2958, 55.5813], [12.2958, 55.5814]], [[12.2714, 55.5667], [12.2693, 55.5662], [12.2689, 55.5661], [12.269, 55.5661], [12.269, 55.566], [12.2694, 55.5661], [12.2698, 55.5662], [12.2706, 55.5665], [12.2714, 55.5667]], [[12.2188, 55.5342], [12.2178, 55.5327], [12.2176, 55.5328], [12.2179, 55.5333], [12.2187, 55.5342], [12.2188, 55.5342]], [[12.2093, 55.5221], [12.2094, 55.5221], [12.2084, 55.5207], [12.2083, 55.5207], [12.2084, 55.5208], [12.2093, 55.5221]], [[12.1754, 55.4996], [12.1753, 55.4994], [12.1751, 55.4993], [12.1749, 55.4991], [12.1746, 55.4988], [12.1745, 55.4986], [12.1743, 55.4984], [12.1741, 55.4982], [12.174, 55.4982], [12.1742, 55.4984], [12.1744, 55.4987], [12.1745, 55.4989], [12.1747, 55.499], [12.1749, 55.4992], [12.1751, 55.4994], [12.1753, 55.4996], [12.1754, 55.4996]], [[12.1767, 55.4793], [12.1764, 55.4795], [12.1761, 55.4797], [12.1754, 55.4801], [12.1751, 55.4803], [12.1749, 55.4805], [12.1747, 55.4804], [12.175, 55.4802], [12.1752, 55.48], [12.1759, 55.4796], [12.1762, 55.4794], [12.1766, 55.4792], [12.1767, 55.4793]], [[12.1863, 55.4577], [12.1867, 55.4594], [12.1864, 55.4579], [12.1863, 55.4578], [12.1863, 55.4577]], [[12.4692, 55.8099], [12.4691, 55.8098], [12.4691, 55.8097], [12.4691, 55.8096], [12.469, 55.8092], [12.4688, 55.8088], [12.4687, 55.8086], [12.4686, 55.8084], [12.4685, 55.8083], [12.4684, 55.8081], [12.4684, 55.8079], [12.4683, 55.8078], [12.4683, 55.8077], [12.468, 55.8069], [12.4679, 55.8068], [12.4679, 55.8067], [12.4679, 55.8066], [12.4678, 55.8064], [12.4678, 55.8063], [12.4678, 55.8061], [12.4678, 55.806], [12.4678, 55.8059], [12.4678, 55.8057], [12.4678, 55.8055], [12.4678, 55.8054], [12.4678, 55.8052], [12.4679, 55.8047]], [[12.4679, 55.8047], [12.4679, 55.8044], [12.468, 55.8042], [12.468, 55.804], [12.4681, 55.8038], [12.4682, 55.8036], [12.4683, 55.8034], [12.4684, 55.8032], [12.4685, 55.8031], [12.4686, 55.8029], [12.469, 55.8024], [12.47, 55.8011]], [[12.47, 55.8011], [12.4701, 55.801], [12.4703, 55.8007], [12.4705, 55.8004], [12.4707, 55.8001], [12.4709, 55.7998], [12.4711, 55.7995], [12.4713, 55.7992], [12.4715, 55.7988], [12.4717, 55.7985], [12.4719, 55.7982], [12.4721, 55.7979], [12.4723, 55.7976], [12.4724, 55.7972], [12.4729, 55.7962], [12.4732, 55.7957]], [[12.4732, 55.7957], [12.4733, 55.7953]], [[12.4733, 55.7953], [12.4763, 55.7891]], [[12.4763, 55.7891], [12.4764, 55.7888]], [[12.4764, 55.7888], [12.4775, 55.7864], [12.4777, 55.7861], [12.4778, 55.7858], [12.478, 55.7855], [12.4782, 55.7852], [12.4783, 55.7851], [12.4784, 55.7849], [12.4786, 55.7847], [12.4788, 55.7844], [12.479, 55.7842], [12.4792, 55.784], [12.4794, 55.7838], [12.4795, 55.7837], [12.4798, 55.7834], [12.48, 55.7832], [12.4803, 55.783], [12.4805, 55.7829], [12.4807, 55.7827], [12.4809, 55.7826], [12.4813, 55.7823], [12.4817, 55.7821], [12.482, 55.7819], [12.4822, 55.7818], [12.4825, 55.7816], [12.4828, 55.7815], [12.4831, 55.7813], [12.4833, 55.7812], [12.4835, 55.7812], [12.4837, 55.7811], [12.4844, 55.7808], [12.4864, 55.7799], [12.4867, 55.7798], [12.487, 55.7797], [12.4873, 55.7795], [12.4876, 55.7794], [12.4879, 55.7792], [12.4884, 55.779], [12.4886, 55.7789], [12.4889, 55.7787], [12.4891, 55.7786], [12.4894, 55.7784], [12.4896, 55.7783], [12.4898, 55.7781], [12.49, 55.778], [12.4902, 55.7778], [12.4904, 55.7777], [12.4905, 55.7775], [12.4907, 55.7774], [12.4909, 55.7772], [12.491, 55.7771], [12.4912, 55.7769], [12.4914, 55.7767], [12.4915, 55.7766], [12.4917, 55.7764], [12.493, 55.7747]], [[12.493, 55.7747], [12.4931, 55.7747]], [[12.4931, 55.7747], [12.4948, 55.7726]], [[12.4948, 55.7726], [12.4948, 55.7725]], [[12.4948, 55.7725], [12.495, 55.7723], [12.4953, 55.7721], [12.4954, 55.7719], [12.4956, 55.7717], [12.4958, 55.7716], [12.496, 55.7714], [12.4962, 55.7712], [12.4964, 55.7711], [12.4966, 55.7709], [12.4968, 55.7708], [12.497, 55.7707], [12.4973, 55.7705], [12.4975, 55.7704], [12.4979, 55.7702], [12.4984, 55.7699], [12.4988, 55.7697], [12.4991, 55.7696], [12.4997, 55.7693]], [[12.4997, 55.7693], [12.4998, 55.7693]], [[12.4998, 55.7693], [12.5, 55.7692]], [[12.5, 55.7692], [12.5005, 55.769], [12.501, 55.7688], [12.5014, 55.7686], [12.5031, 55.768], [12.5039, 55.7677], [12.5042, 55.7676], [12.5047, 55.7674], [12.505, 55.7673], [12.5054, 55.7672], [12.5075, 55.7665], [12.5079, 55.7664], [12.5082, 55.7663], [12.5089, 55.766], [12.5097, 55.7657], [12.5118, 55.765]], [[12.5118, 55.765], [12.5156, 55.7636], [12.516, 55.7635], [12.5163, 55.7633], [12.519, 55.7624], [12.5197, 55.7622], [12.5202, 55.762], [12.5207, 55.7619], [12.5212, 55.7617], [12.5217, 55.7615], [12.522, 55.7614]], [[12.522, 55.7614], [12.5224, 55.7612]], [[12.5224, 55.7612], [12.5255, 55.7601], [12.526, 55.7599], [12.5265, 55.7597], [12.5269, 55.7595], [12.5274, 55.7594], [12.5339, 55.7567], [12.535, 55.7562]], [[12.535, 55.7562], [12.5352, 55.7562]], [[12.5352, 55.7562], [12.5378, 55.7551], [12.5398, 55.7543], [12.5414, 55.7536], [12.5448, 55.7522], [12.5455, 55.7519], [12.5466, 55.7514], [12.5471, 55.7512], [12.5474, 55.7511], [12.5476, 55.751], [12.5479, 55.7509], [12.5481, 55.7508], [12.5485, 55.7506], [12.5488, 55.7504], [12.5492, 55.7502], [12.5496, 55.75], [12.5499, 55.7498], [12.5502, 55.7496], [12.5506, 55.7493], [12.5509, 55.7491], [12.5513, 55.7489], [12.5516, 55.7486], [12.5519, 55.7483], [12.5522, 55.7481], [12.5524, 55.7479]], [[12.5524, 55.7479], [12.5528, 55.7476]], [[12.5528, 55.7476], [12.554, 55.7465], [12.5542, 55.7463], [12.5545, 55.746], [12.5547, 55.7458], [12.555, 55.7455], [12.5553, 55.7452], [12.5556, 55.7448], [12.5559, 55.7445], [12.5563, 55.7441], [12.5565, 55.7439]], [[12.5565, 55.7439], [12.5567, 55.7437], [12.5569, 55.7435], [12.5571, 55.7433]], [[12.5571, 55.7433], [12.5577, 55.7428], [12.5578, 55.7427], [12.5581, 55.7424], [12.5582, 55.7423]], [[12.5582, 55.7423], [12.5584, 55.7421], [12.559, 55.7415], [12.5596, 55.7409], [12.5605, 55.74]], [[12.5605, 55.74], [12.5609, 55.7396], [12.5615, 55.739], [12.5641, 55.7363], [12.5644, 55.736]], [[12.5644, 55.736], [12.5645, 55.7359], [12.5647, 55.7357], [12.5648, 55.7356], [12.5649, 55.7355], [12.565, 55.7354], [12.5651, 55.7352], [12.5652, 55.735], [12.5653, 55.7349], [12.5654, 55.7347], [12.5655, 55.7345]], [[12.5655, 55.7345], [12.5656, 55.7343], [12.5657, 55.7341], [12.5658, 55.734], [12.5659, 55.7338], [12.5659, 55.7336], [12.566, 55.7334], [12.5662, 55.7328]], [[12.5662, 55.7328], [12.5662, 55.7326]], [[12.5662, 55.7326], [12.5663, 55.7325], [12.5663, 55.7324], [12.5663, 55.7323], [12.5663, 55.7322], [12.5663, 55.7321], [12.5663, 55.7319], [12.5663, 55.7316], [12.5664, 55.7312]], [[12.5664, 55.7312], [12.5665, 55.731], [12.5666, 55.7306], [12.5668, 55.7298], [12.5669, 55.7297], [12.5669, 55.7295], [12.567, 55.7294], [12.567, 55.7293], [12.5671, 55.7291]], [[12.5671, 55.7291], [12.5672, 55.7289], [12.5673, 55.7286], [12.5674, 55.7283], [12.5676, 55.7279], [12.5676, 55.7277]], [[12.5676, 55.7277], [12.5678, 55.7274]], [[12.5678, 55.7274], [12.5678, 55.7273]], [[12.5678, 55.7273], [12.5679, 55.7271], [12.568, 55.7266], [12.5683, 55.7256], [12.5685, 55.7251], [12.5687, 55.7245]], [[12.5687, 55.7245], [12.5689, 55.7242]], [[12.5689, 55.7242], [12.5695, 55.7235], [12.5699, 55.723], [12.5704, 55.7224], [12.5706, 55.7221], [12.5709, 55.7216], [12.5714, 55.7207], [12.5718, 55.72], [12.5721, 55.7194], [12.5724, 55.719], [12.5727, 55.7187], [12.573, 55.7184], [12.5733, 55.7181], [12.5737, 55.7178], [12.574, 55.7176], [12.5746, 55.7172], [12.575, 55.717], [12.5754, 55.7168], [12.5759, 55.7165], [12.5761, 55.7165], [12.5768, 55.7162], [12.5772, 55.7161]], [[12.5772, 55.7161], [12.5781, 55.7158], [12.5788, 55.7155], [12.5809, 55.7147]], [[12.5809, 55.7147], [12.5813, 55.7146], [12.5817, 55.7144], [12.582, 55.7143], [12.5823, 55.7142], [12.5829, 55.714], [12.5837, 55.7136]], [[12.5837, 55.7136], [12.5841, 55.7134], [12.5845, 55.7133], [12.5851, 55.713], [12.5857, 55.7126], [12.5862, 55.7123], [12.5866, 55.712], [12.5872, 55.7115], [12.5875, 55.7113], [12.588, 55.7108], [12.5883, 55.7104], [12.5887, 55.7099], [12.589, 55.7094], [12.5892, 55.7091]], [[12.5892, 55.7091], [12.5893, 55.7089]], [[12.5893, 55.7089], [12.59, 55.7073]], [[12.59, 55.7073], [12.5901, 55.707]], [[12.5901, 55.707], [12.5903, 55.7067], [12.5904, 55.7064], [12.5909, 55.705], [12.591, 55.7046], [12.5911, 55.7044], [12.5912, 55.7042], [12.5912, 55.704], [12.5912, 55.7038], [12.5914, 55.7029]], [[12.5914, 55.7029], [12.5917, 55.7002]], [[12.5917, 55.7002], [12.592, 55.6982], [12.592, 55.6979], [12.592, 55.6977], [12.592, 55.6975], [12.592, 55.6973], [12.592, 55.697], [12.5919, 55.6968], [12.5919, 55.6966], [12.5918, 55.6964], [12.5918, 55.6962], [12.5917, 55.696], [12.5916, 55.6959], [12.5915, 55.6957], [12.5914, 55.6956], [12.5913, 55.6955], [12.5912, 55.6953], [12.591, 55.6951], [12.5908, 55.6949], [12.5905, 55.6947], [12.5904, 55.6946], [12.5902, 55.6946], [12.5899, 55.6943], [12.5898, 55.6943], [12.5885, 55.6935]], [[12.5885, 55.6935], [12.5883, 55.6934], [12.5871, 55.6927]], [[12.5871, 55.6927], [12.5862, 55.6922]], [[12.5862, 55.6922], [12.5838, 55.6907], [12.5832, 55.6903], [12.5826, 55.6899]], [[12.5826, 55.6899], [12.5821, 55.6897], [12.582, 55.6896], [12.5817, 55.6894], [12.5802, 55.6887]], [[12.5802, 55.6887], [12.5799, 55.6885], [12.5797, 55.6884], [12.5772, 55.687], [12.5769, 55.6869], [12.5766, 55.6867], [12.5763, 55.6865], [12.5758, 55.6862], [12.5734, 55.6845], [12.5726, 55.6841], [12.5723, 55.6839], [12.5717, 55.6835], [12.5712, 55.6832], [12.5709, 55.6829], [12.5697, 55.682], [12.5692, 55.6816]], [[12.5692, 55.6816], [12.5676, 55.6804], [12.5673, 55.6802]], [[12.5673, 55.6802], [12.5671, 55.68], [12.5669, 55.6799], [12.5667, 55.6798], [12.5663, 55.6795], [12.5661, 55.6795]], [[12.5661, 55.6795], [12.5654, 55.6791], [12.5651, 55.679], [12.5645, 55.6787], [12.5644, 55.6786], [12.5643, 55.6786]], [[12.5643, 55.6786], [12.5642, 55.6786], [12.564, 55.6784], [12.5639, 55.6784], [12.5637, 55.6782], [12.5635, 55.6781], [12.5633, 55.6779], [12.5632, 55.6778], [12.563, 55.6776], [12.563, 55.6775], [12.5629, 55.6774], [12.5628, 55.6773], [12.5627, 55.6771], [12.5626, 55.677], [12.5625, 55.6768], [12.5624, 55.6767], [12.5624, 55.6766], [12.5624, 55.6765], [12.5623, 55.6762], [12.5623, 55.6761], [12.5623, 55.6759], [12.5623, 55.6758]], [[12.5623, 55.6758], [12.5623, 55.6757], [12.5623, 55.6756], [12.5624, 55.6754], [12.5624, 55.6753], [12.5625, 55.6751]], [[12.5625, 55.6751], [12.5626, 55.6749], [12.5629, 55.6741], [12.5631, 55.6739], [12.5631, 55.6737]], [[12.5631, 55.6737], [12.5633, 55.6734], [12.5634, 55.6733], [12.5636, 55.673], [12.5637, 55.6729], [12.5644, 55.6723]], [[12.5644, 55.6723], [12.5646, 55.6722], [12.565, 55.6718], [12.5651, 55.6717], [12.5652, 55.6716], [12.5653, 55.6714]], [[12.5653, 55.6714], [12.5654, 55.6712], [12.5655, 55.6711], [12.5656, 55.6709], [12.5656, 55.6708], [12.5657, 55.6707], [12.5657, 55.6705]], [[12.5657, 55.6705], [12.5658, 55.6705], [12.5658, 55.6704], [12.5658, 55.6703], [12.5658, 55.6702], [12.5658, 55.6701], [12.5658, 55.67], [12.5658, 55.6699], [12.5658, 55.6698], [12.5658, 55.6697], [12.5658, 55.6696], [12.5657, 55.6694], [12.5657, 55.6693], [12.5657, 55.6692], [12.5656, 55.6691], [12.5656, 55.669], [12.5655, 55.6689], [12.5655, 55.6688], [12.5654, 55.6687], [12.5653, 55.6686], [12.5652, 55.6685], [12.565, 55.6683], [12.5648, 55.6681], [12.5647, 55.668], [12.5646, 55.6679], [12.5644, 55.6677], [12.5642, 55.6677], [12.5641, 55.6676], [12.5639, 55.6675], [12.5637, 55.6674], [12.5635, 55.6673], [12.5629, 55.667], [12.5623, 55.6667], [12.562, 55.6666], [12.5618, 55.6665], [12.5616, 55.6664], [12.5614, 55.6663], [12.5614, 55.6662], [12.5604, 55.6656], [12.5602, 55.6655], [12.56, 55.6654], [12.5598, 55.6653], [12.5596, 55.6652], [12.5595, 55.6651], [12.5594, 55.6651], [12.5593, 55.665]], [[12.5593, 55.665], [12.5591, 55.665], [12.5589, 55.6649], [12.5588, 55.6648], [12.5587, 55.6648], [12.5585, 55.6648], [12.5583, 55.6647], [12.5581, 55.6647], [12.5579, 55.6646], [12.5577, 55.6646], [12.5575, 55.6646], [12.5573, 55.6646], [12.5571, 55.6646], [12.5559, 55.6645], [12.5557, 55.6645], [12.5555, 55.6645], [12.5552, 55.6645], [12.555, 55.6645], [12.5548, 55.6645], [12.5543, 55.6644], [12.5539, 55.6644], [12.553, 55.6643]], [[12.553, 55.6643], [12.5528, 55.6643], [12.5521, 55.6642], [12.5516, 55.6641], [12.5512, 55.6641], [12.5509, 55.664], [12.5505, 55.664], [12.5502, 55.6639], [12.5498, 55.6639], [12.5494, 55.6638], [12.5489, 55.6637], [12.5484, 55.6636], [12.5479, 55.6635], [12.5474, 55.6634], [12.5454, 55.663], [12.5453, 55.6629], [12.5451, 55.6629], [12.545, 55.6629], [12.5448, 55.6628], [12.5446, 55.6628], [12.5445, 55.6628]], [[12.5445, 55.6628], [12.5444, 55.6627], [12.5442, 55.6627], [12.544, 55.6626], [12.5438, 55.6625], [12.5437, 55.6625], [12.5436, 55.6624], [12.5434, 55.6624]], [[12.5434, 55.6624], [12.5433, 55.6623], [12.5432, 55.6623], [12.543, 55.6622], [12.5429, 55.6621], [12.5426, 55.662], [12.5423, 55.6618], [12.5421, 55.6617], [12.5419, 55.6615], [12.5416, 55.6613], [12.5415, 55.6612], [12.5413, 55.661], [12.5412, 55.6609], [12.5411, 55.6608], [12.541, 55.6607], [12.541, 55.6606]], [[12.541, 55.6606], [12.5408, 55.6604], [12.5403, 55.6594], [12.54, 55.6589], [12.5395, 55.6579], [12.5394, 55.6578], [12.5393, 55.6577], [12.5393, 55.6575], [12.5392, 55.6575], [12.5392, 55.6573], [12.5391, 55.6572], [12.5391, 55.6571], [12.539, 55.6569], [12.539, 55.6567], [12.5389, 55.6566], [12.5389, 55.6564], [12.5388, 55.6563], [12.5388, 55.6562], [12.5387, 55.6562], [12.5387, 55.6561], [12.5385, 55.6558], [12.5384, 55.6557]], [[12.5384, 55.6557], [12.5383, 55.6556], [12.5382, 55.6555], [12.5381, 55.6554], [12.5379, 55.6552], [12.5377, 55.655], [12.5375, 55.6549]], [[12.5375, 55.6549], [12.5372, 55.6547], [12.5369, 55.6545], [12.5367, 55.6543], [12.5366, 55.6542], [12.5364, 55.6541], [12.5362, 55.6541], [12.5361, 55.654], [12.5359, 55.6539], [12.5357, 55.6538], [12.5353, 55.6537], [12.535, 55.6536], [12.5344, 55.6534], [12.5306, 55.6523], [12.5303, 55.6522], [12.53, 55.6522], [12.5298, 55.6521], [12.5296, 55.652], [12.5294, 55.652], [12.529, 55.6519], [12.5287, 55.6518], [12.5285, 55.6518], [12.5282, 55.6518], [12.528, 55.6517]], [[12.528, 55.6517], [12.5277, 55.6517], [12.5275, 55.6517], [12.5272, 55.6516], [12.527, 55.6516]], [[12.527, 55.6516], [12.5267, 55.6516], [12.5244, 55.6514], [12.5242, 55.6513], [12.524, 55.6513], [12.5237, 55.6513], [12.5235, 55.6513], [12.5232, 55.6513], [12.5229, 55.6513], [12.5227, 55.6513], [12.5225, 55.6513], [12.5223, 55.6513], [12.522, 55.6513], [12.5218, 55.6513], [12.5215, 55.6514], [12.5213, 55.6514], [12.521, 55.6514], [12.5208, 55.6515], [12.5206, 55.6515], [12.5203, 55.6516], [12.5201, 55.6516], [12.5198, 55.6517], [12.5196, 55.6517], [12.5194, 55.6518], [12.5188, 55.652], [12.5186, 55.652], [12.5185, 55.6521], [12.5183, 55.6521], [12.5181, 55.6521], [12.5179, 55.6522], [12.5178, 55.6522], [12.5177, 55.6522], [12.5175, 55.6523], [12.5172, 55.6523], [12.517, 55.6523], [12.5168, 55.6523], [12.5167, 55.6523]], [[12.5167, 55.6523], [12.5165, 55.6524], [12.5163, 55.6524], [12.5162, 55.6524], [12.516, 55.6524], [12.5158, 55.6524], [12.5156, 55.6523], [12.5154, 55.6523]], [[12.5154, 55.6523], [12.5153, 55.6523], [12.515, 55.6523], [12.5148, 55.6523], [12.5146, 55.6522], [12.5144, 55.6522], [12.5143, 55.6522], [12.5141, 55.6521], [12.5139, 55.6521], [12.5137, 55.652], [12.5136, 55.652], [12.5134, 55.6519], [12.5133, 55.6519], [12.5131, 55.6518], [12.513, 55.6517], [12.5128, 55.6517], [12.5126, 55.6516], [12.5125, 55.6515], [12.5123, 55.6514]], [[12.5123, 55.6514], [12.5121, 55.6512], [12.5119, 55.6511], [12.5117, 55.651], [12.5115, 55.6508], [12.5114, 55.6507]], [[12.5114, 55.6507], [12.5109, 55.6503]], [[12.5109, 55.6503], [12.5096, 55.6491], [12.5087, 55.6483], [12.5084, 55.648], [12.5081, 55.6478], [12.5067, 55.6466], [12.5066, 55.6465], [12.5064, 55.6463], [12.5062, 55.6462], [12.5061, 55.646], [12.5059, 55.6458], [12.5057, 55.6456], [12.5055, 55.6455], [12.5054, 55.6453], [12.5051, 55.645], [12.5049, 55.6448], [12.5048, 55.6446], [12.5046, 55.6445], [12.5045, 55.6442], [12.5043, 55.644], [12.5041, 55.6437], [12.5037, 55.6432], [12.5037, 55.6431]], [[12.5037, 55.6431], [12.5036, 55.643], [12.5034, 55.6428], [12.5033, 55.6427]], [[12.5033, 55.6427], [12.5031, 55.6424]], [[12.5031, 55.6424], [12.5029, 55.6423], [12.5028, 55.6421], [12.5026, 55.642], [12.5024, 55.6418], [12.5022, 55.6416], [12.5017, 55.6412]], [[12.5017, 55.6412], [12.5013, 55.641]], [[12.5013, 55.641], [12.5011, 55.6408], [12.5004, 55.6403]], [[12.5004, 55.6403], [12.5001, 55.6401]], [[12.5001, 55.6401], [12.4998, 55.6399], [12.4998, 55.6398], [12.4972, 55.6376], [12.497, 55.6375]], [[12.497, 55.6375], [12.4969, 55.6374]], [[12.4969, 55.6374], [12.4967, 55.6372], [12.4963, 55.6368], [12.4957, 55.6364], [12.4955, 55.6362], [12.4953, 55.636], [12.495, 55.6358], [12.4948, 55.6355], [12.4946, 55.6354], [12.4944, 55.6351], [12.4943, 55.6349]], [[12.4943, 55.6349], [12.4941, 55.6348]], [[12.4941, 55.6348], [12.4939, 55.6345], [12.4936, 55.6341], [12.4934, 55.6339], [12.4933, 55.6337], [12.4931, 55.6335], [12.4929, 55.6332], [12.4927, 55.633], [12.4925, 55.6328], [12.4922, 55.6326], [12.492, 55.6324], [12.4917, 55.6322], [12.4916, 55.6322], [12.4915, 55.6321], [12.4912, 55.6319], [12.4909, 55.6317], [12.4906, 55.6315], [12.4902, 55.6314], [12.49, 55.6313], [12.4897, 55.6311], [12.4894, 55.631]], [[12.4894, 55.631], [12.4892, 55.6309]], [[12.4892, 55.6309], [12.4889, 55.6308], [12.4886, 55.6307], [12.4882, 55.6306], [12.488, 55.6305]], [[12.488, 55.6305], [12.4876, 55.6304], [12.4873, 55.6304], [12.4869, 55.6303], [12.4866, 55.6302]], [[12.4866, 55.6302], [12.4865, 55.6302], [12.4858, 55.63], [12.4855, 55.6299], [12.4851, 55.6299], [12.4836, 55.6295], [12.482, 55.6291]], [[12.482, 55.6291], [12.4814, 55.6289]], [[12.4814, 55.6289], [12.4807, 55.6287], [12.4791, 55.6283], [12.4789, 55.6283], [12.4788, 55.6282], [12.4784, 55.6281], [12.4779, 55.628], [12.4775, 55.6279], [12.477, 55.6278], [12.4765, 55.6277], [12.476, 55.6276], [12.4755, 55.6275], [12.475, 55.6274], [12.4745, 55.6274], [12.474, 55.6273], [12.4734, 55.6272], [12.4729, 55.6272], [12.4724, 55.6271]], [[12.4724, 55.6271], [12.472, 55.6271], [12.4715, 55.6271]], [[12.4715, 55.6271], [12.4712, 55.6271], [12.4709, 55.627], [12.4705, 55.627], [12.4701, 55.627], [12.4659, 55.6269], [12.4654, 55.6269], [12.4652, 55.6269], [12.4648, 55.6268], [12.4644, 55.6268], [12.464, 55.6268], [12.4635, 55.6268], [12.4632, 55.6267], [12.4629, 55.6267], [12.4626, 55.6267], [12.4619, 55.6266]], [[12.4619, 55.6266], [12.4616, 55.6266]], [[12.4616, 55.6266], [12.4613, 55.6265], [12.4609, 55.6265], [12.4606, 55.6264], [12.4577, 55.626]], [[12.4577, 55.626], [12.4568, 55.6259]], [[12.4568, 55.6259], [12.4563, 55.6258], [12.4561, 55.6258], [12.4558, 55.6258], [12.4555, 55.6257], [12.4553, 55.6257], [12.4549, 55.6256], [12.4546, 55.6256], [12.4542, 55.6255], [12.4539, 55.6254], [12.4537, 55.6253], [12.4535, 55.6253], [12.4532, 55.6252], [12.4501, 55.6244], [12.4473, 55.6236], [12.4448, 55.6229]], [[12.4448, 55.6229], [12.4445, 55.6228]], [[12.4445, 55.6228], [12.4419, 55.6221]], [[12.4419, 55.6221], [12.4411, 55.6219]], [[12.4411, 55.6219], [12.4406, 55.6218], [12.4401, 55.6216], [12.4398, 55.6215], [12.4395, 55.6215], [12.4392, 55.6214], [12.4389, 55.6213], [12.4386, 55.6213], [12.4383, 55.6212], [12.438, 55.6211], [12.4377, 55.6211], [12.4374, 55.621], [12.437, 55.621], [12.4367, 55.6209], [12.4364, 55.6209], [12.4361, 55.6208], [12.4358, 55.6208], [12.4357, 55.6208], [12.4355, 55.6207], [12.4352, 55.6207], [12.4348, 55.6206], [12.4345, 55.6206], [12.434, 55.6206], [12.4337, 55.6205], [12.4332, 55.6205], [12.4328, 55.6205], [12.4325, 55.6205], [12.4321, 55.6205], [12.4318, 55.6204], [12.4314, 55.6204], [12.4313, 55.6204], [12.4308, 55.6204]], [[12.4308, 55.6204], [12.4306, 55.6204]], [[12.4306, 55.6204], [12.4303, 55.6204], [12.43, 55.6204], [12.4297, 55.6204], [12.4294, 55.6205], [12.429, 55.6205], [12.4287, 55.6205], [12.4284, 55.6205], [12.428, 55.6205], [12.4277, 55.6205], [12.4273, 55.6206], [12.4268, 55.6206], [12.4263, 55.6207], [12.4243, 55.6209]], [[12.4243, 55.6209], [12.4235, 55.6209]], [[12.4235, 55.6209], [12.4232, 55.621], [12.4229, 55.621], [12.4225, 55.621], [12.4222, 55.621], [12.4219, 55.6211], [12.4209, 55.6211], [12.4201, 55.6211], [12.4195, 55.6211], [12.4187, 55.6211], [12.4183, 55.6211], [12.4179, 55.6212], [12.4163, 55.6212], [12.4161, 55.6212], [12.4157, 55.6213], [12.4154, 55.6213], [12.4151, 55.6213], [12.4147, 55.6214], [12.4144, 55.6214]], [[12.4144, 55.6214], [12.4141, 55.6214], [12.4137, 55.6215]], [[12.4137, 55.6215], [12.4134, 55.6215], [12.4131, 55.6216], [12.4127, 55.6216], [12.4123, 55.6217], [12.4118, 55.6218], [12.4064, 55.6228], [12.4058, 55.6229], [12.4053, 55.623], [12.4048, 55.6231], [12.4043, 55.6232], [12.4038, 55.6233], [12.4033, 55.6234], [12.4028, 55.6234], [12.4023, 55.6235], [12.4018, 55.6236], [12.4013, 55.6236], [12.4007, 55.6237], [12.4003, 55.6237], [12.3999, 55.6237], [12.3995, 55.6237], [12.399, 55.6238], [12.3985, 55.6238], [12.398, 55.6238], [12.3973, 55.6238], [12.3968, 55.6238], [12.3964, 55.6238], [12.3961, 55.6238], [12.3956, 55.6238]], [[12.3956, 55.6238], [12.3951, 55.6238], [12.3944, 55.6237]], [[12.3944, 55.6237], [12.3937, 55.6237], [12.3906, 55.6236], [12.3899, 55.6236]], [[12.3899, 55.6236], [12.3891, 55.6235]], [[12.3891, 55.6235], [12.3889, 55.6235], [12.3881, 55.6235], [12.3868, 55.6234], [12.3867, 55.6234]], [[12.3867, 55.6234], [12.3862, 55.6234]], [[12.3862, 55.6234], [12.3857, 55.6234], [12.3854, 55.6234], [12.3849, 55.6233]], [[12.3849, 55.6233], [12.3834, 55.6233]], [[12.3834, 55.6233], [12.3829, 55.6232], [12.3824, 55.6232], [12.3816, 55.6232], [12.3782, 55.6229], [12.3778, 55.6229], [12.3766, 55.6228]], [[12.3766, 55.6228], [12.3763, 55.6227], [12.3759, 55.6227]], [[12.3759, 55.6227], [12.3756, 55.6227], [12.3752, 55.6226], [12.3749, 55.6226], [12.3745, 55.6225], [12.3742, 55.6224], [12.3739, 55.6224], [12.3735, 55.6223], [12.3733, 55.6223], [12.3729, 55.6222], [12.3726, 55.6221], [12.3722, 55.622], [12.3719, 55.622], [12.3716, 55.6219], [12.3713, 55.6218], [12.371, 55.6217], [12.3707, 55.6216]], [[12.3707, 55.6216], [12.3703, 55.6215]], [[12.3703, 55.6215], [12.37, 55.6214], [12.3697, 55.6214], [12.3695, 55.6213], [12.3692, 55.6212], [12.3687, 55.621], [12.3683, 55.6209], [12.3679, 55.6207], [12.3675, 55.6205], [12.3671, 55.6204], [12.3667, 55.6202], [12.3664, 55.62], [12.366, 55.6198], [12.3657, 55.6197], [12.3652, 55.6194], [12.3649, 55.6193], [12.3645, 55.6191], [12.3643, 55.6189], [12.3639, 55.6187], [12.3636, 55.6185], [12.3633, 55.6182], [12.363, 55.618], [12.3627, 55.6178], [12.3625, 55.6176]], [[12.3625, 55.6176], [12.3622, 55.6174]], [[12.3622, 55.6174], [12.3621, 55.6173], [12.3618, 55.6171], [12.3616, 55.6168], [12.3612, 55.6165], [12.3598, 55.6152], [12.3593, 55.6147]], [[12.3593, 55.6147], [12.3589, 55.6143]], [[12.3589, 55.6143], [12.3579, 55.6135]], [[12.3579, 55.6135], [12.3579, 55.6134], [12.3577, 55.6133]], [[12.3577, 55.6133], [12.3567, 55.6123]], [[12.3567, 55.6123], [12.3564, 55.612]], [[12.3564, 55.612], [12.3556, 55.6113], [12.3553, 55.6111], [12.3551, 55.6108], [12.3548, 55.6106], [12.3545, 55.6103], [12.3542, 55.6101], [12.3539, 55.6099], [12.3537, 55.6097], [12.3534, 55.6096], [12.3532, 55.6094], [12.353, 55.6093], [12.3528, 55.6091], [12.3526, 55.609], [12.3522, 55.6088], [12.3521, 55.6087], [12.3519, 55.6086], [12.3515, 55.6084], [12.3425, 55.6034], [12.3387, 55.6013], [12.3376, 55.6006], [12.3374, 55.6005], [12.3372, 55.6004], [12.3368, 55.6001], [12.3364, 55.5998], [12.3362, 55.5997], [12.3358, 55.5993], [12.3353, 55.599], [12.3341, 55.598], [12.3335, 55.5976], [12.3331, 55.5973], [12.3324, 55.5968], [12.3317, 55.5963], [12.331, 55.5958], [12.3282, 55.5935], [12.3278, 55.5932], [12.3276, 55.593], [12.3273, 55.5928], [12.327, 55.5926], [12.3267, 55.5923], [12.3265, 55.5922], [12.3264, 55.5921], [12.3262, 55.592], [12.326, 55.5919], [12.3258, 55.5918], [12.3256, 55.5916], [12.3254, 55.5915], [12.3252, 55.5914], [12.3249, 55.5913], [12.3247, 55.5912], [12.3244, 55.5911], [12.3243, 55.591], [12.324, 55.5909], [12.3238, 55.5908], [12.3236, 55.5907], [12.3233, 55.5906], [12.323, 55.5905], [12.3228, 55.5905], [12.3225, 55.5904], [12.3222, 55.5903], [12.3219, 55.5902], [12.3217, 55.5902], [12.3214, 55.5901], [12.3211, 55.5901], [12.3208, 55.59], [12.3206, 55.59], [12.3203, 55.5899], [12.3198, 55.5899], [12.3193, 55.5898], [12.3189, 55.5897], [12.3145, 55.5892], [12.3139, 55.5891], [12.3132, 55.589], [12.3122, 55.5889], [12.3119, 55.5889], [12.3116, 55.5889], [12.3113, 55.5888], [12.311, 55.5888], [12.3107, 55.5887], [12.3104, 55.5887], [12.3101, 55.5886], [12.3098, 55.5886], [12.3096, 55.5885], [12.3094, 55.5885], [12.3092, 55.5884], [12.309, 55.5884], [12.3088, 55.5883], [12.3085, 55.5882]], [[12.3085, 55.5882], [12.3082, 55.5881]], [[12.3082, 55.5881], [12.3079, 55.588], [12.3076, 55.5879], [12.3073, 55.5878], [12.3071, 55.5877], [12.3069, 55.5876], [12.3067, 55.5875], [12.3064, 55.5874], [12.3061, 55.5873], [12.3059, 55.5871]], [[12.3059, 55.5871], [12.3055, 55.5869]], [[12.3055, 55.5869], [12.3054, 55.5868], [12.3051, 55.5867], [12.3049, 55.5865], [12.3047, 55.5864], [12.3045, 55.5863], [12.3043, 55.5861], [12.3041, 55.5859], [12.3028, 55.585], [12.3024, 55.5847], [12.3021, 55.5846], [12.3018, 55.5844], [12.3017, 55.5842], [12.3015, 55.5841], [12.3012, 55.584], [12.301, 55.5838], [12.3007, 55.5837], [12.3005, 55.5836], [12.3003, 55.5835], [12.3001, 55.5833], [12.2998, 55.5832], [12.2994, 55.583], [12.299, 55.5828], [12.2987, 55.5827]], [[12.2987, 55.5827], [12.2981, 55.5824]], [[12.2981, 55.5824], [12.2966, 55.5817], [12.2957, 55.5814]], [[12.2957, 55.5814], [12.2954, 55.5812]], [[12.2954, 55.5812], [12.2926, 55.58], [12.2917, 55.5796], [12.2915, 55.5794], [12.2912, 55.5793], [12.2906, 55.579], [12.2901, 55.5787], [12.2895, 55.5784], [12.2889, 55.578], [12.2883, 55.5776], [12.2879, 55.5773], [12.2874, 55.577], [12.287, 55.5767], [12.2867, 55.5764], [12.2862, 55.576], [12.2858, 55.5755], [12.2855, 55.5752], [12.2852, 55.5749], [12.2846, 55.5742], [12.2843, 55.5738]], [[12.2843, 55.5738], [12.2841, 55.5736]], [[12.2841, 55.5736], [12.2837, 55.5731], [12.2832, 55.5726], [12.283, 55.5723], [12.2827, 55.572], [12.2824, 55.5718], [12.2822, 55.5715], [12.2819, 55.5713], [12.2815, 55.571], [12.281, 55.5706], [12.2803, 55.5702], [12.2796, 55.5697], [12.279, 55.5694], [12.2785, 55.5691], [12.2779, 55.5689], [12.2772, 55.5685], [12.2768, 55.5684], [12.2765, 55.5682], [12.2757, 55.568], [12.2749, 55.5677], [12.2743, 55.5675], [12.2739, 55.5674], [12.2735, 55.5673], [12.2725, 55.5671], [12.2723, 55.567]], [[12.2723, 55.567], [12.2714, 55.5668]], [[12.2714, 55.5668], [12.2697, 55.5663], [12.2689, 55.5661]], [[12.2689, 55.5661], [12.2685, 55.566]], [[12.2685, 55.566], [12.2659, 55.5653], [12.2653, 55.5651], [12.265, 55.565], [12.2645, 55.5649], [12.264, 55.5648], [12.2635, 55.5646], [12.263, 55.5645], [12.2561, 55.5622], [12.2556, 55.5621], [12.2552, 55.5619], [12.2547, 55.5618], [12.2544, 55.5616], [12.254, 55.5615], [12.2536, 55.5614], [12.2533, 55.5612], [12.2529, 55.5611], [12.2526, 55.5609], [12.2523, 55.5608], [12.252, 55.5606], [12.2517, 55.5605], [12.2514, 55.5603], [12.2512, 55.5602], [12.2509, 55.56], [12.2506, 55.5599], [12.2504, 55.5597], [12.2501, 55.5595], [12.2498, 55.5593]], [[12.2498, 55.5593], [12.2494, 55.5591]], [[12.2494, 55.5591], [12.2492, 55.5589], [12.249, 55.5588], [12.2488, 55.5586], [12.2486, 55.5584], [12.2483, 55.5582], [12.2481, 55.558], [12.241, 55.5518], [12.2407, 55.5515], [12.2405, 55.5513]], [[12.2405, 55.5513], [12.2402, 55.551]], [[12.2402, 55.551], [12.2399, 55.5508], [12.2396, 55.5506], [12.2393, 55.5504], [12.239, 55.5502], [12.2358, 55.5478], [12.2356, 55.5476], [12.2354, 55.5475], [12.2351, 55.5473]], [[12.2351, 55.5473], [12.235, 55.5472], [12.2348, 55.547]], [[12.2348, 55.547], [12.2346, 55.5469], [12.2344, 55.5468], [12.2342, 55.5467], [12.234, 55.5465], [12.2336, 55.5463], [12.2333, 55.5461], [12.229, 55.5437]], [[12.229, 55.5437], [12.2284, 55.5433]], [[12.2284, 55.5433], [12.2272, 55.5427], [12.227, 55.5425], [12.2267, 55.5423], [12.2264, 55.5422], [12.2261, 55.542], [12.2259, 55.5418], [12.2256, 55.5416], [12.2253, 55.5414], [12.2251, 55.5413], [12.2246, 55.5409], [12.2241, 55.5405], [12.2237, 55.5401], [12.2233, 55.5397], [12.2225, 55.5389], [12.2217, 55.538], [12.2213, 55.5375], [12.2209, 55.537], [12.2202, 55.5361], [12.2193, 55.535], [12.219, 55.5347]], [[12.219, 55.5347], [12.2187, 55.5343]], [[12.2187, 55.5343], [12.218, 55.5334], [12.2175, 55.5327]], [[12.2175, 55.5327], [12.2172, 55.5324]], [[12.2172, 55.5324], [12.2163, 55.5311], [12.2151, 55.5296], [12.2149, 55.5293], [12.2147, 55.529], [12.2145, 55.5288], [12.2142, 55.5285], [12.2141, 55.5283], [12.2139, 55.5281], [12.213, 55.5273], [12.2128, 55.527], [12.2126, 55.5268], [12.2124, 55.5266], [12.2122, 55.5264]], [[12.2122, 55.5264], [12.212, 55.5261]], [[12.212, 55.5261], [12.2118, 55.5259], [12.2117, 55.5257], [12.2115, 55.5254], [12.2113, 55.525], [12.211, 55.5246], [12.2107, 55.5241], [12.2104, 55.5236], [12.2098, 55.5227]], [[12.2098, 55.5227], [12.2095, 55.5223]], [[12.2095, 55.5223], [12.2089, 55.5214], [12.2079, 55.5199]], [[12.2079, 55.5199], [12.2077, 55.5196]], [[12.2077, 55.5196], [12.2076, 55.5195], [12.2075, 55.5194], [12.2074, 55.5192], [12.2073, 55.5191], [12.2071, 55.5189], [12.207, 55.5186], [12.2068, 55.5184], [12.2066, 55.5182], [12.2064, 55.518], [12.2062, 55.5178], [12.2059, 55.5176], [12.2057, 55.5174], [12.2055, 55.5172], [12.2053, 55.517], [12.205, 55.5168], [12.2048, 55.5166], [12.2045, 55.5164], [12.2042, 55.5162], [12.204, 55.516], [12.2037, 55.5158], [12.2034, 55.5156], [12.2031, 55.5154], [12.2029, 55.5153], [12.2024, 55.515], [12.2005, 55.5139]], [[12.2005, 55.5139], [12.2, 55.5136]], [[12.2, 55.5136], [12.1993, 55.5132]], [[12.1993, 55.5132], [12.1989, 55.5129]], [[12.1989, 55.5129], [12.197, 55.5118], [12.1958, 55.5111], [12.1955, 55.5109], [12.1952, 55.5108], [12.1948, 55.5106], [12.1945, 55.5104], [12.1942, 55.5102], [12.1939, 55.51], [12.1936, 55.5099], [12.1933, 55.5097], [12.1864, 55.506], [12.1856, 55.5056], [12.1822, 55.5038]], [[12.1822, 55.5038], [12.1817, 55.5035]], [[12.1817, 55.5035], [12.1813, 55.5033], [12.1809, 55.5031], [12.1805, 55.5029], [12.1802, 55.5027], [12.1777, 55.5012], [12.1774, 55.501], [12.1771, 55.5008], [12.1768, 55.5006], [12.1766, 55.5005], [12.1763, 55.5003], [12.176, 55.5001], [12.1757, 55.4998], [12.1755, 55.4996], [12.1753, 55.4994], [12.1751, 55.4993], [12.1749, 55.499], [12.1747, 55.4988], [12.1745, 55.4986], [12.1743, 55.4984], [12.1741, 55.4982], [12.174, 55.4979], [12.1739, 55.4977], [12.1737, 55.4975], [12.1736, 55.4973], [12.1735, 55.4971], [12.1734, 55.4968], [12.1733, 55.4966], [12.171, 55.4914], [12.1709, 55.4912], [12.1708, 55.4909], [12.1707, 55.4907], [12.1707, 55.4905], [12.1706, 55.4902], [12.1705, 55.49], [12.1705, 55.4898], [12.1705, 55.4896], [12.1705, 55.4894], [12.1705, 55.4892], [12.1705, 55.489], [12.1705, 55.4888], [12.1705, 55.4885], [12.1705, 55.4883], [12.1706, 55.488], [12.1706, 55.4878], [12.1708, 55.4873], [12.1716, 55.4844], [12.1716, 55.4842], [12.1717, 55.484], [12.1718, 55.4837], [12.1719, 55.4835]], [[12.1719, 55.4835], [12.172, 55.4833], [12.1721, 55.483]], [[12.1721, 55.483], [12.1722, 55.4828], [12.1723, 55.4827], [12.1724, 55.4826], [12.1725, 55.4825], [12.1726, 55.4823], [12.1726, 55.4822], [12.1727, 55.4822], [12.1728, 55.4821], [12.1729, 55.482], [12.1729, 55.4819], [12.1731, 55.4818], [12.1732, 55.4817], [12.1733, 55.4816], [12.1734, 55.4814]], [[12.1734, 55.4814], [12.1737, 55.4812], [12.1738, 55.481]], [[12.1738, 55.481], [12.1741, 55.4808], [12.1744, 55.4806], [12.1747, 55.4804], [12.1749, 55.4802], [12.1752, 55.48], [12.1756, 55.4798], [12.1759, 55.4796], [12.1762, 55.4794], [12.1765, 55.4792], [12.1768, 55.4791], [12.177, 55.479], [12.1773, 55.4788], [12.1776, 55.4787], [12.178, 55.4785], [12.1784, 55.4783], [12.1787, 55.4782], [12.1791, 55.478], [12.1793, 55.4778], [12.1796, 55.4777], [12.1799, 55.4775], [12.1801, 55.4774], [12.1803, 55.4772], [12.1805, 55.4771], [12.1808, 55.4769], [12.181, 55.4767], [12.1811, 55.4766], [12.1813, 55.4764], [12.1815, 55.4762], [12.1817, 55.476], [12.1818, 55.4758], [12.1819, 55.4757], [12.1821, 55.4755], [12.1822, 55.4753], [12.1823, 55.4751], [12.1824, 55.4748], [12.1826, 55.4745]], [[12.1826, 55.4745], [12.1828, 55.4738]], [[12.1828, 55.4738], [12.1836, 55.4715], [12.1846, 55.469], [12.1859, 55.4652], [12.186, 55.465], [12.1861, 55.4647], [12.1864, 55.4641], [12.1866, 55.4634], [12.1867, 55.4631], [12.1868, 55.4629], [12.1869, 55.4628], [12.1869, 55.4626], [12.1869, 55.4625], [12.1869, 55.4623], [12.1869, 55.4622], [12.1869, 55.4618], [12.187, 55.4617], [12.187, 55.4613], [12.187, 55.4612], [12.187, 55.4611], [12.187, 55.461], [12.187, 55.4609], [12.1869, 55.4603], [12.1869, 55.4602], [12.1869, 55.46], [12.1869, 55.4599]], [[12.1869, 55.4599], [12.1864, 55.458], [12.1864, 55.4578]], [[12.1865, 55.4578], [12.1865, 55.4579], [12.187, 55.4598]], [[12.1755, 55.4996], [12.1756, 55.4995], [12.1754, 55.4994], [12.1753, 55.4992], [12.1751, 55.4991], [12.1748, 55.4988], [12.1745, 55.4983], [12.1743, 55.4981], [12.1742, 55.4981], [12.1744, 55.4984], [12.1746, 55.4986], [12.1748, 55.4988], [12.175, 55.499], [12.1752, 55.4992], [12.1754, 55.4994], [12.1755, 55.4996]], [[12.2095, 55.5221], [12.2085, 55.5207], [12.2086, 55.5207], [12.2087, 55.5208], [12.2095, 55.5221]], [[12.3355, 55.5988], [12.3338, 55.5976]], [[12.3572, 55.6127], [12.3573, 55.6127], [12.3574, 55.6128], [12.3581, 55.6134], [12.3586, 55.6139], [12.3587, 55.614], [12.3586, 55.614], [12.3572, 55.6127]], [[12.5175, 55.6522], [12.5173, 55.6522], [12.5172, 55.6522], [12.5171, 55.6522], [12.517, 55.6522], [12.5167, 55.6522], [12.5165, 55.6522], [12.5164, 55.6522], [12.5162, 55.6523], [12.516, 55.6523], [12.5158, 55.6522], [12.5156, 55.6522], [12.5155, 55.6522], [12.5154, 55.6522], [12.5153, 55.6522], [12.515, 55.6522], [12.5149, 55.6522], [12.5147, 55.6521], [12.5146, 55.6522], [12.5148, 55.6522], [12.515, 55.6522], [12.5151, 55.6522], [12.5153, 55.6523], [12.5154, 55.6523], [12.5156, 55.6523], [12.5158, 55.6523], [12.516, 55.6523], [12.5162, 55.6523], [12.5164, 55.6523], [12.5165, 55.6523], [12.5168, 55.6523], [12.5169, 55.6523], [12.517, 55.6523], [12.5172, 55.6522], [12.5175, 55.6522]], [[12.5594, 55.6649], [12.5597, 55.665], [12.5598, 55.6651], [12.5602, 55.6653], [12.5612, 55.6658], [12.5616, 55.666], [12.5613, 55.6658], [12.5603, 55.6652], [12.5599, 55.6651], [12.5597, 55.665], [12.5595, 55.6649], [12.5597, 55.665], [12.5595, 55.6649], [12.5594, 55.6649]], [[12.5899, 55.6942], [12.5892, 55.6938], [12.5874, 55.6927]], [[12.5904, 55.7065], [12.5907, 55.706], [12.5909, 55.7053], [12.5911, 55.705], [12.5911, 55.7048], [12.5912, 55.7046]], [[12.581, 55.7148], [12.5798, 55.7152], [12.5787, 55.7156], [12.5788, 55.7157], [12.5799, 55.7153], [12.581, 55.7148]], [[12.5673, 55.7296], [12.5668, 55.7312], [12.5669, 55.7312], [12.567, 55.7312], [12.5674, 55.7296], [12.5673, 55.7296]], [[12.5599, 55.7419], [12.5594, 55.7421], [12.5591, 55.7422], [12.5589, 55.7423], [12.5587, 55.7424], [12.5585, 55.7425], [12.5583, 55.7426], [12.5581, 55.7427], [12.5579, 55.7429], [12.5577, 55.743], [12.5576, 55.7431]], [[12.5425, 55.7532], [12.542, 55.7534], [12.5415, 55.7536], [12.5402, 55.7542], [12.5406, 55.7541], [12.5415, 55.7537], [12.542, 55.7535], [12.5421, 55.7535], [12.5423, 55.7534], [12.5426, 55.7533], [12.5425, 55.7532]], [[12.522, 55.7615], [12.5218, 55.7616], [12.5215, 55.7617], [12.5213, 55.7618], [12.521, 55.7619], [12.5208, 55.7619], [12.5205, 55.762], [12.5202, 55.7621], [12.5197, 55.7623], [12.5193, 55.7624]], [[12.5018, 55.7688], [12.5023, 55.7686], [12.503, 55.7683], [12.5031, 55.7683], [12.5032, 55.7683], [12.5042, 55.7679], [12.5042, 55.7678], [12.5018, 55.7687], [12.5018, 55.7688]], [[12.4732, 55.7959], [12.4724, 55.7974], [12.4725, 55.7974], [12.4729, 55.7966], [12.4732, 55.796], [12.4733, 55.7959], [12.4732, 55.7959]], [[12.4683, 55.8069], [12.4683, 55.8068], [12.4682, 55.8067], [12.4682, 55.8065], [12.4682, 55.8064], [12.4681, 55.8063], [12.4681, 55.8061], [12.4681, 55.806], [12.468, 55.8059], [12.468, 55.806], [12.468, 55.8061], [12.468, 55.8063], [12.4681, 55.8064], [12.4681, 55.8065], [12.4681, 55.8067], [12.4682, 55.8068], [12.4682, 55.8069], [12.4683, 55.8073], [12.4685, 55.8078], [12.4686, 55.8078], [12.4684, 55.8072], [12.4683, 55.8069]], [[12.1865, 55.4578], [12.1865, 55.458], [12.187, 55.4599]], [[12.187, 55.4599], [12.187, 55.46], [12.187, 55.4602], [12.187, 55.4603], [12.1871, 55.4613], [12.1871, 55.4615], [12.1871, 55.4617], [12.1871, 55.4618], [12.1871, 55.462], [12.1871, 55.4622], [12.187, 55.4624], [12.187, 55.4625], [12.187, 55.4626], [12.1869, 55.4628], [12.1869, 55.4629], [12.1868, 55.4631], [12.1864, 55.4642], [12.1862, 55.4647], [12.1861, 55.465], [12.186, 55.4653], [12.185, 55.468], [12.1849, 55.4682], [12.1837, 55.4715], [12.1829, 55.4738]], [[12.1829, 55.4738], [12.1827, 55.4745]], [[12.1827, 55.4745], [12.1825, 55.4749], [12.1824, 55.4751], [12.1822, 55.4753], [12.1821, 55.4755], [12.182, 55.4757], [12.1819, 55.4759], [12.1818, 55.476], [12.1816, 55.4762], [12.1814, 55.4764], [12.1812, 55.4766], [12.1811, 55.4768], [12.1808, 55.4769], [12.1806, 55.4771], [12.1804, 55.4773], [12.1802, 55.4774], [12.18, 55.4776], [12.1797, 55.4777], [12.1794, 55.4779], [12.1791, 55.4781], [12.1788, 55.4782], [12.1769, 55.4792], [12.1767, 55.4793], [12.1764, 55.4795], [12.1761, 55.4797], [12.1758, 55.4799], [12.1754, 55.4801], [12.1751, 55.4803], [12.1749, 55.4805], [12.1747, 55.4806], [12.1745, 55.4808], [12.1742, 55.481], [12.1739, 55.4812]], [[12.1739, 55.4812], [12.1738, 55.4814], [12.1735, 55.4816]], [[12.1735, 55.4816], [12.1734, 55.4817], [12.1733, 55.4818], [12.1731, 55.4819], [12.173, 55.4821], [12.1729, 55.4822], [12.1728, 55.4823], [12.1728, 55.4824], [12.1727, 55.4825], [12.1726, 55.4825], [12.1725, 55.4826], [12.1725, 55.4827], [12.1724, 55.4828], [12.1723, 55.4829], [12.1723, 55.483]], [[12.1723, 55.483], [12.1721, 55.4832], [12.172, 55.4835]], [[12.172, 55.4835], [12.1719, 55.4837], [12.1718, 55.4838], [12.1718, 55.484], [12.1717, 55.4842], [12.1716, 55.4844], [12.1708, 55.4873], [12.1707, 55.4878], [12.1706, 55.488], [12.1706, 55.4883], [12.1706, 55.4885], [12.1705, 55.4888], [12.1705, 55.489], [12.1705, 55.4892], [12.1705, 55.4894], [12.1706, 55.4896], [12.1706, 55.4898], [12.1706, 55.49], [12.1707, 55.4902], [12.1707, 55.4905], [12.1708, 55.4907], [12.1709, 55.4909], [12.171, 55.4912], [12.1711, 55.4914], [12.1733, 55.4966], [12.1734, 55.4968], [12.1735, 55.4971], [12.1737, 55.4973], [12.1738, 55.4975], [12.1739, 55.4977], [12.1741, 55.4979], [12.1742, 55.4981], [12.1744, 55.4984], [12.1745, 55.4986], [12.1747, 55.4988], [12.1749, 55.499], [12.1752, 55.4993], [12.1753, 55.4994], [12.1755, 55.4996], [12.1758, 55.4998], [12.1761, 55.5001], [12.1763, 55.5002], [12.1766, 55.5004], [12.1769, 55.5006], [12.1772, 55.5008], [12.1775, 55.501], [12.1778, 55.5012], [12.1803, 55.5027], [12.1806, 55.5029], [12.1809, 55.503], [12.1813, 55.5033], [12.1818, 55.5035]], [[12.1818, 55.5035], [12.1823, 55.5038]], [[12.1823, 55.5038], [12.1853, 55.5054], [12.1868, 55.5062], [12.1933, 55.5097], [12.1936, 55.5098], [12.1939, 55.51], [12.1943, 55.5102], [12.1946, 55.5104], [12.1949, 55.5105], [12.1952, 55.5107], [12.1955, 55.5109], [12.1958, 55.5111], [12.197, 55.5118], [12.199, 55.5129]], [[12.199, 55.5129], [12.1994, 55.5132]], [[12.1994, 55.5132], [12.2001, 55.5136]], [[12.2001, 55.5136], [12.2005, 55.5138]], [[12.2005, 55.5138], [12.2025, 55.515], [12.2029, 55.5152], [12.2031, 55.5154], [12.2034, 55.5156], [12.2037, 55.5158], [12.204, 55.516], [12.2043, 55.5162], [12.2046, 55.5163], [12.2048, 55.5166], [12.2051, 55.5168], [12.2053, 55.517], [12.2056, 55.5172], [12.2058, 55.5173], [12.206, 55.5176], [12.2062, 55.5178], [12.2064, 55.518], [12.2066, 55.5182], [12.2068, 55.5184], [12.207, 55.5186], [12.2072, 55.5188], [12.2074, 55.5191], [12.2075, 55.5192], [12.2076, 55.5194], [12.2077, 55.5195]], [[12.2077, 55.5195], [12.208, 55.5199]], [[12.208, 55.5199], [12.209, 55.5214], [12.2096, 55.5223]], [[12.2096, 55.5223], [12.2098, 55.5227]], [[12.2098, 55.5227], [12.2105, 55.5236], [12.2107, 55.5241], [12.211, 55.5245], [12.2113, 55.525], [12.2116, 55.5254], [12.2117, 55.5256], [12.2119, 55.5259], [12.212, 55.5261]], [[12.212, 55.5261], [12.2122, 55.5263]], [[12.2122, 55.5263], [12.2124, 55.5266], [12.2126, 55.5268], [12.2129, 55.527], [12.2131, 55.5272], [12.2147, 55.5289], [12.2149, 55.5291], [12.2151, 55.5293], [12.2153, 55.5295], [12.2155, 55.5298], [12.2158, 55.5301], [12.2159, 55.5303], [12.2161, 55.5305], [12.2165, 55.5311], [12.2175, 55.5323]], [[12.2175, 55.5323], [12.2175, 55.5324]], [[12.2175, 55.5324], [12.2177, 55.5327]], [[12.2177, 55.5327], [12.2182, 55.5333], [12.2189, 55.5342]], [[12.2189, 55.5342], [12.2193, 55.5347]], [[12.2193, 55.5347], [12.2194, 55.5349], [12.2199, 55.5356], [12.2203, 55.5361], [12.221, 55.537], [12.2214, 55.5375], [12.2218, 55.538], [12.2226, 55.5388], [12.2233, 55.5397], [12.2238, 55.5401], [12.2242, 55.5405], [12.2247, 55.5409], [12.2251, 55.5412], [12.2254, 55.5414], [12.2256, 55.5416], [12.2259, 55.5418], [12.2262, 55.542], [12.2265, 55.5421], [12.2267, 55.5423], [12.227, 55.5425], [12.2273, 55.5426], [12.2285, 55.5433]], [[12.2285, 55.5433], [12.2291, 55.5437]], [[12.2291, 55.5437], [12.2333, 55.5461], [12.2337, 55.5463], [12.234, 55.5465], [12.2342, 55.5466], [12.2344, 55.5468], [12.2346, 55.5469], [12.2348, 55.547]], [[12.2348, 55.547], [12.235, 55.5472], [12.2352, 55.5473]], [[12.2352, 55.5473], [12.2354, 55.5474], [12.2357, 55.5476], [12.2359, 55.5478], [12.2391, 55.5502], [12.2394, 55.5504], [12.2396, 55.5506], [12.2399, 55.5508], [12.2402, 55.551]], [[12.2405, 55.5513], [12.2408, 55.5515], [12.241, 55.5517], [12.2481, 55.558], [12.2484, 55.5582], [12.2486, 55.5584], [12.2489, 55.5586], [12.2491, 55.5588], [12.2493, 55.5589], [12.2495, 55.5591]], [[12.2495, 55.5591], [12.2499, 55.5593]], [[12.2499, 55.5593], [12.2501, 55.5595], [12.2504, 55.5597], [12.2507, 55.5599], [12.251, 55.56], [12.2512, 55.5602], [12.2515, 55.5603], [12.2517, 55.5604], [12.252, 55.5606], [12.2523, 55.5607], [12.2526, 55.5609], [12.253, 55.561], [12.2533, 55.5612], [12.2537, 55.5613], [12.254, 55.5615], [12.2544, 55.5616], [12.2548, 55.5617], [12.2552, 55.5619], [12.2557, 55.562], [12.2561, 55.5622], [12.2605, 55.5636], [12.2613, 55.5639], [12.2622, 55.5641], [12.2626, 55.5643], [12.2631, 55.5644], [12.2636, 55.5645], [12.2641, 55.5647], [12.2646, 55.5648], [12.2651, 55.5649], [12.2677, 55.5656], [12.2686, 55.5659]], [[12.2686, 55.5659], [12.269, 55.566]], [[12.269, 55.566], [12.2698, 55.5662], [12.2706, 55.5664], [12.2715, 55.5667]], [[12.2715, 55.5667], [12.2723, 55.5669]], [[12.2723, 55.5669], [12.2726, 55.567], [12.2736, 55.5673], [12.274, 55.5674], [12.2744, 55.5675], [12.2749, 55.5677], [12.2757, 55.5679], [12.2765, 55.5682], [12.2769, 55.5684], [12.2772, 55.5685], [12.278, 55.5688], [12.2785, 55.5691], [12.2791, 55.5694], [12.2797, 55.5697], [12.2804, 55.5701], [12.281, 55.5706], [12.2816, 55.571], [12.2819, 55.5713], [12.2822, 55.5715], [12.2825, 55.5718], [12.2828, 55.572], [12.283, 55.5723], [12.2833, 55.5726], [12.2837, 55.5731], [12.2842, 55.5736]], [[12.2842, 55.5736], [12.2843, 55.5738]], [[12.2843, 55.5738], [12.2847, 55.5742], [12.2852, 55.5749], [12.2855, 55.5752], [12.2858, 55.5755], [12.2863, 55.5759], [12.2867, 55.5763], [12.2871, 55.5767], [12.2875, 55.577], [12.2879, 55.5773], [12.2884, 55.5776], [12.2889, 55.578], [12.2896, 55.5784], [12.2901, 55.5787], [12.2906, 55.579], [12.2911, 55.5792], [12.2915, 55.5794], [12.2922, 55.5797], [12.2927, 55.5799], [12.2931, 55.5801], [12.2935, 55.5803], [12.2956, 55.5811]], [[12.2956, 55.5811], [12.2959, 55.5813]], [[12.2959, 55.5813], [12.2962, 55.5814], [12.2964, 55.5815], [12.2967, 55.5816], [12.2982, 55.5823]], [[12.2982, 55.5823], [12.2988, 55.5826]], [[12.2988, 55.5826], [12.2992, 55.5828], [12.2995, 55.5829], [12.2998, 55.5831], [12.3002, 55.5833], [12.3004, 55.5834], [12.3006, 55.5835], [12.3008, 55.5836], [12.3011, 55.5838], [12.3013, 55.5839], [12.3015, 55.5841], [12.3017, 55.5842], [12.3019, 55.5843], [12.3022, 55.5845], [12.3024, 55.5847], [12.3028, 55.585], [12.3041, 55.5859], [12.3043, 55.5861], [12.3045, 55.5862], [12.3047, 55.5864], [12.305, 55.5865], [12.3052, 55.5867], [12.3054, 55.5868], [12.3056, 55.5869]], [[12.3056, 55.5869], [12.3059, 55.5871]], [[12.3059, 55.5871], [12.3062, 55.5872], [12.3064, 55.5874], [12.3067, 55.5875], [12.3069, 55.5876], [12.3072, 55.5877], [12.3074, 55.5878], [12.3076, 55.5879], [12.3079, 55.588], [12.3082, 55.5881]], [[12.3082, 55.5881], [12.3086, 55.5882]], [[12.3086, 55.5882], [12.3088, 55.5883], [12.309, 55.5883], [12.3092, 55.5884], [12.3094, 55.5884], [12.3096, 55.5885], [12.3099, 55.5885], [12.3101, 55.5886], [12.3104, 55.5886], [12.3107, 55.5887], [12.311, 55.5887], [12.3113, 55.5888], [12.3116, 55.5888], [12.3119, 55.5889], [12.3122, 55.5889], [12.3133, 55.589], [12.3139, 55.5891], [12.3145, 55.5892], [12.3189, 55.5897], [12.3193, 55.5897], [12.3198, 55.5898], [12.3203, 55.5899], [12.3206, 55.5899], [12.3209, 55.59], [12.3211, 55.59], [12.3214, 55.5901], [12.3217, 55.5901], [12.322, 55.5902], [12.3222, 55.5903], [12.3225, 55.5903], [12.3228, 55.5904], [12.3231, 55.5905], [12.3233, 55.5906], [12.3236, 55.5907], [12.3238, 55.5908], [12.3241, 55.5909], [12.3243, 55.591], [12.3245, 55.591], [12.3248, 55.5912], [12.325, 55.5913], [12.3252, 55.5914], [12.3254, 55.5915], [12.3257, 55.5916], [12.3259, 55.5917], [12.3261, 55.5919], [12.3262, 55.592], [12.3264, 55.5921], [12.3266, 55.5922], [12.3267, 55.5923], [12.3281, 55.5934], [12.3285, 55.5936], [12.3288, 55.5939], [12.3297, 55.5945], [12.3303, 55.5949], [12.3327, 55.5967], [12.3337, 55.5974], [12.3343, 55.5979], [12.3359, 55.5991], [12.3366, 55.5996], [12.3368, 55.5998], [12.3371, 55.6], [12.3373, 55.6002], [12.3376, 55.6003], [12.3379, 55.6005], [12.3382, 55.6007], [12.3387, 55.6009], [12.3393, 55.6013], [12.3396, 55.6014], [12.3399, 55.6016], [12.3409, 55.6021], [12.3412, 55.6022], [12.3415, 55.6023], [12.3417, 55.6025], [12.3419, 55.6026], [12.3422, 55.6027], [12.3424, 55.6028], [12.3426, 55.6028], [12.3448, 55.6036], [12.3456, 55.604], [12.3459, 55.6041], [12.3462, 55.6042], [12.3465, 55.6043], [12.3467, 55.6044], [12.347, 55.6045], [12.3473, 55.6046], [12.3475, 55.6047], [12.3477, 55.6049], [12.348, 55.605], [12.3483, 55.6051], [12.3485, 55.6052], [12.3487, 55.6054], [12.349, 55.6055], [12.3492, 55.6056], [12.3494, 55.6058], [12.3496, 55.6059], [12.3498, 55.606], [12.35, 55.6062], [12.3502, 55.6063], [12.3504, 55.6065], [12.3506, 55.6066], [12.3508, 55.6068], [12.3509, 55.6069], [12.3511, 55.6071], [12.3513, 55.6072], [12.3515, 55.6074], [12.3532, 55.609]], [[12.3532, 55.609], [12.3534, 55.6092]], [[12.3534, 55.6092], [12.3564, 55.612]], [[12.3564, 55.612], [12.3568, 55.6123]], [[12.3568, 55.6123], [12.3578, 55.6133]], [[12.3578, 55.6133], [12.3579, 55.6134], [12.358, 55.6134]], [[12.358, 55.6134], [12.3589, 55.6143]], [[12.3593, 55.6147], [12.3599, 55.6152], [12.3613, 55.6165], [12.3616, 55.6168], [12.3619, 55.617], [12.3621, 55.6173], [12.3623, 55.6174]], [[12.3623, 55.6174], [12.3626, 55.6176]], [[12.3626, 55.6176], [12.3627, 55.6178], [12.3631, 55.618], [12.3633, 55.6182], [12.3637, 55.6184], [12.364, 55.6186], [12.3643, 55.6188], [12.3646, 55.619], [12.3649, 55.6192], [12.3653, 55.6194], [12.3657, 55.6197], [12.366, 55.6198], [12.3665, 55.62], [12.3668, 55.6202], [12.3672, 55.6203], [12.3676, 55.6205], [12.368, 55.6207], [12.3684, 55.6208], [12.3688, 55.621], [12.3692, 55.6211], [12.3695, 55.6212], [12.3698, 55.6213], [12.3701, 55.6214], [12.3703, 55.6215]], [[12.3707, 55.6216], [12.371, 55.6217], [12.3713, 55.6218], [12.3717, 55.6219], [12.3719, 55.6219], [12.3723, 55.622], [12.3726, 55.6221], [12.3729, 55.6222], [12.3733, 55.6222], [12.3736, 55.6223], [12.3739, 55.6223], [12.3742, 55.6224], [12.3745, 55.6225], [12.3749, 55.6225], [12.3752, 55.6226], [12.3756, 55.6226], [12.376, 55.6227]], [[12.376, 55.6227], [12.3763, 55.6227], [12.3766, 55.6227]], [[12.3766, 55.6227], [12.3778, 55.6228], [12.3782, 55.6229], [12.3806, 55.6231], [12.3811, 55.6231], [12.3816, 55.6231], [12.382, 55.6231], [12.3829, 55.6232], [12.3833, 55.6232]], [[12.3833, 55.6232], [12.3848, 55.6233]], [[12.3848, 55.6233], [12.3854, 55.6233], [12.3862, 55.6233]], [[12.3862, 55.6233], [12.3867, 55.6233]], [[12.3867, 55.6233], [12.3868, 55.6233], [12.3875, 55.6233], [12.3881, 55.6233], [12.3891, 55.6234]], [[12.3891, 55.6234], [12.39, 55.6234]], [[12.39, 55.6234], [12.3907, 55.6235], [12.3911, 55.6235], [12.3918, 55.6235], [12.3923, 55.6235], [12.393, 55.6236], [12.3943, 55.6237]], [[12.3943, 55.6237], [12.3945, 55.6237], [12.3948, 55.6237], [12.3952, 55.6237], [12.3955, 55.6237]], [[12.3955, 55.6237], [12.3959, 55.6237], [12.3964, 55.6238], [12.3967, 55.6238], [12.3973, 55.6238], [12.398, 55.6238], [12.3985, 55.6237], [12.399, 55.6237], [12.3994, 55.6237], [12.3999, 55.6237], [12.4003, 55.6237], [12.4007, 55.6236], [12.4012, 55.6236], [12.4018, 55.6235], [12.4023, 55.6235], [12.4028, 55.6234], [12.4033, 55.6233], [12.4038, 55.6233], [12.4043, 55.6232], [12.4048, 55.6231], [12.4053, 55.623], [12.4058, 55.6229], [12.4063, 55.6228], [12.4118, 55.6218], [12.4123, 55.6217], [12.4127, 55.6216], [12.4131, 55.6215], [12.4134, 55.6215], [12.4137, 55.6214]], [[12.4137, 55.6214], [12.4141, 55.6214], [12.4144, 55.6213]], [[12.4144, 55.6213], [12.4147, 55.6213], [12.415, 55.6213], [12.4154, 55.6213], [12.4157, 55.6212], [12.4161, 55.6212], [12.4168, 55.6211], [12.4172, 55.6211], [12.4176, 55.6211], [12.4179, 55.6211], [12.4219, 55.6209], [12.4225, 55.6209], [12.4228, 55.6209], [12.4231, 55.6209], [12.4234, 55.6208]], [[12.4234, 55.6208], [12.4243, 55.6208]], [[12.4243, 55.6208], [12.4263, 55.6206], [12.4268, 55.6206], [12.4273, 55.6205], [12.4277, 55.6205], [12.428, 55.6205], [12.4283, 55.6205], [12.4287, 55.6204], [12.429, 55.6204], [12.4294, 55.6204], [12.4297, 55.6204], [12.43, 55.6204], [12.4303, 55.6204], [12.4306, 55.6204]], [[12.4308, 55.6204], [12.4313, 55.6204], [12.4315, 55.6204], [12.4318, 55.6204], [12.4321, 55.6204], [12.4325, 55.6204], [12.4328, 55.6205], [12.4332, 55.6205], [12.4337, 55.6205], [12.434, 55.6205], [12.4346, 55.6206], [12.4348, 55.6206], [12.4352, 55.6207], [12.4356, 55.6207], [12.4357, 55.6207], [12.4359, 55.6207], [12.4361, 55.6208], [12.4364, 55.6208], [12.4367, 55.6209], [12.4371, 55.6209], [12.4374, 55.621], [12.4377, 55.621], [12.4381, 55.6211], [12.4384, 55.6212], [12.4386, 55.6212], [12.4389, 55.6213], [12.4392, 55.6214], [12.4395, 55.6214], [12.4398, 55.6215], [12.4401, 55.6216], [12.4406, 55.6217], [12.4411, 55.6219]], [[12.4419, 55.6221], [12.4446, 55.6228]], [[12.4446, 55.6228], [12.4449, 55.6229]], [[12.4449, 55.6229], [12.4474, 55.6236], [12.4502, 55.6243], [12.4514, 55.6247], [12.4519, 55.6248], [12.4521, 55.6249], [12.4523, 55.6249], [12.4525, 55.625], [12.4528, 55.625], [12.453, 55.6251], [12.4532, 55.6251], [12.4535, 55.6252], [12.4537, 55.6252], [12.454, 55.6253], [12.4544, 55.6254], [12.4556, 55.6256], [12.4569, 55.6258]], [[12.4569, 55.6258], [12.4577, 55.626]], [[12.4577, 55.626], [12.4582, 55.6261], [12.4588, 55.6261], [12.4592, 55.6262], [12.4597, 55.6263], [12.4602, 55.6263], [12.4606, 55.6264], [12.461, 55.6265], [12.4613, 55.6265], [12.4617, 55.6265]], [[12.4617, 55.6265], [12.462, 55.6266]], [[12.462, 55.6266], [12.4626, 55.6266], [12.4629, 55.6267], [12.4632, 55.6267], [12.4635, 55.6267], [12.464, 55.6268], [12.4644, 55.6268], [12.4648, 55.6268], [12.4654, 55.6268], [12.4659, 55.6269], [12.4701, 55.627], [12.4705, 55.627], [12.4709, 55.627], [12.4712, 55.627], [12.4715, 55.627]], [[12.4715, 55.627], [12.472, 55.6271], [12.4725, 55.6271]], [[12.4725, 55.6271], [12.473, 55.6272], [12.4735, 55.6272], [12.474, 55.6273], [12.4745, 55.6273], [12.475, 55.6274], [12.4755, 55.6275], [12.476, 55.6276], [12.4765, 55.6277], [12.477, 55.6278], [12.4775, 55.6279], [12.478, 55.628], [12.4785, 55.6281], [12.4814, 55.6288]], [[12.4814, 55.6288], [12.482, 55.6289]], [[12.482, 55.6289], [12.4837, 55.6294], [12.4864, 55.6301]], [[12.4864, 55.6301], [12.4869, 55.6302], [12.4874, 55.6303], [12.4877, 55.6304], [12.4879, 55.6305]], [[12.4879, 55.6305], [12.4882, 55.6306], [12.4886, 55.6307], [12.4889, 55.6308], [12.4893, 55.6309]], [[12.4893, 55.6309], [12.4895, 55.631]], [[12.4895, 55.631], [12.4898, 55.6311], [12.49, 55.6312], [12.4903, 55.6313], [12.4906, 55.6315], [12.4909, 55.6317], [12.4912, 55.6319], [12.4915, 55.632], [12.4918, 55.6322], [12.492, 55.6324], [12.4923, 55.6326], [12.4925, 55.6328], [12.4927, 55.633], [12.4929, 55.6332], [12.4931, 55.6334], [12.4933, 55.6337], [12.4935, 55.6339], [12.4937, 55.6341], [12.494, 55.6345], [12.4942, 55.6347]], [[12.4942, 55.6347], [12.4943, 55.6349]], [[12.4943, 55.6349], [12.4945, 55.6351], [12.4947, 55.6353], [12.4949, 55.6355], [12.4951, 55.6357], [12.4954, 55.6359], [12.4958, 55.6363], [12.497, 55.6373]], [[12.497, 55.6373], [12.4971, 55.6374]], [[12.4971, 55.6374], [12.4974, 55.6376], [12.4982, 55.6383], [12.5, 55.6397], [12.5003, 55.64]], [[12.5003, 55.64], [12.5006, 55.6403]], [[12.5006, 55.6403], [12.5008, 55.6404], [12.5014, 55.6409]], [[12.5014, 55.6409], [12.5017, 55.6412]], [[12.5017, 55.6412], [12.5023, 55.6416], [12.5025, 55.6418], [12.5027, 55.642], [12.5029, 55.6421], [12.503, 55.6423], [12.5032, 55.6424]], [[12.5032, 55.6424], [12.5034, 55.6426]], [[12.5034, 55.6426], [12.5035, 55.6428], [12.5041, 55.6435], [12.5043, 55.6437], [12.5045, 55.6439], [12.5047, 55.6441], [12.5049, 55.6443], [12.5086, 55.6479], [12.5089, 55.6482], [12.5112, 55.6503]], [[12.5112, 55.6503], [12.5116, 55.6507]], [[12.5116, 55.6507], [12.5118, 55.6509], [12.512, 55.651], [12.5122, 55.6512], [12.5123, 55.6513], [12.5125, 55.6514], [12.5127, 55.6515], [12.5129, 55.6516], [12.513, 55.6517], [12.5132, 55.6518], [12.5133, 55.6518], [12.5135, 55.6519], [12.5136, 55.6519], [12.5138, 55.652], [12.514, 55.652], [12.5141, 55.6521], [12.5143, 55.6521], [12.5144, 55.6522], [12.5146, 55.6522], [12.5148, 55.6522], [12.515, 55.6522], [12.5153, 55.6523], [12.5154, 55.6523]], [[12.5154, 55.6523], [12.5156, 55.6523], [12.5158, 55.6523], [12.516, 55.6523], [12.5162, 55.6523], [12.5164, 55.6523], [12.5166, 55.6523], [12.5168, 55.6523]], [[12.5168, 55.6523], [12.517, 55.6523], [12.5172, 55.6523], [12.5175, 55.6522], [12.5176, 55.6522], [12.5178, 55.6522], [12.5179, 55.6521], [12.5181, 55.6521], [12.5182, 55.6521], [12.5184, 55.652], [12.5186, 55.652], [12.5188, 55.6519], [12.5194, 55.6518], [12.5196, 55.6517], [12.5198, 55.6516], [12.5201, 55.6516], [12.5204, 55.6515], [12.5206, 55.6515], [12.5208, 55.6514], [12.521, 55.6514], [12.5213, 55.6514], [12.5215, 55.6513], [12.5218, 55.6513], [12.522, 55.6513], [12.5223, 55.6513], [12.5225, 55.6512], [12.5228, 55.6512], [12.523, 55.6512], [12.5233, 55.6512], [12.5235, 55.6512], [12.5238, 55.6512], [12.524, 55.6513], [12.5243, 55.6513], [12.5244, 55.6513], [12.5267, 55.6515], [12.5272, 55.6515]], [[12.5272, 55.6515], [12.5274, 55.6515], [12.5276, 55.6516], [12.5278, 55.6516], [12.528, 55.6516]], [[12.528, 55.6516], [12.5283, 55.6517], [12.5286, 55.6517], [12.5288, 55.6518], [12.5291, 55.6519], [12.5295, 55.6519], [12.5298, 55.652], [12.535, 55.6535], [12.5354, 55.6537], [12.5357, 55.6538], [12.5359, 55.6538], [12.5361, 55.6539], [12.5363, 55.654], [12.5365, 55.6541], [12.5367, 55.6541], [12.5369, 55.6543], [12.5371, 55.6544], [12.5373, 55.6546], [12.5377, 55.6548]], [[12.5377, 55.6548], [12.5379, 55.655], [12.538, 55.6551], [12.5381, 55.6552], [12.5382, 55.6553], [12.5384, 55.6555]], [[12.5384, 55.6555], [12.5385, 55.6556], [12.5386, 55.6557], [12.5387, 55.6558], [12.5388, 55.6559], [12.5388, 55.656], [12.5389, 55.6561], [12.5389, 55.6563], [12.539, 55.6563], [12.539, 55.6564], [12.539, 55.6566], [12.5391, 55.6567], [12.5391, 55.6569], [12.5392, 55.6571], [12.5392, 55.6572], [12.5393, 55.6573], [12.5393, 55.6575], [12.5394, 55.6577], [12.5395, 55.6578], [12.5395, 55.6579], [12.5398, 55.6584], [12.5406, 55.6599], [12.5409, 55.6603], [12.541, 55.6605]], [[12.541, 55.6605], [12.5411, 55.6606], [12.5412, 55.6607], [12.5413, 55.6609], [12.5414, 55.661], [12.5415, 55.6611], [12.5417, 55.6613], [12.5419, 55.6615], [12.5421, 55.6616], [12.5424, 55.6618], [12.5426, 55.6619], [12.5429, 55.6621], [12.5431, 55.6622], [12.5432, 55.6622], [12.5434, 55.6623], [12.5435, 55.6624]], [[12.5435, 55.6624], [12.5437, 55.6624], [12.5438, 55.6625], [12.5439, 55.6625], [12.5441, 55.6626], [12.5443, 55.6627], [12.5445, 55.6627], [12.5448, 55.6628]], [[12.5448, 55.6628], [12.545, 55.6628], [12.5452, 55.6629], [12.5453, 55.6629], [12.5455, 55.6629], [12.5456, 55.6629], [12.5458, 55.663], [12.5465, 55.6631], [12.5483, 55.6634], [12.5486, 55.6635], [12.5488, 55.6635], [12.5491, 55.6635], [12.5494, 55.6636], [12.5497, 55.6636], [12.55, 55.6637], [12.5502, 55.6637], [12.5505, 55.6637], [12.5508, 55.6637], [12.551, 55.6638], [12.5517, 55.6638], [12.5524, 55.6639], [12.5528, 55.6639], [12.5537, 55.664], [12.5541, 55.664], [12.5545, 55.664], [12.5548, 55.6641], [12.5565, 55.6642], [12.5567, 55.6643], [12.557, 55.6643], [12.5573, 55.6643], [12.5575, 55.6644], [12.5578, 55.6644], [12.558, 55.6645], [12.5582, 55.6645], [12.5585, 55.6646], [12.5586, 55.6647], [12.5588, 55.6647], [12.559, 55.6648], [12.5592, 55.6649], [12.5594, 55.6649]], [[12.5594, 55.6649], [12.5597, 55.6651], [12.5598, 55.6651], [12.5602, 55.6653], [12.5612, 55.6659], [12.5616, 55.666], [12.5616, 55.6661], [12.5619, 55.6662], [12.563, 55.6667], [12.5637, 55.667], [12.5639, 55.6671], [12.5641, 55.6672], [12.5643, 55.6673], [12.5645, 55.6674], [12.5647, 55.6675], [12.5648, 55.6677], [12.5649, 55.6678], [12.5651, 55.6679], [12.5652, 55.668], [12.5653, 55.6681], [12.5655, 55.6683], [12.5656, 55.6685], [12.5657, 55.6686], [12.5657, 55.6687], [12.5658, 55.6689], [12.5659, 55.6691], [12.5659, 55.6692], [12.566, 55.6693], [12.566, 55.6694], [12.566, 55.6695], [12.566, 55.6697], [12.566, 55.6698], [12.566, 55.6699], [12.566, 55.67], [12.566, 55.6701], [12.566, 55.6703], [12.566, 55.6704], [12.5659, 55.6706]], [[12.5659, 55.6706], [12.5659, 55.6707], [12.5658, 55.6709], [12.5657, 55.671], [12.5656, 55.6712], [12.5654, 55.6714]], [[12.5654, 55.6714], [12.5654, 55.6715], [12.5653, 55.6716], [12.5652, 55.6717], [12.5647, 55.6722], [12.5645, 55.6723]], [[12.5645, 55.6723], [12.5639, 55.6729], [12.5638, 55.673], [12.5636, 55.6732], [12.5635, 55.6734], [12.5634, 55.6735]], [[12.5634, 55.6735], [12.5633, 55.6738]], [[12.5633, 55.6738], [12.5632, 55.6739]], [[12.5632, 55.6739], [12.5631, 55.6741], [12.5628, 55.6748], [12.5627, 55.6751]], [[12.5627, 55.6751], [12.5626, 55.6752], [12.5626, 55.6754], [12.5625, 55.6756], [12.5625, 55.6757]], [[12.5625, 55.6757], [12.5625, 55.6758], [12.5625, 55.676], [12.5625, 55.6761], [12.5625, 55.6763], [12.5625, 55.6764], [12.5626, 55.6766], [12.5626, 55.6767], [12.5627, 55.6769], [12.5628, 55.6771], [12.5631, 55.6775], [12.5632, 55.6776], [12.5633, 55.6778], [12.5635, 55.6779], [12.5636, 55.678], [12.5638, 55.6781], [12.5639, 55.6782], [12.5641, 55.6784], [12.5643, 55.6785]], [[12.5643, 55.6785], [12.5644, 55.6786], [12.5646, 55.6787], [12.5661, 55.6794]], [[12.5661, 55.6794], [12.5663, 55.6795], [12.5667, 55.6797], [12.5669, 55.6798], [12.5671, 55.68], [12.5673, 55.6801]], [[12.5673, 55.6801], [12.5678, 55.6804], [12.5693, 55.6816]], [[12.5693, 55.6816], [12.5698, 55.6821], [12.5703, 55.6824], [12.5707, 55.6827], [12.5718, 55.6834], [12.5725, 55.6838], [12.5731, 55.6842], [12.5735, 55.6845], [12.5758, 55.6861], [12.5763, 55.6864], [12.5766, 55.6866], [12.5768, 55.6867], [12.5773, 55.687], [12.5799, 55.6885], [12.5803, 55.6887]], [[12.5803, 55.6887], [12.5827, 55.6899]], [[12.5827, 55.6899], [12.5831, 55.6901], [12.5832, 55.6901], [12.5834, 55.6902], [12.5838, 55.6904], [12.5844, 55.6908], [12.5864, 55.6921]], [[12.5864, 55.6921], [12.5874, 55.6927]], [[12.5874, 55.6927], [12.5885, 55.6933], [12.5887, 55.6934]], [[12.5887, 55.6934], [12.5896, 55.694], [12.59, 55.6942]], [[12.59, 55.6942], [12.5901, 55.6943], [12.5904, 55.6945], [12.5905, 55.6946], [12.5906, 55.6947], [12.5908, 55.6949], [12.5911, 55.6951], [12.5913, 55.6953], [12.5914, 55.6955], [12.5915, 55.6956], [12.5916, 55.6957], [12.5917, 55.6959], [12.5917, 55.696], [12.5918, 55.6962], [12.5919, 55.6964], [12.592, 55.6966], [12.592, 55.6968], [12.592, 55.697], [12.5921, 55.6973], [12.5921, 55.6975], [12.5921, 55.6977], [12.5921, 55.6979], [12.592, 55.6982], [12.5918, 55.7002]], [[12.5918, 55.7002], [12.5914, 55.7029]], [[12.5914, 55.7029], [12.5913, 55.7038], [12.5913, 55.704], [12.5912, 55.7043], [12.5912, 55.7045], [12.5912, 55.7047], [12.5911, 55.7048], [12.5911, 55.705], [12.5908, 55.7057], [12.5907, 55.706], [12.5905, 55.7065], [12.5903, 55.7067], [12.5902, 55.707]], [[12.5902, 55.707], [12.5901, 55.7073]], [[12.5901, 55.7073], [12.5894, 55.7089]], [[12.5894, 55.7089], [12.5892, 55.7092]], [[12.5892, 55.7092], [12.5891, 55.7094], [12.5888, 55.7099], [12.5884, 55.7104], [12.588, 55.7108], [12.5875, 55.7113], [12.5873, 55.7115], [12.5867, 55.712], [12.5863, 55.7123], [12.5857, 55.7127], [12.5851, 55.7131], [12.5846, 55.7133], [12.5841, 55.7135]], [[12.5841, 55.7135], [12.5835, 55.7138], [12.5832, 55.7139], [12.5828, 55.7141], [12.5823, 55.7143], [12.5819, 55.7144], [12.581, 55.7148]], [[12.581, 55.7148], [12.5788, 55.7155], [12.5782, 55.7158], [12.5778, 55.7159], [12.5768, 55.7163], [12.5761, 55.7165], [12.5759, 55.7166], [12.5754, 55.7168], [12.575, 55.717], [12.5747, 55.7172], [12.574, 55.7177], [12.5733, 55.7182], [12.573, 55.7185], [12.5725, 55.719], [12.5722, 55.7193], [12.5721, 55.7196], [12.5718, 55.7201], [12.5714, 55.7207], [12.5707, 55.7221], [12.5699, 55.7235], [12.5691, 55.725], [12.5687, 55.7261], [12.5685, 55.7264]], [[12.5685, 55.7264], [12.5682, 55.7273]], [[12.5682, 55.7273], [12.5681, 55.7276]], [[12.5681, 55.7276], [12.5678, 55.7283]], [[12.5678, 55.7283], [12.5677, 55.7288]], [[12.5677, 55.7288], [12.5675, 55.7294], [12.5673, 55.7302], [12.5672, 55.7306], [12.567, 55.7312], [12.567, 55.7313], [12.5669, 55.7314], [12.5669, 55.7315], [12.5669, 55.7317], [12.5669, 55.7318], [12.5668, 55.7319], [12.5668, 55.7321], [12.5667, 55.7323], [12.5667, 55.7325]], [[12.5667, 55.7325], [12.5666, 55.7327]], [[12.5666, 55.7327], [12.5665, 55.7332], [12.5664, 55.7335], [12.5663, 55.7339], [12.5662, 55.7341], [12.5662, 55.7342], [12.5662, 55.7344], [12.5661, 55.7345], [12.5661, 55.735], [12.5661, 55.7351], [12.566, 55.7352], [12.566, 55.7354], [12.566, 55.7355], [12.5659, 55.7357], [12.5659, 55.7359], [12.5658, 55.736], [12.5656, 55.7369]], [[12.5656, 55.7369], [12.5654, 55.7375], [12.5653, 55.7378], [12.5652, 55.7381], [12.5651, 55.7384], [12.565, 55.7386], [12.5649, 55.7387], [12.5649, 55.7389], [12.5648, 55.739], [12.5647, 55.7391], [12.5646, 55.7393], [12.5645, 55.7394], [12.5644, 55.7395], [12.5642, 55.7397], [12.5641, 55.7398], [12.564, 55.7399], [12.5638, 55.74], [12.5637, 55.7401], [12.5635, 55.7402], [12.5634, 55.7403], [12.5632, 55.7404], [12.5631, 55.7405], [12.5629, 55.7406], [12.5627, 55.7407], [12.5623, 55.7408], [12.562, 55.741], [12.5609, 55.7414]], [[12.5609, 55.7414], [12.5605, 55.7416]], [[12.5605, 55.7416], [12.5601, 55.7418], [12.5594, 55.7421], [12.5591, 55.7422], [12.5589, 55.7423], [12.5587, 55.7424], [12.5585, 55.7425], [12.5583, 55.7426], [12.5581, 55.7428], [12.5579, 55.7429], [12.5578, 55.743], [12.5576, 55.7431], [12.5574, 55.7432], [12.5573, 55.7434], [12.5571, 55.7435]], [[12.5571, 55.7435], [12.5569, 55.7437], [12.5568, 55.7438], [12.5565, 55.7441]], [[12.5565, 55.7441], [12.5551, 55.7455]], [[12.5551, 55.7455], [12.5548, 55.7458], [12.5545, 55.7461], [12.5542, 55.7463], [12.554, 55.7465], [12.5528, 55.7476]], [[12.5528, 55.7476], [12.5525, 55.7479]], [[12.5525, 55.7479], [12.5522, 55.7481], [12.5519, 55.7484], [12.5516, 55.7486], [12.5513, 55.7489], [12.551, 55.7491], [12.5507, 55.7494], [12.5503, 55.7496], [12.55, 55.7498], [12.5496, 55.75], [12.5492, 55.7502], [12.5488, 55.7505], [12.5485, 55.7506], [12.5482, 55.7508], [12.5479, 55.7509], [12.5477, 55.751], [12.5474, 55.7511], [12.5472, 55.7513], [12.5467, 55.7515], [12.5462, 55.7517], [12.5444, 55.7524], [12.5415, 55.7536], [12.5398, 55.7543], [12.5378, 55.7551], [12.5352, 55.7562]], [[12.5352, 55.7562], [12.535, 55.7563]], [[12.535, 55.7563], [12.5346, 55.7565], [12.5274, 55.7594], [12.527, 55.7596], [12.5265, 55.7598], [12.526, 55.7599], [12.5255, 55.7601], [12.5246, 55.7605], [12.5239, 55.7608]], [[12.5239, 55.7608], [12.5225, 55.7613]], [[12.5225, 55.7613], [12.522, 55.7615]], [[12.522, 55.7615], [12.5218, 55.7616], [12.5215, 55.7617], [12.5213, 55.7618], [12.521, 55.7619], [12.5208, 55.762], [12.5205, 55.762], [12.5203, 55.7621], [12.5197, 55.7623], [12.5191, 55.7625], [12.5181, 55.7628], [12.5177, 55.7629], [12.5172, 55.7631]], [[12.5172, 55.7631], [12.5167, 55.7632], [12.5164, 55.7634], [12.516, 55.7635], [12.5156, 55.7636], [12.5097, 55.7657], [12.509, 55.766], [12.5074, 55.7666], [12.5067, 55.7669], [12.5048, 55.7675], [12.5043, 55.7677], [12.5032, 55.7681], [12.5016, 55.7688], [12.5011, 55.7689]], [[12.5011, 55.7689], [12.5002, 55.7693]], [[12.5002, 55.7693], [12.4999, 55.7694]], [[12.4999, 55.7694], [12.4997, 55.7695], [12.4994, 55.7696], [12.4992, 55.7697], [12.4989, 55.7698], [12.4985, 55.77], [12.4979, 55.7702], [12.4973, 55.7706], [12.4971, 55.7707], [12.4969, 55.7708], [12.4967, 55.7709], [12.4965, 55.7711], [12.4962, 55.7712]], [[12.4962, 55.7712], [12.496, 55.7714], [12.4958, 55.7716], [12.4957, 55.7718], [12.4955, 55.7719], [12.4953, 55.7721], [12.4951, 55.7723], [12.4949, 55.7725]], [[12.4949, 55.7725], [12.4948, 55.7726]], [[12.4948, 55.7726], [12.4932, 55.7747]], [[12.4932, 55.7747], [12.4931, 55.7748]], [[12.4931, 55.7748], [12.4917, 55.7764], [12.4916, 55.7766], [12.4914, 55.7768], [12.4912, 55.777], [12.4911, 55.7771], [12.4909, 55.7773], [12.4908, 55.7774], [12.4906, 55.7776], [12.4904, 55.7777], [12.4902, 55.7779], [12.49, 55.778], [12.4899, 55.7782], [12.4897, 55.7783], [12.4894, 55.7785], [12.4892, 55.7786], [12.4889, 55.7788], [12.4887, 55.7789], [12.4884, 55.7791], [12.488, 55.7793], [12.4876, 55.7795], [12.4874, 55.7796], [12.4871, 55.7797], [12.4865, 55.78], [12.4859, 55.7802], [12.4837, 55.7813], [12.4833, 55.7814], [12.483, 55.7816], [12.4827, 55.7817], [12.4824, 55.7819], [12.4821, 55.782], [12.4818, 55.7822], [12.4814, 55.7824], [12.481, 55.7826], [12.4808, 55.7828], [12.4806, 55.7829], [12.4804, 55.7831], [12.4801, 55.7833], [12.4799, 55.7835], [12.4796, 55.7837], [12.4794, 55.7839], [12.4793, 55.784], [12.4791, 55.7842], [12.4789, 55.7845], [12.4786, 55.7847], [12.4785, 55.7849], [12.4784, 55.7851], [12.4782, 55.7853], [12.4781, 55.7855], [12.4779, 55.7858], [12.4777, 55.7861], [12.4776, 55.7864], [12.4765, 55.7888]], [[12.4765, 55.7888], [12.4764, 55.7891]], [[12.4764, 55.7891], [12.4734, 55.7954]], [[12.4734, 55.7954], [12.4732, 55.7957]], [[12.4732, 55.7957], [12.473, 55.7962], [12.4725, 55.7973], [12.4723, 55.7976], [12.4722, 55.7979], [12.472, 55.7982], [12.4718, 55.7985], [12.4716, 55.7989], [12.4714, 55.7992], [12.4712, 55.7995], [12.471, 55.7998], [12.4708, 55.8001], [12.4706, 55.8004], [12.4704, 55.8007], [12.4702, 55.801], [12.4692, 55.8022], [12.469, 55.8025], [12.4688, 55.8027], [12.4687, 55.8029], [12.4686, 55.8031], [12.4685, 55.8032], [12.4684, 55.8034], [12.4683, 55.8037], [12.4683, 55.8039], [12.4682, 55.804], [12.4681, 55.8042], [12.4681, 55.8044], [12.468, 55.8048]], [[12.468, 55.8048], [12.468, 55.8052], [12.468, 55.8053], [12.468, 55.8055]], [[12.468, 55.8055], [12.468, 55.8057], [12.4681, 55.8059], [12.4681, 55.806], [12.4681, 55.8061], [12.4682, 55.8063], [12.4682, 55.8064], [12.4682, 55.8065], [12.4683, 55.8067], [12.4683, 55.8068], [12.4684, 55.8069], [12.4686, 55.8077], [12.4687, 55.8078], [12.4688, 55.8081], [12.4689, 55.8085], [12.4691, 55.809], [12.4692, 55.8095], [12.4692, 55.8097], [12.4693, 55.8097], [12.4693, 55.8099]]]}, "properties": {"ref": "E", "opened_year": 1972, "segment_count": 382}}, {"type": "Feature", "geometry": {"type": "MultiLineString", "coordinates": [[[12.567, 55.7295], [12.5669, 55.7295], [12.5664, 55.7312], [12.5665, 55.7312], [12.567, 55.7296], [12.5672, 55.7291], [12.5671, 55.7291], [12.567, 55.7295]], [[12.5595, 55.7155], [12.5608, 55.7165], [12.5609, 55.7165], [12.5595, 55.7155]], [[12.5408, 55.7057], [12.5411, 55.706], [12.5414, 55.7062], [12.5415, 55.7064], [12.5417, 55.7065]], [[12.5377, 55.7008], [12.5377, 55.7006], [12.5376, 55.7004], [12.5375, 55.7001], [12.5374, 55.6997], [12.5372, 55.6994], [12.5373, 55.6994], [12.5374, 55.6997], [12.5376, 55.7001], [12.5376, 55.7002], [12.5377, 55.7004], [12.5377, 55.7006], [12.5378, 55.7008], [12.5377, 55.7008]], [[12.525, 55.695], [12.5257, 55.6952], [12.5262, 55.6953], [12.5267, 55.6953], [12.5271, 55.6954], [12.527, 55.6954], [12.527, 55.6955], [12.5271, 55.6955], [12.527, 55.6955], [12.527, 55.6954], [12.5261, 55.6953], [12.5257, 55.6952], [12.5253, 55.6951], [12.525, 55.695]], [[12.514, 55.6902], [12.514, 55.6901], [12.5144, 55.6903], [12.5147, 55.6904], [12.515, 55.6905], [12.5153, 55.6906], [12.5156, 55.6907], [12.5158, 55.6908], [12.5155, 55.6907], [12.5154, 55.6907], [12.5152, 55.6906], [12.5147, 55.6904], [12.5144, 55.6903], [12.5141, 55.6902], [12.514, 55.6902]], [[12.4983, 55.6853], [12.4997, 55.686], [12.4996, 55.6861], [12.4993, 55.6859], [12.4991, 55.6858], [12.499, 55.6858], [12.4989, 55.6857], [12.4982, 55.6854], [12.4983, 55.6853]], [[12.4923, 55.6773], [12.4922, 55.6773], [12.4922, 55.6775], [12.4922, 55.6776], [12.4922, 55.6778], [12.4922, 55.6781], [12.4923, 55.6781], [12.4923, 55.678], [12.4923, 55.6778], [12.4923, 55.6776], [12.4923, 55.6775], [12.4923, 55.6773]], [[12.493, 55.672], [12.493, 55.6721], [12.493, 55.6722], [12.493, 55.6723], [12.4931, 55.6724], [12.4932, 55.6715], [12.4931, 55.6715], [12.4931, 55.6717], [12.493, 55.672]], [[12.4937, 55.665], [12.4938, 55.665], [12.4937, 55.6642], [12.4936, 55.6642], [12.4936, 55.6644], [12.4937, 55.6647], [12.4937, 55.665]], [[12.4987, 55.6598], [12.4989, 55.6598], [12.4989, 55.6597], [12.4988, 55.6597], [12.4989, 55.6597], [12.4999, 55.6594], [12.4987, 55.6598]], [[12.5144, 55.6536], [12.5143, 55.6535], [12.515, 55.6532], [12.5157, 55.6528], [12.5157, 55.6529], [12.5151, 55.6532], [12.5144, 55.6536]], [[12.5667, 55.7307], [12.5668, 55.7306]], [[12.5668, 55.7306], [12.5671, 55.7296], [12.5673, 55.729]], [[12.5673, 55.729], [12.5673, 55.7289], [12.5673, 55.7287]], [[12.5673, 55.7287], [12.5674, 55.7285], [12.5675, 55.7283]], [[12.5675, 55.7283], [12.5676, 55.7279]], [[12.5676, 55.7279], [12.5677, 55.7277]], [[12.5677, 55.7277], [12.5678, 55.7274]], [[12.5678, 55.7274], [12.5678, 55.7273]], [[12.5678, 55.7273], [12.5679, 55.7271], [12.5683, 55.7262], [12.5686, 55.7256], [12.5687, 55.7253], [12.5688, 55.725], [12.5688, 55.7247], [12.5688, 55.7244], [12.5688, 55.7241], [12.5687, 55.7238], [12.5684, 55.7232], [12.5682, 55.7228], [12.568, 55.7225], [12.5676, 55.7221], [12.5666, 55.7211], [12.5659, 55.7204], [12.5651, 55.7196], [12.5645, 55.7191], [12.5639, 55.7186], [12.563, 55.718], [12.5618, 55.7172]], [[12.5618, 55.7172], [12.5609, 55.7166]], [[12.5609, 55.7166], [12.5595, 55.7156]], [[12.5595, 55.7156], [12.5592, 55.7154]], [[12.5592, 55.7154], [12.558, 55.7146]], [[12.558, 55.7146], [12.5577, 55.7143], [12.5573, 55.7141], [12.5557, 55.713], [12.5547, 55.7123], [12.554, 55.7119], [12.5536, 55.7116], [12.5533, 55.7115]], [[12.5533, 55.7115], [12.553, 55.7113]], [[12.553, 55.7113], [12.5526, 55.7111], [12.5522, 55.7109], [12.5517, 55.7107], [12.5511, 55.7105], [12.5499, 55.7101], [12.5487, 55.7097], [12.5475, 55.7093], [12.5461, 55.7088], [12.5454, 55.7085], [12.5448, 55.7083], [12.544, 55.7079], [12.5435, 55.7077], [12.5431, 55.7075], [12.5429, 55.7073], [12.5426, 55.7072], [12.5424, 55.7071], [12.5422, 55.7069], [12.542, 55.7068], [12.5417, 55.7065], [12.5415, 55.7064], [12.5413, 55.7062], [12.5411, 55.706], [12.5408, 55.7057], [12.54, 55.7049], [12.5398, 55.7047], [12.5395, 55.7044], [12.5391, 55.7039], [12.5383, 55.7023]], [[12.5383, 55.7023], [12.5381, 55.7018], [12.538, 55.7015], [12.5379, 55.7012], [12.5378, 55.7008], [12.5377, 55.7006], [12.5377, 55.7004], [12.5376, 55.7], [12.5375, 55.6997], [12.5373, 55.6994], [12.5372, 55.6992], [12.5368, 55.6983], [12.5365, 55.6979], [12.5361, 55.6975], [12.5356, 55.6972], [12.5352, 55.6969], [12.5344, 55.6965]], [[12.5344, 55.6965], [12.5339, 55.6963], [12.5334, 55.6962], [12.5331, 55.6961], [12.5328, 55.696]], [[12.5328, 55.696], [12.5324, 55.696], [12.5305, 55.6958]], [[12.5305, 55.6958], [12.5282, 55.6955]], [[12.5282, 55.6955], [12.5272, 55.6954]], [[12.5272, 55.6954], [12.5271, 55.6954], [12.5267, 55.6953], [12.5262, 55.6952], [12.5257, 55.6951], [12.525, 55.695], [12.5238, 55.6946], [12.5229, 55.6943], [12.5222, 55.694], [12.5215, 55.6936], [12.5209, 55.6933], [12.5198, 55.6927], [12.5178, 55.6917], [12.5166, 55.6911], [12.5161, 55.6909], [12.5158, 55.6908], [12.5156, 55.6907], [12.5153, 55.6905], [12.515, 55.6905], [12.5148, 55.6904], [12.5144, 55.6902], [12.514, 55.6901], [12.5127, 55.6898], [12.5118, 55.6896], [12.5102, 55.6892], [12.5098, 55.6891], [12.5093, 55.689], [12.5084, 55.6888], [12.5066, 55.6885], [12.5057, 55.6883], [12.5049, 55.6881], [12.5043, 55.688], [12.5038, 55.6879], [12.5031, 55.6876], [12.502, 55.6871], [12.5018, 55.687], [12.5012, 55.6868], [12.5003, 55.6863], [12.5, 55.6862]], [[12.5, 55.6862], [12.499, 55.6857], [12.498, 55.6851]], [[12.498, 55.6851], [12.497, 55.6846], [12.4967, 55.6844], [12.4962, 55.6841], [12.4956, 55.6838], [12.4953, 55.6835], [12.4949, 55.6832], [12.4946, 55.683], [12.4944, 55.6827], [12.4941, 55.6824], [12.4939, 55.6822], [12.4937, 55.6819], [12.4931, 55.6808], [12.4928, 55.6802], [12.4927, 55.6799], [12.4926, 55.6796], [12.4925, 55.6794], [12.4924, 55.6791], [12.4924, 55.6789], [12.4923, 55.6786], [12.4923, 55.6783], [12.4923, 55.6781], [12.4923, 55.678], [12.4923, 55.6778], [12.4923, 55.6776], [12.4923, 55.6775], [12.4923, 55.6773], [12.4924, 55.6771], [12.4924, 55.6769], [12.4924, 55.6767], [12.493, 55.6728], [12.4931, 55.6721], [12.4932, 55.6715], [12.4935, 55.6694]], [[12.4935, 55.6694], [12.4936, 55.6691]], [[12.4936, 55.6691], [12.4936, 55.6689], [12.4936, 55.6688], [12.4937, 55.6685], [12.4937, 55.6682], [12.4937, 55.6679], [12.4938, 55.6675], [12.4938, 55.6672], [12.4938, 55.667], [12.4938, 55.6668], [12.4938, 55.6664], [12.4939, 55.6662], [12.4939, 55.6659], [12.4939, 55.6657], [12.4938, 55.6654], [12.4938, 55.6652], [12.4938, 55.665], [12.4937, 55.6645], [12.4937, 55.664], [12.4936, 55.6638], [12.4936, 55.6637], [12.4936, 55.6636], [12.4936, 55.6635], [12.4937, 55.6633], [12.4937, 55.6632], [12.4937, 55.6631], [12.4937, 55.663], [12.4938, 55.6629], [12.4938, 55.6628], [12.4939, 55.6627], [12.4939, 55.6626], [12.494, 55.6624], [12.4941, 55.6623], [12.4942, 55.6622], [12.4942, 55.6621], [12.4943, 55.662], [12.4944, 55.6619], [12.4946, 55.6619], [12.4947, 55.6618], [12.4948, 55.6617], [12.4949, 55.6616], [12.495, 55.6615], [12.4953, 55.6614], [12.4954, 55.6613], [12.4957, 55.6612], [12.4966, 55.6607], [12.4968, 55.6606], [12.4971, 55.6605], [12.4973, 55.6604], [12.4977, 55.6603], [12.4984, 55.66]], [[12.4984, 55.66], [12.4987, 55.6599]], [[12.4987, 55.6599], [12.499, 55.6598], [12.5001, 55.6593], [12.5009, 55.659], [12.5014, 55.6588], [12.5019, 55.6587], [12.5025, 55.6584], [12.5038, 55.6579], [12.5041, 55.6578], [12.5077, 55.6564], [12.5083, 55.6562], [12.509, 55.6559], [12.5091, 55.6559]], [[12.5091, 55.6559], [12.5094, 55.6558], [12.5101, 55.6555]], [[12.5101, 55.6555], [12.5102, 55.6555], [12.5107, 55.6552], [12.5119, 55.6548], [12.5121, 55.6547], [12.5124, 55.6546], [12.5126, 55.6545], [12.5128, 55.6544], [12.513, 55.6543], [12.5131, 55.6542], [12.5144, 55.6535], [12.5151, 55.6531], [12.5156, 55.6528]], [[12.499, 55.6598], [12.5001, 55.6594], [12.5002, 55.6594], [12.4992, 55.6598], [12.4993, 55.6598], [12.4992, 55.6598], [12.499, 55.6599], [12.499, 55.6598]], [[12.494, 55.665], [12.4939, 55.665], [12.4938, 55.6642], [12.4939, 55.6642], [12.4939, 55.6644], [12.494, 55.665]], [[12.4933, 55.672], [12.4933, 55.6721], [12.4933, 55.6722], [12.4933, 55.6723], [12.4933, 55.6724], [12.4932, 55.6724], [12.4933, 55.6715], [12.4934, 55.6715], [12.4934, 55.6717], [12.4933, 55.672]], [[12.4924, 55.6773], [12.4925, 55.6773], [12.4925, 55.6775], [12.4925, 55.6777], [12.4925, 55.6778], [12.4925, 55.6781], [12.4924, 55.6781], [12.4924, 55.678], [12.4924, 55.6778], [12.4924, 55.6777], [12.4924, 55.6775], [12.4924, 55.6773]], [[12.4984, 55.6852], [12.4998, 55.686], [12.4999, 55.6859], [12.4997, 55.6858], [12.4996, 55.6858], [12.4994, 55.6857], [12.4993, 55.6856], [12.4989, 55.6854], [12.4987, 55.6853], [12.4985, 55.6852], [12.4984, 55.6852]], [[12.5145, 55.6901], [12.5142, 55.69], [12.5141, 55.6901], [12.5145, 55.6902], [12.5148, 55.6903], [12.515, 55.6904], [12.5153, 55.6905], [12.5159, 55.6907], [12.5157, 55.6906], [12.5156, 55.6905], [12.5155, 55.6905], [12.5154, 55.6905], [12.5151, 55.6904], [12.5151, 55.6903], [12.5148, 55.6903], [12.5145, 55.6901]], [[12.525, 55.6949], [12.5257, 55.6951], [12.5262, 55.6952], [12.5267, 55.6953], [12.5271, 55.6953], [12.5272, 55.6953], [12.527, 55.6953], [12.5266, 55.6952], [12.5262, 55.6951], [12.5258, 55.6951], [12.5254, 55.695], [12.5251, 55.6949], [12.525, 55.6949]], [[12.5375, 55.6994], [12.5374, 55.6994], [12.5376, 55.6997], [12.5377, 55.7], [12.5377, 55.7002], [12.5378, 55.7004], [12.5378, 55.7006], [12.5379, 55.7008], [12.538, 55.7008], [12.5379, 55.7006], [12.5379, 55.7005], [12.5379, 55.7004], [12.5378, 55.7], [12.5376, 55.6997], [12.5375, 55.6994]], [[12.5417, 55.7064], [12.5414, 55.7062], [12.5412, 55.706], [12.5409, 55.7057]], [[12.5673, 55.7296], [12.5668, 55.7312], [12.5669, 55.7312], [12.567, 55.7312], [12.5674, 55.7296], [12.5673, 55.7296]], [[12.5112, 55.6551], [12.5119, 55.6548], [12.5122, 55.6547], [12.5124, 55.6546], [12.5126, 55.6545], [12.5127, 55.6545], [12.5128, 55.6544], [12.513, 55.6543], [12.5133, 55.6542], [12.5134, 55.6542], [12.5136, 55.6541], [12.5145, 55.6535], [12.5152, 55.6532], [12.5157, 55.6529], [12.5158, 55.6529]], [[12.5092, 55.6559], [12.5096, 55.6557], [12.5103, 55.6555], [12.5107, 55.6553], [12.5112, 55.6551]], [[12.4988, 55.6599], [12.4991, 55.6598], [12.5001, 55.6594], [12.5008, 55.6591], [12.5012, 55.659], [12.5019, 55.6587], [12.5025, 55.6585], [12.503, 55.6583], [12.5083, 55.6563], [12.5088, 55.6561], [12.5092, 55.6559]], [[12.4988, 55.6599], [12.4985, 55.66]], [[12.4985, 55.66], [12.4977, 55.6603], [12.4974, 55.6604], [12.4971, 55.6606], [12.4969, 55.6607], [12.4966, 55.6608], [12.4957, 55.6612], [12.4955, 55.6613], [12.4953, 55.6614], [12.4951, 55.6615], [12.495, 55.6616], [12.4949, 55.6617], [12.4947, 55.6618], [12.4946, 55.6619], [12.4945, 55.662], [12.4944, 55.6621], [12.4943, 55.6622], [12.4942, 55.6623], [12.4941, 55.6624], [12.4941, 55.6625], [12.494, 55.6626], [12.4939, 55.6627], [12.4939, 55.6628], [12.4938, 55.6629], [12.4938, 55.663], [12.4938, 55.6631], [12.4937, 55.6632], [12.4937, 55.6633], [12.4937, 55.6635], [12.4937, 55.6636], [12.4937, 55.6637], [12.4937, 55.6638], [12.4937, 55.664], [12.4938, 55.6645], [12.4939, 55.665], [12.4939, 55.6652], [12.4939, 55.6654], [12.4939, 55.6657], [12.4939, 55.666], [12.4939, 55.6662], [12.4939, 55.6664], [12.4939, 55.6668], [12.4939, 55.667], [12.4939, 55.6672], [12.4938, 55.6675], [12.4938, 55.6679], [12.4938, 55.6682], [12.4937, 55.6685], [12.4937, 55.6688], [12.4937, 55.669], [12.4936, 55.6691]], [[12.4936, 55.6691], [12.4936, 55.6693]], [[12.4936, 55.6693], [12.4933, 55.6715], [12.4932, 55.6721], [12.4931, 55.6728], [12.4925, 55.6767], [12.4925, 55.6769], [12.4924, 55.6771], [12.4924, 55.6773], [12.4924, 55.6775], [12.4924, 55.6777], [12.4924, 55.6778], [12.4924, 55.678], [12.4924, 55.6781], [12.4924, 55.6784], [12.4924, 55.6786], [12.4924, 55.6789], [12.4925, 55.6791], [12.4926, 55.6794], [12.4927, 55.6797], [12.4928, 55.6801], [12.4929, 55.6803], [12.4932, 55.6808], [12.4936, 55.6815], [12.4938, 55.6818], [12.494, 55.6821], [12.4942, 55.6824], [12.4945, 55.6827], [12.4948, 55.683], [12.495, 55.6832], [12.4954, 55.6835], [12.4957, 55.6838], [12.4963, 55.6841], [12.4967, 55.6844], [12.497, 55.6846], [12.4981, 55.6851]], [[12.4981, 55.6851], [12.4991, 55.6856], [12.5, 55.6861]], [[12.5, 55.6861], [12.5007, 55.6864], [12.5011, 55.6867], [12.5021, 55.6871], [12.5032, 55.6876], [12.504, 55.6879], [12.5044, 55.688], [12.5049, 55.6881], [12.5057, 55.6883], [12.5065, 55.6884], [12.5084, 55.6888], [12.5093, 55.6889], [12.5098, 55.689], [12.5102, 55.6891], [12.5119, 55.6895], [12.5128, 55.6898], [12.5141, 55.6901], [12.5144, 55.6902], [12.5148, 55.6903], [12.515, 55.6904], [12.5153, 55.6905], [12.5159, 55.6907], [12.5162, 55.6909], [12.5167, 55.6911], [12.5178, 55.6916], [12.5198, 55.6927], [12.521, 55.6933], [12.5223, 55.694], [12.523, 55.6943], [12.5239, 55.6946], [12.525, 55.6949], [12.5257, 55.6951], [12.5262, 55.6952], [12.5267, 55.6953], [12.5271, 55.6953], [12.5273, 55.6954]], [[12.5273, 55.6954], [12.5282, 55.6955]], [[12.5282, 55.6955], [12.5307, 55.6957]], [[12.5307, 55.6957], [12.5324, 55.6959], [12.5329, 55.696]], [[12.5329, 55.696], [12.5335, 55.6961], [12.534, 55.6963], [12.5345, 55.6965]], [[12.5345, 55.6965], [12.5353, 55.6969], [12.5357, 55.6971], [12.5361, 55.6975], [12.5366, 55.6979], [12.5369, 55.6983], [12.5373, 55.6991], [12.5374, 55.6994], [12.5375, 55.6997], [12.5377, 55.7], [12.5378, 55.7004], [12.5378, 55.7006], [12.5379, 55.7008], [12.538, 55.7012], [12.538, 55.7015], [12.5381, 55.7018], [12.5384, 55.7023]], [[12.5384, 55.7023], [12.5392, 55.7039], [12.5396, 55.7044], [12.5399, 55.7047], [12.5401, 55.7049], [12.5409, 55.7057], [12.5412, 55.706], [12.5415, 55.7062], [12.5417, 55.7064], [12.5418, 55.7065], [12.5421, 55.7067], [12.5424, 55.7069], [12.5426, 55.707], [12.5427, 55.7071], [12.5432, 55.7074], [12.5436, 55.7077], [12.544, 55.7079], [12.5444, 55.7081], [12.5448, 55.7082], [12.5455, 55.7085], [12.5462, 55.7088], [12.5476, 55.7093], [12.55, 55.7101], [12.5503, 55.7102], [12.5517, 55.7107], [12.5522, 55.7109], [12.5526, 55.7111], [12.553, 55.7113]], [[12.553, 55.7113], [12.5534, 55.7114]], [[12.5534, 55.7114], [12.5536, 55.7116], [12.5541, 55.7118], [12.555, 55.7125], [12.5555, 55.7128], [12.5558, 55.713], [12.5581, 55.7145]], [[12.5581, 55.7145], [12.5594, 55.7153]], [[12.5594, 55.7153], [12.5596, 55.7155]], [[12.5596, 55.7155], [12.5609, 55.7165], [12.5612, 55.7167]], [[12.5612, 55.7167], [12.5619, 55.7172]], [[12.5619, 55.7172], [12.563, 55.718], [12.5639, 55.7186], [12.5645, 55.7191], [12.5652, 55.7196], [12.5659, 55.7203], [12.5667, 55.721], [12.5677, 55.722], [12.5681, 55.7225]], [[12.5681, 55.7225], [12.5682, 55.7227], [12.5685, 55.7232], [12.5687, 55.7238], [12.5688, 55.7241], [12.5689, 55.7244], [12.5689, 55.7247], [12.5688, 55.725], [12.5688, 55.7253], [12.5686, 55.7256]], [[12.5686, 55.7256], [12.5684, 55.7262], [12.5681, 55.7271], [12.568, 55.7273]], [[12.568, 55.7273], [12.5679, 55.7276]], [[12.5679, 55.7276], [12.5679, 55.7277]], [[12.5679, 55.7277], [12.5678, 55.728], [12.5675, 55.7287]], [[12.5675, 55.7287], [12.5674, 55.729], [12.5674, 55.7292], [12.5673, 55.7296], [12.567, 55.7306]]]}, "properties": {"ref": "F", "opened_year": 2002, "segment_count": 80}}, {"type": "Feature", "geometry": {"type": "MultiLineString", "coordinates": [[[12.3591, 55.7293], [12.3567, 55.7303]], [[12.3851, 55.7247], [12.3853, 55.7246], [12.386, 55.7246], [12.3879, 55.7244], [12.3851, 55.7247]], [[12.4434, 55.7189], [12.4435, 55.7188], [12.4458, 55.7181]], [[12.4912, 55.6872], [12.4918, 55.6871], [12.4922, 55.687], [12.4925, 55.6869], [12.4933, 55.6868], [12.4939, 55.6867], [12.4939, 55.6868], [12.4933, 55.6869], [12.4925, 55.687], [12.4923, 55.6871], [12.4918, 55.6871], [12.4912, 55.6873], [12.4912, 55.6872]], [[12.4984, 55.6855], [12.4985, 55.6854], [12.4987, 55.6852], [12.4989, 55.6851], [12.499, 55.685], [12.4992, 55.6848], [12.4993, 55.6846], [12.4997, 55.6841], [12.4998, 55.6841], [12.4994, 55.6846], [12.4993, 55.6848], [12.4991, 55.685], [12.499, 55.6851], [12.4988, 55.6853], [12.4987, 55.6854], [12.4985, 55.6856], [12.4984, 55.6855]], [[12.5157, 55.6638], [12.5146, 55.6638], [12.514, 55.6638], [12.5136, 55.6638], [12.5131, 55.6638], [12.5127, 55.6638], [12.5122, 55.6638], [12.5114, 55.6638], [12.5122, 55.6637], [12.5127, 55.6637], [12.5131, 55.6637], [12.5136, 55.6637], [12.514, 55.6637], [12.5146, 55.6637], [12.5157, 55.6637], [12.5157, 55.6638]], [[12.5345, 55.6635], [12.5349, 55.6634], [12.5353, 55.6634], [12.5359, 55.6634], [12.5365, 55.6634], [12.5368, 55.6634], [12.5369, 55.6634], [12.5372, 55.6634], [12.5376, 55.6633]], [[12.5594, 55.6649], [12.5597, 55.665], [12.5598, 55.6651], [12.5602, 55.6653], [12.5612, 55.6658], [12.5616, 55.666], [12.5613, 55.6658], [12.5603, 55.6652], [12.5599, 55.6651], [12.5597, 55.665], [12.5595, 55.6649], [12.5597, 55.665], [12.5595, 55.6649], [12.5594, 55.6649]], [[12.5631, 55.6776], [12.5631, 55.6775], [12.563, 55.6774], [12.5629, 55.6772], [12.5628, 55.6771], [12.5627, 55.6769], [12.5626, 55.6768], [12.5626, 55.6766], [12.5625, 55.6765], [12.5625, 55.6763], [12.5625, 55.6762], [12.5625, 55.676], [12.5625, 55.6759], [12.5624, 55.6759], [12.5625, 55.6758], [12.5623, 55.6758], [12.5623, 55.676], [12.5623, 55.6762], [12.5624, 55.6763], [12.5624, 55.6765], [12.5625, 55.6766], [12.5625, 55.6768], [12.5626, 55.6769], [12.5627, 55.6771], [12.5627, 55.6772], [12.5629, 55.6773], [12.563, 55.6776], [12.5631, 55.6776]], [[12.5842, 55.6908], [12.5863, 55.6921], [12.5862, 55.6921], [12.5841, 55.6908], [12.5842, 55.6908]], [[12.3577, 55.7299], [12.3582, 55.7297], [12.3585, 55.7295]], [[12.3585, 55.7295], [12.3591, 55.7293], [12.3592, 55.7293], [12.3595, 55.7292]], [[12.3595, 55.7292], [12.3598, 55.729], [12.3599, 55.729]], [[12.3599, 55.729], [12.36, 55.7289]], [[12.36, 55.7289], [12.3606, 55.7287], [12.3614, 55.7284], [12.3616, 55.7284]], [[12.3616, 55.7284], [12.3621, 55.7282], [12.3629, 55.7279], [12.3635, 55.7277], [12.364, 55.7275], [12.3645, 55.7273], [12.3651, 55.7272], [12.3656, 55.727], [12.3662, 55.7269]], [[12.3662, 55.7269], [12.3668, 55.7267], [12.3673, 55.7266], [12.3678, 55.7265], [12.3682, 55.7264], [12.3687, 55.7264], [12.369, 55.7263], [12.3693, 55.7262], [12.3696, 55.7262], [12.3698, 55.7262], [12.3701, 55.7261], [12.3703, 55.7261], [12.3706, 55.7261], [12.371, 55.726], [12.3715, 55.726], [12.3719, 55.7259], [12.3821, 55.725], [12.3849, 55.7247]], [[12.3849, 55.7247], [12.3857, 55.7246], [12.3862, 55.7246], [12.3865, 55.7246], [12.388, 55.7244]], [[12.388, 55.7244], [12.3908, 55.7242], [12.3967, 55.7236], [12.3993, 55.7233], [12.4007, 55.7232], [12.4019, 55.7231], [12.4027, 55.723], [12.4041, 55.7229]], [[12.4041, 55.7229], [12.4048, 55.7228]], [[12.4048, 55.7228], [12.4111, 55.7222], [12.4121, 55.7221], [12.4132, 55.722], [12.4142, 55.722], [12.4153, 55.7219], [12.4163, 55.7219], [12.4175, 55.7219], [12.4281, 55.7215]], [[12.4281, 55.7215], [12.4285, 55.7215]], [[12.4285, 55.7215], [12.4291, 55.7214], [12.4302, 55.7214], [12.4313, 55.7214], [12.4323, 55.7213], [12.4333, 55.7212], [12.4335, 55.7212], [12.4343, 55.7211], [12.4352, 55.721], [12.4359, 55.7208], [12.4366, 55.7207]], [[12.4366, 55.7207], [12.4371, 55.7206], [12.4377, 55.7205], [12.438, 55.7204], [12.4383, 55.7203], [12.4386, 55.7202], [12.4389, 55.7202], [12.4391, 55.7201], [12.4393, 55.72], [12.4397, 55.7199], [12.44, 55.7198], [12.4406, 55.7197], [12.4423, 55.7192], [12.4428, 55.719], [12.443, 55.719], [12.4435, 55.7188], [12.4458, 55.7181], [12.4462, 55.718], [12.4472, 55.7177], [12.4479, 55.7175], [12.448, 55.7174], [12.4492, 55.7171], [12.4502, 55.7168], [12.4513, 55.7164], [12.4518, 55.7162]], [[12.4518, 55.7162], [12.4522, 55.7161], [12.4533, 55.7158], [12.4534, 55.7157], [12.454, 55.7155], [12.4545, 55.7153], [12.4549, 55.7152], [12.4554, 55.715], [12.4559, 55.7148], [12.4565, 55.7145], [12.4571, 55.7142], [12.4578, 55.7139], [12.4584, 55.7136], [12.4589, 55.7133], [12.4595, 55.7129], [12.4602, 55.7125], [12.4606, 55.7123], [12.4609, 55.712], [12.4613, 55.7118]], [[12.4613, 55.7118], [12.4614, 55.7117]], [[12.4614, 55.7117], [12.4619, 55.7113], [12.4623, 55.711], [12.4627, 55.7106], [12.4631, 55.7103], [12.4638, 55.7096], [12.4639, 55.7095], [12.4641, 55.7092], [12.4644, 55.709], [12.4646, 55.7088], [12.4648, 55.7085], [12.4651, 55.7082], [12.4654, 55.7078], [12.4655, 55.7076], [12.4657, 55.7074], [12.4658, 55.7072], [12.466, 55.707], [12.4661, 55.7068], [12.4663, 55.7065], [12.4664, 55.7063]], [[12.4664, 55.7063], [12.4665, 55.7062]], [[12.4665, 55.7062], [12.4666, 55.706], [12.4668, 55.7054], [12.4671, 55.7049], [12.4673, 55.7044], [12.4673, 55.7042], [12.4675, 55.7038], [12.4677, 55.7033], [12.4679, 55.7028], [12.4681, 55.7022], [12.4683, 55.7017], [12.4685, 55.7011], [12.4687, 55.7006], [12.4688, 55.7002], [12.4689, 55.6999]], [[12.4689, 55.6999], [12.469, 55.6996]], [[12.469, 55.6996], [12.4691, 55.6992], [12.4693, 55.6989], [12.4694, 55.6987], [12.4697, 55.698], [12.47, 55.6974], [12.4702, 55.697], [12.4704, 55.6966], [12.4705, 55.6963], [12.4707, 55.6959], [12.471, 55.6955], [12.4711, 55.6953], [12.4713, 55.6951], [12.4715, 55.6948], [12.4717, 55.6945], [12.4719, 55.6943], [12.4722, 55.694], [12.4724, 55.6938], [12.4727, 55.6935], [12.4729, 55.6933], [12.4732, 55.6931], [12.4735, 55.6928], [12.4737, 55.6926], [12.474, 55.6924], [12.4743, 55.6922], [12.4747, 55.692], [12.475, 55.6918], [12.4753, 55.6916], [12.4756, 55.6914], [12.4761, 55.6912], [12.4764, 55.691]], [[12.4764, 55.691], [12.4769, 55.6907]], [[12.4769, 55.6907], [12.4776, 55.6904], [12.4779, 55.6903], [12.4783, 55.6902], [12.4787, 55.69], [12.4791, 55.6898], [12.4795, 55.6897], [12.4801, 55.6895]], [[12.4801, 55.6895], [12.4804, 55.6894], [12.4806, 55.6893], [12.4809, 55.6893], [12.4813, 55.6892], [12.4815, 55.6891]], [[12.4815, 55.6891], [12.4818, 55.689], [12.4821, 55.689]], [[12.4821, 55.689], [12.4825, 55.6889], [12.4828, 55.6888], [12.4831, 55.6887], [12.4835, 55.6887], [12.4838, 55.6886], [12.4845, 55.6885], [12.4852, 55.6884], [12.486, 55.6882]], [[12.486, 55.6882], [12.4869, 55.6881], [12.4875, 55.688], [12.4879, 55.6879], [12.4884, 55.6878], [12.4889, 55.6877], [12.4894, 55.6876]], [[12.4894, 55.6876], [12.4898, 55.6875], [12.49, 55.6874]], [[12.49, 55.6874], [12.4905, 55.6873]], [[12.4905, 55.6873], [12.4907, 55.6873], [12.491, 55.6872], [12.4912, 55.6872], [12.4915, 55.6871], [12.4918, 55.6871], [12.4922, 55.687], [12.4925, 55.6869], [12.4933, 55.6868], [12.4939, 55.6867], [12.4944, 55.6866], [12.4951, 55.6865], [12.4955, 55.6865]], [[12.4955, 55.6865], [12.4958, 55.6864], [12.496, 55.6864], [12.4961, 55.6864], [12.4963, 55.6863], [12.4964, 55.6863], [12.4966, 55.6863], [12.4968, 55.6862], [12.497, 55.6861], [12.4972, 55.6861], [12.4974, 55.686]], [[12.4974, 55.686], [12.4977, 55.6859], [12.4979, 55.6858], [12.4981, 55.6856], [12.4983, 55.6855]], [[12.4983, 55.6855], [12.4985, 55.6854], [12.4987, 55.6852]], [[12.4987, 55.6852], [12.4989, 55.6851], [12.499, 55.6849], [12.4992, 55.6848], [12.4993, 55.6846], [12.4998, 55.684]], [[12.4998, 55.684], [12.5005, 55.683], [12.5007, 55.6827], [12.5009, 55.6825]], [[12.5009, 55.6825], [12.501, 55.6823]], [[12.501, 55.6823], [12.5014, 55.6817]], [[12.5014, 55.6817], [12.5026, 55.6801], [12.5028, 55.6799], [12.5029, 55.6797], [12.503, 55.6795], [12.5031, 55.6793], [12.5032, 55.679], [12.5033, 55.6788]], [[12.5033, 55.6788], [12.5034, 55.6784]], [[12.5034, 55.6784], [12.5034, 55.6783], [12.5035, 55.6782], [12.5035, 55.678], [12.5036, 55.6779], [12.5041, 55.6766], [12.5042, 55.6764], [12.5044, 55.6757], [12.5045, 55.6754]], [[12.5045, 55.6754], [12.5045, 55.6752]], [[12.5045, 55.6752], [12.5047, 55.6747]], [[12.5047, 55.6747], [12.5052, 55.6734], [12.5052, 55.6732], [12.5053, 55.673], [12.5053, 55.6729], [12.5053, 55.6728], [12.5053, 55.6726], [12.5054, 55.6724]], [[12.5054, 55.6724], [12.5054, 55.6723], [12.5054, 55.6722], [12.5054, 55.6721], [12.5054, 55.672]], [[12.5054, 55.672], [12.5053, 55.6718], [12.5053, 55.6716], [12.5052, 55.6713], [12.5051, 55.6711], [12.505, 55.6709], [12.5049, 55.6707], [12.5048, 55.6705], [12.5047, 55.6702], [12.5043, 55.6697], [12.5042, 55.6695], [12.5041, 55.6693], [12.504, 55.6692], [12.5039, 55.669], [12.5039, 55.6689], [12.5038, 55.6685], [12.5038, 55.6682], [12.5038, 55.6679], [12.5039, 55.6676], [12.504, 55.6674], [12.5041, 55.6672], [12.5041, 55.6671]], [[12.5041, 55.6671], [12.5042, 55.6669], [12.5043, 55.6669], [12.5043, 55.6667], [12.5044, 55.6666]], [[12.5044, 55.6666], [12.5045, 55.6665], [12.5046, 55.6663], [12.5048, 55.6662], [12.5049, 55.666], [12.505, 55.6659], [12.5053, 55.6657], [12.5054, 55.6655], [12.5056, 55.6654], [12.5057, 55.6653], [12.5059, 55.6652], [12.5061, 55.6651], [12.5062, 55.665], [12.5064, 55.6649], [12.5065, 55.6648], [12.5067, 55.6648], [12.507, 55.6646], [12.5071, 55.6646], [12.5072, 55.6645], [12.5074, 55.6645], [12.5075, 55.6644], [12.5077, 55.6644], [12.5079, 55.6643], [12.508, 55.6642], [12.5082, 55.6642]], [[12.5082, 55.6642], [12.5084, 55.6642], [12.5085, 55.6641], [12.5087, 55.6641]], [[12.5087, 55.6641], [12.5091, 55.664], [12.5095, 55.6639], [12.5099, 55.6639], [12.5101, 55.6639], [12.5104, 55.6639], [12.5106, 55.6639], [12.5108, 55.6639], [12.5111, 55.6639], [12.5114, 55.6639]], [[12.5114, 55.6639], [12.5122, 55.6639], [12.5127, 55.6638], [12.5131, 55.6638], [12.5132, 55.6638], [12.5136, 55.6638], [12.514, 55.6638], [12.5146, 55.6638], [12.5152, 55.6638], [12.5157, 55.6638], [12.5165, 55.6638]], [[12.5165, 55.6638], [12.5174, 55.6638], [12.5185, 55.6638]], [[12.5185, 55.6638], [12.5192, 55.6638], [12.52, 55.6637], [12.5203, 55.6637]], [[12.5203, 55.6637], [12.5309, 55.6636]], [[12.5309, 55.6636], [12.5325, 55.6635], [12.5345, 55.6634], [12.5353, 55.6634], [12.5359, 55.6634], [12.5361, 55.6634], [12.5365, 55.6634], [12.5369, 55.6634]], [[12.5369, 55.6634], [12.5372, 55.6633], [12.5378, 55.6633], [12.5384, 55.6633], [12.5388, 55.6632], [12.5392, 55.6632], [12.5396, 55.6631], [12.5401, 55.6631], [12.5413, 55.6629], [12.542, 55.6628], [12.5423, 55.6628], [12.5425, 55.6627], [12.5427, 55.6627], [12.5429, 55.6627], [12.5431, 55.6627], [12.5434, 55.6627], [12.5436, 55.6627], [12.5438, 55.6627], [12.5441, 55.6627], [12.5445, 55.6627], [12.5448, 55.6628], [12.545, 55.6628]], [[12.545, 55.6628], [12.5452, 55.6628], [12.5454, 55.6628], [12.5455, 55.6628], [12.5457, 55.6629], [12.5458, 55.6629], [12.546, 55.6629], [12.5461, 55.6629], [12.5463, 55.663], [12.5475, 55.6632], [12.5477, 55.6632], [12.5478, 55.6633], [12.5481, 55.6633]], [[12.5481, 55.6633], [12.5483, 55.6634], [12.5486, 55.6634], [12.5489, 55.6634], [12.5492, 55.6635], [12.5494, 55.6635], [12.5497, 55.6636], [12.55, 55.6636], [12.5503, 55.6636], [12.5505, 55.6637], [12.5508, 55.6637], [12.551, 55.6637], [12.5524, 55.6638], [12.5528, 55.6639], [12.5537, 55.6639], [12.5541, 55.664], [12.5545, 55.664], [12.5548, 55.664], [12.5565, 55.6642], [12.5568, 55.6642], [12.557, 55.6643], [12.5573, 55.6643], [12.5575, 55.6643], [12.5578, 55.6644], [12.558, 55.6644], [12.5583, 55.6645], [12.5585, 55.6646], [12.5587, 55.6646], [12.5589, 55.6647], [12.5591, 55.6647], [12.5593, 55.6648], [12.5595, 55.6649]], [[12.5595, 55.6649], [12.5598, 55.665], [12.5599, 55.665], [12.5603, 55.6652]], [[12.5603, 55.6652], [12.5613, 55.6658], [12.5616, 55.666]], [[12.5616, 55.666], [12.5621, 55.6662], [12.5623, 55.6663], [12.563, 55.6666], [12.5638, 55.667], [12.564, 55.6671], [12.5642, 55.6672], [12.5644, 55.6673], [12.5646, 55.6674], [12.5647, 55.6675], [12.5649, 55.6676], [12.565, 55.6677], [12.5651, 55.6679], [12.5653, 55.668], [12.5654, 55.6681], [12.5655, 55.6682], [12.5655, 55.6683], [12.5657, 55.6684], [12.5658, 55.6686], [12.5659, 55.6688], [12.566, 55.6689], [12.566, 55.6691], [12.5661, 55.6692], [12.5661, 55.6693], [12.5661, 55.6694], [12.5662, 55.6695], [12.5662, 55.6697], [12.5662, 55.6698], [12.5662, 55.6699], [12.5662, 55.67], [12.5662, 55.6701], [12.5662, 55.6702], [12.5662, 55.6703], [12.5662, 55.6704], [12.5661, 55.6704], [12.5661, 55.6706], [12.566, 55.6708]], [[12.566, 55.6708], [12.5659, 55.671], [12.5658, 55.6712], [12.5657, 55.6713], [12.5656, 55.6715]], [[12.5656, 55.6715], [12.5655, 55.6716], [12.5653, 55.6718], [12.5648, 55.6723], [12.5647, 55.6724]], [[12.5647, 55.6724], [12.5637, 55.6732]], [[12.5637, 55.6732], [12.5636, 55.6734], [12.5635, 55.6735], [12.5633, 55.6738]], [[12.5633, 55.6738], [12.5632, 55.6739]], [[12.5632, 55.6739], [12.5631, 55.6741], [12.5628, 55.6748], [12.5627, 55.6751]], [[12.5627, 55.6751], [12.5626, 55.6752], [12.5626, 55.6754], [12.5625, 55.6756], [12.5625, 55.6757]], [[12.5625, 55.6757], [12.5625, 55.6758], [12.5625, 55.676], [12.5625, 55.6761], [12.5625, 55.6763], [12.5625, 55.6764], [12.5626, 55.6766], [12.5626, 55.6767], [12.5627, 55.6769], [12.5628, 55.6771], [12.5631, 55.6775], [12.5632, 55.6776], [12.5633, 55.6778], [12.5635, 55.6779], [12.5636, 55.678], [12.5638, 55.6781], [12.5639, 55.6782], [12.5641, 55.6784], [12.5643, 55.6785]], [[12.5643, 55.6785], [12.5644, 55.6786], [12.5646, 55.6787], [12.5661, 55.6794]], [[12.5661, 55.6794], [12.5663, 55.6795], [12.5667, 55.6797], [12.5669, 55.6798], [12.5671, 55.68], [12.5673, 55.6801]], [[12.5673, 55.6801], [12.5678, 55.6804], [12.5693, 55.6816]], [[12.5693, 55.6816], [12.5698, 55.6821], [12.5703, 55.6824], [12.5707, 55.6827], [12.5718, 55.6834], [12.5725, 55.6838], [12.5731, 55.6842], [12.5735, 55.6845], [12.5758, 55.6861], [12.5763, 55.6864], [12.5766, 55.6866], [12.5768, 55.6867], [12.5773, 55.687], [12.5799, 55.6885], [12.5803, 55.6887]], [[12.5803, 55.6887], [12.5827, 55.6899]], [[12.5837, 55.6905], [12.583, 55.69], [12.5827, 55.6899]], [[12.5863, 55.6921], [12.5862, 55.692], [12.5861, 55.6919], [12.5837, 55.6905]], [[12.5614, 55.6662], [12.5604, 55.6656], [12.5602, 55.6655], [12.56, 55.6654], [12.5597, 55.6653], [12.5596, 55.6652], [12.5595, 55.6652], [12.5594, 55.6651], [12.5593, 55.665], [12.5591, 55.6651], [12.5592, 55.6651], [12.5591, 55.6652], [12.5593, 55.6652], [12.5591, 55.6652], [12.559, 55.6652], [12.5591, 55.6652], [12.5591, 55.6653], [12.5593, 55.6653], [12.5595, 55.6654], [12.5598, 55.6655], [12.56, 55.6656], [12.5602, 55.6657], [12.5613, 55.6663], [12.5614, 55.6662]], [[12.5378, 55.6634], [12.5377, 55.6634], [12.5376, 55.6634], [12.5373, 55.6634], [12.5369, 55.6635], [12.5368, 55.6635], [12.5365, 55.6635], [12.5359, 55.6635], [12.5353, 55.6635], [12.5349, 55.6635], [12.5345, 55.6635]], [[12.5115, 55.664], [12.512, 55.664], [12.5121, 55.664], [12.5122, 55.6639], [12.5122, 55.664], [12.5125, 55.664], [12.5126, 55.664], [12.5126, 55.6639], [12.5128, 55.6639], [12.5132, 55.6639], [12.5133, 55.664], [12.5135, 55.6639], [12.5135, 55.664], [12.5142, 55.664], [12.5142, 55.6639], [12.5143, 55.6639], [12.5146, 55.6639], [12.5157, 55.6639], [12.5146, 55.6639], [12.514, 55.6639], [12.5136, 55.6639], [12.5122, 55.6639], [12.5121, 55.6639], [12.5119, 55.6639], [12.5118, 55.6639], [12.5115, 55.664]], [[12.4459, 55.7182], [12.4436, 55.7189], [12.4434, 55.7189]], [[12.3851, 55.7248], [12.3854, 55.7248], [12.3861, 55.7247], [12.3879, 55.7245], [12.3851, 55.7248]], [[12.3568, 55.7304], [12.3592, 55.7294]], [[12.5837, 55.6905], [12.5833, 55.6903], [12.5826, 55.6899]], [[12.5826, 55.6899], [12.5821, 55.6897], [12.582, 55.6896], [12.5817, 55.6894], [12.5802, 55.6887]], [[12.5802, 55.6887], [12.5799, 55.6885], [12.5797, 55.6884], [12.5772, 55.687], [12.5769, 55.6869], [12.5766, 55.6867], [12.5763, 55.6865], [12.5758, 55.6862], [12.5734, 55.6845], [12.5726, 55.6841], [12.5723, 55.6839], [12.5717, 55.6835], [12.5712, 55.6832], [12.5709, 55.6829], [12.5697, 55.682], [12.5692, 55.6816]], [[12.5692, 55.6816], [12.5676, 55.6804], [12.5673, 55.6802]], [[12.5673, 55.6802], [12.5671, 55.68], [12.5669, 55.6799], [12.5667, 55.6798], [12.5663, 55.6795], [12.5661, 55.6795]], [[12.5661, 55.6795], [12.5654, 55.6791], [12.5651, 55.679], [12.5645, 55.6787], [12.5644, 55.6786], [12.5643, 55.6786]], [[12.5643, 55.6786], [12.5642, 55.6786], [12.564, 55.6784], [12.5639, 55.6784], [12.5637, 55.6782], [12.5635, 55.6781], [12.5633, 55.6779], [12.5632, 55.6778], [12.563, 55.6776], [12.563, 55.6775], [12.5629, 55.6774], [12.5628, 55.6773], [12.5627, 55.6771], [12.5626, 55.677], [12.5625, 55.6768], [12.5624, 55.6767], [12.5624, 55.6766], [12.5624, 55.6765], [12.5623, 55.6762], [12.5623, 55.6761], [12.5623, 55.6759], [12.5623, 55.6758]], [[12.5623, 55.6758], [12.5623, 55.6757], [12.5623, 55.6756], [12.5624, 55.6754], [12.5624, 55.6753], [12.5625, 55.6751]], [[12.5625, 55.6751], [12.5626, 55.6749], [12.5629, 55.6741], [12.5631, 55.6739], [12.5631, 55.6737]], [[12.5631, 55.6737], [12.5633, 55.6733], [12.5634, 55.6732], [12.5634, 55.6731], [12.5635, 55.673], [12.5636, 55.6728], [12.5638, 55.6726], [12.5642, 55.6723]], [[12.5642, 55.6723], [12.5644, 55.6721], [12.5649, 55.6716], [12.5651, 55.6715], [12.5652, 55.6713]], [[12.5652, 55.6713], [12.5653, 55.6712], [12.5654, 55.6711], [12.5655, 55.6709], [12.5655, 55.6707], [12.5655, 55.6706], [12.5656, 55.6705]], [[12.5656, 55.6705], [12.5656, 55.6704], [12.5657, 55.6703], [12.5657, 55.6702], [12.5657, 55.6701], [12.5657, 55.67], [12.5657, 55.6699], [12.5657, 55.6698], [12.5657, 55.6697], [12.5657, 55.6696], [12.5656, 55.6695], [12.5656, 55.6694], [12.5656, 55.6692], [12.5655, 55.6691], [12.5655, 55.669], [12.5654, 55.6689], [12.5654, 55.6688], [12.5653, 55.6687], [12.5652, 55.6686], [12.5651, 55.6685], [12.565, 55.6684], [12.5649, 55.6682], [12.5648, 55.6681], [12.5647, 55.668], [12.5645, 55.668], [12.5644, 55.6679], [12.5643, 55.6678], [12.5642, 55.6677], [12.564, 55.6676], [12.5638, 55.6675], [12.5637, 55.6674]], [[12.5637, 55.6674], [12.5635, 55.6673], [12.5632, 55.6672], [12.5626, 55.6669], [12.5622, 55.6667], [12.5618, 55.6665], [12.5615, 55.6664], [12.5613, 55.6663]], [[12.5613, 55.6663], [12.5602, 55.6658], [12.56, 55.6656], [12.5597, 55.6655], [12.5595, 55.6654], [12.5592, 55.6653], [12.5591, 55.6653]], [[12.5591, 55.6653], [12.5582, 55.665]], [[12.5582, 55.665], [12.5581, 55.665], [12.5579, 55.665], [12.5577, 55.6649], [12.5575, 55.6649], [12.5572, 55.6648], [12.557, 55.6648], [12.5568, 55.6647], [12.5565, 55.6647], [12.5563, 55.6647], [12.556, 55.6646], [12.5555, 55.6646], [12.5545, 55.6645]], [[12.5545, 55.6645], [12.5539, 55.6644], [12.5533, 55.6644], [12.5525, 55.6643], [12.5521, 55.6642], [12.5512, 55.6641], [12.5508, 55.6641], [12.5505, 55.664], [12.5501, 55.664]], [[12.5501, 55.664], [12.5475, 55.6636], [12.5473, 55.6636], [12.5471, 55.6635], [12.5469, 55.6635], [12.5467, 55.6635], [12.5466, 55.6634], [12.5464, 55.6634], [12.5462, 55.6633], [12.546, 55.6633], [12.5458, 55.6632], [12.5453, 55.6631], [12.5451, 55.663], [12.545, 55.663], [12.5448, 55.663], [12.5446, 55.6629], [12.5444, 55.6629], [12.5442, 55.6629], [12.544, 55.6628], [12.5438, 55.6628], [12.5436, 55.6628], [12.5434, 55.6628], [12.5431, 55.6628], [12.5429, 55.6628], [12.5427, 55.6628], [12.5425, 55.6628], [12.5423, 55.6628], [12.5421, 55.6628], [12.5413, 55.6629], [12.5401, 55.6632], [12.5396, 55.6632], [12.5392, 55.6633], [12.5388, 55.6633], [12.5384, 55.6634]], [[12.5384, 55.6634], [12.5378, 55.6634], [12.5373, 55.6635], [12.5369, 55.6635], [12.5365, 55.6635], [12.5362, 55.6635], [12.5359, 55.6635], [12.5353, 55.6635]], [[12.5353, 55.6635], [12.5345, 55.6635], [12.5343, 55.6635], [12.5341, 55.6635], [12.534, 55.6635], [12.5338, 55.6635], [12.5336, 55.6635], [12.5332, 55.6635], [12.5328, 55.6635], [12.5325, 55.6635], [12.5309, 55.6636]], [[12.5309, 55.6636], [12.5234, 55.6637], [12.5206, 55.6638]], [[12.5206, 55.6638], [12.5203, 55.6638]], [[12.5203, 55.6638], [12.5195, 55.6638], [12.5185, 55.6638], [12.5182, 55.6638], [12.5173, 55.6638]], [[12.5173, 55.6638], [12.5172, 55.6638], [12.5163, 55.6638], [12.5157, 55.6638], [12.5146, 55.6639], [12.514, 55.6639], [12.5136, 55.6639], [12.5132, 55.6639], [12.5122, 55.6639], [12.5121, 55.6639], [12.5119, 55.6639], [12.5118, 55.6639], [12.5112, 55.664]], [[12.5112, 55.664], [12.5103, 55.6641], [12.5093, 55.6642], [12.5089, 55.6643], [12.5087, 55.6643], [12.5085, 55.6643], [12.5083, 55.6644], [12.5082, 55.6644], [12.508, 55.6644], [12.5078, 55.6645], [12.5076, 55.6645], [12.5074, 55.6646], [12.5073, 55.6647], [12.5071, 55.6647], [12.5069, 55.6648], [12.5068, 55.6649], [12.5066, 55.6649], [12.5064, 55.6651], [12.5062, 55.6651], [12.5061, 55.6652], [12.5059, 55.6654], [12.5055, 55.6656], [12.5054, 55.6657], [12.5053, 55.6658], [12.5051, 55.6659], [12.505, 55.6661], [12.5049, 55.6662], [12.5048, 55.6663], [12.5047, 55.6664], [12.5046, 55.6666]], [[12.5046, 55.6666], [12.5045, 55.6667], [12.5044, 55.6669], [12.5043, 55.6671]], [[12.5043, 55.6671], [12.5043, 55.6672], [12.5042, 55.6674], [12.5041, 55.6676], [12.504, 55.6679], [12.504, 55.6682], [12.504, 55.6685], [12.504, 55.6689], [12.5041, 55.669], [12.5041, 55.6692], [12.5042, 55.6693], [12.5043, 55.6695]], [[12.5043, 55.6695], [12.5043, 55.6696], [12.5044, 55.6697], [12.5047, 55.6702], [12.5049, 55.6705], [12.505, 55.6707], [12.5051, 55.6709], [12.5052, 55.6711], [12.5053, 55.6713]], [[12.5053, 55.6713], [12.5054, 55.6716], [12.5054, 55.6718], [12.5054, 55.672]], [[12.5054, 55.6724], [12.5054, 55.6726], [12.5054, 55.6728], [12.5054, 55.673], [12.5053, 55.6732], [12.5052, 55.6734], [12.5046, 55.6753]], [[12.5046, 55.6753], [12.5046, 55.6754]], [[12.5046, 55.6754], [12.5045, 55.6758], [12.5044, 55.6759], [12.5043, 55.6764], [12.5042, 55.6766], [12.504, 55.6772], [12.5039, 55.6776], [12.5038, 55.6779], [12.5037, 55.678], [12.5037, 55.6782], [12.5036, 55.6783], [12.5036, 55.6784]], [[12.5036, 55.6784], [12.5034, 55.6788]], [[12.5034, 55.6788], [12.5033, 55.679], [12.5032, 55.6793], [12.5031, 55.6795], [12.503, 55.6797], [12.5028, 55.6799], [12.5027, 55.6801], [12.5018, 55.6813]], [[12.5018, 55.6813], [12.5011, 55.6823]], [[12.5011, 55.6823], [12.501, 55.6825]], [[12.501, 55.6825], [12.5008, 55.6827], [12.5006, 55.683], [12.5001, 55.6837], [12.5, 55.6838], [12.4999, 55.684]], [[12.4999, 55.684], [12.4995, 55.6846], [12.4993, 55.6848], [12.4992, 55.685], [12.499, 55.6851], [12.4989, 55.6853]], [[12.4989, 55.6853], [12.4987, 55.6854], [12.4985, 55.6856]], [[12.4985, 55.6856], [12.4983, 55.6857], [12.498, 55.6858], [12.4978, 55.686], [12.4976, 55.686]], [[12.4976, 55.686], [12.4974, 55.6861], [12.4973, 55.6862], [12.4971, 55.6862], [12.4968, 55.6863], [12.4966, 55.6863], [12.4964, 55.6864], [12.4963, 55.6864], [12.4962, 55.6864], [12.496, 55.6865], [12.4958, 55.6865], [12.4955, 55.6865]], [[12.4955, 55.6865], [12.4953, 55.6866], [12.4942, 55.6867], [12.4939, 55.6868], [12.4933, 55.6869], [12.4926, 55.687], [12.4923, 55.6871]], [[12.4923, 55.6871], [12.4919, 55.6872], [12.4915, 55.6872], [12.4912, 55.6873], [12.4904, 55.6875]], [[12.4904, 55.6875], [12.4899, 55.6876]], [[12.4899, 55.6876], [12.4896, 55.6876], [12.4884, 55.6878], [12.4879, 55.6879], [12.4875, 55.688], [12.487, 55.6881], [12.486, 55.6883], [12.4852, 55.6884], [12.4846, 55.6885], [12.4838, 55.6887], [12.4835, 55.6887], [12.4831, 55.6888]], [[12.4831, 55.6888], [12.4828, 55.6889], [12.4825, 55.6889], [12.482, 55.689]], [[12.482, 55.689], [12.4818, 55.6891], [12.4815, 55.6892]], [[12.4815, 55.6892], [12.4813, 55.6892], [12.4809, 55.6893], [12.4807, 55.6894], [12.4805, 55.6894], [12.4802, 55.6896], [12.4797, 55.6897], [12.4793, 55.6899], [12.479, 55.69], [12.4785, 55.6902], [12.478, 55.6904], [12.4777, 55.6905], [12.4772, 55.6908]], [[12.4772, 55.6908], [12.4766, 55.691]], [[12.4766, 55.691], [12.4762, 55.6912], [12.4757, 55.6914], [12.4754, 55.6916], [12.475, 55.6918], [12.4747, 55.692], [12.4744, 55.6922], [12.4741, 55.6924], [12.4738, 55.6926], [12.4735, 55.6929], [12.4732, 55.6931], [12.473, 55.6933], [12.4727, 55.6935], [12.4725, 55.6938], [12.4722, 55.694], [12.472, 55.6943], [12.4718, 55.6945], [12.4716, 55.6948], [12.4713, 55.6951], [12.4712, 55.6953], [12.4711, 55.6955], [12.471, 55.6955], [12.4708, 55.6959], [12.4706, 55.6963], [12.4704, 55.6966], [12.4703, 55.6971], [12.4701, 55.6974], [12.4698, 55.6981], [12.4696, 55.6987], [12.4695, 55.6989], [12.4693, 55.6993], [12.4692, 55.6995]], [[12.4692, 55.6995], [12.4691, 55.6999]], [[12.4691, 55.6999], [12.4689, 55.7002], [12.4688, 55.7006], [12.4686, 55.7012], [12.4684, 55.7017], [12.4682, 55.7023], [12.468, 55.7028], [12.4678, 55.7033], [12.4675, 55.7039], [12.4674, 55.7042], [12.4673, 55.7044], [12.4671, 55.7049], [12.4669, 55.7055], [12.4666, 55.706], [12.4665, 55.7062]], [[12.4665, 55.7062], [12.4665, 55.7063]], [[12.4665, 55.7063], [12.4664, 55.7065], [12.4662, 55.7068], [12.466, 55.707], [12.4659, 55.7072], [12.4658, 55.7074], [12.4656, 55.7077], [12.4655, 55.7079], [12.4652, 55.7082], [12.4649, 55.7085], [12.4647, 55.7088], [12.4645, 55.709], [12.4643, 55.7093], [12.4641, 55.7095], [12.464, 55.7096], [12.4632, 55.7103], [12.4628, 55.7107], [12.4624, 55.711], [12.462, 55.7114], [12.4614, 55.7117]], [[12.4614, 55.7117], [12.4614, 55.7118]], [[12.4614, 55.7118], [12.461, 55.7121], [12.4606, 55.7123], [12.4603, 55.7125], [12.4596, 55.713], [12.459, 55.7133], [12.4584, 55.7136], [12.4578, 55.7139], [12.4571, 55.7143], [12.4565, 55.7146], [12.456, 55.7148], [12.4554, 55.715], [12.455, 55.7152], [12.4545, 55.7154], [12.454, 55.7155], [12.4535, 55.7157], [12.4533, 55.7158], [12.4522, 55.7161], [12.4519, 55.7163]], [[12.4519, 55.7163], [12.4514, 55.7164], [12.4508, 55.7166], [12.4502, 55.7168], [12.4493, 55.7171], [12.448, 55.7175], [12.4479, 55.7175], [12.4472, 55.7177], [12.4459, 55.7182], [12.4436, 55.7189], [12.443, 55.7191], [12.4424, 55.7193], [12.4418, 55.7194], [12.4408, 55.7197], [12.4406, 55.7198], [12.4401, 55.7199], [12.4398, 55.72], [12.4394, 55.7201], [12.4392, 55.7202], [12.439, 55.7202], [12.4387, 55.7203], [12.4384, 55.7204], [12.4381, 55.7205], [12.4378, 55.7205], [12.4371, 55.7207], [12.4366, 55.7208]], [[12.4366, 55.7208], [12.436, 55.7209], [12.4352, 55.721], [12.4343, 55.7211], [12.4335, 55.7212], [12.4333, 55.7212], [12.4323, 55.7213], [12.4313, 55.7214], [12.4302, 55.7214], [12.4291, 55.7215], [12.4285, 55.7215]], [[12.4281, 55.7215], [12.4176, 55.7219], [12.4163, 55.7219], [12.4153, 55.722], [12.4142, 55.722], [12.4132, 55.7221], [12.4122, 55.7222], [12.4112, 55.7223], [12.4072, 55.7227], [12.4061, 55.7228], [12.4049, 55.7229]], [[12.4049, 55.7229], [12.4042, 55.723]], [[12.4042, 55.723], [12.4027, 55.7231], [12.402, 55.7232], [12.4008, 55.7233], [12.3993, 55.7234], [12.3967, 55.7236], [12.3908, 55.7242], [12.388, 55.7245]], [[12.388, 55.7245], [12.3865, 55.7246], [12.3863, 55.7246], [12.3857, 55.7247], [12.3849, 55.7248]], [[12.3849, 55.7248], [12.3821, 55.725]], [[12.3821, 55.725], [12.3806, 55.7252], [12.3719, 55.726], [12.3715, 55.726], [12.3711, 55.726], [12.3707, 55.7261], [12.3706, 55.7261], [12.3703, 55.7261], [12.3701, 55.7262], [12.3699, 55.7262], [12.3696, 55.7262], [12.3694, 55.7263], [12.369, 55.7263], [12.3687, 55.7264], [12.3682, 55.7265], [12.3678, 55.7266], [12.3673, 55.7267], [12.3668, 55.7268], [12.3662, 55.7269], [12.3657, 55.7271], [12.3651, 55.7272], [12.3646, 55.7274], [12.364, 55.7275], [12.3635, 55.7277], [12.3629, 55.7279], [12.3627, 55.728], [12.3621, 55.7282], [12.3617, 55.7284]], [[12.3617, 55.7284], [12.3615, 55.7285], [12.3607, 55.7288], [12.3601, 55.729]], [[12.3601, 55.729], [12.36, 55.7291]], [[12.36, 55.7291], [12.3599, 55.7291], [12.3596, 55.7293]], [[12.3596, 55.7293], [12.3586, 55.7296]], [[12.3586, 55.7296], [12.3584, 55.7298], [12.3578, 55.73]]]}, "properties": {"ref": "H", "opened_year": 1989, "segment_count": 161}}]}