{"type": "FeatureCollection", "features": [{"type": "Feature", "geometry": {"type": "MultiLineString", "coordinates": [[[8.2446, 50.0691], [8.2449, 50.0686], [8.245, 50.0684], [8.2451, 50.0683], [8.2453, 50.0678], [8.2455, 50.0675], [8.2457, 50.0672], [8.2458, 50.0671], [8.2456, 50.0675], [8.2456, 50.0676], [8.2454, 50.0679], [8.2452, 50.0683], [8.2451, 50.0684], [8.245, 50.0686], [8.2447, 50.0691], [8.2446, 50.0692], [8.2444, 50.0697], [8.2441, 50.0701], [8.2439, 50.0706], [8.2438, 50.0705], [8.244, 50.0701], [8.2443, 50.0696], [8.2445, 50.0694], [8.2446, 50.0692], [8.2446, 50.0691]], [[8.4567, 50.0394], [8.4568, 50.0394], [8.4566, 50.0393], [8.456, 50.0387], [8.4554, 50.0382], [8.4553, 50.0382], [8.4559, 50.0387], [8.4566, 50.0393], [8.4567, 50.0394]], [[8.5122, 50.0873], [8.5121, 50.0873], [8.5118, 50.0871], [8.5114, 50.0867], [8.5104, 50.0859], [8.5105, 50.0858], [8.5108, 50.0861], [8.5115, 50.0867], [8.5118, 50.087], [8.5119, 50.087], [8.5121, 50.0873], [8.5122, 50.0873]], [[8.5701, 50.1027], [8.5705, 50.1026], [8.5708, 50.1025], [8.5711, 50.1024], [8.5717, 50.1022], [8.572, 50.1021], [8.573, 50.1018], [8.5729, 50.1017], [8.5722, 50.102], [8.5717, 50.1022], [8.5714, 50.1023], [8.5713, 50.1023], [8.5708, 50.1025], [8.5705, 50.1025], [8.5701, 50.1027]], [[8.7848, 50.1026], [8.784, 50.1026], [8.7836, 50.1025], [8.7837, 50.1025], [8.784, 50.1025], [8.7841, 50.1025], [8.7848, 50.1026], [8.785, 50.1026], [8.7852, 50.1026], [8.7865, 50.1027], [8.7865, 50.1028], [8.7852, 50.1027], [8.7848, 50.1026]], [[8.8305, 50.0814], [8.8297, 50.0815], [8.8296, 50.0815], [8.8295, 50.0815], [8.8283, 50.0817], [8.8282, 50.0817], [8.8281, 50.0817], [8.828, 50.0817], [8.828, 50.0818], [8.8279, 50.0818], [8.8278, 50.0818], [8.8276, 50.0818], [8.8277, 50.0818], [8.8282, 50.0818], [8.8296, 50.0815], [8.8305, 50.0814]], [[8.8758, 50.0385], [8.8758, 50.0384], [8.8758, 50.0383], [8.8759, 50.0383], [8.8759, 50.0382], [8.8759, 50.0381], [8.876, 50.0381], [8.8759, 50.0383], [8.8759, 50.0384], [8.8758, 50.0387], [8.8758, 50.0389], [8.8757, 50.0392], [8.8756, 50.0396], [8.8756, 50.0397], [8.8755, 50.0399], [8.8754, 50.0399], [8.8755, 50.0399], [8.8755, 50.0397], [8.8756, 50.0395], [8.8757, 50.0392], [8.8757, 50.0389], [8.8758, 50.0387], [8.8758, 50.0385]], [[8.8786, 50.0268], [8.8787, 50.0266], [8.8788, 50.0261], [8.8791, 50.025], [8.8791, 50.0249], [8.879, 50.0249], [8.879, 50.025], [8.8789, 50.0253], [8.8789, 50.0254], [8.8788, 50.026], [8.8787, 50.0259], [8.8787, 50.026], [8.8787, 50.0261], [8.8788, 50.0261], [8.8787, 50.0261], [8.8787, 50.0262], [8.8787, 50.0263], [8.8787, 50.0264], [8.8786, 50.0266], [8.8786, 50.0267], [8.8786, 50.0268]], [[8.8839, 50.0117], [8.8839, 50.0118], [8.884, 50.0117], [8.8842, 50.0111], [8.8844, 50.0108], [8.8846, 50.0102], [8.8847, 50.01], [8.8846, 50.01], [8.8846, 50.0102], [8.8845, 50.0102], [8.8845, 50.0104], [8.8844, 50.0107], [8.8843, 50.0107], [8.8843, 50.0108], [8.8842, 50.0111], [8.8841, 50.0113], [8.884, 50.0113], [8.884, 50.0114], [8.884, 50.0117], [8.8839, 50.0117]], [[8.8689, 49.9966], [8.8681, 49.9963], [8.8681, 49.9962], [8.8691, 49.9966], [8.8701, 49.997], [8.8703, 49.9971], [8.8706, 49.9972], [8.8706, 49.9973], [8.8704, 49.9972], [8.8703, 49.9972], [8.8701, 49.9971], [8.8698, 49.997], [8.8697, 49.9969], [8.8691, 49.9967], [8.869, 49.9967], [8.869, 49.9966], [8.8689, 49.9966]], [[8.2439, 50.0705], [8.244, 50.0704], [8.2447, 50.0691]], [[8.2447, 50.0691], [8.2452, 50.0683]], [[8.2452, 50.0683], [8.2453, 50.0681], [8.2455, 50.0678], [8.2456, 50.0676], [8.2456, 50.0675], [8.2458, 50.0672], [8.246, 50.067]], [[8.246, 50.067], [8.246, 50.0668], [8.2461, 50.0666]], [[8.2461, 50.0666], [8.2463, 50.066]], [[8.2463, 50.066], [8.2464, 50.0659], [8.2465, 50.0655]], [[8.2465, 50.0655], [8.2466, 50.0652]], [[8.2466, 50.0652], [8.2467, 50.0652]], [[8.2469, 50.0647], [8.2467, 50.0652]], [[8.2474, 50.064], [8.2471, 50.0644], [8.247, 50.0645], [8.247, 50.0646], [8.2469, 50.0647]], [[8.2477, 50.0635], [8.2475, 50.0637], [8.2474, 50.064]], [[8.2477, 50.0635], [8.2479, 50.0632]], [[8.2495, 50.0614], [8.2491, 50.0618], [8.2488, 50.0622], [8.2479, 50.0632]], [[8.2546, 50.0553], [8.2542, 50.0564], [8.254, 50.0567], [8.2539, 50.0571], [8.2535, 50.0578], [8.2533, 50.0582], [8.2531, 50.0585], [8.2529, 50.0588], [8.2526, 50.059], [8.2524, 50.0592], [8.2522, 50.0593], [8.252, 50.0595], [8.2509, 50.0603], [8.2508, 50.0603], [8.2505, 50.0606], [8.2501, 50.0608], [8.2498, 50.0611], [8.2495, 50.0614]], [[8.2551, 50.054], [8.255, 50.0543], [8.255, 50.0544], [8.2548, 50.0548], [8.2546, 50.0553]], [[8.2555, 50.0519], [8.2555, 50.0524], [8.2554, 50.0527], [8.2554, 50.0528], [8.2554, 50.0529], [8.2553, 50.0535], [8.2551, 50.054]], [[8.2555, 50.0516], [8.2555, 50.0519]], [[8.2554, 50.0489], [8.2555, 50.0495], [8.2555, 50.0501], [8.2555, 50.0506], [8.2555, 50.0511], [8.2555, 50.0512], [8.2555, 50.0516]], [[8.2554, 50.0489], [8.2553, 50.0482]], [[8.2553, 50.0482], [8.2553, 50.0478], [8.2551, 50.0468], [8.2551, 50.0466]], [[8.2551, 50.0466], [8.255, 50.0462], [8.2549, 50.0457], [8.2549, 50.0455], [8.2549, 50.0454], [8.2549, 50.0452], [8.2549, 50.045], [8.2549, 50.0448]], [[8.2549, 50.0448], [8.2549, 50.0447]], [[8.2549, 50.0447], [8.255, 50.044], [8.2551, 50.0437], [8.2551, 50.0434]], [[8.2551, 50.0434], [8.2553, 50.0428], [8.2554, 50.0426], [8.2555, 50.0424]], [[8.2555, 50.0424], [8.2557, 50.0421], [8.2558, 50.0419], [8.2559, 50.0418], [8.256, 50.0418], [8.2561, 50.0416], [8.2562, 50.0415], [8.2564, 50.0413], [8.2564, 50.0412], [8.2567, 50.0409], [8.2568, 50.0408], [8.2569, 50.0408], [8.2571, 50.0406], [8.2573, 50.0403], [8.2577, 50.0399], [8.2578, 50.0398]], [[8.2578, 50.0398], [8.2582, 50.0394], [8.2583, 50.0393], [8.2589, 50.0387], [8.26, 50.0376], [8.2605, 50.0371], [8.2608, 50.0367]], [[8.2608, 50.0367], [8.2614, 50.0361]], [[8.2614, 50.0361], [8.2625, 50.0349], [8.2631, 50.0341], [8.2633, 50.034], [8.2642, 50.0329], [8.2643, 50.0328], [8.2652, 50.0318], [8.2661, 50.0308], [8.2664, 50.0305], [8.2669, 50.03], [8.2674, 50.0296]], [[8.2674, 50.0296], [8.2679, 50.0291], [8.268, 50.0291], [8.2685, 50.0286], [8.2687, 50.0285], [8.2694, 50.0279], [8.2697, 50.0276], [8.2703, 50.0271], [8.271, 50.0265], [8.2713, 50.0262], [8.2723, 50.0253], [8.2729, 50.0247], [8.2736, 50.0241], [8.2745, 50.0231], [8.2754, 50.022], [8.2765, 50.0204], [8.2769, 50.0196], [8.2774, 50.0188], [8.2775, 50.0186], [8.2775, 50.0185], [8.2777, 50.018], [8.278, 50.0174], [8.2782, 50.0166], [8.2793, 50.0137], [8.2795, 50.0131], [8.2795, 50.0129], [8.2797, 50.0123], [8.28, 50.0115], [8.2801, 50.0112], [8.2802, 50.0109], [8.2804, 50.0104], [8.2804, 50.0103], [8.2804, 50.0102]], [[8.2804, 50.0102], [8.2805, 50.0101], [8.2806, 50.0095], [8.2807, 50.0093], [8.2807, 50.0091], [8.2808, 50.0091]], [[8.2808, 50.0091], [8.2808, 50.0089]], [[8.2808, 50.0089], [8.2809, 50.0088], [8.2809, 50.0087], [8.281, 50.0085]], [[8.281, 50.0085], [8.2812, 50.0083]], [[8.2812, 50.0083], [8.2812, 50.0082]], [[8.2812, 50.0082], [8.2816, 50.0078], [8.2818, 50.0076], [8.282, 50.0074], [8.2823, 50.0072], [8.2825, 50.007], [8.2828, 50.0068], [8.2832, 50.0066], [8.2833, 50.0065], [8.2834, 50.0064], [8.2835, 50.0064], [8.2837, 50.0063]], [[8.2837, 50.0063], [8.2852, 50.0054], [8.2861, 50.0049], [8.2864, 50.0048], [8.2868, 50.0045], [8.2872, 50.0044], [8.2877, 50.0042], [8.288, 50.0041], [8.2883, 50.004], [8.2887, 50.0039], [8.2891, 50.0038], [8.2899, 50.0037], [8.2908, 50.0035], [8.2912, 50.0035], [8.2917, 50.0035], [8.2924, 50.0035], [8.2927, 50.0035], [8.2928, 50.0035], [8.2933, 50.0035], [8.2937, 50.0035], [8.2943, 50.0035], [8.2951, 50.0036], [8.2956, 50.0037]], [[8.2956, 50.0037], [8.2966, 50.0038]], [[8.2966, 50.0038], [8.3136, 50.0059], [8.3139, 50.0059], [8.3145, 50.006], [8.315, 50.006], [8.3156, 50.0061], [8.3161, 50.0061], [8.3165, 50.0061]], [[8.3165, 50.0061], [8.3209, 50.0062]], [[8.3209, 50.0062], [8.3232, 50.0063], [8.3239, 50.0063], [8.3246, 50.0063]], [[8.3246, 50.0063], [8.3251, 50.0063], [8.3255, 50.0063], [8.326, 50.0063], [8.3266, 50.0063], [8.327, 50.0063], [8.3275, 50.0062], [8.3282, 50.0062]], [[8.3282, 50.0062], [8.3284, 50.0062]], [[8.3284, 50.0062], [8.3355, 50.0056], [8.34, 50.0052], [8.3408, 50.0051], [8.3411, 50.0051], [8.3414, 50.0051]], [[8.3414, 50.0051], [8.3421, 50.005], [8.3443, 50.0048]], [[8.3443, 50.0048], [8.3449, 50.0047]], [[8.3449, 50.0047], [8.3474, 50.0045], [8.3491, 50.0044], [8.3503, 50.0043], [8.3508, 50.0042], [8.3511, 50.0042], [8.3519, 50.0041], [8.3526, 50.0041]], [[8.3526, 50.0041], [8.353, 50.0041], [8.3533, 50.004], [8.3541, 50.004], [8.3547, 50.004], [8.3565, 50.0039], [8.3584, 50.0038], [8.3585, 50.0038], [8.3607, 50.0037], [8.3658, 50.0037], [8.3679, 50.0036], [8.3696, 50.0036], [8.3701, 50.0036], [8.3706, 50.0035], [8.3713, 50.0035], [8.372, 50.0035], [8.3727, 50.0034], [8.3735, 50.0033], [8.374, 50.0033], [8.3745, 50.0032], [8.3752, 50.0031], [8.3758, 50.003], [8.3765, 50.0029], [8.3778, 50.0026], [8.3819, 50.0017], [8.3824, 50.0016], [8.383, 50.0015], [8.3836, 50.0014], [8.3842, 50.0013], [8.3847, 50.0012], [8.3853, 50.0011], [8.3859, 50.001], [8.3865, 50.0009], [8.3871, 50.0009], [8.3877, 50.0008], [8.3884, 50.0008], [8.3891, 50.0007], [8.3899, 50.0007], [8.3907, 50.0007], [8.3918, 50.0006], [8.3929, 50.0007], [8.3936, 50.0007], [8.3943, 50.0007], [8.3952, 50.0008], [8.3959, 50.0008], [8.3967, 50.0009], [8.3973, 50.001], [8.3977, 50.001], [8.3982, 50.0011], [8.399, 50.0012], [8.3998, 50.0014], [8.4006, 50.0015], [8.4012, 50.0017], [8.4017, 50.0018], [8.4023, 50.0019]], [[8.4023, 50.0019], [8.4026, 50.002]], [[8.4026, 50.002], [8.4037, 50.0022], [8.4046, 50.0024], [8.4055, 50.0027], [8.4066, 50.003], [8.4074, 50.0032], [8.408, 50.0034], [8.4084, 50.0036], [8.409, 50.0037], [8.4095, 50.0039], [8.4106, 50.0043], [8.4116, 50.0047], [8.4123, 50.005], [8.4124, 50.005], [8.4128, 50.0052]], [[8.4128, 50.0052], [8.413, 50.0052]], [[8.413, 50.0052], [8.414, 50.0057], [8.4151, 50.0061], [8.4157, 50.0064], [8.4164, 50.0068], [8.4171, 50.0071], [8.418, 50.0075], [8.4187, 50.008], [8.4203, 50.0088]], [[8.4203, 50.0088], [8.4206, 50.009]], [[8.4206, 50.009], [8.4213, 50.0095], [8.422, 50.0099], [8.423, 50.0106], [8.4235, 50.0109], [8.4239, 50.0112], [8.4249, 50.012], [8.4269, 50.0135], [8.43, 50.0162], [8.4306, 50.0168], [8.431, 50.0171], [8.4313, 50.0174], [8.4314, 50.0175], [8.4318, 50.0178], [8.4322, 50.0182], [8.435, 50.0206]], [[8.435, 50.0206], [8.4354, 50.0209]], [[8.4354, 50.0209], [8.436, 50.0215], [8.443, 50.0275], [8.4457, 50.0299], [8.4483, 50.0322], [8.4527, 50.036], [8.4548, 50.0378], [8.4564, 50.0392], [8.4567, 50.0394], [8.4568, 50.0395], [8.4652, 50.0468], [8.4684, 50.0495], [8.4713, 50.0521], [8.475, 50.0552], [8.4756, 50.0557], [8.4789, 50.0586], [8.4807, 50.0602], [8.481, 50.0605], [8.4818, 50.0611], [8.4826, 50.0618]], [[8.4826, 50.0618], [8.4831, 50.0622], [8.4831, 50.0623]], [[8.4831, 50.0623], [8.4844, 50.0634], [8.485, 50.0639], [8.4863, 50.065], [8.4875, 50.0659], [8.4879, 50.0663], [8.4887, 50.0669], [8.489, 50.0673], [8.4894, 50.0676], [8.4898, 50.068], [8.49, 50.0682], [8.4903, 50.0684], [8.4905, 50.0686]], [[8.4905, 50.0686], [8.4907, 50.0688]], [[8.4907, 50.0688], [8.4908, 50.0689]], [[8.4908, 50.0689], [8.4914, 50.0695], [8.493, 50.0708], [8.4943, 50.072], [8.4979, 50.075], [8.5017, 50.0784]], [[8.5017, 50.0784], [8.5022, 50.0788]], [[8.5022, 50.0788], [8.503, 50.0795], [8.5035, 50.0799], [8.5076, 50.0835], [8.5104, 50.0859], [8.5114, 50.0867], [8.5118, 50.0871], [8.5121, 50.0874], [8.5122, 50.0874]], [[8.5122, 50.0874], [8.5124, 50.0876]], [[8.5124, 50.0876], [8.5129, 50.0881], [8.5133, 50.0884], [8.5143, 50.0892], [8.5172, 50.0917]], [[8.5172, 50.0917], [8.5177, 50.0922], [8.518, 50.0925], [8.5186, 50.0931], [8.519, 50.0936], [8.5193, 50.0939], [8.5197, 50.0943], [8.5199, 50.0945], [8.5201, 50.0946], [8.5205, 50.0949], [8.5208, 50.095], [8.5211, 50.0952], [8.5215, 50.0954], [8.5218, 50.0956]], [[8.5218, 50.0956], [8.5225, 50.0959], [8.5242, 50.0967], [8.5243, 50.0968]], [[8.5243, 50.0968], [8.5246, 50.0969], [8.5248, 50.097], [8.5255, 50.0973], [8.5258, 50.0974], [8.527, 50.0979]], [[8.527, 50.0979], [8.5272, 50.0979], [8.5276, 50.0981], [8.5279, 50.0982], [8.5287, 50.0986], [8.5295, 50.0989], [8.5297, 50.099], [8.5298, 50.099], [8.5307, 50.0994]], [[8.5307, 50.0994], [8.5316, 50.0998], [8.5327, 50.1002], [8.5332, 50.1003]], [[8.5332, 50.1003], [8.5353, 50.1011], [8.5357, 50.1012], [8.5361, 50.1013], [8.5364, 50.1014], [8.5373, 50.1017], [8.5379, 50.1018], [8.5383, 50.1019], [8.5385, 50.102]], [[8.5385, 50.102], [8.539, 50.102], [8.5393, 50.1021]], [[8.5393, 50.1021], [8.5399, 50.1021], [8.5405, 50.1022]], [[8.5405, 50.1022], [8.541, 50.1023], [8.5417, 50.1024], [8.5422, 50.1024], [8.5428, 50.1025], [8.5437, 50.1026], [8.5446, 50.1027], [8.5452, 50.1028], [8.5465, 50.1029], [8.5468, 50.103]], [[8.5468, 50.103], [8.5473, 50.103]], [[8.5473, 50.103], [8.5481, 50.1031], [8.5484, 50.1031], [8.5489, 50.1032], [8.549, 50.1032], [8.5505, 50.1033], [8.5516, 50.1033], [8.5518, 50.1033], [8.5522, 50.1034], [8.5527, 50.1034], [8.5529, 50.1034], [8.5535, 50.1034], [8.554, 50.1034], [8.5556, 50.1034], [8.5563, 50.1033], [8.5575, 50.1033], [8.5612, 50.1033]], [[8.5612, 50.1033], [8.5614, 50.1033]], [[8.5614, 50.1033], [8.5654, 50.1033]], [[8.5654, 50.1033], [8.5659, 50.1033]], [[8.5659, 50.1033], [8.5664, 50.1033], [8.5669, 50.1033], [8.5673, 50.1032], [8.5676, 50.1032], [8.5678, 50.1032], [8.568, 50.1032], [8.5682, 50.1031], [8.5684, 50.1031], [8.5687, 50.1031], [8.5689, 50.103], [8.569, 50.103], [8.5692, 50.1029], [8.5694, 50.1029], [8.5697, 50.1028]], [[8.5697, 50.1028], [8.5702, 50.1027]], [[8.5702, 50.1027], [8.5703, 50.1027], [8.5707, 50.1025], [8.5711, 50.1024], [8.5717, 50.1022], [8.5725, 50.1019], [8.573, 50.1018], [8.5731, 50.1017]], [[8.5731, 50.1017], [8.5741, 50.1014], [8.5777, 50.1001]], [[8.5777, 50.1001], [8.5782, 50.0999]], [[8.5782, 50.0999], [8.5816, 50.0986]], [[8.5816, 50.0986], [8.5823, 50.0983]], [[8.5823, 50.0983], [8.5843, 50.0975], [8.5853, 50.0971], [8.5873, 50.0963], [8.5876, 50.0962], [8.5877, 50.0962], [8.588, 50.0961], [8.5882, 50.096], [8.5885, 50.0959], [8.5888, 50.0958], [8.5891, 50.0957], [8.5894, 50.0956], [8.5896, 50.0955], [8.5899, 50.0954], [8.5902, 50.0954], [8.5905, 50.0953], [8.5908, 50.0952], [8.5911, 50.0951], [8.5914, 50.0951], [8.5916, 50.095], [8.5919, 50.095], [8.5923, 50.0949], [8.5928, 50.0948], [8.5931, 50.0947], [8.5934, 50.0947], [8.5938, 50.0946], [8.5941, 50.0946], [8.5944, 50.0945], [8.5946, 50.0945], [8.5949, 50.0945], [8.5952, 50.0944], [8.5954, 50.0944]], [[8.5954, 50.0944], [8.5957, 50.0944], [8.596, 50.0944], [8.5964, 50.0943], [8.5967, 50.0943], [8.5971, 50.0943], [8.5976, 50.0943], [8.5978, 50.0943], [8.5981, 50.0943], [8.5986, 50.0943]], [[8.5986, 50.0943], [8.5996, 50.0943], [8.6004, 50.0943], [8.6038, 50.0943]], [[8.6038, 50.0943], [8.6056, 50.0943], [8.6072, 50.0943], [8.6073, 50.0943]], [[8.6073, 50.0943], [8.608, 50.0943], [8.6099, 50.0943], [8.6113, 50.0943], [8.6119, 50.0943], [8.6121, 50.0943]], [[8.6268, 50.0943], [8.6239, 50.0943], [8.6237, 50.0943], [8.6226, 50.0943], [8.6225, 50.0943], [8.6195, 50.0943], [8.6186, 50.0943], [8.6171, 50.0943], [8.6143, 50.0943], [8.6133, 50.0943], [8.6127, 50.0943], [8.6122, 50.0943], [8.6121, 50.0943]], [[8.6312, 50.095], [8.6312, 50.0949], [8.6309, 50.0948], [8.6305, 50.0947], [8.6302, 50.0946], [8.6298, 50.0946], [8.6297, 50.0945], [8.6295, 50.0945], [8.6292, 50.0945], [8.629, 50.0944], [8.6286, 50.0944], [8.6283, 50.0944], [8.6279, 50.0944], [8.6279, 50.0943], [8.6275, 50.0943], [8.6268, 50.0943]], [[8.6322, 50.0953], [8.6323, 50.0954], [8.634, 50.096]], [[8.634, 50.096], [8.6342, 50.0961], [8.6343, 50.0962], [8.6354, 50.0966], [8.6359, 50.0968], [8.6361, 50.0968], [8.6376, 50.0974], [8.6378, 50.0975], [8.6384, 50.0977], [8.6385, 50.0978], [8.6391, 50.0981], [8.6399, 50.0984], [8.641, 50.0988], [8.6421, 50.0992], [8.6428, 50.0995], [8.6432, 50.0997], [8.6435, 50.0998], [8.6439, 50.1], [8.6442, 50.1001], [8.6445, 50.1003], [8.6448, 50.1004], [8.6455, 50.1006], [8.6457, 50.1007], [8.646, 50.1008], [8.6464, 50.101], [8.6471, 50.1013], [8.6474, 50.1014], [8.6478, 50.1016]], [[8.6478, 50.1016], [8.6479, 50.1016], [8.648, 50.1016], [8.6484, 50.1018], [8.6485, 50.1018], [8.649, 50.102]], [[8.649, 50.102], [8.6491, 50.1021]], [[8.6491, 50.1021], [8.6493, 50.1022]], [[8.6493, 50.1022], [8.6503, 50.1025], [8.6506, 50.1026], [8.6506, 50.1027]], [[8.6506, 50.1027], [8.6507, 50.1027], [8.6519, 50.1031], [8.652, 50.1032], [8.6524, 50.1033]], [[8.7145, 50.1041], [8.7146, 50.1041], [8.7157, 50.1042], [8.7179, 50.1042]], [[8.7179, 50.1042], [8.7193, 50.1043], [8.7201, 50.1043], [8.721, 50.1044], [8.7234, 50.1045], [8.7243, 50.1045]], [[8.7243, 50.1045], [8.7257, 50.1046], [8.7272, 50.1047]], [[8.7272, 50.1047], [8.7275, 50.1047], [8.7284, 50.1048]], [[8.7284, 50.1048], [8.7285, 50.1048], [8.7296, 50.1048], [8.7315, 50.1049], [8.7316, 50.1049]], [[8.7817, 50.1025], [8.7816, 50.1025], [8.7814, 50.1025], [8.7812, 50.1025], [8.781, 50.1025], [8.7802, 50.1024], [8.7798, 50.1023]], [[8.7817, 50.1025], [8.782, 50.1025], [8.7824, 50.1025], [8.7827, 50.1025], [8.7829, 50.1025]], [[8.7829, 50.1025], [8.7832, 50.1025], [8.7835, 50.1025]], [[8.7835, 50.1025], [8.7836, 50.1025], [8.7838, 50.1026], [8.784, 50.1026]], [[8.784, 50.1026], [8.7846, 50.1026], [8.7848, 50.1026]], [[8.7848, 50.1026], [8.7849, 50.1026], [8.785, 50.1026], [8.7855, 50.1027], [8.7858, 50.1027], [8.786, 50.1027]], [[8.786, 50.1027], [8.7865, 50.1028]], [[8.7865, 50.1028], [8.7874, 50.1028], [8.7878, 50.1029], [8.7881, 50.1029], [8.7885, 50.1029]], [[8.7885, 50.1029], [8.7886, 50.1029], [8.7888, 50.1029], [8.7895, 50.1029], [8.7906, 50.1029]], [[8.7906, 50.1029], [8.791, 50.1029]], [[8.791, 50.1029], [8.7911, 50.1029], [8.7915, 50.1029], [8.7918, 50.1029], [8.7921, 50.1029], [8.7923, 50.1028], [8.7926, 50.1028]], [[8.7926, 50.1028], [8.793, 50.1028], [8.7936, 50.1027], [8.794, 50.1027], [8.7943, 50.1026], [8.7945, 50.1026], [8.7948, 50.1025], [8.7952, 50.1024], [8.7955, 50.1024], [8.7959, 50.1023], [8.7964, 50.1021], [8.7966, 50.1021]], [[8.7966, 50.1021], [8.7969, 50.102], [8.7974, 50.1018], [8.7979, 50.1015], [8.7984, 50.1013], [8.7989, 50.1011], [8.7993, 50.1008], [8.7996, 50.1006], [8.7997, 50.1006], [8.7998, 50.1004], [8.8001, 50.1003], [8.8003, 50.1001], [8.8005, 50.1], [8.8007, 50.0997], [8.8008, 50.0996], [8.8009, 50.0996], [8.8012, 50.0993], [8.8021, 50.0982], [8.8025, 50.0977]], [[8.8025, 50.0977], [8.8033, 50.0967], [8.804, 50.0959], [8.8047, 50.0951], [8.8047, 50.095], [8.8059, 50.0937], [8.8067, 50.0926], [8.8071, 50.0922], [8.8076, 50.0916]], [[8.8076, 50.0916], [8.8078, 50.0913], [8.8079, 50.0912], [8.8085, 50.0905], [8.8086, 50.0903], [8.8087, 50.0901], [8.8091, 50.0898]], [[8.8093, 50.0895], [8.8091, 50.0898]], [[8.8093, 50.0894], [8.8093, 50.0895]], [[8.8094, 50.0894], [8.8093, 50.0894]], [[8.8121, 50.0861], [8.8114, 50.087], [8.8113, 50.0871], [8.81, 50.0887], [8.8094, 50.0894]], [[8.8121, 50.0861], [8.8124, 50.0858], [8.8126, 50.0856], [8.8127, 50.0855]], [[8.8127, 50.0855], [8.8129, 50.0852], [8.8132, 50.085], [8.8133, 50.0849], [8.8135, 50.0847], [8.8137, 50.0846], [8.8139, 50.0844], [8.8141, 50.0843], [8.8143, 50.0842], [8.8144, 50.0842], [8.8145, 50.0841], [8.8147, 50.084], [8.8148, 50.084], [8.8151, 50.0839], [8.8153, 50.0838], [8.8158, 50.0838], [8.8163, 50.0837], [8.8171, 50.0835], [8.8172, 50.0835]], [[8.8172, 50.0835], [8.8199, 50.0831], [8.8203, 50.083], [8.8246, 50.0824]], [[8.8246, 50.0824], [8.8277, 50.0819], [8.8288, 50.0817], [8.8305, 50.0814], [8.8338, 50.0809]], [[8.8338, 50.0809], [8.8349, 50.0807], [8.8356, 50.0805], [8.8363, 50.0803], [8.837, 50.0801], [8.8376, 50.0799], [8.8382, 50.0796], [8.8409, 50.0785], [8.843, 50.0776], [8.845, 50.0767], [8.8459, 50.0763], [8.8473, 50.0757], [8.8488, 50.0751], [8.8496, 50.0747], [8.8506, 50.0741], [8.8514, 50.0736], [8.852, 50.0731], [8.8526, 50.0727]], [[8.8526, 50.0727], [8.8533, 50.0723], [8.8539, 50.0718], [8.8546, 50.0713]], [[8.8546, 50.0713], [8.8556, 50.0706], [8.8562, 50.0703], [8.8574, 50.0694], [8.8612, 50.0668], [8.864, 50.0648], [8.8653, 50.0639], [8.8666, 50.063], [8.8672, 50.0626], [8.8684, 50.0618], [8.8692, 50.0612], [8.8698, 50.0607], [8.8738, 50.058], [8.8748, 50.0572], [8.8758, 50.0565], [8.8762, 50.0563], [8.8765, 50.056], [8.8768, 50.0558], [8.877, 50.0555], [8.8772, 50.0553], [8.8774, 50.0551], [8.8775, 50.0548], [8.8776, 50.0546], [8.8777, 50.0544], [8.8777, 50.0541], [8.8778, 50.0538], [8.8778, 50.0532], [8.8778, 50.0529], [8.8778, 50.0524], [8.8778, 50.0515], [8.8778, 50.0513], [8.8778, 50.0505], [8.8778, 50.0502], [8.8777, 50.0499], [8.8777, 50.0495], [8.8776, 50.0493], [8.8776, 50.0492], [8.8775, 50.0489], [8.8775, 50.0487], [8.8773, 50.0482], [8.877, 50.0472], [8.8765, 50.0453], [8.8762, 50.0441], [8.8758, 50.0428], [8.8757, 50.0424], [8.8756, 50.0422], [8.8756, 50.042], [8.8755, 50.0416], [8.8755, 50.041]], [[8.8755, 50.041], [8.8755, 50.0408]], [[8.8755, 50.0408], [8.8755, 50.0406], [8.8755, 50.0404], [8.8755, 50.0401]], [[8.8755, 50.0401], [8.8756, 50.0399], [8.8756, 50.0397], [8.8757, 50.0392], [8.8758, 50.0388], [8.8759, 50.0384], [8.876, 50.0378]], [[8.8761, 50.0377], [8.876, 50.0378]], [[8.8783, 50.0281], [8.878, 50.0296], [8.877, 50.0335], [8.8761, 50.0377]], [[8.8784, 50.028], [8.8783, 50.0281]], [[8.8786, 50.0269], [8.8785, 50.0272], [8.8784, 50.028]], [[8.8788, 50.0263], [8.8787, 50.0264], [8.8786, 50.0269]], [[8.8794, 50.0237], [8.8791, 50.0249], [8.879, 50.0252], [8.8789, 50.0256], [8.8788, 50.0261], [8.8788, 50.0263]], [[8.8797, 50.0227], [8.8794, 50.0237]], [[8.8797, 50.0225], [8.8797, 50.0227]], [[8.8797, 50.0225], [8.8798, 50.0222], [8.8799, 50.0217], [8.8801, 50.0212], [8.8804, 50.0204], [8.8813, 50.0181], [8.8824, 50.0156], [8.8831, 50.014], [8.8835, 50.013], [8.8837, 50.0124]], [[8.8837, 50.0124], [8.884, 50.0118], [8.8842, 50.0113], [8.8844, 50.0108], [8.8846, 50.0103], [8.8847, 50.01], [8.8848, 50.0097], [8.8848, 50.0095], [8.8849, 50.0094], [8.8849, 50.0092], [8.8849, 50.0091], [8.8849, 50.0089], [8.8849, 50.0087]], [[8.8849, 50.0085], [8.8849, 50.0087]], [[8.8706, 49.9972], [8.8723, 49.9979], [8.8729, 49.9982], [8.8733, 49.9984], [8.8736, 49.9986], [8.874, 49.9989], [8.8744, 49.9991], [8.8759, 50.0002], [8.8773, 50.0012], [8.8802, 50.0034], [8.8829, 50.0054], [8.8837, 50.0061], [8.8842, 50.0067], [8.8846, 50.0075], [8.8847, 50.0078], [8.8848, 50.0082], [8.8849, 50.0085]], [[8.8696, 49.9968], [8.8697, 49.9969], [8.8702, 49.9971], [8.8706, 49.9972]], [[8.8694, 49.9967], [8.8696, 49.9968]], [[8.8681, 49.9962], [8.8694, 49.9967]], [[8.8681, 49.9962], [8.8667, 49.9956], [8.8649, 49.9949], [8.8616, 49.9935], [8.8599, 49.9928], [8.8583, 49.9922], [8.8499, 49.9892], [8.8496, 49.9891], [8.8493, 49.989], [8.8486, 49.9888], [8.8479, 49.9886], [8.8476, 49.9885], [8.8469, 49.9882], [8.8465, 49.9881], [8.846, 49.9879], [8.8454, 49.9877], [8.8452, 49.9876], [8.8445, 49.9874], [8.8438, 49.9871], [8.8432, 49.9869], [8.8428, 49.9867], [8.8422, 49.9864]], [[8.8422, 49.9864], [8.8375, 49.9848], [8.8368, 49.9845], [8.8364, 49.9843], [8.8361, 49.9842], [8.8357, 49.984], [8.8351, 49.9837], [8.8348, 49.9835], [8.8342, 49.9831], [8.8339, 49.983], [8.8328, 49.9821], [8.8322, 49.9814], [8.8317, 49.9809], [8.8315, 49.9807], [8.8313, 49.9803], [8.8307, 49.9793], [8.8301, 49.9782], [8.8299, 49.9778], [8.8295, 49.977], [8.8292, 49.9766], [8.8291, 49.9764]], [[8.8291, 49.9764], [8.829, 49.9761], [8.8288, 49.9758], [8.8287, 49.9756], [8.8287, 49.9754], [8.8286, 49.9752], [8.8286, 49.975], [8.8286, 49.9749], [8.8286, 49.9746], [8.8286, 49.9744], [8.8287, 49.9741], [8.8288, 49.9739], [8.829, 49.9734]], [[8.8289, 49.9741], [8.8289, 49.974], [8.8292, 49.9734], [8.8293, 49.9731], [8.8295, 49.9727], [8.8296, 49.9725], [8.8297, 49.9723], [8.8297, 49.9724], [8.8296, 49.9726], [8.8295, 49.9728], [8.8295, 49.9729], [8.8294, 49.9731], [8.8293, 49.9733], [8.8293, 49.9734], [8.8292, 49.9734], [8.8292, 49.9735], [8.8291, 49.9737], [8.8291, 49.9738], [8.829, 49.9738], [8.829, 49.974], [8.8289, 49.9741]], [[8.8707, 49.9972], [8.8706, 49.9971], [8.8705, 49.9971], [8.87, 49.9969], [8.8698, 49.9968], [8.8697, 49.9968], [8.8697, 49.9967], [8.8696, 49.9967], [8.8695, 49.9967], [8.8692, 49.9966], [8.8692, 49.9965], [8.869, 49.9965], [8.8682, 49.9961], [8.8682, 49.9962], [8.8691, 49.9966], [8.8705, 49.9971], [8.8707, 49.9972]], [[8.8842, 50.0116], [8.8841, 50.0118], [8.884, 50.0118], [8.8841, 50.0116], [8.8844, 50.011], [8.8845, 50.0108], [8.8847, 50.0102], [8.8848, 50.01], [8.8848, 50.0101], [8.8848, 50.0102], [8.8848, 50.0103], [8.8847, 50.0103], [8.8847, 50.0105], [8.8845, 50.0108], [8.8845, 50.011], [8.8844, 50.011], [8.8842, 50.0115], [8.8842, 50.0116]], [[8.8787, 50.0268], [8.8788, 50.0266], [8.8789, 50.0261], [8.879, 50.0256], [8.8792, 50.0249], [8.8791, 50.0256], [8.8789, 50.0261], [8.8789, 50.0262], [8.8789, 50.0263], [8.8789, 50.0264], [8.8788, 50.0265], [8.8789, 50.0266], [8.8788, 50.0266], [8.8788, 50.0268], [8.8787, 50.0268]], [[8.8757, 50.0399], [8.8757, 50.04], [8.8756, 50.04], [8.8756, 50.0399], [8.8757, 50.0396], [8.8757, 50.0394], [8.8759, 50.0388], [8.876, 50.0385], [8.876, 50.0384], [8.876, 50.0383], [8.8761, 50.0381], [8.8761, 50.0383], [8.876, 50.0383], [8.8761, 50.0384], [8.876, 50.0384], [8.876, 50.0385], [8.8759, 50.0388], [8.8759, 50.0391], [8.8758, 50.0394], [8.8757, 50.0396], [8.8757, 50.0397], [8.8757, 50.0399]], [[8.8277, 50.0819], [8.8291, 50.0817], [8.8294, 50.0817], [8.8306, 50.0815], [8.8305, 50.0815], [8.8291, 50.0817], [8.8288, 50.0817], [8.8277, 50.0819]], [[8.7848, 50.1027], [8.7849, 50.1027], [8.786, 50.1028], [8.786, 50.1029], [8.7853, 50.1028], [8.7849, 50.1028], [8.7848, 50.1028], [8.784, 50.1027], [8.7838, 50.1027], [8.7831, 50.1027], [8.7831, 50.1026], [8.7836, 50.1026], [8.7838, 50.1026], [8.7841, 50.1026], [8.7848, 50.1027]], [[8.5732, 50.1018], [8.5725, 50.1021], [8.5717, 50.1023], [8.5716, 50.1023], [8.571, 50.1025], [8.5707, 50.1027], [8.5704, 50.1028], [8.5703, 50.1027], [8.5702, 50.1028], [8.5702, 50.1027], [8.5706, 50.1026], [8.571, 50.1025], [8.5717, 50.1023], [8.5725, 50.102], [8.5732, 50.1018]], [[8.5123, 50.0877], [8.5124, 50.0876], [8.5129, 50.0881], [8.5132, 50.0884], [8.5134, 50.0885], [8.5135, 50.0887], [8.5142, 50.0892], [8.5141, 50.0892], [8.5133, 50.0886], [8.5129, 50.0881], [8.5123, 50.0877]], [[8.4586, 50.0412], [8.4568, 50.0396], [8.4578, 50.0404], [8.4586, 50.0412]], [[8.3479, 50.0046], [8.3474, 50.0046], [8.3489, 50.0044], [8.3503, 50.0043], [8.351, 50.0043], [8.3509, 50.0043], [8.3508, 50.0043], [8.3507, 50.0043], [8.3506, 50.0043], [8.3505, 50.0044], [8.3504, 50.0044], [8.3503, 50.0044], [8.3502, 50.0044], [8.348, 50.0046], [8.3479, 50.0046]], [[8.2448, 50.0691], [8.2451, 50.0687], [8.2453, 50.0684], [8.2454, 50.0681], [8.2455, 50.0681], [8.2454, 50.0683], [8.2454, 50.0684], [8.2453, 50.0685], [8.2452, 50.0687], [8.2449, 50.0691], [8.2449, 50.0693], [8.2446, 50.0697], [8.2443, 50.0702], [8.2441, 50.0706], [8.244, 50.0706], [8.2443, 50.0702], [8.2445, 50.0697], [8.2448, 50.0692], [8.2448, 50.0691]], [[8.8291, 49.9734], [8.8289, 49.974], [8.8288, 49.9741], [8.8288, 49.9743], [8.8288, 49.9744], [8.8287, 49.9746], [8.8287, 49.9749], [8.8287, 49.975], [8.8287, 49.9752], [8.8288, 49.9754], [8.8288, 49.9755], [8.8289, 49.9758], [8.829, 49.976], [8.8292, 49.9764]], [[8.8292, 49.9764], [8.8296, 49.977], [8.8299, 49.9777], [8.8302, 49.9782], [8.8307, 49.9793], [8.8313, 49.9803], [8.8316, 49.9806], [8.8318, 49.9809], [8.8322, 49.9814], [8.8329, 49.9821], [8.8339, 49.9829], [8.8342, 49.9831], [8.8344, 49.9833], [8.8348, 49.9835], [8.8352, 49.9837], [8.8356, 49.9839], [8.8357, 49.984], [8.8359, 49.9841], [8.8361, 49.9842], [8.8364, 49.9843], [8.8369, 49.9845], [8.8375, 49.9847], [8.8422, 49.9864], [8.8446, 49.9873], [8.8453, 49.9875], [8.8454, 49.9876], [8.8457, 49.9877], [8.8461, 49.9878], [8.8463, 49.9879], [8.8467, 49.988], [8.8476, 49.9884], [8.848, 49.9885], [8.8486, 49.9887]], [[8.8486, 49.9887], [8.8494, 49.989], [8.8496, 49.9891], [8.8499, 49.9892], [8.8504, 49.9893], [8.8563, 49.9914], [8.8583, 49.9921], [8.86, 49.9928], [8.8616, 49.9935], [8.8649, 49.9949], [8.8659, 49.9953]], [[8.8659, 49.9953], [8.8663, 49.9954], [8.8667, 49.9956], [8.8682, 49.9962]], [[8.8682, 49.9962], [8.8694, 49.9967]], [[8.8696, 49.9968], [8.87, 49.9969], [8.8707, 49.9972]], [[8.8707, 49.9972], [8.8712, 49.9974], [8.8724, 49.9979], [8.873, 49.9982], [8.8733, 49.9984], [8.8736, 49.9986], [8.8741, 49.9988], [8.8745, 49.9991], [8.8759, 50.0001], [8.8774, 50.0012], [8.8781, 50.0018], [8.8788, 50.0023], [8.8803, 50.0034], [8.8822, 50.0048]], [[8.8822, 50.0048], [8.8829, 50.0054], [8.8837, 50.0061], [8.8842, 50.0067], [8.8846, 50.0075], [8.8848, 50.0078], [8.8849, 50.0082], [8.8849, 50.0085]], [[8.8849, 50.0087], [8.8849, 50.0089], [8.8849, 50.0091], [8.8849, 50.0093], [8.8849, 50.0094], [8.8849, 50.0095], [8.8848, 50.0098], [8.8848, 50.01], [8.8847, 50.0102], [8.8845, 50.0106], [8.8843, 50.0113], [8.8841, 50.0115], [8.884, 50.0118], [8.8839, 50.012], [8.8838, 50.0124]], [[8.8838, 50.0124], [8.8836, 50.013], [8.8833, 50.0137], [8.8828, 50.0148], [8.8827, 50.0149], [8.8814, 50.0182], [8.8804, 50.0204], [8.8801, 50.0212], [8.88, 50.0217], [8.8798, 50.0222], [8.8797, 50.0226]], [[8.8797, 50.0226], [8.8797, 50.0227]], [[8.8797, 50.0227], [8.8795, 50.0237]], [[8.8795, 50.0237], [8.8792, 50.0249], [8.879, 50.0254], [8.879, 50.0257], [8.8789, 50.0259], [8.8789, 50.0261], [8.8788, 50.0263]], [[8.8788, 50.0263], [8.8787, 50.0269]], [[8.8787, 50.0269], [8.8787, 50.027]], [[8.8787, 50.027], [8.8786, 50.0273], [8.8784, 50.028]], [[8.8784, 50.028], [8.8784, 50.0281]], [[8.8784, 50.0281], [8.878, 50.0296], [8.8771, 50.0335], [8.8761, 50.0377]], [[8.8761, 50.0377], [8.8761, 50.0378]], [[8.8761, 50.0378], [8.876, 50.0381], [8.8759, 50.0385], [8.8759, 50.0387], [8.8758, 50.0391], [8.8757, 50.0395], [8.8757, 50.0396], [8.8756, 50.0399], [8.8756, 50.0401]], [[8.8756, 50.0401], [8.8755, 50.0404], [8.8755, 50.0408]], [[8.8755, 50.041], [8.8756, 50.0416], [8.8757, 50.042], [8.8757, 50.0422], [8.8758, 50.0424], [8.8759, 50.0428], [8.8762, 50.0441], [8.8766, 50.0453], [8.8771, 50.0472], [8.8774, 50.0482], [8.8775, 50.0487], [8.8776, 50.0489], [8.8777, 50.0491], [8.8777, 50.0493], [8.8778, 50.0495], [8.8778, 50.0499], [8.8779, 50.0502], [8.8779, 50.0505], [8.8779, 50.0513], [8.8779, 50.0516], [8.8779, 50.0529], [8.8779, 50.0532], [8.8779, 50.0533]], [[8.8779, 50.0533], [8.8779, 50.0535], [8.8779, 50.0538], [8.8779, 50.0541], [8.8778, 50.0544], [8.8777, 50.0546], [8.8776, 50.0549], [8.8775, 50.0551], [8.8773, 50.0553], [8.8771, 50.0556], [8.8768, 50.0558], [8.8766, 50.056], [8.8763, 50.0563], [8.8759, 50.0566], [8.8748, 50.0573], [8.8738, 50.058], [8.8699, 50.0608], [8.8692, 50.0613], [8.8685, 50.0618], [8.8672, 50.0626], [8.8666, 50.063], [8.8653, 50.0639], [8.864, 50.0649], [8.8614, 50.0667], [8.8612, 50.0668], [8.858, 50.0691], [8.8563, 50.0703], [8.8553, 50.071], [8.8547, 50.0714]], [[8.8547, 50.0714], [8.8542, 50.0717], [8.854, 50.0719], [8.8539, 50.072]], [[8.8539, 50.072], [8.8537, 50.0721], [8.8533, 50.0723], [8.8528, 50.0728]], [[8.8528, 50.0728], [8.8521, 50.0732], [8.8513, 50.0737], [8.8506, 50.0742], [8.8497, 50.0747], [8.8488, 50.0751], [8.8474, 50.0758], [8.8459, 50.0764], [8.8409, 50.0785], [8.8382, 50.0797], [8.8376, 50.0799], [8.8371, 50.0801], [8.8364, 50.0804], [8.8356, 50.0806], [8.8349, 50.0808], [8.8338, 50.0809]], [[8.8338, 50.0809], [8.8308, 50.0814], [8.8305, 50.0815], [8.8295, 50.0816], [8.8288, 50.0817], [8.8277, 50.0819], [8.8246, 50.0824]], [[8.8246, 50.0824], [8.8203, 50.0831], [8.82, 50.0831], [8.8199, 50.0831], [8.8172, 50.0836]], [[8.8172, 50.0836], [8.8171, 50.0836], [8.8163, 50.0837], [8.8158, 50.0838], [8.8156, 50.0838], [8.8154, 50.0839], [8.8151, 50.084], [8.8148, 50.084], [8.8147, 50.0841], [8.8146, 50.0841], [8.8144, 50.0842], [8.8141, 50.0843], [8.8139, 50.0845], [8.8137, 50.0846], [8.8135, 50.0847], [8.8134, 50.0849], [8.8132, 50.085], [8.813, 50.0852], [8.8129, 50.0854], [8.8128, 50.0855]], [[8.8128, 50.0855], [8.8122, 50.0861]], [[8.8122, 50.0861], [8.8121, 50.0862], [8.8113, 50.0871], [8.8112, 50.0873], [8.8107, 50.0879], [8.8106, 50.088], [8.81, 50.0887], [8.8094, 50.0894]], [[8.8094, 50.0894], [8.8094, 50.0895]], [[8.8094, 50.0895], [8.8093, 50.0895]], [[8.8091, 50.0898], [8.8085, 50.0905], [8.8084, 50.0906], [8.8079, 50.0912], [8.8079, 50.0913], [8.8076, 50.0916]], [[8.8076, 50.0916], [8.8072, 50.0922], [8.8068, 50.0927], [8.8059, 50.0937], [8.8048, 50.095], [8.8047, 50.0951], [8.8041, 50.0959], [8.8034, 50.0967], [8.8026, 50.0977]], [[8.8026, 50.0977], [8.8022, 50.0982], [8.8012, 50.0993], [8.8009, 50.0996], [8.8008, 50.0997], [8.8005, 50.1], [8.8004, 50.1], [8.8003, 50.1001], [8.8001, 50.1003], [8.7999, 50.1005], [8.7997, 50.1006], [8.7996, 50.1007], [8.7993, 50.1009], [8.7989, 50.1011], [8.7984, 50.1014], [8.798, 50.1016], [8.7974, 50.1018], [8.7969, 50.102], [8.7966, 50.1021], [8.7964, 50.1022], [8.7959, 50.1023]], [[8.7959, 50.1023], [8.7955, 50.1024], [8.7952, 50.1025], [8.7948, 50.1026], [8.7944, 50.1026], [8.794, 50.1027], [8.7936, 50.1028], [8.793, 50.1028], [8.7926, 50.1028]], [[8.7926, 50.1028], [8.7923, 50.1029], [8.7919, 50.1029], [8.7915, 50.1029], [8.791, 50.1029]], [[8.791, 50.1029], [8.7906, 50.103]], [[8.7906, 50.103], [8.7898, 50.103], [8.7894, 50.103], [8.7888, 50.103], [8.7882, 50.103]], [[8.7882, 50.103], [8.7879, 50.103], [8.7874, 50.103], [8.7873, 50.103], [8.787, 50.103], [8.7869, 50.103], [8.7867, 50.103], [8.7865, 50.1029], [8.7861, 50.1029]], [[8.7861, 50.1029], [8.786, 50.1029], [8.7853, 50.1028], [8.7848, 50.1028]], [[8.7848, 50.1028], [8.784, 50.1027]], [[8.784, 50.1027], [8.7838, 50.1027], [8.7837, 50.1027], [8.7833, 50.1027], [8.7831, 50.1027], [8.7828, 50.1027]], [[8.7828, 50.1027], [8.7827, 50.1026], [8.7826, 50.1026], [8.7823, 50.1026], [8.782, 50.1026], [8.7812, 50.1025], [8.7807, 50.1025], [8.7798, 50.1024]], [[8.7316, 50.1049], [8.7315, 50.1049], [8.7296, 50.1049], [8.7285, 50.1048], [8.7284, 50.1048]], [[8.7284, 50.1048], [8.7275, 50.1048], [8.7274, 50.1048], [8.7272, 50.1048]], [[8.7272, 50.1048], [8.7269, 50.1047], [8.7256, 50.1047], [8.7249, 50.1047], [8.7243, 50.1047]], [[8.7243, 50.1047], [8.7233, 50.1046], [8.7227, 50.1046], [8.7221, 50.1045], [8.7211, 50.1044], [8.7201, 50.1043], [8.7193, 50.1043], [8.7179, 50.1042]], [[8.7179, 50.1042], [8.7157, 50.1042], [8.7146, 50.1042], [8.7145, 50.1042]], [[8.6523, 50.1034], [8.6519, 50.1032], [8.6518, 50.1032], [8.6506, 50.1027]], [[8.6506, 50.1027], [8.6505, 50.1027], [8.6503, 50.1026], [8.6493, 50.1022]], [[8.6493, 50.1022], [8.6492, 50.1021]], [[8.6492, 50.1021], [8.6491, 50.1021]], [[8.6491, 50.1021], [8.6483, 50.1018], [8.6478, 50.1016], [8.6476, 50.1015]], [[8.6476, 50.1015], [8.6475, 50.1015], [8.6466, 50.1011], [8.6464, 50.1011]], [[8.6464, 50.1011], [8.6464, 50.101]], [[8.6464, 50.101], [8.6458, 50.1008], [8.6454, 50.1007]], [[8.6454, 50.1007], [8.6436, 50.0999], [8.6435, 50.0999], [8.6423, 50.0994], [8.642, 50.0993], [8.641, 50.0988], [8.6408, 50.0987], [8.64, 50.0984], [8.6399, 50.0984], [8.6391, 50.0981], [8.6388, 50.0979], [8.6384, 50.0978], [8.6381, 50.0977]], [[8.6381, 50.0977], [8.6371, 50.0973], [8.6367, 50.0971], [8.636, 50.0968], [8.6343, 50.0962], [8.6329, 50.0956], [8.6322, 50.0954]], [[8.6312, 50.095], [8.6309, 50.0949], [8.6305, 50.0948], [8.6302, 50.0947], [8.6298, 50.0946], [8.6297, 50.0946], [8.6294, 50.0945], [8.6292, 50.0945], [8.629, 50.0945], [8.6286, 50.0944], [8.6283, 50.0944], [8.6279, 50.0944], [8.6275, 50.0944], [8.6268, 50.0944]], [[8.6268, 50.0944], [8.6243, 50.0944], [8.6204, 50.0944], [8.6195, 50.0944], [8.6186, 50.0943], [8.6167, 50.0943], [8.6155, 50.0943], [8.6143, 50.0943], [8.614, 50.0943], [8.6138, 50.0943], [8.6137, 50.0943], [8.6126, 50.0943], [8.6114, 50.0943], [8.6106, 50.0943], [8.6104, 50.0943], [8.6087, 50.0943], [8.6071, 50.0943]], [[8.6071, 50.0943], [8.6056, 50.0943], [8.6047, 50.0943], [8.604, 50.0943], [8.6039, 50.0943], [8.6038, 50.0943]], [[8.6038, 50.0943], [8.602, 50.0943], [8.6004, 50.0943]], [[8.6004, 50.0943], [8.5996, 50.0943], [8.5982, 50.0943]], [[8.5982, 50.0943], [8.5976, 50.0943], [8.5974, 50.0943], [8.5971, 50.0943], [8.5969, 50.0943], [8.5967, 50.0943], [8.5965, 50.0944], [8.5963, 50.0944], [8.5959, 50.0944], [8.5954, 50.0945]], [[8.5954, 50.0945], [8.595, 50.0945], [8.5945, 50.0946], [8.5942, 50.0946], [8.5938, 50.0946], [8.5935, 50.0947], [8.5931, 50.0948], [8.5927, 50.0948], [8.5921, 50.095], [8.5919, 50.095], [8.5916, 50.0951]], [[8.5916, 50.0951], [8.5915, 50.0951], [8.5912, 50.0952], [8.5908, 50.0952], [8.5905, 50.0953], [8.5902, 50.0954], [8.5899, 50.0955], [8.5897, 50.0956], [8.5894, 50.0956], [8.5891, 50.0957], [8.5888, 50.0958], [8.5886, 50.0959], [8.5881, 50.0961], [8.5876, 50.0963], [8.5854, 50.0972], [8.5843, 50.0976], [8.5823, 50.0983]], [[8.5816, 50.0986], [8.5783, 50.0999]], [[8.5783, 50.0999], [8.5778, 50.1001]], [[8.5778, 50.1001], [8.5742, 50.1014], [8.5732, 50.1018]], [[8.5732, 50.1018], [8.5724, 50.102], [8.5717, 50.1023], [8.5709, 50.1025], [8.5707, 50.1026], [8.5703, 50.1027]], [[8.5703, 50.1027], [8.5699, 50.1028], [8.5698, 50.1028]], [[8.5698, 50.1028], [8.5696, 50.1029], [8.5692, 50.103], [8.569, 50.103], [8.5689, 50.1031], [8.5687, 50.1031], [8.5686, 50.1031], [8.5683, 50.1032], [8.568, 50.1032], [8.5678, 50.1032], [8.5676, 50.1033], [8.5673, 50.1033], [8.5671, 50.1033], [8.5668, 50.1033], [8.5659, 50.1033]], [[8.5612, 50.1033], [8.5575, 50.1034], [8.5563, 50.1034], [8.5556, 50.1034], [8.554, 50.1034], [8.5536, 50.1034], [8.5532, 50.1034], [8.5529, 50.1034], [8.5527, 50.1034], [8.5518, 50.1034], [8.5517, 50.1034], [8.5508, 50.1033], [8.5502, 50.1033], [8.5494, 50.1032], [8.549, 50.1032], [8.5487, 50.1032], [8.5485, 50.1032]], [[8.5485, 50.1032], [8.5482, 50.1032]], [[8.5482, 50.1032], [8.5474, 50.1031], [8.5473, 50.1031], [8.5467, 50.103], [8.5445, 50.1027], [8.5437, 50.1026], [8.5429, 50.1025], [8.5427, 50.1025], [8.5424, 50.1025], [8.5418, 50.1024], [8.5413, 50.1023], [8.5412, 50.1023], [8.541, 50.1023]], [[8.541, 50.1023], [8.5399, 50.1022]], [[8.5399, 50.1022], [8.5392, 50.1021], [8.5387, 50.102], [8.5385, 50.102]], [[8.5385, 50.102], [8.5382, 50.1019], [8.5378, 50.1019], [8.5373, 50.1017], [8.5364, 50.1015], [8.536, 50.1013], [8.5356, 50.1012], [8.5353, 50.1011], [8.5332, 50.1004], [8.5327, 50.1002], [8.5307, 50.0995]], [[8.5307, 50.0995], [8.5297, 50.0991], [8.5294, 50.099], [8.5291, 50.0989], [8.5286, 50.0986], [8.5285, 50.0986], [8.5281, 50.0985], [8.5278, 50.0983], [8.5276, 50.0982], [8.5275, 50.0982], [8.5269, 50.0979], [8.5268, 50.0979]], [[8.5268, 50.0979], [8.5264, 50.0977], [8.5255, 50.0973], [8.5246, 50.0969]], [[8.5246, 50.0969], [8.5244, 50.0969], [8.5233, 50.0963], [8.5228, 50.0961], [8.5227, 50.096], [8.5226, 50.096], [8.5219, 50.0956], [8.5218, 50.0956], [8.5214, 50.0954], [8.5211, 50.0952], [8.5208, 50.0951], [8.5205, 50.0949], [8.5203, 50.0948], [8.5201, 50.0947], [8.5199, 50.0945], [8.5197, 50.0943], [8.5194, 50.094], [8.5192, 50.0939], [8.5191, 50.0938], [8.5189, 50.0935], [8.5185, 50.0931], [8.518, 50.0926], [8.5176, 50.0922], [8.5171, 50.0917]], [[8.5171, 50.0917], [8.5142, 50.0892], [8.5135, 50.0886], [8.5132, 50.0884], [8.5129, 50.0881], [8.5124, 50.0876], [8.5123, 50.0876]], [[8.5123, 50.0876], [8.5122, 50.0874]], [[8.5122, 50.0874], [8.5118, 50.0871], [8.5108, 50.0863], [8.5101, 50.0857], [8.5076, 50.0835], [8.5035, 50.0799], [8.5021, 50.0788]], [[8.5021, 50.0788], [8.5016, 50.0784]], [[8.5016, 50.0784], [8.4978, 50.075], [8.4943, 50.072], [8.4916, 50.0697], [8.4908, 50.0689], [8.4907, 50.0689]], [[8.4907, 50.0689], [8.4906, 50.0688]], [[8.4906, 50.0688], [8.49, 50.0682], [8.4897, 50.068], [8.4893, 50.0676], [8.4874, 50.066], [8.485, 50.064], [8.485, 50.0639], [8.4839, 50.063]], [[8.4839, 50.063], [8.4838, 50.0629], [8.4832, 50.0624], [8.4825, 50.0618]], [[8.4825, 50.0618], [8.4788, 50.0586], [8.4755, 50.0558], [8.4749, 50.0553], [8.4713, 50.0521], [8.4684, 50.0496], [8.4651, 50.0468], [8.4587, 50.0412], [8.4578, 50.0404], [8.457, 50.0397], [8.4568, 50.0396], [8.4567, 50.0395], [8.4557, 50.0386], [8.4552, 50.0382], [8.4548, 50.0378], [8.4527, 50.036], [8.4483, 50.0322], [8.4456, 50.0299], [8.4429, 50.0275], [8.4354, 50.021], [8.4353, 50.021]], [[8.4353, 50.021], [8.435, 50.0207]], [[8.435, 50.0207], [8.4322, 50.0182], [8.4318, 50.0179], [8.4313, 50.0175], [8.431, 50.0172], [8.4309, 50.0171], [8.4308, 50.017], [8.4298, 50.0162], [8.4268, 50.0136], [8.4258, 50.0127], [8.4252, 50.0123], [8.4239, 50.0113], [8.4235, 50.011], [8.423, 50.0106], [8.422, 50.0099], [8.4217, 50.0098], [8.4213, 50.0095], [8.4205, 50.009]], [[8.4205, 50.009], [8.4202, 50.0089]], [[8.4202, 50.0089], [8.4187, 50.008], [8.4179, 50.0076], [8.417, 50.0071], [8.4164, 50.0068], [8.4157, 50.0065], [8.415, 50.0062], [8.414, 50.0057], [8.4129, 50.0053]], [[8.4129, 50.0053], [8.4128, 50.0052]], [[8.4128, 50.0052], [8.4126, 50.0051], [8.4116, 50.0047], [8.4106, 50.0043], [8.4095, 50.004], [8.4089, 50.0038], [8.4084, 50.0036], [8.408, 50.0035], [8.4074, 50.0033], [8.4065, 50.003], [8.4054, 50.0027], [8.4046, 50.0025], [8.4037, 50.0022], [8.4026, 50.002]], [[8.4023, 50.0019], [8.4017, 50.0018], [8.4012, 50.0017], [8.4006, 50.0016], [8.3997, 50.0014], [8.3989, 50.0013], [8.3982, 50.0011], [8.3973, 50.001], [8.3967, 50.001], [8.3959, 50.0009], [8.3952, 50.0008], [8.3943, 50.0008], [8.3936, 50.0007], [8.3929, 50.0007], [8.3918, 50.0007], [8.3907, 50.0007], [8.3899, 50.0007], [8.3891, 50.0008], [8.3884, 50.0008], [8.3877, 50.0009], [8.3871, 50.0009], [8.3866, 50.001], [8.3859, 50.001], [8.3853, 50.0011], [8.3847, 50.0012], [8.3842, 50.0013], [8.3836, 50.0014], [8.383, 50.0015], [8.3824, 50.0016], [8.3819, 50.0018]], [[8.3819, 50.0018], [8.3778, 50.0027], [8.3765, 50.0029], [8.3759, 50.003], [8.3752, 50.0031], [8.3745, 50.0032], [8.374, 50.0033], [8.3735, 50.0034], [8.3727, 50.0034], [8.372, 50.0035], [8.3713, 50.0035], [8.3706, 50.0036], [8.3701, 50.0036], [8.3696, 50.0036], [8.3679, 50.0036], [8.3658, 50.0037]], [[8.3658, 50.0037], [8.3585, 50.0038], [8.3564, 50.0039], [8.3548, 50.004], [8.3547, 50.004]], [[8.3547, 50.004], [8.3539, 50.004], [8.3531, 50.0041], [8.3513, 50.0042], [8.351, 50.0043], [8.3503, 50.0043], [8.3498, 50.0044], [8.3492, 50.0044], [8.3491, 50.0044], [8.3489, 50.0044], [8.3481, 50.0045], [8.3475, 50.0046], [8.3474, 50.0046], [8.3449, 50.0048]], [[8.3449, 50.0048], [8.3443, 50.0048]], [[8.3443, 50.0048], [8.3423, 50.005], [8.3422, 50.005], [8.342, 50.005], [8.3414, 50.0051], [8.3408, 50.0051], [8.3399, 50.0052]], [[8.3399, 50.0052], [8.3393, 50.0053], [8.3355, 50.0056], [8.3284, 50.0062]], [[8.3282, 50.0062], [8.3275, 50.0063], [8.327, 50.0063], [8.3266, 50.0063], [8.3261, 50.0064], [8.3255, 50.0064], [8.3251, 50.0064], [8.3246, 50.0064]], [[8.3246, 50.0064], [8.3239, 50.0064], [8.3232, 50.0063], [8.3226, 50.0063], [8.321, 50.0063]], [[8.321, 50.0063], [8.3209, 50.0063]], [[8.3209, 50.0063], [8.3201, 50.0063], [8.3173, 50.0062]], [[8.3173, 50.0062], [8.3166, 50.0062], [8.3161, 50.0061], [8.3156, 50.0061], [8.315, 50.0061], [8.3145, 50.006], [8.3136, 50.0059], [8.3108, 50.0056], [8.2964, 50.0038]], [[8.2964, 50.0038], [8.2956, 50.0037]], [[8.2956, 50.0037], [8.2943, 50.0036], [8.2937, 50.0035], [8.2933, 50.0035], [8.2928, 50.0035], [8.2924, 50.0035], [8.2917, 50.0035], [8.2912, 50.0035], [8.2908, 50.0036], [8.2899, 50.0037], [8.2891, 50.0039], [8.2887, 50.0039], [8.2884, 50.004], [8.288, 50.0041], [8.2877, 50.0043], [8.2873, 50.0044], [8.2869, 50.0046], [8.2864, 50.0048], [8.2861, 50.0049], [8.2853, 50.0054], [8.2837, 50.0063]], [[8.2837, 50.0063], [8.2835, 50.0064], [8.2834, 50.0065], [8.2832, 50.0066], [8.2831, 50.0067], [8.2829, 50.0068], [8.2825, 50.0071], [8.2823, 50.0072], [8.2822, 50.0072], [8.2822, 50.0073], [8.282, 50.0074], [8.2818, 50.0076], [8.2817, 50.0077], [8.2816, 50.0079], [8.2814, 50.008], [8.2813, 50.0082], [8.2813, 50.0083]], [[8.2813, 50.0083], [8.2812, 50.0083]], [[8.2812, 50.0083], [8.2811, 50.0085], [8.281, 50.0087], [8.2809, 50.0089]], [[8.2809, 50.0089], [8.2808, 50.0091]], [[8.2808, 50.0091], [8.2807, 50.0093], [8.2807, 50.0095], [8.2807, 50.0096], [8.2806, 50.0097]], [[8.2806, 50.0097], [8.2805, 50.0101], [8.2803, 50.0108], [8.2802, 50.0112], [8.2801, 50.0115], [8.2798, 50.0123], [8.2795, 50.0131], [8.2793, 50.0137], [8.278, 50.0174], [8.2779, 50.0178], [8.2778, 50.018], [8.2776, 50.0185], [8.2775, 50.0186], [8.2774, 50.0188], [8.2768, 50.02], [8.2765, 50.0204], [8.276, 50.0212], [8.2755, 50.022], [8.2754, 50.022], [8.2746, 50.0231], [8.2737, 50.0241], [8.273, 50.0248], [8.2724, 50.0253], [8.271, 50.0265], [8.27, 50.0274], [8.2691, 50.0282], [8.2687, 50.0285], [8.2686, 50.0286], [8.2675, 50.0296], [8.2672, 50.0298]], [[8.2672, 50.0298], [8.2667, 50.0303], [8.2665, 50.0305], [8.2663, 50.0307]], [[8.2663, 50.0307], [8.2659, 50.0311], [8.2646, 50.0325], [8.2644, 50.0328], [8.2633, 50.034], [8.2632, 50.0341], [8.2617, 50.0359], [8.2616, 50.036]], [[8.2616, 50.036], [8.2611, 50.0366]], [[8.2611, 50.0366], [8.2606, 50.0371], [8.2606, 50.0372]], [[8.2606, 50.0372], [8.26, 50.0379]], [[8.26, 50.0379], [8.2596, 50.0384], [8.2592, 50.0388], [8.2585, 50.0395], [8.258, 50.04]], [[8.258, 50.04], [8.2576, 50.0405], [8.2574, 50.0407], [8.2572, 50.0409], [8.2568, 50.0413], [8.2565, 50.0416], [8.2563, 50.0418]], [[8.2563, 50.0418], [8.2561, 50.0421], [8.2559, 50.0424], [8.2557, 50.0427], [8.2555, 50.0429], [8.2553, 50.0434], [8.2553, 50.0436], [8.2552, 50.0442]], [[8.2552, 50.0442], [8.2551, 50.0445], [8.2551, 50.0447]], [[8.2551, 50.0447], [8.2551, 50.0448]], [[8.2551, 50.0448], [8.2551, 50.0451], [8.2551, 50.0452], [8.2551, 50.0454], [8.2551, 50.0457], [8.2553, 50.0465], [8.2553, 50.0466], [8.2553, 50.0469], [8.2555, 50.0478], [8.2555, 50.0482], [8.2557, 50.0493], [8.2557, 50.0494], [8.2558, 50.05], [8.2558, 50.0506], [8.2558, 50.0512], [8.2558, 50.0519]], [[8.2558, 50.0519], [8.2556, 50.0527], [8.2556, 50.0529], [8.2555, 50.0534], [8.2554, 50.0541], [8.2553, 50.0542], [8.2553, 50.0543], [8.2552, 50.0545], [8.2551, 50.0548], [8.2543, 50.0566], [8.2539, 50.0575], [8.2538, 50.0578], [8.2533, 50.0585], [8.2528, 50.0593], [8.2524, 50.0598], [8.2522, 50.0602], [8.252, 50.0604], [8.2519, 50.0605], [8.2511, 50.0613], [8.2488, 50.0638]], [[8.2488, 50.0638], [8.2482, 50.0645]], [[8.2482, 50.0645], [8.2478, 50.0649], [8.2472, 50.0655], [8.2469, 50.0659]], [[8.2469, 50.0659], [8.2468, 50.066], [8.2465, 50.0664], [8.2464, 50.0665], [8.2462, 50.0668]], [[8.2462, 50.0668], [8.2459, 50.0673]], [[8.2459, 50.0673], [8.2457, 50.0675]], [[8.2457, 50.0675], [8.2454, 50.0681], [8.2453, 50.0683]], [[8.2453, 50.0683], [8.2448, 50.0691]], [[8.2448, 50.0691], [8.2448, 50.0692], [8.2441, 50.0704]]]}, "properties": {"ref": "S1", "opened_year": 1978, "is_tunnel": false, "segment_count": 311}}, {"type": "Feature", "geometry": {"type": "MultiLineString", "coordinates": [[[8.7365, 50.1051], [8.7365, 50.1052], [8.7397, 50.1053], [8.74, 50.1053], [8.7401, 50.1053], [8.7397, 50.1052], [8.7365, 50.1051]], [[8.7514, 50.106], [8.7514, 50.1061], [8.7486, 50.1059], [8.7485, 50.1059], [8.7485, 50.1058], [8.7486, 50.1058], [8.7514, 50.106]], [[8.7619, 50.1063], [8.762, 50.1063], [8.765, 50.1056], [8.7651, 50.1056], [8.7657, 50.1055], [8.7657, 50.1054], [8.7651, 50.1055], [8.7649, 50.1055], [8.762, 50.1062], [8.7612, 50.1063], [8.7613, 50.1064], [8.7619, 50.1063]], [[8.6322, 50.0953], [8.6318, 50.0952], [8.6312, 50.095]], [[8.6524, 50.1033], [8.6528, 50.1035], [8.653, 50.1035], [8.654, 50.1039], [8.6551, 50.1043], [8.6553, 50.1044], [8.6558, 50.1046]], [[8.6558, 50.1046], [8.6568, 50.105], [8.6581, 50.1055]], [[8.6581, 50.1055], [8.6586, 50.1056], [8.659, 50.1058], [8.6599, 50.1062], [8.6606, 50.1065], [8.6617, 50.1069], [8.6622, 50.1071]], [[8.6622, 50.1071], [8.6624, 50.1072], [8.6628, 50.1073]], [[8.6628, 50.1073], [8.6633, 50.1075], [8.6633, 50.1076], [8.6634, 50.1076]], [[8.6634, 50.1076], [8.6638, 50.1079], [8.6642, 50.1081], [8.6643, 50.1081], [8.6646, 50.1083], [8.6647, 50.1084], [8.6648, 50.1084], [8.6649, 50.1085]], [[8.6649, 50.1085], [8.665, 50.1085], [8.665, 50.1086], [8.6651, 50.1087], [8.6653, 50.1089], [8.6656, 50.1092]], [[8.6656, 50.1092], [8.6657, 50.1094], [8.6658, 50.1095], [8.6659, 50.1098], [8.6661, 50.1101], [8.6663, 50.1107], [8.6664, 50.111], [8.6665, 50.1111], [8.6665, 50.1112], [8.6666, 50.1113], [8.6666, 50.1114], [8.6668, 50.1116], [8.6669, 50.1119], [8.6673, 50.1123], [8.6674, 50.1124]], [[8.6674, 50.1124], [8.6676, 50.1126]], [[8.6676, 50.1126], [8.668, 50.1129], [8.6681, 50.113], [8.669, 50.1136], [8.6697, 50.1141]], [[8.6697, 50.1141], [8.6699, 50.1142]], [[8.6699, 50.1142], [8.67, 50.1142]], [[8.67, 50.1142], [8.6702, 50.1143], [8.6708, 50.1146], [8.6716, 50.1148], [8.672, 50.1148], [8.6725, 50.1148], [8.6727, 50.1148], [8.6732, 50.1148], [8.6733, 50.1148], [8.6735, 50.1148], [8.6736, 50.1148], [8.6738, 50.1147], [8.6741, 50.1147], [8.6745, 50.1146], [8.6747, 50.1146], [8.6751, 50.1145], [8.6759, 50.1143], [8.6763, 50.1142]], [[8.6763, 50.1142], [8.6766, 50.1141], [8.6774, 50.1141], [8.6778, 50.114], [8.6783, 50.114], [8.6785, 50.1139], [8.679, 50.1139], [8.6793, 50.1139]], [[8.6793, 50.1139], [8.6798, 50.1139], [8.68, 50.1138], [8.6805, 50.1139], [8.6807, 50.1139], [8.6809, 50.114], [8.6814, 50.1141], [8.6821, 50.1143], [8.6825, 50.1144], [8.6826, 50.1144], [8.6829, 50.1144], [8.6832, 50.1145]], [[8.6832, 50.1145], [8.6833, 50.1145], [8.6839, 50.1146], [8.6841, 50.1146], [8.6844, 50.1146], [8.6845, 50.1146]], [[8.6845, 50.1146], [8.6853, 50.1146]], [[8.6853, 50.1146], [8.687, 50.1146], [8.6873, 50.1146], [8.6876, 50.1146]], [[8.6876, 50.1146], [8.6878, 50.1146], [8.688, 50.1146], [8.6881, 50.1146], [8.6883, 50.1146], [8.6885, 50.1147], [8.6897, 50.1148], [8.6902, 50.1148]], [[8.6902, 50.1148], [8.6903, 50.1148], [8.6905, 50.1148], [8.6907, 50.1148], [8.6911, 50.1148], [8.6914, 50.1148], [8.6917, 50.1147], [8.692, 50.1147], [8.6921, 50.1147], [8.6924, 50.1146], [8.6927, 50.1146], [8.6932, 50.1145], [8.6935, 50.1144], [8.6937, 50.1143], [8.694, 50.1143], [8.6943, 50.1142], [8.6946, 50.1141], [8.6949, 50.1139], [8.6952, 50.1138], [8.6955, 50.1137], [8.6958, 50.1134]], [[8.6958, 50.1134], [8.696, 50.1133], [8.6961, 50.1133], [8.6963, 50.1131]], [[8.6963, 50.1131], [8.6966, 50.1128], [8.6968, 50.1126], [8.6969, 50.1125]], [[8.6969, 50.1125], [8.6975, 50.1119], [8.6976, 50.1118], [8.6977, 50.1117], [8.698, 50.1115], [8.698, 50.1114]], [[8.698, 50.1114], [8.6982, 50.1112]], [[8.6982, 50.1112], [8.6985, 50.1107], [8.6987, 50.1102], [8.6988, 50.1098], [8.6988, 50.1093], [8.6987, 50.1085], [8.6987, 50.1084], [8.6986, 50.1082], [8.6985, 50.1077], [8.6983, 50.1068]], [[8.6983, 50.1068], [8.6982, 50.1065], [8.6981, 50.106], [8.698, 50.1058], [8.698, 50.1057]], [[8.698, 50.1057], [8.698, 50.1055], [8.6979, 50.1053], [8.6979, 50.1051], [8.6978, 50.1049], [8.6979, 50.1045], [8.698, 50.104], [8.6981, 50.1037], [8.6983, 50.1033], [8.6985, 50.1031], [8.6986, 50.103], [8.6988, 50.1029], [8.699, 50.1027], [8.6993, 50.1024], [8.6994, 50.1024]], [[8.6994, 50.1024], [8.7, 50.1021], [8.7001, 50.1021], [8.7005, 50.1019]], [[8.7005, 50.1019], [8.7007, 50.1018], [8.7009, 50.1017], [8.7011, 50.1017], [8.7014, 50.1016], [8.7019, 50.1015], [8.7023, 50.1014], [8.7027, 50.1013], [8.7031, 50.1013], [8.7033, 50.1012]], [[8.7033, 50.1012], [8.7034, 50.1012], [8.7037, 50.1012], [8.7044, 50.1012], [8.7048, 50.1012], [8.705, 50.1012], [8.7052, 50.1013], [8.7056, 50.1013], [8.7057, 50.1013], [8.7059, 50.1014], [8.7062, 50.1014], [8.7066, 50.1015], [8.707, 50.1016], [8.7071, 50.1016], [8.7072, 50.1017], [8.7076, 50.1018], [8.7081, 50.102]], [[8.7081, 50.102], [8.7083, 50.1021], [8.7084, 50.1021], [8.709, 50.1024], [8.7094, 50.1026], [8.7099, 50.1029], [8.7105, 50.1032], [8.711, 50.1034]], [[8.711, 50.1034], [8.7114, 50.1036], [8.7116, 50.1037], [8.7121, 50.1038], [8.7123, 50.1038], [8.7128, 50.1039], [8.713, 50.104], [8.7133, 50.104], [8.7135, 50.104], [8.7143, 50.1041], [8.7145, 50.1041]], [[8.7316, 50.1049], [8.734, 50.105], [8.7344, 50.105]], [[8.7344, 50.105], [8.7355, 50.105], [8.7365, 50.1051], [8.7366, 50.1051], [8.7367, 50.1051]], [[8.7367, 50.1051], [8.7369, 50.1051], [8.7395, 50.1052], [8.7396, 50.1052]], [[8.7396, 50.1052], [8.7403, 50.1053], [8.7409, 50.1053], [8.7426, 50.1055], [8.7431, 50.1055], [8.7432, 50.1055], [8.7437, 50.1056], [8.7445, 50.1056]], [[8.7445, 50.1056], [8.7446, 50.1056], [8.7451, 50.1057], [8.7455, 50.1057], [8.7465, 50.1057], [8.7466, 50.1057], [8.7473, 50.1058], [8.7478, 50.1058], [8.7485, 50.1058], [8.7486, 50.1058]], [[8.7486, 50.1058], [8.7503, 50.1059], [8.7514, 50.106], [8.7517, 50.106]], [[8.7517, 50.106], [8.7519, 50.106], [8.7535, 50.1062], [8.7548, 50.1063], [8.7552, 50.1063], [8.7559, 50.1064], [8.7562, 50.1064], [8.7567, 50.1065], [8.7574, 50.1065], [8.7575, 50.1065], [8.7579, 50.1065], [8.7582, 50.1066], [8.7586, 50.1066], [8.7588, 50.1066], [8.759, 50.1066], [8.7596, 50.1066], [8.7597, 50.1065], [8.7603, 50.1065], [8.7604, 50.1065], [8.7606, 50.1064], [8.7608, 50.1064], [8.7612, 50.1063], [8.7616, 50.1062], [8.7619, 50.1062]], [[8.7619, 50.1062], [8.7633, 50.1059], [8.7642, 50.1057], [8.7648, 50.1055]], [[8.7648, 50.1055], [8.7657, 50.1054], [8.7669, 50.1052], [8.7675, 50.105], [8.7681, 50.1048], [8.7684, 50.1047], [8.7688, 50.1046], [8.7693, 50.1044], [8.7696, 50.1043], [8.7704, 50.104], [8.7722, 50.1035], [8.7728, 50.1033], [8.7732, 50.1032], [8.7738, 50.103]], [[8.7738, 50.103], [8.7753, 50.1025], [8.7758, 50.1024], [8.7762, 50.1023], [8.7763, 50.1023], [8.7765, 50.1022], [8.7767, 50.1022], [8.777, 50.1021], [8.7772, 50.1021], [8.7774, 50.1021], [8.7776, 50.1021], [8.7779, 50.1021], [8.7784, 50.1022], [8.7798, 50.1023]], [[8.7798, 50.1024], [8.7796, 50.1024], [8.7784, 50.1022], [8.7779, 50.1022], [8.7776, 50.1022], [8.7774, 50.1022], [8.7772, 50.1022], [8.777, 50.1022], [8.7767, 50.1022], [8.7765, 50.1023], [8.7763, 50.1023], [8.7762, 50.1023], [8.7758, 50.1024], [8.7757, 50.1024], [8.7754, 50.1025], [8.7738, 50.103]], [[8.7738, 50.103], [8.7732, 50.1032], [8.773, 50.1033], [8.7722, 50.1035], [8.7706, 50.104], [8.7696, 50.1043], [8.7693, 50.1045], [8.7688, 50.1046], [8.7684, 50.1048], [8.7681, 50.1049], [8.7675, 50.1051], [8.7669, 50.1052], [8.7666, 50.1053], [8.7657, 50.1055], [8.765, 50.1056], [8.7649, 50.1057]], [[8.7649, 50.1057], [8.7643, 50.1058], [8.7634, 50.106], [8.7619, 50.1063]], [[8.7619, 50.1063], [8.7613, 50.1064], [8.7603, 50.1066], [8.7596, 50.1066], [8.7592, 50.1066], [8.7588, 50.1066], [8.7581, 50.1066], [8.7574, 50.1066], [8.7565, 50.1065], [8.7562, 50.1065], [8.7558, 50.1064], [8.7546, 50.1063], [8.7536, 50.1063], [8.7529, 50.1062], [8.7519, 50.1061], [8.7517, 50.1061]], [[8.7517, 50.1061], [8.7514, 50.1061], [8.7503, 50.106], [8.7491, 50.106], [8.7486, 50.1059]], [[8.7486, 50.1059], [8.748, 50.1059], [8.7477, 50.1059], [8.7466, 50.1058], [8.7459, 50.1058], [8.7449, 50.1057], [8.7435, 50.1056], [8.7431, 50.1056]], [[8.7431, 50.1056], [8.7429, 50.1055], [8.7422, 50.1055]], [[8.7422, 50.1055], [8.7414, 50.1054], [8.7409, 50.1054], [8.7403, 50.1054], [8.7402, 50.1054]], [[8.7402, 50.1054], [8.7396, 50.1053]], [[8.7396, 50.1053], [8.738, 50.1052], [8.7369, 50.1052], [8.7366, 50.1052]], [[8.7366, 50.1052], [8.7365, 50.1052], [8.7359, 50.1051]], [[8.7359, 50.1051], [8.7353, 50.1051], [8.7344, 50.105]], [[8.7145, 50.1042], [8.7143, 50.1042], [8.7129, 50.104], [8.7122, 50.1039], [8.7116, 50.1037], [8.711, 50.1035]], [[8.711, 50.1035], [8.7106, 50.1033]], [[8.7106, 50.1033], [8.7103, 50.1031], [8.7094, 50.1027], [8.7093, 50.1027], [8.7086, 50.1023], [8.7083, 50.1021], [8.7082, 50.1021], [8.708, 50.102], [8.7077, 50.1019], [8.7074, 50.1018], [8.707, 50.1017], [8.707, 50.1016], [8.7063, 50.1015], [8.7057, 50.1014], [8.7053, 50.1013], [8.7049, 50.1013], [8.7047, 50.1013], [8.7046, 50.1013], [8.7043, 50.1013], [8.704, 50.1013], [8.7038, 50.1013], [8.7035, 50.1013], [8.7033, 50.1014]], [[8.7033, 50.1014], [8.7029, 50.1014], [8.7028, 50.1014], [8.7024, 50.1015], [8.702, 50.1016], [8.7015, 50.1017], [8.7012, 50.1018], [8.701, 50.1018], [8.7008, 50.1019], [8.7006, 50.102]], [[8.7006, 50.102], [8.7003, 50.1021], [8.6996, 50.1024], [8.6993, 50.1026], [8.6992, 50.1026], [8.699, 50.1028], [8.6987, 50.103], [8.6984, 50.1033], [8.6983, 50.1036], [8.6982, 50.1037], [8.698, 50.104], [8.698, 50.1042], [8.6979, 50.1044]], [[8.6979, 50.1044], [8.6979, 50.1045], [8.698, 50.105], [8.698, 50.1051], [8.698, 50.1052], [8.698, 50.1054], [8.6981, 50.1057]], [[8.6981, 50.1057], [8.6982, 50.106], [8.6983, 50.1064], [8.6984, 50.1067], [8.6986, 50.1074], [8.6986, 50.1077], [8.6988, 50.1081], [8.6988, 50.1082], [8.6989, 50.1086], [8.699, 50.1095], [8.699, 50.11], [8.6988, 50.1104], [8.6986, 50.1109]], [[8.6986, 50.1109], [8.6984, 50.1112]], [[8.6984, 50.1112], [8.6982, 50.1115]], [[8.6982, 50.1115], [8.6981, 50.1115], [8.6978, 50.1118], [8.6976, 50.112], [8.6974, 50.1122]], [[8.6974, 50.1122], [8.697, 50.1126], [8.6969, 50.1127], [8.6968, 50.1128], [8.6966, 50.113], [8.6964, 50.1131]], [[8.6964, 50.1131], [8.6962, 50.1133], [8.6962, 50.1134]], [[8.6962, 50.1134], [8.696, 50.1135], [8.6958, 50.1136], [8.6956, 50.1138], [8.6955, 50.1138], [8.6952, 50.1139], [8.695, 50.1141], [8.6949, 50.1141], [8.6948, 50.1141], [8.6946, 50.1142], [8.6943, 50.1143], [8.694, 50.1144], [8.6939, 50.1144], [8.6937, 50.1145], [8.6934, 50.1145], [8.6932, 50.1146], [8.6926, 50.1147], [8.6924, 50.1147], [8.6923, 50.1147], [8.6921, 50.1148], [8.6915, 50.1148], [8.691, 50.1149], [8.6909, 50.1149]], [[8.6909, 50.1149], [8.6908, 50.1149], [8.6903, 50.1149], [8.6901, 50.1149], [8.6898, 50.1149], [8.6896, 50.1148], [8.6893, 50.1148], [8.6886, 50.1147], [8.6883, 50.1147], [8.6881, 50.1147], [8.6879, 50.1147]], [[8.6879, 50.1147], [8.6871, 50.1147], [8.6869, 50.1147], [8.6868, 50.1147], [8.6866, 50.1147], [8.6859, 50.1147], [8.6858, 50.1147], [8.6853, 50.1147], [8.6849, 50.1147], [8.6845, 50.1147]], [[8.6845, 50.1147], [8.6843, 50.1147], [8.684, 50.1146], [8.6838, 50.1146], [8.6837, 50.1146], [8.6833, 50.1146]], [[8.6833, 50.1146], [8.6831, 50.1145], [8.6829, 50.1145], [8.6826, 50.1144], [8.6825, 50.1144], [8.6821, 50.1143], [8.682, 50.1143], [8.6817, 50.1142], [8.6814, 50.1141], [8.6813, 50.1141], [8.6812, 50.1141], [8.681, 50.1141], [8.6809, 50.114], [8.6804, 50.114], [8.6801, 50.114], [8.6799, 50.114], [8.6793, 50.114]], [[8.6793, 50.114], [8.6789, 50.1141], [8.6786, 50.1141], [8.6783, 50.1141], [8.6782, 50.1141], [8.6779, 50.1141], [8.6776, 50.1142], [8.6773, 50.1142], [8.677, 50.1142], [8.6767, 50.1143], [8.6764, 50.1143], [8.6763, 50.1143]], [[8.6763, 50.1143], [8.6759, 50.1144], [8.6754, 50.1145], [8.675, 50.1146], [8.6741, 50.1147], [8.6736, 50.1148], [8.6735, 50.1148], [8.6733, 50.1149], [8.6727, 50.1149], [8.6724, 50.1149], [8.672, 50.1149], [8.6718, 50.1149], [8.6716, 50.1148], [8.6715, 50.1148], [8.671, 50.1147], [8.6708, 50.1147], [8.6703, 50.1145], [8.6701, 50.1144], [8.6698, 50.1143]], [[8.6698, 50.1143], [8.6695, 50.1141]], [[8.6695, 50.1141], [8.669, 50.1138], [8.6689, 50.1138]], [[8.6689, 50.1138], [8.6687, 50.1136], [8.6682, 50.1133], [8.6678, 50.113], [8.6675, 50.1126]], [[8.6675, 50.1126], [8.667, 50.1122], [8.6665, 50.1115], [8.6665, 50.1114], [8.6663, 50.1111], [8.6662, 50.1109], [8.6661, 50.1107], [8.666, 50.1104], [8.6659, 50.1102], [8.6658, 50.1099]], [[8.6658, 50.1099], [8.6657, 50.1098], [8.6655, 50.1094], [8.6655, 50.1093]], [[8.6655, 50.1093], [8.6652, 50.109], [8.6651, 50.1089], [8.6648, 50.1086], [8.6648, 50.1085], [8.6647, 50.1085], [8.6645, 50.1084], [8.6644, 50.1082], [8.6638, 50.1079], [8.6633, 50.1076], [8.6632, 50.1076], [8.6631, 50.1075], [8.6627, 50.1074]], [[8.6627, 50.1074], [8.6624, 50.1072], [8.6622, 50.1071], [8.6621, 50.1071]], [[8.6621, 50.1071], [8.6617, 50.1069], [8.6615, 50.1069], [8.6606, 50.1065], [8.6605, 50.1065], [8.6603, 50.1064], [8.6599, 50.1062], [8.6592, 50.106], [8.658, 50.1055]], [[8.658, 50.1055], [8.6579, 50.1055], [8.6567, 50.1051], [8.6558, 50.1047]], [[8.6558, 50.1047], [8.6552, 50.1045], [8.6537, 50.1039], [8.6532, 50.1037], [8.6528, 50.1035], [8.6523, 50.1034]], [[8.6322, 50.0954], [8.6318, 50.0952], [8.6312, 50.095]]]}, "properties": {"ref": "S1", "opened_year": 1978, "is_tunnel": true, "segment_count": 88}}, {"type": "Feature", "geometry": {"type": "MultiLineString", "coordinates": [[[8.3509, 50.1498], [8.3511, 50.1497], [8.3513, 50.1496], [8.3515, 50.1496], [8.3517, 50.1495], [8.3518, 50.1494], [8.3521, 50.1494], [8.3523, 50.1493], [8.3524, 50.1492], [8.3526, 50.1491], [8.3528, 50.149], [8.3531, 50.1489], [8.3532, 50.1488], [8.3535, 50.1486], [8.3532, 50.1487], [8.353, 50.1488], [8.3528, 50.149], [8.3526, 50.1491], [8.3524, 50.1492], [8.3522, 50.1492], [8.352, 50.1493], [8.3518, 50.1494], [8.3517, 50.1495], [8.3516, 50.1495], [8.3515, 50.1495], [8.3515, 50.1496], [8.3514, 50.1496], [8.3513, 50.1496], [8.3512, 50.1496], [8.3511, 50.1497], [8.3511, 50.1496], [8.3511, 50.1497], [8.3509, 50.1497], [8.3509, 50.1498]], [[8.3656, 50.1402], [8.3649, 50.1406], [8.3649, 50.1407], [8.3646, 50.1409], [8.3645, 50.1409], [8.3643, 50.1411], [8.3638, 50.1414], [8.3636, 50.1416], [8.3646, 50.1409], [8.3656, 50.1402]], [[8.4739, 50.0818], [8.4734, 50.0817], [8.4751, 50.0821], [8.4755, 50.0822], [8.4766, 50.0825], [8.4767, 50.0825], [8.4758, 50.0823], [8.4755, 50.0822], [8.4754, 50.0822], [8.4754, 50.0821], [8.4753, 50.0821], [8.4752, 50.0821], [8.4751, 50.0821], [8.4752, 50.0821], [8.4751, 50.0821], [8.4748, 50.082], [8.4744, 50.0819], [8.4739, 50.0818]], [[8.504, 50.0895], [8.504, 50.0896], [8.505, 50.0898], [8.5067, 50.0903], [8.5067, 50.0902], [8.5068, 50.0902], [8.5067, 50.0902], [8.505, 50.0898], [8.5051, 50.0898], [8.505, 50.0898], [8.5042, 50.0896], [8.5042, 50.0895], [8.5041, 50.0895], [8.5041, 50.0896], [8.504, 50.0895]], [[8.5701, 50.1027], [8.5705, 50.1026], [8.5708, 50.1025], [8.5711, 50.1024], [8.5717, 50.1022], [8.572, 50.1021], [8.573, 50.1018], [8.5729, 50.1017], [8.5722, 50.102], [8.5717, 50.1022], [8.5714, 50.1023], [8.5713, 50.1023], [8.5708, 50.1025], [8.5705, 50.1025], [8.5701, 50.1027]], [[8.7848, 50.1026], [8.784, 50.1026], [8.7836, 50.1025], [8.7837, 50.1025], [8.784, 50.1025], [8.7841, 50.1025], [8.7848, 50.1026], [8.785, 50.1026], [8.7852, 50.1026], [8.7865, 50.1027], [8.7865, 50.1028], [8.7852, 50.1027], [8.7848, 50.1026]], [[8.8022, 50.0592], [8.8021, 50.0593], [8.8021, 50.0598], [8.8021, 50.0599], [8.802, 50.0609], [8.802, 50.0611], [8.802, 50.0609], [8.8019, 50.0609], [8.8019, 50.0608], [8.802, 50.0608], [8.802, 50.0606], [8.802, 50.0601], [8.802, 50.0599], [8.8021, 50.0599], [8.8021, 50.0598], [8.8021, 50.0597], [8.8021, 50.0595], [8.8021, 50.0593], [8.8021, 50.0592], [8.8022, 50.0592]], [[8.7858, 50.0068], [8.7857, 50.0068], [8.7857, 50.0069], [8.7857, 50.0072], [8.7855, 50.0078], [8.7855, 50.0081], [8.7854, 50.0085], [8.7854, 50.0086], [8.7855, 50.0085], [8.7855, 50.0081], [8.7856, 50.0078], [8.7857, 50.0072], [8.7858, 50.0068]], [[8.3137, 50.1594], [8.3159, 50.1585], [8.3164, 50.1583], [8.3165, 50.1582]], [[8.3165, 50.1582], [8.3171, 50.158], [8.3173, 50.1579], [8.3175, 50.1578], [8.3177, 50.1576], [8.3179, 50.1575], [8.3181, 50.1573], [8.3189, 50.1567]], [[8.3189, 50.1567], [8.3194, 50.1563], [8.3195, 50.1562], [8.3196, 50.1561]], [[8.3196, 50.1561], [8.3199, 50.1558], [8.3201, 50.1556], [8.3203, 50.1555], [8.3206, 50.1552], [8.3211, 50.1546], [8.3216, 50.1541], [8.3218, 50.1539], [8.3221, 50.1537], [8.3224, 50.1534], [8.3226, 50.1533]], [[8.323, 50.1531], [8.3233, 50.1529], [8.3237, 50.1527], [8.3243, 50.1524], [8.3247, 50.1522]], [[8.3247, 50.1522], [8.3251, 50.152], [8.3259, 50.1516], [8.327, 50.151], [8.3277, 50.1507], [8.3284, 50.1503], [8.3288, 50.1502], [8.3292, 50.15], [8.3295, 50.1498], [8.3299, 50.1497], [8.3302, 50.1496], [8.3306, 50.1495], [8.3309, 50.1494], [8.3314, 50.1492]], [[8.3314, 50.1492], [8.3315, 50.1492]], [[8.3315, 50.1492], [8.3322, 50.1491], [8.3327, 50.149], [8.3333, 50.1489], [8.3338, 50.1489], [8.3343, 50.1488], [8.3346, 50.1488], [8.3351, 50.1488], [8.3355, 50.1488], [8.336, 50.1488], [8.3363, 50.1489], [8.3365, 50.1489]], [[8.3365, 50.1489], [8.3366, 50.1489]], [[8.3366, 50.1489], [8.3373, 50.149], [8.3374, 50.149], [8.338, 50.1491], [8.3387, 50.1492], [8.3426, 50.1501], [8.3431, 50.1502], [8.3435, 50.1503], [8.3439, 50.1503], [8.3444, 50.1504], [8.3448, 50.1505], [8.3452, 50.1505], [8.3457, 50.1505], [8.3462, 50.1505], [8.3465, 50.1505], [8.3468, 50.1505], [8.3472, 50.1505], [8.3475, 50.1505], [8.3479, 50.1504], [8.3483, 50.1504], [8.3487, 50.1503], [8.3491, 50.1502], [8.3495, 50.1502], [8.3497, 50.1501], [8.35, 50.1501], [8.3505, 50.1499]], [[8.3505, 50.1499], [8.3508, 50.1498]], [[8.3508, 50.1498], [8.351, 50.1498], [8.3512, 50.1497], [8.3515, 50.1496], [8.3519, 50.1495], [8.3521, 50.1494], [8.3525, 50.1492], [8.3528, 50.149], [8.3532, 50.1488], [8.3534, 50.1487], [8.3536, 50.1486], [8.3539, 50.1484], [8.3543, 50.1481], [8.3567, 50.1464]], [[8.3567, 50.1464], [8.3602, 50.144], [8.3625, 50.1424], [8.3636, 50.1416], [8.3646, 50.141], [8.3656, 50.1402]], [[8.3656, 50.1402], [8.3657, 50.1402], [8.3662, 50.1399], [8.3666, 50.1396]], [[8.3666, 50.1396], [8.3668, 50.1396]], [[8.3668, 50.1396], [8.3672, 50.1393], [8.3676, 50.1392], [8.3681, 50.139], [8.3686, 50.1389], [8.3691, 50.1387], [8.3696, 50.1386], [8.3701, 50.1386], [8.3706, 50.1385], [8.3711, 50.1384], [8.3717, 50.1384], [8.3722, 50.1384], [8.3728, 50.1384], [8.3732, 50.1385]], [[8.3732, 50.1385], [8.3733, 50.1385]], [[8.3733, 50.1385], [8.3738, 50.1386], [8.3743, 50.1386], [8.3748, 50.1387], [8.3753, 50.1389], [8.3758, 50.139], [8.3763, 50.1392], [8.3767, 50.1394], [8.3778, 50.1399]], [[8.3778, 50.1399], [8.3779, 50.14], [8.3784, 50.1402], [8.3788, 50.1404], [8.3791, 50.1405]], [[8.3794, 50.1407], [8.3793, 50.1406], [8.3791, 50.1405]], [[8.3802, 50.1409], [8.38, 50.1408], [8.3798, 50.1408], [8.3794, 50.1407]], [[8.3813, 50.1411], [8.3811, 50.1411], [8.3809, 50.141], [8.3808, 50.141], [8.3805, 50.141], [8.3803, 50.1409], [8.3802, 50.1409]], [[8.3858, 50.1405], [8.386, 50.1404], [8.3866, 50.1402], [8.3868, 50.1401], [8.3876, 50.1397], [8.3879, 50.1396], [8.3883, 50.1395], [8.3885, 50.1394], [8.3888, 50.1393], [8.389, 50.1392], [8.3893, 50.1391], [8.3896, 50.1391], [8.3898, 50.139], [8.3901, 50.139], [8.3904, 50.1389], [8.3907, 50.1389], [8.391, 50.1389], [8.3914, 50.1389], [8.3919, 50.1389], [8.3924, 50.1389], [8.393, 50.139], [8.3939, 50.1391], [8.3948, 50.1392], [8.3952, 50.1392], [8.3953, 50.1392], [8.3956, 50.1392], [8.3961, 50.1392], [8.3965, 50.1392], [8.397, 50.1392], [8.3975, 50.1391], [8.3979, 50.139], [8.3984, 50.1389], [8.3988, 50.1387]], [[8.3988, 50.1387], [8.3992, 50.1386], [8.3994, 50.1385], [8.3997, 50.1384]], [[8.3997, 50.1384], [8.4002, 50.1381], [8.4007, 50.1378], [8.4011, 50.1376], [8.4015, 50.1373], [8.402, 50.1368], [8.4024, 50.1365], [8.4027, 50.136], [8.4029, 50.1358], [8.403, 50.1355], [8.4036, 50.1343], [8.404, 50.1333], [8.4042, 50.1328], [8.4044, 50.1325], [8.4047, 50.1319], [8.405, 50.1317], [8.4052, 50.1315], [8.4056, 50.1312], [8.4064, 50.1308], [8.407, 50.1305]], [[8.407, 50.1305], [8.4074, 50.1303]], [[8.4074, 50.1303], [8.4085, 50.1297]], [[8.4085, 50.1297], [8.4087, 50.1296]], [[8.4087, 50.1296], [8.4095, 50.1292], [8.4098, 50.129], [8.41, 50.1289], [8.4103, 50.1287], [8.4106, 50.1285], [8.4108, 50.1282], [8.411, 50.1279], [8.4112, 50.1277]], [[8.4112, 50.1277], [8.4113, 50.1276]], [[8.4113, 50.1276], [8.4117, 50.1271], [8.412, 50.1267], [8.4124, 50.1263], [8.4126, 50.126], [8.4127, 50.1259], [8.4134, 50.1253]], [[8.4134, 50.1253], [8.4136, 50.1251]], [[8.4136, 50.1251], [8.4143, 50.1245], [8.4148, 50.124], [8.415, 50.1238], [8.4151, 50.1236], [8.4153, 50.1232], [8.4154, 50.123], [8.4155, 50.1227], [8.4155, 50.1225], [8.4155, 50.1218], [8.4155, 50.121], [8.4155, 50.1204], [8.4156, 50.1201], [8.4156, 50.1199], [8.4157, 50.1197], [8.4159, 50.1194], [8.4161, 50.1191], [8.4163, 50.1189], [8.4165, 50.1186], [8.4168, 50.1184], [8.4172, 50.1181], [8.4176, 50.1179], [8.418, 50.1177], [8.419, 50.1172], [8.4204, 50.1166], [8.4207, 50.1164], [8.4209, 50.1163], [8.4213, 50.1161], [8.4216, 50.1159], [8.422, 50.1156]], [[8.4283, 50.1071], [8.4285, 50.1077], [8.4285, 50.108], [8.4285, 50.1082], [8.4285, 50.1086], [8.4284, 50.109], [8.4282, 50.1094], [8.428, 50.1096], [8.4279, 50.1098], [8.4275, 50.1103], [8.4271, 50.1108], [8.4265, 50.1114], [8.4256, 50.1122], [8.4252, 50.1126], [8.4251, 50.1127], [8.4246, 50.1132], [8.4236, 50.1141], [8.423, 50.1147], [8.4223, 50.1153], [8.422, 50.1156]], [[8.4278, 50.1057], [8.4283, 50.1071]], [[8.4278, 50.1056], [8.4278, 50.1057]], [[8.4269, 50.1013], [8.427, 50.1015], [8.4273, 50.1033], [8.4274, 50.1043], [8.4275, 50.1048], [8.4277, 50.1052], [8.4278, 50.1056]], [[8.4269, 50.1012], [8.4269, 50.1013]], [[8.4272, 50.0931], [8.4268, 50.0936], [8.4265, 50.094], [8.4262, 50.0946], [8.4261, 50.0949], [8.4261, 50.0951], [8.4261, 50.0954], [8.426, 50.0957], [8.4261, 50.096], [8.4262, 50.097], [8.4264, 50.0979], [8.4268, 50.1006], [8.4269, 50.1012]], [[8.4304, 50.09], [8.4299, 50.0905], [8.4282, 50.0921], [8.4273, 50.093], [8.4272, 50.0931]], [[8.4305, 50.09], [8.4304, 50.09]], [[8.4401, 50.0856], [8.4394, 50.0858], [8.4387, 50.0861], [8.4381, 50.0863], [8.437, 50.0868], [8.4341, 50.088], [8.4324, 50.0888], [8.432, 50.089], [8.4316, 50.0892], [8.4312, 50.0894], [8.4307, 50.0898], [8.4306, 50.0899], [8.4305, 50.09]], [[8.4527, 50.0817], [8.4504, 50.0824], [8.4469, 50.0834], [8.4462, 50.0836], [8.4462, 50.0837], [8.4461, 50.0837], [8.4457, 50.0838], [8.4452, 50.0839], [8.4449, 50.084], [8.4445, 50.0842], [8.4433, 50.0846], [8.441, 50.0853], [8.4401, 50.0856]], [[8.459, 50.0798], [8.4585, 50.0799], [8.4562, 50.0806], [8.4558, 50.0807], [8.453, 50.0816], [8.4527, 50.0817]], [[8.4653, 50.0796], [8.4645, 50.0795], [8.4644, 50.0794], [8.4638, 50.0793], [8.4632, 50.0793], [8.4625, 50.0792], [8.4618, 50.0792], [8.4611, 50.0793], [8.4604, 50.0794], [8.46, 50.0795], [8.4596, 50.0796], [8.4593, 50.0797], [8.459, 50.0798]], [[8.4655, 50.0797], [8.4653, 50.0796]], [[8.4678, 50.0803], [8.4655, 50.0797]], [[8.4681, 50.0804], [8.4678, 50.0803]], [[8.4684, 50.0804], [8.4681, 50.0804]], [[8.4687, 50.0805], [8.4684, 50.0804]], [[8.4697, 50.0808], [8.4692, 50.0807], [8.4691, 50.0806], [8.4687, 50.0805]], [[8.4698, 50.0808], [8.4697, 50.0808]], [[8.5036, 50.0895], [8.5014, 50.0889], [8.5, 50.0885], [8.4988, 50.0882], [8.4884, 50.0856], [8.4882, 50.0855], [8.4877, 50.0854], [8.4876, 50.0854], [8.4846, 50.0846], [8.4837, 50.0844], [8.4819, 50.0839], [8.481, 50.0837], [8.4808, 50.0836], [8.4798, 50.0834], [8.4794, 50.0833], [8.4766, 50.0825], [8.4762, 50.0824], [8.4758, 50.0823], [8.4755, 50.0823], [8.4752, 50.0822], [8.4751, 50.0822], [8.4733, 50.0817], [8.4714, 50.0812], [8.4703, 50.0809], [8.4698, 50.0808]], [[8.5039, 50.0896], [8.5036, 50.0895]], [[8.5069, 50.0903], [8.5066, 50.0902], [8.5064, 50.0902], [8.5055, 50.09], [8.5041, 50.0896], [8.5039, 50.0896]], [[8.5073, 50.0904], [8.5069, 50.0903]], [[8.515, 50.0924], [8.5118, 50.0916], [8.5074, 50.0905], [8.5073, 50.0904]], [[8.515, 50.0924], [8.5169, 50.0929]], [[8.5169, 50.0929], [8.5172, 50.093], [8.5173, 50.093]], [[8.5173, 50.093], [8.5176, 50.0931], [8.5179, 50.0932], [8.5181, 50.0933], [8.5185, 50.0934], [8.5188, 50.0935]], [[8.5188, 50.0935], [8.519, 50.0936], [8.5192, 50.0937]], [[8.5192, 50.0937], [8.5195, 50.0939]], [[8.5195, 50.0939], [8.5197, 50.0941], [8.5203, 50.0944], [8.5208, 50.0948], [8.5213, 50.0951], [8.5217, 50.0954], [8.522, 50.0955]], [[8.522, 50.0955], [8.5225, 50.0957], [8.5228, 50.0959], [8.5234, 50.0962], [8.5244, 50.0967], [8.5251, 50.097], [8.5257, 50.0973], [8.5263, 50.0976], [8.527, 50.0979]], [[8.527, 50.0979], [8.5272, 50.0979], [8.5276, 50.0981], [8.5279, 50.0982], [8.5287, 50.0986], [8.5295, 50.0989], [8.5297, 50.099], [8.5298, 50.099], [8.5307, 50.0994]], [[8.5307, 50.0994], [8.5316, 50.0998], [8.5327, 50.1002], [8.5332, 50.1003]], [[8.5332, 50.1003], [8.5353, 50.1011], [8.5357, 50.1012], [8.5361, 50.1013], [8.5364, 50.1014], [8.5373, 50.1017], [8.5379, 50.1018], [8.5383, 50.1019], [8.5385, 50.102]], [[8.5385, 50.102], [8.539, 50.102], [8.5393, 50.1021]], [[8.5393, 50.1021], [8.5399, 50.1021], [8.5405, 50.1022]], [[8.5405, 50.1022], [8.541, 50.1023], [8.5417, 50.1024], [8.5422, 50.1024], [8.5428, 50.1025], [8.5437, 50.1026], [8.5446, 50.1027], [8.5452, 50.1028], [8.5465, 50.1029], [8.5468, 50.103]], [[8.5468, 50.103], [8.5473, 50.103]], [[8.5473, 50.103], [8.5481, 50.1031], [8.5484, 50.1031], [8.5489, 50.1032], [8.549, 50.1032], [8.5505, 50.1033], [8.5516, 50.1033], [8.5518, 50.1033], [8.5522, 50.1034], [8.5527, 50.1034], [8.5529, 50.1034], [8.5535, 50.1034], [8.554, 50.1034], [8.5556, 50.1034], [8.5563, 50.1033], [8.5575, 50.1033], [8.5612, 50.1033]], [[8.5612, 50.1033], [8.5614, 50.1033]], [[8.5614, 50.1033], [8.5654, 50.1033]], [[8.5654, 50.1033], [8.5659, 50.1033]], [[8.5659, 50.1033], [8.5664, 50.1033], [8.5669, 50.1033], [8.5673, 50.1032], [8.5676, 50.1032], [8.5678, 50.1032], [8.568, 50.1032], [8.5682, 50.1031], [8.5684, 50.1031], [8.5687, 50.1031], [8.5689, 50.103], [8.569, 50.103], [8.5692, 50.1029], [8.5694, 50.1029], [8.5697, 50.1028]], [[8.5697, 50.1028], [8.5702, 50.1027]], [[8.5702, 50.1027], [8.5703, 50.1027], [8.5707, 50.1025], [8.5711, 50.1024], [8.5717, 50.1022], [8.5725, 50.1019], [8.573, 50.1018], [8.5731, 50.1017]], [[8.5731, 50.1017], [8.5741, 50.1014], [8.5777, 50.1001]], [[8.5777, 50.1001], [8.5782, 50.0999]], [[8.5782, 50.0999], [8.5816, 50.0986]], [[8.5816, 50.0986], [8.5823, 50.0983]], [[8.5823, 50.0983], [8.5843, 50.0975], [8.5853, 50.0971], [8.5873, 50.0963], [8.5876, 50.0962], [8.5877, 50.0962], [8.588, 50.0961], [8.5882, 50.096], [8.5885, 50.0959], [8.5888, 50.0958], [8.5891, 50.0957], [8.5894, 50.0956], [8.5896, 50.0955], [8.5899, 50.0954], [8.5902, 50.0954], [8.5905, 50.0953], [8.5908, 50.0952], [8.5911, 50.0951], [8.5914, 50.0951], [8.5916, 50.095], [8.5919, 50.095], [8.5923, 50.0949], [8.5928, 50.0948], [8.5931, 50.0947], [8.5934, 50.0947], [8.5938, 50.0946], [8.5941, 50.0946], [8.5944, 50.0945], [8.5946, 50.0945], [8.5949, 50.0945], [8.5952, 50.0944], [8.5954, 50.0944]], [[8.5954, 50.0944], [8.5957, 50.0944], [8.596, 50.0944], [8.5964, 50.0943], [8.5967, 50.0943], [8.5971, 50.0943], [8.5976, 50.0943], [8.5978, 50.0943], [8.5981, 50.0943], [8.5986, 50.0943]], [[8.5986, 50.0943], [8.5996, 50.0943], [8.6004, 50.0943], [8.6038, 50.0943]], [[8.6038, 50.0943], [8.6056, 50.0943], [8.6072, 50.0943], [8.6073, 50.0943]], [[8.6073, 50.0943], [8.608, 50.0943], [8.6099, 50.0943], [8.6113, 50.0943], [8.6119, 50.0943], [8.6121, 50.0943]], [[8.6268, 50.0943], [8.6239, 50.0943], [8.6237, 50.0943], [8.6226, 50.0943], [8.6225, 50.0943], [8.6195, 50.0943], [8.6186, 50.0943], [8.6171, 50.0943], [8.6143, 50.0943], [8.6133, 50.0943], [8.6127, 50.0943], [8.6122, 50.0943], [8.6121, 50.0943]], [[8.6312, 50.095], [8.6312, 50.0949], [8.6309, 50.0948], [8.6305, 50.0947], [8.6302, 50.0946], [8.6298, 50.0946], [8.6297, 50.0945], [8.6295, 50.0945], [8.6292, 50.0945], [8.629, 50.0944], [8.6286, 50.0944], [8.6283, 50.0944], [8.6279, 50.0944], [8.6279, 50.0943], [8.6275, 50.0943], [8.6268, 50.0943]], [[8.6322, 50.0953], [8.6323, 50.0954], [8.634, 50.096]], [[8.634, 50.096], [8.6342, 50.0961], [8.6343, 50.0962], [8.6354, 50.0966], [8.6359, 50.0968], [8.6361, 50.0968], [8.6376, 50.0974], [8.6378, 50.0975], [8.6384, 50.0977], [8.6385, 50.0978], [8.6391, 50.0981], [8.6399, 50.0984], [8.641, 50.0988], [8.6421, 50.0992], [8.6428, 50.0995], [8.6432, 50.0997], [8.6435, 50.0998], [8.6439, 50.1], [8.6442, 50.1001], [8.6445, 50.1003], [8.6448, 50.1004], [8.6455, 50.1006], [8.6457, 50.1007], [8.646, 50.1008], [8.6464, 50.101], [8.6471, 50.1013], [8.6474, 50.1014], [8.6478, 50.1016]], [[8.6478, 50.1016], [8.6479, 50.1016], [8.648, 50.1016], [8.6484, 50.1018], [8.6485, 50.1018], [8.649, 50.102]], [[8.649, 50.102], [8.6491, 50.1021]], [[8.6491, 50.1021], [8.6493, 50.1022]], [[8.6493, 50.1022], [8.6503, 50.1025], [8.6506, 50.1026], [8.6506, 50.1027]], [[8.6506, 50.1027], [8.6507, 50.1027], [8.6519, 50.1031], [8.652, 50.1032], [8.6524, 50.1033]], [[8.7145, 50.1041], [8.7146, 50.1041], [8.7157, 50.1042], [8.7179, 50.1042]], [[8.7179, 50.1042], [8.7193, 50.1043], [8.7201, 50.1043], [8.721, 50.1044], [8.7234, 50.1045], [8.7243, 50.1045]], [[8.7243, 50.1045], [8.7257, 50.1046], [8.7272, 50.1047]], [[8.7272, 50.1047], [8.7275, 50.1047], [8.7284, 50.1048]], [[8.7284, 50.1048], [8.7285, 50.1048], [8.7296, 50.1048], [8.7315, 50.1049], [8.7316, 50.1049]], [[8.7817, 50.1025], [8.7816, 50.1025], [8.7814, 50.1025], [8.7812, 50.1025], [8.781, 50.1025], [8.7802, 50.1024], [8.7798, 50.1023]], [[8.7817, 50.1025], [8.782, 50.1025], [8.7824, 50.1025], [8.7827, 50.1025], [8.7829, 50.1025]], [[8.7829, 50.1025], [8.7832, 50.1025], [8.7835, 50.1025]], [[8.7835, 50.1025], [8.7836, 50.1025], [8.7838, 50.1026], [8.784, 50.1026]], [[8.784, 50.1026], [8.7846, 50.1026], [8.7848, 50.1026]], [[8.7848, 50.1026], [8.7849, 50.1026], [8.785, 50.1026], [8.7855, 50.1027], [8.7858, 50.1027], [8.786, 50.1027]], [[8.786, 50.1027], [8.7865, 50.1028]], [[8.7865, 50.1028], [8.7874, 50.1028], [8.7878, 50.1029], [8.7881, 50.1029], [8.7885, 50.1029]], [[8.7885, 50.1029], [8.7886, 50.1029], [8.7888, 50.1029], [8.7895, 50.1029], [8.7906, 50.1029]], [[8.7906, 50.1029], [8.791, 50.1029]], [[8.791, 50.1029], [8.7911, 50.1029], [8.7915, 50.1029], [8.7918, 50.1029], [8.7921, 50.1029], [8.7923, 50.1028], [8.7926, 50.1028]], [[8.7926, 50.1028], [8.793, 50.1028], [8.7936, 50.1027], [8.794, 50.1027], [8.7943, 50.1026], [8.7945, 50.1026], [8.7948, 50.1025], [8.7952, 50.1024], [8.7955, 50.1024], [8.7959, 50.1023], [8.7964, 50.1021], [8.7966, 50.1021]], [[8.7966, 50.1021], [8.7969, 50.102], [8.7974, 50.1018], [8.7979, 50.1015], [8.7984, 50.1013], [8.7989, 50.1011], [8.7993, 50.1008], [8.7996, 50.1006], [8.7997, 50.1006], [8.7998, 50.1004], [8.8001, 50.1003], [8.8003, 50.1001], [8.8005, 50.1], [8.8007, 50.0997], [8.8008, 50.0996], [8.8009, 50.0996], [8.8012, 50.0993], [8.8021, 50.0982], [8.8025, 50.0977]], [[8.8025, 50.0977], [8.8033, 50.0967], [8.804, 50.0959], [8.8047, 50.0951], [8.8047, 50.095], [8.8059, 50.0937], [8.8067, 50.0926], [8.8071, 50.0922], [8.8076, 50.0916]], [[8.8076, 50.0916], [8.8078, 50.0913], [8.8079, 50.0912], [8.8085, 50.0905], [8.8086, 50.0903], [8.8087, 50.0901], [8.8091, 50.0898]], [[8.8093, 50.0895], [8.8091, 50.0898]], [[8.8093, 50.0894], [8.8093, 50.0895]], [[8.8094, 50.0894], [8.8093, 50.0894]], [[8.8121, 50.0861], [8.8114, 50.087], [8.8113, 50.0871], [8.81, 50.0887], [8.8094, 50.0894]], [[8.8127, 50.0854], [8.8121, 50.0861]], [[8.8126, 50.0823], [8.8127, 50.0826], [8.813, 50.083], [8.8131, 50.0833], [8.8132, 50.0835], [8.8132, 50.0837], [8.8132, 50.0838], [8.8132, 50.0839], [8.8132, 50.084], [8.8132, 50.0842], [8.8132, 50.0843], [8.8132, 50.0845], [8.8131, 50.0847], [8.813, 50.0848], [8.8129, 50.085], [8.8127, 50.0853], [8.8127, 50.0854]], [[8.8115, 50.0803], [8.8116, 50.0805], [8.8119, 50.0811], [8.812, 50.0814], [8.8122, 50.0817], [8.8124, 50.082], [8.8125, 50.0821], [8.8126, 50.0823]], [[8.8021, 50.0682], [8.8023, 50.0686], [8.8024, 50.0689], [8.8028, 50.0695], [8.8033, 50.0703], [8.8039, 50.0708], [8.8043, 50.0713], [8.8048, 50.0718], [8.8053, 50.0723], [8.8054, 50.0723], [8.806, 50.073], [8.8064, 50.0733], [8.8069, 50.0738], [8.8072, 50.0742], [8.808, 50.075], [8.8084, 50.0753], [8.809, 50.0759], [8.8092, 50.0762], [8.8093, 50.0763], [8.8095, 50.0765], [8.8097, 50.0768], [8.81, 50.0772], [8.8101, 50.0773], [8.8105, 50.0782], [8.8108, 50.0788], [8.8115, 50.0803]], [[8.8018, 50.0673], [8.802, 50.0677], [8.8021, 50.0682]], [[8.802, 50.0612], [8.802, 50.0622], [8.802, 50.0624], [8.8018, 50.0641], [8.8017, 50.0654], [8.8017, 50.0657], [8.8017, 50.0661], [8.8018, 50.0667], [8.8018, 50.0673]], [[8.8022, 50.0592], [8.8021, 50.0601], [8.8021, 50.0606], [8.802, 50.0612]], [[8.7983, 50.0375], [8.7986, 50.038], [8.7991, 50.0392], [8.7999, 50.041], [8.8002, 50.0415], [8.8007, 50.0426], [8.8016, 50.0444], [8.8018, 50.045], [8.8023, 50.046], [8.8024, 50.0462], [8.8025, 50.0466], [8.8027, 50.0469], [8.8028, 50.0473], [8.8029, 50.0476], [8.8029, 50.0478], [8.8029, 50.0481], [8.8029, 50.0485], [8.8029, 50.0491], [8.8029, 50.0496], [8.8027, 50.0514], [8.8027, 50.0523], [8.8026, 50.0532], [8.8025, 50.0542], [8.8025, 50.0549], [8.8024, 50.0555], [8.8024, 50.0556], [8.8024, 50.0566], [8.8023, 50.0575], [8.8022, 50.0585], [8.8022, 50.0588], [8.8022, 50.0589], [8.8022, 50.0592]], [[8.7981, 50.037], [8.7983, 50.0375]], [[8.7952, 50.0308], [8.796, 50.0325], [8.7964, 50.0334], [8.7968, 50.0342], [8.7974, 50.0355], [8.7976, 50.0358], [8.798, 50.0369], [8.7981, 50.037]], [[8.7951, 50.0305], [8.7952, 50.0308]], [[8.7938, 50.0276], [8.7939, 50.028], [8.7943, 50.0287], [8.795, 50.0304], [8.7951, 50.0305]], [[8.7925, 50.0249], [8.7927, 50.0255], [8.793, 50.026], [8.7932, 50.0266], [8.7935, 50.0271], [8.7937, 50.0275], [8.7938, 50.0276]], [[8.7924, 50.0247], [8.7925, 50.0249]], [[8.7891, 50.0176], [8.7891, 50.0177], [8.7896, 50.0186], [8.7896, 50.0187], [8.7901, 50.0198], [8.7904, 50.0204], [8.791, 50.0217], [8.7913, 50.0222], [8.7921, 50.0239], [8.7924, 50.0247]], [[8.7885, 50.0163], [8.7888, 50.0169], [8.7891, 50.0176]], [[8.7884, 50.016], [8.7885, 50.0163]], [[8.7877, 50.0144], [8.7881, 50.0153], [8.7884, 50.016]], [[8.7861, 50.0111], [8.7863, 50.0115], [8.7871, 50.0133], [8.7877, 50.0144]], [[8.786, 50.011], [8.7861, 50.0111]], [[8.7855, 50.0082], [8.7854, 50.0087], [8.7854, 50.0092], [8.7854, 50.0093], [8.7854, 50.0095], [8.7855, 50.0097], [8.7856, 50.0099], [8.786, 50.011]], [[8.8023, 50.0592], [8.8023, 50.0593], [8.8022, 50.0598], [8.8022, 50.06], [8.8022, 50.0604], [8.8022, 50.0606], [8.8021, 50.0611], [8.8022, 50.0611], [8.8022, 50.0609], [8.8022, 50.0607], [8.8023, 50.0607], [8.8023, 50.0606], [8.8022, 50.0606], [8.8022, 50.0605], [8.8022, 50.0604], [8.8023, 50.06], [8.8023, 50.0598], [8.8023, 50.0597], [8.8023, 50.0594], [8.8023, 50.0593], [8.8024, 50.0593], [8.8024, 50.0592], [8.8023, 50.0592]], [[8.7848, 50.1027], [8.7849, 50.1027], [8.786, 50.1028], [8.786, 50.1029], [8.7853, 50.1028], [8.7849, 50.1028], [8.7848, 50.1028], [8.784, 50.1027], [8.7838, 50.1027], [8.7831, 50.1027], [8.7831, 50.1026], [8.7836, 50.1026], [8.7838, 50.1026], [8.7841, 50.1026], [8.7848, 50.1027]], [[8.5732, 50.1018], [8.5725, 50.1021], [8.5717, 50.1023], [8.5716, 50.1023], [8.571, 50.1025], [8.5707, 50.1027], [8.5704, 50.1028], [8.5703, 50.1027], [8.5702, 50.1028], [8.5702, 50.1027], [8.5706, 50.1026], [8.571, 50.1025], [8.5717, 50.1023], [8.5725, 50.102], [8.5732, 50.1018]], [[8.5066, 50.0903], [8.5066, 50.0904], [8.5065, 50.0903], [8.5049, 50.0899], [8.5048, 50.0899], [8.5049, 50.0899], [8.5041, 50.0897], [8.504, 50.0897], [8.5039, 50.0896], [8.5049, 50.0899], [8.5066, 50.0903]], [[8.4733, 50.0818], [8.4736, 50.0819], [8.4745, 50.0821], [8.475, 50.0823], [8.4751, 50.0823], [8.4752, 50.0823], [8.4753, 50.0823], [8.4754, 50.0823], [8.4754, 50.0824], [8.4756, 50.0824], [8.4757, 50.0824], [8.4766, 50.0826], [8.4752, 50.0823], [8.4733, 50.0818]], [[8.3869, 50.1401], [8.3869, 50.1402], [8.3873, 50.14], [8.3875, 50.1399], [8.3876, 50.14], [8.3877, 50.1399], [8.3878, 50.1399], [8.3878, 50.1398], [8.3879, 50.1398], [8.388, 50.1398], [8.3881, 50.1398], [8.3881, 50.1397], [8.3882, 50.1396], [8.3881, 50.1396], [8.3882, 50.1396], [8.3886, 50.1394], [8.3889, 50.1394], [8.3891, 50.1393], [8.3894, 50.1392], [8.3891, 50.1392], [8.3888, 50.1393], [8.3886, 50.1394], [8.3884, 50.1395], [8.3882, 50.1396], [8.3879, 50.1397], [8.3873, 50.1399], [8.3869, 50.1401]], [[8.3637, 50.1416], [8.3637, 50.1417], [8.3641, 50.1414], [8.3657, 50.1403], [8.3641, 50.1414], [8.3637, 50.1416]], [[8.3538, 50.1485], [8.3534, 50.1488], [8.3531, 50.149], [8.3528, 50.1491], [8.3525, 50.1493], [8.3523, 50.1494], [8.3521, 50.1495], [8.3517, 50.1496], [8.3514, 50.1497], [8.3512, 50.1498], [8.3511, 50.1499], [8.351, 50.1499], [8.3509, 50.1499], [8.3508, 50.15], [8.3509, 50.1499], [8.3511, 50.1498], [8.3514, 50.1497], [8.3517, 50.1496], [8.352, 50.1495], [8.3523, 50.1494], [8.3525, 50.1493], [8.3528, 50.1491], [8.3531, 50.1489], [8.3534, 50.1487], [8.3538, 50.1485]], [[8.7877, 50.0144], [8.7881, 50.0153], [8.7885, 50.016]], [[8.7885, 50.016], [8.7886, 50.0163]], [[8.7886, 50.0163], [8.7889, 50.0169], [8.7892, 50.0175]], [[8.7892, 50.0175], [8.7893, 50.0177]], [[8.7893, 50.0177], [8.7897, 50.0186], [8.7897, 50.0187], [8.7902, 50.0197], [8.7905, 50.0203], [8.7913, 50.0222], [8.7921, 50.0239], [8.7925, 50.0246]], [[8.7925, 50.0246], [8.7926, 50.0249]], [[8.7926, 50.0249], [8.7928, 50.0254], [8.7929, 50.0256], [8.7931, 50.026], [8.7933, 50.0265], [8.7934, 50.0267], [8.7936, 50.0271], [8.7938, 50.0275], [8.7938, 50.0276]], [[8.7938, 50.0276], [8.7943, 50.0287], [8.7951, 50.0304], [8.7952, 50.0305]], [[8.7952, 50.0305], [8.7953, 50.0308]], [[8.7953, 50.0308], [8.7953, 50.0309]], [[8.7953, 50.0309], [8.7961, 50.0325], [8.7968, 50.0341], [8.797, 50.0346], [8.7971, 50.0347], [8.7976, 50.0357], [8.7981, 50.0369], [8.7982, 50.037]], [[8.7982, 50.037], [8.7984, 50.0374]], [[8.7984, 50.0374], [8.7986, 50.038], [8.7992, 50.0392], [8.8, 50.0409], [8.8008, 50.0426], [8.8016, 50.0444], [8.8019, 50.045], [8.8023, 50.046], [8.8024, 50.0462], [8.8026, 50.0466], [8.8027, 50.0469], [8.8029, 50.0473], [8.803, 50.0476], [8.803, 50.0478], [8.803, 50.0481], [8.803, 50.0485], [8.803, 50.0491], [8.8029, 50.0496], [8.8028, 50.0514], [8.8027, 50.0523], [8.8027, 50.0532], [8.8025, 50.0549], [8.8025, 50.0555], [8.8025, 50.0556], [8.8024, 50.0566], [8.8024, 50.0575], [8.8023, 50.0585], [8.8023, 50.0588], [8.8023, 50.0589], [8.8022, 50.0592]], [[8.8022, 50.0592], [8.8022, 50.0601], [8.8021, 50.0606], [8.8021, 50.0612]], [[8.8021, 50.0612], [8.802, 50.0622], [8.8019, 50.0641], [8.8018, 50.0653], [8.8018, 50.0657], [8.8018, 50.0661], [8.8018, 50.0667], [8.8019, 50.0673]], [[8.8019, 50.0673], [8.802, 50.0677], [8.8022, 50.0682]], [[8.8022, 50.0682], [8.8023, 50.0686], [8.8025, 50.0689], [8.8028, 50.0695], [8.8034, 50.0702], [8.8039, 50.0708], [8.8043, 50.0712], [8.8049, 50.0718], [8.8054, 50.0723], [8.8061, 50.073], [8.8069, 50.0738], [8.8073, 50.0741], [8.8081, 50.075], [8.8084, 50.0753], [8.8091, 50.0759], [8.8093, 50.0762], [8.8095, 50.0765], [8.8097, 50.0768], [8.81, 50.0772], [8.8101, 50.0773], [8.8105, 50.078], [8.8106, 50.0782], [8.8108, 50.0788], [8.8116, 50.0803]], [[8.8116, 50.0803], [8.8116, 50.0804], [8.8119, 50.081], [8.8121, 50.0814], [8.8122, 50.0817], [8.8125, 50.082], [8.8125, 50.0821], [8.8126, 50.0823]], [[8.8126, 50.0823], [8.8128, 50.0825], [8.813, 50.083], [8.8132, 50.0833], [8.8132, 50.0835], [8.8133, 50.0837], [8.8133, 50.0838], [8.8133, 50.0839], [8.8133, 50.084], [8.8133, 50.0842], [8.8133, 50.0843], [8.8132, 50.0845], [8.8132, 50.0847], [8.8131, 50.0848], [8.813, 50.085], [8.8128, 50.0853], [8.8127, 50.0854]], [[8.8122, 50.0861], [8.8123, 50.086], [8.8125, 50.0858], [8.8126, 50.0856], [8.8127, 50.0854]], [[8.8122, 50.0861], [8.8121, 50.0862], [8.8113, 50.0871], [8.8112, 50.0873], [8.8107, 50.0879], [8.8106, 50.088], [8.81, 50.0887], [8.8094, 50.0894]], [[8.8094, 50.0894], [8.8094, 50.0895]], [[8.8094, 50.0895], [8.8093, 50.0895]], [[8.8091, 50.0898], [8.8085, 50.0905], [8.8084, 50.0906], [8.8079, 50.0912], [8.8079, 50.0913], [8.8076, 50.0916]], [[8.8076, 50.0916], [8.8072, 50.0922], [8.8068, 50.0927], [8.8059, 50.0937], [8.8048, 50.095], [8.8047, 50.0951], [8.8041, 50.0959], [8.8034, 50.0967], [8.8026, 50.0977]], [[8.8026, 50.0977], [8.8022, 50.0982], [8.8012, 50.0993], [8.8009, 50.0996], [8.8008, 50.0997], [8.8005, 50.1], [8.8004, 50.1], [8.8003, 50.1001], [8.8001, 50.1003], [8.7999, 50.1005], [8.7997, 50.1006], [8.7996, 50.1007], [8.7993, 50.1009], [8.7989, 50.1011], [8.7984, 50.1014], [8.798, 50.1016], [8.7974, 50.1018], [8.7969, 50.102], [8.7966, 50.1021], [8.7964, 50.1022], [8.7959, 50.1023]], [[8.7959, 50.1023], [8.7955, 50.1024], [8.7952, 50.1025], [8.7948, 50.1026], [8.7944, 50.1026], [8.794, 50.1027], [8.7936, 50.1028], [8.793, 50.1028], [8.7926, 50.1028]], [[8.7926, 50.1028], [8.7923, 50.1029], [8.7919, 50.1029], [8.7915, 50.1029], [8.791, 50.1029]], [[8.791, 50.1029], [8.7906, 50.103]], [[8.7906, 50.103], [8.7898, 50.103], [8.7894, 50.103], [8.7888, 50.103], [8.7882, 50.103]], [[8.7882, 50.103], [8.7879, 50.103], [8.7874, 50.103], [8.7873, 50.103], [8.787, 50.103], [8.7869, 50.103], [8.7867, 50.103], [8.7865, 50.1029], [8.7861, 50.1029]], [[8.7861, 50.1029], [8.786, 50.1029], [8.7853, 50.1028], [8.7848, 50.1028]], [[8.7848, 50.1028], [8.784, 50.1027]], [[8.784, 50.1027], [8.7838, 50.1027], [8.7837, 50.1027], [8.7833, 50.1027], [8.7831, 50.1027], [8.7828, 50.1027]], [[8.7828, 50.1027], [8.7827, 50.1026], [8.7826, 50.1026], [8.7823, 50.1026], [8.782, 50.1026], [8.7812, 50.1025], [8.7807, 50.1025], [8.7798, 50.1024]], [[8.7316, 50.1049], [8.7315, 50.1049], [8.7296, 50.1049], [8.7285, 50.1048], [8.7284, 50.1048]], [[8.7284, 50.1048], [8.7275, 50.1048], [8.7274, 50.1048], [8.7272, 50.1048]], [[8.7272, 50.1048], [8.7269, 50.1047], [8.7256, 50.1047], [8.7249, 50.1047], [8.7243, 50.1047]], [[8.7243, 50.1047], [8.7233, 50.1046], [8.7227, 50.1046], [8.7221, 50.1045], [8.7211, 50.1044], [8.7201, 50.1043], [8.7193, 50.1043], [8.7179, 50.1042]], [[8.7179, 50.1042], [8.7157, 50.1042], [8.7146, 50.1042], [8.7145, 50.1042]], [[8.6523, 50.1034], [8.6519, 50.1032], [8.6518, 50.1032], [8.6506, 50.1027]], [[8.6506, 50.1027], [8.6505, 50.1027], [8.6503, 50.1026], [8.6493, 50.1022]], [[8.6493, 50.1022], [8.6492, 50.1021]], [[8.6492, 50.1021], [8.6491, 50.1021]], [[8.6491, 50.1021], [8.6483, 50.1018], [8.6478, 50.1016], [8.6476, 50.1015]], [[8.6476, 50.1015], [8.6475, 50.1015], [8.6466, 50.1011], [8.6464, 50.1011]], [[8.6464, 50.1011], [8.6464, 50.101]], [[8.6464, 50.101], [8.6458, 50.1008], [8.6454, 50.1007]], [[8.6454, 50.1007], [8.6436, 50.0999], [8.6435, 50.0999], [8.6423, 50.0994], [8.642, 50.0993], [8.641, 50.0988], [8.6408, 50.0987], [8.64, 50.0984], [8.6399, 50.0984], [8.6391, 50.0981], [8.6388, 50.0979], [8.6384, 50.0978], [8.6381, 50.0977]], [[8.6381, 50.0977], [8.6371, 50.0973], [8.6367, 50.0971], [8.636, 50.0968], [8.6343, 50.0962], [8.6329, 50.0956], [8.6322, 50.0954]], [[8.6312, 50.095], [8.6309, 50.0949], [8.6305, 50.0948], [8.6302, 50.0947], [8.6298, 50.0946], [8.6297, 50.0946], [8.6294, 50.0945], [8.6292, 50.0945], [8.629, 50.0945], [8.6286, 50.0944], [8.6283, 50.0944], [8.6279, 50.0944], [8.6275, 50.0944], [8.6268, 50.0944]], [[8.6268, 50.0944], [8.6243, 50.0944], [8.6204, 50.0944], [8.6195, 50.0944], [8.6186, 50.0943], [8.6167, 50.0943], [8.6155, 50.0943], [8.6143, 50.0943], [8.614, 50.0943], [8.6138, 50.0943], [8.6137, 50.0943], [8.6126, 50.0943], [8.6114, 50.0943], [8.6106, 50.0943], [8.6104, 50.0943], [8.6087, 50.0943], [8.6071, 50.0943]], [[8.6071, 50.0943], [8.6056, 50.0943], [8.6047, 50.0943], [8.604, 50.0943], [8.6039, 50.0943], [8.6038, 50.0943]], [[8.6038, 50.0943], [8.602, 50.0943], [8.6004, 50.0943]], [[8.6004, 50.0943], [8.5996, 50.0943], [8.5982, 50.0943]], [[8.5982, 50.0943], [8.5976, 50.0943], [8.5974, 50.0943], [8.5971, 50.0943], [8.5969, 50.0943], [8.5967, 50.0943], [8.5965, 50.0944], [8.5963, 50.0944], [8.5959, 50.0944], [8.5954, 50.0945]], [[8.5954, 50.0945], [8.595, 50.0945], [8.5945, 50.0946], [8.5942, 50.0946], [8.5938, 50.0946], [8.5935, 50.0947], [8.5931, 50.0948], [8.5927, 50.0948], [8.5921, 50.095], [8.5919, 50.095], [8.5916, 50.0951]], [[8.5916, 50.0951], [8.5915, 50.0951], [8.5912, 50.0952], [8.5908, 50.0952], [8.5905, 50.0953], [8.5902, 50.0954], [8.5899, 50.0955], [8.5897, 50.0956], [8.5894, 50.0956], [8.5891, 50.0957], [8.5888, 50.0958], [8.5886, 50.0959], [8.5881, 50.0961], [8.5876, 50.0963], [8.5854, 50.0972], [8.5843, 50.0976], [8.5823, 50.0983]], [[8.5816, 50.0986], [8.5783, 50.0999]], [[8.5783, 50.0999], [8.5778, 50.1001]], [[8.5778, 50.1001], [8.5742, 50.1014], [8.5732, 50.1018]], [[8.5732, 50.1018], [8.5724, 50.102], [8.5717, 50.1023], [8.5709, 50.1025], [8.5707, 50.1026], [8.5703, 50.1027]], [[8.5703, 50.1027], [8.5699, 50.1028], [8.5698, 50.1028]], [[8.5698, 50.1028], [8.5696, 50.1029], [8.5692, 50.103], [8.569, 50.103], [8.5689, 50.1031], [8.5687, 50.1031], [8.5686, 50.1031], [8.5683, 50.1032], [8.568, 50.1032], [8.5678, 50.1032], [8.5676, 50.1033], [8.5673, 50.1033], [8.5671, 50.1033], [8.5668, 50.1033], [8.5659, 50.1033]], [[8.5612, 50.1033], [8.5575, 50.1034], [8.5563, 50.1034], [8.5556, 50.1034], [8.554, 50.1034], [8.5536, 50.1034], [8.5532, 50.1034], [8.5529, 50.1034], [8.5527, 50.1034], [8.5518, 50.1034], [8.5517, 50.1034], [8.5508, 50.1033], [8.5502, 50.1033], [8.5494, 50.1032], [8.549, 50.1032], [8.5487, 50.1032], [8.5485, 50.1032]], [[8.5485, 50.1032], [8.5482, 50.1032]], [[8.5482, 50.1032], [8.5474, 50.1031], [8.5473, 50.1031], [8.5467, 50.103], [8.5445, 50.1027], [8.5437, 50.1026], [8.5429, 50.1025], [8.5427, 50.1025], [8.5424, 50.1025], [8.5418, 50.1024], [8.5413, 50.1023], [8.5412, 50.1023], [8.541, 50.1023]], [[8.541, 50.1023], [8.5399, 50.1022]], [[8.5399, 50.1022], [8.5392, 50.1021], [8.5387, 50.102], [8.5385, 50.102]], [[8.5385, 50.102], [8.5382, 50.1019], [8.5378, 50.1019], [8.5373, 50.1017], [8.5364, 50.1015], [8.536, 50.1013], [8.5356, 50.1012], [8.5353, 50.1011], [8.5332, 50.1004], [8.5327, 50.1002], [8.5307, 50.0995]], [[8.5307, 50.0995], [8.5297, 50.0991], [8.5294, 50.099], [8.5291, 50.0989], [8.5286, 50.0986], [8.5285, 50.0986], [8.5281, 50.0985], [8.5278, 50.0983], [8.5276, 50.0982], [8.5275, 50.0982], [8.5269, 50.0979], [8.5268, 50.0979]], [[8.5268, 50.0979], [8.5261, 50.0976], [8.5255, 50.0973], [8.5246, 50.0968], [8.5244, 50.0967], [8.5238, 50.0965], [8.5231, 50.0961]], [[8.5231, 50.0961], [8.5221, 50.0956], [8.5217, 50.0954], [8.5214, 50.0952], [8.5213, 50.0951], [8.5212, 50.0951], [8.5207, 50.0948], [8.5203, 50.0945], [8.5197, 50.0941], [8.5195, 50.094]], [[8.5195, 50.094], [8.5192, 50.0938]], [[8.5192, 50.0938], [8.5191, 50.0937], [8.5189, 50.0936]], [[8.5189, 50.0936], [8.5187, 50.0935], [8.5185, 50.0935], [8.5183, 50.0934], [8.5181, 50.0933], [8.5178, 50.0932], [8.5175, 50.0931], [8.5169, 50.0929]], [[8.5169, 50.0929], [8.5164, 50.0928]], [[8.5164, 50.0928], [8.5163, 50.0928]], [[8.5163, 50.0928], [8.5161, 50.0927], [8.5159, 50.0927]], [[8.5159, 50.0927], [8.5152, 50.0925], [8.5118, 50.0916], [8.5073, 50.0905]], [[8.5073, 50.0905], [8.5068, 50.0904]], [[8.5068, 50.0904], [8.5055, 50.09], [8.5051, 50.0899], [8.5047, 50.0898], [8.504, 50.0896], [8.5039, 50.0896]], [[8.5036, 50.0895], [8.5014, 50.089], [8.5, 50.0886], [8.4987, 50.0883], [8.4884, 50.0856], [8.4879, 50.0855], [8.4877, 50.0854], [8.4876, 50.0854], [8.4845, 50.0846], [8.4834, 50.0844], [8.483, 50.0843], [8.4812, 50.0838], [8.481, 50.0837], [8.4806, 50.0836], [8.4794, 50.0833], [8.4783, 50.083], [8.4756, 50.0824], [8.4752, 50.0822], [8.4751, 50.0822], [8.4743, 50.082], [8.4733, 50.0818], [8.4732, 50.0817], [8.4703, 50.081], [8.4698, 50.0808]], [[8.4697, 50.0808], [8.469, 50.0806], [8.4687, 50.0806]], [[8.4687, 50.0806], [8.4684, 50.0805]], [[8.4684, 50.0805], [8.4681, 50.0804]], [[8.4655, 50.0797], [8.4652, 50.0797]], [[8.4652, 50.0797], [8.4645, 50.0795], [8.4644, 50.0795], [8.4638, 50.0794], [8.4636, 50.0793], [8.4632, 50.0793], [8.4625, 50.0793], [8.4618, 50.0793], [8.4611, 50.0793], [8.4605, 50.0794], [8.4602, 50.0795], [8.46, 50.0795], [8.4596, 50.0796], [8.4593, 50.0797], [8.459, 50.0798]], [[8.459, 50.0798], [8.4585, 50.0799], [8.4562, 50.0806], [8.4558, 50.0808], [8.4518, 50.082], [8.4517, 50.0821], [8.4516, 50.0821]], [[8.4516, 50.0821], [8.4507, 50.0824], [8.4448, 50.0842], [8.4446, 50.0842], [8.4445, 50.0843], [8.4441, 50.0844], [8.4429, 50.0848], [8.4428, 50.0848], [8.4417, 50.0851], [8.4416, 50.0852]], [[8.4416, 50.0852], [8.4407, 50.0854], [8.4401, 50.0856], [8.4394, 50.0859], [8.4387, 50.0861], [8.4381, 50.0864], [8.4373, 50.0867], [8.4371, 50.0868], [8.4341, 50.088], [8.4324, 50.0888], [8.432, 50.089], [8.4317, 50.0892], [8.4313, 50.0894], [8.4308, 50.0898], [8.4306, 50.0899], [8.4305, 50.09]], [[8.4305, 50.09], [8.4305, 50.0901]], [[8.4305, 50.0901], [8.4299, 50.0906], [8.4283, 50.0922], [8.4273, 50.093], [8.4273, 50.0931]], [[8.4273, 50.0931], [8.4269, 50.0936], [8.4265, 50.094], [8.4263, 50.0946], [8.4262, 50.0949], [8.4261, 50.0951], [8.4261, 50.0954]], [[8.4261, 50.0954], [8.4261, 50.0957], [8.4261, 50.096], [8.4263, 50.097], [8.4264, 50.0979], [8.4268, 50.0998], [8.4269, 50.1006], [8.427, 50.1012]], [[8.427, 50.1012], [8.427, 50.1013]], [[8.427, 50.1013], [8.427, 50.1015], [8.4273, 50.1033], [8.4275, 50.1043], [8.4276, 50.1048], [8.4277, 50.1052], [8.4278, 50.1056]], [[8.4278, 50.1056], [8.4279, 50.1057]], [[8.4279, 50.1057], [8.4284, 50.1071]], [[8.4284, 50.1071], [8.4285, 50.1077], [8.4286, 50.108], [8.4286, 50.1082], [8.4285, 50.1086], [8.4284, 50.109], [8.4282, 50.1094], [8.4281, 50.1096], [8.428, 50.1099], [8.4276, 50.1103], [8.4272, 50.1108], [8.4266, 50.1113], [8.4257, 50.1122], [8.4253, 50.1126], [8.4251, 50.1128], [8.4248, 50.1131], [8.4239, 50.1139], [8.4231, 50.1147], [8.4225, 50.1153], [8.4224, 50.1154], [8.422, 50.1157], [8.4217, 50.1159], [8.4214, 50.1161], [8.421, 50.1163], [8.421, 50.1164], [8.4207, 50.1165], [8.4204, 50.1166], [8.4196, 50.117], [8.418, 50.1177], [8.4176, 50.1179], [8.4173, 50.1181], [8.4169, 50.1184], [8.4166, 50.1187], [8.4163, 50.1189], [8.4161, 50.1191], [8.4159, 50.1195], [8.4158, 50.1197], [8.4157, 50.1199], [8.4156, 50.1201], [8.4156, 50.1204]], [[8.4156, 50.1204], [8.4156, 50.121], [8.4156, 50.1218], [8.4156, 50.1225], [8.4155, 50.1227], [8.4155, 50.123], [8.4154, 50.1233], [8.4152, 50.1236], [8.415, 50.1238], [8.4149, 50.124], [8.4144, 50.1245], [8.4137, 50.1252]], [[8.4137, 50.1252], [8.4135, 50.1253]], [[8.4135, 50.1253], [8.4128, 50.1259], [8.4124, 50.1263], [8.4121, 50.1267], [8.4117, 50.1271], [8.4114, 50.1276]], [[8.4114, 50.1276], [8.4112, 50.1278]], [[8.4112, 50.1278], [8.4111, 50.1279], [8.4108, 50.1282], [8.4106, 50.1285], [8.4104, 50.1287], [8.4101, 50.1289], [8.4098, 50.1291], [8.4095, 50.1293], [8.4088, 50.1296]], [[8.4088, 50.1296], [8.4086, 50.1297]], [[8.4086, 50.1297], [8.4076, 50.1302]], [[8.4076, 50.1302], [8.4071, 50.1305]], [[8.4071, 50.1305], [8.4065, 50.1308], [8.4056, 50.1312], [8.4052, 50.1315], [8.405, 50.1317], [8.4048, 50.1319], [8.4044, 50.1325], [8.4043, 50.1328], [8.404, 50.1333], [8.4036, 50.1343], [8.4031, 50.1355], [8.403, 50.1357], [8.4028, 50.136], [8.4025, 50.1364], [8.4021, 50.1369], [8.4016, 50.1373], [8.4012, 50.1376], [8.4007, 50.1379], [8.4002, 50.1381], [8.3997, 50.1384]], [[8.3997, 50.1384], [8.3995, 50.1385], [8.3992, 50.1386], [8.3988, 50.1388]], [[8.3988, 50.1388], [8.3984, 50.1389], [8.3979, 50.139], [8.3975, 50.1391], [8.397, 50.1392], [8.3965, 50.1392], [8.3961, 50.1393], [8.3956, 50.1392], [8.3948, 50.1392], [8.3941, 50.1391], [8.3939, 50.1391], [8.3935, 50.1391], [8.393, 50.139], [8.3924, 50.139], [8.3919, 50.1389], [8.3914, 50.1389], [8.391, 50.1389], [8.3907, 50.1389], [8.3904, 50.139], [8.3901, 50.139], [8.3899, 50.1391], [8.3896, 50.1391], [8.3893, 50.1392], [8.3891, 50.1392], [8.3888, 50.1393], [8.3886, 50.1394], [8.3884, 50.1395], [8.388, 50.1396], [8.3869, 50.1401], [8.3866, 50.1402], [8.3863, 50.1403]], [[8.3863, 50.1403], [8.386, 50.1405], [8.3858, 50.1405]], [[8.3813, 50.1411], [8.3811, 50.1411], [8.3809, 50.1411], [8.3807, 50.1411], [8.3805, 50.141], [8.3803, 50.141], [8.3801, 50.1409]], [[8.3801, 50.1409], [8.38, 50.1409], [8.3798, 50.1408], [8.3794, 50.1407]], [[8.3794, 50.1407], [8.3793, 50.1407], [8.3791, 50.1406]], [[8.3791, 50.1406], [8.3787, 50.1404], [8.3785, 50.1403], [8.3784, 50.1402], [8.378, 50.1401], [8.3777, 50.1399]], [[8.3777, 50.1399], [8.3767, 50.1394], [8.3763, 50.1392], [8.3758, 50.1391], [8.3753, 50.1389], [8.3748, 50.1388], [8.3743, 50.1387], [8.3738, 50.1386], [8.3733, 50.1385], [8.3728, 50.1385], [8.3722, 50.1385], [8.3717, 50.1385], [8.3712, 50.1385], [8.3706, 50.1385], [8.3701, 50.1386], [8.3696, 50.1387], [8.3691, 50.1388], [8.3686, 50.1389], [8.3681, 50.139], [8.3677, 50.1392], [8.3672, 50.1394], [8.3668, 50.1396]], [[8.3668, 50.1396], [8.3666, 50.1397]], [[8.3666, 50.1397], [8.3662, 50.1399], [8.3658, 50.1402], [8.3657, 50.1403]], [[8.3657, 50.1403], [8.3646, 50.141], [8.3637, 50.1416], [8.3625, 50.1424], [8.3602, 50.144], [8.3567, 50.1465]], [[8.3567, 50.1465], [8.3544, 50.1481], [8.3539, 50.1484], [8.3536, 50.1486], [8.3532, 50.1488], [8.3529, 50.149], [8.3525, 50.1492], [8.3521, 50.1494], [8.3518, 50.1495], [8.3516, 50.1496], [8.3512, 50.1497], [8.351, 50.1498], [8.3507, 50.1499]], [[8.3507, 50.1499], [8.3505, 50.15]], [[8.3505, 50.15], [8.3502, 50.15], [8.35, 50.1501], [8.3497, 50.1502], [8.3492, 50.1503], [8.3487, 50.1504], [8.3483, 50.1504], [8.3479, 50.1505], [8.3475, 50.1505], [8.3472, 50.1505], [8.3468, 50.1505], [8.3465, 50.1506], [8.3461, 50.1505], [8.3457, 50.1505], [8.3453, 50.1505], [8.3448, 50.1505], [8.3444, 50.1504], [8.3439, 50.1504], [8.3435, 50.1503], [8.343, 50.1502], [8.3426, 50.1501], [8.3387, 50.1492], [8.338, 50.1491], [8.3373, 50.149], [8.3366, 50.1489]], [[8.3365, 50.1489], [8.336, 50.1489], [8.3355, 50.1489], [8.3351, 50.1488], [8.3346, 50.1489], [8.3343, 50.1489], [8.3338, 50.1489], [8.3333, 50.1489], [8.3327, 50.149], [8.3322, 50.1491], [8.3316, 50.1492]], [[8.3316, 50.1492], [8.3314, 50.1493]], [[8.3314, 50.1493], [8.3309, 50.1494], [8.3306, 50.1495], [8.3302, 50.1496], [8.3299, 50.1497], [8.3296, 50.1499], [8.3292, 50.15], [8.3288, 50.1502], [8.3285, 50.1504], [8.3271, 50.1511], [8.3259, 50.1516], [8.3251, 50.152], [8.3244, 50.1524], [8.3238, 50.1527], [8.3235, 50.1529], [8.3234, 50.153], [8.3231, 50.1532], [8.3229, 50.1533], [8.3225, 50.1536], [8.3224, 50.1538], [8.3221, 50.154], [8.3219, 50.1542]], [[8.3219, 50.1542], [8.3209, 50.1551], [8.3207, 50.1553]], [[8.3207, 50.1553], [8.3201, 50.1558], [8.3194, 50.1564], [8.3191, 50.1567]], [[8.3191, 50.1567], [8.319, 50.1567], [8.319, 50.1568], [8.3185, 50.1571], [8.3181, 50.1575], [8.3176, 50.1578], [8.3174, 50.158], [8.3172, 50.1581], [8.3167, 50.1583], [8.3163, 50.1585], [8.3159, 50.1586]], [[8.3159, 50.1586], [8.3148, 50.1591], [8.3138, 50.1595]]]}, "properties": {"ref": "S2", "opened_year": 1978, "is_tunnel": false, "segment_count": 287}}, {"type": "Feature", "geometry": {"type": "MultiLineString", "coordinates": [[[8.7365, 50.1051], [8.7365, 50.1052], [8.7397, 50.1053], [8.74, 50.1053], [8.7401, 50.1053], [8.7397, 50.1052], [8.7365, 50.1051]], [[8.7514, 50.106], [8.7514, 50.1061], [8.7486, 50.1059], [8.7485, 50.1059], [8.7485, 50.1058], [8.7486, 50.1058], [8.7514, 50.106]], [[8.7619, 50.1063], [8.762, 50.1063], [8.765, 50.1056], [8.7651, 50.1056], [8.7657, 50.1055], [8.7657, 50.1054], [8.7651, 50.1055], [8.7649, 50.1055], [8.762, 50.1062], [8.7612, 50.1063], [8.7613, 50.1064], [8.7619, 50.1063]], [[8.3226, 50.1533], [8.323, 50.1531]], [[8.3858, 50.1405], [8.3854, 50.1407], [8.3851, 50.1408], [8.3848, 50.1409], [8.3845, 50.141], [8.3842, 50.141], [8.3839, 50.1411], [8.3836, 50.1411], [8.3833, 50.1412], [8.3829, 50.1412], [8.3826, 50.1412], [8.3823, 50.1412], [8.382, 50.1412], [8.3816, 50.1411], [8.3813, 50.1411]], [[8.6322, 50.0953], [8.6318, 50.0952], [8.6312, 50.095]], [[8.6524, 50.1033], [8.6528, 50.1035], [8.653, 50.1035], [8.654, 50.1039], [8.6551, 50.1043], [8.6553, 50.1044], [8.6558, 50.1046]], [[8.6558, 50.1046], [8.6568, 50.105], [8.6581, 50.1055]], [[8.6581, 50.1055], [8.6586, 50.1056], [8.659, 50.1058], [8.6599, 50.1062], [8.6606, 50.1065], [8.6617, 50.1069], [8.6622, 50.1071]], [[8.6622, 50.1071], [8.6624, 50.1072], [8.6628, 50.1073]], [[8.6628, 50.1073], [8.6633, 50.1075], [8.6633, 50.1076], [8.6634, 50.1076]], [[8.6634, 50.1076], [8.6638, 50.1079], [8.6642, 50.1081], [8.6643, 50.1081], [8.6646, 50.1083], [8.6647, 50.1084], [8.6648, 50.1084], [8.6649, 50.1085]], [[8.6649, 50.1085], [8.665, 50.1085], [8.665, 50.1086], [8.6651, 50.1087], [8.6653, 50.1089], [8.6656, 50.1092]], [[8.6656, 50.1092], [8.6657, 50.1094], [8.6658, 50.1095], [8.6659, 50.1098], [8.6661, 50.1101], [8.6663, 50.1107], [8.6664, 50.111], [8.6665, 50.1111], [8.6665, 50.1112], [8.6666, 50.1113], [8.6666, 50.1114], [8.6668, 50.1116], [8.6669, 50.1119], [8.6673, 50.1123], [8.6674, 50.1124]], [[8.6674, 50.1124], [8.6676, 50.1126]], [[8.6676, 50.1126], [8.668, 50.1129], [8.6681, 50.113], [8.669, 50.1136], [8.6697, 50.1141]], [[8.6697, 50.1141], [8.6699, 50.1142]], [[8.6699, 50.1142], [8.67, 50.1142]], [[8.67, 50.1142], [8.6702, 50.1143], [8.6708, 50.1146], [8.6716, 50.1148], [8.672, 50.1148], [8.6725, 50.1148], [8.6727, 50.1148], [8.6732, 50.1148], [8.6733, 50.1148], [8.6735, 50.1148], [8.6736, 50.1148], [8.6738, 50.1147], [8.6741, 50.1147], [8.6745, 50.1146], [8.6747, 50.1146], [8.6751, 50.1145], [8.6759, 50.1143], [8.6763, 50.1142]], [[8.6763, 50.1142], [8.6766, 50.1141], [8.6774, 50.1141], [8.6778, 50.114], [8.6783, 50.114], [8.6785, 50.1139], [8.679, 50.1139], [8.6793, 50.1139]], [[8.6793, 50.1139], [8.6798, 50.1139], [8.68, 50.1138], [8.6805, 50.1139], [8.6807, 50.1139], [8.6809, 50.114], [8.6814, 50.1141], [8.6821, 50.1143], [8.6825, 50.1144], [8.6826, 50.1144], [8.6829, 50.1144], [8.6832, 50.1145]], [[8.6832, 50.1145], [8.6833, 50.1145], [8.6839, 50.1146], [8.6841, 50.1146], [8.6844, 50.1146], [8.6845, 50.1146]], [[8.6845, 50.1146], [8.6853, 50.1146]], [[8.6853, 50.1146], [8.687, 50.1146], [8.6873, 50.1146], [8.6876, 50.1146]], [[8.6876, 50.1146], [8.6878, 50.1146], [8.688, 50.1146], [8.6881, 50.1146], [8.6883, 50.1146], [8.6885, 50.1147], [8.6897, 50.1148], [8.6902, 50.1148]], [[8.6902, 50.1148], [8.6903, 50.1148], [8.6905, 50.1148], [8.6907, 50.1148], [8.6911, 50.1148], [8.6914, 50.1148], [8.6917, 50.1147], [8.692, 50.1147], [8.6921, 50.1147], [8.6924, 50.1146], [8.6927, 50.1146], [8.6932, 50.1145], [8.6935, 50.1144], [8.6937, 50.1143], [8.694, 50.1143], [8.6943, 50.1142], [8.6946, 50.1141], [8.6949, 50.1139], [8.6952, 50.1138], [8.6955, 50.1137], [8.6958, 50.1134]], [[8.6958, 50.1134], [8.696, 50.1133], [8.6961, 50.1133], [8.6963, 50.1131]], [[8.6963, 50.1131], [8.6966, 50.1128], [8.6968, 50.1126], [8.6969, 50.1125]], [[8.6969, 50.1125], [8.6975, 50.1119], [8.6976, 50.1118], [8.6977, 50.1117], [8.698, 50.1115], [8.698, 50.1114]], [[8.698, 50.1114], [8.6982, 50.1112]], [[8.6982, 50.1112], [8.6985, 50.1107], [8.6987, 50.1102], [8.6988, 50.1098], [8.6988, 50.1093], [8.6987, 50.1085], [8.6987, 50.1084], [8.6986, 50.1082], [8.6985, 50.1077], [8.6983, 50.1068]], [[8.6983, 50.1068], [8.6982, 50.1065], [8.6981, 50.106], [8.698, 50.1058], [8.698, 50.1057]], [[8.698, 50.1057], [8.698, 50.1055], [8.6979, 50.1053], [8.6979, 50.1051], [8.6978, 50.1049], [8.6979, 50.1045], [8.698, 50.104], [8.6981, 50.1037], [8.6983, 50.1033], [8.6985, 50.1031], [8.6986, 50.103], [8.6988, 50.1029], [8.699, 50.1027], [8.6993, 50.1024], [8.6994, 50.1024]], [[8.6994, 50.1024], [8.7, 50.1021], [8.7001, 50.1021], [8.7005, 50.1019]], [[8.7005, 50.1019], [8.7007, 50.1018], [8.7009, 50.1017], [8.7011, 50.1017], [8.7014, 50.1016], [8.7019, 50.1015], [8.7023, 50.1014], [8.7027, 50.1013], [8.7031, 50.1013], [8.7033, 50.1012]], [[8.7033, 50.1012], [8.7034, 50.1012], [8.7037, 50.1012], [8.7044, 50.1012], [8.7048, 50.1012], [8.705, 50.1012], [8.7052, 50.1013], [8.7056, 50.1013], [8.7057, 50.1013], [8.7059, 50.1014], [8.7062, 50.1014], [8.7066, 50.1015], [8.707, 50.1016], [8.7071, 50.1016], [8.7072, 50.1017], [8.7076, 50.1018], [8.7081, 50.102]], [[8.7081, 50.102], [8.7083, 50.1021], [8.7084, 50.1021], [8.709, 50.1024], [8.7094, 50.1026], [8.7099, 50.1029], [8.7105, 50.1032], [8.711, 50.1034]], [[8.711, 50.1034], [8.7114, 50.1036], [8.7116, 50.1037], [8.7121, 50.1038], [8.7123, 50.1038], [8.7128, 50.1039], [8.713, 50.104], [8.7133, 50.104], [8.7135, 50.104], [8.7143, 50.1041], [8.7145, 50.1041]], [[8.7316, 50.1049], [8.734, 50.105], [8.7344, 50.105]], [[8.7344, 50.105], [8.7355, 50.105], [8.7365, 50.1051], [8.7366, 50.1051], [8.7367, 50.1051]], [[8.7367, 50.1051], [8.7369, 50.1051], [8.7395, 50.1052], [8.7396, 50.1052]], [[8.7396, 50.1052], [8.7403, 50.1053], [8.7409, 50.1053], [8.7426, 50.1055], [8.7431, 50.1055], [8.7432, 50.1055], [8.7437, 50.1056], [8.7445, 50.1056]], [[8.7445, 50.1056], [8.7446, 50.1056], [8.7451, 50.1057], [8.7455, 50.1057], [8.7465, 50.1057], [8.7466, 50.1057], [8.7473, 50.1058], [8.7478, 50.1058], [8.7485, 50.1058], [8.7486, 50.1058]], [[8.7486, 50.1058], [8.7503, 50.1059], [8.7514, 50.106], [8.7517, 50.106]], [[8.7517, 50.106], [8.7519, 50.106], [8.7535, 50.1062], [8.7548, 50.1063], [8.7552, 50.1063], [8.7559, 50.1064], [8.7562, 50.1064], [8.7567, 50.1065], [8.7574, 50.1065], [8.7575, 50.1065], [8.7579, 50.1065], [8.7582, 50.1066], [8.7586, 50.1066], [8.7588, 50.1066], [8.759, 50.1066], [8.7596, 50.1066], [8.7597, 50.1065], [8.7603, 50.1065], [8.7604, 50.1065], [8.7606, 50.1064], [8.7608, 50.1064], [8.7612, 50.1063], [8.7616, 50.1062], [8.7619, 50.1062]], [[8.7619, 50.1062], [8.7633, 50.1059], [8.7642, 50.1057], [8.7648, 50.1055]], [[8.7648, 50.1055], [8.7657, 50.1054], [8.7669, 50.1052], [8.7675, 50.105], [8.7681, 50.1048], [8.7684, 50.1047], [8.7688, 50.1046], [8.7693, 50.1044], [8.7696, 50.1043], [8.7704, 50.104], [8.7722, 50.1035], [8.7728, 50.1033], [8.7732, 50.1032], [8.7738, 50.103]], [[8.7738, 50.103], [8.7753, 50.1025], [8.7758, 50.1024], [8.7762, 50.1023], [8.7763, 50.1023], [8.7765, 50.1022], [8.7767, 50.1022], [8.777, 50.1021], [8.7772, 50.1021], [8.7774, 50.1021], [8.7776, 50.1021], [8.7779, 50.1021], [8.7784, 50.1022], [8.7798, 50.1023]], [[8.7798, 50.1024], [8.7796, 50.1024], [8.7784, 50.1022], [8.7779, 50.1022], [8.7776, 50.1022], [8.7774, 50.1022], [8.7772, 50.1022], [8.777, 50.1022], [8.7767, 50.1022], [8.7765, 50.1023], [8.7763, 50.1023], [8.7762, 50.1023], [8.7758, 50.1024], [8.7757, 50.1024], [8.7754, 50.1025], [8.7738, 50.103]], [[8.7738, 50.103], [8.7732, 50.1032], [8.773, 50.1033], [8.7722, 50.1035], [8.7706, 50.104], [8.7696, 50.1043], [8.7693, 50.1045], [8.7688, 50.1046], [8.7684, 50.1048], [8.7681, 50.1049], [8.7675, 50.1051], [8.7669, 50.1052], [8.7666, 50.1053], [8.7657, 50.1055], [8.765, 50.1056], [8.7649, 50.1057]], [[8.7649, 50.1057], [8.7643, 50.1058], [8.7634, 50.106], [8.7619, 50.1063]], [[8.7619, 50.1063], [8.7613, 50.1064], [8.7603, 50.1066], [8.7596, 50.1066], [8.7592, 50.1066], [8.7588, 50.1066], [8.7581, 50.1066], [8.7574, 50.1066], [8.7565, 50.1065], [8.7562, 50.1065], [8.7558, 50.1064], [8.7546, 50.1063], [8.7536, 50.1063], [8.7529, 50.1062], [8.7519, 50.1061], [8.7517, 50.1061]], [[8.7517, 50.1061], [8.7514, 50.1061], [8.7503, 50.106], [8.7491, 50.106], [8.7486, 50.1059]], [[8.7486, 50.1059], [8.748, 50.1059], [8.7477, 50.1059], [8.7466, 50.1058], [8.7459, 50.1058], [8.7449, 50.1057], [8.7435, 50.1056], [8.7431, 50.1056]], [[8.7431, 50.1056], [8.7429, 50.1055], [8.7422, 50.1055]], [[8.7422, 50.1055], [8.7414, 50.1054], [8.7409, 50.1054], [8.7403, 50.1054], [8.7402, 50.1054]], [[8.7402, 50.1054], [8.7396, 50.1053]], [[8.7396, 50.1053], [8.738, 50.1052], [8.7369, 50.1052], [8.7366, 50.1052]], [[8.7366, 50.1052], [8.7365, 50.1052], [8.7359, 50.1051]], [[8.7359, 50.1051], [8.7353, 50.1051], [8.7344, 50.105]], [[8.7145, 50.1042], [8.7143, 50.1042], [8.7129, 50.104], [8.7122, 50.1039], [8.7116, 50.1037], [8.711, 50.1035]], [[8.711, 50.1035], [8.7106, 50.1033]], [[8.7106, 50.1033], [8.7103, 50.1031], [8.7094, 50.1027], [8.7093, 50.1027], [8.7086, 50.1023], [8.7083, 50.1021], [8.7082, 50.1021], [8.708, 50.102], [8.7077, 50.1019], [8.7074, 50.1018], [8.707, 50.1017], [8.707, 50.1016], [8.7063, 50.1015], [8.7057, 50.1014], [8.7053, 50.1013], [8.7049, 50.1013], [8.7047, 50.1013], [8.7046, 50.1013], [8.7043, 50.1013], [8.704, 50.1013], [8.7038, 50.1013], [8.7035, 50.1013], [8.7033, 50.1014]], [[8.7033, 50.1014], [8.7029, 50.1014], [8.7028, 50.1014], [8.7024, 50.1015], [8.702, 50.1016], [8.7015, 50.1017], [8.7012, 50.1018], [8.701, 50.1018], [8.7008, 50.1019], [8.7006, 50.102]], [[8.7006, 50.102], [8.7003, 50.1021], [8.6996, 50.1024], [8.6993, 50.1026], [8.6992, 50.1026], [8.699, 50.1028], [8.6987, 50.103], [8.6984, 50.1033], [8.6983, 50.1036], [8.6982, 50.1037], [8.698, 50.104], [8.698, 50.1042], [8.6979, 50.1044]], [[8.6979, 50.1044], [8.6979, 50.1045], [8.698, 50.105], [8.698, 50.1051], [8.698, 50.1052], [8.698, 50.1054], [8.6981, 50.1057]], [[8.6981, 50.1057], [8.6982, 50.106], [8.6983, 50.1064], [8.6984, 50.1067], [8.6986, 50.1074], [8.6986, 50.1077], [8.6988, 50.1081], [8.6988, 50.1082], [8.6989, 50.1086], [8.699, 50.1095], [8.699, 50.11], [8.6988, 50.1104], [8.6986, 50.1109]], [[8.6986, 50.1109], [8.6984, 50.1112]], [[8.6984, 50.1112], [8.6982, 50.1115]], [[8.6982, 50.1115], [8.6981, 50.1115], [8.6978, 50.1118], [8.6976, 50.112], [8.6974, 50.1122]], [[8.6974, 50.1122], [8.697, 50.1126], [8.6969, 50.1127], [8.6968, 50.1128], [8.6966, 50.113], [8.6964, 50.1131]], [[8.6964, 50.1131], [8.6962, 50.1133], [8.6962, 50.1134]], [[8.6962, 50.1134], [8.696, 50.1135], [8.6958, 50.1136], [8.6956, 50.1138], [8.6955, 50.1138], [8.6952, 50.1139], [8.695, 50.1141], [8.6949, 50.1141], [8.6948, 50.1141], [8.6946, 50.1142], [8.6943, 50.1143], [8.694, 50.1144], [8.6939, 50.1144], [8.6937, 50.1145], [8.6934, 50.1145], [8.6932, 50.1146], [8.6926, 50.1147], [8.6924, 50.1147], [8.6923, 50.1147], [8.6921, 50.1148], [8.6915, 50.1148], [8.691, 50.1149], [8.6909, 50.1149]], [[8.6909, 50.1149], [8.6908, 50.1149], [8.6903, 50.1149], [8.6901, 50.1149], [8.6898, 50.1149], [8.6896, 50.1148], [8.6893, 50.1148], [8.6886, 50.1147], [8.6883, 50.1147], [8.6881, 50.1147], [8.6879, 50.1147]], [[8.6879, 50.1147], [8.6871, 50.1147], [8.6869, 50.1147], [8.6868, 50.1147], [8.6866, 50.1147], [8.6859, 50.1147], [8.6858, 50.1147], [8.6853, 50.1147], [8.6849, 50.1147], [8.6845, 50.1147]], [[8.6845, 50.1147], [8.6843, 50.1147], [8.684, 50.1146], [8.6838, 50.1146], [8.6837, 50.1146], [8.6833, 50.1146]], [[8.6833, 50.1146], [8.6831, 50.1145], [8.6829, 50.1145], [8.6826, 50.1144], [8.6825, 50.1144], [8.6821, 50.1143], [8.682, 50.1143], [8.6817, 50.1142], [8.6814, 50.1141], [8.6813, 50.1141], [8.6812, 50.1141], [8.681, 50.1141], [8.6809, 50.114], [8.6804, 50.114], [8.6801, 50.114], [8.6799, 50.114], [8.6793, 50.114]], [[8.6793, 50.114], [8.6789, 50.1141], [8.6786, 50.1141], [8.6783, 50.1141], [8.6782, 50.1141], [8.6779, 50.1141], [8.6776, 50.1142], [8.6773, 50.1142], [8.677, 50.1142], [8.6767, 50.1143], [8.6764, 50.1143], [8.6763, 50.1143]], [[8.6763, 50.1143], [8.6759, 50.1144], [8.6754, 50.1145], [8.675, 50.1146], [8.6741, 50.1147], [8.6736, 50.1148], [8.6735, 50.1148], [8.6733, 50.1149], [8.6727, 50.1149], [8.6724, 50.1149], [8.672, 50.1149], [8.6718, 50.1149], [8.6716, 50.1148], [8.6715, 50.1148], [8.671, 50.1147], [8.6708, 50.1147], [8.6703, 50.1145], [8.6701, 50.1144], [8.6698, 50.1143]], [[8.6698, 50.1143], [8.6695, 50.1141]], [[8.6695, 50.1141], [8.669, 50.1138], [8.6689, 50.1138]], [[8.6689, 50.1138], [8.6687, 50.1136], [8.6682, 50.1133], [8.6678, 50.113], [8.6675, 50.1126]], [[8.6675, 50.1126], [8.667, 50.1122], [8.6665, 50.1115], [8.6665, 50.1114], [8.6663, 50.1111], [8.6662, 50.1109], [8.6661, 50.1107], [8.666, 50.1104], [8.6659, 50.1102], [8.6658, 50.1099]], [[8.6658, 50.1099], [8.6657, 50.1098], [8.6655, 50.1094], [8.6655, 50.1093]], [[8.6655, 50.1093], [8.6652, 50.109], [8.6651, 50.1089], [8.6648, 50.1086], [8.6648, 50.1085], [8.6647, 50.1085], [8.6645, 50.1084], [8.6644, 50.1082], [8.6638, 50.1079], [8.6633, 50.1076], [8.6632, 50.1076], [8.6631, 50.1075], [8.6627, 50.1074]], [[8.6627, 50.1074], [8.6624, 50.1072], [8.6622, 50.1071], [8.6621, 50.1071]], [[8.6621, 50.1071], [8.6617, 50.1069], [8.6615, 50.1069], [8.6606, 50.1065], [8.6605, 50.1065], [8.6603, 50.1064], [8.6599, 50.1062], [8.6592, 50.106], [8.658, 50.1055]], [[8.658, 50.1055], [8.6579, 50.1055], [8.6567, 50.1051], [8.6558, 50.1047]], [[8.6558, 50.1047], [8.6552, 50.1045], [8.6537, 50.1039], [8.6532, 50.1037], [8.6528, 50.1035], [8.6523, 50.1034]], [[8.6322, 50.0954], [8.6318, 50.0952], [8.6312, 50.095]], [[8.3858, 50.1405], [8.3854, 50.1407], [8.3851, 50.1408], [8.3848, 50.1409], [8.3845, 50.141], [8.3842, 50.1411], [8.3839, 50.1411], [8.3836, 50.1412], [8.3833, 50.1412], [8.3829, 50.1412], [8.3826, 50.1412], [8.3823, 50.1412], [8.382, 50.1412], [8.3816, 50.1412], [8.3813, 50.1411]]]}, "properties": {"ref": "S2", "opened_year": 1978, "is_tunnel": true, "segment_count": 91}}, {"type": "Feature", "geometry": {"type": "MultiLineString", "coordinates": [[[8.5182, 50.1395], [8.5177, 50.1389], [8.5173, 50.1385], [8.5174, 50.1385], [8.5174, 50.1386], [8.5175, 50.1386], [8.5175, 50.1387], [8.5177, 50.1389], [8.5178, 50.1389], [8.5181, 50.1393], [8.5182, 50.1394], [8.5183, 50.1397], [8.5186, 50.1401], [8.5187, 50.1402], [8.5186, 50.1402], [8.5182, 50.1395]], [[8.5289, 50.1554], [8.5285, 50.155], [8.5282, 50.1546], [8.528, 50.1545], [8.5276, 50.154], [8.5276, 50.1541], [8.5279, 50.1545], [8.5279, 50.1544], [8.528, 50.1545], [8.5279, 50.1545], [8.5281, 50.1546], [8.528, 50.1546], [8.528, 50.1547], [8.5281, 50.1547], [8.5288, 50.1554], [8.5289, 50.1554]], [[8.536, 50.1601], [8.5357, 50.16], [8.5354, 50.16], [8.5351, 50.1599], [8.5349, 50.1599], [8.5347, 50.1598], [8.5345, 50.1598], [8.5344, 50.1597], [8.5342, 50.1597], [8.534, 50.1596], [8.5338, 50.1595], [8.5334, 50.1594], [8.5334, 50.1593], [8.5338, 50.1595], [8.5342, 50.1597], [8.5344, 50.1597], [8.5345, 50.1598], [8.5349, 50.1599], [8.5352, 50.1599], [8.5357, 50.16], [8.536, 50.1601]], [[8.5772, 50.1341], [8.5778, 50.1338], [8.5781, 50.1337], [8.5782, 50.1336], [8.5784, 50.1336], [8.5787, 50.1334], [8.5788, 50.1334], [8.5792, 50.1333], [8.5798, 50.1331], [8.5797, 50.1331], [8.5792, 50.1332], [8.5788, 50.1334], [8.5788, 50.1333], [8.5784, 50.1335], [8.5782, 50.1336], [8.5781, 50.1336], [8.5781, 50.1337], [8.5778, 50.1338], [8.5772, 50.134], [8.5772, 50.1341]], [[8.5066, 50.1407], [8.5066, 50.1408], [8.5061, 50.1412], [8.5059, 50.1415], [8.5043, 50.1431], [8.5042, 50.1431], [8.5041, 50.1432]], [[8.5066, 50.1407], [8.5068, 50.1405]], [[8.5069, 50.1405], [8.5068, 50.1405]], [[8.5169, 50.1382], [8.5168, 50.1381], [8.5164, 50.1379], [8.5162, 50.1378], [8.5158, 50.1377], [8.5155, 50.1375], [8.5152, 50.1375], [8.515, 50.1374], [8.5148, 50.1374], [8.5143, 50.1373], [8.514, 50.1372], [8.5137, 50.1372], [8.5132, 50.1372], [8.5128, 50.1372], [8.5124, 50.1373], [8.5122, 50.1373], [8.5121, 50.1373], [8.5117, 50.1374], [8.5113, 50.1375], [8.5109, 50.1376], [8.5103, 50.1378], [8.5103, 50.1379], [8.5097, 50.1381], [8.5092, 50.1384], [8.5088, 50.1386], [8.5086, 50.1388], [8.5084, 50.139], [8.5082, 50.1391], [8.508, 50.1394], [8.5077, 50.1396], [8.5075, 50.1399], [8.5069, 50.1405]], [[8.5172, 50.1385], [8.5171, 50.1384], [8.5169, 50.1382]], [[8.5187, 50.1403], [8.5186, 50.1402], [8.5183, 50.1396], [8.5181, 50.1394], [8.5178, 50.1391], [8.5177, 50.1389], [8.5173, 50.1385], [8.5172, 50.1385]], [[8.5242, 50.1501], [8.5235, 50.1493], [8.5233, 50.149], [8.5227, 50.1484], [8.5225, 50.1482], [8.5218, 50.1474], [8.5215, 50.1469], [8.5212, 50.1464], [8.521, 50.1458], [8.5208, 50.1453], [8.5206, 50.1446], [8.5205, 50.1443], [8.5201, 50.1433], [8.5197, 50.1422], [8.5197, 50.1421], [8.5191, 50.1411], [8.5187, 50.1403]], [[8.5262, 50.1522], [8.5246, 50.1505], [8.5244, 50.1503]], [[8.5262, 50.1523], [8.5262, 50.1522]], [[8.5265, 50.1527], [8.5262, 50.1523]], [[8.5278, 50.1542], [8.5277, 50.154], [8.5267, 50.1529]], [[8.5297, 50.1563], [8.5292, 50.1557], [8.5291, 50.1556], [8.5289, 50.1553], [8.5288, 50.1553]], [[8.5304, 50.157], [8.5299, 50.1565]], [[8.5313, 50.158], [8.5309, 50.1575], [8.5305, 50.1571], [8.5304, 50.157]], [[8.5334, 50.1594], [8.5333, 50.1594], [8.5326, 50.159], [8.5323, 50.1588], [8.5319, 50.1585], [8.5313, 50.158]], [[8.5415, 50.1593], [8.5408, 50.1596], [8.5399, 50.1599], [8.5394, 50.16], [8.539, 50.1601], [8.5381, 50.1602], [8.5377, 50.1602], [8.5372, 50.1602], [8.5364, 50.1602], [8.5363, 50.1602], [8.536, 50.1601], [8.5356, 50.1601], [8.5352, 50.16], [8.5351, 50.16], [8.5349, 50.1599], [8.5347, 50.1599], [8.5345, 50.1598], [8.5344, 50.1598], [8.5342, 50.1597], [8.534, 50.1596], [8.5337, 50.1595], [8.5334, 50.1594]], [[8.5432, 50.1582], [8.5429, 50.1584], [8.5428, 50.1585], [8.5424, 50.1588], [8.5422, 50.159], [8.5419, 50.1591], [8.5415, 50.1593]], [[8.5432, 50.1582], [8.5434, 50.158], [8.5447, 50.1568], [8.5453, 50.1561]], [[8.5453, 50.1561], [8.5454, 50.156]], [[8.5454, 50.156], [8.5457, 50.1558], [8.5459, 50.1555], [8.5466, 50.1548], [8.5466, 50.1547], [8.5471, 50.1543]], [[8.5471, 50.1543], [8.5473, 50.1541], [8.5477, 50.1536]], [[8.5477, 50.1536], [8.5479, 50.1534]], [[8.5479, 50.1534], [8.5482, 50.1532], [8.5483, 50.1531], [8.5488, 50.1526], [8.5492, 50.1522], [8.5497, 50.1518]], [[8.5497, 50.1518], [8.5506, 50.1509], [8.5512, 50.1504], [8.5514, 50.1501], [8.5517, 50.1499], [8.552, 50.1496], [8.5526, 50.149], [8.5532, 50.1484]], [[8.5532, 50.1484], [8.5536, 50.148], [8.5543, 50.1476], [8.5545, 50.1475], [8.5549, 50.1472], [8.555, 50.1471], [8.5566, 50.1462], [8.5586, 50.145], [8.559, 50.1447], [8.5593, 50.1445]], [[8.5593, 50.1445], [8.56, 50.1441], [8.5603, 50.1439], [8.5607, 50.1437], [8.5611, 50.1435], [8.5615, 50.1432], [8.5616, 50.1432], [8.5616, 50.1431], [8.5618, 50.143], [8.5622, 50.1429], [8.5622, 50.1428], [8.5623, 50.1428], [8.5633, 50.1422], [8.5636, 50.142]], [[8.5636, 50.142], [8.5642, 50.1417], [8.5646, 50.1415], [8.5653, 50.141], [8.5657, 50.1408]], [[8.566, 50.1406], [8.5657, 50.1408]], [[8.5715, 50.1374], [8.571, 50.1377], [8.5691, 50.1388], [8.5668, 50.1401], [8.566, 50.1406]], [[8.572, 50.1371], [8.5715, 50.1374]], [[8.5772, 50.1341], [8.5768, 50.1343], [8.5766, 50.1344], [8.576, 50.1347], [8.572, 50.1371]], [[8.58, 50.1331], [8.5798, 50.1331], [8.5793, 50.1333], [8.5784, 50.1336], [8.5778, 50.1338], [8.5776, 50.1339], [8.5772, 50.1341]], [[8.58, 50.1331], [8.5804, 50.1329]], [[8.5804, 50.1329], [8.5811, 50.1328], [8.5815, 50.1327], [8.5817, 50.1326]], [[8.5817, 50.1326], [8.5822, 50.1325], [8.5827, 50.1325]], [[8.5827, 50.1325], [8.5836, 50.1323], [8.5846, 50.1322], [8.5864, 50.1321], [8.5897, 50.1317]], [[8.5897, 50.1317], [8.5905, 50.1317]], [[8.5905, 50.1317], [8.5959, 50.1311]], [[8.5959, 50.1311], [8.5968, 50.1311], [8.5979, 50.1309], [8.5993, 50.1308], [8.5997, 50.1308], [8.6008, 50.1307], [8.6011, 50.1307], [8.6015, 50.1306], [8.602, 50.1306]], [[8.602, 50.1306], [8.6021, 50.1305], [8.6022, 50.1305], [8.6025, 50.1305], [8.6028, 50.1304], [8.6031, 50.1303], [8.6034, 50.1302], [8.6036, 50.1301], [8.6038, 50.13], [8.6041, 50.1299], [8.6043, 50.1298], [8.6045, 50.1297], [8.6047, 50.1295], [8.6049, 50.1294], [8.6051, 50.1293], [8.6052, 50.1291], [8.6054, 50.1289], [8.6055, 50.1288], [8.6057, 50.1286], [8.6058, 50.1283], [8.6059, 50.1279], [8.606, 50.1277], [8.6061, 50.1273]], [[8.6061, 50.1273], [8.6062, 50.1272]], [[8.6062, 50.1272], [8.6062, 50.1271]], [[8.6062, 50.1271], [8.6063, 50.1266], [8.6064, 50.1262], [8.6065, 50.1261], [8.6065, 50.126], [8.6066, 50.1254], [8.6068, 50.1248], [8.6068, 50.1246], [8.6069, 50.1246], [8.6069, 50.1245], [8.607, 50.1242], [8.607, 50.1241], [8.6072, 50.1239], [8.6072, 50.1238]], [[8.6072, 50.1238], [8.6073, 50.1236], [8.6074, 50.1234], [8.6075, 50.1232]], [[8.6075, 50.1232], [8.6075, 50.1231], [8.6077, 50.1225], [8.6081, 50.1212], [8.6082, 50.1208], [8.6083, 50.1207], [8.6084, 50.1205], [8.6085, 50.1202], [8.6086, 50.1199]], [[8.6086, 50.1199], [8.6087, 50.1198], [8.6087, 50.1197]], [[8.6087, 50.1197], [8.609, 50.1192]], [[8.609, 50.1192], [8.609, 50.1191]], [[8.609, 50.1191], [8.6092, 50.1187], [8.6094, 50.1184], [8.6097, 50.118], [8.6098, 50.1178], [8.61, 50.1176], [8.6102, 50.1174], [8.6104, 50.1172], [8.6107, 50.117], [8.611, 50.1167]], [[8.611, 50.1167], [8.6112, 50.1166]], [[8.6112, 50.1166], [8.6113, 50.1165], [8.6114, 50.1165], [8.6117, 50.1163], [8.612, 50.1162], [8.6123, 50.1161], [8.6123, 50.116], [8.6126, 50.1159], [8.6129, 50.1158], [8.6132, 50.1157], [8.6135, 50.1157], [8.6137, 50.1156], [8.6138, 50.1156], [8.6141, 50.1155], [8.6144, 50.1154], [8.6147, 50.1154], [8.6151, 50.1153], [8.6154, 50.1153], [8.6158, 50.1152], [8.6161, 50.1152], [8.6165, 50.1151], [8.6169, 50.1151], [8.6172, 50.1151], [8.6175, 50.1151], [8.6178, 50.1152], [8.6181, 50.1152], [8.6184, 50.1152], [8.6188, 50.1153], [8.6191, 50.1153], [8.6194, 50.1154], [8.6197, 50.1154], [8.62, 50.1155], [8.6204, 50.1156], [8.6207, 50.1157], [8.6211, 50.1159], [8.6212, 50.1159], [8.6216, 50.1161], [8.622, 50.1163], [8.6235, 50.117], [8.6244, 50.1174], [8.6249, 50.1176], [8.6256, 50.1179], [8.6262, 50.1182], [8.6275, 50.1187], [8.6278, 50.1189], [8.6284, 50.1191], [8.6288, 50.1192], [8.6292, 50.1194], [8.6293, 50.1194], [8.6294, 50.1194]], [[8.6294, 50.1194], [8.6303, 50.1197], [8.631, 50.1199]], [[8.631, 50.1199], [8.6325, 50.1203], [8.6326, 50.1203]], [[8.6326, 50.1203], [8.6333, 50.1205], [8.6335, 50.1205], [8.6336, 50.1205]], [[8.6336, 50.1205], [8.634, 50.1206], [8.6343, 50.1206], [8.6347, 50.1207], [8.635, 50.1207], [8.6353, 50.1207], [8.6356, 50.1207], [8.6359, 50.1206], [8.6363, 50.1206], [8.6367, 50.1205], [8.6371, 50.1204], [8.6374, 50.1203], [8.6378, 50.1201]], [[8.6378, 50.1201], [8.6381, 50.12], [8.6383, 50.1199], [8.6385, 50.1199], [8.6385, 50.1198], [8.6389, 50.1196], [8.6392, 50.1195], [8.6393, 50.1194], [8.6395, 50.1192], [8.6399, 50.119], [8.6402, 50.1188]], [[8.6402, 50.1188], [8.6405, 50.1187], [8.6408, 50.1185], [8.6409, 50.1184], [8.6411, 50.1183], [8.6416, 50.118]], [[8.6416, 50.118], [8.6417, 50.1179], [8.6419, 50.1178], [8.6421, 50.1177], [8.6422, 50.1176], [8.6423, 50.1175], [8.6424, 50.1174], [8.6425, 50.1173], [8.6425, 50.1172], [8.6427, 50.117]], [[8.6427, 50.117], [8.6427, 50.1169], [8.6428, 50.1169], [8.6429, 50.1168]], [[8.6429, 50.1168], [8.6429, 50.1167], [8.643, 50.1165], [8.6431, 50.1164], [8.6431, 50.1162]], [[8.6431, 50.1162], [8.6432, 50.1162], [8.6432, 50.1161], [8.6433, 50.1158], [8.6433, 50.1155], [8.6433, 50.1152], [8.6434, 50.1149], [8.6434, 50.1143]], [[8.6434, 50.1143], [8.6434, 50.1138]], [[8.6434, 50.1138], [8.6434, 50.1131], [8.6434, 50.113], [8.6434, 50.1129], [8.6434, 50.1124], [8.6434, 50.1123], [8.6434, 50.1119], [8.6434, 50.1118]], [[8.6434, 50.1118], [8.6434, 50.1116]], [[8.6434, 50.1116], [8.6434, 50.1111], [8.6434, 50.111], [8.6434, 50.1108]], [[8.6434, 50.1108], [8.6434, 50.1104]], [[8.6434, 50.1104], [8.6434, 50.1103], [8.6434, 50.1098], [8.6434, 50.1097]], [[8.6434, 50.1097], [8.6434, 50.1089], [8.6434, 50.1083]], [[8.6434, 50.1083], [8.6434, 50.1082], [8.6435, 50.1077], [8.6435, 50.1074], [8.6435, 50.107]], [[8.6435, 50.107], [8.6435, 50.1066]], [[8.6435, 50.1066], [8.6435, 50.1064]], [[8.6435, 50.1064], [8.6435, 50.1063], [8.6435, 50.1062], [8.6435, 50.106], [8.6436, 50.1058], [8.6436, 50.1057], [8.6436, 50.1056], [8.6437, 50.1054], [8.6438, 50.1053], [8.6438, 50.1051], [8.6439, 50.1051]], [[8.6439, 50.1051], [8.644, 50.1049], [8.644, 50.1048], [8.6441, 50.1048]], [[8.6441, 50.1048], [8.6441, 50.1047], [8.6443, 50.1045], [8.6443, 50.1044], [8.6445, 50.1043], [8.6448, 50.1039], [8.6448, 50.1038], [8.6449, 50.1038]], [[8.6449, 50.1038], [8.645, 50.1037]], [[8.645, 50.1037], [8.6453, 50.1034], [8.6455, 50.1032]], [[8.6455, 50.1032], [8.6456, 50.1031], [8.6459, 50.1029], [8.646, 50.1028], [8.6461, 50.1027], [8.6463, 50.1026], [8.6466, 50.1025], [8.6468, 50.1023], [8.647, 50.1023], [8.6471, 50.1022]], [[8.6471, 50.1022], [8.6473, 50.1022], [8.6474, 50.1022], [8.6475, 50.1021]], [[8.6475, 50.1021], [8.6476, 50.1021], [8.6478, 50.1021], [8.6479, 50.1021], [8.6481, 50.102], [8.6483, 50.102], [8.6485, 50.102]], [[8.6485, 50.102], [8.6487, 50.102], [8.6489, 50.102], [8.6492, 50.102], [8.6493, 50.102], [8.6495, 50.102], [8.6496, 50.102]], [[8.6514, 50.1024], [8.6512, 50.1024], [8.6512, 50.1023], [8.6507, 50.1022], [8.6505, 50.1021], [8.6502, 50.1021], [8.65, 50.1021], [8.6499, 50.102], [8.6498, 50.102], [8.6496, 50.102]], [[8.6522, 50.1027], [8.6516, 50.1025], [8.6514, 50.1024]], [[8.6533, 50.1032], [8.6526, 50.1029], [8.6523, 50.1028], [8.6522, 50.1027]], [[8.6542, 50.1036], [8.6537, 50.1034], [8.6533, 50.1032]], [[8.6887, 50.1007], [8.6884, 50.1006], [8.6881, 50.1004], [8.6878, 50.1003], [8.687, 50.0999], [8.6867, 50.0997]], [[8.6863, 50.0995], [8.6866, 50.0997], [8.6867, 50.0997]], [[8.6859, 50.0994], [8.6863, 50.0995]], [[8.6073, 50.1242], [8.6073, 50.1243], [8.6072, 50.1246], [8.6068, 50.1258], [8.6067, 50.1261], [8.6071, 50.1246], [8.6072, 50.1243], [8.6073, 50.1242]], [[8.5773, 50.1341], [8.5779, 50.1338], [8.578, 50.1338], [8.5784, 50.1336], [8.5787, 50.1335], [8.5793, 50.1333], [8.5798, 50.1332], [8.5793, 50.1333], [8.5789, 50.1335], [8.5788, 50.1336], [8.5787, 50.1336], [8.5786, 50.1336], [8.5785, 50.1337], [8.5784, 50.1337], [8.5783, 50.1337], [8.5782, 50.1337], [8.5782, 50.1338], [8.578, 50.1338], [8.5779, 50.1339], [8.5773, 50.1341]], [[8.6864, 50.0995], [8.6859, 50.0993]], [[8.6869, 50.0998], [8.6866, 50.0996], [8.6864, 50.0995]], [[8.6875, 50.1], [8.6872, 50.0999], [8.6869, 50.0998]], [[8.6875, 50.1], [8.6877, 50.1001], [8.6879, 50.1002], [8.6882, 50.1003], [8.6884, 50.1005]], [[8.6884, 50.1005], [8.6885, 50.1005], [8.6885, 50.1006], [8.6888, 50.1007]], [[8.6523, 50.1035], [8.6518, 50.1033]], [[8.6518, 50.1033], [8.651, 50.103], [8.6506, 50.1028], [8.6505, 50.1028], [8.6503, 50.1027], [8.65, 50.1026], [8.6497, 50.1025], [8.6496, 50.1025]], [[8.6496, 50.1025], [8.6494, 50.1024], [8.6493, 50.1024], [8.6492, 50.1024], [8.6491, 50.1024], [8.649, 50.1024], [8.6489, 50.1023], [8.6487, 50.1023], [8.6486, 50.1023], [8.6485, 50.1023], [8.6484, 50.1023], [8.6483, 50.1023], [8.6482, 50.1023], [8.6481, 50.1023], [8.6479, 50.1023], [8.6478, 50.1023], [8.6477, 50.1023], [8.6476, 50.1024], [8.6475, 50.1024], [8.6474, 50.1024]], [[8.6474, 50.1024], [8.6473, 50.1024], [8.6471, 50.1025], [8.6469, 50.1025], [8.6468, 50.1026], [8.6464, 50.1027], [8.6462, 50.1028], [8.646, 50.1029], [8.6459, 50.103], [8.6458, 50.1031], [8.6456, 50.1033]], [[8.6456, 50.1033], [8.6452, 50.1037]], [[8.6452, 50.1037], [8.645, 50.1039], [8.6449, 50.104], [8.6446, 50.1043], [8.6445, 50.1044], [8.6444, 50.1046], [8.6442, 50.1048]], [[8.6442, 50.1048], [8.6441, 50.1049], [8.644, 50.1051]], [[8.644, 50.1051], [8.6439, 50.1054], [8.6438, 50.1056], [8.6437, 50.1058], [8.6437, 50.1059], [8.6437, 50.106], [8.6436, 50.1062], [8.6436, 50.1065]], [[8.6436, 50.1065], [8.6435, 50.1066]], [[8.6435, 50.107], [8.6435, 50.1082], [8.6435, 50.1083]], [[8.6435, 50.1083], [8.6435, 50.1089], [8.6435, 50.1097]], [[8.6435, 50.1097], [8.6435, 50.1101], [8.6435, 50.1103], [8.6435, 50.1104]], [[8.6435, 50.1104], [8.6435, 50.1105], [8.6436, 50.1108]], [[8.6436, 50.1108], [8.6436, 50.111], [8.6436, 50.1111], [8.6436, 50.1116]], [[8.6436, 50.1116], [8.6436, 50.1118]], [[8.6436, 50.1118], [8.6436, 50.1119], [8.6436, 50.1122], [8.6436, 50.1124], [8.6435, 50.1127], [8.6435, 50.113], [8.6435, 50.1131], [8.6435, 50.1135], [8.6434, 50.1137], [8.6434, 50.1138]], [[8.6434, 50.1143], [8.6434, 50.1149], [8.6434, 50.1152], [8.6434, 50.1155], [8.6434, 50.1156], [8.6433, 50.1158], [8.6433, 50.1161], [8.6432, 50.1162], [8.6431, 50.1165], [8.643, 50.1166], [8.643, 50.1167], [8.6429, 50.1168]], [[8.6429, 50.1168], [8.6429, 50.1169], [8.6428, 50.117]], [[8.6428, 50.117], [8.6426, 50.1172], [8.6425, 50.1173], [8.6424, 50.1174], [8.6424, 50.1175], [8.6423, 50.1176], [8.6422, 50.1176], [8.6421, 50.1177], [8.6419, 50.1179], [8.6417, 50.118]], [[8.6417, 50.118], [8.6412, 50.1183], [8.641, 50.1185], [8.6406, 50.1187], [8.6405, 50.1188], [8.6402, 50.119], [8.6399, 50.1192]], [[8.6399, 50.1192], [8.6397, 50.1193], [8.6394, 50.1195], [8.6393, 50.1196], [8.6392, 50.1196], [8.639, 50.1197], [8.6388, 50.1198], [8.6386, 50.1199]], [[8.6386, 50.1199], [8.6383, 50.1201], [8.6379, 50.1202]], [[8.6379, 50.1202], [8.6376, 50.1203], [8.6375, 50.1204], [8.6371, 50.1205], [8.6367, 50.1206], [8.6363, 50.1206], [8.6359, 50.1207], [8.6356, 50.1207], [8.6353, 50.1207], [8.635, 50.1207], [8.6347, 50.1207], [8.6343, 50.1207], [8.634, 50.1206], [8.6336, 50.1206]], [[8.6336, 50.1206], [8.6335, 50.1205], [8.6332, 50.1205], [8.6326, 50.1203]], [[8.6326, 50.1203], [8.63, 50.1196], [8.6293, 50.1194], [8.629, 50.1194], [8.629, 50.1193], [8.6286, 50.1192], [8.6281, 50.1191]], [[8.6281, 50.1191], [8.628, 50.119], [8.6278, 50.1189], [8.6277, 50.1189], [8.6276, 50.1188], [8.6274, 50.1188], [8.6262, 50.1182], [8.6256, 50.118], [8.6249, 50.1176], [8.6244, 50.1174], [8.6234, 50.117], [8.622, 50.1163], [8.6216, 50.1161], [8.6211, 50.1159], [8.6207, 50.1158], [8.6204, 50.1157], [8.62, 50.1156], [8.6197, 50.1155], [8.6194, 50.1154], [8.6191, 50.1153], [8.6188, 50.1153], [8.6184, 50.1152], [8.6181, 50.1152], [8.6178, 50.1152], [8.6175, 50.1152], [8.6172, 50.1152], [8.6169, 50.1152], [8.6165, 50.1152], [8.6162, 50.1152], [8.6158, 50.1152], [8.6154, 50.1153], [8.6151, 50.1153], [8.6148, 50.1154], [8.6144, 50.1155], [8.6141, 50.1155], [8.6138, 50.1156], [8.6135, 50.1157], [8.6132, 50.1158], [8.6129, 50.1159], [8.6126, 50.116], [8.6124, 50.1161], [8.6123, 50.1161], [8.612, 50.1162], [8.6117, 50.1164], [8.6114, 50.1165], [8.6114, 50.1166], [8.6112, 50.1167]], [[8.6112, 50.1167], [8.6111, 50.1167]], [[8.6111, 50.1167], [8.6107, 50.117], [8.6104, 50.1172], [8.6102, 50.1174], [8.61, 50.1176], [8.6099, 50.1178], [8.6098, 50.118], [8.6095, 50.1184], [8.6093, 50.1187], [8.6092, 50.1189], [8.609, 50.1192]], [[8.609, 50.1192], [8.6088, 50.1198]], [[8.6088, 50.1198], [8.6087, 50.1198], [8.6086, 50.1202], [8.6084, 50.1205], [8.6083, 50.1208]], [[8.6083, 50.1208], [8.6082, 50.1212], [8.6078, 50.1223]], [[8.6078, 50.1223], [8.6074, 50.1236], [8.6073, 50.124], [8.6072, 50.1242], [8.6071, 50.1248], [8.607, 50.1249], [8.607, 50.1251], [8.6068, 50.1255], [8.6067, 50.1261], [8.6066, 50.1262], [8.6065, 50.1265], [8.6063, 50.1272]], [[8.6063, 50.1272], [8.6063, 50.1273]], [[8.6063, 50.1273], [8.6062, 50.1276], [8.606, 50.128], [8.6059, 50.1283], [8.6058, 50.1284], [8.6057, 50.1286]], [[8.6057, 50.1286], [8.6056, 50.1288], [8.6054, 50.129], [8.6053, 50.1291], [8.6051, 50.1293], [8.605, 50.1294], [8.6048, 50.1296], [8.6046, 50.1297], [8.6044, 50.1298], [8.6041, 50.1299], [8.6039, 50.1301], [8.6037, 50.1301], [8.6034, 50.1302], [8.6031, 50.1303], [8.6028, 50.1304], [8.6025, 50.1305], [8.6023, 50.1305], [8.6022, 50.1306], [8.602, 50.1306], [8.6017, 50.1306]], [[8.6017, 50.1306], [8.6016, 50.1307], [8.6012, 50.1307], [8.6011, 50.1307], [8.6007, 50.1307], [8.6006, 50.1308], [8.5997, 50.1308], [8.5993, 50.1309], [8.5979, 50.131], [8.5968, 50.1311], [8.5959, 50.1312], [8.5905, 50.1317]], [[8.5905, 50.1317], [8.5897, 50.1318]], [[8.5897, 50.1318], [8.5864, 50.1321], [8.5846, 50.1323], [8.5836, 50.1324], [8.5827, 50.1325]], [[8.5827, 50.1325], [8.5822, 50.1326], [8.5817, 50.1327]], [[8.5817, 50.1327], [8.5815, 50.1327], [8.5811, 50.1328], [8.5805, 50.133]], [[8.5805, 50.133], [8.58, 50.1331]], [[8.58, 50.1331], [8.5798, 50.1331], [8.5793, 50.1333], [8.5788, 50.1335], [8.5784, 50.1336], [8.5779, 50.1338], [8.5778, 50.1338], [8.5773, 50.1341]], [[8.5773, 50.1341], [8.5769, 50.1343], [8.5766, 50.1344], [8.576, 50.1347], [8.572, 50.1371]], [[8.572, 50.1371], [8.5716, 50.1374]], [[8.5716, 50.1374], [8.571, 50.1377], [8.5691, 50.1388], [8.5668, 50.1402], [8.5661, 50.1406]], [[8.5661, 50.1406], [8.5657, 50.1408]], [[8.5657, 50.1408], [8.5656, 50.1409], [8.5648, 50.1414], [8.564, 50.1418], [8.5637, 50.142], [8.5633, 50.1423]], [[8.5633, 50.1423], [8.5624, 50.1428], [8.5623, 50.1429], [8.5619, 50.1431], [8.5616, 50.1433], [8.5608, 50.1438], [8.5604, 50.144], [8.5601, 50.1442], [8.5594, 50.1446], [8.5591, 50.1448], [8.5574, 50.1458], [8.5568, 50.1461], [8.5552, 50.1471], [8.5551, 50.1472], [8.5545, 50.1475], [8.5543, 50.1476], [8.5537, 50.1481], [8.5533, 50.1484], [8.5525, 50.1491], [8.552, 50.1496], [8.5517, 50.1499], [8.5513, 50.1503], [8.5506, 50.151], [8.5494, 50.1521], [8.5489, 50.1527], [8.5487, 50.1529], [8.5484, 50.1531], [8.5483, 50.1532], [8.5481, 50.1535]], [[8.5481, 50.1535], [8.5479, 50.1537]], [[8.5479, 50.1537], [8.5474, 50.1541], [8.5472, 50.1544]], [[8.5472, 50.1544], [8.5467, 50.1548], [8.5464, 50.1552]], [[8.5464, 50.1552], [8.5461, 50.1555], [8.5459, 50.1556], [8.5454, 50.156]]]}, "properties": {"ref": "S3", "opened_year": 1978, "is_tunnel": false, "segment_count": 150}}, {"type": "Feature", "geometry": {"type": "MultiLineString", "coordinates": [[[8.5244, 50.1503], [8.5242, 50.1501]], [[8.5267, 50.1529], [8.5265, 50.1527]], [[8.5288, 50.1553], [8.5281, 50.1545], [8.5279, 50.1542], [8.5278, 50.1542]], [[8.5299, 50.1565], [8.5297, 50.1563]], [[8.6542, 50.1036], [8.6543, 50.1037], [8.6552, 50.104], [8.6557, 50.1042], [8.6558, 50.1043], [8.657, 50.1048], [8.6571, 50.1048], [8.6575, 50.105]], [[8.6575, 50.105], [8.6582, 50.1053], [8.6583, 50.1053]], [[8.6583, 50.1053], [8.6592, 50.1057], [8.6594, 50.1058], [8.66, 50.106]], [[8.6656, 50.1092], [8.6654, 50.1089], [8.6651, 50.1085], [8.665, 50.1084], [8.6648, 50.1083], [8.6647, 50.1082], [8.6646, 50.1081], [8.6645, 50.108], [8.6643, 50.1079], [8.664, 50.1077], [8.6635, 50.1074], [8.6634, 50.1074], [8.6633, 50.1074], [8.6633, 50.1073], [8.663, 50.1072], [8.6623, 50.107], [8.6616, 50.1067], [8.6607, 50.1063], [8.6605, 50.1063], [8.66, 50.106]], [[8.6656, 50.1092], [8.6657, 50.1094], [8.6658, 50.1095], [8.6659, 50.1098], [8.6661, 50.1101], [8.6663, 50.1107], [8.6664, 50.111], [8.6665, 50.1111], [8.6665, 50.1112], [8.6666, 50.1113], [8.6666, 50.1114], [8.6668, 50.1116], [8.6669, 50.1119], [8.6673, 50.1123], [8.6674, 50.1124]], [[8.6674, 50.1124], [8.6676, 50.1126]], [[8.6676, 50.1126], [8.668, 50.1129], [8.6681, 50.113], [8.669, 50.1136], [8.6697, 50.1141]], [[8.6697, 50.1141], [8.6699, 50.1142]], [[8.6699, 50.1142], [8.67, 50.1142]], [[8.67, 50.1142], [8.6702, 50.1143], [8.6708, 50.1146], [8.6716, 50.1148], [8.672, 50.1148], [8.6725, 50.1148], [8.6727, 50.1148], [8.6732, 50.1148], [8.6733, 50.1148], [8.6735, 50.1148], [8.6736, 50.1148], [8.6738, 50.1147], [8.6741, 50.1147], [8.6745, 50.1146], [8.6747, 50.1146], [8.6751, 50.1145], [8.6759, 50.1143], [8.6763, 50.1142]], [[8.6763, 50.1142], [8.6766, 50.1141], [8.6774, 50.1141], [8.6778, 50.114], [8.6783, 50.114], [8.6785, 50.1139], [8.679, 50.1139], [8.6793, 50.1139]], [[8.6793, 50.1139], [8.6798, 50.1139], [8.68, 50.1138], [8.6805, 50.1139], [8.6807, 50.1139], [8.6809, 50.114], [8.6814, 50.1141], [8.6821, 50.1143], [8.6825, 50.1144], [8.6826, 50.1144], [8.6829, 50.1144], [8.6832, 50.1145]], [[8.6832, 50.1145], [8.6833, 50.1145], [8.6839, 50.1146], [8.6841, 50.1146], [8.6844, 50.1146], [8.6845, 50.1146]], [[8.6845, 50.1146], [8.6853, 50.1146]], [[8.6853, 50.1146], [8.687, 50.1146], [8.6873, 50.1146], [8.6876, 50.1146]], [[8.6876, 50.1146], [8.6878, 50.1146], [8.688, 50.1146], [8.6881, 50.1146], [8.6883, 50.1146], [8.6885, 50.1147], [8.6897, 50.1148], [8.6902, 50.1148]], [[8.6902, 50.1148], [8.6903, 50.1148], [8.6905, 50.1148], [8.6907, 50.1148], [8.6911, 50.1148], [8.6914, 50.1148], [8.6917, 50.1147], [8.692, 50.1147], [8.6921, 50.1147], [8.6924, 50.1146], [8.6927, 50.1146], [8.6932, 50.1145], [8.6935, 50.1144], [8.6937, 50.1143], [8.694, 50.1143], [8.6943, 50.1142], [8.6946, 50.1141], [8.6949, 50.1139], [8.6952, 50.1138], [8.6955, 50.1137], [8.6958, 50.1134]], [[8.6958, 50.1134], [8.696, 50.1133], [8.6961, 50.1133], [8.6963, 50.1131]], [[8.6963, 50.1131], [8.6966, 50.1128], [8.6968, 50.1126], [8.6969, 50.1125]], [[8.6969, 50.1125], [8.6975, 50.1119], [8.6976, 50.1118], [8.6977, 50.1117], [8.698, 50.1115], [8.698, 50.1114]], [[8.698, 50.1114], [8.6982, 50.1112]], [[8.6982, 50.1112], [8.6985, 50.1107], [8.6987, 50.1102], [8.6988, 50.1098], [8.6988, 50.1093], [8.6987, 50.1085], [8.6987, 50.1084], [8.6986, 50.1082], [8.6985, 50.1077], [8.6983, 50.1068]], [[8.6983, 50.1068], [8.6982, 50.1065], [8.6981, 50.106], [8.698, 50.1058], [8.698, 50.1057]], [[8.698, 50.1057], [8.6977, 50.1049], [8.6975, 50.1046], [8.6974, 50.1044], [8.6972, 50.1041], [8.697, 50.1039], [8.6966, 50.1036], [8.6963, 50.1034], [8.6958, 50.1031], [8.6957, 50.1031], [8.6955, 50.103], [8.6951, 50.1029]], [[8.6951, 50.1029], [8.6944, 50.1027], [8.6941, 50.1026], [8.6937, 50.1025], [8.6929, 50.1023], [8.6928, 50.1023], [8.6916, 50.1019]], [[8.6916, 50.1019], [8.6914, 50.1019], [8.6912, 50.1018]], [[8.6912, 50.1018], [8.6911, 50.1018], [8.6909, 50.1018], [8.6908, 50.1017], [8.6907, 50.1017]], [[8.6907, 50.1017], [8.6906, 50.1016], [8.6904, 50.1016], [8.6902, 50.1015], [8.69, 50.1014], [8.6898, 50.1013], [8.6893, 50.1011], [8.689, 50.1009]], [[8.689, 50.1009], [8.6887, 50.1007]], [[8.6888, 50.1007], [8.689, 50.1008], [8.6891, 50.1009], [8.6892, 50.1009], [8.6893, 50.101], [8.6895, 50.1011], [8.6903, 50.1014], [8.6905, 50.1015], [8.6906, 50.1015], [8.6907, 50.1016]], [[8.6907, 50.1016], [8.6909, 50.1016], [8.6912, 50.1017], [8.6913, 50.1018]], [[8.6913, 50.1018], [8.6915, 50.1018]], [[8.6915, 50.1018], [8.6916, 50.1019]], [[8.6916, 50.1019], [8.6917, 50.1019], [8.692, 50.102], [8.6929, 50.1022], [8.693, 50.1022], [8.6931, 50.1022], [8.6937, 50.1024], [8.6942, 50.1025], [8.6945, 50.1026], [8.6949, 50.1027]], [[8.6949, 50.1027], [8.6955, 50.1029], [8.6957, 50.103], [8.696, 50.1032], [8.6966, 50.1035], [8.6968, 50.1036], [8.6971, 50.1039], [8.6974, 50.1042], [8.6976, 50.1045], [8.6977, 50.1047], [8.6979, 50.1051], [8.6979, 50.1052], [8.698, 50.1054], [8.6981, 50.1057]], [[8.6981, 50.1057], [8.6982, 50.106], [8.6983, 50.1064], [8.6984, 50.1067], [8.6986, 50.1074], [8.6986, 50.1077], [8.6988, 50.1081], [8.6988, 50.1082], [8.6989, 50.1086], [8.699, 50.1095], [8.699, 50.11], [8.6988, 50.1104], [8.6986, 50.1109]], [[8.6986, 50.1109], [8.6984, 50.1112]], [[8.6984, 50.1112], [8.6982, 50.1115]], [[8.6982, 50.1115], [8.6981, 50.1115], [8.6978, 50.1118], [8.6976, 50.112], [8.6974, 50.1122]], [[8.6974, 50.1122], [8.697, 50.1126], [8.6969, 50.1127], [8.6968, 50.1128], [8.6966, 50.113], [8.6964, 50.1131]], [[8.6964, 50.1131], [8.6962, 50.1133], [8.6962, 50.1134]], [[8.6962, 50.1134], [8.696, 50.1135], [8.6958, 50.1136], [8.6956, 50.1138], [8.6955, 50.1138], [8.6952, 50.1139], [8.695, 50.1141], [8.6949, 50.1141], [8.6948, 50.1141], [8.6946, 50.1142], [8.6943, 50.1143], [8.694, 50.1144], [8.6939, 50.1144], [8.6937, 50.1145], [8.6934, 50.1145], [8.6932, 50.1146], [8.6926, 50.1147], [8.6924, 50.1147], [8.6923, 50.1147], [8.6921, 50.1148], [8.6915, 50.1148], [8.691, 50.1149], [8.6909, 50.1149]], [[8.6909, 50.1149], [8.6908, 50.1149], [8.6903, 50.1149], [8.6901, 50.1149], [8.6898, 50.1149], [8.6896, 50.1148], [8.6893, 50.1148], [8.6886, 50.1147], [8.6883, 50.1147], [8.6881, 50.1147], [8.6879, 50.1147]], [[8.6879, 50.1147], [8.6871, 50.1147], [8.6869, 50.1147], [8.6868, 50.1147], [8.6866, 50.1147], [8.6859, 50.1147], [8.6858, 50.1147], [8.6853, 50.1147], [8.6849, 50.1147], [8.6845, 50.1147]], [[8.6845, 50.1147], [8.6843, 50.1147], [8.684, 50.1146], [8.6838, 50.1146], [8.6837, 50.1146], [8.6833, 50.1146]], [[8.6833, 50.1146], [8.6831, 50.1145], [8.6829, 50.1145], [8.6826, 50.1144], [8.6825, 50.1144], [8.6821, 50.1143], [8.682, 50.1143], [8.6817, 50.1142], [8.6814, 50.1141], [8.6813, 50.1141], [8.6812, 50.1141], [8.681, 50.1141], [8.6809, 50.114], [8.6804, 50.114], [8.6801, 50.114], [8.6799, 50.114], [8.6793, 50.114]], [[8.6793, 50.114], [8.6789, 50.1141], [8.6786, 50.1141], [8.6783, 50.1141], [8.6782, 50.1141], [8.6779, 50.1141], [8.6776, 50.1142], [8.6773, 50.1142], [8.677, 50.1142], [8.6767, 50.1143], [8.6764, 50.1143], [8.6763, 50.1143]], [[8.6763, 50.1143], [8.6759, 50.1144], [8.6754, 50.1145], [8.675, 50.1146], [8.6741, 50.1147], [8.6736, 50.1148], [8.6735, 50.1148], [8.6733, 50.1149], [8.6727, 50.1149], [8.6724, 50.1149], [8.672, 50.1149], [8.6718, 50.1149], [8.6716, 50.1148], [8.6715, 50.1148], [8.671, 50.1147], [8.6708, 50.1147], [8.6703, 50.1145], [8.6701, 50.1144], [8.6698, 50.1143]], [[8.6698, 50.1143], [8.6695, 50.1141]], [[8.6695, 50.1141], [8.669, 50.1138], [8.6689, 50.1138]], [[8.6689, 50.1138], [8.6687, 50.1136], [8.6682, 50.1133], [8.6678, 50.113], [8.6675, 50.1126]], [[8.6675, 50.1126], [8.667, 50.1122], [8.6665, 50.1115], [8.6665, 50.1114], [8.6663, 50.1111], [8.6662, 50.1109], [8.6661, 50.1107], [8.666, 50.1104], [8.6659, 50.1102], [8.6658, 50.1099]], [[8.6658, 50.1099], [8.6657, 50.1098], [8.6655, 50.1094], [8.6655, 50.1093]], [[8.6655, 50.1093], [8.6653, 50.1092], [8.6652, 50.109], [8.6651, 50.1089], [8.6648, 50.1087], [8.6648, 50.1086], [8.6647, 50.1086], [8.6647, 50.1085], [8.6645, 50.1085], [8.6644, 50.1084], [8.6641, 50.1082], [8.6637, 50.108], [8.6632, 50.1077], [8.6631, 50.1077], [8.6627, 50.1075], [8.6626, 50.1075], [8.6622, 50.1073], [8.662, 50.1073], [8.6604, 50.1067], [8.6597, 50.1064]], [[8.6597, 50.1064], [8.6593, 50.1062], [8.659, 50.1061], [8.6579, 50.1057]], [[8.6579, 50.1057], [8.657, 50.1053], [8.6568, 50.1053], [8.6567, 50.1052], [8.6566, 50.1052], [8.6556, 50.1048]], [[8.6556, 50.1048], [8.6553, 50.1047], [8.6534, 50.1039], [8.6523, 50.1035]]]}, "properties": {"ref": "S3", "opened_year": 1978, "is_tunnel": true, "segment_count": 61}}, {"type": "Feature", "geometry": {"type": "MultiLineString", "coordinates": [[[8.5157, 50.1802], [8.5159, 50.1801], [8.5164, 50.18], [8.5165, 50.1799], [8.5168, 50.1799], [8.517, 50.1798], [8.5171, 50.1798], [8.5171, 50.1797], [8.5172, 50.1797], [8.5174, 50.1797], [8.5175, 50.1797], [8.5177, 50.1796], [8.5178, 50.1796], [8.5179, 50.1796], [8.518, 50.1796], [8.5181, 50.1795], [8.5182, 50.1795], [8.5187, 50.1794], [8.5174, 50.1797], [8.5172, 50.1798], [8.5168, 50.1799], [8.5165, 50.18], [8.5159, 50.1802], [8.5158, 50.1802], [8.5157, 50.1802]], [[8.5287, 50.1736], [8.5286, 50.1736], [8.5287, 50.1736], [8.5304, 50.1724], [8.5307, 50.1722], [8.5307, 50.1723], [8.5305, 50.1724], [8.5287, 50.1736]], [[8.5772, 50.1341], [8.5778, 50.1338], [8.5781, 50.1337], [8.5782, 50.1336], [8.5784, 50.1336], [8.5787, 50.1334], [8.5788, 50.1334], [8.5792, 50.1333], [8.5798, 50.1331], [8.5797, 50.1331], [8.5792, 50.1332], [8.5788, 50.1334], [8.5788, 50.1333], [8.5784, 50.1335], [8.5782, 50.1336], [8.5781, 50.1336], [8.5781, 50.1337], [8.5778, 50.1338], [8.5772, 50.134], [8.5772, 50.1341]], [[8.5193, 50.1792], [8.5191, 50.1793], [8.5188, 50.1794], [8.5168, 50.1799], [8.5158, 50.1802]], [[8.5197, 50.179], [8.5195, 50.1791], [8.5193, 50.1792]], [[8.5212, 50.1784], [8.5203, 50.1788], [8.5197, 50.179]], [[8.5238, 50.1768], [8.5233, 50.1771], [8.5224, 50.1777], [8.5212, 50.1784]], [[8.5404, 50.1614], [8.5402, 50.1618], [8.5396, 50.1626], [8.5373, 50.166], [8.5359, 50.1681], [8.5351, 50.1691], [8.5345, 50.1697], [8.5338, 50.1702], [8.5331, 50.1707], [8.5325, 50.1711], [8.5315, 50.1718], [8.5308, 50.1722], [8.5292, 50.1733], [8.5286, 50.1737], [8.5285, 50.1738], [8.5284, 50.1738], [8.5238, 50.1768]], [[8.5426, 50.1588], [8.542, 50.1595], [8.5415, 50.16], [8.5411, 50.1605], [8.5409, 50.1608], [8.5407, 50.1611], [8.5404, 50.1614]], [[8.5445, 50.157], [8.5435, 50.158], [8.5434, 50.1581], [8.5426, 50.1588]], [[8.5445, 50.157], [8.5449, 50.1566], [8.5451, 50.1564], [8.5453, 50.1561]], [[8.5453, 50.1561], [8.5454, 50.156]], [[8.5454, 50.156], [8.5457, 50.1558], [8.5459, 50.1555], [8.5466, 50.1548], [8.5466, 50.1547], [8.5471, 50.1543]], [[8.5471, 50.1543], [8.5473, 50.1541], [8.5477, 50.1536]], [[8.5477, 50.1536], [8.5479, 50.1534]], [[8.5479, 50.1534], [8.5482, 50.1532], [8.5483, 50.1531], [8.5488, 50.1526], [8.5492, 50.1522], [8.5497, 50.1518]], [[8.5497, 50.1518], [8.5506, 50.1509], [8.5512, 50.1504], [8.5514, 50.1501], [8.5517, 50.1499], [8.552, 50.1496], [8.5526, 50.149], [8.5532, 50.1484]], [[8.5532, 50.1484], [8.5536, 50.148], [8.5543, 50.1476], [8.5545, 50.1475], [8.5549, 50.1472], [8.555, 50.1471], [8.5566, 50.1462], [8.5586, 50.145], [8.559, 50.1447], [8.5593, 50.1445]], [[8.5593, 50.1445], [8.56, 50.1441], [8.5603, 50.1439], [8.5607, 50.1437], [8.5611, 50.1435], [8.5615, 50.1432], [8.5616, 50.1432], [8.5616, 50.1431], [8.5618, 50.143], [8.5622, 50.1429], [8.5622, 50.1428], [8.5623, 50.1428], [8.5633, 50.1422], [8.5636, 50.142]], [[8.5636, 50.142], [8.5642, 50.1417], [8.5646, 50.1415], [8.5653, 50.141], [8.5657, 50.1408]], [[8.566, 50.1406], [8.5657, 50.1408]], [[8.5715, 50.1374], [8.571, 50.1377], [8.5691, 50.1388], [8.5668, 50.1401], [8.566, 50.1406]], [[8.572, 50.1371], [8.5715, 50.1374]], [[8.5772, 50.1341], [8.5768, 50.1343], [8.5766, 50.1344], [8.576, 50.1347], [8.572, 50.1371]], [[8.58, 50.1331], [8.5798, 50.1331], [8.5793, 50.1333], [8.5784, 50.1336], [8.5778, 50.1338], [8.5776, 50.1339], [8.5772, 50.1341]], [[8.58, 50.1331], [8.5804, 50.1329]], [[8.5804, 50.1329], [8.5811, 50.1328], [8.5815, 50.1327], [8.5817, 50.1326]], [[8.5817, 50.1326], [8.5822, 50.1325], [8.5827, 50.1325]], [[8.5827, 50.1325], [8.5836, 50.1323], [8.5846, 50.1322], [8.5864, 50.1321], [8.5897, 50.1317]], [[8.5897, 50.1317], [8.5905, 50.1317]], [[8.5905, 50.1317], [8.5959, 50.1311]], [[8.5959, 50.1311], [8.5968, 50.1311], [8.5979, 50.1309], [8.5993, 50.1308], [8.5997, 50.1308], [8.6008, 50.1307], [8.6011, 50.1307], [8.6015, 50.1306], [8.602, 50.1306]], [[8.602, 50.1306], [8.6021, 50.1305], [8.6022, 50.1305], [8.6025, 50.1305], [8.6028, 50.1304], [8.6031, 50.1303], [8.6034, 50.1302], [8.6036, 50.1301], [8.6038, 50.13], [8.6041, 50.1299], [8.6043, 50.1298], [8.6045, 50.1297], [8.6047, 50.1295], [8.6049, 50.1294], [8.6051, 50.1293], [8.6052, 50.1291], [8.6054, 50.1289], [8.6055, 50.1288], [8.6057, 50.1286], [8.6058, 50.1283], [8.6059, 50.1279], [8.606, 50.1277], [8.6061, 50.1273]], [[8.6061, 50.1273], [8.6062, 50.1272]], [[8.6062, 50.1272], [8.6062, 50.1271]], [[8.6062, 50.1271], [8.6063, 50.1266], [8.6064, 50.1262], [8.6065, 50.1261], [8.6065, 50.126], [8.6066, 50.1254], [8.6068, 50.1248], [8.6068, 50.1246], [8.6069, 50.1246], [8.6069, 50.1245], [8.607, 50.1242], [8.607, 50.1241], [8.6072, 50.1239], [8.6072, 50.1238]], [[8.6072, 50.1238], [8.6073, 50.1236], [8.6074, 50.1234], [8.6075, 50.1232]], [[8.6075, 50.1232], [8.6075, 50.1231], [8.6077, 50.1225], [8.6081, 50.1212], [8.6082, 50.1208], [8.6083, 50.1207], [8.6084, 50.1205], [8.6085, 50.1202], [8.6086, 50.1199]], [[8.6086, 50.1199], [8.6087, 50.1198], [8.6087, 50.1197]], [[8.6087, 50.1197], [8.609, 50.1192]], [[8.609, 50.1192], [8.609, 50.1191]], [[8.609, 50.1191], [8.6092, 50.1187], [8.6094, 50.1184], [8.6097, 50.118], [8.6098, 50.1178], [8.61, 50.1176], [8.6102, 50.1174], [8.6104, 50.1172], [8.6107, 50.117], [8.611, 50.1167]], [[8.611, 50.1167], [8.6112, 50.1166]], [[8.6112, 50.1166], [8.6113, 50.1165], [8.6114, 50.1165], [8.6117, 50.1163], [8.612, 50.1162], [8.6123, 50.1161], [8.6123, 50.116], [8.6126, 50.1159], [8.6129, 50.1158], [8.6132, 50.1157], [8.6135, 50.1157], [8.6137, 50.1156], [8.6138, 50.1156], [8.6141, 50.1155], [8.6144, 50.1154], [8.6147, 50.1154], [8.6151, 50.1153], [8.6154, 50.1153], [8.6158, 50.1152], [8.6161, 50.1152], [8.6165, 50.1151], [8.6169, 50.1151], [8.6172, 50.1151], [8.6175, 50.1151], [8.6178, 50.1152], [8.6181, 50.1152], [8.6184, 50.1152], [8.6188, 50.1153], [8.6191, 50.1153], [8.6194, 50.1154], [8.6197, 50.1154], [8.62, 50.1155], [8.6204, 50.1156], [8.6207, 50.1157], [8.6211, 50.1159], [8.6212, 50.1159], [8.6216, 50.1161], [8.622, 50.1163], [8.6235, 50.117], [8.6244, 50.1174], [8.6249, 50.1176], [8.6256, 50.1179], [8.6262, 50.1182], [8.6275, 50.1187], [8.6278, 50.1189], [8.6284, 50.1191], [8.6288, 50.1192], [8.6292, 50.1194], [8.6293, 50.1194], [8.6294, 50.1194]], [[8.6294, 50.1194], [8.6303, 50.1197], [8.631, 50.1199]], [[8.631, 50.1199], [8.6325, 50.1203], [8.6326, 50.1203]], [[8.6326, 50.1203], [8.6333, 50.1205], [8.6335, 50.1205], [8.6336, 50.1205]], [[8.6336, 50.1205], [8.634, 50.1206], [8.6343, 50.1206], [8.6347, 50.1207], [8.635, 50.1207], [8.6353, 50.1207], [8.6356, 50.1207], [8.6359, 50.1206], [8.6363, 50.1206], [8.6367, 50.1205], [8.6371, 50.1204], [8.6374, 50.1203], [8.6378, 50.1201]], [[8.6378, 50.1201], [8.6381, 50.12], [8.6383, 50.1199], [8.6385, 50.1199], [8.6385, 50.1198], [8.6389, 50.1196], [8.6392, 50.1195], [8.6393, 50.1194], [8.6395, 50.1192], [8.6399, 50.119], [8.6402, 50.1188]], [[8.6402, 50.1188], [8.6405, 50.1187], [8.6408, 50.1185], [8.6409, 50.1184], [8.6411, 50.1183], [8.6416, 50.118]], [[8.6416, 50.118], [8.6417, 50.1179], [8.6419, 50.1178], [8.6421, 50.1177], [8.6422, 50.1176], [8.6423, 50.1175], [8.6424, 50.1174], [8.6425, 50.1173], [8.6425, 50.1172], [8.6427, 50.117]], [[8.6427, 50.117], [8.6427, 50.1169], [8.6428, 50.1169], [8.6429, 50.1168]], [[8.6429, 50.1168], [8.6429, 50.1167], [8.643, 50.1165], [8.6431, 50.1164], [8.6431, 50.1162]], [[8.6431, 50.1162], [8.6432, 50.1162], [8.6432, 50.1161], [8.6433, 50.1158], [8.6433, 50.1155], [8.6433, 50.1152], [8.6434, 50.1149], [8.6434, 50.1143]], [[8.6434, 50.1143], [8.6434, 50.1138]], [[8.6434, 50.1138], [8.6434, 50.1131], [8.6434, 50.113], [8.6434, 50.1129], [8.6434, 50.1124], [8.6434, 50.1123], [8.6434, 50.1119], [8.6434, 50.1118]], [[8.6434, 50.1118], [8.6434, 50.1116]], [[8.6434, 50.1116], [8.6434, 50.1111], [8.6434, 50.111], [8.6434, 50.1108]], [[8.6434, 50.1108], [8.6434, 50.1104]], [[8.6434, 50.1104], [8.6434, 50.1103], [8.6434, 50.1098], [8.6434, 50.1097]], [[8.6434, 50.1097], [8.6434, 50.1089], [8.6434, 50.1083]], [[8.6434, 50.1083], [8.6434, 50.1082], [8.6435, 50.1077], [8.6435, 50.1074], [8.6435, 50.107]], [[8.6435, 50.107], [8.6435, 50.1066]], [[8.6435, 50.1066], [8.6435, 50.1064]], [[8.6435, 50.1064], [8.6435, 50.1063], [8.6435, 50.1062], [8.6435, 50.106], [8.6436, 50.1058], [8.6436, 50.1057], [8.6436, 50.1056], [8.6437, 50.1054], [8.6438, 50.1053], [8.6438, 50.1051], [8.6439, 50.1051]], [[8.6439, 50.1051], [8.644, 50.1049], [8.644, 50.1048], [8.6441, 50.1048]], [[8.6441, 50.1048], [8.6441, 50.1047], [8.6443, 50.1045], [8.6443, 50.1044], [8.6445, 50.1043], [8.6448, 50.1039], [8.6448, 50.1038], [8.6449, 50.1038]], [[8.6449, 50.1038], [8.645, 50.1037]], [[8.645, 50.1037], [8.6453, 50.1034], [8.6455, 50.1032]], [[8.6455, 50.1032], [8.6456, 50.1031], [8.6459, 50.1029], [8.646, 50.1028], [8.6461, 50.1027], [8.6463, 50.1026], [8.6466, 50.1025], [8.6468, 50.1023], [8.647, 50.1023], [8.6471, 50.1022]], [[8.6471, 50.1022], [8.6473, 50.1022], [8.6474, 50.1022], [8.6475, 50.1021]], [[8.6475, 50.1021], [8.6476, 50.1021], [8.6478, 50.1021], [8.6479, 50.1021], [8.6481, 50.102], [8.6483, 50.102], [8.6485, 50.102]], [[8.6485, 50.102], [8.6487, 50.102], [8.6489, 50.102], [8.6492, 50.102], [8.6493, 50.102], [8.6495, 50.102], [8.6496, 50.102]], [[8.6514, 50.1024], [8.6512, 50.1024], [8.6512, 50.1023], [8.6507, 50.1022], [8.6505, 50.1021], [8.6502, 50.1021], [8.65, 50.1021], [8.6499, 50.102], [8.6498, 50.102], [8.6496, 50.102]], [[8.6522, 50.1027], [8.6516, 50.1025], [8.6514, 50.1024]], [[8.6533, 50.1032], [8.6526, 50.1029], [8.6523, 50.1028], [8.6522, 50.1027]], [[8.6542, 50.1036], [8.6537, 50.1034], [8.6533, 50.1032]], [[8.6887, 50.1007], [8.6884, 50.1006], [8.6881, 50.1004], [8.6878, 50.1003], [8.687, 50.0999], [8.6867, 50.0997]], [[8.6863, 50.0995], [8.6866, 50.0997], [8.6867, 50.0997]], [[8.6859, 50.0994], [8.6863, 50.0995]], [[8.6073, 50.1242], [8.6073, 50.1243], [8.6072, 50.1246], [8.6068, 50.1258], [8.6067, 50.1261], [8.6071, 50.1246], [8.6072, 50.1243], [8.6073, 50.1242]], [[8.5773, 50.1341], [8.5779, 50.1338], [8.578, 50.1338], [8.5784, 50.1336], [8.5787, 50.1335], [8.5793, 50.1333], [8.5798, 50.1332], [8.5793, 50.1333], [8.5789, 50.1335], [8.5788, 50.1336], [8.5787, 50.1336], [8.5786, 50.1336], [8.5785, 50.1337], [8.5784, 50.1337], [8.5783, 50.1337], [8.5782, 50.1337], [8.5782, 50.1338], [8.578, 50.1338], [8.5779, 50.1339], [8.5773, 50.1341]], [[8.6864, 50.0995], [8.6859, 50.0993]], [[8.6869, 50.0998], [8.6866, 50.0996], [8.6864, 50.0995]], [[8.6875, 50.1], [8.6872, 50.0999], [8.6869, 50.0998]], [[8.6875, 50.1], [8.6877, 50.1001], [8.6879, 50.1002], [8.6882, 50.1003], [8.6884, 50.1005]], [[8.6884, 50.1005], [8.6885, 50.1005], [8.6885, 50.1006], [8.6888, 50.1007]], [[8.6523, 50.1035], [8.6518, 50.1033]], [[8.6518, 50.1033], [8.651, 50.103], [8.6506, 50.1028], [8.6505, 50.1028], [8.6503, 50.1027], [8.65, 50.1026], [8.6497, 50.1025], [8.6496, 50.1025]], [[8.6496, 50.1025], [8.6494, 50.1024], [8.6493, 50.1024], [8.6492, 50.1024], [8.6491, 50.1024], [8.649, 50.1024], [8.6489, 50.1023], [8.6487, 50.1023], [8.6486, 50.1023], [8.6485, 50.1023], [8.6484, 50.1023], [8.6483, 50.1023], [8.6482, 50.1023], [8.6481, 50.1023], [8.6479, 50.1023], [8.6478, 50.1023], [8.6477, 50.1023], [8.6476, 50.1024], [8.6475, 50.1024], [8.6474, 50.1024]], [[8.6474, 50.1024], [8.6473, 50.1024], [8.6471, 50.1025], [8.6469, 50.1025], [8.6468, 50.1026], [8.6464, 50.1027], [8.6462, 50.1028], [8.646, 50.1029], [8.6459, 50.103], [8.6458, 50.1031], [8.6456, 50.1033]], [[8.6456, 50.1033], [8.6452, 50.1037]], [[8.6452, 50.1037], [8.645, 50.1039], [8.6449, 50.104], [8.6446, 50.1043], [8.6445, 50.1044], [8.6444, 50.1046], [8.6442, 50.1048]], [[8.6442, 50.1048], [8.6441, 50.1049], [8.644, 50.1051]], [[8.644, 50.1051], [8.6439, 50.1054], [8.6438, 50.1056], [8.6437, 50.1058], [8.6437, 50.1059], [8.6437, 50.106], [8.6436, 50.1062], [8.6436, 50.1065]], [[8.6436, 50.1065], [8.6435, 50.1066]], [[8.6435, 50.107], [8.6435, 50.1082], [8.6435, 50.1083]], [[8.6435, 50.1083], [8.6435, 50.1089], [8.6435, 50.1097]], [[8.6435, 50.1097], [8.6435, 50.1101], [8.6435, 50.1103], [8.6435, 50.1104]], [[8.6435, 50.1104], [8.6435, 50.1105], [8.6436, 50.1108]], [[8.6436, 50.1108], [8.6436, 50.111], [8.6436, 50.1111], [8.6436, 50.1116]], [[8.6436, 50.1116], [8.6436, 50.1118]], [[8.6436, 50.1118], [8.6436, 50.1119], [8.6436, 50.1122], [8.6436, 50.1124], [8.6435, 50.1127], [8.6435, 50.113], [8.6435, 50.1131], [8.6435, 50.1135], [8.6434, 50.1137], [8.6434, 50.1138]], [[8.6434, 50.1143], [8.6434, 50.1149], [8.6434, 50.1152], [8.6434, 50.1155], [8.6434, 50.1156], [8.6433, 50.1158], [8.6433, 50.1161], [8.6432, 50.1162], [8.6431, 50.1165], [8.643, 50.1166], [8.643, 50.1167], [8.6429, 50.1168]], [[8.6429, 50.1168], [8.6429, 50.1169], [8.6428, 50.117]], [[8.6428, 50.117], [8.6426, 50.1172], [8.6425, 50.1173], [8.6424, 50.1174], [8.6424, 50.1175], [8.6423, 50.1176], [8.6422, 50.1176], [8.6421, 50.1177], [8.6419, 50.1179], [8.6417, 50.118]], [[8.6417, 50.118], [8.6412, 50.1183], [8.641, 50.1185], [8.6406, 50.1187], [8.6405, 50.1188], [8.6402, 50.119], [8.6399, 50.1192]], [[8.6399, 50.1192], [8.6397, 50.1193], [8.6394, 50.1195], [8.6393, 50.1196], [8.6392, 50.1196], [8.639, 50.1197], [8.6388, 50.1198], [8.6386, 50.1199]], [[8.6386, 50.1199], [8.6383, 50.1201], [8.6379, 50.1202]], [[8.6379, 50.1202], [8.6376, 50.1203], [8.6375, 50.1204], [8.6371, 50.1205], [8.6367, 50.1206], [8.6363, 50.1206], [8.6359, 50.1207], [8.6356, 50.1207], [8.6353, 50.1207], [8.635, 50.1207], [8.6347, 50.1207], [8.6343, 50.1207], [8.634, 50.1206], [8.6336, 50.1206]], [[8.6336, 50.1206], [8.6335, 50.1205], [8.6332, 50.1205], [8.6326, 50.1203]], [[8.6326, 50.1203], [8.63, 50.1196], [8.6293, 50.1194], [8.629, 50.1194], [8.629, 50.1193], [8.6286, 50.1192], [8.6281, 50.1191]], [[8.6281, 50.1191], [8.628, 50.119], [8.6278, 50.1189], [8.6277, 50.1189], [8.6276, 50.1188], [8.6274, 50.1188], [8.6262, 50.1182], [8.6256, 50.118], [8.6249, 50.1176], [8.6244, 50.1174], [8.6234, 50.117], [8.622, 50.1163], [8.6216, 50.1161], [8.6211, 50.1159], [8.6207, 50.1158], [8.6204, 50.1157], [8.62, 50.1156], [8.6197, 50.1155], [8.6194, 50.1154], [8.6191, 50.1153], [8.6188, 50.1153], [8.6184, 50.1152], [8.6181, 50.1152], [8.6178, 50.1152], [8.6175, 50.1152], [8.6172, 50.1152], [8.6169, 50.1152], [8.6165, 50.1152], [8.6162, 50.1152], [8.6158, 50.1152], [8.6154, 50.1153], [8.6151, 50.1153], [8.6148, 50.1154], [8.6144, 50.1155], [8.6141, 50.1155], [8.6138, 50.1156], [8.6135, 50.1157], [8.6132, 50.1158], [8.6129, 50.1159], [8.6126, 50.116], [8.6124, 50.1161], [8.6123, 50.1161], [8.612, 50.1162], [8.6117, 50.1164], [8.6114, 50.1165], [8.6114, 50.1166], [8.6112, 50.1167]], [[8.6112, 50.1167], [8.6111, 50.1167]], [[8.6111, 50.1167], [8.6107, 50.117], [8.6104, 50.1172], [8.6102, 50.1174], [8.61, 50.1176], [8.6099, 50.1178], [8.6098, 50.118], [8.6095, 50.1184], [8.6093, 50.1187], [8.6092, 50.1189], [8.609, 50.1192]], [[8.609, 50.1192], [8.6088, 50.1198]], [[8.6088, 50.1198], [8.6087, 50.1198], [8.6086, 50.1202], [8.6084, 50.1205], [8.6083, 50.1208]], [[8.6083, 50.1208], [8.6082, 50.1212], [8.6078, 50.1223]], [[8.6078, 50.1223], [8.6074, 50.1236], [8.6073, 50.124], [8.6072, 50.1242], [8.6071, 50.1248], [8.607, 50.1249], [8.607, 50.1251], [8.6068, 50.1255], [8.6067, 50.1261], [8.6066, 50.1262], [8.6065, 50.1265], [8.6063, 50.1272]], [[8.6063, 50.1272], [8.6063, 50.1273]], [[8.6063, 50.1273], [8.6062, 50.1276], [8.606, 50.128], [8.6059, 50.1283], [8.6058, 50.1284], [8.6057, 50.1286]], [[8.6057, 50.1286], [8.6056, 50.1288], [8.6054, 50.129], [8.6053, 50.1291], [8.6051, 50.1293], [8.605, 50.1294], [8.6048, 50.1296], [8.6046, 50.1297], [8.6044, 50.1298], [8.6041, 50.1299], [8.6039, 50.1301], [8.6037, 50.1301], [8.6034, 50.1302], [8.6031, 50.1303], [8.6028, 50.1304], [8.6025, 50.1305], [8.6023, 50.1305], [8.6022, 50.1306], [8.602, 50.1306], [8.6017, 50.1306]], [[8.6017, 50.1306], [8.6016, 50.1307], [8.6012, 50.1307], [8.6011, 50.1307], [8.6007, 50.1307], [8.6006, 50.1308], [8.5997, 50.1308], [8.5993, 50.1309], [8.5979, 50.131], [8.5968, 50.1311], [8.5959, 50.1312], [8.5905, 50.1317]], [[8.5905, 50.1317], [8.5897, 50.1318]], [[8.5897, 50.1318], [8.5864, 50.1321], [8.5846, 50.1323], [8.5836, 50.1324], [8.5827, 50.1325]], [[8.5827, 50.1325], [8.5822, 50.1326], [8.5817, 50.1327]], [[8.5817, 50.1327], [8.5815, 50.1327], [8.5811, 50.1328], [8.5805, 50.133]], [[8.5805, 50.133], [8.58, 50.1331]], [[8.58, 50.1331], [8.5798, 50.1331], [8.5793, 50.1333], [8.5788, 50.1335], [8.5784, 50.1336], [8.5779, 50.1338], [8.5778, 50.1338], [8.5773, 50.1341]], [[8.5773, 50.1341], [8.5769, 50.1343], [8.5766, 50.1344], [8.576, 50.1347], [8.572, 50.1371]], [[8.572, 50.1371], [8.5716, 50.1374]], [[8.5716, 50.1374], [8.571, 50.1377], [8.5691, 50.1388], [8.5668, 50.1402], [8.5661, 50.1406]], [[8.5661, 50.1406], [8.5657, 50.1408]], [[8.5657, 50.1408], [8.5656, 50.1409], [8.5648, 50.1414], [8.564, 50.1418], [8.5637, 50.142], [8.5633, 50.1423]], [[8.5633, 50.1423], [8.5624, 50.1428], [8.5623, 50.1429], [8.5619, 50.1431], [8.5616, 50.1433], [8.5608, 50.1438], [8.5604, 50.144], [8.5601, 50.1442], [8.5594, 50.1446], [8.5591, 50.1448], [8.5574, 50.1458], [8.5568, 50.1461], [8.5552, 50.1471], [8.5551, 50.1472], [8.5545, 50.1475], [8.5543, 50.1476], [8.5537, 50.1481], [8.5533, 50.1484], [8.5525, 50.1491], [8.552, 50.1496], [8.5517, 50.1499], [8.5513, 50.1503], [8.5506, 50.151], [8.5494, 50.1521], [8.5489, 50.1527], [8.5487, 50.1529], [8.5484, 50.1531], [8.5483, 50.1532], [8.5481, 50.1535]], [[8.5481, 50.1535], [8.5479, 50.1537]], [[8.5479, 50.1537], [8.5474, 50.1541], [8.5472, 50.1544]], [[8.5472, 50.1544], [8.5467, 50.1548], [8.5464, 50.1552]], [[8.5464, 50.1552], [8.5445, 50.157]]]}, "properties": {"ref": "S4", "opened_year": 1978, "is_tunnel": false, "segment_count": 139}}, {"type": "Feature", "geometry": {"type": "MultiLineString", "coordinates": [[[8.6542, 50.1036], [8.6543, 50.1037], [8.6552, 50.104], [8.6557, 50.1042], [8.6558, 50.1043], [8.657, 50.1048], [8.6571, 50.1048], [8.6575, 50.105]], [[8.6575, 50.105], [8.6582, 50.1053], [8.6583, 50.1053]], [[8.6583, 50.1053], [8.6592, 50.1057], [8.6594, 50.1058], [8.66, 50.106]], [[8.6656, 50.1092], [8.6654, 50.1089], [8.6651, 50.1085], [8.665, 50.1084], [8.6648, 50.1083], [8.6647, 50.1082], [8.6646, 50.1081], [8.6645, 50.108], [8.6643, 50.1079], [8.664, 50.1077], [8.6635, 50.1074], [8.6634, 50.1074], [8.6633, 50.1074], [8.6633, 50.1073], [8.663, 50.1072], [8.6623, 50.107], [8.6616, 50.1067], [8.6607, 50.1063], [8.6605, 50.1063], [8.66, 50.106]], [[8.6656, 50.1092], [8.6657, 50.1094], [8.6658, 50.1095], [8.6659, 50.1098], [8.6661, 50.1101], [8.6663, 50.1107], [8.6664, 50.111], [8.6665, 50.1111], [8.6665, 50.1112], [8.6666, 50.1113], [8.6666, 50.1114], [8.6668, 50.1116], [8.6669, 50.1119], [8.6673, 50.1123], [8.6674, 50.1124]], [[8.6674, 50.1124], [8.6676, 50.1126]], [[8.6676, 50.1126], [8.668, 50.1129], [8.6681, 50.113], [8.669, 50.1136], [8.6697, 50.1141]], [[8.6697, 50.1141], [8.6699, 50.1142]], [[8.6699, 50.1142], [8.67, 50.1142]], [[8.67, 50.1142], [8.6702, 50.1143], [8.6708, 50.1146], [8.6716, 50.1148], [8.672, 50.1148], [8.6725, 50.1148], [8.6727, 50.1148], [8.6732, 50.1148], [8.6733, 50.1148], [8.6735, 50.1148], [8.6736, 50.1148], [8.6738, 50.1147], [8.6741, 50.1147], [8.6745, 50.1146], [8.6747, 50.1146], [8.6751, 50.1145], [8.6759, 50.1143], [8.6763, 50.1142]], [[8.6763, 50.1142], [8.6766, 50.1141], [8.6774, 50.1141], [8.6778, 50.114], [8.6783, 50.114], [8.6785, 50.1139], [8.679, 50.1139], [8.6793, 50.1139]], [[8.6793, 50.1139], [8.6798, 50.1139], [8.68, 50.1138], [8.6805, 50.1139], [8.6807, 50.1139], [8.6809, 50.114], [8.6814, 50.1141], [8.6821, 50.1143], [8.6825, 50.1144], [8.6826, 50.1144], [8.6829, 50.1144], [8.6832, 50.1145]], [[8.6832, 50.1145], [8.6833, 50.1145], [8.6839, 50.1146], [8.6841, 50.1146], [8.6844, 50.1146], [8.6845, 50.1146]], [[8.6845, 50.1146], [8.6853, 50.1146]], [[8.6853, 50.1146], [8.687, 50.1146], [8.6873, 50.1146], [8.6876, 50.1146]], [[8.6876, 50.1146], [8.6878, 50.1146], [8.688, 50.1146], [8.6881, 50.1146], [8.6883, 50.1146], [8.6885, 50.1147], [8.6897, 50.1148], [8.6902, 50.1148]], [[8.6902, 50.1148], [8.6903, 50.1148], [8.6905, 50.1148], [8.6907, 50.1148], [8.6911, 50.1148], [8.6914, 50.1148], [8.6917, 50.1147], [8.692, 50.1147], [8.6921, 50.1147], [8.6924, 50.1146], [8.6927, 50.1146], [8.6932, 50.1145], [8.6935, 50.1144], [8.6937, 50.1143], [8.694, 50.1143], [8.6943, 50.1142], [8.6946, 50.1141], [8.6949, 50.1139], [8.6952, 50.1138], [8.6955, 50.1137], [8.6958, 50.1134]], [[8.6958, 50.1134], [8.696, 50.1133], [8.6961, 50.1133], [8.6963, 50.1131]], [[8.6963, 50.1131], [8.6966, 50.1128], [8.6968, 50.1126], [8.6969, 50.1125]], [[8.6969, 50.1125], [8.6975, 50.1119], [8.6976, 50.1118], [8.6977, 50.1117], [8.698, 50.1115], [8.698, 50.1114]], [[8.698, 50.1114], [8.6982, 50.1112]], [[8.6982, 50.1112], [8.6985, 50.1107], [8.6987, 50.1102], [8.6988, 50.1098], [8.6988, 50.1093], [8.6987, 50.1085], [8.6987, 50.1084], [8.6986, 50.1082], [8.6985, 50.1077], [8.6983, 50.1068]], [[8.6983, 50.1068], [8.6982, 50.1065], [8.6981, 50.106], [8.698, 50.1058], [8.698, 50.1057]], [[8.698, 50.1057], [8.6977, 50.1049], [8.6975, 50.1046], [8.6974, 50.1044], [8.6972, 50.1041], [8.697, 50.1039], [8.6966, 50.1036], [8.6963, 50.1034], [8.6958, 50.1031], [8.6957, 50.1031], [8.6955, 50.103], [8.6951, 50.1029]], [[8.6951, 50.1029], [8.6944, 50.1027], [8.6941, 50.1026], [8.6937, 50.1025], [8.6929, 50.1023], [8.6928, 50.1023], [8.6916, 50.1019]], [[8.6916, 50.1019], [8.6914, 50.1019], [8.6912, 50.1018]], [[8.6912, 50.1018], [8.6911, 50.1018], [8.6909, 50.1018], [8.6908, 50.1017], [8.6907, 50.1017]], [[8.6907, 50.1017], [8.6906, 50.1016], [8.6904, 50.1016], [8.6902, 50.1015], [8.69, 50.1014], [8.6898, 50.1013], [8.6893, 50.1011], [8.689, 50.1009]], [[8.689, 50.1009], [8.6887, 50.1007]], [[8.6888, 50.1007], [8.689, 50.1008], [8.6891, 50.1009], [8.6892, 50.1009], [8.6893, 50.101], [8.6895, 50.1011], [8.6903, 50.1014], [8.6905, 50.1015], [8.6906, 50.1015], [8.6907, 50.1016]], [[8.6907, 50.1016], [8.6909, 50.1016], [8.6912, 50.1017], [8.6913, 50.1018]], [[8.6913, 50.1018], [8.6915, 50.1018]], [[8.6915, 50.1018], [8.6916, 50.1019]], [[8.6916, 50.1019], [8.6917, 50.1019], [8.692, 50.102], [8.6929, 50.1022], [8.693, 50.1022], [8.6931, 50.1022], [8.6937, 50.1024], [8.6942, 50.1025], [8.6945, 50.1026], [8.6949, 50.1027]], [[8.6949, 50.1027], [8.6955, 50.1029], [8.6957, 50.103], [8.696, 50.1032], [8.6966, 50.1035], [8.6968, 50.1036], [8.6971, 50.1039], [8.6974, 50.1042], [8.6976, 50.1045], [8.6977, 50.1047], [8.6979, 50.1051], [8.6979, 50.1052], [8.698, 50.1054], [8.6981, 50.1057]], [[8.6981, 50.1057], [8.6982, 50.106], [8.6983, 50.1064], [8.6984, 50.1067], [8.6986, 50.1074], [8.6986, 50.1077], [8.6988, 50.1081], [8.6988, 50.1082], [8.6989, 50.1086], [8.699, 50.1095], [8.699, 50.11], [8.6988, 50.1104], [8.6986, 50.1109]], [[8.6986, 50.1109], [8.6984, 50.1112]], [[8.6984, 50.1112], [8.6982, 50.1115]], [[8.6982, 50.1115], [8.6981, 50.1115], [8.6978, 50.1118], [8.6976, 50.112], [8.6974, 50.1122]], [[8.6974, 50.1122], [8.697, 50.1126], [8.6969, 50.1127], [8.6968, 50.1128], [8.6966, 50.113], [8.6964, 50.1131]], [[8.6964, 50.1131], [8.6962, 50.1133], [8.6962, 50.1134]], [[8.6962, 50.1134], [8.696, 50.1135], [8.6958, 50.1136], [8.6956, 50.1138], [8.6955, 50.1138], [8.6952, 50.1139], [8.695, 50.1141], [8.6949, 50.1141], [8.6948, 50.1141], [8.6946, 50.1142], [8.6943, 50.1143], [8.694, 50.1144], [8.6939, 50.1144], [8.6937, 50.1145], [8.6934, 50.1145], [8.6932, 50.1146], [8.6926, 50.1147], [8.6924, 50.1147], [8.6923, 50.1147], [8.6921, 50.1148], [8.6915, 50.1148], [8.691, 50.1149], [8.6909, 50.1149]], [[8.6909, 50.1149], [8.6908, 50.1149], [8.6903, 50.1149], [8.6901, 50.1149], [8.6898, 50.1149], [8.6896, 50.1148], [8.6893, 50.1148], [8.6886, 50.1147], [8.6883, 50.1147], [8.6881, 50.1147], [8.6879, 50.1147]], [[8.6879, 50.1147], [8.6871, 50.1147], [8.6869, 50.1147], [8.6868, 50.1147], [8.6866, 50.1147], [8.6859, 50.1147], [8.6858, 50.1147], [8.6853, 50.1147], [8.6849, 50.1147], [8.6845, 50.1147]], [[8.6845, 50.1147], [8.6843, 50.1147], [8.684, 50.1146], [8.6838, 50.1146], [8.6837, 50.1146], [8.6833, 50.1146]], [[8.6833, 50.1146], [8.6831, 50.1145], [8.6829, 50.1145], [8.6826, 50.1144], [8.6825, 50.1144], [8.6821, 50.1143], [8.682, 50.1143], [8.6817, 50.1142], [8.6814, 50.1141], [8.6813, 50.1141], [8.6812, 50.1141], [8.681, 50.1141], [8.6809, 50.114], [8.6804, 50.114], [8.6801, 50.114], [8.6799, 50.114], [8.6793, 50.114]], [[8.6793, 50.114], [8.6789, 50.1141], [8.6786, 50.1141], [8.6783, 50.1141], [8.6782, 50.1141], [8.6779, 50.1141], [8.6776, 50.1142], [8.6773, 50.1142], [8.677, 50.1142], [8.6767, 50.1143], [8.6764, 50.1143], [8.6763, 50.1143]], [[8.6763, 50.1143], [8.6759, 50.1144], [8.6754, 50.1145], [8.675, 50.1146], [8.6741, 50.1147], [8.6736, 50.1148], [8.6735, 50.1148], [8.6733, 50.1149], [8.6727, 50.1149], [8.6724, 50.1149], [8.672, 50.1149], [8.6718, 50.1149], [8.6716, 50.1148], [8.6715, 50.1148], [8.671, 50.1147], [8.6708, 50.1147], [8.6703, 50.1145], [8.6701, 50.1144], [8.6698, 50.1143]], [[8.6698, 50.1143], [8.6695, 50.1141]], [[8.6695, 50.1141], [8.669, 50.1138], [8.6689, 50.1138]], [[8.6689, 50.1138], [8.6687, 50.1136], [8.6682, 50.1133], [8.6678, 50.113], [8.6675, 50.1126]], [[8.6675, 50.1126], [8.667, 50.1122], [8.6665, 50.1115], [8.6665, 50.1114], [8.6663, 50.1111], [8.6662, 50.1109], [8.6661, 50.1107], [8.666, 50.1104], [8.6659, 50.1102], [8.6658, 50.1099]], [[8.6658, 50.1099], [8.6657, 50.1098], [8.6655, 50.1094], [8.6655, 50.1093]], [[8.6655, 50.1093], [8.6653, 50.1092], [8.6652, 50.109], [8.6651, 50.1089], [8.6648, 50.1087], [8.6648, 50.1086], [8.6647, 50.1086], [8.6647, 50.1085], [8.6645, 50.1085], [8.6644, 50.1084], [8.6641, 50.1082], [8.6637, 50.108], [8.6632, 50.1077], [8.6631, 50.1077], [8.6627, 50.1075], [8.6626, 50.1075], [8.6622, 50.1073], [8.662, 50.1073], [8.6604, 50.1067], [8.6597, 50.1064]], [[8.6597, 50.1064], [8.6593, 50.1062], [8.659, 50.1061], [8.6579, 50.1057]], [[8.6579, 50.1057], [8.657, 50.1053], [8.6568, 50.1053], [8.6567, 50.1052], [8.6566, 50.1052], [8.6556, 50.1048]], [[8.6556, 50.1048], [8.6553, 50.1047], [8.6534, 50.1039], [8.6523, 50.1035]]]}, "properties": {"ref": "S4", "opened_year": 1978, "is_tunnel": true, "segment_count": 57}}, {"type": "Feature", "geometry": {"type": "MultiLineString", "coordinates": [[[8.6462, 50.2416], [8.6447, 50.2432], [8.6446, 50.2432], [8.6449, 50.2429], [8.6456, 50.2422], [8.6462, 50.2416]], [[8.5846, 50.1861], [8.5847, 50.1853], [8.5849, 50.1843], [8.5849, 50.1842], [8.5848, 50.1842], [8.5848, 50.1843], [8.5848, 50.1844], [8.5847, 50.1852], [8.5847, 50.1853], [8.5846, 50.1853], [8.5846, 50.1854], [8.5847, 50.1854], [8.5845, 50.1861], [8.5846, 50.1861]], [[8.587, 50.1722], [8.5869, 50.1726], [8.5869, 50.1727], [8.5869, 50.173], [8.5868, 50.1731], [8.5868, 50.1732], [8.5868, 50.1733], [8.5868, 50.1734], [8.5868, 50.1735], [8.5867, 50.1737], [8.5867, 50.1741], [8.5868, 50.1737], [8.5868, 50.1734], [8.5869, 50.1732], [8.587, 50.1726], [8.587, 50.1722]], [[8.6449, 50.2522], [8.6449, 50.252], [8.6451, 50.2513], [8.6451, 50.2512], [8.6451, 50.251], [8.6451, 50.2509]], [[8.6451, 50.2509], [8.6451, 50.2507], [8.6452, 50.2502]], [[8.6452, 50.2502], [8.6452, 50.2501]], [[8.6452, 50.2501], [8.6452, 50.2495], [8.6452, 50.2493], [8.6452, 50.2491], [8.6451, 50.2489], [8.6451, 50.2487], [8.645, 50.2485], [8.6448, 50.2481]], [[8.6448, 50.2481], [8.6446, 50.2477]], [[8.6446, 50.2477], [8.6445, 50.2475], [8.6443, 50.2472]], [[8.6443, 50.2472], [8.6442, 50.2471]], [[8.6442, 50.2471], [8.6441, 50.2468], [8.644, 50.2465], [8.6439, 50.2463], [8.6438, 50.2461], [8.6438, 50.2458], [8.6438, 50.2456], [8.6438, 50.2454], [8.6438, 50.2452], [8.6438, 50.2451], [8.6438, 50.245], [8.6438, 50.2448], [8.6439, 50.2446], [8.644, 50.2443], [8.6441, 50.244], [8.6443, 50.2438], [8.6443, 50.2437], [8.6444, 50.2436]], [[8.6444, 50.2436], [8.6445, 50.2435]], [[8.6445, 50.2435], [8.6447, 50.2432], [8.6451, 50.2428], [8.6463, 50.2416], [8.6464, 50.2414], [8.6466, 50.2412], [8.6467, 50.2409], [8.6469, 50.2406], [8.647, 50.2403], [8.6471, 50.2399], [8.6471, 50.2398], [8.6471, 50.2395]], [[8.6471, 50.2395], [8.6471, 50.2393]], [[8.6471, 50.2393], [8.6471, 50.2389], [8.647, 50.2386], [8.6468, 50.2381], [8.6465, 50.2374], [8.6462, 50.2369], [8.6461, 50.2363], [8.646, 50.2357], [8.6461, 50.2352], [8.6462, 50.2344], [8.6462, 50.234], [8.6462, 50.2335], [8.6461, 50.233], [8.6459, 50.2325], [8.645, 50.2292], [8.6448, 50.2287], [8.6445, 50.2282], [8.6442, 50.2278], [8.6438, 50.2274], [8.6397, 50.2231]], [[8.6397, 50.2231], [8.6396, 50.2229]], [[8.6396, 50.2229], [8.6391, 50.2225], [8.6388, 50.2222]], [[8.6388, 50.2222], [8.6387, 50.2221]], [[8.6387, 50.2221], [8.6383, 50.2216], [8.638, 50.2214]], [[8.638, 50.2214], [8.6377, 50.2212]], [[8.6377, 50.2212], [8.6375, 50.2211], [8.6372, 50.2209], [8.6355, 50.22]], [[8.6355, 50.22], [8.6352, 50.2198]], [[8.6352, 50.2198], [8.6344, 50.2194], [8.6339, 50.2192], [8.6335, 50.2191], [8.6331, 50.219], [8.6328, 50.2189], [8.6326, 50.2189], [8.6321, 50.2188], [8.6315, 50.2188], [8.631, 50.2188], [8.6305, 50.2188], [8.6299, 50.2189]], [[8.6299, 50.2189], [8.6294, 50.219]], [[8.6294, 50.219], [8.6287, 50.219]], [[8.6287, 50.219], [8.6277, 50.2192], [8.6266, 50.2193]], [[8.6266, 50.2193], [8.6264, 50.2193]], [[8.6264, 50.2193], [8.6255, 50.2195], [8.6253, 50.2195]], [[8.6253, 50.2195], [8.6251, 50.2195]], [[8.6251, 50.2195], [8.6242, 50.2196], [8.6229, 50.2198], [8.6227, 50.2199], [8.6219, 50.22], [8.6218, 50.22], [8.6212, 50.22]], [[8.6212, 50.22], [8.6209, 50.2201], [8.6207, 50.2201], [8.6205, 50.2201], [8.6198, 50.2202], [8.6197, 50.2202], [8.6191, 50.2203], [8.6186, 50.2203]], [[8.6186, 50.2203], [8.6172, 50.2204], [8.617, 50.2204], [8.6158, 50.2205], [8.6152, 50.2205], [8.6151, 50.2205], [8.6145, 50.2206], [8.6139, 50.2206], [8.6135, 50.2205], [8.6134, 50.2205], [8.6131, 50.2205], [8.6127, 50.2204], [8.6126, 50.2204], [8.6124, 50.2204], [8.6121, 50.2203], [8.6116, 50.2201], [8.6112, 50.2199], [8.6109, 50.2198], [8.6106, 50.2196], [8.6103, 50.2194], [8.61, 50.2191], [8.6097, 50.2187], [8.6094, 50.2182], [8.609, 50.2176]], [[8.609, 50.2176], [8.6082, 50.2162], [8.6077, 50.2154], [8.6072, 50.2146], [8.6061, 50.2128], [8.6056, 50.212], [8.6051, 50.2112], [8.6046, 50.2103], [8.6045, 50.2102], [8.6043, 50.2098], [8.604, 50.2095], [8.6032, 50.2086], [8.6027, 50.2081], [8.5999, 50.2052]], [[8.5999, 50.2052], [8.5995, 50.2047], [8.5992, 50.2045], [8.5989, 50.2042], [8.5984, 50.2037], [8.5981, 50.2035], [8.5978, 50.2034], [8.5973, 50.2031], [8.5964, 50.2026], [8.5962, 50.2025], [8.5955, 50.2021], [8.5952, 50.202]], [[8.5952, 50.202], [8.5946, 50.2017]], [[8.5946, 50.2017], [8.5941, 50.2015], [8.5927, 50.2009], [8.5917, 50.2005], [8.5914, 50.2003], [8.5906, 50.2], [8.5892, 50.1994], [8.5891, 50.1994], [8.5885, 50.1991], [8.5881, 50.1989], [8.5876, 50.1987]], [[8.5876, 50.1987], [8.5872, 50.1985], [8.587, 50.1984], [8.5869, 50.1984], [8.5868, 50.1983], [8.5867, 50.1982], [8.5862, 50.1979], [8.586, 50.1978], [8.5858, 50.1977], [8.5857, 50.1976], [8.5855, 50.1974], [8.5853, 50.1973], [8.5848, 50.1968], [8.5846, 50.1965], [8.5844, 50.1962]], [[8.5844, 50.1962], [8.5843, 50.1961], [8.584, 50.1956]], [[8.584, 50.1956], [8.5839, 50.1954], [8.5837, 50.195], [8.5836, 50.1948], [8.5836, 50.1946], [8.5835, 50.1942], [8.5834, 50.194], [8.5834, 50.1939], [8.5834, 50.1937], [8.5834, 50.1935], [8.5834, 50.1934]], [[8.5834, 50.1934], [8.5834, 50.193]], [[8.5834, 50.193], [8.5834, 50.1927], [8.5834, 50.1924]], [[8.5834, 50.1924], [8.5835, 50.1921], [8.5838, 50.1903], [8.5839, 50.19], [8.5842, 50.1885], [8.5846, 50.1864], [8.5846, 50.1862]], [[8.5846, 50.1862], [8.5846, 50.1861], [8.5847, 50.1855], [8.5848, 50.1852], [8.5848, 50.185], [8.5849, 50.1846], [8.5849, 50.1842], [8.585, 50.1841]], [[8.585, 50.1841], [8.585, 50.184]], [[8.585, 50.184], [8.585, 50.1839], [8.5852, 50.1827], [8.5852, 50.1826]], [[8.5852, 50.1826], [8.5853, 50.1824]], [[8.5853, 50.1824], [8.5854, 50.1816]], [[8.5854, 50.1816], [8.5854, 50.1815]], [[8.5854, 50.1815], [8.5854, 50.1814], [8.5855, 50.1813], [8.5856, 50.1807], [8.5857, 50.1799]], [[8.5857, 50.1799], [8.5861, 50.1779]], [[8.5861, 50.1779], [8.5861, 50.1776], [8.5864, 50.176], [8.5868, 50.1739], [8.5869, 50.1733], [8.587, 50.1727], [8.5871, 50.1722], [8.5871, 50.1721], [8.5874, 50.1705], [8.5875, 50.1698]], [[8.5875, 50.1698], [8.5875, 50.1697], [8.5877, 50.1687], [8.5879, 50.1677], [8.5881, 50.1667], [8.5884, 50.1649], [8.5887, 50.1631], [8.5891, 50.1613], [8.5892, 50.1603], [8.5894, 50.1594], [8.5895, 50.1589], [8.5895, 50.1588]], [[8.5895, 50.1588], [8.5896, 50.1585]], [[8.5896, 50.1585], [8.5897, 50.1575], [8.5901, 50.1557], [8.5904, 50.154], [8.5906, 50.1526], [8.5908, 50.1514], [8.5908, 50.1513], [8.5909, 50.1508], [8.5912, 50.1495], [8.5912, 50.1493], [8.5913, 50.1491], [8.5913, 50.1487], [8.5914, 50.1484], [8.5915, 50.148], [8.5915, 50.1478], [8.5916, 50.1475], [8.5917, 50.1473], [8.5918, 50.147], [8.5919, 50.1467], [8.592, 50.1465], [8.5921, 50.1463], [8.5923, 50.146], [8.5924, 50.1458], [8.5925, 50.1456], [8.5927, 50.1454], [8.5929, 50.1452], [8.5931, 50.1449], [8.5933, 50.1447], [8.5935, 50.1445], [8.5938, 50.1442], [8.5941, 50.1439], [8.5951, 50.1431]], [[8.5951, 50.1431], [8.5955, 50.1427]], [[8.5955, 50.1427], [8.597, 50.1413]], [[8.597, 50.1413], [8.5973, 50.1411]], [[8.5973, 50.1411], [8.5979, 50.1405], [8.6022, 50.1367], [8.6027, 50.1362], [8.603, 50.1359], [8.6032, 50.1356], [8.6034, 50.1354], [8.6035, 50.1352], [8.6036, 50.1351], [8.6038, 50.1348], [8.6039, 50.1345], [8.6041, 50.1341], [8.6043, 50.1335], [8.6046, 50.1327], [8.6058, 50.1285]], [[8.6058, 50.1285], [8.6059, 50.1284], [8.6059, 50.1283], [8.606, 50.128], [8.6061, 50.1278]], [[8.6061, 50.1278], [8.6062, 50.1273]], [[8.6062, 50.1273], [8.6063, 50.1272]], [[8.6063, 50.1272], [8.6065, 50.1265]], [[8.6065, 50.1265], [8.6066, 50.1261], [8.6068, 50.1255], [8.607, 50.1249], [8.607, 50.1248], [8.6072, 50.1242], [8.6072, 50.1241], [8.6072, 50.124], [8.6074, 50.1236], [8.6075, 50.1232]], [[8.6075, 50.1232], [8.6075, 50.1231], [8.6077, 50.1225], [8.6081, 50.1212], [8.6082, 50.1208], [8.6083, 50.1207], [8.6084, 50.1205], [8.6085, 50.1202], [8.6086, 50.1199]], [[8.6086, 50.1199], [8.6087, 50.1198], [8.6087, 50.1197]], [[8.6087, 50.1197], [8.609, 50.1192]], [[8.609, 50.1192], [8.609, 50.1191]], [[8.609, 50.1191], [8.6092, 50.1187], [8.6094, 50.1184], [8.6097, 50.118], [8.6098, 50.1178], [8.61, 50.1176], [8.6102, 50.1174], [8.6104, 50.1172], [8.6107, 50.117], [8.611, 50.1167]], [[8.611, 50.1167], [8.6112, 50.1166]], [[8.6112, 50.1166], [8.6113, 50.1165], [8.6114, 50.1165], [8.6117, 50.1163], [8.612, 50.1162], [8.6123, 50.1161], [8.6123, 50.116], [8.6126, 50.1159], [8.6129, 50.1158], [8.6132, 50.1157], [8.6135, 50.1157], [8.6137, 50.1156], [8.6138, 50.1156], [8.6141, 50.1155], [8.6144, 50.1154], [8.6147, 50.1154], [8.6151, 50.1153], [8.6154, 50.1153], [8.6158, 50.1152], [8.6161, 50.1152], [8.6165, 50.1151], [8.6169, 50.1151], [8.6172, 50.1151], [8.6175, 50.1151], [8.6178, 50.1152], [8.6181, 50.1152], [8.6184, 50.1152], [8.6188, 50.1153], [8.6191, 50.1153], [8.6194, 50.1154], [8.6197, 50.1154], [8.62, 50.1155], [8.6204, 50.1156], [8.6207, 50.1157], [8.6211, 50.1159], [8.6212, 50.1159], [8.6216, 50.1161], [8.622, 50.1163], [8.6235, 50.117], [8.6244, 50.1174], [8.6249, 50.1176], [8.6256, 50.1179], [8.6262, 50.1182], [8.6275, 50.1187], [8.6278, 50.1189], [8.6284, 50.1191], [8.6288, 50.1192], [8.6292, 50.1194], [8.6293, 50.1194], [8.6294, 50.1194]], [[8.6294, 50.1194], [8.6303, 50.1197], [8.631, 50.1199]], [[8.631, 50.1199], [8.6325, 50.1203], [8.6326, 50.1203]], [[8.6326, 50.1203], [8.6333, 50.1205], [8.6335, 50.1205], [8.6336, 50.1205]], [[8.6336, 50.1205], [8.634, 50.1206], [8.6343, 50.1206], [8.6347, 50.1207], [8.635, 50.1207], [8.6353, 50.1207], [8.6356, 50.1207], [8.6359, 50.1206], [8.6363, 50.1206], [8.6367, 50.1205], [8.6371, 50.1204], [8.6374, 50.1203], [8.6378, 50.1201]], [[8.6378, 50.1201], [8.6381, 50.12], [8.6383, 50.1199], [8.6385, 50.1199], [8.6385, 50.1198], [8.6389, 50.1196], [8.6392, 50.1195], [8.6393, 50.1194], [8.6395, 50.1192], [8.6399, 50.119], [8.6402, 50.1188]], [[8.6402, 50.1188], [8.6405, 50.1187], [8.6408, 50.1185], [8.6409, 50.1184], [8.6411, 50.1183], [8.6416, 50.118]], [[8.6416, 50.118], [8.6417, 50.1179], [8.6419, 50.1178], [8.6421, 50.1177], [8.6422, 50.1176], [8.6423, 50.1175], [8.6424, 50.1174], [8.6425, 50.1173], [8.6425, 50.1172], [8.6427, 50.117]], [[8.6427, 50.117], [8.6427, 50.1169], [8.6428, 50.1169], [8.6429, 50.1168]], [[8.6429, 50.1168], [8.6429, 50.1167], [8.643, 50.1165], [8.6431, 50.1164], [8.6431, 50.1162]], [[8.6431, 50.1162], [8.6432, 50.1162], [8.6432, 50.1161], [8.6433, 50.1158], [8.6433, 50.1155], [8.6433, 50.1152], [8.6434, 50.1149], [8.6434, 50.1143]], [[8.6434, 50.1143], [8.6434, 50.1138]], [[8.6434, 50.1138], [8.6434, 50.1131], [8.6434, 50.113], [8.6434, 50.1129], [8.6434, 50.1124], [8.6434, 50.1123], [8.6434, 50.1119], [8.6434, 50.1118]], [[8.6434, 50.1118], [8.6434, 50.1116]], [[8.6434, 50.1116], [8.6434, 50.1111], [8.6434, 50.111], [8.6434, 50.1108]], [[8.6434, 50.1108], [8.6434, 50.1104]], [[8.6434, 50.1104], [8.6434, 50.1103], [8.6434, 50.1098], [8.6434, 50.1097]], [[8.6434, 50.1097], [8.6434, 50.1089], [8.6434, 50.1083]], [[8.6434, 50.1083], [8.6434, 50.1082], [8.6435, 50.1077], [8.6435, 50.1074], [8.6435, 50.107]], [[8.6435, 50.107], [8.6435, 50.1066]], [[8.6435, 50.1066], [8.6435, 50.1064]], [[8.6435, 50.1064], [8.6435, 50.1063], [8.6435, 50.1062], [8.6435, 50.106], [8.6436, 50.1058], [8.6436, 50.1057], [8.6436, 50.1056], [8.6437, 50.1054], [8.6438, 50.1053], [8.6438, 50.1051], [8.6439, 50.1051]], [[8.6439, 50.1051], [8.644, 50.1049], [8.644, 50.1048], [8.6441, 50.1048]], [[8.6441, 50.1048], [8.6441, 50.1047], [8.6443, 50.1045], [8.6443, 50.1044], [8.6445, 50.1043], [8.6448, 50.1039], [8.6448, 50.1038], [8.6449, 50.1038]], [[8.6449, 50.1038], [8.645, 50.1037]], [[8.645, 50.1037], [8.6453, 50.1034], [8.6455, 50.1032]], [[8.6455, 50.1032], [8.6456, 50.1031], [8.6459, 50.1029], [8.646, 50.1028], [8.6461, 50.1027], [8.6463, 50.1026], [8.6466, 50.1025], [8.6468, 50.1023], [8.647, 50.1023], [8.6471, 50.1022]], [[8.6471, 50.1022], [8.6473, 50.1022], [8.6474, 50.1022], [8.6475, 50.1021]], [[8.6475, 50.1021], [8.6476, 50.1021], [8.6478, 50.1021], [8.6479, 50.1021], [8.6481, 50.102], [8.6483, 50.102], [8.6485, 50.102]], [[8.6485, 50.102], [8.6487, 50.102], [8.6489, 50.102], [8.6492, 50.102], [8.6493, 50.102], [8.6495, 50.102], [8.6496, 50.102]], [[8.6514, 50.1024], [8.6512, 50.1024], [8.6512, 50.1023], [8.6507, 50.1022], [8.6505, 50.1021], [8.6502, 50.1021], [8.65, 50.1021], [8.6499, 50.102], [8.6498, 50.102], [8.6496, 50.102]], [[8.6522, 50.1027], [8.6516, 50.1025], [8.6514, 50.1024]], [[8.6533, 50.1032], [8.6526, 50.1029], [8.6523, 50.1028], [8.6522, 50.1027]], [[8.6542, 50.1036], [8.6537, 50.1034], [8.6533, 50.1032]], [[8.6887, 50.1007], [8.6884, 50.1006], [8.6881, 50.1004], [8.6878, 50.1003], [8.687, 50.0999], [8.6867, 50.0997]], [[8.6863, 50.0995], [8.6866, 50.0997], [8.6867, 50.0997]], [[8.6859, 50.0994], [8.6863, 50.0995]], [[8.6073, 50.1242], [8.6073, 50.1243], [8.6072, 50.1246], [8.6068, 50.1258], [8.6067, 50.1261], [8.6071, 50.1246], [8.6072, 50.1243], [8.6073, 50.1242]], [[8.5872, 50.1722], [8.5871, 50.1726], [8.587, 50.173], [8.587, 50.1731], [8.587, 50.1732], [8.587, 50.1733], [8.587, 50.1734], [8.5869, 50.1736], [8.5869, 50.1739], [8.5868, 50.1741], [8.5869, 50.1741], [8.5869, 50.1739], [8.5869, 50.1737], [8.587, 50.1736], [8.587, 50.1734], [8.587, 50.1732], [8.5871, 50.173], [8.5871, 50.1729], [8.5871, 50.1727], [8.5872, 50.1722]], [[8.5847, 50.1861], [8.5848, 50.1853], [8.585, 50.1843], [8.5851, 50.1843], [8.5851, 50.1844], [8.585, 50.1844], [8.5849, 50.1852], [8.5849, 50.1853], [8.5849, 50.1854], [8.5848, 50.1854], [8.5847, 50.1861]], [[8.6448, 50.2433], [8.6447, 50.2433], [8.6459, 50.242], [8.6463, 50.2416], [8.6464, 50.2416], [8.6459, 50.242], [8.6456, 50.2424], [8.6452, 50.2429], [8.6448, 50.2433]], [[8.6867, 50.0997], [8.687, 50.0999], [8.6875, 50.1]], [[8.6875, 50.1], [8.6877, 50.1001], [8.6879, 50.1002], [8.6882, 50.1003], [8.6884, 50.1005]], [[8.6884, 50.1005], [8.6885, 50.1005], [8.6885, 50.1006], [8.6888, 50.1007]], [[8.6523, 50.1035], [8.6518, 50.1033]], [[8.6518, 50.1033], [8.651, 50.103], [8.6506, 50.1028], [8.6505, 50.1028], [8.6503, 50.1027], [8.65, 50.1026], [8.6497, 50.1025], [8.6496, 50.1025]], [[8.6496, 50.1025], [8.6494, 50.1024], [8.6493, 50.1024], [8.6492, 50.1024], [8.6491, 50.1024], [8.649, 50.1024], [8.6489, 50.1023], [8.6487, 50.1023], [8.6486, 50.1023], [8.6485, 50.1023], [8.6484, 50.1023], [8.6483, 50.1023], [8.6482, 50.1023], [8.6481, 50.1023], [8.6479, 50.1023], [8.6478, 50.1023], [8.6477, 50.1023], [8.6476, 50.1024], [8.6475, 50.1024], [8.6474, 50.1024]], [[8.6474, 50.1024], [8.6473, 50.1024], [8.6471, 50.1025], [8.6469, 50.1025], [8.6468, 50.1026], [8.6464, 50.1027], [8.6462, 50.1028], [8.646, 50.1029], [8.6459, 50.103], [8.6458, 50.1031], [8.6456, 50.1033]], [[8.6456, 50.1033], [8.6452, 50.1037]], [[8.6452, 50.1037], [8.645, 50.1039], [8.6449, 50.104], [8.6446, 50.1043], [8.6445, 50.1044], [8.6444, 50.1046], [8.6442, 50.1048]], [[8.6442, 50.1048], [8.6441, 50.1049], [8.644, 50.1051]], [[8.644, 50.1051], [8.6439, 50.1054], [8.6438, 50.1056], [8.6437, 50.1058], [8.6437, 50.1059], [8.6437, 50.106], [8.6436, 50.1062], [8.6436, 50.1065]], [[8.6436, 50.1065], [8.6435, 50.1066]], [[8.6435, 50.107], [8.6435, 50.1082], [8.6435, 50.1083]], [[8.6435, 50.1083], [8.6435, 50.1089], [8.6435, 50.1097]], [[8.6435, 50.1097], [8.6435, 50.1101], [8.6435, 50.1103], [8.6435, 50.1104]], [[8.6435, 50.1104], [8.6435, 50.1105], [8.6436, 50.1108]], [[8.6436, 50.1108], [8.6436, 50.111], [8.6436, 50.1111], [8.6436, 50.1116]], [[8.6436, 50.1116], [8.6436, 50.1118]], [[8.6436, 50.1118], [8.6436, 50.1119], [8.6436, 50.1122], [8.6436, 50.1124], [8.6435, 50.1127], [8.6435, 50.113], [8.6435, 50.1131], [8.6435, 50.1135], [8.6434, 50.1137], [8.6434, 50.1138]], [[8.6434, 50.1143], [8.6434, 50.1149], [8.6434, 50.1152], [8.6434, 50.1155], [8.6434, 50.1156], [8.6433, 50.1158], [8.6433, 50.1161], [8.6432, 50.1162], [8.6431, 50.1165], [8.643, 50.1166], [8.643, 50.1167], [8.6429, 50.1168]], [[8.6429, 50.1168], [8.6429, 50.1169], [8.6428, 50.117]], [[8.6428, 50.117], [8.6426, 50.1172], [8.6425, 50.1173], [8.6424, 50.1174], [8.6424, 50.1175], [8.6423, 50.1176], [8.6422, 50.1176], [8.6421, 50.1177], [8.6419, 50.1179], [8.6417, 50.118]], [[8.6417, 50.118], [8.6412, 50.1183], [8.641, 50.1185], [8.6406, 50.1187], [8.6405, 50.1188], [8.6402, 50.119], [8.6399, 50.1192]], [[8.6399, 50.1192], [8.6397, 50.1193], [8.6394, 50.1195], [8.6393, 50.1196], [8.6392, 50.1196], [8.639, 50.1197], [8.6388, 50.1198], [8.6386, 50.1199]], [[8.6386, 50.1199], [8.6383, 50.1201], [8.6379, 50.1202]], [[8.6379, 50.1202], [8.6376, 50.1203], [8.6375, 50.1204], [8.6371, 50.1205], [8.6367, 50.1206], [8.6363, 50.1206], [8.6359, 50.1207], [8.6356, 50.1207], [8.6353, 50.1207], [8.635, 50.1207], [8.6347, 50.1207], [8.6343, 50.1207], [8.634, 50.1206], [8.6336, 50.1206]], [[8.6336, 50.1206], [8.6335, 50.1205], [8.6332, 50.1205], [8.6326, 50.1203]], [[8.6326, 50.1203], [8.63, 50.1196], [8.6293, 50.1194], [8.629, 50.1194], [8.629, 50.1193], [8.6286, 50.1192], [8.6281, 50.1191]], [[8.6281, 50.1191], [8.628, 50.119], [8.6278, 50.1189], [8.6277, 50.1189], [8.6276, 50.1188], [8.6274, 50.1188], [8.6262, 50.1182], [8.6256, 50.118], [8.6249, 50.1176], [8.6244, 50.1174], [8.6234, 50.117], [8.622, 50.1163], [8.6216, 50.1161], [8.6211, 50.1159], [8.6207, 50.1158], [8.6204, 50.1157], [8.62, 50.1156], [8.6197, 50.1155], [8.6194, 50.1154], [8.6191, 50.1153], [8.6188, 50.1153], [8.6184, 50.1152], [8.6181, 50.1152], [8.6178, 50.1152], [8.6175, 50.1152], [8.6172, 50.1152], [8.6169, 50.1152], [8.6165, 50.1152], [8.6162, 50.1152], [8.6158, 50.1152], [8.6154, 50.1153], [8.6151, 50.1153], [8.6148, 50.1154], [8.6144, 50.1155], [8.6141, 50.1155], [8.6138, 50.1156], [8.6135, 50.1157], [8.6132, 50.1158], [8.6129, 50.1159], [8.6126, 50.116], [8.6124, 50.1161], [8.6123, 50.1161], [8.612, 50.1162], [8.6117, 50.1164], [8.6114, 50.1165], [8.6114, 50.1166], [8.6112, 50.1167]], [[8.6112, 50.1167], [8.6111, 50.1167]], [[8.6111, 50.1167], [8.6107, 50.117], [8.6104, 50.1172], [8.6102, 50.1174], [8.61, 50.1176], [8.6099, 50.1178], [8.6098, 50.118], [8.6095, 50.1184], [8.6093, 50.1187], [8.6092, 50.1189], [8.609, 50.1192]], [[8.609, 50.1192], [8.6088, 50.1198]], [[8.6088, 50.1198], [8.6087, 50.1198], [8.6086, 50.1202], [8.6084, 50.1205], [8.6083, 50.1208]], [[8.6083, 50.1208], [8.6082, 50.1212], [8.6078, 50.1223]], [[8.6078, 50.1223], [8.6074, 50.1236], [8.6073, 50.124], [8.6072, 50.1242], [8.6071, 50.1248], [8.607, 50.1249], [8.607, 50.1251], [8.6068, 50.1255], [8.6067, 50.1261], [8.6066, 50.1262], [8.6065, 50.1265], [8.6063, 50.1272]], [[8.6063, 50.1272], [8.6063, 50.1273]], [[8.6063, 50.1273], [8.606, 50.1282], [8.606, 50.1283], [8.6059, 50.1286], [8.6057, 50.1292]], [[8.6057, 50.1292], [8.6054, 50.13], [8.6046, 50.1327], [8.6044, 50.1335], [8.6042, 50.1341], [8.604, 50.1345], [8.6038, 50.1348], [8.6037, 50.1351], [8.6036, 50.1353], [8.6034, 50.1355], [8.6033, 50.1356], [8.603, 50.136], [8.6027, 50.1363], [8.6022, 50.1367], [8.5993, 50.1393], [8.5979, 50.1405], [8.5973, 50.1411]], [[8.5951, 50.1431], [8.5942, 50.1439], [8.5938, 50.1442], [8.5936, 50.1445], [8.5934, 50.1447], [8.5931, 50.1449], [8.593, 50.1452], [8.5928, 50.1454], [8.5926, 50.1456], [8.5925, 50.1458], [8.5923, 50.146], [8.5922, 50.1463], [8.5921, 50.1465], [8.592, 50.1467], [8.5919, 50.1469], [8.5918, 50.147], [8.5917, 50.1473], [8.5917, 50.1475], [8.5916, 50.1478], [8.5915, 50.1481], [8.5914, 50.1484], [8.5914, 50.1487], [8.5913, 50.149], [8.5913, 50.1491], [8.5913, 50.1494], [8.5911, 50.1503], [8.591, 50.1506], [8.591, 50.1508], [8.5907, 50.1526], [8.5904, 50.154], [8.5901, 50.1557], [8.5898, 50.1575], [8.5896, 50.1585]], [[8.5896, 50.1585], [8.5896, 50.1588]], [[8.5896, 50.1588], [8.5895, 50.1589], [8.5894, 50.1594], [8.5893, 50.1603], [8.5891, 50.1613], [8.5888, 50.1631], [8.5885, 50.1649], [8.5881, 50.1667], [8.588, 50.1677], [8.5878, 50.1687], [8.5876, 50.1695], [8.5875, 50.1701], [8.5875, 50.1705]], [[8.5875, 50.1705], [8.5874, 50.1705], [8.5872, 50.1721], [8.5869, 50.1733], [8.5868, 50.1739], [8.5865, 50.176], [8.5862, 50.1776], [8.5861, 50.1779]], [[8.5861, 50.1779], [8.5858, 50.1799]], [[8.5858, 50.1799], [8.5856, 50.1807], [8.5855, 50.1814], [8.5855, 50.1815]], [[8.5855, 50.1815], [8.5855, 50.1816]], [[8.5855, 50.1816], [8.5853, 50.1824]], [[8.5853, 50.1824], [8.5853, 50.1826]], [[8.5853, 50.1826], [8.5853, 50.1827], [8.585, 50.1839], [8.585, 50.184]], [[8.585, 50.1841], [8.5849, 50.1846], [8.5848, 50.1852], [8.5847, 50.1855], [8.5846, 50.1861], [8.5846, 50.1862]], [[8.5846, 50.1862], [8.5846, 50.1864], [8.5845, 50.1866], [8.5842, 50.1885], [8.5839, 50.19], [8.5839, 50.1903], [8.5835, 50.1921], [8.5835, 50.1925], [8.5835, 50.1927], [8.5834, 50.193]], [[8.5834, 50.193], [8.5834, 50.1933], [8.5834, 50.1934], [8.5834, 50.1935], [8.5835, 50.1937], [8.5835, 50.1939], [8.5835, 50.194], [8.5835, 50.1942], [8.5836, 50.1945], [8.5837, 50.1948], [8.5838, 50.195], [8.5839, 50.1954], [8.5841, 50.1956]], [[8.5841, 50.1956], [8.5843, 50.196], [8.5844, 50.1962]], [[8.5844, 50.1962], [8.5846, 50.1965], [8.5848, 50.1967], [8.5854, 50.1973], [8.5856, 50.1974], [8.5856, 50.1975], [8.5857, 50.1975], [8.586, 50.1978], [8.5864, 50.198], [8.5866, 50.1981], [8.5867, 50.1982], [8.5869, 50.1982], [8.5871, 50.1983], [8.5873, 50.1985], [8.5884, 50.1989]], [[8.5884, 50.1989], [8.5892, 50.1993], [8.5893, 50.1993], [8.5897, 50.1994], [8.5907, 50.1999], [8.5915, 50.2002], [8.5918, 50.2004], [8.5928, 50.2008], [8.5942, 50.2015], [8.5945, 50.2016]], [[8.5945, 50.2016], [8.5952, 50.2019]], [[8.5952, 50.2019], [8.5955, 50.2021], [8.5963, 50.2024], [8.5966, 50.2026], [8.5974, 50.203], [8.5975, 50.2031], [8.5979, 50.2033], [8.5982, 50.2035], [8.5984, 50.2037], [8.599, 50.2042], [8.5992, 50.2045], [8.5995, 50.2047], [8.5999, 50.2052]], [[8.5999, 50.2052], [8.6027, 50.208], [8.6032, 50.2086], [8.6035, 50.2088], [8.6043, 50.2098], [8.6046, 50.2102], [8.6047, 50.2103], [8.6052, 50.2112], [8.6057, 50.212], [8.6062, 50.2128], [8.6072, 50.2145], [8.6078, 50.2154], [8.6083, 50.2162], [8.6087, 50.2169]], [[8.6087, 50.2169], [8.6091, 50.2176], [8.6095, 50.2182], [8.6098, 50.2187], [8.6101, 50.2191], [8.6103, 50.2193], [8.6106, 50.2196], [8.6109, 50.2197], [8.6112, 50.2199], [8.6116, 50.2201], [8.6121, 50.2202], [8.6125, 50.2203], [8.6126, 50.2204], [8.613, 50.2204], [8.6133, 50.2205], [8.6138, 50.2205], [8.6139, 50.2205], [8.6143, 50.2205], [8.6145, 50.2205], [8.6152, 50.2205], [8.6154, 50.2205], [8.6157, 50.2204], [8.6158, 50.2204], [8.6166, 50.2204], [8.6172, 50.2204]], [[8.6172, 50.2204], [8.6186, 50.2203], [8.6191, 50.2202], [8.6194, 50.2202]], [[8.6194, 50.2202], [8.6198, 50.2202], [8.6205, 50.2201], [8.6207, 50.22], [8.6212, 50.22]], [[8.6212, 50.22], [8.6215, 50.2199], [8.6217, 50.2199], [8.6219, 50.2199], [8.6227, 50.2198], [8.6229, 50.2198], [8.6243, 50.2196]], [[8.6243, 50.2196], [8.6244, 50.2196], [8.6247, 50.2195], [8.6262, 50.2193]], [[8.6262, 50.2193], [8.6264, 50.2193]], [[8.6264, 50.2193], [8.6265, 50.2193]], [[8.6265, 50.2193], [8.6266, 50.2193], [8.6272, 50.2192]], [[8.6272, 50.2192], [8.6295, 50.2189]], [[8.6295, 50.2189], [8.6299, 50.2189]], [[8.6299, 50.2189], [8.6305, 50.2188], [8.631, 50.2188], [8.6315, 50.2188], [8.6321, 50.2188], [8.6326, 50.2189], [8.6328, 50.2189], [8.6331, 50.219], [8.6336, 50.2191], [8.634, 50.2192], [8.6344, 50.2194], [8.6353, 50.2198]], [[8.6353, 50.2198], [8.6356, 50.22]], [[8.6356, 50.22], [8.6373, 50.2209], [8.6375, 50.2211], [8.6378, 50.2212]], [[8.6378, 50.2212], [8.638, 50.2214]], [[8.638, 50.2214], [8.6383, 50.2216], [8.6388, 50.2221]], [[8.6388, 50.2221], [8.6389, 50.2222]], [[8.6389, 50.2222], [8.6392, 50.2225], [8.6396, 50.2229]], [[8.6396, 50.2229], [8.6397, 50.223]], [[8.6397, 50.223], [8.6439, 50.2274], [8.6442, 50.2278], [8.6445, 50.2282], [8.6448, 50.2287], [8.645, 50.2292], [8.646, 50.2325], [8.6462, 50.233], [8.6463, 50.2335], [8.6463, 50.234], [8.6462, 50.2344], [8.6461, 50.2352], [8.6461, 50.2357], [8.6461, 50.2363], [8.6463, 50.2369], [8.6465, 50.2374], [8.6469, 50.2381], [8.647, 50.2385], [8.6471, 50.2389], [8.6472, 50.2393]], [[8.6472, 50.2393], [8.6472, 50.2395]], [[8.6472, 50.2395], [8.6472, 50.2398], [8.6471, 50.2399], [8.6471, 50.2403], [8.6469, 50.2406], [8.6468, 50.2409], [8.6466, 50.2412], [8.6465, 50.2414], [8.6463, 50.2416], [8.6451, 50.2428], [8.6447, 50.2432], [8.6447, 50.2433], [8.6445, 50.2435]], [[8.6444, 50.2436], [8.6444, 50.2437], [8.6443, 50.2438], [8.6442, 50.244], [8.644, 50.2443], [8.6439, 50.2446], [8.6439, 50.2448], [8.6438, 50.245], [8.6438, 50.2451], [8.6438, 50.2452], [8.6438, 50.2454], [8.6438, 50.2456], [8.6438, 50.2458], [8.6439, 50.2461], [8.644, 50.2463], [8.644, 50.2465], [8.6442, 50.2468], [8.6443, 50.2471]], [[8.6443, 50.2471], [8.6444, 50.2472]], [[8.6444, 50.2472], [8.6444, 50.2473], [8.6447, 50.2477]], [[8.6447, 50.2477], [8.6449, 50.2481]], [[8.6449, 50.2481], [8.6451, 50.2486], [8.6452, 50.2488], [8.6452, 50.2491], [8.6453, 50.2493]], [[8.6453, 50.2493], [8.6453, 50.2496], [8.6452, 50.2504], [8.6452, 50.2509]], [[8.6452, 50.2509], [8.6452, 50.2513], [8.6451, 50.2515], [8.6451, 50.2516], [8.6451, 50.2517], [8.645, 50.2523]]]}, "properties": {"ref": "S5", "opened_year": 1978, "is_tunnel": false, "segment_count": 195}}, {"type": "Feature", "geometry": {"type": "MultiLineString", "coordinates": [[[8.6542, 50.1036], [8.6543, 50.1037], [8.6552, 50.104], [8.6557, 50.1042], [8.6558, 50.1043], [8.657, 50.1048], [8.6571, 50.1048], [8.6575, 50.105]], [[8.6575, 50.105], [8.6582, 50.1053], [8.6583, 50.1053]], [[8.6583, 50.1053], [8.6592, 50.1057], [8.6594, 50.1058], [8.66, 50.106]], [[8.6656, 50.1092], [8.6654, 50.1089], [8.6651, 50.1085], [8.665, 50.1084], [8.6648, 50.1083], [8.6647, 50.1082], [8.6646, 50.1081], [8.6645, 50.108], [8.6643, 50.1079], [8.664, 50.1077], [8.6635, 50.1074], [8.6634, 50.1074], [8.6633, 50.1074], [8.6633, 50.1073], [8.663, 50.1072], [8.6623, 50.107], [8.6616, 50.1067], [8.6607, 50.1063], [8.6605, 50.1063], [8.66, 50.106]], [[8.6656, 50.1092], [8.6657, 50.1094], [8.6658, 50.1095], [8.6659, 50.1098], [8.6661, 50.1101], [8.6663, 50.1107], [8.6664, 50.111], [8.6665, 50.1111], [8.6665, 50.1112], [8.6666, 50.1113], [8.6666, 50.1114], [8.6668, 50.1116], [8.6669, 50.1119], [8.6673, 50.1123], [8.6674, 50.1124]], [[8.6674, 50.1124], [8.6676, 50.1126]], [[8.6676, 50.1126], [8.668, 50.1129], [8.6681, 50.113], [8.669, 50.1136], [8.6697, 50.1141]], [[8.6697, 50.1141], [8.6699, 50.1142]], [[8.6699, 50.1142], [8.67, 50.1142]], [[8.67, 50.1142], [8.6702, 50.1143], [8.6708, 50.1146], [8.6716, 50.1148], [8.672, 50.1148], [8.6725, 50.1148], [8.6727, 50.1148], [8.6732, 50.1148], [8.6733, 50.1148], [8.6735, 50.1148], [8.6736, 50.1148], [8.6738, 50.1147], [8.6741, 50.1147], [8.6745, 50.1146], [8.6747, 50.1146], [8.6751, 50.1145], [8.6759, 50.1143], [8.6763, 50.1142]], [[8.6763, 50.1142], [8.6766, 50.1141], [8.6774, 50.1141], [8.6778, 50.114], [8.6783, 50.114], [8.6785, 50.1139], [8.679, 50.1139], [8.6793, 50.1139]], [[8.6793, 50.1139], [8.6798, 50.1139], [8.68, 50.1138], [8.6805, 50.1139], [8.6807, 50.1139], [8.6809, 50.114], [8.6814, 50.1141], [8.6821, 50.1143], [8.6825, 50.1144], [8.6826, 50.1144], [8.6829, 50.1144], [8.6832, 50.1145]], [[8.6832, 50.1145], [8.6833, 50.1145], [8.6839, 50.1146], [8.6841, 50.1146], [8.6844, 50.1146], [8.6845, 50.1146]], [[8.6845, 50.1146], [8.6853, 50.1146]], [[8.6853, 50.1146], [8.687, 50.1146], [8.6873, 50.1146], [8.6876, 50.1146]], [[8.6876, 50.1146], [8.6878, 50.1146], [8.688, 50.1146], [8.6881, 50.1146], [8.6883, 50.1146], [8.6885, 50.1147], [8.6897, 50.1148], [8.6902, 50.1148]], [[8.6902, 50.1148], [8.6903, 50.1148], [8.6905, 50.1148], [8.6907, 50.1148], [8.6911, 50.1148], [8.6914, 50.1148], [8.6917, 50.1147], [8.692, 50.1147], [8.6921, 50.1147], [8.6924, 50.1146], [8.6927, 50.1146], [8.6932, 50.1145], [8.6935, 50.1144], [8.6937, 50.1143], [8.694, 50.1143], [8.6943, 50.1142], [8.6946, 50.1141], [8.6949, 50.1139], [8.6952, 50.1138], [8.6955, 50.1137], [8.6958, 50.1134]], [[8.6958, 50.1134], [8.696, 50.1133], [8.6961, 50.1133], [8.6963, 50.1131]], [[8.6963, 50.1131], [8.6966, 50.1128], [8.6968, 50.1126], [8.6969, 50.1125]], [[8.6969, 50.1125], [8.6975, 50.1119], [8.6976, 50.1118], [8.6977, 50.1117], [8.698, 50.1115], [8.698, 50.1114]], [[8.698, 50.1114], [8.6982, 50.1112]], [[8.6982, 50.1112], [8.6985, 50.1107], [8.6987, 50.1102], [8.6988, 50.1098], [8.6988, 50.1093], [8.6987, 50.1085], [8.6987, 50.1084], [8.6986, 50.1082], [8.6985, 50.1077], [8.6983, 50.1068]], [[8.6983, 50.1068], [8.6982, 50.1065], [8.6981, 50.106], [8.698, 50.1058], [8.698, 50.1057]], [[8.698, 50.1057], [8.6977, 50.1049], [8.6975, 50.1046], [8.6974, 50.1044], [8.6972, 50.1041], [8.697, 50.1039], [8.6966, 50.1036], [8.6963, 50.1034], [8.6958, 50.1031], [8.6957, 50.1031], [8.6955, 50.103], [8.6951, 50.1029]], [[8.6951, 50.1029], [8.6944, 50.1027], [8.6941, 50.1026], [8.6937, 50.1025], [8.6929, 50.1023], [8.6928, 50.1023], [8.6916, 50.1019]], [[8.6916, 50.1019], [8.6914, 50.1019], [8.6912, 50.1018]], [[8.6912, 50.1018], [8.6911, 50.1018], [8.6909, 50.1018], [8.6908, 50.1017], [8.6907, 50.1017]], [[8.6907, 50.1017], [8.6906, 50.1016], [8.6904, 50.1016], [8.6902, 50.1015], [8.69, 50.1014], [8.6898, 50.1013], [8.6893, 50.1011], [8.689, 50.1009]], [[8.689, 50.1009], [8.6887, 50.1007]], [[8.6888, 50.1007], [8.689, 50.1008], [8.6891, 50.1009], [8.6892, 50.1009], [8.6893, 50.101], [8.6895, 50.1011], [8.6903, 50.1014], [8.6905, 50.1015], [8.6906, 50.1015], [8.6907, 50.1016]], [[8.6907, 50.1016], [8.6909, 50.1016], [8.6912, 50.1017], [8.6913, 50.1018]], [[8.6913, 50.1018], [8.6915, 50.1018]], [[8.6915, 50.1018], [8.6916, 50.1019]], [[8.6916, 50.1019], [8.6917, 50.1019], [8.692, 50.102], [8.6929, 50.1022], [8.693, 50.1022], [8.6931, 50.1022], [8.6937, 50.1024], [8.6942, 50.1025], [8.6945, 50.1026], [8.6949, 50.1027]], [[8.6949, 50.1027], [8.6955, 50.1029], [8.6957, 50.103], [8.696, 50.1032], [8.6966, 50.1035], [8.6968, 50.1036], [8.6971, 50.1039], [8.6974, 50.1042], [8.6976, 50.1045], [8.6977, 50.1047], [8.6979, 50.1051], [8.6979, 50.1052], [8.698, 50.1054], [8.6981, 50.1057]], [[8.6981, 50.1057], [8.6982, 50.106], [8.6983, 50.1064], [8.6984, 50.1067], [8.6986, 50.1074], [8.6986, 50.1077], [8.6988, 50.1081], [8.6988, 50.1082], [8.6989, 50.1086], [8.699, 50.1095], [8.699, 50.11], [8.6988, 50.1104], [8.6986, 50.1109]], [[8.6986, 50.1109], [8.6984, 50.1112]], [[8.6984, 50.1112], [8.6982, 50.1115]], [[8.6982, 50.1115], [8.6981, 50.1115], [8.6978, 50.1118], [8.6976, 50.112], [8.6974, 50.1122]], [[8.6974, 50.1122], [8.697, 50.1126], [8.6969, 50.1127], [8.6968, 50.1128], [8.6966, 50.113], [8.6964, 50.1131]], [[8.6964, 50.1131], [8.6962, 50.1133], [8.6962, 50.1134]], [[8.6962, 50.1134], [8.696, 50.1135], [8.6958, 50.1136], [8.6956, 50.1138], [8.6955, 50.1138], [8.6952, 50.1139], [8.695, 50.1141], [8.6949, 50.1141], [8.6948, 50.1141], [8.6946, 50.1142], [8.6943, 50.1143], [8.694, 50.1144], [8.6939, 50.1144], [8.6937, 50.1145], [8.6934, 50.1145], [8.6932, 50.1146], [8.6926, 50.1147], [8.6924, 50.1147], [8.6923, 50.1147], [8.6921, 50.1148], [8.6915, 50.1148], [8.691, 50.1149], [8.6909, 50.1149]], [[8.6909, 50.1149], [8.6908, 50.1149], [8.6903, 50.1149], [8.6901, 50.1149], [8.6898, 50.1149], [8.6896, 50.1148], [8.6893, 50.1148], [8.6886, 50.1147], [8.6883, 50.1147], [8.6881, 50.1147], [8.6879, 50.1147]], [[8.6879, 50.1147], [8.6871, 50.1147], [8.6869, 50.1147], [8.6868, 50.1147], [8.6866, 50.1147], [8.6859, 50.1147], [8.6858, 50.1147], [8.6853, 50.1147], [8.6849, 50.1147], [8.6845, 50.1147]], [[8.6845, 50.1147], [8.6843, 50.1147], [8.684, 50.1146], [8.6838, 50.1146], [8.6837, 50.1146], [8.6833, 50.1146]], [[8.6833, 50.1146], [8.6831, 50.1145], [8.6829, 50.1145], [8.6826, 50.1144], [8.6825, 50.1144], [8.6821, 50.1143], [8.682, 50.1143], [8.6817, 50.1142], [8.6814, 50.1141], [8.6813, 50.1141], [8.6812, 50.1141], [8.681, 50.1141], [8.6809, 50.114], [8.6804, 50.114], [8.6801, 50.114], [8.6799, 50.114], [8.6793, 50.114]], [[8.6793, 50.114], [8.6789, 50.1141], [8.6786, 50.1141], [8.6783, 50.1141], [8.6782, 50.1141], [8.6779, 50.1141], [8.6776, 50.1142], [8.6773, 50.1142], [8.677, 50.1142], [8.6767, 50.1143], [8.6764, 50.1143], [8.6763, 50.1143]], [[8.6763, 50.1143], [8.6759, 50.1144], [8.6754, 50.1145], [8.675, 50.1146], [8.6741, 50.1147], [8.6736, 50.1148], [8.6735, 50.1148], [8.6733, 50.1149], [8.6727, 50.1149], [8.6724, 50.1149], [8.672, 50.1149], [8.6718, 50.1149], [8.6716, 50.1148], [8.6715, 50.1148], [8.671, 50.1147], [8.6708, 50.1147], [8.6703, 50.1145], [8.6701, 50.1144], [8.6698, 50.1143]], [[8.6698, 50.1143], [8.6695, 50.1141]], [[8.6695, 50.1141], [8.669, 50.1138], [8.6689, 50.1138]], [[8.6689, 50.1138], [8.6687, 50.1136], [8.6682, 50.1133], [8.6678, 50.113], [8.6675, 50.1126]], [[8.6675, 50.1126], [8.667, 50.1122], [8.6665, 50.1115], [8.6665, 50.1114], [8.6663, 50.1111], [8.6662, 50.1109], [8.6661, 50.1107], [8.666, 50.1104], [8.6659, 50.1102], [8.6658, 50.1099]], [[8.6658, 50.1099], [8.6657, 50.1098], [8.6655, 50.1094], [8.6655, 50.1093]], [[8.6655, 50.1093], [8.6653, 50.1092], [8.6652, 50.109], [8.6651, 50.1089], [8.6648, 50.1087], [8.6648, 50.1086], [8.6647, 50.1086], [8.6647, 50.1085], [8.6645, 50.1085], [8.6644, 50.1084], [8.6641, 50.1082], [8.6637, 50.108], [8.6632, 50.1077], [8.6631, 50.1077], [8.6627, 50.1075], [8.6626, 50.1075], [8.6622, 50.1073], [8.662, 50.1073], [8.6604, 50.1067], [8.6597, 50.1064]], [[8.6597, 50.1064], [8.6593, 50.1062], [8.659, 50.1061], [8.6579, 50.1057]], [[8.6579, 50.1057], [8.657, 50.1053], [8.6568, 50.1053], [8.6567, 50.1052], [8.6566, 50.1052], [8.6556, 50.1048]], [[8.6556, 50.1048], [8.6553, 50.1047], [8.6534, 50.1039], [8.6523, 50.1035]]]}, "properties": {"ref": "S5", "opened_year": 1978, "is_tunnel": true, "segment_count": 57}}, {"type": "Feature", "geometry": {"type": "MultiLineString", "coordinates": [[[8.6982, 50.1767], [8.6982, 50.1766], [8.6979, 50.1764], [8.6977, 50.1763], [8.6975, 50.1762], [8.6973, 50.176], [8.6971, 50.1759], [8.697, 50.1758], [8.6968, 50.1756], [8.6967, 50.1755], [8.6965, 50.1753], [8.6964, 50.1752], [8.6967, 50.1755], [8.6968, 50.1756], [8.697, 50.1757], [8.6971, 50.1758], [8.6971, 50.1759], [8.6972, 50.1759], [8.6973, 50.176], [8.6974, 50.1761], [8.6975, 50.1762], [8.6977, 50.1763], [8.698, 50.1765], [8.6982, 50.1766], [8.6982, 50.1767]], [[8.7342, 50.179], [8.734, 50.1788], [8.7338, 50.1787], [8.7336, 50.1787], [8.7334, 50.1786], [8.7332, 50.1785], [8.7329, 50.1784], [8.7329, 50.1783], [8.7327, 50.1783], [8.7325, 50.1782], [8.7322, 50.1781], [8.7319, 50.1779], [8.7319, 50.178], [8.7322, 50.1781], [8.7327, 50.1783], [8.7331, 50.1785], [8.7333, 50.1786], [8.7335, 50.1787], [8.7337, 50.1788], [8.734, 50.1789], [8.7342, 50.179]], [[8.7524, 50.2089], [8.7513, 50.2076], [8.7511, 50.2073], [8.751, 50.2072], [8.751, 50.2073], [8.7513, 50.2076], [8.7524, 50.2089]], [[8.7536, 50.2327], [8.7535, 50.2326], [8.7536, 50.232], [8.7538, 50.2307], [8.7537, 50.2319], [8.7537, 50.232], [8.7536, 50.2327]], [[8.7534, 50.2527], [8.7535, 50.2527], [8.7534, 50.2526], [8.7535, 50.2526], [8.7534, 50.2525], [8.7534, 50.2524], [8.7533, 50.2524], [8.7533, 50.2522], [8.7532, 50.2519], [8.7531, 50.2519], [8.7528, 50.2511], [8.7527, 50.2509], [8.7531, 50.2519], [8.7534, 50.2526], [8.7534, 50.2527]], [[8.769, 50.2813], [8.7681, 50.2807], [8.7679, 50.2805], [8.7678, 50.2804], [8.7677, 50.2804], [8.7676, 50.2803], [8.7674, 50.2801], [8.7673, 50.28], [8.7671, 50.2799], [8.7676, 50.2803], [8.7678, 50.2804], [8.769, 50.2814], [8.769, 50.2813]], [[8.7884, 50.3007], [8.7885, 50.3011], [8.7885, 50.3014], [8.7885, 50.3016], [8.7886, 50.3019], [8.7886, 50.3021], [8.7886, 50.3023], [8.7885, 50.3026], [8.7886, 50.3026], [8.7886, 50.3024], [8.7886, 50.3023], [8.7886, 50.3022], [8.7887, 50.3022], [8.7887, 50.3021], [8.7886, 50.3021], [8.7886, 50.3019], [8.7886, 50.3016], [8.7886, 50.3014], [8.7886, 50.3012], [8.7885, 50.3007], [8.7884, 50.3007]], [[8.657, 49.9949], [8.6569, 49.9947], [8.6568, 49.9944], [8.6568, 49.9943], [8.6568, 49.994], [8.6568, 49.9939], [8.6567, 49.9935]], [[8.6572, 49.9961], [8.657, 49.9949]], [[8.6572, 49.9961], [8.6579, 50.0006]], [[8.6579, 50.0006], [8.658, 50.0013]], [[8.658, 50.0013], [8.658, 50.0016]], [[8.658, 50.0016], [8.658, 50.0017], [8.6581, 50.0017], [8.6581, 50.0018]], [[8.6581, 50.0018], [8.6584, 50.0038], [8.6584, 50.0043], [8.6585, 50.0049], [8.6586, 50.0053], [8.6587, 50.0058], [8.6587, 50.0061], [8.6587, 50.0063], [8.6588, 50.0065], [8.6593, 50.0102], [8.6598, 50.0139], [8.66, 50.0149], [8.6608, 50.0203], [8.6609, 50.0213], [8.661, 50.0219], [8.661, 50.0221], [8.6611, 50.0223], [8.6611, 50.0224], [8.6611, 50.0228], [8.6612, 50.0231], [8.6612, 50.0235], [8.6613, 50.0239], [8.6613, 50.0242], [8.6616, 50.0259], [8.6618, 50.0271]], [[8.6618, 50.0271], [8.6618, 50.0274]], [[8.6618, 50.0274], [8.6621, 50.0292], [8.6622, 50.03], [8.6623, 50.0308], [8.6624, 50.0318], [8.6628, 50.0342], [8.6631, 50.0366], [8.6632, 50.0372], [8.6635, 50.0394], [8.6639, 50.0415], [8.6642, 50.0437], [8.6644, 50.0453]], [[8.6644, 50.0453], [8.6645, 50.0457], [8.6645, 50.046], [8.6646, 50.0464], [8.6646, 50.0472], [8.6647, 50.0474], [8.6647, 50.048], [8.6649, 50.049], [8.6649, 50.0493]], [[8.6649, 50.0493], [8.665, 50.05], [8.6651, 50.0506], [8.6652, 50.051], [8.6653, 50.0515], [8.6654, 50.052], [8.6654, 50.0522], [8.6654, 50.0524], [8.6655, 50.0526], [8.6655, 50.0528], [8.6655, 50.053], [8.6656, 50.0534], [8.6656, 50.0535], [8.6656, 50.0538], [8.6657, 50.0541], [8.6657, 50.0544], [8.6658, 50.0547], [8.6658, 50.0549], [8.6659, 50.0556], [8.666, 50.0562], [8.6662, 50.0573], [8.6663, 50.058], [8.6664, 50.0589], [8.6667, 50.0607], [8.6668, 50.0617], [8.6668, 50.0622], [8.6669, 50.0627], [8.667, 50.0636], [8.667, 50.064], [8.6671, 50.0645], [8.6671, 50.0648], [8.6672, 50.0648], [8.6672, 50.065], [8.6673, 50.0654]], [[8.6673, 50.0654], [8.6674, 50.0655], [8.6674, 50.0657], [8.6676, 50.0661], [8.6678, 50.0665]], [[8.6678, 50.0665], [8.6679, 50.0669], [8.668, 50.0671], [8.668, 50.0673], [8.6681, 50.0678], [8.6681, 50.068], [8.6682, 50.0682], [8.6682, 50.0686], [8.6683, 50.0691], [8.6683, 50.0693], [8.6683, 50.0696], [8.6683, 50.0702], [8.6684, 50.0706], [8.6685, 50.0716], [8.6686, 50.0722], [8.6687, 50.0725], [8.6688, 50.0736], [8.6689, 50.074], [8.6689, 50.0743], [8.669, 50.0744], [8.669, 50.075], [8.6692, 50.0758], [8.6696, 50.0785], [8.6696, 50.0789], [8.6699, 50.0802], [8.6699, 50.0803], [8.6699, 50.0806]], [[8.6699, 50.0806], [8.67, 50.081], [8.6701, 50.0817], [8.6701, 50.0819], [8.6702, 50.0822], [8.6702, 50.0823], [8.6702, 50.0825]], [[8.6702, 50.0825], [8.6703, 50.0827], [8.6703, 50.083], [8.6704, 50.0831], [8.6704, 50.0832], [8.6704, 50.0835], [8.6704, 50.0836], [8.6705, 50.0837], [8.6705, 50.0838], [8.6705, 50.084], [8.6705, 50.0842], [8.6705, 50.0844], [8.6705, 50.0845]], [[8.6705, 50.0845], [8.6705, 50.0849], [8.6705, 50.0851], [8.6704, 50.0854], [8.6704, 50.0857], [8.6703, 50.0861], [8.6702, 50.0864], [8.6701, 50.0868], [8.67, 50.0868], [8.67, 50.087], [8.6699, 50.0871], [8.6698, 50.0873], [8.6696, 50.0876], [8.6694, 50.088], [8.6693, 50.0882], [8.6691, 50.0884]], [[8.6691, 50.0884], [8.669, 50.0887]], [[8.669, 50.0887], [8.6689, 50.0887], [8.6684, 50.0893], [8.6681, 50.0896], [8.6677, 50.0901], [8.6676, 50.0904], [8.6675, 50.0906], [8.6674, 50.0908], [8.6674, 50.0911], [8.6674, 50.0913], [8.6674, 50.0915], [8.6674, 50.0918], [8.6677, 50.0923], [8.6678, 50.0925], [8.668, 50.0926], [8.6682, 50.0928], [8.6685, 50.093], [8.6687, 50.0932]], [[8.6687, 50.0932], [8.6689, 50.0933], [8.6693, 50.0935], [8.6695, 50.0936], [8.6696, 50.0936], [8.6699, 50.0937], [8.6707, 50.0941], [8.671, 50.0942]], [[8.671, 50.0942], [8.6713, 50.0943], [8.6716, 50.0944]], [[8.6716, 50.0944], [8.672, 50.0946], [8.6727, 50.0948], [8.6733, 50.0949]], [[8.6733, 50.0949], [8.6738, 50.0951], [8.6743, 50.0952], [8.6746, 50.0953], [8.6748, 50.0954], [8.675, 50.0955]], [[8.6769, 50.0961], [8.6772, 50.0962], [8.6773, 50.0963], [8.6789, 50.0967], [8.6791, 50.0967], [8.6797, 50.0969]], [[8.6797, 50.0969], [8.6803, 50.097], [8.6805, 50.0971], [8.6808, 50.0972], [8.6812, 50.0973], [8.6815, 50.0974], [8.6817, 50.0974], [8.6819, 50.0975], [8.6823, 50.0977], [8.6829, 50.0979], [8.6833, 50.098], [8.6834, 50.0981]], [[8.6834, 50.0981], [8.6837, 50.0982]], [[8.6837, 50.0982], [8.6839, 50.0983]], [[8.6839, 50.0983], [8.684, 50.0984], [8.6844, 50.0985], [8.685, 50.0988], [8.6857, 50.0991], [8.686, 50.0992], [8.686, 50.0993], [8.6862, 50.0993]], [[8.6862, 50.0993], [8.6865, 50.0995]], [[8.6865, 50.0995], [8.6867, 50.0996]], [[8.6867, 50.0996], [8.6868, 50.0996], [8.687, 50.0997]], [[8.687, 50.0997], [8.6873, 50.0998], [8.6877, 50.1001], [8.6884, 50.1005]], [[8.6884, 50.1005], [8.6885, 50.1005], [8.6885, 50.1006], [8.6888, 50.1007]], [[8.6523, 50.1035], [8.6518, 50.1033]], [[8.6518, 50.1033], [8.651, 50.103], [8.6506, 50.1028], [8.6505, 50.1028], [8.6503, 50.1027], [8.65, 50.1026], [8.6497, 50.1025], [8.6496, 50.1025]], [[8.6496, 50.1025], [8.6494, 50.1024], [8.6493, 50.1024], [8.6492, 50.1024], [8.6491, 50.1024], [8.649, 50.1024], [8.6489, 50.1023], [8.6487, 50.1023], [8.6486, 50.1023], [8.6485, 50.1023], [8.6484, 50.1023], [8.6483, 50.1023], [8.6482, 50.1023], [8.6481, 50.1023], [8.6479, 50.1023], [8.6478, 50.1023], [8.6477, 50.1023], [8.6476, 50.1024], [8.6475, 50.1024], [8.6474, 50.1024]], [[8.6474, 50.1024], [8.6473, 50.1024], [8.6471, 50.1025], [8.6469, 50.1025], [8.6468, 50.1026], [8.6464, 50.1027], [8.6462, 50.1028], [8.646, 50.1029], [8.6459, 50.103], [8.6458, 50.1031], [8.6456, 50.1033]], [[8.6456, 50.1033], [8.6452, 50.1037]], [[8.6452, 50.1037], [8.645, 50.1039], [8.6449, 50.104], [8.6446, 50.1043], [8.6445, 50.1044], [8.6444, 50.1046], [8.6442, 50.1048]], [[8.6442, 50.1048], [8.6441, 50.1049], [8.644, 50.1051]], [[8.644, 50.1051], [8.6439, 50.1054], [8.6438, 50.1056], [8.6437, 50.1058], [8.6437, 50.1059], [8.6437, 50.106], [8.6436, 50.1062], [8.6436, 50.1065]], [[8.6436, 50.1065], [8.6435, 50.1066]], [[8.6435, 50.1066], [8.6435, 50.107]], [[8.6435, 50.107], [8.6435, 50.1082], [8.6435, 50.1083]], [[8.6435, 50.1083], [8.6435, 50.1089], [8.6435, 50.1097]], [[8.6435, 50.1097], [8.6435, 50.1101], [8.6435, 50.1103], [8.6435, 50.1104]], [[8.6435, 50.1104], [8.6435, 50.1105], [8.6436, 50.1108]], [[8.6436, 50.1108], [8.6436, 50.111], [8.6436, 50.1111], [8.6436, 50.1116]], [[8.6436, 50.1116], [8.6436, 50.1118]], [[8.6436, 50.1118], [8.6436, 50.1119], [8.6436, 50.1122], [8.6436, 50.1124], [8.6435, 50.1127], [8.6435, 50.113], [8.6435, 50.1131], [8.6435, 50.1135], [8.6434, 50.1137], [8.6434, 50.1138]], [[8.6434, 50.1138], [8.6434, 50.1143]], [[8.6434, 50.1143], [8.6434, 50.1149], [8.6434, 50.1152], [8.6434, 50.1155], [8.6434, 50.1156], [8.6433, 50.1158], [8.6433, 50.1161], [8.6432, 50.1162], [8.6431, 50.1165], [8.643, 50.1166], [8.643, 50.1167], [8.6429, 50.1168]], [[8.6429, 50.1168], [8.6429, 50.1169], [8.6428, 50.117]], [[8.6428, 50.117], [8.6426, 50.1172], [8.6425, 50.1173], [8.6424, 50.1174], [8.6424, 50.1175], [8.6423, 50.1176], [8.6422, 50.1176], [8.6421, 50.1177], [8.6419, 50.1179], [8.6417, 50.118]], [[8.6417, 50.118], [8.6412, 50.1183], [8.641, 50.1185], [8.6406, 50.1187], [8.6405, 50.1188], [8.6402, 50.119], [8.6399, 50.1192]], [[8.6399, 50.1192], [8.6397, 50.1193], [8.6394, 50.1195], [8.6393, 50.1196], [8.6392, 50.1196], [8.639, 50.1197], [8.6388, 50.1198], [8.6386, 50.1199]], [[8.6386, 50.1199], [8.6379, 50.1202]], [[8.6379, 50.1202], [8.6377, 50.1204], [8.6374, 50.1205], [8.6368, 50.1209]], [[8.6368, 50.1209], [8.6366, 50.121], [8.6364, 50.1211], [8.6359, 50.1214]], [[8.6359, 50.1214], [8.6357, 50.1215], [8.6354, 50.1217], [8.6352, 50.1218]], [[8.6352, 50.1218], [8.635, 50.122], [8.6348, 50.1222], [8.6346, 50.1224], [8.6344, 50.1225], [8.6342, 50.1227], [8.6341, 50.1229], [8.6339, 50.1232], [8.6338, 50.1234], [8.6337, 50.1235]], [[8.6337, 50.1235], [8.6336, 50.1238], [8.6335, 50.1241], [8.6335, 50.1243], [8.6335, 50.1247], [8.6335, 50.1248], [8.6335, 50.125], [8.6335, 50.1252], [8.6335, 50.1254], [8.6336, 50.1256], [8.6337, 50.1258], [8.6337, 50.1259], [8.6337, 50.126], [8.6338, 50.1262]], [[8.6338, 50.1262], [8.6341, 50.1266], [8.6356, 50.1292]], [[8.6356, 50.1292], [8.6358, 50.1295], [8.6359, 50.1296], [8.6375, 50.1326], [8.6381, 50.1338]], [[8.6381, 50.1338], [8.6382, 50.1341]], [[8.6382, 50.1341], [8.6383, 50.1341], [8.6384, 50.1344], [8.6416, 50.1403], [8.6425, 50.1418], [8.6435, 50.1436], [8.6437, 50.144], [8.6439, 50.1445], [8.6442, 50.145], [8.6444, 50.1452], [8.6447, 50.1456], [8.6449, 50.146], [8.6459, 50.147], [8.65, 50.1518], [8.65, 50.1519], [8.6521, 50.1544], [8.653, 50.1556], [8.6536, 50.1562], [8.6538, 50.1564], [8.654, 50.1566], [8.6542, 50.1568], [8.6543, 50.157], [8.6546, 50.1573]], [[8.6546, 50.1573], [8.6548, 50.1576]], [[8.6548, 50.1576], [8.655, 50.1578], [8.6551, 50.158], [8.6553, 50.1582], [8.6556, 50.1586], [8.6557, 50.1588], [8.6559, 50.1591], [8.6561, 50.1593], [8.6564, 50.1597], [8.6568, 50.1601], [8.6575, 50.1609], [8.6586, 50.1621], [8.6589, 50.1625], [8.6592, 50.1629], [8.6598, 50.1636], [8.6604, 50.1642], [8.6612, 50.1653], [8.6616, 50.1657], [8.6616, 50.1658], [8.662, 50.1662], [8.6623, 50.1665], [8.6626, 50.1669], [8.663, 50.1672]], [[8.663, 50.1672], [8.6634, 50.1675]], [[8.6634, 50.1675], [8.6637, 50.1678], [8.6644, 50.1682], [8.6649, 50.1685], [8.6654, 50.1687], [8.6659, 50.1689], [8.6665, 50.1692], [8.667, 50.1694], [8.6676, 50.1695], [8.668, 50.1697], [8.6687, 50.1698], [8.6691, 50.1699], [8.6699, 50.17], [8.6704, 50.1701], [8.6713, 50.1702], [8.672, 50.1702], [8.6725, 50.1702], [8.6731, 50.1702], [8.6737, 50.1702], [8.6742, 50.1702], [8.6748, 50.1702], [8.676, 50.1701], [8.6769, 50.1701], [8.6787, 50.1701], [8.6792, 50.1701], [8.68, 50.17], [8.6821, 50.17], [8.6831, 50.17], [8.6841, 50.17], [8.6855, 50.1701], [8.6862, 50.1701], [8.6871, 50.1702], [8.6875, 50.1703], [8.6881, 50.1704], [8.6886, 50.1705], [8.6893, 50.1706], [8.6899, 50.1708], [8.6903, 50.171], [8.6908, 50.1711], [8.6913, 50.1713], [8.6917, 50.1715], [8.6922, 50.1717], [8.6927, 50.172], [8.6931, 50.1723], [8.6933, 50.1724]], [[8.6933, 50.1724], [8.6934, 50.1725]], [[8.6934, 50.1725], [8.6937, 50.1726], [8.6941, 50.1729], [8.6943, 50.1731], [8.6946, 50.1733], [8.6948, 50.1735], [8.6952, 50.1739], [8.6955, 50.1743], [8.6959, 50.1747], [8.6961, 50.175], [8.6964, 50.1753], [8.6966, 50.1755], [8.6968, 50.1756], [8.6969, 50.1758], [8.6971, 50.1759], [8.6973, 50.176], [8.6975, 50.1762], [8.6977, 50.1763], [8.6978, 50.1765], [8.698, 50.1766], [8.6983, 50.1767], [8.6985, 50.1769], [8.6987, 50.177], [8.6991, 50.1772], [8.6994, 50.1774], [8.6999, 50.1775], [8.7002, 50.1777], [8.7005, 50.1778], [8.7009, 50.1779], [8.7015, 50.1781], [8.7022, 50.1783], [8.7027, 50.1784], [8.7031, 50.1785], [8.7035, 50.1786], [8.704, 50.1787], [8.7043, 50.1787], [8.7047, 50.1787], [8.7051, 50.1788], [8.7054, 50.1788], [8.7059, 50.1788], [8.7064, 50.1788], [8.7068, 50.1788], [8.7072, 50.1788], [8.7077, 50.1788], [8.7079, 50.1788], [8.7085, 50.1787], [8.7102, 50.1786], [8.7187, 50.178], [8.7272, 50.1774], [8.7275, 50.1774], [8.7279, 50.1774], [8.7281, 50.1774], [8.7284, 50.1774], [8.7287, 50.1774], [8.7289, 50.1774], [8.7292, 50.1774], [8.7294, 50.1774], [8.7297, 50.1775], [8.7299, 50.1775], [8.7302, 50.1775], [8.7304, 50.1776], [8.7306, 50.1776], [8.7309, 50.1777], [8.7311, 50.1778], [8.7314, 50.1778], [8.7316, 50.1779], [8.7319, 50.178], [8.7322, 50.1781], [8.7326, 50.1783], [8.733, 50.1785], [8.7334, 50.1786], [8.7337, 50.1788], [8.7339, 50.1789], [8.7342, 50.179], [8.7345, 50.1792], [8.7347, 50.1793], [8.7349, 50.1795], [8.7351, 50.1796], [8.7353, 50.1798], [8.7354, 50.1799], [8.7356, 50.1801], [8.7358, 50.1803], [8.7359, 50.1805], [8.736, 50.1806], [8.7361, 50.1807], [8.7361, 50.1809]], [[8.7361, 50.1809], [8.7363, 50.1813]], [[8.7363, 50.1813], [8.7371, 50.1831], [8.7379, 50.1848]], [[8.7379, 50.1848], [8.738, 50.1852]], [[8.738, 50.1852], [8.7381, 50.1854], [8.7383, 50.1856], [8.7386, 50.1861], [8.739, 50.1868], [8.7395, 50.1876], [8.7396, 50.1877], [8.7396, 50.1878], [8.7401, 50.1887], [8.7403, 50.1892]], [[8.7403, 50.1892], [8.7406, 50.1898]], [[8.7406, 50.1898], [8.7409, 50.1905], [8.7411, 50.1911], [8.7413, 50.1915], [8.7414, 50.1917]], [[8.7414, 50.1917], [8.7414, 50.1919], [8.7415, 50.1922]], [[8.7415, 50.1922], [8.7416, 50.1925]], [[8.7416, 50.1925], [8.7416, 50.1927], [8.7417, 50.1931], [8.7418, 50.1932], [8.7418, 50.1933], [8.7419, 50.1934], [8.742, 50.1938], [8.7421, 50.1939]], [[8.7421, 50.1939], [8.7424, 50.1948]], [[8.7426, 50.195], [8.7425, 50.1948], [8.7424, 50.1948]], [[8.7426, 50.195], [8.7428, 50.1956], [8.743, 50.1961]], [[8.743, 50.1961], [8.743, 50.1962], [8.7432, 50.1966], [8.7435, 50.1973], [8.7436, 50.1974], [8.7441, 50.1985], [8.7446, 50.1995], [8.7447, 50.1998], [8.7448, 50.2], [8.7449, 50.2002], [8.745, 50.2003], [8.7452, 50.2006], [8.7456, 50.2011], [8.7458, 50.2013], [8.7461, 50.2018], [8.7469, 50.2025], [8.747, 50.2026], [8.7473, 50.2029], [8.7476, 50.2033], [8.7482, 50.204], [8.7485, 50.2043], [8.7495, 50.2055], [8.7496, 50.2056], [8.7503, 50.2064], [8.7507, 50.2069], [8.7509, 50.2072]], [[8.7509, 50.2072], [8.7512, 50.2075], [8.7517, 50.2082], [8.7519, 50.2084], [8.7524, 50.2089]], [[8.7524, 50.2089], [8.7527, 50.2092], [8.753, 50.2097], [8.7534, 50.2102], [8.7535, 50.2103]], [[8.7535, 50.2103], [8.7536, 50.2104]], [[8.7536, 50.2104], [8.754, 50.2109], [8.7544, 50.2114], [8.7547, 50.2119], [8.7549, 50.2123], [8.755, 50.2124], [8.7552, 50.2128], [8.7553, 50.2131], [8.7553, 50.2132], [8.7555, 50.2138], [8.7555, 50.214], [8.7556, 50.2143], [8.7557, 50.2148], [8.7557, 50.2154], [8.7557, 50.2155], [8.7557, 50.2159], [8.7556, 50.2162], [8.7555, 50.2171], [8.7553, 50.2185], [8.7553, 50.2188], [8.7552, 50.2193], [8.755, 50.2207], [8.755, 50.2212]], [[8.755, 50.2212], [8.755, 50.2213]], [[8.755, 50.2213], [8.7548, 50.2228], [8.7548, 50.2229], [8.7548, 50.223], [8.7547, 50.2231], [8.7546, 50.2243], [8.7545, 50.2247], [8.7545, 50.2253], [8.7544, 50.2255]], [[8.7544, 50.2255], [8.7544, 50.2261], [8.7543, 50.2266], [8.7541, 50.2279], [8.7539, 50.2296]], [[8.7539, 50.2296], [8.7538, 50.2304], [8.7536, 50.2319]], [[8.7536, 50.2319], [8.7535, 50.2327]], [[8.7535, 50.2327], [8.7534, 50.2333], [8.7532, 50.2351], [8.7532, 50.2355], [8.7531, 50.2363], [8.7525, 50.2407], [8.7519, 50.2453], [8.7518, 50.246], [8.7517, 50.2467], [8.7517, 50.2472], [8.7517, 50.2475], [8.7518, 50.2478], [8.7518, 50.2482], [8.7519, 50.2486], [8.7519, 50.2489], [8.752, 50.2493], [8.7522, 50.2497], [8.7523, 50.25], [8.7526, 50.2508], [8.7529, 50.2516], [8.7534, 50.2526], [8.7536, 50.2533], [8.7543, 50.255], [8.7553, 50.2574], [8.7559, 50.2588], [8.7565, 50.2603], [8.757, 50.2615], [8.7577, 50.2631]], [[8.7577, 50.2631], [8.7577, 50.2632]], [[8.7577, 50.2632], [8.7592, 50.267]], [[8.7592, 50.267], [8.7593, 50.267]], [[8.7593, 50.267], [8.7596, 50.2679], [8.7617, 50.2729], [8.7619, 50.2735]], [[8.7619, 50.2735], [8.762, 50.2737]], [[8.762, 50.2737], [8.7624, 50.2746], [8.7625, 50.2749], [8.7627, 50.2752], [8.7628, 50.2754], [8.7629, 50.2757], [8.7631, 50.2759], [8.7634, 50.2764], [8.7636, 50.2766]], [[8.7636, 50.2766], [8.7637, 50.2769], [8.764, 50.2772], [8.7642, 50.2775], [8.7644, 50.2776], [8.7646, 50.2779], [8.7649, 50.2782], [8.7652, 50.2784], [8.7655, 50.2786], [8.7658, 50.2789], [8.7666, 50.2795], [8.7678, 50.2805], [8.768, 50.2806]], [[8.768, 50.2806], [8.7705, 50.2825]], [[8.7705, 50.2825], [8.7707, 50.2827]], [[8.7707, 50.2827], [8.7714, 50.2833], [8.7742, 50.2854], [8.7772, 50.2878], [8.7785, 50.2888], [8.7834, 50.2926], [8.7844, 50.2935], [8.7851, 50.2942], [8.7855, 50.2946], [8.7861, 50.2955], [8.7866, 50.2962], [8.7869, 50.2966], [8.7871, 50.297], [8.7873, 50.2974], [8.7876, 50.298], [8.7879, 50.2986], [8.788, 50.2991], [8.7882, 50.2997], [8.7884, 50.3004], [8.7885, 50.301], [8.7885, 50.3014], [8.7885, 50.302], [8.7885, 50.3021], [8.7885, 50.3028], [8.7885, 50.3033], [8.7884, 50.3039], [8.7883, 50.3044], [8.7881, 50.305], [8.7879, 50.3057], [8.7877, 50.3062], [8.7876, 50.3066], [8.7873, 50.3071], [8.7871, 50.3075], [8.7869, 50.3079], [8.7866, 50.3084], [8.7862, 50.309], [8.7858, 50.3095], [8.7854, 50.31], [8.7849, 50.3104], [8.7841, 50.3113], [8.7831, 50.3122], [8.7822, 50.3131], [8.7822, 50.3132], [8.7802, 50.3152], [8.7801, 50.3152], [8.7776, 50.3176], [8.7733, 50.3219], [8.7717, 50.3235]], [[8.7717, 50.3235], [8.7712, 50.3239]], [[8.7712, 50.3239], [8.7711, 50.3241]], [[8.7711, 50.3241], [8.7707, 50.3243], [8.7703, 50.3247], [8.7697, 50.3251], [8.7692, 50.3254], [8.769, 50.3255], [8.7687, 50.3256], [8.7682, 50.3259]], [[8.7682, 50.3259], [8.7678, 50.326], [8.7669, 50.3265], [8.7667, 50.3265], [8.7665, 50.3267], [8.766, 50.327], [8.7658, 50.3271], [8.7654, 50.3273], [8.765, 50.3276], [8.7647, 50.3279], [8.7644, 50.3281]], [[8.7644, 50.3281], [8.7643, 50.3282]], [[8.7637, 50.329], [8.7639, 50.3287], [8.764, 50.3286], [8.7641, 50.3285], [8.7641, 50.3284], [8.7643, 50.3282]], [[8.7637, 50.329], [8.7635, 50.3293], [8.7634, 50.3294]], [[8.7634, 50.3294], [8.7633, 50.3295]], [[8.7633, 50.3295], [8.7628, 50.3304], [8.7624, 50.331], [8.762, 50.3316], [8.7613, 50.3327]], [[8.7884, 50.303], [8.7884, 50.3022], [8.7884, 50.3019], [8.7884, 50.3017], [8.7884, 50.3014], [8.7884, 50.3011], [8.7883, 50.3011], [8.7884, 50.3014], [8.7884, 50.3018], [8.7884, 50.3019], [8.7884, 50.302], [8.7884, 50.3021], [8.7884, 50.3022], [8.7884, 50.303]], [[8.7535, 50.2532], [8.7533, 50.2526], [8.7528, 50.2514], [8.7527, 50.2514], [8.753, 50.2522], [8.7531, 50.2523], [8.7531, 50.2524], [8.7532, 50.2524], [8.7531, 50.2524], [8.7532, 50.2526], [8.7533, 50.2527], [8.7533, 50.2528], [8.7535, 50.2532]], [[8.7523, 50.2089], [8.7511, 50.2075], [8.7509, 50.2073], [8.7508, 50.2073], [8.7509, 50.2073], [8.7511, 50.2076], [8.7514, 50.2079], [8.7516, 50.2081], [8.7523, 50.2089]], [[8.7317, 50.1781], [8.7321, 50.1782], [8.7325, 50.1784], [8.7327, 50.1785], [8.7328, 50.1785], [8.733, 50.1786], [8.7331, 50.1786], [8.7335, 50.1788], [8.7338, 50.179], [8.7341, 50.1791], [8.7339, 50.1789], [8.7335, 50.1788], [8.733, 50.1786], [8.733, 50.1785], [8.7328, 50.1784], [8.7326, 50.1784], [8.7321, 50.1782], [8.7318, 50.178], [8.7317, 50.1781]], [[8.6985, 50.1769], [8.6981, 50.1767], [8.6978, 50.1765], [8.6976, 50.1764], [8.6974, 50.1762], [8.6971, 50.176], [8.6969, 50.1759], [8.6965, 50.1755], [8.6966, 50.1757], [8.6967, 50.1758], [8.6968, 50.1758], [8.6969, 50.1759], [8.6971, 50.176], [8.6973, 50.1762], [8.6976, 50.1764], [8.6978, 50.1766], [8.698, 50.1767], [8.6981, 50.1768], [8.6982, 50.1768], [8.6983, 50.1769], [8.6984, 50.177], [8.6985, 50.1769]], [[8.6412, 50.1183], [8.641, 50.1184], [8.64, 50.119], [8.6398, 50.1191], [8.6398, 50.1192], [8.6397, 50.1191], [8.639, 50.1196], [8.639, 50.1195], [8.6397, 50.1191], [8.64, 50.1189], [8.6411, 50.1182], [8.6412, 50.1183]], [[8.6566, 49.9939], [8.6568, 49.9946], [8.6568, 49.9947], [8.6568, 49.9946], [8.6567, 49.9939], [8.6566, 49.9936], [8.6566, 49.9935], [8.6565, 49.9928], [8.6565, 49.9932], [8.6566, 49.9935], [8.6565, 49.9935], [8.6566, 49.9936], [8.6566, 49.9937], [8.6566, 49.9938], [8.6566, 49.9939]], [[8.7612, 50.3327], [8.7619, 50.3315], [8.7625, 50.3305], [8.763, 50.3297], [8.7632, 50.3295]], [[8.7632, 50.3295], [8.7633, 50.3293]], [[8.7633, 50.3293], [8.7634, 50.3293]], [[8.7634, 50.3292], [8.7634, 50.3293]], [[8.7635, 50.3291], [8.7634, 50.3292]], [[8.7643, 50.3282], [8.7642, 50.3284], [8.764, 50.3285], [8.7638, 50.3288], [8.7635, 50.3291]], [[8.7644, 50.3281], [8.7646, 50.3279], [8.7649, 50.3276]], [[8.7649, 50.3276], [8.7651, 50.3275], [8.7653, 50.3274]], [[8.7653, 50.3274], [8.7656, 50.3272], [8.7658, 50.327], [8.766, 50.3269], [8.7664, 50.3267], [8.767, 50.3264], [8.7678, 50.326], [8.7682, 50.3258]], [[8.7682, 50.3258], [8.7687, 50.3256], [8.7692, 50.3253], [8.7696, 50.3251], [8.7702, 50.3247], [8.7707, 50.3243], [8.771, 50.324]], [[8.771, 50.324], [8.7712, 50.3239]], [[8.7712, 50.3239], [8.7716, 50.3235]], [[8.7716, 50.3235], [8.7721, 50.323], [8.7733, 50.3218], [8.7776, 50.3176], [8.7808, 50.3144], [8.7809, 50.3143]], [[8.7809, 50.3143], [8.7821, 50.3131], [8.7831, 50.3122], [8.784, 50.3113], [8.7849, 50.3104], [8.7853, 50.3099], [8.7858, 50.3094], [8.7862, 50.3089], [8.7866, 50.3082], [8.7868, 50.3079], [8.7871, 50.3075], [8.7873, 50.3071], [8.7875, 50.3066], [8.7877, 50.3062], [8.7879, 50.3056], [8.7881, 50.305], [8.7882, 50.3044], [8.7883, 50.3039], [8.7884, 50.3032], [8.7885, 50.3028], [8.7885, 50.3021], [8.7885, 50.302], [8.7884, 50.3014], [8.7884, 50.3011], [8.7883, 50.3004], [8.7881, 50.2997], [8.788, 50.2991], [8.7878, 50.2986], [8.7875, 50.298], [8.7873, 50.2974], [8.7871, 50.297], [8.7868, 50.2966], [8.7866, 50.2962], [8.7861, 50.2955], [8.7854, 50.2947], [8.785, 50.2942], [8.7843, 50.2935], [8.7833, 50.2926], [8.7772, 50.2878], [8.7743, 50.2856], [8.7741, 50.2854], [8.7726, 50.2843], [8.7713, 50.2833], [8.7708, 50.2828], [8.7707, 50.2828], [8.7706, 50.2827]], [[8.7706, 50.2827], [8.7704, 50.2826]], [[8.7704, 50.2826], [8.7703, 50.2825], [8.7695, 50.2819], [8.768, 50.2807]], [[8.768, 50.2807], [8.7678, 50.2805], [8.7672, 50.28], [8.7664, 50.2794], [8.7658, 50.279], [8.7654, 50.2787], [8.7651, 50.2784], [8.7648, 50.2781], [8.7645, 50.2778], [8.7642, 50.2775], [8.7641, 50.2774], [8.764, 50.2772], [8.7637, 50.2769], [8.7634, 50.2765], [8.7631, 50.276]], [[8.7631, 50.276], [8.763, 50.2759], [8.7629, 50.2757], [8.7627, 50.2754], [8.7626, 50.2752], [8.7625, 50.2749], [8.7623, 50.2746], [8.762, 50.2738], [8.7619, 50.2737]], [[8.7619, 50.2737], [8.7618, 50.2735]], [[8.7618, 50.2735], [8.7596, 50.268], [8.7592, 50.267]], [[8.7592, 50.267], [8.7576, 50.2632]], [[8.7576, 50.2632], [8.7576, 50.2631]], [[8.7576, 50.2631], [8.7574, 50.2627], [8.7552, 50.2574], [8.7547, 50.256], [8.7536, 50.2533], [8.7534, 50.2529], [8.7533, 50.2527], [8.7528, 50.2513], [8.7524, 50.2504], [8.7522, 50.25], [8.7521, 50.2496], [8.752, 50.2493], [8.7519, 50.2489], [8.7518, 50.2486], [8.7517, 50.2482], [8.7517, 50.2478], [8.7517, 50.2475], [8.7517, 50.2472], [8.7517, 50.2467], [8.7518, 50.246], [8.7519, 50.2453], [8.753, 50.2363], [8.7531, 50.2351], [8.7532, 50.2349], [8.7532, 50.234], [8.7533, 50.2337], [8.7533, 50.2333], [8.7534, 50.2323]], [[8.7534, 50.2323], [8.7535, 50.231], [8.7536, 50.2302], [8.7537, 50.2296]], [[8.7537, 50.2296], [8.7539, 50.2282], [8.7539, 50.2279], [8.7541, 50.2269], [8.7541, 50.2266], [8.7542, 50.2261], [8.7543, 50.2255]], [[8.7543, 50.2255], [8.7544, 50.2253], [8.7545, 50.2247], [8.7545, 50.2243], [8.7547, 50.223], [8.7547, 50.2229], [8.7547, 50.2227], [8.7548, 50.2222], [8.7549, 50.2214]], [[8.7549, 50.2214], [8.7549, 50.2212]], [[8.7549, 50.2212], [8.755, 50.221], [8.755, 50.2207], [8.7552, 50.2193], [8.7552, 50.2188], [8.7553, 50.2185], [8.7555, 50.2171], [8.7555, 50.2166], [8.7556, 50.2161], [8.7556, 50.2159], [8.7556, 50.2156], [8.7556, 50.2154], [8.7556, 50.2148], [8.7556, 50.2144], [8.7555, 50.2143], [8.7555, 50.214], [8.7554, 50.2138], [8.7553, 50.2132], [8.7552, 50.2132], [8.7551, 50.2128], [8.7549, 50.2124], [8.7548, 50.2123], [8.7547, 50.212], [8.7543, 50.2114], [8.754, 50.2109], [8.7538, 50.2106], [8.7536, 50.2104]], [[8.7536, 50.2104], [8.7534, 50.2103]], [[8.7534, 50.2103], [8.7533, 50.2102], [8.753, 50.2097], [8.7526, 50.2093], [8.7523, 50.2089]], [[8.7523, 50.2089], [8.7522, 50.2087], [8.7517, 50.2082], [8.7511, 50.2075], [8.7509, 50.2072]], [[8.7509, 50.2072], [8.7506, 50.2069], [8.7502, 50.2064], [8.7496, 50.2057], [8.7494, 50.2055], [8.7484, 50.2043], [8.7482, 50.204], [8.7476, 50.2033], [8.7474, 50.2031], [8.7472, 50.2029], [8.747, 50.2027], [8.7468, 50.2025], [8.7461, 50.2018], [8.7457, 50.2014], [8.7455, 50.2012], [8.7453, 50.2009], [8.7451, 50.2006], [8.7449, 50.2003], [8.7448, 50.2001], [8.7446, 50.1998], [8.7445, 50.1996], [8.744, 50.1985], [8.7435, 50.1974], [8.7432, 50.1966], [8.7429, 50.1962], [8.7428, 50.1959], [8.7426, 50.1955]], [[8.7426, 50.1955], [8.7425, 50.1952], [8.7424, 50.1949], [8.7423, 50.1946]], [[8.7422, 50.1943], [8.7423, 50.1946]], [[8.7422, 50.1943], [8.742, 50.194], [8.7419, 50.1936], [8.7418, 50.1934]], [[8.7418, 50.1934], [8.7417, 50.1933]], [[8.7416, 50.1929], [8.7417, 50.1931], [8.7417, 50.1933]], [[8.7416, 50.1929], [8.7415, 50.1924], [8.7414, 50.1923], [8.7414, 50.1921], [8.7409, 50.1912], [8.7407, 50.1906], [8.7404, 50.19]], [[8.7404, 50.19], [8.7397, 50.1885], [8.7394, 50.1878], [8.739, 50.1869], [8.7389, 50.1868], [8.7382, 50.1857], [8.7381, 50.1854], [8.738, 50.1852]], [[8.738, 50.1852], [8.7378, 50.1848]], [[8.7378, 50.1848], [8.7375, 50.1841], [8.7373, 50.1838], [8.7363, 50.1814]], [[8.7363, 50.1814], [8.7361, 50.1809]], [[8.7361, 50.1809], [8.736, 50.1807], [8.7359, 50.1806], [8.7358, 50.1805], [8.7357, 50.1803], [8.7355, 50.1801], [8.7354, 50.1799], [8.7352, 50.1798], [8.7351, 50.1797], [8.7349, 50.1795], [8.7347, 50.1794], [8.7344, 50.1792], [8.7342, 50.1791], [8.7339, 50.1789], [8.7337, 50.1788], [8.7333, 50.1786], [8.733, 50.1785], [8.7326, 50.1783], [8.7321, 50.1782], [8.7319, 50.178], [8.7316, 50.1779], [8.7314, 50.1779], [8.7311, 50.1778], [8.7309, 50.1777], [8.7306, 50.1777], [8.7304, 50.1776], [8.7302, 50.1776], [8.7299, 50.1775], [8.7297, 50.1775], [8.7294, 50.1775], [8.7292, 50.1774], [8.7289, 50.1774], [8.7287, 50.1774], [8.7284, 50.1774], [8.7281, 50.1774], [8.7279, 50.1774], [8.7275, 50.1774], [8.7272, 50.1775], [8.7187, 50.1781], [8.7102, 50.1787], [8.7086, 50.1788], [8.708, 50.1788], [8.7076, 50.1788], [8.7072, 50.1789], [8.7067, 50.1789], [8.706, 50.1789], [8.7054, 50.1788], [8.7049, 50.1788], [8.7044, 50.1788], [8.7039, 50.1787], [8.7034, 50.1786], [8.7028, 50.1785], [8.7023, 50.1784], [8.7018, 50.1782], [8.7013, 50.1781], [8.7009, 50.178], [8.7005, 50.1778], [8.7002, 50.1777], [8.6998, 50.1776], [8.6994, 50.1774], [8.6991, 50.1772], [8.6987, 50.177], [8.6985, 50.1769], [8.6982, 50.1768], [8.6978, 50.1765], [8.6976, 50.1764], [8.6974, 50.1762], [8.6972, 50.176], [8.6968, 50.1757], [8.6966, 50.1755], [8.6964, 50.1753], [8.6961, 50.175], [8.6958, 50.1747], [8.6954, 50.1743], [8.6951, 50.1739], [8.6947, 50.1736], [8.6945, 50.1734], [8.6943, 50.1732], [8.694, 50.1729], [8.6938, 50.1727], [8.6935, 50.1726], [8.6934, 50.1725]], [[8.6933, 50.1724], [8.693, 50.1723], [8.6927, 50.1721], [8.6923, 50.1718], [8.6921, 50.1717], [8.6917, 50.1715], [8.6912, 50.1713], [8.6908, 50.1712], [8.6902, 50.171], [8.6897, 50.1708], [8.6893, 50.1707], [8.6889, 50.1706], [8.6882, 50.1704], [8.6874, 50.1703], [8.6868, 50.1702], [8.6864, 50.1702], [8.6859, 50.1701], [8.6854, 50.1701], [8.6848, 50.1701], [8.6839, 50.1701], [8.6827, 50.1701], [8.6819, 50.1701], [8.6769, 50.1702], [8.6762, 50.1702], [8.6737, 50.1703], [8.6731, 50.1703], [8.6725, 50.1703], [8.672, 50.1703], [8.6713, 50.1702], [8.6704, 50.1702], [8.6699, 50.1701], [8.6691, 50.17], [8.6686, 50.1699], [8.668, 50.1697], [8.6675, 50.1696], [8.667, 50.1694], [8.6665, 50.1692], [8.6659, 50.169], [8.6654, 50.1688], [8.6648, 50.1685], [8.6644, 50.1682], [8.6639, 50.1679], [8.6636, 50.1677], [8.6634, 50.1675]], [[8.663, 50.1672], [8.6626, 50.1669], [8.6621, 50.1664], [8.6617, 50.1659], [8.6615, 50.1657], [8.6609, 50.165], [8.6603, 50.1642], [8.6596, 50.1634], [8.6592, 50.1629], [8.6589, 50.1625], [8.6585, 50.1621], [8.6577, 50.1612], [8.6567, 50.1601], [8.6564, 50.1597], [8.656, 50.1593], [8.6559, 50.1591], [8.6548, 50.1578], [8.6548, 50.1577]], [[8.6548, 50.1577], [8.6545, 50.1574]], [[8.6545, 50.1574], [8.6542, 50.1571], [8.653, 50.1556], [8.6499, 50.1519], [8.6458, 50.147], [8.6449, 50.146], [8.6446, 50.1456], [8.6444, 50.1454], [8.6442, 50.1451], [8.6441, 50.1449], [8.6439, 50.1445], [8.6431, 50.1431], [8.6428, 50.1426], [8.6426, 50.1422], [8.6388, 50.1352], [8.6384, 50.1345], [8.6382, 50.1342], [8.6382, 50.1341]], [[8.6381, 50.1338], [8.6375, 50.1326], [8.6359, 50.1297], [8.6356, 50.1292]], [[8.6356, 50.1292], [8.635, 50.1283], [8.6341, 50.1268], [8.6338, 50.1262]], [[8.6338, 50.1262], [8.6336, 50.1258], [8.6335, 50.1256], [8.6335, 50.1254], [8.6334, 50.1252], [8.6334, 50.125], [8.6334, 50.1248], [8.6334, 50.1247], [8.6334, 50.1243], [8.6334, 50.1242], [8.6335, 50.1241], [8.6336, 50.1238], [8.6336, 50.1237], [8.6337, 50.1235]], [[8.6337, 50.1235], [8.6338, 50.1232], [8.634, 50.1229], [8.6342, 50.1227], [8.6343, 50.1225], [8.6345, 50.1223], [8.6347, 50.1221], [8.6349, 50.122], [8.6352, 50.1218]], [[8.6352, 50.1218], [8.6354, 50.1216], [8.6356, 50.1215], [8.6362, 50.1212], [8.6364, 50.121], [8.6365, 50.121], [8.6368, 50.1208], [8.6371, 50.1207], [8.6372, 50.1206], [8.6377, 50.1203], [8.6387, 50.1197], [8.6391, 50.1194], [8.6395, 50.1192], [8.6398, 50.119], [8.6404, 50.1186], [8.6406, 50.1185], [8.6411, 50.1182], [8.6414, 50.118], [8.6415, 50.118], [8.6418, 50.1178], [8.6421, 50.1175], [8.6423, 50.1174], [8.6425, 50.1172], [8.6426, 50.117]], [[8.6426, 50.117], [8.6428, 50.1169], [8.6428, 50.1168]], [[8.6428, 50.1168], [8.6429, 50.1167], [8.643, 50.1165], [8.6431, 50.1164], [8.6431, 50.1162]], [[8.6431, 50.1162], [8.6432, 50.1162], [8.6432, 50.1161], [8.6433, 50.1158], [8.6433, 50.1155], [8.6433, 50.1152], [8.6434, 50.1149], [8.6434, 50.1143]], [[8.6434, 50.1138], [8.6434, 50.1131], [8.6434, 50.113], [8.6434, 50.1129], [8.6434, 50.1124], [8.6434, 50.1123], [8.6434, 50.1119], [8.6434, 50.1118]], [[8.6434, 50.1118], [8.6434, 50.1116]], [[8.6434, 50.1116], [8.6434, 50.1111], [8.6434, 50.111], [8.6434, 50.1108]], [[8.6434, 50.1108], [8.6434, 50.1104]], [[8.6434, 50.1104], [8.6434, 50.1103], [8.6434, 50.1098], [8.6434, 50.1097]], [[8.6434, 50.1097], [8.6434, 50.1089], [8.6434, 50.1083]], [[8.6434, 50.1083], [8.6434, 50.1082], [8.6435, 50.1077], [8.6435, 50.1074], [8.6435, 50.107]], [[8.6435, 50.1066], [8.6435, 50.1064]], [[8.6435, 50.1064], [8.6435, 50.1063], [8.6435, 50.1062], [8.6435, 50.106], [8.6436, 50.1058], [8.6436, 50.1057], [8.6436, 50.1056], [8.6437, 50.1054], [8.6438, 50.1053], [8.6438, 50.1051], [8.6439, 50.1051]], [[8.6439, 50.1051], [8.644, 50.1049], [8.644, 50.1048], [8.6441, 50.1048]], [[8.6441, 50.1048], [8.6441, 50.1047], [8.6443, 50.1045], [8.6443, 50.1044], [8.6445, 50.1043], [8.6448, 50.1039], [8.6448, 50.1038], [8.6449, 50.1038]], [[8.6449, 50.1038], [8.645, 50.1037]], [[8.645, 50.1037], [8.6453, 50.1034], [8.6455, 50.1032]], [[8.6455, 50.1032], [8.6456, 50.1031], [8.6459, 50.1029], [8.646, 50.1028], [8.6461, 50.1027], [8.6463, 50.1026], [8.6466, 50.1025], [8.6468, 50.1023], [8.647, 50.1023], [8.6471, 50.1022]], [[8.6471, 50.1022], [8.6473, 50.1022], [8.6474, 50.1022], [8.6475, 50.1021]], [[8.6475, 50.1021], [8.6476, 50.1021], [8.6478, 50.1021], [8.6479, 50.1021], [8.6481, 50.102], [8.6483, 50.102], [8.6485, 50.102]], [[8.6485, 50.102], [8.6487, 50.102], [8.6489, 50.102], [8.6492, 50.102], [8.6493, 50.102], [8.6495, 50.102], [8.6496, 50.102]], [[8.6514, 50.1024], [8.6512, 50.1024], [8.6512, 50.1023], [8.6507, 50.1022], [8.6505, 50.1021], [8.6502, 50.1021], [8.65, 50.1021], [8.6499, 50.102], [8.6498, 50.102], [8.6496, 50.102]], [[8.6522, 50.1027], [8.6516, 50.1025], [8.6514, 50.1024]], [[8.6533, 50.1032], [8.6526, 50.1029], [8.6523, 50.1028], [8.6522, 50.1027]], [[8.6542, 50.1036], [8.6537, 50.1034], [8.6533, 50.1032]], [[8.6887, 50.1008], [8.6881, 50.1005], [8.688, 50.1004], [8.6878, 50.1003], [8.6874, 50.1002], [8.6872, 50.1001], [8.6868, 50.0999], [8.6867, 50.0999]], [[8.6867, 50.0999], [8.6864, 50.0997], [8.686, 50.0995]], [[8.686, 50.0995], [8.6859, 50.0995]], [[8.6859, 50.0995], [8.6858, 50.0994], [8.6857, 50.0994], [8.6846, 50.0989], [8.6837, 50.0985], [8.6836, 50.0984]], [[8.6836, 50.0984], [8.6832, 50.0983]], [[8.6832, 50.0983], [8.6831, 50.0982]], [[8.6831, 50.0982], [8.6823, 50.0979], [8.682, 50.0977], [8.6817, 50.0976], [8.6814, 50.0975], [8.6812, 50.0975], [8.6807, 50.0973], [8.6805, 50.0972], [8.6801, 50.0971], [8.6798, 50.0971], [8.6792, 50.0969], [8.679, 50.0969]], [[8.679, 50.0969], [8.6787, 50.0968], [8.6784, 50.0968], [8.6781, 50.0967], [8.678, 50.0966], [8.6776, 50.0965], [8.6774, 50.0965], [8.6771, 50.0964]], [[8.6746, 50.0954], [8.6742, 50.0953], [8.6733, 50.095]], [[8.6733, 50.095], [8.6726, 50.0949], [8.672, 50.0947], [8.6719, 50.0946], [8.6715, 50.0945]], [[8.6715, 50.0945], [8.671, 50.0943]], [[8.671, 50.0943], [8.6706, 50.0941], [8.6698, 50.0938], [8.6694, 50.0936], [8.6693, 50.0936], [8.6692, 50.0935], [8.6688, 50.0933], [8.6687, 50.0933]], [[8.6687, 50.0933], [8.6684, 50.0931], [8.6681, 50.0929], [8.6679, 50.0927], [8.6678, 50.0925], [8.6676, 50.0923], [8.6674, 50.0918], [8.6673, 50.0916], [8.6673, 50.0914], [8.6673, 50.0913], [8.6673, 50.0911], [8.6673, 50.0908], [8.6674, 50.0907], [8.6675, 50.0904], [8.6677, 50.0901], [8.668, 50.0896], [8.6683, 50.0893], [8.6688, 50.0888], [8.6689, 50.0887], [8.6689, 50.0886]], [[8.6689, 50.0886], [8.6691, 50.0884]], [[8.6691, 50.0884], [8.6692, 50.0882], [8.6693, 50.088], [8.6696, 50.0876], [8.6697, 50.0873], [8.6698, 50.0871], [8.6699, 50.087], [8.67, 50.0868], [8.67, 50.0866], [8.6701, 50.0864], [8.6702, 50.0862], [8.6702, 50.0859], [8.6703, 50.0856], [8.6704, 50.0853], [8.6704, 50.0851], [8.6704, 50.0849], [8.6704, 50.0845]], [[8.6704, 50.0845], [8.6704, 50.0844], [8.6704, 50.0842], [8.6703, 50.0839], [8.6703, 50.0838], [8.6703, 50.0836], [8.6703, 50.0835], [8.6702, 50.0832], [8.6702, 50.0827], [8.6701, 50.0825]], [[8.6701, 50.0825], [8.6701, 50.0824], [8.67, 50.0817], [8.67, 50.0815], [8.6699, 50.081], [8.6699, 50.0806]], [[8.6699, 50.0806], [8.6697, 50.0799], [8.6696, 50.0794], [8.6696, 50.079], [8.6695, 50.0785], [8.6694, 50.0778], [8.6692, 50.0766], [8.6691, 50.0759], [8.6691, 50.0755], [8.6689, 50.0744], [8.6689, 50.0743], [8.6688, 50.074], [8.6687, 50.0728], [8.6685, 50.0715], [8.6684, 50.0708], [8.6683, 50.0704], [8.6683, 50.0702], [8.6682, 50.0696], [8.6682, 50.0693], [8.6682, 50.0691], [8.6682, 50.0687], [8.6681, 50.0682], [8.6681, 50.068], [8.668, 50.0678], [8.668, 50.0674], [8.6679, 50.0672], [8.6678, 50.067], [8.6678, 50.0668], [8.6677, 50.0666]], [[8.6677, 50.0666], [8.6675, 50.0661], [8.6674, 50.0657], [8.6673, 50.0654]], [[8.6673, 50.0654], [8.6672, 50.0651], [8.6671, 50.0648], [8.667, 50.0645], [8.667, 50.064], [8.6669, 50.0636], [8.6669, 50.0631], [8.6668, 50.0627], [8.6668, 50.0622], [8.6667, 50.0617], [8.6666, 50.0607], [8.6665, 50.06], [8.6663, 50.0589], [8.6662, 50.0581], [8.6662, 50.0579], [8.6661, 50.0573], [8.666, 50.0563], [8.6658, 50.0556], [8.6657, 50.0549], [8.6656, 50.0544], [8.6656, 50.0541], [8.6655, 50.0538], [8.6654, 50.0534], [8.6654, 50.0532], [8.6654, 50.053], [8.6653, 50.0528], [8.6653, 50.0524], [8.6653, 50.0522], [8.6653, 50.052], [8.6652, 50.052], [8.6652, 50.0518], [8.6652, 50.0517], [8.6652, 50.0515], [8.6651, 50.051], [8.6651, 50.0507], [8.6651, 50.0506], [8.665, 50.05]], [[8.665, 50.05], [8.6648, 50.0491], [8.6647, 50.0484], [8.6647, 50.048], [8.6646, 50.0471], [8.6645, 50.0464], [8.6645, 50.046], [8.6644, 50.0457], [8.6644, 50.0455]], [[8.6644, 50.0455], [8.6641, 50.0438], [8.6639, 50.0419], [8.6638, 50.0415], [8.6636, 50.0402], [8.6635, 50.0394], [8.6633, 50.0383], [8.6632, 50.0372], [8.6631, 50.0365], [8.6628, 50.0348], [8.6626, 50.0331], [8.6623, 50.0314], [8.6622, 50.0308], [8.6621, 50.03], [8.6621, 50.0296], [8.662, 50.0292], [8.6618, 50.0274], [8.6617, 50.0274]], [[8.6617, 50.0274], [8.6617, 50.0271]], [[8.6617, 50.0271], [8.6615, 50.0256], [8.6614, 50.025], [8.6613, 50.0245], [8.6612, 50.0242], [8.6612, 50.024], [8.6611, 50.0235], [8.661, 50.0231], [8.661, 50.0228], [8.6609, 50.0224], [8.6609, 50.0221], [8.6608, 50.0219], [8.6608, 50.0214], [8.6607, 50.0205], [8.6605, 50.0187], [8.6602, 50.0172], [8.66, 50.0157], [8.66, 50.0153], [8.6599, 50.0149], [8.6597, 50.0135], [8.6595, 50.0117], [8.6592, 50.0102], [8.6592, 50.01], [8.659, 50.0088], [8.659, 50.0084], [8.6588, 50.0078], [8.6588, 50.0075], [8.6587, 50.007], [8.6586, 50.0066], [8.6586, 50.0063], [8.6585, 50.0062], [8.6585, 50.0061], [8.6585, 50.0059], [8.6585, 50.0056], [8.6584, 50.0049], [8.6583, 50.0043], [8.6582, 50.0039], [8.6582, 50.0035], [8.6582, 50.003], [8.6581, 50.0027], [8.6581, 50.0025], [8.658, 50.0018]], [[8.658, 50.0018], [8.658, 50.0017], [8.658, 50.0016]], [[8.658, 50.0016], [8.6579, 50.0013]], [[8.6579, 50.0013], [8.6579, 50.0011], [8.6578, 50.0006]], [[8.6578, 50.0006], [8.6576, 49.9988], [8.6573, 49.9971], [8.6573, 49.997], [8.6572, 49.9961], [8.6571, 49.9959]], [[8.6571, 49.9959], [8.6571, 49.9955], [8.6569, 49.9949], [8.6569, 49.9947], [8.6569, 49.9946], [8.6568, 49.9944], [8.6567, 49.9941], [8.6567, 49.9939], [8.6566, 49.9936], [8.6566, 49.9935]], [[8.6299, 49.8745], [8.63, 49.874], [8.63, 49.8738], [8.6301, 49.8732], [8.6301, 49.8727], [8.6301, 49.8726], [8.6302, 49.8723], [8.6301, 49.8723], [8.63, 49.8727], [8.6299, 49.8732], [8.6299, 49.8738], [8.6298, 49.8745], [8.6299, 49.8745]], [[8.6453, 49.9121], [8.6454, 49.9126], [8.6455, 49.9134], [8.6456, 49.9139], [8.6457, 49.9139], [8.6457, 49.9138], [8.6456, 49.9137], [8.6456, 49.9136], [8.6456, 49.9134], [8.6456, 49.9133], [8.6454, 49.9121], [8.6453, 49.9121]], [[8.6478, 49.9292], [8.6479, 49.9295], [8.648, 49.9305], [8.6481, 49.9308], [8.6481, 49.9309], [8.6481, 49.931], [8.6482, 49.931], [8.6481, 49.931], [8.6481, 49.9311], [8.6481, 49.931], [8.648, 49.9309], [8.6478, 49.9295], [8.6478, 49.9292]], [[8.6299, 49.8746], [8.6299, 49.8745], [8.63, 49.8738], [8.6301, 49.8735], [8.6301, 49.8733], [8.6301, 49.8731], [8.6301, 49.8728], [8.6302, 49.8726], [8.6302, 49.8724], [8.6302, 49.8723]], [[8.6293, 49.8769], [8.6294, 49.8767], [8.6295, 49.8763], [8.6295, 49.8761], [8.6296, 49.876], [8.6296, 49.8759], [8.6297, 49.8758], [8.6297, 49.8756], [8.6297, 49.8755], [8.6298, 49.8753], [8.6298, 49.8751], [8.6299, 49.8746]], [[8.6277, 49.8813], [8.6279, 49.881], [8.6279, 49.8809], [8.628, 49.8808], [8.6281, 49.8806], [8.6282, 49.8804], [8.6282, 49.8803], [8.6282, 49.8802], [8.6283, 49.88], [8.6284, 49.8799], [8.6284, 49.8798], [8.6285, 49.8796], [8.6285, 49.8794], [8.6286, 49.8793], [8.6286, 49.8791], [8.6287, 49.8788], [8.6288, 49.8786], [8.6289, 49.8783], [8.6289, 49.8781], [8.629, 49.8778], [8.6292, 49.8774], [8.6293, 49.877], [8.6293, 49.8769]], [[8.6268, 49.885], [8.6268, 49.8849], [8.6268, 49.8848], [8.6268, 49.8847], [8.6268, 49.8846], [8.6268, 49.8845], [8.6268, 49.8844], [8.6268, 49.8843], [8.6268, 49.8841], [8.6268, 49.884], [8.6268, 49.8838], [8.6268, 49.8837], [8.6268, 49.8836], [8.6269, 49.8835], [8.6269, 49.8834], [8.6269, 49.8833], [8.627, 49.8831], [8.627, 49.883], [8.627, 49.8828], [8.6271, 49.8828], [8.6271, 49.8826], [8.6272, 49.8825], [8.6272, 49.8824], [8.6273, 49.8822], [8.6273, 49.8821], [8.6274, 49.8819], [8.6275, 49.8817], [8.6276, 49.8815], [8.6277, 49.8814], [8.6277, 49.8813]], [[8.6269, 49.8851], [8.6268, 49.8851], [8.6268, 49.885]], [[8.6269, 49.8852], [8.6269, 49.8851]], [[8.627, 49.8856], [8.627, 49.8855], [8.6269, 49.8854], [8.6269, 49.8853], [8.6269, 49.8852]], [[8.6305, 49.8893], [8.6302, 49.8891], [8.6292, 49.8883], [8.6285, 49.8877], [8.6284, 49.8876], [8.6281, 49.8873], [8.6276, 49.8868], [8.6274, 49.8864], [8.6272, 49.8861], [8.627, 49.8856]], [[8.6306, 49.8894], [8.6305, 49.8893]], [[8.6347, 49.8919], [8.6344, 49.8917], [8.6336, 49.8912], [8.632, 49.8903], [8.6313, 49.8899], [8.6306, 49.8894]], [[8.6349, 49.892], [8.6347, 49.8919]], [[8.6365, 49.8929], [8.6358, 49.8925], [8.6349, 49.892]], [[8.6377, 49.8936], [8.6365, 49.8929]], [[8.6398, 49.8953], [8.6395, 49.8949], [8.6392, 49.8946], [8.6388, 49.8944], [8.6384, 49.8941], [8.6377, 49.8936]], [[8.64, 49.8955], [8.6398, 49.8953]], [[8.6403, 49.8961], [8.64, 49.8955]], [[8.6403, 49.8961], [8.6404, 49.8962]], [[8.6404, 49.8962], [8.6405, 49.8964]], [[8.6405, 49.8964], [8.6411, 49.8974], [8.6419, 49.899], [8.6423, 49.8995], [8.6426, 49.9001], [8.6428, 49.9006], [8.6432, 49.9013], [8.6434, 49.9017], [8.6436, 49.9021], [8.6436, 49.9022], [8.6437, 49.9025], [8.6438, 49.9026], [8.6439, 49.9029], [8.644, 49.9034], [8.6441, 49.904], [8.6442, 49.9049], [8.6443, 49.9051], [8.6444, 49.9058]], [[8.6444, 49.9058], [8.6444, 49.9059]], [[8.6444, 49.9059], [8.6444, 49.9061], [8.6445, 49.9068], [8.6446, 49.907], [8.6446, 49.9075], [8.6447, 49.9082]], [[8.6447, 49.9082], [8.6449, 49.9091], [8.6449, 49.9096], [8.6451, 49.9109], [8.6453, 49.9119], [8.6453, 49.9121], [8.6454, 49.9126], [8.6454, 49.9129], [8.6455, 49.9132], [8.6456, 49.9137], [8.6456, 49.9139], [8.6456, 49.914], [8.6459, 49.9162], [8.6459, 49.9164], [8.646, 49.9168], [8.6462, 49.9185], [8.6464, 49.9195], [8.6465, 49.9201], [8.6465, 49.9205], [8.6467, 49.9219], [8.647, 49.9242], [8.6471, 49.9244], [8.6472, 49.9253]], [[8.6472, 49.9253], [8.6472, 49.9256]], [[8.6472, 49.9256], [8.6473, 49.9259], [8.6474, 49.9265], [8.6475, 49.9276], [8.6477, 49.9289]], [[8.6477, 49.9289], [8.6478, 49.9291]], [[8.6478, 49.9291], [8.6478, 49.9292], [8.6478, 49.9294], [8.6479, 49.9298], [8.648, 49.9305], [8.648, 49.9309], [8.648, 49.9311], [8.6481, 49.9313], [8.6481, 49.9316], [8.6483, 49.9331], [8.6484, 49.9338]], [[8.6484, 49.9338], [8.6485, 49.9341], [8.6486, 49.9349], [8.6488, 49.936], [8.6488, 49.9366], [8.649, 49.9373], [8.6491, 49.9383], [8.6493, 49.9395], [8.6493, 49.94], [8.6494, 49.9401], [8.6496, 49.9419], [8.6497, 49.9424], [8.6499, 49.9435], [8.6501, 49.945], [8.6501, 49.9452], [8.6503, 49.9462], [8.6504, 49.9469]], [[8.6504, 49.9469], [8.651, 49.9503], [8.651, 49.9508], [8.6511, 49.9509], [8.6511, 49.951], [8.6512, 49.9515], [8.6512, 49.952], [8.6513, 49.9524], [8.6513, 49.9528], [8.6514, 49.9535], [8.6515, 49.9545], [8.6516, 49.9552], [8.6517, 49.9563], [8.6518, 49.9568], [8.6519, 49.9575], [8.6523, 49.9602], [8.6524, 49.9608], [8.6525, 49.9616], [8.6528, 49.9633], [8.6529, 49.9641]], [[8.6529, 49.9641], [8.6529, 49.9643]], [[8.6529, 49.9643], [8.6532, 49.9666], [8.6535, 49.9678], [8.6536, 49.9683], [8.6537, 49.969], [8.6538, 49.9698], [8.6538, 49.97], [8.6538, 49.9701]], [[8.6538, 49.9701], [8.6539, 49.9707], [8.654, 49.9711], [8.654, 49.9716], [8.654, 49.972], [8.6541, 49.9724], [8.6541, 49.9729]], [[8.6541, 49.9729], [8.6542, 49.9735], [8.6543, 49.9744]], [[8.6543, 49.9757], [8.6543, 49.9763], [8.6543, 49.9765], [8.6543, 49.9768], [8.6543, 49.9772], [8.6544, 49.9774], [8.6544, 49.9776], [8.6545, 49.9779]], [[8.6545, 49.9779], [8.6546, 49.9785], [8.6546, 49.9786]], [[8.6546, 49.9786], [8.6546, 49.9787]], [[8.6564, 49.9901], [8.6563, 49.9898], [8.6562, 49.9892], [8.6562, 49.9886], [8.6561, 49.9884], [8.656, 49.9878], [8.6559, 49.9868], [8.6559, 49.9866], [8.6558, 49.986], [8.6556, 49.9846], [8.6555, 49.9839], [8.6553, 49.9829], [8.6551, 49.9812], [8.655, 49.9806], [8.6549, 49.9799], [8.6548, 49.9795], [8.6547, 49.9791], [8.6546, 49.9787]], [[8.6564, 49.9906], [8.6564, 49.9901]], [[8.6565, 49.9917], [8.6565, 49.9915], [8.6564, 49.9906]], [[8.6567, 49.9935], [8.6567, 49.9934], [8.6566, 49.9928], [8.6566, 49.9927], [8.6566, 49.9922], [8.6565, 49.9917]], [[8.7544, 50.2255], [8.7543, 50.2263]], [[8.7543, 50.2263], [8.7542, 50.2265], [8.7538, 50.2296]], [[8.7538, 50.2296], [8.7538, 50.2301], [8.7537, 50.231]], [[8.7543, 50.2263], [8.7543, 50.2255]], [[8.6566, 49.9935], [8.6566, 49.9931], [8.6566, 49.9928], [8.6566, 49.9927], [8.6566, 49.9926], [8.6565, 49.9917]], [[8.6541, 49.9729], [8.654, 49.9724], [8.6538, 49.9706], [8.6537, 49.9701], [8.6536, 49.9694], [8.6535, 49.9689], [8.6535, 49.9684], [8.6534, 49.9683], [8.6532, 49.967], [8.653, 49.9652], [8.6528, 49.9643]], [[8.6528, 49.9641], [8.6528, 49.9643]], [[8.6528, 49.9641], [8.6527, 49.9634], [8.6525, 49.9616], [8.6524, 49.9608], [8.6523, 49.9602], [8.6522, 49.9598], [8.652, 49.9581], [8.6519, 49.9575], [8.6518, 49.9568], [8.6517, 49.9563], [8.6515, 49.9552], [8.6514, 49.9545], [8.6513, 49.9535], [8.6512, 49.9528], [8.651, 49.9515], [8.6509, 49.9509], [8.6509, 49.9508], [8.6509, 49.9505], [8.6508, 49.9503], [8.6507, 49.9493], [8.6505, 49.948], [8.6505, 49.9476], [8.6504, 49.9473], [8.6504, 49.9471], [8.6504, 49.9469]]]}, "properties": {"ref": "S6", "opened_year": 1978, "is_tunnel": false, "segment_count": 282}}, {"type": "Feature", "geometry": {"type": "MultiLineString", "coordinates": [[[8.675, 50.0955], [8.6757, 50.0957], [8.676, 50.0958], [8.6763, 50.0959], [8.6765, 50.096], [8.6769, 50.0961]], [[8.6888, 50.1007], [8.689, 50.1008], [8.6891, 50.1009], [8.6892, 50.1009], [8.6893, 50.101], [8.6895, 50.1011], [8.6903, 50.1014], [8.6905, 50.1015], [8.6906, 50.1015], [8.6907, 50.1016]], [[8.6907, 50.1016], [8.6909, 50.1016], [8.6912, 50.1017], [8.6913, 50.1018]], [[8.6913, 50.1018], [8.6915, 50.1018]], [[8.6915, 50.1018], [8.6916, 50.1019]], [[8.6916, 50.1019], [8.6917, 50.1019], [8.692, 50.102], [8.6929, 50.1022], [8.693, 50.1022], [8.6931, 50.1022], [8.6937, 50.1024], [8.6942, 50.1025], [8.6945, 50.1026], [8.6949, 50.1027]], [[8.6949, 50.1027], [8.6955, 50.1029], [8.6957, 50.103], [8.696, 50.1032], [8.6966, 50.1035], [8.6968, 50.1036], [8.6971, 50.1039], [8.6974, 50.1042], [8.6976, 50.1045], [8.6977, 50.1047], [8.6979, 50.1051], [8.6979, 50.1052], [8.698, 50.1054], [8.6981, 50.1057]], [[8.6981, 50.1057], [8.6982, 50.106], [8.6983, 50.1064], [8.6984, 50.1067], [8.6986, 50.1074], [8.6986, 50.1077], [8.6988, 50.1081], [8.6988, 50.1082], [8.6989, 50.1086], [8.699, 50.1095], [8.699, 50.11], [8.6988, 50.1104], [8.6986, 50.1109]], [[8.6986, 50.1109], [8.6984, 50.1112]], [[8.6984, 50.1112], [8.6982, 50.1115]], [[8.6982, 50.1115], [8.6981, 50.1115], [8.6978, 50.1118], [8.6976, 50.112], [8.6974, 50.1122]], [[8.6974, 50.1122], [8.697, 50.1126], [8.6969, 50.1127], [8.6968, 50.1128], [8.6966, 50.113], [8.6964, 50.1131]], [[8.6964, 50.1131], [8.6962, 50.1133], [8.6962, 50.1134]], [[8.6962, 50.1134], [8.696, 50.1135], [8.6958, 50.1136], [8.6956, 50.1138], [8.6955, 50.1138], [8.6952, 50.1139], [8.695, 50.1141], [8.6949, 50.1141], [8.6948, 50.1141], [8.6946, 50.1142], [8.6943, 50.1143], [8.694, 50.1144], [8.6939, 50.1144], [8.6937, 50.1145], [8.6934, 50.1145], [8.6932, 50.1146], [8.6926, 50.1147], [8.6924, 50.1147], [8.6923, 50.1147], [8.6921, 50.1148], [8.6915, 50.1148], [8.691, 50.1149], [8.6909, 50.1149]], [[8.6909, 50.1149], [8.6908, 50.1149], [8.6903, 50.1149], [8.6901, 50.1149], [8.6898, 50.1149], [8.6896, 50.1148], [8.6893, 50.1148], [8.6886, 50.1147], [8.6883, 50.1147], [8.6881, 50.1147], [8.6879, 50.1147]], [[8.6879, 50.1147], [8.6871, 50.1147], [8.6869, 50.1147], [8.6868, 50.1147], [8.6866, 50.1147], [8.6859, 50.1147], [8.6858, 50.1147], [8.6853, 50.1147], [8.6849, 50.1147], [8.6845, 50.1147]], [[8.6845, 50.1147], [8.6843, 50.1147], [8.684, 50.1146], [8.6838, 50.1146], [8.6837, 50.1146], [8.6833, 50.1146]], [[8.6833, 50.1146], [8.6831, 50.1145], [8.6829, 50.1145], [8.6826, 50.1144], [8.6825, 50.1144], [8.6821, 50.1143], [8.682, 50.1143], [8.6817, 50.1142], [8.6814, 50.1141], [8.6813, 50.1141], [8.6812, 50.1141], [8.681, 50.1141], [8.6809, 50.114], [8.6804, 50.114], [8.6801, 50.114], [8.6799, 50.114], [8.6793, 50.114]], [[8.6793, 50.114], [8.6789, 50.1141], [8.6786, 50.1141], [8.6783, 50.1141], [8.6782, 50.1141], [8.6779, 50.1141], [8.6776, 50.1142], [8.6773, 50.1142], [8.677, 50.1142], [8.6767, 50.1143], [8.6764, 50.1143], [8.6763, 50.1143]], [[8.6763, 50.1143], [8.6759, 50.1144], [8.6754, 50.1145], [8.675, 50.1146], [8.6741, 50.1147], [8.6736, 50.1148], [8.6735, 50.1148], [8.6733, 50.1149], [8.6727, 50.1149], [8.6724, 50.1149], [8.672, 50.1149], [8.6718, 50.1149], [8.6716, 50.1148], [8.6715, 50.1148], [8.671, 50.1147], [8.6708, 50.1147], [8.6703, 50.1145], [8.6701, 50.1144], [8.6698, 50.1143]], [[8.6698, 50.1143], [8.6695, 50.1141]], [[8.6695, 50.1141], [8.669, 50.1138], [8.6689, 50.1138]], [[8.6689, 50.1138], [8.6687, 50.1136], [8.6682, 50.1133], [8.6678, 50.113], [8.6675, 50.1126]], [[8.6675, 50.1126], [8.667, 50.1122], [8.6665, 50.1115], [8.6665, 50.1114], [8.6663, 50.1111], [8.6662, 50.1109], [8.6661, 50.1107], [8.666, 50.1104], [8.6659, 50.1102], [8.6658, 50.1099]], [[8.6658, 50.1099], [8.6657, 50.1098], [8.6655, 50.1094], [8.6655, 50.1093]], [[8.6655, 50.1093], [8.6653, 50.1092], [8.6652, 50.109], [8.6651, 50.1089], [8.6648, 50.1087], [8.6648, 50.1086], [8.6647, 50.1086], [8.6647, 50.1085], [8.6645, 50.1085], [8.6644, 50.1084], [8.6641, 50.1082], [8.6637, 50.108], [8.6632, 50.1077], [8.6631, 50.1077], [8.6627, 50.1075], [8.6626, 50.1075], [8.6622, 50.1073], [8.662, 50.1073], [8.6604, 50.1067], [8.6597, 50.1064]], [[8.6597, 50.1064], [8.6593, 50.1062], [8.659, 50.1061], [8.6579, 50.1057]], [[8.6579, 50.1057], [8.657, 50.1053], [8.6568, 50.1053], [8.6567, 50.1052], [8.6566, 50.1052], [8.6556, 50.1048]], [[8.6556, 50.1048], [8.6553, 50.1047], [8.6534, 50.1039], [8.6523, 50.1035]], [[8.6542, 50.1036], [8.6543, 50.1037], [8.6552, 50.104], [8.6557, 50.1042], [8.6558, 50.1043], [8.657, 50.1048], [8.6571, 50.1048], [8.6575, 50.105]], [[8.6575, 50.105], [8.6582, 50.1053], [8.6583, 50.1053]], [[8.6583, 50.1053], [8.6592, 50.1057], [8.6594, 50.1058], [8.66, 50.106]], [[8.6656, 50.1092], [8.6654, 50.1089], [8.6651, 50.1085], [8.665, 50.1084], [8.6648, 50.1083], [8.6647, 50.1082], [8.6646, 50.1081], [8.6645, 50.108], [8.6643, 50.1079], [8.664, 50.1077], [8.6635, 50.1074], [8.6634, 50.1074], [8.6633, 50.1074], [8.6633, 50.1073], [8.663, 50.1072], [8.6623, 50.107], [8.6616, 50.1067], [8.6607, 50.1063], [8.6605, 50.1063], [8.66, 50.106]], [[8.6656, 50.1092], [8.6657, 50.1094], [8.6658, 50.1095], [8.6659, 50.1098], [8.6661, 50.1101], [8.6663, 50.1107], [8.6664, 50.111], [8.6665, 50.1111], [8.6665, 50.1112], [8.6666, 50.1113], [8.6666, 50.1114], [8.6668, 50.1116], [8.6669, 50.1119], [8.6673, 50.1123], [8.6674, 50.1124]], [[8.6674, 50.1124], [8.6676, 50.1126]], [[8.6676, 50.1126], [8.668, 50.1129], [8.6681, 50.113], [8.669, 50.1136], [8.6697, 50.1141]], [[8.6697, 50.1141], [8.6699, 50.1142]], [[8.6699, 50.1142], [8.67, 50.1142]], [[8.67, 50.1142], [8.6702, 50.1143], [8.6708, 50.1146], [8.6716, 50.1148], [8.672, 50.1148], [8.6725, 50.1148], [8.6727, 50.1148], [8.6732, 50.1148], [8.6733, 50.1148], [8.6735, 50.1148], [8.6736, 50.1148], [8.6738, 50.1147], [8.6741, 50.1147], [8.6745, 50.1146], [8.6747, 50.1146], [8.6751, 50.1145], [8.6759, 50.1143], [8.6763, 50.1142]], [[8.6763, 50.1142], [8.6766, 50.1141], [8.6774, 50.1141], [8.6778, 50.114], [8.6783, 50.114], [8.6785, 50.1139], [8.679, 50.1139], [8.6793, 50.1139]], [[8.6793, 50.1139], [8.6798, 50.1139], [8.68, 50.1138], [8.6805, 50.1139], [8.6807, 50.1139], [8.6809, 50.114], [8.6814, 50.1141], [8.6821, 50.1143], [8.6825, 50.1144], [8.6826, 50.1144], [8.6829, 50.1144], [8.6832, 50.1145]], [[8.6832, 50.1145], [8.6833, 50.1145], [8.6839, 50.1146], [8.6841, 50.1146], [8.6844, 50.1146], [8.6845, 50.1146]], [[8.6845, 50.1146], [8.6853, 50.1146]], [[8.6853, 50.1146], [8.687, 50.1146], [8.6873, 50.1146], [8.6876, 50.1146]], [[8.6876, 50.1146], [8.6878, 50.1146], [8.688, 50.1146], [8.6881, 50.1146], [8.6883, 50.1146], [8.6885, 50.1147], [8.6897, 50.1148], [8.6902, 50.1148]], [[8.6902, 50.1148], [8.6903, 50.1148], [8.6905, 50.1148], [8.6907, 50.1148], [8.6911, 50.1148], [8.6914, 50.1148], [8.6917, 50.1147], [8.692, 50.1147], [8.6921, 50.1147], [8.6924, 50.1146], [8.6927, 50.1146], [8.6932, 50.1145], [8.6935, 50.1144], [8.6937, 50.1143], [8.694, 50.1143], [8.6943, 50.1142], [8.6946, 50.1141], [8.6949, 50.1139], [8.6952, 50.1138], [8.6955, 50.1137], [8.6958, 50.1134]], [[8.6958, 50.1134], [8.696, 50.1133], [8.6961, 50.1133], [8.6963, 50.1131]], [[8.6963, 50.1131], [8.6966, 50.1128], [8.6968, 50.1126], [8.6969, 50.1125]], [[8.6969, 50.1125], [8.6975, 50.1119], [8.6976, 50.1118], [8.6977, 50.1117], [8.698, 50.1115], [8.698, 50.1114]], [[8.698, 50.1114], [8.6982, 50.1112]], [[8.6982, 50.1112], [8.6985, 50.1107], [8.6987, 50.1102], [8.6988, 50.1098], [8.6988, 50.1093], [8.6987, 50.1085], [8.6987, 50.1084], [8.6986, 50.1082], [8.6985, 50.1077], [8.6983, 50.1068]], [[8.6983, 50.1068], [8.6982, 50.1065], [8.6981, 50.106], [8.698, 50.1058], [8.698, 50.1057]], [[8.698, 50.1057], [8.6977, 50.1049], [8.6975, 50.1046], [8.6974, 50.1044], [8.6972, 50.1041], [8.697, 50.1039], [8.6966, 50.1036], [8.6963, 50.1034], [8.6958, 50.1031], [8.6957, 50.1031], [8.6955, 50.103], [8.6951, 50.1029]], [[8.6951, 50.1029], [8.6944, 50.1027], [8.6941, 50.1026], [8.6937, 50.1025], [8.6929, 50.1023], [8.6928, 50.1023], [8.6916, 50.1019]], [[8.6916, 50.1019], [8.6914, 50.1019], [8.6912, 50.1018]], [[8.6912, 50.1018], [8.6911, 50.1018], [8.6909, 50.1018], [8.6908, 50.1017], [8.6907, 50.1017]], [[8.6907, 50.1017], [8.6906, 50.1016], [8.6904, 50.1016], [8.6902, 50.1015], [8.69, 50.1014], [8.6898, 50.1013], [8.6893, 50.1011], [8.689, 50.1009]], [[8.689, 50.1009], [8.6887, 50.1008]], [[8.6771, 50.0964], [8.6767, 50.0962], [8.6763, 50.0961], [8.676, 50.0959], [8.6749, 50.0955], [8.6746, 50.0954]], [[8.6543, 49.9744], [8.6543, 49.9757]]]}, "properties": {"ref": "S6", "opened_year": 1978, "is_tunnel": true, "segment_count": 60}}, {"type": "Feature", "geometry": {"type": "MultiLineString", "coordinates": [[[8.4932, 49.8546], [8.4932, 49.8565], [8.4933, 49.8565], [8.4932, 49.8559], [8.4932, 49.8555], [8.4933, 49.8554], [8.4932, 49.8548], [8.4932, 49.8547], [8.4932, 49.8546]], [[8.4938, 49.8777], [8.4937, 49.8777], [8.4938, 49.8779], [8.4938, 49.8796], [8.4938, 49.8779], [8.4939, 49.8778], [8.4939, 49.8777], [8.4938, 49.8777]], [[8.5652, 49.9786], [8.5654, 49.9789], [8.5655, 49.979], [8.5656, 49.9792], [8.5657, 49.9793], [8.5658, 49.9795], [8.5659, 49.9796], [8.566, 49.9797], [8.5661, 49.9799], [8.5662, 49.9801], [8.5664, 49.9804], [8.5665, 49.9804], [8.5663, 49.9801], [8.5662, 49.9799], [8.566, 49.9797], [8.5659, 49.9796], [8.5658, 49.9795], [8.5657, 49.9793], [8.5657, 49.9792], [8.5655, 49.9789], [8.5653, 49.9786], [8.5652, 49.9786]], [[8.6056, 50.0369], [8.6054, 50.0367], [8.6051, 50.0363], [8.605, 50.036], [8.6048, 50.0358], [8.6044, 50.0353], [8.605, 50.0363], [8.6055, 50.0369], [8.6056, 50.0369]], [[8.6328, 50.0678], [8.6309, 50.0673], [8.6327, 50.0679], [8.6328, 50.0678]], [[8.4891, 49.8328], [8.4897, 49.8336]], [[8.4897, 49.8336], [8.4899, 49.8338]], [[8.4899, 49.8338], [8.49, 49.8341], [8.4904, 49.8347]], [[8.4904, 49.8347], [8.4906, 49.8351], [8.4909, 49.8355]], [[8.4909, 49.8355], [8.4914, 49.8363]], [[8.4914, 49.8363], [8.4914, 49.8364], [8.4916, 49.8366], [8.4918, 49.837], [8.4919, 49.8373], [8.4921, 49.8377], [8.4923, 49.8381], [8.4924, 49.8384], [8.4925, 49.8385], [8.4925, 49.8386], [8.4926, 49.8388], [8.4926, 49.8391], [8.4927, 49.8394], [8.4928, 49.8396], [8.4928, 49.8399], [8.4929, 49.8403], [8.493, 49.8408], [8.493, 49.8413], [8.493, 49.8415], [8.493, 49.8421], [8.493, 49.8429], [8.493, 49.8431], [8.493, 49.8434], [8.4929, 49.8441], [8.4929, 49.8449], [8.4929, 49.8453], [8.4929, 49.8455], [8.4929, 49.8469], [8.493, 49.8484], [8.493, 49.8486], [8.493, 49.8492], [8.493, 49.8495], [8.493, 49.8502], [8.493, 49.8504], [8.4931, 49.8519], [8.4931, 49.852], [8.4931, 49.8526], [8.4931, 49.8531], [8.4931, 49.8533], [8.4931, 49.854], [8.4932, 49.8552], [8.4932, 49.8562], [8.4932, 49.8565], [8.4932, 49.8572], [8.4933, 49.8597], [8.4933, 49.8605], [8.4933, 49.8615], [8.4934, 49.8631], [8.4934, 49.8641], [8.4934, 49.8653], [8.4934, 49.8667], [8.4935, 49.8688], [8.4935, 49.869], [8.4935, 49.8704], [8.4935, 49.871], [8.4936, 49.8714]], [[8.4936, 49.8714], [8.4936, 49.8716]], [[8.4936, 49.8716], [8.4936, 49.8721], [8.4936, 49.8738], [8.4936, 49.874], [8.4937, 49.8755]], [[8.4937, 49.8755], [8.4937, 49.8758], [8.4937, 49.8762], [8.4937, 49.8775], [8.4937, 49.8777], [8.4937, 49.8778], [8.4938, 49.879], [8.4938, 49.8792], [8.4938, 49.8796], [8.4938, 49.8797]], [[8.4938, 49.8797], [8.4938, 49.8804], [8.4938, 49.8812], [8.4938, 49.8824], [8.4939, 49.8829], [8.4939, 49.883], [8.4939, 49.8832], [8.4939, 49.8839], [8.4939, 49.8848], [8.4939, 49.8859], [8.4939, 49.8863], [8.494, 49.8875], [8.494, 49.8881], [8.494, 49.8884], [8.494, 49.8887], [8.494, 49.8898], [8.494, 49.8904], [8.4941, 49.892], [8.4941, 49.8927], [8.4941, 49.8939], [8.4942, 49.895], [8.4942, 49.8954]], [[8.4942, 49.8954], [8.4942, 49.8956], [8.4942, 49.8968], [8.4942, 49.8969]], [[8.4942, 49.8969], [8.4942, 49.897]], [[8.4942, 49.897], [8.4942, 49.8973], [8.4942, 49.8983], [8.4942, 49.8989], [8.4943, 49.901], [8.4943, 49.9019], [8.4944, 49.9031], [8.4944, 49.9037]], [[8.4944, 49.9037], [8.4944, 49.9044], [8.4944, 49.9046]], [[8.4944, 49.9046], [8.4944, 49.9047]], [[8.4944, 49.9047], [8.4945, 49.9051], [8.4945, 49.9052], [8.4945, 49.9055]], [[8.4945, 49.9055], [8.4945, 49.9057]], [[8.4945, 49.9057], [8.4945, 49.9067]], [[8.4945, 49.9067], [8.4946, 49.9081], [8.4946, 49.9083], [8.4946, 49.9085], [8.4947, 49.9097], [8.4947, 49.9102], [8.4948, 49.9117], [8.4948, 49.9122], [8.4949, 49.913], [8.4949, 49.9136], [8.4949, 49.9137]], [[8.4949, 49.9137], [8.4949, 49.9141]], [[8.4949, 49.9141], [8.4949, 49.9142]], [[8.4949, 49.9142], [8.495, 49.9145], [8.495, 49.9148], [8.495, 49.9151], [8.4951, 49.9156], [8.4951, 49.9161], [8.4953, 49.9167], [8.4954, 49.9173], [8.4955, 49.9175], [8.4956, 49.9177], [8.4957, 49.918], [8.4958, 49.9183]], [[8.4958, 49.9183], [8.4959, 49.9184]], [[8.4959, 49.9184], [8.496, 49.9188], [8.4961, 49.9189], [8.4962, 49.9191], [8.4964, 49.9194], [8.4966, 49.9197], [8.4967, 49.9199], [8.4969, 49.9201], [8.4971, 49.9204], [8.4971, 49.9205], [8.4972, 49.9207], [8.4974, 49.921], [8.4976, 49.9212], [8.4978, 49.9214], [8.498, 49.9216], [8.4982, 49.9218], [8.4982, 49.9219], [8.4983, 49.9219], [8.4985, 49.9222], [8.4987, 49.9223], [8.4988, 49.9224]], [[8.4988, 49.9224], [8.499, 49.9226], [8.4993, 49.9229]], [[8.4993, 49.9229], [8.4997, 49.9232], [8.4998, 49.9233], [8.5, 49.9235], [8.5011, 49.9244]], [[8.5011, 49.9244], [8.5012, 49.9245]], [[8.5012, 49.9245], [8.5017, 49.9249]], [[8.5017, 49.9249], [8.5018, 49.925], [8.5022, 49.9253]], [[8.5022, 49.9253], [8.5038, 49.9266], [8.5052, 49.9277]], [[8.5052, 49.9277], [8.5052, 49.9278]], [[8.5052, 49.9278], [8.5069, 49.9291], [8.5086, 49.9305], [8.509, 49.9308], [8.5098, 49.9314], [8.5103, 49.9318], [8.5116, 49.9328], [8.5117, 49.933], [8.5121, 49.9333], [8.5133, 49.9342], [8.5135, 49.9344], [8.5157, 49.9362], [8.5159, 49.9364], [8.517, 49.9372], [8.5183, 49.9384], [8.519, 49.9388], [8.5195, 49.9393], [8.5204, 49.94], [8.5218, 49.9411], [8.5225, 49.9417], [8.5236, 49.9426], [8.5241, 49.943], [8.5246, 49.9434], [8.5254, 49.9441], [8.5259, 49.9445], [8.5263, 49.9447], [8.5263, 49.9448]], [[8.5263, 49.9448], [8.5264, 49.9448]], [[8.5264, 49.9448], [8.5278, 49.946], [8.5287, 49.9467], [8.5288, 49.9468], [8.5295, 49.9473], [8.5297, 49.9475], [8.5307, 49.9483], [8.531, 49.9486], [8.5323, 49.9497], [8.5329, 49.9501], [8.5344, 49.9514], [8.535, 49.9518], [8.5364, 49.9529], [8.5372, 49.9536], [8.5377, 49.954], [8.5398, 49.9557], [8.5417, 49.9572], [8.5419, 49.9574], [8.5431, 49.9584], [8.5452, 49.96], [8.5466, 49.9612], [8.548, 49.9623]], [[8.548, 49.9623], [8.5484, 49.9626], [8.5487, 49.9628], [8.549, 49.9631], [8.5499, 49.9638]], [[8.5499, 49.9638], [8.5501, 49.9639]], [[8.5501, 49.9639], [8.5501, 49.964], [8.552, 49.9655], [8.5521, 49.9656], [8.5525, 49.9659], [8.5534, 49.9666], [8.5535, 49.9667], [8.5556, 49.9684], [8.5569, 49.9694]], [[8.5569, 49.9694], [8.557, 49.9695]], [[8.557, 49.9695], [8.557, 49.9696], [8.5576, 49.97], [8.5577, 49.9701], [8.559, 49.9712], [8.5597, 49.9718], [8.56, 49.972], [8.5607, 49.9725]], [[8.5607, 49.9725], [8.5607, 49.9726], [8.5608, 49.9726], [8.5609, 49.9727]], [[8.5609, 49.9727], [8.5611, 49.9729]], [[8.5611, 49.9729], [8.5612, 49.973], [8.5612, 49.9731], [8.5616, 49.9735], [8.5617, 49.9737], [8.5619, 49.9739], [8.5622, 49.9743], [8.5627, 49.9749]], [[8.5627, 49.9749], [8.5627, 49.975], [8.5631, 49.9756], [8.5633, 49.9759], [8.5635, 49.9761], [8.5635, 49.9762], [8.5639, 49.9767]], [[8.5639, 49.9767], [8.564, 49.9769]], [[8.564, 49.9769], [8.5642, 49.9772], [8.5644, 49.9775]], [[8.5644, 49.9775], [8.5646, 49.9777]], [[8.5646, 49.9777], [8.5646, 49.9778], [8.5652, 49.9787], [8.5654, 49.9789], [8.5654, 49.979], [8.5663, 49.9803], [8.5664, 49.9804], [8.5665, 49.9805], [8.5675, 49.9819]], [[8.5675, 49.9819], [8.5678, 49.9823], [8.5683, 49.9832], [8.5689, 49.984], [8.57, 49.9855], [8.5702, 49.9859], [8.5703, 49.9861]], [[8.5703, 49.9861], [8.571, 49.987], [8.5714, 49.9875], [8.5716, 49.9879], [8.5717, 49.9881], [8.5718, 49.9882], [8.5719, 49.9883], [8.5722, 49.9888]], [[8.5722, 49.9888], [8.5731, 49.9901], [8.5734, 49.9905], [8.5745, 49.9922], [8.5746, 49.9922], [8.575, 49.9929], [8.5753, 49.9933], [8.5755, 49.9936], [8.5761, 49.9945], [8.5769, 49.9956], [8.5773, 49.9962], [8.5776, 49.9965], [8.5778, 49.9969], [8.5786, 49.998], [8.5787, 49.9982], [8.5788, 49.9983], [8.579, 49.9986], [8.5792, 49.999], [8.5798, 49.9998], [8.5801, 50.0003], [8.5804, 50.0006], [8.5804, 50.0007], [8.5805, 50.0008], [8.5806, 50.001], [8.5808, 50.0012], [8.5814, 50.0021], [8.5816, 50.0024], [8.5818, 50.0027], [8.5821, 50.0031], [8.5824, 50.0035], [8.5826, 50.0038], [8.5829, 50.0043]], [[8.5829, 50.0043], [8.583, 50.0044], [8.5831, 50.0045]], [[8.5831, 50.0045], [8.5846, 50.0067], [8.5848, 50.007], [8.5848, 50.0071], [8.5852, 50.0076], [8.5852, 50.0077], [8.5854, 50.0078], [8.5854, 50.0079], [8.5861, 50.0089], [8.5873, 50.0106], [8.5879, 50.0116], [8.5884, 50.0122], [8.5891, 50.0133], [8.5893, 50.0135], [8.59, 50.0145], [8.5907, 50.0155], [8.5909, 50.0158], [8.5913, 50.0165], [8.5914, 50.0166], [8.5926, 50.0183], [8.5934, 50.0195], [8.5936, 50.0198], [8.5938, 50.02], [8.5951, 50.022], [8.596, 50.0233], [8.5967, 50.0243], [8.5973, 50.0252], [8.5979, 50.0259], [8.5986, 50.0269]], [[8.5986, 50.0269], [8.5986, 50.0271], [8.5993, 50.028], [8.5995, 50.0283], [8.5996, 50.0285], [8.6003, 50.0294], [8.6004, 50.0297], [8.6006, 50.0299], [8.6011, 50.0305], [8.6015, 50.0312], [8.6019, 50.0317]], [[8.6019, 50.0317], [8.602, 50.0319], [8.6021, 50.0321], [8.6029, 50.0332]], [[8.6029, 50.0332], [8.6031, 50.0335], [8.604, 50.0348], [8.6042, 50.0351], [8.6043, 50.0352]], [[8.6043, 50.0352], [8.6043, 50.0353], [8.6045, 50.0356], [8.6047, 50.0358], [8.605, 50.0363], [8.6054, 50.0368], [8.6056, 50.0371], [8.6058, 50.0374], [8.6065, 50.0384], [8.6068, 50.0388], [8.6068, 50.0389], [8.6075, 50.0399], [8.6081, 50.0408], [8.6084, 50.0412], [8.6085, 50.0413], [8.6089, 50.0419], [8.6096, 50.0429], [8.6108, 50.0447], [8.6114, 50.0454], [8.6114, 50.0455], [8.6117, 50.0459], [8.6121, 50.0465], [8.6124, 50.047], [8.6132, 50.0482], [8.6133, 50.0482], [8.6137, 50.0488], [8.6152, 50.051], [8.6155, 50.0513], [8.6158, 50.0518], [8.6158, 50.0519]], [[8.6158, 50.0519], [8.6159, 50.052], [8.6165, 50.0529], [8.617, 50.0536], [8.6173, 50.0541], [8.6175, 50.0542], [8.6179, 50.0549], [8.6182, 50.0553], [8.6185, 50.0557], [8.6186, 50.0559]], [[8.6186, 50.0559], [8.6187, 50.0561], [8.6188, 50.0561], [8.6189, 50.0563], [8.619, 50.0564], [8.6191, 50.0565], [8.6192, 50.0567], [8.6193, 50.0568], [8.6194, 50.0569], [8.6195, 50.057]], [[8.6195, 50.057], [8.6196, 50.0571], [8.6198, 50.0573], [8.6199, 50.0575], [8.6201, 50.0576], [8.6202, 50.0577], [8.6203, 50.0579], [8.6204, 50.058], [8.6205, 50.0581]], [[8.6205, 50.0581], [8.6206, 50.0582], [8.6207, 50.0583], [8.6208, 50.0584], [8.6209, 50.0585], [8.6209, 50.0586], [8.621, 50.0587]], [[8.621, 50.0587], [8.6211, 50.0589], [8.6212, 50.059], [8.6213, 50.0591], [8.6213, 50.0592], [8.6214, 50.0593], [8.6214, 50.0594], [8.6215, 50.0595], [8.6216, 50.0597], [8.6217, 50.0599], [8.6219, 50.0603], [8.6221, 50.0605], [8.6221, 50.0606], [8.6223, 50.061], [8.6224, 50.0612], [8.6226, 50.0614]], [[8.6226, 50.0614], [8.6227, 50.0615], [8.6228, 50.0617], [8.623, 50.062], [8.6231, 50.0622], [8.6235, 50.0629]], [[8.6235, 50.0629], [8.6237, 50.063]], [[8.6237, 50.063], [8.6238, 50.0633]], [[8.6238, 50.0633], [8.624, 50.0635], [8.6242, 50.0638], [8.6244, 50.0641], [8.6246, 50.0643], [8.6247, 50.0645], [8.625, 50.0648], [8.6254, 50.065], [8.6255, 50.0652], [8.6258, 50.0653], [8.626, 50.0655], [8.6264, 50.0657], [8.6267, 50.0659], [8.627, 50.066], [8.6274, 50.0662]], [[8.6274, 50.0662], [8.628, 50.0664], [8.6282, 50.0665], [8.6286, 50.0667], [8.6293, 50.0669], [8.6295, 50.0669], [8.6297, 50.067], [8.63, 50.0671], [8.6306, 50.0672], [8.6309, 50.0673], [8.6322, 50.0677], [8.6328, 50.0679], [8.6329, 50.0679], [8.6334, 50.0681], [8.6337, 50.0682], [8.6338, 50.0682]], [[8.6338, 50.0682], [8.6339, 50.0682], [8.634, 50.0683], [8.6341, 50.0683], [8.6342, 50.0683], [8.6343, 50.0684], [8.6344, 50.0684], [8.6346, 50.0684], [8.6347, 50.0685], [8.6348, 50.0685], [8.6349, 50.0686], [8.635, 50.0686], [8.6352, 50.0687]], [[8.6352, 50.0687], [8.6353, 50.0687]], [[8.6353, 50.0687], [8.6354, 50.0687], [8.6355, 50.0688], [8.6356, 50.0688], [8.6357, 50.0688], [8.6358, 50.0688], [8.6359, 50.0689], [8.6361, 50.069], [8.6363, 50.0691], [8.6364, 50.0691], [8.6366, 50.0692], [8.6367, 50.0692], [8.6368, 50.0692], [8.6369, 50.0693], [8.637, 50.0693]], [[8.637, 50.0693], [8.6375, 50.0695]], [[8.6375, 50.0695], [8.6377, 50.0695]], [[8.6377, 50.0695], [8.6383, 50.0697], [8.6385, 50.0698]], [[8.6385, 50.0698], [8.6386, 50.0698], [8.6388, 50.0698], [8.6389, 50.0699], [8.639, 50.0699], [8.6393, 50.0701], [8.6395, 50.0702], [8.6399, 50.0703], [8.6401, 50.0705], [8.6403, 50.0706], [8.6405, 50.0708], [8.6406, 50.0709], [8.6407, 50.0709], [8.6408, 50.071], [8.641, 50.0712], [8.6413, 50.0715], [8.6414, 50.0716], [8.6416, 50.0719], [8.6418, 50.0721], [8.6419, 50.0724], [8.642, 50.0726], [8.642, 50.0728], [8.6421, 50.0732], [8.6422, 50.0734], [8.6422, 50.0736], [8.6422, 50.0739], [8.6421, 50.0742], [8.642, 50.0744], [8.642, 50.0745], [8.642, 50.0746], [8.6419, 50.0747], [8.6417, 50.075], [8.6416, 50.0752]], [[8.6416, 50.0752], [8.6415, 50.0754]], [[8.6415, 50.0754], [8.6412, 50.0757], [8.641, 50.0759], [8.6407, 50.0763], [8.6402, 50.077], [8.6397, 50.0777], [8.6396, 50.0778], [8.6393, 50.0781], [8.639, 50.0785], [8.6385, 50.0793]], [[8.6385, 50.0793], [8.6384, 50.0795], [8.6382, 50.0797], [8.6377, 50.0804], [8.6374, 50.0807]], [[8.6374, 50.0807], [8.6372, 50.081], [8.6371, 50.0811]], [[8.6371, 50.0811], [8.6367, 50.0816], [8.6366, 50.0818], [8.6365, 50.0819], [8.6362, 50.0823]], [[8.6362, 50.0823], [8.6355, 50.0832]], [[8.6355, 50.0832], [8.6355, 50.0833], [8.6354, 50.0834]], [[8.6354, 50.0834], [8.6351, 50.0837], [8.6351, 50.0838], [8.6346, 50.0843]], [[8.6346, 50.0843], [8.6344, 50.0847]], [[8.6344, 50.0847], [8.6342, 50.0848]], [[8.6342, 50.0848], [8.6332, 50.0862]], [[8.6332, 50.0862], [8.6325, 50.0871]], [[8.6325, 50.0871], [8.6324, 50.0871]], [[8.6324, 50.0871], [8.6324, 50.0872], [8.6323, 50.0873], [8.6322, 50.0874], [8.6322, 50.0875], [8.6321, 50.0876], [8.6321, 50.0877], [8.632, 50.0877], [8.6319, 50.0879], [8.6319, 50.088], [8.6318, 50.0881]], [[8.6318, 50.0881], [8.6318, 50.0882], [8.6309, 50.0901]], [[8.6309, 50.0901], [8.6308, 50.0902]], [[8.6308, 50.0902], [8.6308, 50.0903], [8.6307, 50.0905], [8.6307, 50.0906], [8.6306, 50.0907], [8.6305, 50.0909], [8.6305, 50.0912]], [[8.6305, 50.0912], [8.6304, 50.0912], [8.6304, 50.0913]], [[8.6304, 50.0913], [8.6304, 50.0914], [8.6304, 50.0915], [8.6303, 50.0916]], [[8.6303, 50.0916], [8.6303, 50.0917], [8.6303, 50.0918], [8.6303, 50.0919], [8.6303, 50.092], [8.6303, 50.0922], [8.6303, 50.0923]], [[8.6303, 50.0923], [8.6303, 50.0925], [8.6303, 50.0926], [8.6303, 50.0927], [8.6304, 50.0928]], [[8.6304, 50.0928], [8.6304, 50.093], [8.6305, 50.0932], [8.6306, 50.0934], [8.6308, 50.0937], [8.6309, 50.0938], [8.631, 50.094], [8.6312, 50.0942], [8.6313, 50.0943], [8.6315, 50.0944], [8.6316, 50.0946], [8.6319, 50.0948], [8.6321, 50.0949], [8.6323, 50.095], [8.6327, 50.0952], [8.6333, 50.0955]], [[8.6333, 50.0955], [8.6334, 50.0955], [8.634, 50.0958], [8.6347, 50.0961], [8.635, 50.0962], [8.6354, 50.0963], [8.6357, 50.0964], [8.636, 50.0964], [8.6362, 50.0965], [8.6363, 50.0965], [8.6365, 50.0965]], [[8.6365, 50.0965], [8.6367, 50.0965], [8.6377, 50.0966]], [[8.6377, 50.0966], [8.6379, 50.0966], [8.6381, 50.0966], [8.6384, 50.0966], [8.6385, 50.0967]], [[8.6385, 50.0967], [8.6387, 50.0967], [8.639, 50.0967], [8.6392, 50.0968], [8.6395, 50.0968], [8.6398, 50.0969], [8.6399, 50.097], [8.64, 50.097], [8.6403, 50.0971], [8.6404, 50.0971], [8.6406, 50.0972], [8.6412, 50.0975], [8.6414, 50.0976]], [[8.6414, 50.0976], [8.6424, 50.0979], [8.6427, 50.0981], [8.6432, 50.0983], [8.6457, 50.0993], [8.6465, 50.0996], [8.6478, 50.1001], [8.6489, 50.1005], [8.6493, 50.1007], [8.6499, 50.1009], [8.6502, 50.101], [8.6513, 50.1015]], [[8.6513, 50.1015], [8.6514, 50.1015], [8.6517, 50.1016], [8.6519, 50.1017], [8.6524, 50.1018]], [[8.6524, 50.1018], [8.6531, 50.1021], [8.6539, 50.1024], [8.654, 50.1024], [8.6544, 50.1026], [8.6548, 50.1027]], [[8.6548, 50.1027], [8.655, 50.1028], [8.6551, 50.1028]], [[8.6551, 50.1028], [8.6558, 50.1031]], [[8.6558, 50.1031], [8.6561, 50.1032]], [[8.6561, 50.1032], [8.6568, 50.1035], [8.6572, 50.1036]], [[8.661, 50.1051], [8.6594, 50.1045], [8.6593, 50.1045], [8.6585, 50.1042], [8.6584, 50.1041], [8.6576, 50.1038], [8.6574, 50.1037], [8.6572, 50.1036]], [[8.6611, 50.1052], [8.661, 50.1051]], [[8.6618, 50.1054], [8.6616, 50.1054], [8.6611, 50.1052]], [[8.6636, 50.1062], [8.6632, 50.106], [8.6625, 50.1057], [8.6623, 50.1056], [8.6618, 50.1054]], [[8.6056, 50.0372], [8.605, 50.0363], [8.6045, 50.0356], [8.6044, 50.0356], [8.6049, 50.0363], [8.6052, 50.0367], [8.6052, 50.0368], [8.6053, 50.037], [8.6055, 50.0373], [8.6056, 50.0373], [8.6056, 50.0372]], [[8.5817, 50.0027], [8.5814, 50.0023], [8.5811, 50.0019], [8.5811, 50.0018], [8.581, 50.0018], [8.5809, 50.0016], [8.5807, 50.0013], [8.5806, 50.0012], [8.5806, 50.0011], [8.5805, 50.0011], [8.5804, 50.0009], [8.5806, 50.0011], [8.5807, 50.0012], [8.5809, 50.0015], [8.5814, 50.0023], [8.5817, 50.0027]], [[8.4936, 49.8775], [8.4936, 49.8771], [8.4935, 49.8756], [8.4936, 49.8756], [8.4936, 49.8771], [8.4936, 49.8775]], [[8.4931, 49.854], [8.493, 49.8533], [8.493, 49.8528], [8.493, 49.8521], [8.493, 49.8533], [8.493, 49.8539], [8.493, 49.854], [8.4929, 49.854], [8.4929, 49.8541], [8.493, 49.8541], [8.493, 49.854], [8.4931, 49.854]], [[8.6572, 50.1036], [8.6568, 50.1035], [8.6565, 50.1034]], [[8.6565, 50.1034], [8.6563, 50.1034], [8.6562, 50.1033]], [[8.6562, 50.1033], [8.6558, 50.1031]], [[8.6558, 50.1031], [8.6552, 50.1029]], [[8.6552, 50.1029], [8.6547, 50.1027]], [[8.6547, 50.1027], [8.654, 50.1024]], [[8.654, 50.1024], [8.6536, 50.1023], [8.653, 50.1021]], [[8.653, 50.1021], [8.6524, 50.1019]], [[8.6524, 50.1019], [8.6522, 50.1018], [8.652, 50.1018], [8.6519, 50.1017], [8.6514, 50.1015], [8.6503, 50.1011]], [[8.6503, 50.1011], [8.6492, 50.1007], [8.6489, 50.1006], [8.6477, 50.1001], [8.6469, 50.0998], [8.6456, 50.0993], [8.6446, 50.0989], [8.6432, 50.0983], [8.6428, 50.0982], [8.6421, 50.0979], [8.6414, 50.0976]], [[8.6414, 50.0976], [8.6405, 50.0972], [8.6403, 50.0971], [8.64, 50.097], [8.6399, 50.097], [8.6397, 50.0969], [8.6395, 50.0969], [8.6393, 50.0968], [8.639, 50.0968], [8.6386, 50.0967]], [[8.6386, 50.0967], [8.6383, 50.0967], [8.6379, 50.0966], [8.6377, 50.0966]], [[8.6377, 50.0966], [8.6374, 50.0966], [8.637, 50.0966], [8.6367, 50.0966], [8.6365, 50.0966]], [[8.6365, 50.0966], [8.6363, 50.0965], [8.6361, 50.0965], [8.636, 50.0965], [8.6357, 50.0964], [8.6354, 50.0964], [8.6353, 50.0963], [8.6349, 50.0962], [8.6341, 50.0959], [8.634, 50.0958], [8.6333, 50.0955]], [[8.6333, 50.0955], [8.633, 50.0954], [8.6327, 50.0952], [8.6324, 50.0951], [8.6323, 50.0951], [8.6321, 50.0949], [8.6319, 50.0948], [8.6316, 50.0946], [8.6314, 50.0945], [8.6313, 50.0943], [8.6312, 50.0942], [8.631, 50.094], [8.6308, 50.0938], [8.6307, 50.0936], [8.6305, 50.0934], [8.6305, 50.0932], [8.6304, 50.093], [8.6303, 50.0928]], [[8.6303, 50.0928], [8.6303, 50.0927], [8.6302, 50.0926], [8.6302, 50.0924], [8.6302, 50.0923]], [[8.6302, 50.0923], [8.6302, 50.0921], [8.6302, 50.092], [8.6302, 50.0919], [8.6303, 50.0918], [8.6303, 50.0916]], [[8.6303, 50.0916], [8.6303, 50.0915], [8.6303, 50.0914], [8.6304, 50.0913]], [[8.6304, 50.0913], [8.6304, 50.0912]], [[8.6304, 50.0912], [8.6305, 50.0908], [8.6306, 50.0905], [8.6307, 50.0903]], [[8.6307, 50.0903], [8.6308, 50.0901]], [[8.6308, 50.0901], [8.6313, 50.0892], [8.6317, 50.0882], [8.6318, 50.0881]], [[8.6318, 50.0881], [8.6318, 50.088]], [[8.6318, 50.088], [8.6319, 50.0879], [8.6319, 50.0878], [8.632, 50.0877], [8.632, 50.0876], [8.6321, 50.0875], [8.6321, 50.0874], [8.6322, 50.0873], [8.6323, 50.0872], [8.6324, 50.0871], [8.6324, 50.087], [8.6331, 50.0862]], [[8.6331, 50.0862], [8.6342, 50.0848]], [[8.6342, 50.0848], [8.6343, 50.0847]], [[8.6343, 50.0847], [8.6343, 50.0846]], [[8.6343, 50.0846], [8.6346, 50.0843]], [[8.6346, 50.0843], [8.6348, 50.084], [8.6349, 50.0839]], [[8.6349, 50.0839], [8.635, 50.0838], [8.6352, 50.0835], [8.6353, 50.0833], [8.6354, 50.0832], [8.6357, 50.0827], [8.6358, 50.0827], [8.6358, 50.0826], [8.6363, 50.0819], [8.6363, 50.0818], [8.6364, 50.0818], [8.6366, 50.0815], [8.6369, 50.0811]], [[8.6369, 50.0811], [8.6372, 50.0806]], [[8.6372, 50.0806], [8.6375, 50.0803], [8.6377, 50.0801], [8.638, 50.0798], [8.638, 50.0797], [8.6382, 50.0794], [8.6384, 50.0793]], [[8.6384, 50.0793], [8.6387, 50.0788], [8.6389, 50.0785], [8.6391, 50.0783]], [[8.6391, 50.0783], [8.6393, 50.0781], [8.6397, 50.0775], [8.6401, 50.0771], [8.6403, 50.0767], [8.6407, 50.0763], [8.641, 50.0759], [8.6412, 50.0757], [8.6414, 50.0754]], [[8.6414, 50.0754], [8.6416, 50.0752]], [[8.6416, 50.0752], [8.6417, 50.075], [8.6419, 50.0746], [8.6419, 50.0745], [8.642, 50.0744], [8.642, 50.0742], [8.6421, 50.0739], [8.6421, 50.0736], [8.6421, 50.0734], [8.6421, 50.0733], [8.6421, 50.0732], [8.642, 50.0728], [8.6419, 50.0726], [8.6418, 50.0725], [8.6417, 50.0722], [8.6416, 50.0719], [8.6414, 50.0717], [8.6412, 50.0715], [8.641, 50.0712], [8.6407, 50.071], [8.6406, 50.0709], [8.6405, 50.0708], [8.6402, 50.0706], [8.64, 50.0705], [8.6398, 50.0704], [8.6395, 50.0702], [8.6393, 50.0701], [8.639, 50.07], [8.6387, 50.0699], [8.6385, 50.0698], [8.6379, 50.0696], [8.6374, 50.0695]], [[8.6374, 50.0695], [8.6361, 50.0691]], [[8.6361, 50.0691], [8.636, 50.0691], [8.6359, 50.069]], [[8.6359, 50.069], [8.6354, 50.0689], [8.6353, 50.0688], [8.635, 50.0688], [8.6349, 50.0687], [8.6347, 50.0687], [8.6345, 50.0687], [8.6343, 50.0686], [8.6341, 50.0686], [8.634, 50.0686], [8.6339, 50.0685], [8.6338, 50.0685], [8.6337, 50.0685]], [[8.6337, 50.0685], [8.6335, 50.0684], [8.633, 50.0683], [8.6326, 50.0681], [8.6325, 50.0681], [8.6321, 50.068], [8.6317, 50.0679], [8.6314, 50.0678], [8.6312, 50.0677], [8.6308, 50.0676]], [[8.6308, 50.0676], [8.6293, 50.0673], [8.629, 50.0672], [8.6286, 50.0671], [8.6285, 50.067], [8.6283, 50.067], [8.6281, 50.067], [8.628, 50.0669], [8.6279, 50.0669], [8.6278, 50.0669], [8.6277, 50.0668], [8.6276, 50.0668], [8.6275, 50.0668], [8.6274, 50.0667], [8.6273, 50.0667], [8.6271, 50.0666], [8.627, 50.0666], [8.6269, 50.0665], [8.6268, 50.0665]], [[8.6268, 50.0665], [8.6267, 50.0664], [8.6266, 50.0664], [8.6264, 50.0663], [8.6263, 50.0662], [8.6261, 50.0662], [8.626, 50.0661], [8.6259, 50.066]], [[8.6259, 50.066], [8.6256, 50.0658], [8.6254, 50.0657], [8.6253, 50.0655], [8.6251, 50.0654], [8.625, 50.0653], [8.6249, 50.0652], [8.6248, 50.0651], [8.6247, 50.065], [8.6246, 50.0648], [8.6245, 50.0646], [8.6244, 50.0645], [8.6243, 50.0644], [8.6242, 50.0642], [8.624, 50.0639], [8.6238, 50.0635], [8.6237, 50.0634], [8.6237, 50.0633]], [[8.6237, 50.0633], [8.6236, 50.0632]], [[8.6236, 50.0632], [8.6235, 50.0631]], [[8.6235, 50.0631], [8.6234, 50.0629], [8.6228, 50.0621], [8.6227, 50.0618]], [[8.6227, 50.0618], [8.6226, 50.0618], [8.6224, 50.0614], [8.622, 50.0609]], [[8.622, 50.0609], [8.6212, 50.0597], [8.6198, 50.0577], [8.6188, 50.0562], [8.6187, 50.0561], [8.6184, 50.0557], [8.6182, 50.0553], [8.6181, 50.0552], [8.6178, 50.0549], [8.6174, 50.0542], [8.6173, 50.0541], [8.6168, 50.0534], [8.6165, 50.0529], [8.6158, 50.0519]], [[8.6158, 50.0519], [8.6157, 50.0518], [8.6154, 50.0514], [8.6152, 50.051], [8.6145, 50.0501], [8.6142, 50.0497], [8.6136, 50.0487], [8.6132, 50.0482], [8.6131, 50.048], [8.6124, 50.047], [8.612, 50.0465], [8.6116, 50.0459], [8.6113, 50.0455], [8.6108, 50.0447], [8.6099, 50.0435], [8.6098, 50.0432], [8.6088, 50.0418]], [[8.6088, 50.0418], [8.6085, 50.0413], [8.6081, 50.0408], [8.6078, 50.0404], [8.6075, 50.0399], [8.6064, 50.0384], [8.6058, 50.0374], [8.6056, 50.0372], [8.6054, 50.0368], [8.605, 50.0363], [8.6047, 50.0359], [8.6043, 50.0354]], [[8.6043, 50.0354], [8.6042, 50.0352], [8.604, 50.0349], [8.6038, 50.0346], [8.6037, 50.0345], [8.6036, 50.0344], [8.6029, 50.0333], [8.6026, 50.0329]], [[8.6026, 50.0329], [8.6024, 50.0325], [8.6022, 50.0323], [8.602, 50.0321], [8.6018, 50.0317], [8.6013, 50.031], [8.601, 50.0306], [8.6006, 50.0299], [8.6004, 50.0298], [8.6002, 50.0294], [8.5995, 50.0283], [8.5993, 50.0281], [8.5989, 50.0275], [8.5986, 50.0271], [8.5985, 50.027]], [[8.5985, 50.027], [8.5973, 50.0252], [8.5967, 50.0243], [8.596, 50.0233], [8.5951, 50.022], [8.5937, 50.02], [8.5936, 50.0199], [8.5926, 50.0184], [8.5925, 50.0183], [8.5914, 50.0166], [8.5913, 50.0165], [8.5908, 50.0158], [8.5906, 50.0155], [8.5892, 50.0135], [8.5891, 50.0133], [8.5884, 50.0123], [8.5883, 50.0122], [8.5879, 50.0116], [8.5872, 50.0106], [8.5861, 50.009], [8.5848, 50.0071], [8.5842, 50.0062], [8.584, 50.006], [8.583, 50.0046]], [[8.583, 50.0046], [8.5829, 50.0044], [8.5829, 50.0043]], [[8.5829, 50.0043], [8.5828, 50.0042], [8.5825, 50.0038], [8.5823, 50.0036], [8.5823, 50.0035], [8.5819, 50.0029], [8.5817, 50.0027], [8.5813, 50.0021], [8.5809, 50.0015], [8.5805, 50.0009], [8.5801, 50.0003], [8.5796, 49.9995], [8.5789, 49.9986], [8.5788, 49.9984], [8.5778, 49.9969], [8.5775, 49.9966], [8.5769, 49.9956], [8.5761, 49.9945], [8.5755, 49.9936], [8.5753, 49.9933], [8.575, 49.9929], [8.5745, 49.9922], [8.5734, 49.9906], [8.573, 49.9901], [8.5721, 49.9888]], [[8.5721, 49.9888], [8.5718, 49.9883], [8.5717, 49.9881], [8.5715, 49.9879], [8.5709, 49.987], [8.5703, 49.9861]], [[8.5703, 49.9861], [8.5701, 49.9859], [8.5695, 49.985], [8.5694, 49.9849], [8.5694, 49.9848], [8.5688, 49.984], [8.5687, 49.9838], [8.5678, 49.9824], [8.5677, 49.9824], [8.5674, 49.9819], [8.5668, 49.981], [8.5665, 49.9806], [8.5661, 49.98], [8.5658, 49.9796], [8.5656, 49.9793], [8.5655, 49.9792], [8.5653, 49.9789], [8.5646, 49.9778], [8.5645, 49.9778]], [[8.5645, 49.9778], [8.5644, 49.9775]], [[8.5644, 49.9775], [8.5642, 49.9773], [8.5641, 49.9771], [8.564, 49.977]], [[8.564, 49.977], [8.5638, 49.9767]], [[8.5638, 49.9767], [8.5636, 49.9764], [8.5632, 49.9759], [8.5626, 49.975], [8.5622, 49.9744], [8.562, 49.9742]], [[8.562, 49.9742], [8.5619, 49.9739], [8.5615, 49.9735], [8.5612, 49.9731], [8.5611, 49.973], [8.561, 49.9729]], [[8.561, 49.9729], [8.5608, 49.9727]], [[8.5608, 49.9727], [8.5607, 49.9727], [8.5607, 49.9726], [8.5598, 49.9719], [8.5597, 49.9718], [8.5596, 49.9717], [8.559, 49.9712], [8.5585, 49.9708], [8.5577, 49.9701], [8.5576, 49.9701], [8.5575, 49.97], [8.557, 49.9696], [8.5569, 49.9696]], [[8.5569, 49.9696], [8.5568, 49.9695]], [[8.5568, 49.9695], [8.5535, 49.9668], [8.5533, 49.9666], [8.5525, 49.966], [8.5521, 49.9656], [8.5516, 49.9653], [8.55, 49.964], [8.55, 49.9639]], [[8.55, 49.9639], [8.5498, 49.9638]], [[8.5498, 49.9638], [8.549, 49.9631], [8.5486, 49.9629], [8.5484, 49.9626], [8.5479, 49.9623]], [[8.5479, 49.9623], [8.5468, 49.9613], [8.5466, 49.9612], [8.5452, 49.9601], [8.5433, 49.9585], [8.5431, 49.9584], [8.5419, 49.9574], [8.5417, 49.9573], [8.5398, 49.9557], [8.5381, 49.9543], [8.5376, 49.954], [8.5371, 49.9536], [8.5363, 49.9529], [8.535, 49.9518], [8.5344, 49.9514], [8.5329, 49.9502], [8.5328, 49.9501], [8.5323, 49.9497], [8.531, 49.9486], [8.5306, 49.9483], [8.5294, 49.9474], [8.5294, 49.9473], [8.5288, 49.9468], [8.5286, 49.9467], [8.5281, 49.9463], [8.5277, 49.946], [8.5276, 49.9459], [8.5263, 49.9449]], [[8.5263, 49.9449], [8.5262, 49.9448]], [[8.5262, 49.9448], [8.5261, 49.9446], [8.5259, 49.9445], [8.5242, 49.9431], [8.5239, 49.9429], [8.5236, 49.9426], [8.5229, 49.9421], [8.5228, 49.942], [8.5225, 49.9417], [8.5218, 49.9412], [8.5204, 49.94], [8.5195, 49.9393], [8.5189, 49.9389], [8.5183, 49.9384], [8.5169, 49.9373], [8.5157, 49.9362], [8.5156, 49.9362], [8.5134, 49.9344], [8.5132, 49.9343], [8.5124, 49.9336], [8.5121, 49.9333], [8.512, 49.9333], [8.5103, 49.9319], [8.5098, 49.9315], [8.5089, 49.9308], [8.5085, 49.9305], [8.5069, 49.9291], [8.5062, 49.9286], [8.5061, 49.9285], [8.5052, 49.9278]], [[8.5052, 49.9278], [8.5051, 49.9277]], [[8.5051, 49.9277], [8.505, 49.9276], [8.5037, 49.9266], [8.5034, 49.9263], [8.5022, 49.9254]], [[8.5022, 49.9254], [8.5017, 49.925], [8.5016, 49.9249]], [[8.5016, 49.9249], [8.5014, 49.9247]], [[8.5014, 49.9247], [8.5012, 49.9245]], [[8.5011, 49.9244], [8.5003, 49.9238], [8.4997, 49.9233], [8.4994, 49.9231], [8.4992, 49.9229]], [[8.4992, 49.9229], [8.4987, 49.9225]], [[8.4987, 49.9225], [8.4986, 49.9224], [8.4984, 49.9221], [8.4982, 49.9219], [8.498, 49.9217], [8.4978, 49.9214], [8.4975, 49.9211], [8.4973, 49.9208], [8.4972, 49.9207], [8.4971, 49.9205], [8.497, 49.9204], [8.4967, 49.92], [8.4966, 49.9198], [8.4965, 49.9197], [8.4963, 49.9194], [8.4961, 49.9191], [8.496, 49.9189], [8.4959, 49.9187], [8.4958, 49.9184]], [[8.4958, 49.9184], [8.4958, 49.9183]], [[8.4958, 49.9183], [8.4957, 49.918], [8.4956, 49.9178], [8.4955, 49.9176], [8.4954, 49.9173], [8.4953, 49.917], [8.4952, 49.9166], [8.4951, 49.9161], [8.495, 49.9156], [8.4949, 49.9151], [8.4949, 49.9149], [8.4949, 49.9146], [8.4949, 49.9142]], [[8.4949, 49.9141], [8.4949, 49.9139], [8.4948, 49.9135], [8.4948, 49.912]], [[8.4948, 49.912], [8.4947, 49.9114], [8.4946, 49.9097], [8.4946, 49.9083], [8.4946, 49.9081], [8.4945, 49.9076], [8.4945, 49.9071], [8.4945, 49.9063]], [[8.4945, 49.9063], [8.4945, 49.9062], [8.4944, 49.9058], [8.4944, 49.9057]], [[8.4944, 49.9057], [8.4944, 49.9055]], [[8.4944, 49.9055], [8.4944, 49.9052], [8.4944, 49.9048]], [[8.4944, 49.9048], [8.4944, 49.9047]], [[8.4944, 49.9046], [8.4944, 49.9044], [8.4943, 49.904], [8.4943, 49.9039], [8.4943, 49.9037], [8.4943, 49.9034], [8.4943, 49.9031], [8.4943, 49.9017], [8.4943, 49.9013], [8.4942, 49.901], [8.4942, 49.9003], [8.4942, 49.8993], [8.4942, 49.8989], [8.4941, 49.8973], [8.4941, 49.8972], [8.4941, 49.897]], [[8.4941, 49.897], [8.4941, 49.8969]], [[8.4941, 49.8969], [8.4941, 49.8959], [8.4941, 49.8956], [8.4941, 49.895], [8.4941, 49.8939], [8.494, 49.8927], [8.494, 49.892], [8.494, 49.8918], [8.494, 49.8917], [8.494, 49.8913], [8.494, 49.8899], [8.4939, 49.8887], [8.4939, 49.8884], [8.4939, 49.8881], [8.4939, 49.8875], [8.4938, 49.8863], [8.4938, 49.8859], [8.4938, 49.8848], [8.4938, 49.8839], [8.4938, 49.8832], [8.4938, 49.8829], [8.4938, 49.8825], [8.4937, 49.8818], [8.4937, 49.8812], [8.4937, 49.881], [8.4937, 49.8804], [8.4937, 49.8798]], [[8.4937, 49.8798], [8.4937, 49.8796], [8.4937, 49.8792], [8.4937, 49.879], [8.4937, 49.8778], [8.4936, 49.8766]], [[8.4936, 49.8766], [8.4936, 49.8758], [8.4936, 49.8756], [8.4936, 49.8755]], [[8.4936, 49.8755], [8.4936, 49.8738], [8.4936, 49.8733], [8.4935, 49.8729], [8.4935, 49.8722], [8.4935, 49.8721], [8.4935, 49.8715]], [[8.4935, 49.8715], [8.4935, 49.8714]], [[8.4935, 49.8714], [8.4935, 49.8704], [8.4934, 49.869], [8.4934, 49.8688], [8.4934, 49.8667], [8.4933, 49.8653], [8.4933, 49.8641], [8.4933, 49.8631], [8.4933, 49.8629], [8.4932, 49.8616], [8.4932, 49.8601], [8.4932, 49.8598], [8.4931, 49.8578], [8.4931, 49.8573]], [[8.4931, 49.8573], [8.4931, 49.8548]], [[8.4931, 49.8548], [8.4931, 49.8547]], [[8.4931, 49.8547], [8.4931, 49.854], [8.493, 49.8531], [8.493, 49.8526]], [[8.493, 49.8526], [8.493, 49.8521], [8.493, 49.852], [8.493, 49.8504], [8.493, 49.8502], [8.493, 49.8495], [8.4929, 49.8486], [8.4929, 49.8484], [8.4929, 49.8476], [8.4929, 49.847], [8.4929, 49.8455], [8.4929, 49.8453], [8.4929, 49.8449], [8.4929, 49.8441], [8.4929, 49.8434], [8.4929, 49.8431], [8.4929, 49.8425], [8.4929, 49.8422], [8.493, 49.8415], [8.4929, 49.8413], [8.4929, 49.8403], [8.4928, 49.8399], [8.4927, 49.8397], [8.4927, 49.8394], [8.4926, 49.8391], [8.4925, 49.8389], [8.4924, 49.8386], [8.4923, 49.8382], [8.4923, 49.8381], [8.4921, 49.8377], [8.4919, 49.8373], [8.4918, 49.8371], [8.4915, 49.8366], [8.4912, 49.8362], [8.4906, 49.8352]], [[8.4906, 49.8352], [8.4905, 49.8351]], [[8.4905, 49.8351], [8.4899, 49.8344]], [[8.4899, 49.8344], [8.4899, 49.8343], [8.4898, 49.8343]], [[8.4898, 49.8343], [8.4896, 49.834], [8.4894, 49.8338]], [[8.4894, 49.8338], [8.4893, 49.8336], [8.4892, 49.8334], [8.4891, 49.8333]], [[8.4891, 49.8333], [8.4888, 49.8329]]]}, "properties": {"ref": "S7", "opened_year": 1978, "is_tunnel": false, "segment_count": 224}}, {"type": "Feature", "geometry": {"type": "MultiLineString", "coordinates": [[[8.2448, 50.0691], [8.2451, 50.0687], [8.2453, 50.0684], [8.2454, 50.0681], [8.2455, 50.0681], [8.2454, 50.0683], [8.2454, 50.0684], [8.2453, 50.0685], [8.2452, 50.0687], [8.2449, 50.0691], [8.2449, 50.0693], [8.2446, 50.0697], [8.2443, 50.0702], [8.2441, 50.0706], [8.244, 50.0706], [8.2443, 50.0702], [8.2445, 50.0697], [8.2448, 50.0692], [8.2448, 50.0691]], [[8.2461, 50.0201], [8.2464, 50.0202], [8.2467, 50.0202], [8.2469, 50.0203], [8.2486, 50.0205], [8.2489, 50.0206], [8.2489, 50.0205], [8.2488, 50.0205], [8.2487, 50.0205], [8.2486, 50.0205], [8.2485, 50.0205], [8.2484, 50.0204], [8.2482, 50.0204], [8.248, 50.0204], [8.2478, 50.0204], [8.2477, 50.0204], [8.2476, 50.0203], [8.2473, 50.0203], [8.2472, 50.0203], [8.2471, 50.0203], [8.247, 50.0202], [8.2469, 50.0202], [8.2468, 50.0202], [8.2466, 50.0202], [8.2464, 50.0202], [8.2464, 50.0201], [8.2463, 50.0201], [8.2462, 50.0201], [8.2461, 50.0201]], [[8.5703, 50.0509], [8.5711, 50.0511], [8.5716, 50.0512], [8.5719, 50.0513], [8.5726, 50.0515], [8.573, 50.0516], [8.573, 50.0515], [8.5729, 50.0515], [8.5727, 50.0515], [8.5727, 50.0514], [8.5726, 50.0514], [8.572, 50.0513], [8.572, 50.0512], [8.5719, 50.0512], [8.5718, 50.0512], [8.5717, 50.0512], [8.5714, 50.0511], [8.5712, 50.0511], [8.5713, 50.0511], [8.5712, 50.051], [8.5711, 50.0511], [8.5705, 50.0509], [8.5704, 50.0509], [8.5704, 50.0508], [8.5703, 50.0508], [8.5703, 50.0509], [8.5702, 50.0508], [8.5701, 50.0508], [8.57, 50.0508], [8.5703, 50.0509]], [[8.7848, 50.1027], [8.7849, 50.1027], [8.786, 50.1028], [8.786, 50.1029], [8.7853, 50.1028], [8.7849, 50.1028], [8.7848, 50.1028], [8.784, 50.1027], [8.7838, 50.1027], [8.7831, 50.1027], [8.7831, 50.1026], [8.7836, 50.1026], [8.7838, 50.1026], [8.7841, 50.1026], [8.7848, 50.1027]], [[8.9062, 50.1212], [8.9065, 50.1213], [8.9066, 50.1214], [8.9067, 50.1214], [8.9069, 50.1215], [8.907, 50.1215], [8.9072, 50.1216], [8.9073, 50.1217], [8.9076, 50.1218], [8.9079, 50.122], [8.9086, 50.1223], [8.9085, 50.1224], [8.9073, 50.1217], [8.9071, 50.1216], [8.907, 50.1215], [8.9069, 50.1215], [8.9066, 50.1214], [8.9065, 50.1213], [8.9062, 50.1212]], [[8.2448, 50.0691], [8.2448, 50.0692], [8.2441, 50.0704]], [[8.2453, 50.0683], [8.2448, 50.0691]], [[8.2457, 50.0675], [8.2454, 50.0681], [8.2453, 50.0683]], [[8.2457, 50.0675], [8.2459, 50.0672], [8.246, 50.067]], [[8.246, 50.067], [8.246, 50.0668], [8.2461, 50.0666]], [[8.2461, 50.0666], [8.2463, 50.066]], [[8.2463, 50.066], [8.2464, 50.0659], [8.2465, 50.0655]], [[8.2465, 50.0655], [8.2467, 50.0652]], [[8.2467, 50.0652], [8.2469, 50.0649], [8.247, 50.0647], [8.2473, 50.0642], [8.2474, 50.064], [8.2476, 50.0638], [8.2478, 50.0634]], [[8.2478, 50.0634], [8.2481, 50.0631]], [[8.2481, 50.0631], [8.2483, 50.0629], [8.2486, 50.0626], [8.2486, 50.0625], [8.2488, 50.0622], [8.2492, 50.0618], [8.2495, 50.0615]], [[8.2495, 50.0615], [8.2498, 50.0612], [8.2501, 50.0609], [8.2505, 50.0606], [8.2509, 50.0603], [8.252, 50.0596], [8.2524, 50.0593], [8.2527, 50.059], [8.2529, 50.0588], [8.2532, 50.0585], [8.2534, 50.0582], [8.2536, 50.0578], [8.2539, 50.0571], [8.2541, 50.0567], [8.2545, 50.0558], [8.2548, 50.055], [8.2549, 50.0548], [8.255, 50.0544], [8.2551, 50.0542], [8.2552, 50.054]], [[8.2552, 50.054], [8.2554, 50.0535], [8.2555, 50.0529], [8.2555, 50.0527], [8.2555, 50.0524], [8.2556, 50.0519]], [[8.2556, 50.0519], [8.2556, 50.0516], [8.2556, 50.0512], [8.2556, 50.0506], [8.2556, 50.0501], [8.2555, 50.0495], [8.2555, 50.0491], [8.2553, 50.0482]], [[8.2553, 50.0482], [8.2553, 50.0478], [8.2551, 50.0468], [8.2551, 50.0466]], [[8.2551, 50.0466], [8.255, 50.0462], [8.2549, 50.0457], [8.2549, 50.0455], [8.2549, 50.0454], [8.2549, 50.0452], [8.2549, 50.045], [8.2549, 50.0448]], [[8.2549, 50.0448], [8.2549, 50.0447]], [[8.2549, 50.0447], [8.255, 50.044], [8.2551, 50.0437], [8.2551, 50.0434]], [[8.2553, 50.043], [8.2551, 50.0434]], [[8.2553, 50.043], [8.2555, 50.0427], [8.2556, 50.0424], [8.2558, 50.0421], [8.2561, 50.0418], [8.2562, 50.0416], [8.2563, 50.0415], [8.2564, 50.0415], [8.2566, 50.0413], [8.2568, 50.041], [8.2572, 50.0406], [8.2574, 50.0404], [8.2575, 50.0403], [8.2578, 50.0399], [8.2583, 50.0394], [8.2592, 50.0385], [8.2594, 50.0383], [8.2596, 50.0381], [8.26, 50.0378], [8.2603, 50.0375], [8.2606, 50.0373], [8.2609, 50.0371], [8.2619, 50.0364], [8.2624, 50.0361], [8.2629, 50.0357], [8.2632, 50.0356], [8.2635, 50.0354], [8.2646, 50.0349], [8.2655, 50.0345], [8.2661, 50.0342]], [[8.2661, 50.0342], [8.2663, 50.034]], [[8.2663, 50.034], [8.2665, 50.0339], [8.2667, 50.0337], [8.2669, 50.0336], [8.267, 50.0334], [8.2671, 50.0333], [8.2672, 50.0331], [8.2673, 50.033], [8.2674, 50.0329], [8.2675, 50.0327], [8.2675, 50.0326], [8.2676, 50.0324], [8.2677, 50.0323], [8.2677, 50.0321], [8.2677, 50.032], [8.2677, 50.0318], [8.2677, 50.0317], [8.2677, 50.0315], [8.2677, 50.0314], [8.2677, 50.0312], [8.2677, 50.031], [8.2676, 50.0309], [8.2675, 50.0307], [8.2675, 50.0306]], [[8.2675, 50.0306], [8.2675, 50.0305], [8.2674, 50.0304], [8.2673, 50.0303], [8.2673, 50.0302], [8.2672, 50.0301], [8.2672, 50.03]], [[8.2672, 50.03], [8.2671, 50.03], [8.267, 50.0299], [8.267, 50.0298]], [[8.267, 50.0298], [8.2668, 50.0296], [8.2667, 50.0295], [8.2665, 50.0294], [8.2663, 50.0292], [8.2661, 50.0291], [8.266, 50.029], [8.2658, 50.0289], [8.2656, 50.0288], [8.2651, 50.0285]], [[8.2651, 50.0285], [8.2647, 50.0283]], [[8.2647, 50.0283], [8.2644, 50.0281]], [[8.2644, 50.0281], [8.2621, 50.0269], [8.2612, 50.0264]], [[8.2612, 50.0264], [8.2598, 50.0257], [8.2565, 50.024], [8.2554, 50.0234], [8.2552, 50.0233], [8.2517, 50.0215]], [[8.2517, 50.0215], [8.2512, 50.0213]], [[8.2512, 50.0213], [8.2508, 50.0211], [8.2503, 50.0209], [8.2499, 50.0208], [8.2496, 50.0207], [8.2493, 50.0206], [8.2491, 50.0206]], [[8.2491, 50.0206], [8.2489, 50.0206]], [[8.2489, 50.0206], [8.2484, 50.0205], [8.2471, 50.0203], [8.2468, 50.0203], [8.2466, 50.0202], [8.2465, 50.0202], [8.2462, 50.0202], [8.2458, 50.0201]], [[8.2458, 50.0201], [8.2457, 50.02], [8.2455, 50.02]], [[8.2455, 50.02], [8.2452, 50.0199], [8.2449, 50.0198], [8.2446, 50.0196]], [[8.2441, 50.0193], [8.2444, 50.0195], [8.2446, 50.0196]], [[8.2441, 50.0193], [8.2439, 50.0192], [8.2436, 50.019], [8.2434, 50.0188], [8.2432, 50.0186], [8.243, 50.0184], [8.2429, 50.0182], [8.2428, 50.018], [8.2427, 50.0178], [8.2426, 50.0176], [8.2425, 50.0175], [8.2425, 50.0173], [8.2424, 50.017], [8.2424, 50.0169], [8.2424, 50.0167], [8.2424, 50.0166], [8.2424, 50.0164], [8.2425, 50.0163]], [[8.2425, 50.0163], [8.2425, 50.0161], [8.2426, 50.0159]], [[8.2461, 50.012], [8.2458, 50.0123], [8.245, 50.013], [8.2448, 50.0132], [8.2444, 50.0135], [8.2441, 50.0138], [8.2439, 50.0139], [8.2436, 50.0143], [8.2432, 50.0148], [8.243, 50.0151], [8.2427, 50.0156], [8.2426, 50.0159]], [[8.2476, 50.0109], [8.2467, 50.0116], [8.2461, 50.012]], [[8.249, 50.0098], [8.2484, 50.0103], [8.2476, 50.0109]], [[8.25, 50.0089], [8.2497, 50.0092], [8.2495, 50.0094], [8.249, 50.0098]], [[8.2508, 50.0082], [8.25, 50.0089]], [[8.2509, 50.0081], [8.2508, 50.0082]], [[8.2542, 50.0053], [8.2539, 50.0056], [8.2522, 50.0071], [8.2509, 50.0081]], [[8.2544, 50.0052], [8.2542, 50.0053]], [[8.255, 50.0047], [8.2544, 50.0052]], [[8.2561, 50.0037], [8.2556, 50.0042], [8.255, 50.0047]], [[8.2562, 50.0036], [8.2562, 50.0037], [8.2561, 50.0037]], [[8.2562, 50.0036], [8.2564, 50.0034], [8.2565, 50.0033], [8.2567, 50.003], [8.2568, 50.003], [8.2571, 50.0027], [8.2573, 50.0024], [8.2576, 50.002], [8.2578, 50.0019], [8.258, 50.0016]], [[8.258, 50.0016], [8.2581, 50.0015]], [[8.2581, 50.0015], [8.2584, 50.0012], [8.2586, 50.001]], [[8.2586, 50.001], [8.2586, 50.0009]], [[8.2586, 50.0009], [8.2593, 50.0002]], [[8.2593, 50.0002], [8.2595, 50.0]], [[8.2595, 50.0], [8.2597, 49.9997]], [[8.2597, 49.9997], [8.2599, 49.9995]], [[8.2599, 49.9995], [8.2601, 49.9993], [8.2603, 49.9991]], [[8.2607, 49.9987], [8.2604, 49.9989], [8.2603, 49.9991]], [[8.2607, 49.9987], [8.261, 49.9983]], [[8.261, 49.9983], [8.2612, 49.9981]], [[8.2755, 49.9939], [8.2759, 49.9938], [8.2763, 49.9937], [8.2765, 49.9937]], [[8.2765, 49.9937], [8.2767, 49.9936], [8.2768, 49.9936]], [[8.2768, 49.9936], [8.2773, 49.9935], [8.2777, 49.9934], [8.2783, 49.9932], [8.2786, 49.9932], [8.2791, 49.9931], [8.2797, 49.9929], [8.281, 49.9926], [8.2815, 49.9925]], [[8.2815, 49.9925], [8.2822, 49.9924], [8.2823, 49.9923]], [[8.2823, 49.9923], [8.2828, 49.9922]], [[8.2828, 49.9922], [8.2831, 49.9921], [8.2836, 49.9919], [8.2842, 49.9917], [8.2847, 49.9915], [8.2848, 49.9914], [8.2851, 49.9913], [8.286, 49.9909], [8.2863, 49.9908], [8.2866, 49.9907], [8.2869, 49.9907], [8.2872, 49.9906], [8.2874, 49.9906], [8.2875, 49.9905], [8.2878, 49.9905], [8.2881, 49.9905], [8.2882, 49.9905], [8.2885, 49.9904], [8.2889, 49.9904], [8.2892, 49.9904], [8.2894, 49.9905], [8.2898, 49.9905]], [[8.2898, 49.9905], [8.2901, 49.9906], [8.2905, 49.9906]], [[8.2905, 49.9906], [8.2906, 49.9907], [8.2909, 49.9907]], [[8.2909, 49.9907], [8.2938, 49.9915], [8.2964, 49.9922], [8.2985, 49.9928], [8.2995, 49.9931], [8.2999, 49.9931], [8.3002, 49.9932], [8.3008, 49.9933], [8.3012, 49.9934], [8.3014, 49.9934], [8.3017, 49.9934], [8.3023, 49.9935]], [[8.3023, 49.9935], [8.3026, 49.9935], [8.3031, 49.9936], [8.3033, 49.9936]], [[8.3033, 49.9936], [8.3034, 49.9936], [8.3038, 49.9936], [8.3067, 49.9938], [8.3095, 49.994], [8.3096, 49.994]], [[8.3096, 49.994], [8.3122, 49.9942], [8.3125, 49.9942], [8.3135, 49.9943], [8.3142, 49.9943], [8.3151, 49.9944], [8.3158, 49.9944], [8.3162, 49.9944], [8.3166, 49.9945], [8.3178, 49.9945], [8.3191, 49.9946], [8.3205, 49.9946], [8.322, 49.9946], [8.3241, 49.9947], [8.3259, 49.9948], [8.3275, 49.9948], [8.328, 49.9948], [8.3325, 49.9949], [8.3349, 49.995], [8.3359, 49.995], [8.3392, 49.9951], [8.3417, 49.9952], [8.3422, 49.9952], [8.3454, 49.9953], [8.3464, 49.9953], [8.3468, 49.9953], [8.3476, 49.9953], [8.3484, 49.9952], [8.3485, 49.9952], [8.3493, 49.9951], [8.35, 49.9951], [8.3508, 49.995], [8.3517, 49.9948], [8.3521, 49.9947], [8.3526, 49.9946], [8.353, 49.9945], [8.3534, 49.9944]], [[8.3534, 49.9944], [8.3541, 49.9942], [8.3543, 49.9942], [8.3548, 49.9941]], [[8.3548, 49.9941], [8.3557, 49.9938], [8.356, 49.9937], [8.3564, 49.9936], [8.357, 49.9934], [8.3575, 49.9932], [8.3582, 49.993], [8.3583, 49.9929], [8.3587, 49.9928], [8.3588, 49.9928]], [[8.3588, 49.9928], [8.3592, 49.9926], [8.3596, 49.9925], [8.3603, 49.9922]], [[8.3603, 49.9922], [8.3612, 49.9919]], [[8.3612, 49.9919], [8.3615, 49.9918], [8.3624, 49.9915]], [[8.3624, 49.9915], [8.3629, 49.9912], [8.3635, 49.991], [8.364, 49.9907], [8.3645, 49.9905], [8.365, 49.9901], [8.3656, 49.9898], [8.366, 49.9896], [8.3662, 49.9895], [8.3671, 49.989], [8.3678, 49.9885], [8.3685, 49.9882], [8.3692, 49.9878], [8.3702, 49.9872], [8.3709, 49.9867], [8.3714, 49.9865], [8.372, 49.9862]], [[8.372, 49.9862], [8.3724, 49.986], [8.3726, 49.9859], [8.3727, 49.9859], [8.3729, 49.9858], [8.3732, 49.9857], [8.3737, 49.9855], [8.3745, 49.9853]], [[8.3745, 49.9853], [8.375, 49.9852]], [[8.375, 49.9852], [8.3756, 49.985], [8.3762, 49.9848]], [[8.3762, 49.9848], [8.3766, 49.9847], [8.3771, 49.9846], [8.3775, 49.9845], [8.3781, 49.9844], [8.3787, 49.9843], [8.3791, 49.9843], [8.3794, 49.9842], [8.3797, 49.9842], [8.3803, 49.9842], [8.3807, 49.9841], [8.3811, 49.9841], [8.3815, 49.9841], [8.3819, 49.9841], [8.3823, 49.9841], [8.3828, 49.9841], [8.3837, 49.9842], [8.3841, 49.9843], [8.3844, 49.9843], [8.385, 49.9844], [8.386, 49.9845], [8.3867, 49.9847], [8.3876, 49.9849], [8.3887, 49.9852]], [[8.3887, 49.9852], [8.3897, 49.9855], [8.3907, 49.9857], [8.3912, 49.9858], [8.392, 49.986]], [[8.392, 49.986], [8.3922, 49.986], [8.3925, 49.9861], [8.3928, 49.9861], [8.393, 49.9862], [8.3932, 49.9862], [8.3935, 49.9863]], [[8.3937, 49.9863], [8.3935, 49.9863]], [[8.3947, 49.9865], [8.3937, 49.9863]], [[8.4016, 49.9881], [8.4012, 49.988], [8.4005, 49.9878], [8.3991, 49.9875], [8.3977, 49.9871], [8.3968, 49.9869], [8.3965, 49.9868], [8.3962, 49.9868], [8.3955, 49.9866], [8.3947, 49.9865]], [[8.4094, 49.9905], [8.4091, 49.9904], [8.4087, 49.9903], [8.4082, 49.9901], [8.4077, 49.9899], [8.4069, 49.9896], [8.4064, 49.9894], [8.406, 49.9893], [8.4052, 49.989], [8.4044, 49.9888], [8.4037, 49.9886], [8.4016, 49.9881]], [[8.4095, 49.9906], [8.4094, 49.9905]], [[8.4095, 49.9906], [8.4109, 49.9909]], [[8.4109, 49.9909], [8.4113, 49.991], [8.4117, 49.9911]], [[8.4117, 49.9911], [8.4124, 49.9913]], [[8.4124, 49.9913], [8.4126, 49.9914], [8.4129, 49.9915], [8.413, 49.9915], [8.4136, 49.9916], [8.414, 49.9917], [8.4145, 49.9919], [8.4149, 49.992], [8.4152, 49.992], [8.4156, 49.9922]], [[8.4156, 49.9922], [8.4159, 49.9922], [8.4193, 49.9931], [8.4207, 49.9934], [8.4208, 49.9934], [8.4208, 49.9935], [8.4213, 49.9936], [8.4229, 49.994], [8.4244, 49.9944]], [[8.4244, 49.9944], [8.4248, 49.9945]], [[8.4248, 49.9945], [8.4257, 49.9948], [8.427, 49.9952], [8.4274, 49.9953], [8.4283, 49.9956], [8.429, 49.9959], [8.4297, 49.9962], [8.4306, 49.9966], [8.4309, 49.9967], [8.4319, 49.9971], [8.4328, 49.9975], [8.4336, 49.9979], [8.4349, 49.9986]], [[8.4349, 49.9986], [8.4351, 49.9987]], [[8.4351, 49.9987], [8.4403, 50.0017], [8.4419, 50.0026], [8.4426, 50.0029]], [[8.4426, 50.0029], [8.4429, 50.0031]], [[8.4429, 50.0031], [8.443, 50.0032], [8.4438, 50.0036], [8.4471, 50.0055], [8.4475, 50.0057], [8.4478, 50.0059], [8.4488, 50.0064], [8.4495, 50.0068], [8.4503, 50.0073], [8.4509, 50.0076], [8.4512, 50.0078], [8.452, 50.0082], [8.4527, 50.0086], [8.4531, 50.0088], [8.4537, 50.0092], [8.4543, 50.0095], [8.4549, 50.0099]], [[8.4549, 50.0099], [8.4552, 50.01], [8.4553, 50.0101], [8.4554, 50.0102], [8.4557, 50.0103], [8.4565, 50.0107], [8.4565, 50.0108], [8.4566, 50.0108], [8.4567, 50.0109], [8.458, 50.0116], [8.4589, 50.0122], [8.4593, 50.0124], [8.4601, 50.0129], [8.4608, 50.0134], [8.4609, 50.0135], [8.4613, 50.0138], [8.462, 50.0142]], [[8.462, 50.0142], [8.463, 50.015]], [[8.463, 50.015], [8.4635, 50.0154]], [[8.4635, 50.0154], [8.4641, 50.0158], [8.4648, 50.0163], [8.4655, 50.017], [8.4664, 50.0177], [8.4673, 50.0185], [8.4677, 50.0188], [8.4689, 50.0198]], [[8.4689, 50.0198], [8.469, 50.0199], [8.469, 50.02]], [[8.469, 50.02], [8.4694, 50.0203], [8.4719, 50.0224], [8.4728, 50.0231], [8.4736, 50.0238], [8.4759, 50.0258], [8.4765, 50.0263], [8.4776, 50.0272], [8.4778, 50.0274], [8.478, 50.0276], [8.4784, 50.028], [8.4793, 50.0287], [8.4821, 50.0311], [8.4829, 50.0318], [8.4837, 50.0324], [8.4841, 50.0328], [8.4851, 50.0336], [8.486, 50.0344], [8.4866, 50.0349], [8.4869, 50.0352]], [[8.4869, 50.0352], [8.4878, 50.036], [8.4921, 50.0396]], [[8.4921, 50.0396], [8.4927, 50.0401], [8.4937, 50.0409], [8.4947, 50.0418], [8.4951, 50.0421], [8.4955, 50.0425], [8.4961, 50.043], [8.4967, 50.0434], [8.4973, 50.0439], [8.4979, 50.0444], [8.4985, 50.0449], [8.4992, 50.0453], [8.4995, 50.0455], [8.4999, 50.0458], [8.5003, 50.0461], [8.5007, 50.0463], [8.5013, 50.0467], [8.5019, 50.0471], [8.5023, 50.0473], [8.5026, 50.0475], [8.5033, 50.0479], [8.5039, 50.0482], [8.5043, 50.0485], [8.5045, 50.0486], [8.5054, 50.0491]], [[8.5054, 50.0491], [8.5058, 50.0493]], [[8.5058, 50.0493], [8.51, 50.0516], [8.5127, 50.0532], [8.5131, 50.0533]], [[8.5131, 50.0533], [8.5133, 50.0535], [8.5135, 50.0536]], [[8.5135, 50.0536], [8.5138, 50.0538], [8.5143, 50.054], [8.5148, 50.0543], [8.5158, 50.0549], [8.5166, 50.0553], [8.5175, 50.0558]], [[8.5175, 50.0558], [8.5188, 50.0565], [8.5197, 50.057], [8.5206, 50.0575], [8.5214, 50.0579], [8.5223, 50.0585], [8.5236, 50.0591]], [[8.5236, 50.0591], [8.5241, 50.0594], [8.5244, 50.0596], [8.5251, 50.0599]], [[8.5251, 50.0599], [8.5255, 50.0601], [8.5259, 50.0603], [8.5262, 50.0605], [8.5265, 50.0607], [8.5268, 50.0608]], [[8.5268, 50.0608], [8.527, 50.0609], [8.5272, 50.061], [8.5278, 50.0613], [8.5279, 50.0614], [8.5282, 50.0615], [8.5284, 50.0616], [8.5287, 50.0618], [8.5289, 50.0619], [8.5292, 50.062], [8.5296, 50.0623]], [[8.5296, 50.0623], [8.5299, 50.0625], [8.5302, 50.0627]], [[8.5302, 50.0627], [8.5305, 50.0629], [8.5307, 50.063], [8.5311, 50.0633], [8.5316, 50.0635], [8.5318, 50.0637], [8.5321, 50.0638], [8.5323, 50.0639], [8.5325, 50.064], [8.5329, 50.0642], [8.5333, 50.0643], [8.5338, 50.0645], [8.5339, 50.0645]], [[8.5339, 50.0645], [8.534, 50.0646], [8.5341, 50.0646], [8.5347, 50.0648], [8.5352, 50.065]], [[8.5352, 50.065], [8.5356, 50.0651], [8.5361, 50.0652], [8.5365, 50.0653], [8.5368, 50.0653], [8.537, 50.0654], [8.5374, 50.0655], [8.5377, 50.0655], [8.538, 50.0656], [8.5384, 50.0656], [8.5387, 50.0656], [8.5391, 50.0657], [8.5395, 50.0657], [8.5399, 50.0657], [8.5405, 50.0658], [8.5407, 50.0658], [8.5411, 50.0658], [8.5415, 50.0658], [8.5419, 50.0658], [8.5423, 50.0658], [8.5431, 50.0657]], [[8.5431, 50.0657], [8.5434, 50.0657], [8.5436, 50.0657], [8.5438, 50.0657], [8.544, 50.0657]], [[8.544, 50.0657], [8.5442, 50.0657], [8.5445, 50.0656], [8.5447, 50.0656], [8.545, 50.0655], [8.5452, 50.0655], [8.5454, 50.0654], [8.5456, 50.0654], [8.546, 50.0653], [8.5463, 50.0652], [8.5465, 50.0652], [8.5469, 50.0651], [8.547, 50.065], [8.5472, 50.0649], [8.5473, 50.0649], [8.5476, 50.0648], [8.5478, 50.0647], [8.548, 50.0646], [8.5483, 50.0644], [8.5485, 50.0644], [8.5486, 50.0643], [8.549, 50.0641], [8.5493, 50.0639], [8.5496, 50.0636]], [[8.5496, 50.0636], [8.5497, 50.0635], [8.5499, 50.0633], [8.5501, 50.0632], [8.5503, 50.063]], [[8.5503, 50.063], [8.5504, 50.0629], [8.5506, 50.0627], [8.5507, 50.0625], [8.5509, 50.0622], [8.5511, 50.062], [8.5512, 50.0618], [8.5513, 50.0616], [8.5514, 50.0613], [8.5516, 50.0609], [8.5516, 50.0606], [8.5517, 50.0604], [8.5517, 50.0603], [8.5517, 50.0602], [8.5517, 50.06], [8.5517, 50.0598], [8.5517, 50.0596]], [[8.5517, 50.0596], [8.5517, 50.0594], [8.5517, 50.0593], [8.5517, 50.0591], [8.5516, 50.0589], [8.5515, 50.0587], [8.5515, 50.0584], [8.5514, 50.0581], [8.5513, 50.0578]], [[8.5513, 50.0578], [8.5511, 50.0574], [8.551, 50.057], [8.5508, 50.0566], [8.5508, 50.0564], [8.5507, 50.0562], [8.5507, 50.0559], [8.5507, 50.0557], [8.5507, 50.0556], [8.5507, 50.0552], [8.5507, 50.0549], [8.5507, 50.0547], [8.5508, 50.0545], [8.5509, 50.0542], [8.551, 50.054], [8.551, 50.0538], [8.5511, 50.0536], [8.5513, 50.0534], [8.5514, 50.0531], [8.5516, 50.0529], [8.5517, 50.0527], [8.5518, 50.0526], [8.552, 50.0524], [8.5521, 50.0523], [8.5522, 50.0522], [8.5524, 50.052], [8.5525, 50.0519], [8.5526, 50.0518], [8.5529, 50.0516], [8.5531, 50.0514], [8.5533, 50.0513], [8.5535, 50.0512], [8.5536, 50.0511], [8.5538, 50.051], [8.554, 50.0509]], [[8.5548, 50.0505], [8.5551, 50.0504], [8.5555, 50.0502], [8.5558, 50.0501], [8.5561, 50.05], [8.5562, 50.05]], [[8.609, 50.0576], [8.6093, 50.0578], [8.6094, 50.0579], [8.6097, 50.0582], [8.61, 50.0586], [8.6102, 50.0588], [8.6102, 50.0589], [8.6103, 50.059], [8.6105, 50.0593], [8.6106, 50.0596], [8.6107, 50.0598], [8.6108, 50.0604], [8.6108, 50.061], [8.6108, 50.0615], [8.6108, 50.0617], [8.6108, 50.0618]], [[8.6108, 50.0618], [8.6108, 50.0626], [8.6109, 50.0628], [8.611, 50.0632]], [[8.611, 50.0632], [8.6111, 50.0634], [8.6112, 50.0637], [8.6113, 50.064], [8.6114, 50.0641], [8.6117, 50.0644], [8.6119, 50.0647], [8.6123, 50.065], [8.6125, 50.0652], [8.6126, 50.0653], [8.6128, 50.0653], [8.6129, 50.0654], [8.6131, 50.0655], [8.6132, 50.0656], [8.6134, 50.0657], [8.6136, 50.0658], [8.6138, 50.0659], [8.614, 50.066], [8.6142, 50.0661], [8.6144, 50.0661], [8.6146, 50.0662], [8.6148, 50.0663], [8.6151, 50.0663], [8.6153, 50.0664]], [[8.6153, 50.0664], [8.6155, 50.0664], [8.6156, 50.0665], [8.6158, 50.0665], [8.6159, 50.0665], [8.6161, 50.0666], [8.6164, 50.0666], [8.6165, 50.0666], [8.6166, 50.0666], [8.6168, 50.0666], [8.6169, 50.0666]], [[8.6169, 50.0666], [8.6171, 50.0667]], [[8.6171, 50.0667], [8.6173, 50.0667], [8.6175, 50.0667], [8.6178, 50.0667], [8.6187, 50.0667], [8.6206, 50.0667]], [[8.6206, 50.0667], [8.6208, 50.0667], [8.6215, 50.0667], [8.6224, 50.0667]], [[8.6224, 50.0667], [8.6227, 50.0667], [8.6231, 50.0667], [8.6235, 50.0667], [8.6237, 50.0668], [8.624, 50.0668], [8.6243, 50.0668], [8.6245, 50.0668], [8.6248, 50.0668], [8.625, 50.0669], [8.6255, 50.0669]], [[8.6255, 50.0669], [8.6269, 50.067], [8.6275, 50.0671], [8.6276, 50.0671], [8.6278, 50.0671], [8.6279, 50.0671], [8.6285, 50.0672], [8.6288, 50.0673], [8.6292, 50.0674], [8.6296, 50.0674], [8.6299, 50.0675], [8.6302, 50.0676], [8.6306, 50.0677], [8.6308, 50.0677], [8.6313, 50.0678], [8.6318, 50.068]], [[8.6318, 50.068], [8.632, 50.0681]], [[8.632, 50.0681], [8.633, 50.0683], [8.6337, 50.0685], [8.6339, 50.0686], [8.634, 50.0686], [8.6348, 50.0688], [8.6348, 50.0689]], [[8.6348, 50.0689], [8.6354, 50.069], [8.636, 50.0692], [8.6371, 50.0695]], [[8.6371, 50.0695], [8.6372, 50.0695]], [[8.6372, 50.0695], [8.6378, 50.0697], [8.638, 50.0698], [8.6386, 50.0699], [8.6388, 50.07], [8.639, 50.0701], [8.6393, 50.0702], [8.6395, 50.0703], [8.6397, 50.0704], [8.64, 50.0706], [8.6401, 50.0707], [8.6403, 50.0708], [8.6404, 50.0709], [8.6405, 50.0709], [8.6407, 50.0711], [8.6409, 50.0713], [8.6411, 50.0715], [8.6413, 50.0717], [8.6415, 50.0719], [8.6416, 50.0722], [8.6418, 50.0725], [8.6418, 50.0726], [8.6419, 50.0729], [8.642, 50.0732], [8.642, 50.0734], [8.642, 50.0736], [8.642, 50.0738], [8.6419, 50.074], [8.6419, 50.0744], [8.6418, 50.0746], [8.6417, 50.0748], [8.6416, 50.0749], [8.6415, 50.0752]], [[8.6415, 50.0752], [8.6413, 50.0754]], [[8.6413, 50.0754], [8.6411, 50.0757], [8.6407, 50.0761], [8.64, 50.077], [8.6394, 50.0778], [8.6391, 50.0782], [8.6388, 50.0785], [8.6386, 50.0789], [8.6383, 50.0792]], [[8.6383, 50.0792], [8.638, 50.0796], [8.6376, 50.0801], [8.6375, 50.0802], [8.6375, 50.0803], [8.6372, 50.0806]], [[8.6372, 50.0806], [8.6369, 50.081]], [[8.6369, 50.081], [8.6366, 50.0814], [8.6364, 50.0817], [8.6363, 50.0818], [8.636, 50.0822], [8.6358, 50.0825]], [[8.6358, 50.0825], [8.6356, 50.0828], [8.6356, 50.0829], [8.6355, 50.0829], [8.6352, 50.0833], [8.6351, 50.0835], [8.6348, 50.0838], [8.6347, 50.084], [8.6346, 50.0841], [8.6342, 50.0846]], [[8.6342, 50.0846], [8.6341, 50.0848]], [[8.6341, 50.0848], [8.6336, 50.0854], [8.6332, 50.0859], [8.6323, 50.087], [8.6321, 50.0873], [8.6318, 50.0878], [8.6317, 50.0878]], [[8.6317, 50.0878], [8.6314, 50.0883], [8.6305, 50.0901]], [[8.6305, 50.0901], [8.6304, 50.0901]], [[8.6304, 50.0901], [8.6303, 50.0904], [8.6301, 50.0908], [8.63, 50.091], [8.63, 50.0911], [8.6299, 50.0913], [8.6299, 50.0914], [8.6299, 50.0915], [8.6299, 50.0916], [8.6299, 50.0918], [8.6299, 50.0919], [8.6299, 50.0921], [8.6299, 50.0922], [8.6299, 50.0923], [8.6299, 50.0925], [8.6299, 50.0926], [8.63, 50.0927], [8.63, 50.0928]], [[8.63, 50.0928], [8.6301, 50.0931], [8.6302, 50.0933], [8.6303, 50.0934], [8.6304, 50.0936], [8.6305, 50.0938], [8.6308, 50.0941], [8.6311, 50.0944], [8.6313, 50.0946], [8.6315, 50.0948], [8.6318, 50.095], [8.6321, 50.0952], [8.6324, 50.0953], [8.6327, 50.0954], [8.6329, 50.0955], [8.6331, 50.0956], [8.6333, 50.0957], [8.634, 50.096]], [[8.634, 50.096], [8.6342, 50.0961], [8.6343, 50.0962], [8.6354, 50.0966], [8.6359, 50.0968], [8.6361, 50.0968], [8.6376, 50.0974], [8.6378, 50.0975], [8.6384, 50.0977], [8.6385, 50.0978], [8.6391, 50.0981], [8.6399, 50.0984], [8.641, 50.0988], [8.6421, 50.0992], [8.6428, 50.0995], [8.6432, 50.0997], [8.6435, 50.0998], [8.6439, 50.1], [8.6442, 50.1001], [8.6445, 50.1003], [8.6448, 50.1004], [8.6455, 50.1006], [8.6457, 50.1007], [8.646, 50.1008], [8.6464, 50.101], [8.6471, 50.1013], [8.6474, 50.1014], [8.6478, 50.1016]], [[8.6478, 50.1016], [8.6479, 50.1016], [8.648, 50.1016], [8.6484, 50.1018], [8.6485, 50.1018], [8.649, 50.102]], [[8.649, 50.102], [8.6491, 50.1021]], [[8.6491, 50.1021], [8.6493, 50.1022]], [[8.6493, 50.1022], [8.6503, 50.1025], [8.6506, 50.1026], [8.6506, 50.1027]], [[8.6506, 50.1027], [8.6507, 50.1027], [8.6519, 50.1031], [8.652, 50.1032], [8.6524, 50.1033]], [[8.7145, 50.1041], [8.7146, 50.1041], [8.7157, 50.1042], [8.7179, 50.1042]], [[8.7179, 50.1042], [8.7193, 50.1043], [8.7201, 50.1043], [8.721, 50.1044], [8.7234, 50.1045], [8.7243, 50.1045]], [[8.7243, 50.1045], [8.7257, 50.1046], [8.7272, 50.1047]], [[8.7272, 50.1047], [8.7275, 50.1047], [8.7284, 50.1048]], [[8.7284, 50.1048], [8.7285, 50.1048], [8.7296, 50.1048], [8.7315, 50.1049], [8.7316, 50.1049]], [[8.7817, 50.1025], [8.7816, 50.1025], [8.7814, 50.1025], [8.7812, 50.1025], [8.781, 50.1025], [8.7802, 50.1024], [8.7798, 50.1023]], [[8.7817, 50.1025], [8.7828, 50.1025]], [[8.7828, 50.1025], [8.783, 50.1026], [8.7831, 50.1026], [8.7833, 50.1026], [8.7836, 50.1026], [8.7839, 50.1026], [8.784, 50.1026]], [[8.784, 50.1026], [8.7844, 50.1026], [8.7848, 50.1027]], [[8.7848, 50.1027], [8.7851, 50.1027], [8.7853, 50.1027], [8.786, 50.1028], [8.7861, 50.1028], [8.7868, 50.1028], [8.7869, 50.1028], [8.787, 50.1028]], [[8.787, 50.1028], [8.7873, 50.1029], [8.7877, 50.1029], [8.7882, 50.103]], [[8.7916, 50.1039], [8.7916, 50.1038], [8.7911, 50.1037], [8.7906, 50.1035], [8.7902, 50.1034], [8.7898, 50.1033], [8.7893, 50.1032], [8.7891, 50.1031], [8.7889, 50.1031], [8.7884, 50.103], [8.7882, 50.103]], [[8.7944, 50.1052], [8.7942, 50.1051], [8.794, 50.105], [8.7938, 50.1049], [8.7936, 50.1048], [8.7934, 50.1047], [8.7928, 50.1044], [8.7926, 50.1043], [8.7923, 50.1042], [8.7921, 50.1041], [8.7919, 50.104], [8.7916, 50.1039]], [[8.7976, 50.1069], [8.7975, 50.1068], [8.7973, 50.1067], [8.7971, 50.1066], [8.797, 50.1066], [8.7968, 50.1065], [8.7963, 50.1062], [8.7961, 50.1062], [8.796, 50.1061], [8.7956, 50.1059], [8.7951, 50.1056], [8.795, 50.1055], [8.7946, 50.1053], [8.7944, 50.1052]], [[8.7976, 50.1069], [8.7977, 50.1069]], [[8.7977, 50.1069], [8.7986, 50.1073], [8.7995, 50.1077], [8.802, 50.1087]], [[8.802, 50.1087], [8.8024, 50.1089], [8.8033, 50.1092], [8.8057, 50.1103], [8.807, 50.1108], [8.8072, 50.1109], [8.8087, 50.1115], [8.8092, 50.1117], [8.8112, 50.1125], [8.812, 50.1128], [8.8136, 50.1134], [8.8138, 50.1134], [8.8145, 50.1137], [8.8149, 50.1139], [8.8154, 50.114], [8.8164, 50.1144], [8.8172, 50.1147], [8.8183, 50.1151], [8.8212, 50.1162], [8.8234, 50.117], [8.8244, 50.1174], [8.8252, 50.1177], [8.8254, 50.1177], [8.8257, 50.1178], [8.8261, 50.1179], [8.8267, 50.1181], [8.8271, 50.1182], [8.8278, 50.1184]], [[8.8278, 50.1184], [8.8283, 50.1185]], [[8.8283, 50.1185], [8.8287, 50.1185], [8.8292, 50.1186], [8.8295, 50.1187], [8.8299, 50.1187], [8.8304, 50.1188], [8.8307, 50.1188]], [[8.8307, 50.1188], [8.8308, 50.1188], [8.831, 50.1188], [8.8312, 50.1188], [8.8319, 50.1189]], [[8.8319, 50.1189], [8.8324, 50.1189]], [[8.8324, 50.1189], [8.8325, 50.1189]], [[8.8325, 50.1189], [8.8331, 50.1189], [8.8335, 50.1189]], [[8.8335, 50.1189], [8.8338, 50.1189]], [[8.8338, 50.1189], [8.8342, 50.119]], [[8.8342, 50.119], [8.8344, 50.119]], [[8.8344, 50.119], [8.8349, 50.119], [8.8355, 50.119], [8.8363, 50.119], [8.8368, 50.1191], [8.8372, 50.1191], [8.8377, 50.1191], [8.8382, 50.1191], [8.839, 50.1192], [8.8391, 50.1192], [8.8397, 50.1192], [8.8398, 50.1192], [8.8407, 50.1193], [8.8421, 50.1194], [8.8433, 50.1195], [8.8445, 50.1196], [8.8469, 50.1197], [8.8492, 50.1199], [8.8509, 50.12], [8.8551, 50.1202], [8.8554, 50.1202], [8.8564, 50.1203], [8.8572, 50.1203], [8.8577, 50.1203], [8.8585, 50.1204], [8.8586, 50.1204], [8.8597, 50.1205], [8.8601, 50.1205], [8.8603, 50.1205], [8.8606, 50.1205], [8.8613, 50.1206], [8.862, 50.1206], [8.8626, 50.1207], [8.8629, 50.1207], [8.8649, 50.1209]], [[8.868, 50.1211], [8.8677, 50.121], [8.8649, 50.1209]], [[8.868, 50.1211], [8.8685, 50.1211]], [[8.8685, 50.1211], [8.8708, 50.1212], [8.8717, 50.1212], [8.8736, 50.1213], [8.8737, 50.1213], [8.8741, 50.1213], [8.875, 50.1214]], [[8.8782, 50.1218], [8.879, 50.1219], [8.8795, 50.122], [8.8801, 50.122], [8.8805, 50.122], [8.881, 50.122], [8.8823, 50.1221], [8.8826, 50.1221], [8.8832, 50.1221], [8.8842, 50.1222], [8.8861, 50.1223], [8.8878, 50.1224], [8.8891, 50.1225], [8.8895, 50.1225], [8.89, 50.1225], [8.8904, 50.1225], [8.8909, 50.1225], [8.8912, 50.1224], [8.8917, 50.1224], [8.8921, 50.1224], [8.8924, 50.1223], [8.8928, 50.1223], [8.8933, 50.1222], [8.8937, 50.1221], [8.8954, 50.1216], [8.8971, 50.1212], [8.8977, 50.121]], [[8.8977, 50.121], [8.8985, 50.1208], [8.899, 50.1207], [8.8992, 50.1206], [8.8994, 50.1206], [8.8999, 50.1205], [8.9003, 50.1204], [8.9007, 50.1204], [8.9011, 50.1204], [8.9015, 50.1204], [8.9019, 50.1204], [8.9023, 50.1204], [8.9027, 50.1204], [8.9031, 50.1204], [8.9034, 50.1205], [8.9037, 50.1205], [8.9041, 50.1206], [8.9045, 50.1206], [8.9049, 50.1207], [8.9052, 50.1208], [8.9055, 50.1209], [8.9058, 50.121]], [[8.9058, 50.121], [8.9061, 50.1211]], [[8.9061, 50.1211], [8.9063, 50.1212], [8.9065, 50.1213], [8.9067, 50.1214], [8.907, 50.1215], [8.9071, 50.1215], [8.9072, 50.1216], [8.9074, 50.1217], [8.9076, 50.1218], [8.9079, 50.122], [8.9083, 50.1222], [8.9084, 50.1222], [8.9086, 50.1223], [8.9087, 50.1224], [8.9089, 50.1225], [8.9091, 50.1226], [8.9092, 50.1227]], [[8.9092, 50.1227], [8.9116, 50.1238], [8.9119, 50.124]], [[8.9119, 50.124], [8.9121, 50.1241]], [[8.9121, 50.1241], [8.9126, 50.1243], [8.9128, 50.1244], [8.9131, 50.1245], [8.9133, 50.1246], [8.9134, 50.1246], [8.9137, 50.1247], [8.9141, 50.1248]], [[8.9141, 50.1248], [8.9146, 50.1249]], [[8.9146, 50.1249], [8.915, 50.1249], [8.9154, 50.125], [8.916, 50.1251], [8.9168, 50.1252]], [[8.9168, 50.1252], [8.9171, 50.1252]], [[8.9171, 50.1252], [8.9178, 50.1252], [8.9182, 50.1253], [8.9185, 50.1253]], [[8.9185, 50.1253], [8.9191, 50.1253]], [[8.9258, 50.1233], [8.9257, 50.1233], [8.9257, 50.1234], [8.9256, 50.1234], [8.9244, 50.124], [8.9241, 50.1241], [8.9237, 50.1243], [8.9234, 50.1244], [8.9232, 50.1245], [8.9231, 50.1245], [8.9228, 50.1246], [8.9225, 50.1247], [8.9223, 50.1248], [8.922, 50.1249], [8.9216, 50.125], [8.9212, 50.125], [8.921, 50.1251], [8.9208, 50.1251], [8.9205, 50.1252], [8.9203, 50.1252], [8.9202, 50.1252], [8.9195, 50.1253], [8.9191, 50.1253]], [[8.9296, 50.1213], [8.9292, 50.1215], [8.929, 50.1216], [8.9285, 50.1219], [8.9276, 50.1224], [8.9274, 50.1225], [8.9273, 50.1225], [8.9267, 50.1228], [8.9266, 50.1229], [8.9258, 50.1233]], [[8.4531, 50.0089], [8.4537, 50.0092], [8.454, 50.0094], [8.4544, 50.0096], [8.4544, 50.0097], [8.4548, 50.0099], [8.455, 50.01], [8.4553, 50.0102], [8.4549, 50.01], [8.4548, 50.0099], [8.4547, 50.0099], [8.4547, 50.0098], [8.4544, 50.0097], [8.4539, 50.0094], [8.4536, 50.0093], [8.4531, 50.0089]], [[8.4138, 49.9918], [8.4136, 49.9918], [8.4132, 49.9917], [8.4131, 49.9917], [8.413, 49.9916], [8.4129, 49.9916], [8.4128, 49.9916], [8.4127, 49.9916], [8.4126, 49.9915], [8.4127, 49.9915], [8.4126, 49.9915], [8.4126, 49.9914], [8.4125, 49.9914], [8.4125, 49.9915], [8.4123, 49.9914], [8.4118, 49.9913], [8.4118, 49.9912], [8.4124, 49.9914], [8.4127, 49.9915], [8.4132, 49.9916], [8.4139, 49.9918], [8.4148, 49.992], [8.4139, 49.9918], [8.4138, 49.9919], [8.4138, 49.9918]], [[8.246, 50.0196], [8.2459, 50.0196], [8.2457, 50.0195], [8.2454, 50.0194], [8.2451, 50.0192], [8.2447, 50.019], [8.2444, 50.0188], [8.2441, 50.0186], [8.2439, 50.0185], [8.2438, 50.0183], [8.244, 50.0184], [8.2441, 50.0186], [8.2444, 50.0188], [8.2447, 50.019], [8.2451, 50.0192], [8.2455, 50.0194], [8.2456, 50.0194], [8.2457, 50.0194], [8.2457, 50.0195], [8.246, 50.0196]], [[8.9297, 50.1214], [8.9286, 50.122], [8.9285, 50.122], [8.9276, 50.1225], [8.9275, 50.1225], [8.9267, 50.1229], [8.9258, 50.1233]], [[8.8649, 50.1209], [8.8626, 50.1207], [8.8606, 50.1206], [8.8597, 50.1205], [8.8596, 50.1205], [8.8586, 50.1205], [8.8585, 50.1205], [8.8577, 50.1204], [8.851, 50.12], [8.8492, 50.1199], [8.8467, 50.1198], [8.8433, 50.1195], [8.8397, 50.1193], [8.8391, 50.1193], [8.8382, 50.1192], [8.8376, 50.1192], [8.8372, 50.1192], [8.8368, 50.1192], [8.8367, 50.1192], [8.8363, 50.1191], [8.8344, 50.119]], [[8.8344, 50.119], [8.8341, 50.119]], [[8.8341, 50.119], [8.8338, 50.119]], [[8.8338, 50.119], [8.8335, 50.119]], [[8.8335, 50.119], [8.8325, 50.1189]], [[8.7976, 50.1069], [8.7975, 50.1068], [8.7973, 50.1067], [8.7963, 50.1063], [8.7961, 50.1062], [8.7958, 50.1061], [8.7953, 50.1059], [8.7949, 50.1057], [8.7945, 50.1055], [8.7943, 50.1054], [8.7936, 50.1051], [8.7928, 50.1047], [8.7925, 50.1046]], [[8.7925, 50.1046], [8.792, 50.1043], [8.7915, 50.1041], [8.7912, 50.104], [8.7909, 50.1039], [8.7906, 50.1038], [8.7904, 50.1037], [8.7899, 50.1036], [8.7895, 50.1035], [8.7892, 50.1034], [8.7888, 50.1033], [8.7885, 50.1032], [8.7883, 50.1032], [8.788, 50.1031], [8.7877, 50.1031], [8.7875, 50.1031], [8.7873, 50.103], [8.7871, 50.103], [8.7866, 50.103], [8.7861, 50.1029]], [[8.7861, 50.1029], [8.786, 50.1029], [8.7853, 50.1028], [8.7848, 50.1028]], [[8.7848, 50.1028], [8.784, 50.1027]], [[8.784, 50.1027], [8.7838, 50.1027], [8.7837, 50.1027], [8.7833, 50.1027], [8.7831, 50.1027], [8.7828, 50.1027]], [[8.7828, 50.1027], [8.7827, 50.1026], [8.7826, 50.1026], [8.7823, 50.1026], [8.782, 50.1026], [8.7812, 50.1025], [8.7807, 50.1025], [8.7798, 50.1024]], [[8.7316, 50.1049], [8.7315, 50.1049], [8.7296, 50.1049], [8.7285, 50.1048], [8.7284, 50.1048]], [[8.7284, 50.1048], [8.7275, 50.1048], [8.7274, 50.1048], [8.7272, 50.1048]], [[8.7272, 50.1048], [8.7269, 50.1047], [8.7256, 50.1047], [8.7249, 50.1047], [8.7243, 50.1047]], [[8.7243, 50.1047], [8.7233, 50.1046], [8.7227, 50.1046], [8.7221, 50.1045], [8.7211, 50.1044], [8.7201, 50.1043], [8.7193, 50.1043], [8.7179, 50.1042]], [[8.7179, 50.1042], [8.7157, 50.1042], [8.7146, 50.1042], [8.7145, 50.1042]], [[8.6523, 50.1034], [8.6519, 50.1032], [8.6518, 50.1032], [8.6506, 50.1027]], [[8.6506, 50.1027], [8.6505, 50.1027], [8.6503, 50.1026], [8.6493, 50.1022]], [[8.6493, 50.1022], [8.6492, 50.1021]], [[8.6492, 50.1021], [8.6491, 50.1021]], [[8.6491, 50.1021], [8.6483, 50.1018], [8.6478, 50.1016], [8.6476, 50.1015]], [[8.6476, 50.1015], [8.6475, 50.1015], [8.6466, 50.1011], [8.6464, 50.1011]], [[8.6464, 50.1011], [8.6464, 50.101]], [[8.6464, 50.101], [8.6458, 50.1008], [8.6454, 50.1007]], [[8.6454, 50.1007], [8.6436, 50.0999], [8.6435, 50.0999], [8.6423, 50.0994], [8.642, 50.0993], [8.641, 50.0988], [8.6408, 50.0987], [8.64, 50.0984], [8.6399, 50.0984], [8.6391, 50.0981], [8.6388, 50.0979], [8.6384, 50.0978], [8.6381, 50.0977]], [[8.6381, 50.0977], [8.6376, 50.0975], [8.6373, 50.0974], [8.6371, 50.0973], [8.6367, 50.0972], [8.6348, 50.0966], [8.6343, 50.0964], [8.634, 50.0963], [8.6335, 50.0961], [8.6331, 50.0959], [8.6328, 50.0958], [8.6326, 50.0957], [8.6326, 50.0956], [8.6323, 50.0955]], [[8.6323, 50.0955], [8.6321, 50.0954], [8.6318, 50.0951], [8.6316, 50.095], [8.6315, 50.0949], [8.6314, 50.0948]], [[8.6314, 50.0948], [8.6312, 50.0947], [8.6311, 50.0945], [8.6308, 50.0943], [8.6306, 50.0941], [8.6305, 50.0938], [8.6303, 50.0936], [8.6302, 50.0934], [8.6301, 50.0933], [8.63, 50.0931], [8.6299, 50.0928]], [[8.6299, 50.0928], [8.6299, 50.0926], [8.6298, 50.0925], [8.6298, 50.0923], [8.6298, 50.0922], [8.6298, 50.0921], [8.6298, 50.0919], [8.6298, 50.0918], [8.6298, 50.0917], [8.6298, 50.0915], [8.6299, 50.0913], [8.6299, 50.0911], [8.63, 50.091], [8.6301, 50.0907], [8.6302, 50.0904], [8.6304, 50.0901]], [[8.6304, 50.0901], [8.6314, 50.0883], [8.6317, 50.0878]], [[8.6317, 50.0878], [8.6319, 50.0874], [8.632, 50.0874], [8.6321, 50.0872], [8.6323, 50.087], [8.6331, 50.0859], [8.6333, 50.0857], [8.634, 50.0848]], [[8.634, 50.0848], [8.6342, 50.0846]], [[8.6342, 50.0846], [8.6342, 50.0845], [8.6345, 50.0842], [8.6347, 50.084], [8.6351, 50.0834], [8.6355, 50.0828], [8.6357, 50.0825], [8.6358, 50.0824], [8.6359, 50.0822], [8.636, 50.082]], [[8.636, 50.082], [8.6362, 50.0818], [8.6362, 50.0817], [8.6363, 50.0816], [8.6364, 50.0813], [8.6365, 50.0813], [8.6367, 50.081]], [[8.6367, 50.081], [8.6368, 50.0809], [8.6369, 50.0808], [8.637, 50.0805]], [[8.637, 50.0805], [8.6373, 50.0803], [8.6375, 50.08], [8.6376, 50.0799], [8.6379, 50.0796]], [[8.6379, 50.0796], [8.638, 50.0795], [8.6382, 50.0792], [8.6384, 50.079], [8.6387, 50.0786], [8.6393, 50.0778], [8.6401, 50.0768], [8.6407, 50.0761], [8.641, 50.0756], [8.6412, 50.0754]], [[8.6412, 50.0754], [8.6414, 50.0752]], [[8.6414, 50.0752], [8.6415, 50.075], [8.6416, 50.0749], [8.6416, 50.0748], [8.6417, 50.0746], [8.6418, 50.0744], [8.6419, 50.0742], [8.6419, 50.0739], [8.6419, 50.0737], [8.6419, 50.0736], [8.6419, 50.0734], [8.6419, 50.0732], [8.6419, 50.0729], [8.6418, 50.0726], [8.6417, 50.0725], [8.6416, 50.0722], [8.6414, 50.072], [8.6412, 50.0717], [8.6411, 50.0715], [8.6409, 50.0713], [8.6406, 50.0711], [8.6405, 50.071], [8.6403, 50.0709], [8.6402, 50.0708], [8.6401, 50.0707], [8.6399, 50.0706], [8.6397, 50.0705], [8.6394, 50.0703], [8.6392, 50.0702], [8.6389, 50.0701], [8.6388, 50.0701], [8.6385, 50.07], [8.6379, 50.0698], [8.6378, 50.0698]], [[8.6378, 50.0698], [8.6377, 50.0697]], [[8.6377, 50.0697], [8.6371, 50.0696], [8.6369, 50.0695], [8.6366, 50.0695]], [[8.6366, 50.0695], [8.6364, 50.0694], [8.6359, 50.0693], [8.6349, 50.069], [8.6348, 50.069], [8.6339, 50.0687], [8.6331, 50.0685], [8.6329, 50.0684], [8.6326, 50.0683], [8.6323, 50.0683], [8.632, 50.0682]], [[8.632, 50.0682], [8.6316, 50.068], [8.6312, 50.0679], [8.6307, 50.0678], [8.63, 50.0676], [8.6293, 50.0675], [8.629, 50.0674], [8.6287, 50.0674], [8.6282, 50.0673], [8.6276, 50.0672], [8.6272, 50.0672], [8.6261, 50.067], [8.625, 50.0669], [8.6245, 50.0669], [8.6239, 50.0669], [8.6237, 50.0669], [8.623, 50.0668], [8.6223, 50.0668]], [[8.6223, 50.0668], [8.6214, 50.0668], [8.6199, 50.0668], [8.6187, 50.0667]], [[8.6187, 50.0667], [8.6178, 50.0667], [8.6175, 50.0667], [8.6173, 50.0667], [8.6171, 50.0667]], [[8.6171, 50.0667], [8.6169, 50.0667]], [[8.6169, 50.0667], [8.6167, 50.0667], [8.6166, 50.0667], [8.6165, 50.0666], [8.6164, 50.0666], [8.6161, 50.0666], [8.6159, 50.0666], [8.6158, 50.0665], [8.6156, 50.0665], [8.6155, 50.0665], [8.6153, 50.0664]], [[8.6153, 50.0664], [8.615, 50.0664], [8.6148, 50.0663], [8.6146, 50.0662], [8.6144, 50.0662], [8.6142, 50.0661], [8.614, 50.066], [8.6138, 50.0659], [8.6136, 50.0658], [8.6134, 50.0658], [8.6132, 50.0657], [8.6131, 50.0656], [8.6129, 50.0655], [8.6127, 50.0654], [8.6126, 50.0653], [8.6125, 50.0652], [8.6123, 50.0651], [8.6119, 50.0647], [8.6116, 50.0644], [8.6114, 50.0641], [8.6113, 50.064], [8.6112, 50.0638], [8.611, 50.0635], [8.6109, 50.0633]], [[8.6109, 50.0633], [8.6109, 50.0631], [8.6108, 50.0628], [8.6108, 50.0624], [8.6107, 50.062], [8.6107, 50.0615], [8.6107, 50.061], [8.6107, 50.0604], [8.6106, 50.0598], [8.6105, 50.0596], [8.6104, 50.0593], [8.6102, 50.059], [8.6102, 50.0589], [8.61, 50.0586], [8.6096, 50.0582], [8.6094, 50.058], [8.6092, 50.0578], [8.609, 50.0577]], [[8.5563, 50.05], [8.5562, 50.05], [8.5562, 50.0501], [8.5558, 50.0501], [8.5556, 50.0502], [8.5555, 50.0503], [8.5552, 50.0504], [8.555, 50.0505], [8.5549, 50.0505], [8.5548, 50.0505]], [[8.554, 50.0509], [8.5539, 50.051], [8.5537, 50.0511], [8.5535, 50.0512], [8.5533, 50.0513], [8.5531, 50.0515], [8.5529, 50.0516], [8.5527, 50.0518], [8.5525, 50.0519], [8.5524, 50.052], [8.5523, 50.0522], [8.5521, 50.0523], [8.552, 50.0525], [8.5519, 50.0526], [8.5518, 50.0527], [8.5517, 50.0529], [8.5515, 50.0532], [8.5513, 50.0534], [8.5512, 50.0536], [8.5511, 50.0538], [8.551, 50.054], [8.5509, 50.0542], [8.5509, 50.0545], [8.5508, 50.0547], [8.5508, 50.0549], [8.5507, 50.0552], [8.5507, 50.0555], [8.5507, 50.0557], [8.5507, 50.0559], [8.5508, 50.0562], [8.5508, 50.0564], [8.5509, 50.0566], [8.551, 50.057], [8.5512, 50.0574], [8.5513, 50.0578], [8.5514, 50.0581], [8.5515, 50.0584], [8.5516, 50.0585]], [[8.5516, 50.0585], [8.5516, 50.0588], [8.5517, 50.0589], [8.5517, 50.0591], [8.5517, 50.0593], [8.5518, 50.0594], [8.5518, 50.0596], [8.5518, 50.0597], [8.5518, 50.0598], [8.5518, 50.06], [8.5518, 50.0602], [8.5517, 50.0603], [8.5517, 50.0604], [8.5517, 50.0606], [8.5517, 50.0608], [8.5516, 50.0609], [8.5515, 50.0613], [8.5513, 50.0616], [8.5513, 50.0618], [8.5511, 50.062], [8.551, 50.0623], [8.5508, 50.0625], [8.5506, 50.0627], [8.5505, 50.0629], [8.5503, 50.063]], [[8.5503, 50.063], [8.5501, 50.0632], [8.55, 50.0634], [8.5498, 50.0635], [8.5496, 50.0637]], [[8.5496, 50.0637], [8.5493, 50.0639], [8.549, 50.0641], [8.5487, 50.0643], [8.5485, 50.0644], [8.5483, 50.0645], [8.5481, 50.0646], [8.5478, 50.0647], [8.5476, 50.0648], [8.5474, 50.0649], [8.5473, 50.0649], [8.5471, 50.065], [8.5469, 50.0651], [8.5465, 50.0652], [8.5463, 50.0653], [8.546, 50.0654], [8.5457, 50.0654], [8.5455, 50.0655], [8.5452, 50.0655], [8.545, 50.0656], [8.5448, 50.0656], [8.5445, 50.0657], [8.5443, 50.0657], [8.544, 50.0657]], [[8.544, 50.0657], [8.5438, 50.0657], [8.5436, 50.0658], [8.5434, 50.0658], [8.5431, 50.0658]], [[8.5431, 50.0658], [8.5423, 50.0658], [8.5419, 50.0658], [8.5415, 50.0658], [8.5411, 50.0658], [8.5407, 50.0658], [8.5404, 50.0658], [8.5399, 50.0658], [8.5395, 50.0657], [8.5391, 50.0657], [8.5387, 50.0657], [8.5384, 50.0656], [8.538, 50.0656], [8.5376, 50.0655], [8.5373, 50.0655], [8.537, 50.0654], [8.5366, 50.0654], [8.5363, 50.0653], [8.536, 50.0652], [8.5358, 50.0652]], [[8.5358, 50.0652], [8.5352, 50.065], [8.5347, 50.0649], [8.5342, 50.0647], [8.5337, 50.0645], [8.5333, 50.0644], [8.5329, 50.0642], [8.5326, 50.0641], [8.5321, 50.0639], [8.532, 50.0638], [8.5317, 50.0637], [8.5316, 50.0636], [8.5314, 50.0635], [8.5307, 50.0631], [8.5305, 50.063], [8.5304, 50.0629], [8.53, 50.0627], [8.5296, 50.0625], [8.5293, 50.0623]], [[8.5293, 50.0623], [8.529, 50.0621], [8.5284, 50.0618], [8.5279, 50.0615], [8.5277, 50.0614], [8.5275, 50.0613]], [[8.5275, 50.0613], [8.5269, 50.061], [8.5266, 50.0608]], [[8.5255, 50.0602], [8.526, 50.0605], [8.5266, 50.0608]], [[8.5241, 50.0595], [8.5248, 50.0599], [8.5251, 50.06], [8.5255, 50.0602]], [[8.5241, 50.0595], [8.5234, 50.0591], [8.5231, 50.0589], [8.5229, 50.0588], [8.5224, 50.0585], [8.5214, 50.058], [8.5208, 50.0577], [8.5205, 50.0575], [8.5197, 50.057], [8.5188, 50.0566], [8.5174, 50.0558]], [[8.5174, 50.0558], [8.5166, 50.0553], [8.5157, 50.0549], [8.5146, 50.0542], [8.5134, 50.0536]], [[8.5134, 50.0536], [8.5131, 50.0534]], [[8.5131, 50.0534], [8.5119, 50.0527], [8.5118, 50.0527]], [[8.5118, 50.0527], [8.5059, 50.0494], [8.5058, 50.0494]], [[8.5058, 50.0494], [8.5053, 50.0491]], [[8.5053, 50.0491], [8.5044, 50.0486], [8.5038, 50.0483], [8.5033, 50.048], [8.5032, 50.0479], [8.5026, 50.0476], [8.5022, 50.0474], [8.5019, 50.0472], [8.5013, 50.0468], [8.5006, 50.0464], [8.5003, 50.0461], [8.4999, 50.0459], [8.4996, 50.0457], [8.4991, 50.0453], [8.4985, 50.0449], [8.4978, 50.0444], [8.4972, 50.0439], [8.4966, 50.0435], [8.4961, 50.043], [8.4958, 50.0428], [8.4955, 50.0425], [8.4951, 50.0421], [8.4946, 50.0418], [8.4936, 50.0409], [8.4927, 50.0401], [8.4921, 50.0396]], [[8.4921, 50.0396], [8.4893, 50.0373], [8.4859, 50.0344], [8.4858, 50.0343], [8.4857, 50.0342]], [[8.4857, 50.0342], [8.4853, 50.0338], [8.4845, 50.0331], [8.4841, 50.0328], [8.4837, 50.0325], [8.4829, 50.0318], [8.4821, 50.0311], [8.4792, 50.0287], [8.4777, 50.0274], [8.4775, 50.0272], [8.4765, 50.0263], [8.4758, 50.0258], [8.4733, 50.0237], [8.4719, 50.0224], [8.4709, 50.0216], [8.4695, 50.0204], [8.4686, 50.0196], [8.4679, 50.0191], [8.467, 50.0183]], [[8.467, 50.0183], [8.4667, 50.018], [8.4654, 50.017], [8.4647, 50.0164], [8.464, 50.0158], [8.4635, 50.0154], [8.4629, 50.015]], [[8.4629, 50.015], [8.4619, 50.0142]], [[8.4619, 50.0142], [8.4613, 50.0138], [8.4609, 50.0135], [8.4608, 50.0134], [8.4604, 50.0132], [8.46, 50.0129], [8.4592, 50.0124], [8.458, 50.0117], [8.4574, 50.0114], [8.4567, 50.0109], [8.4563, 50.0107], [8.4553, 50.0102], [8.4549, 50.0099]], [[8.4549, 50.0099], [8.4544, 50.0097], [8.4536, 50.0092], [8.4531, 50.0089], [8.452, 50.0083], [8.4509, 50.0077], [8.4497, 50.007], [8.4491, 50.0066], [8.4483, 50.0062], [8.448, 50.006], [8.4478, 50.0059], [8.4474, 50.0057], [8.4466, 50.0052], [8.4429, 50.0032], [8.4429, 50.0031]], [[8.4429, 50.0031], [8.4425, 50.0029]], [[8.4425, 50.0029], [8.442, 50.0026], [8.4419, 50.0026], [8.4354, 49.9989], [8.4351, 49.9987]], [[8.4349, 49.9986], [8.4337, 49.998], [8.4328, 49.9976], [8.4319, 49.9971], [8.4309, 49.9967], [8.4297, 49.9962], [8.429, 49.9959], [8.4283, 49.9956], [8.4274, 49.9953], [8.427, 49.9952], [8.4257, 49.9948], [8.4248, 49.9945]], [[8.4244, 49.9944], [8.4236, 49.9942], [8.422, 49.9938], [8.4204, 49.9934], [8.4193, 49.9931], [8.4185, 49.9929], [8.4176, 49.9927], [8.4155, 49.9922], [8.4151, 49.992], [8.4136, 49.9917], [8.413, 49.9915], [8.4119, 49.9912], [8.4107, 49.9909], [8.4105, 49.9909]], [[8.4105, 49.9909], [8.4104, 49.9909], [8.4098, 49.9907], [8.4097, 49.9907], [8.4085, 49.9904], [8.4073, 49.99], [8.4068, 49.9899], [8.4063, 49.9898], [8.4054, 49.9895], [8.4049, 49.9894], [8.4045, 49.9892], [8.4039, 49.9891], [8.4036, 49.989], [8.4017, 49.9885], [8.4012, 49.9884], [8.3998, 49.988], [8.3994, 49.9879], [8.3989, 49.9878], [8.398, 49.9875], [8.3967, 49.9872], [8.3958, 49.987], [8.3948, 49.9867], [8.3939, 49.9865], [8.3924, 49.9862], [8.3916, 49.986], [8.391, 49.9858]], [[8.391, 49.9858], [8.3906, 49.9857], [8.3899, 49.9856], [8.3879, 49.985], [8.3876, 49.985], [8.3869, 49.9848], [8.3859, 49.9846], [8.3857, 49.9845]], [[8.3857, 49.9845], [8.3853, 49.9845], [8.385, 49.9844], [8.3847, 49.9844], [8.3841, 49.9843], [8.3834, 49.9843], [8.3829, 49.9842], [8.3825, 49.9842], [8.3822, 49.9842], [8.3817, 49.9842], [8.3811, 49.9842], [8.3806, 49.9842], [8.3803, 49.9843], [8.3798, 49.9843], [8.3794, 49.9843], [8.379, 49.9844], [8.3787, 49.9844]], [[8.3787, 49.9844], [8.3781, 49.9845], [8.3777, 49.9846], [8.3773, 49.9847], [8.3771, 49.9847], [8.3769, 49.9848], [8.3766, 49.9848], [8.3764, 49.9849], [8.3759, 49.985], [8.3756, 49.9851], [8.3752, 49.9852], [8.3748, 49.9854], [8.3744, 49.9855], [8.3743, 49.9856], [8.374, 49.9857]], [[8.374, 49.9857], [8.3737, 49.9858], [8.3734, 49.986], [8.3726, 49.9863], [8.372, 49.9866], [8.3717, 49.9868], [8.3708, 49.9873], [8.3692, 49.9881], [8.3682, 49.9886], [8.3669, 49.9893], [8.3662, 49.9897], [8.365, 49.9903], [8.364, 49.9909], [8.3635, 49.9911], [8.363, 49.9914], [8.3626, 49.9915], [8.3616, 49.9919], [8.3608, 49.9922], [8.3607, 49.9922], [8.3598, 49.9926], [8.3588, 49.9929]], [[8.3588, 49.9929], [8.3585, 49.993], [8.3583, 49.9931], [8.3581, 49.9931], [8.3576, 49.9933], [8.3574, 49.9934], [8.3567, 49.9936], [8.3564, 49.9937], [8.3559, 49.9939], [8.3558, 49.9939], [8.3557, 49.9939], [8.3556, 49.994], [8.3552, 49.9941], [8.3548, 49.9942], [8.3542, 49.9943], [8.3536, 49.9944]], [[8.3536, 49.9944], [8.3524, 49.9947], [8.3516, 49.9949], [8.3513, 49.9949], [8.3508, 49.995], [8.35, 49.9951], [8.3493, 49.9952], [8.3485, 49.9952], [8.3476, 49.9953], [8.3468, 49.9953], [8.3464, 49.9953], [8.3455, 49.9953], [8.3451, 49.9953], [8.3422, 49.9952], [8.3417, 49.9952], [8.3396, 49.9952], [8.3392, 49.9952], [8.3359, 49.9951], [8.3339, 49.995], [8.3286, 49.9949], [8.328, 49.9948], [8.3275, 49.9948], [8.3259, 49.9948], [8.3241, 49.9947], [8.3224, 49.9947], [8.3216, 49.9947], [8.3205, 49.9946], [8.3191, 49.9946], [8.3178, 49.9946], [8.3171, 49.9945], [8.3166, 49.9945], [8.3158, 49.9944], [8.3151, 49.9944], [8.3144, 49.9944], [8.3138, 49.9943], [8.3129, 49.9943], [8.3121, 49.9942], [8.3116, 49.9942], [8.3115, 49.9942], [8.3099, 49.9941]], [[8.3099, 49.9941], [8.3092, 49.994], [8.3082, 49.9939], [8.308, 49.9939], [8.3066, 49.9938]], [[8.3066, 49.9938], [8.3062, 49.9938], [8.3054, 49.9938], [8.3041, 49.9937], [8.3031, 49.9936], [8.3026, 49.9936], [8.3023, 49.9935]], [[8.3023, 49.9935], [8.3016, 49.9935], [8.3012, 49.9934], [8.3008, 49.9934], [8.3002, 49.9933], [8.2998, 49.9932], [8.2995, 49.9931], [8.2984, 49.9928], [8.2964, 49.9923], [8.2955, 49.992], [8.2937, 49.9916], [8.2932, 49.9914], [8.2912, 49.9909], [8.2909, 49.9908]], [[8.2909, 49.9908], [8.2906, 49.9907], [8.2905, 49.9907], [8.2904, 49.9907]], [[8.2904, 49.9907], [8.2902, 49.9906], [8.2901, 49.9906], [8.2898, 49.9906], [8.2896, 49.9905]], [[8.2896, 49.9905], [8.2894, 49.9905], [8.289, 49.9905], [8.2889, 49.9905], [8.2885, 49.9905], [8.2882, 49.9905], [8.2881, 49.9905], [8.2878, 49.9905], [8.2875, 49.9906], [8.2874, 49.9906]], [[8.2874, 49.9906], [8.2873, 49.9906], [8.287, 49.9907], [8.2867, 49.9908], [8.2864, 49.9909], [8.2861, 49.991], [8.2856, 49.9912], [8.2851, 49.9913], [8.2844, 49.9917], [8.2838, 49.9919], [8.2836, 49.992], [8.2834, 49.992], [8.2831, 49.9921]], [[8.2831, 49.9921], [8.2828, 49.9922]], [[8.2828, 49.9922], [8.2826, 49.9923], [8.2823, 49.9924]], [[8.2823, 49.9924], [8.2813, 49.9926], [8.2811, 49.9927], [8.2807, 49.9928]], [[8.2807, 49.9928], [8.28, 49.993], [8.2798, 49.993], [8.2787, 49.9933], [8.2778, 49.9935], [8.2773, 49.9936]], [[8.2773, 49.9936], [8.277, 49.9936], [8.2768, 49.9937], [8.2767, 49.9937], [8.2764, 49.9938], [8.276, 49.9938], [8.2755, 49.9939]], [[8.2716, 49.9942], [8.2713, 49.9942], [8.2698, 49.994]], [[8.2698, 49.994], [8.2694, 49.994], [8.2692, 49.994], [8.2689, 49.9939], [8.2687, 49.9939], [8.2684, 49.9939], [8.2681, 49.9939], [8.2676, 49.9939]], [[8.2614, 49.998], [8.2613, 49.9981], [8.2612, 49.9982]], [[8.2612, 49.9982], [8.2609, 49.9986]], [[8.2609, 49.9986], [8.2604, 49.9993]], [[8.2604, 49.9993], [8.2602, 49.9996], [8.2601, 49.9998]], [[8.2601, 49.9998], [8.2599, 50.0001]], [[8.2599, 50.0001], [8.2598, 50.0001]], [[8.2598, 50.0001], [8.2598, 50.0002], [8.2596, 50.0005], [8.2594, 50.0006]], [[8.2594, 50.0006], [8.2594, 50.0007], [8.2591, 50.0011]], [[8.2591, 50.0011], [8.259, 50.0011], [8.2588, 50.0014], [8.2585, 50.0017]], [[8.2585, 50.0017], [8.2583, 50.002], [8.2579, 50.0024], [8.2578, 50.0024], [8.2578, 50.0025], [8.2577, 50.0026]], [[8.2577, 50.0026], [8.2574, 50.0029], [8.2573, 50.003], [8.2572, 50.0031], [8.257, 50.0033]], [[8.257, 50.0033], [8.2568, 50.0034], [8.2565, 50.0037]], [[8.2565, 50.0037], [8.2561, 50.004]], [[8.2561, 50.004], [8.2556, 50.0044]], [[8.2556, 50.0044], [8.2556, 50.0045]], [[8.2552, 50.0048], [8.2556, 50.0045]], [[8.2552, 50.0048], [8.255, 50.0049], [8.2548, 50.0051], [8.2546, 50.0053], [8.2545, 50.0055], [8.2543, 50.0057], [8.2541, 50.0059], [8.2539, 50.0061]], [[8.2539, 50.0061], [8.2537, 50.0063], [8.2536, 50.0065], [8.252, 50.0078], [8.2516, 50.0081], [8.2512, 50.0084]], [[8.2512, 50.0084], [8.2511, 50.0084]], [[8.2511, 50.0084], [8.2507, 50.0087], [8.2503, 50.009], [8.2498, 50.0093], [8.2494, 50.0096]], [[8.2487, 50.0102], [8.2489, 50.01], [8.2494, 50.0097], [8.2494, 50.0096]], [[8.2482, 50.0106], [8.2485, 50.0104], [8.2487, 50.0102]], [[8.2482, 50.0106], [8.2481, 50.0108], [8.2475, 50.0113], [8.2469, 50.0118], [8.2464, 50.0122], [8.2453, 50.0132]], [[8.2453, 50.0132], [8.2451, 50.0134]], [[8.2451, 50.0134], [8.2445, 50.0139], [8.2439, 50.0143], [8.2437, 50.0145], [8.2436, 50.0147], [8.2435, 50.0148], [8.2433, 50.0151], [8.2432, 50.0153], [8.2431, 50.0155], [8.243, 50.0157], [8.243, 50.0158], [8.2429, 50.016]], [[8.2429, 50.016], [8.2429, 50.0162]], [[8.2429, 50.0162], [8.2429, 50.0165], [8.2429, 50.0167], [8.243, 50.0169], [8.243, 50.0171], [8.2431, 50.0174], [8.2432, 50.0176], [8.2434, 50.0178], [8.2435, 50.018]], [[8.2435, 50.018], [8.2436, 50.0182], [8.2438, 50.0183], [8.244, 50.0186], [8.2443, 50.0188], [8.2447, 50.019], [8.245, 50.0192], [8.2453, 50.0194], [8.2457, 50.0195], [8.2458, 50.0196], [8.2459, 50.0196], [8.2462, 50.0197]], [[8.2462, 50.0197], [8.2463, 50.0197], [8.2465, 50.0198]], [[8.2465, 50.0198], [8.247, 50.0199]], [[8.247, 50.0199], [8.2478, 50.0201], [8.2481, 50.0202], [8.2485, 50.0203], [8.2489, 50.0204]], [[8.2489, 50.0204], [8.2491, 50.0204]], [[8.2491, 50.0204], [8.2493, 50.0205]], [[8.2493, 50.0205], [8.2496, 50.0206], [8.25, 50.0207], [8.2505, 50.0209], [8.2508, 50.021], [8.2511, 50.0211], [8.2513, 50.0213]], [[8.2513, 50.0213], [8.2528, 50.022], [8.2552, 50.0233], [8.2598, 50.0257], [8.2609, 50.0262]], [[8.2609, 50.0262], [8.2611, 50.0263], [8.2612, 50.0264]], [[8.2612, 50.0264], [8.2614, 50.0265], [8.2615, 50.0265], [8.2617, 50.0266], [8.2619, 50.0267], [8.2621, 50.0267], [8.2623, 50.0268], [8.2625, 50.0269], [8.2628, 50.0269], [8.263, 50.027], [8.2633, 50.027], [8.2635, 50.027], [8.2638, 50.0271], [8.2642, 50.0271], [8.2652, 50.0272]], [[8.2652, 50.0272], [8.2655, 50.0272]], [[8.2655, 50.0272], [8.2657, 50.0273], [8.266, 50.0273], [8.2662, 50.0274], [8.2665, 50.0274], [8.2667, 50.0275], [8.2669, 50.0275], [8.2672, 50.0276], [8.2674, 50.0277], [8.2676, 50.0278], [8.2678, 50.0279], [8.268, 50.028], [8.2682, 50.0281], [8.2684, 50.0282], [8.2686, 50.0283]], [[8.2686, 50.0283], [8.2687, 50.0284], [8.2689, 50.0285]], [[8.2689, 50.0285], [8.269, 50.0287], [8.2692, 50.0288], [8.2693, 50.029], [8.2695, 50.0291], [8.2696, 50.0293], [8.2697, 50.0294], [8.2698, 50.0296], [8.2699, 50.0297], [8.2699, 50.0299], [8.27, 50.0301], [8.27, 50.0302], [8.2701, 50.0304], [8.2701, 50.0305], [8.2701, 50.0307], [8.2701, 50.0308]], [[8.2701, 50.0308], [8.2701, 50.0309], [8.2701, 50.0311], [8.27, 50.0312], [8.27, 50.0313], [8.27, 50.0315], [8.2699, 50.0316], [8.2698, 50.0318]], [[8.2698, 50.0318], [8.2698, 50.0319], [8.2697, 50.0321], [8.2696, 50.0322], [8.2695, 50.0324], [8.2694, 50.0325], [8.2692, 50.0327], [8.2691, 50.0328], [8.2689, 50.033], [8.2688, 50.0331], [8.2686, 50.0332], [8.2684, 50.0334], [8.2682, 50.0335], [8.268, 50.0336], [8.2678, 50.0337], [8.2676, 50.0338], [8.2669, 50.0341], [8.2656, 50.0346], [8.2646, 50.035], [8.2636, 50.0355], [8.2633, 50.0356], [8.263, 50.0358], [8.2624, 50.0361], [8.2618, 50.0365], [8.2609, 50.0371], [8.2604, 50.0375], [8.2603, 50.0376], [8.26, 50.0378], [8.2595, 50.0383], [8.2593, 50.0385], [8.2584, 50.0395], [8.2579, 50.04], [8.2576, 50.0403], [8.2575, 50.0404], [8.2573, 50.0406], [8.2566, 50.0413], [8.2565, 50.0414], [8.2564, 50.0416], [8.2563, 50.0416], [8.2561, 50.0418], [8.2561, 50.0419], [8.2559, 50.0422], [8.2555, 50.0428], [8.2553, 50.0432], [8.2552, 50.0436]], [[8.2552, 50.0436], [8.2551, 50.0439], [8.255, 50.0445]], [[8.255, 50.0447], [8.255, 50.0446], [8.255, 50.0445]], [[8.255, 50.0447], [8.255, 50.0448]], [[8.255, 50.0448], [8.255, 50.0451], [8.2551, 50.0454], [8.2551, 50.0457], [8.2552, 50.0462], [8.2552, 50.0466]], [[8.2552, 50.0466], [8.2553, 50.047], [8.2554, 50.0478], [8.2555, 50.0482], [8.2555, 50.0487], [8.2556, 50.0494], [8.2557, 50.05], [8.2557, 50.0506], [8.2557, 50.0512], [8.2557, 50.0519]], [[8.2557, 50.0519], [8.2556, 50.0524], [8.2556, 50.0527], [8.2556, 50.0529], [8.2555, 50.0534], [8.2553, 50.054]], [[8.2553, 50.054], [8.2552, 50.0542], [8.2551, 50.0544], [8.255, 50.0548], [8.2546, 50.0558], [8.2542, 50.0566], [8.2542, 50.0568]], [[8.2496, 50.0615], [8.2499, 50.0612], [8.2499, 50.0611], [8.2502, 50.0609], [8.2506, 50.0606], [8.2509, 50.0603], [8.252, 50.0596], [8.2524, 50.0593], [8.2527, 50.0591], [8.253, 50.0588], [8.2532, 50.0585], [8.2535, 50.0581], [8.2537, 50.0578], [8.2542, 50.0568]], [[8.2486, 50.0626], [8.2487, 50.0624], [8.2489, 50.0623], [8.2492, 50.0619], [8.2496, 50.0615]], [[8.2472, 50.0644], [8.2476, 50.0638], [8.2479, 50.0635], [8.248, 50.0633], [8.2482, 50.0631], [8.2486, 50.0626]], [[8.2468, 50.0652], [8.2472, 50.0644]], [[8.2465, 50.0657], [8.2468, 50.0653], [8.2468, 50.0652]], [[8.2463, 50.066], [8.2465, 50.0657]], [[8.6511, 50.1028], [8.6506, 50.1026], [8.65, 50.1024], [8.6498, 50.1023], [8.6493, 50.1022]], [[8.6513, 50.1028], [8.6511, 50.1028]], [[8.655, 50.1043], [8.6545, 50.1041], [8.6532, 50.1036], [8.653, 50.1035], [8.6524, 50.1033], [8.6518, 50.103], [8.6517, 50.103], [8.6513, 50.1028]], [[8.656, 50.1047], [8.6557, 50.1046], [8.6555, 50.1045], [8.6553, 50.1044], [8.655, 50.1043]], [[8.6571, 50.1052], [8.6569, 50.1051], [8.6567, 50.105], [8.6564, 50.1049], [8.656, 50.1047]], [[8.6574, 50.1053], [8.6571, 50.1052]], [[8.6579, 50.1056], [8.6574, 50.1053]], [[8.6584, 50.1058], [8.6582, 50.1058], [8.6581, 50.1057], [8.6579, 50.1056]], [[8.6587, 50.106], [8.6584, 50.1058]], [[8.6606, 50.1067], [8.6605, 50.1067], [8.6604, 50.1066], [8.6603, 50.1066], [8.6597, 50.1064], [8.6591, 50.1061], [8.6587, 50.106]], [[8.6625, 50.1075], [8.662, 50.1073], [8.6613, 50.107], [8.6606, 50.1067]], [[8.6574, 50.1053], [8.6564, 50.105], [8.6554, 50.1046]], [[8.6554, 50.1046], [8.6549, 50.1044]], [[8.6549, 50.1044], [8.6545, 50.1043]], [[8.6545, 50.1043], [8.6543, 50.1042], [8.6533, 50.1038]], [[8.6533, 50.1038], [8.6531, 50.1037]], [[8.6531, 50.1037], [8.6529, 50.1036], [8.6525, 50.1035], [8.6515, 50.1031]], [[8.6515, 50.1031], [8.6506, 50.1028], [8.6506, 50.1027]], [[8.6506, 50.1027], [8.6505, 50.1027], [8.6503, 50.1026], [8.6499, 50.1025], [8.6493, 50.1022]]]}, "properties": {"ref": "S8", "opened_year": 1992, "is_tunnel": false, "segment_count": 387}}, {"type": "Feature", "geometry": {"type": "MultiLineString", "coordinates": [[[8.7365, 50.1051], [8.7365, 50.1052], [8.7397, 50.1053], [8.74, 50.1053], [8.7401, 50.1053], [8.7397, 50.1052], [8.7365, 50.1051]], [[8.7514, 50.106], [8.7514, 50.1061], [8.7486, 50.1059], [8.7485, 50.1059], [8.7485, 50.1058], [8.7486, 50.1058], [8.7514, 50.106]], [[8.7619, 50.1063], [8.762, 50.1063], [8.765, 50.1056], [8.7651, 50.1056], [8.7657, 50.1055], [8.7657, 50.1054], [8.7651, 50.1055], [8.7649, 50.1055], [8.762, 50.1062], [8.7612, 50.1063], [8.7613, 50.1064], [8.7619, 50.1063]], [[8.2612, 49.9981], [8.2612, 49.998], [8.2616, 49.9974], [8.2618, 49.9972]], [[8.2618, 49.9972], [8.262, 49.9969], [8.2624, 49.9964], [8.2626, 49.9962], [8.2631, 49.9956], [8.2637, 49.995], [8.264, 49.9948], [8.2643, 49.9946], [8.2647, 49.9944], [8.2649, 49.9943], [8.2655, 49.994], [8.2657, 49.9939], [8.2662, 49.9938], [8.2663, 49.9938], [8.2667, 49.9937], [8.2672, 49.9936], [8.2675, 49.9935], [8.2677, 49.9935], [8.2685, 49.9934], [8.2691, 49.9935], [8.2696, 49.9935], [8.2703, 49.9936], [8.2708, 49.9937], [8.2718, 49.9938], [8.2726, 49.9939], [8.2733, 49.994], [8.2738, 49.994], [8.2741, 49.994], [8.2748, 49.994], [8.2755, 49.9939]], [[8.554, 50.0509], [8.5548, 50.0505]], [[8.5562, 50.05], [8.5567, 50.0499], [8.5573, 50.0497], [8.558, 50.0496], [8.5587, 50.0495], [8.5595, 50.0495], [8.5601, 50.0495], [8.5607, 50.0495], [8.5615, 50.0496], [8.5622, 50.0496], [8.5655, 50.05]], [[8.5655, 50.05], [8.5656, 50.0501], [8.5668, 50.0502], [8.5675, 50.0503]], [[8.5675, 50.0503], [8.5681, 50.0504], [8.5693, 50.0507], [8.5701, 50.0509], [8.5718, 50.0513], [8.573, 50.0516], [8.5741, 50.0519], [8.5749, 50.0521]], [[8.5749, 50.0521], [8.5756, 50.0522], [8.576, 50.0523], [8.5762, 50.0524]], [[8.5762, 50.0524], [8.5764, 50.0524], [8.5766, 50.0525], [8.5775, 50.0527], [8.5788, 50.053]], [[8.5788, 50.053], [8.58, 50.0534], [8.5803, 50.0536], [8.5811, 50.054], [8.5818, 50.0544], [8.5823, 50.0547]], [[8.5823, 50.0547], [8.5825, 50.0549], [8.5827, 50.055], [8.5828, 50.0551], [8.5829, 50.0552], [8.583, 50.0553], [8.5831, 50.0553], [8.5832, 50.0554], [8.5834, 50.0554], [8.5835, 50.0555], [8.5837, 50.0556], [8.5839, 50.0557], [8.5841, 50.0558], [8.5844, 50.0559], [8.5847, 50.0559], [8.5851, 50.056], [8.5855, 50.0561], [8.5869, 50.0564], [8.5875, 50.0565], [8.5879, 50.0566], [8.5885, 50.0567], [8.5889, 50.0567], [8.5893, 50.0568], [8.5897, 50.0568], [8.5901, 50.0568], [8.5906, 50.0568], [8.5909, 50.0568], [8.5912, 50.0568], [8.5917, 50.0567], [8.5922, 50.0567]], [[8.5922, 50.0567], [8.593, 50.0566], [8.5931, 50.0566]], [[8.5931, 50.0566], [8.5947, 50.0565], [8.5961, 50.0565], [8.5973, 50.0564], [8.5979, 50.0564], [8.5985, 50.0564], [8.5993, 50.0564], [8.6001, 50.0563], [8.6008, 50.0563], [8.6015, 50.0562], [8.6021, 50.0562], [8.6025, 50.0562], [8.6031, 50.0562], [8.6038, 50.0561], [8.6043, 50.0561], [8.6046, 50.0562], [8.6051, 50.0562], [8.6056, 50.0563], [8.6061, 50.0564], [8.6066, 50.0565], [8.6071, 50.0567], [8.6076, 50.0569], [8.6083, 50.0572], [8.6085, 50.0573], [8.6087, 50.0574], [8.6088, 50.0575], [8.609, 50.0576]], [[8.6524, 50.1033], [8.6528, 50.1035], [8.653, 50.1035], [8.654, 50.1039], [8.6551, 50.1043], [8.6553, 50.1044], [8.6558, 50.1046]], [[8.6558, 50.1046], [8.6568, 50.105], [8.6581, 50.1055]], [[8.6581, 50.1055], [8.6586, 50.1056], [8.659, 50.1058], [8.6599, 50.1062], [8.6606, 50.1065], [8.6617, 50.1069], [8.6622, 50.1071]], [[8.6622, 50.1071], [8.6624, 50.1072], [8.6628, 50.1073]], [[8.6628, 50.1073], [8.6633, 50.1075], [8.6633, 50.1076], [8.6634, 50.1076]], [[8.6634, 50.1076], [8.6638, 50.1079], [8.6642, 50.1081], [8.6643, 50.1081], [8.6646, 50.1083], [8.6647, 50.1084], [8.6648, 50.1084], [8.6649, 50.1085]], [[8.6649, 50.1085], [8.665, 50.1085], [8.665, 50.1086], [8.6651, 50.1087], [8.6653, 50.1089], [8.6656, 50.1092]], [[8.6656, 50.1092], [8.6657, 50.1094], [8.6658, 50.1095], [8.6659, 50.1098], [8.6661, 50.1101], [8.6663, 50.1107], [8.6664, 50.111], [8.6665, 50.1111], [8.6665, 50.1112], [8.6666, 50.1113], [8.6666, 50.1114], [8.6668, 50.1116], [8.6669, 50.1119], [8.6673, 50.1123], [8.6674, 50.1124]], [[8.6674, 50.1124], [8.6676, 50.1126]], [[8.6676, 50.1126], [8.668, 50.1129], [8.6681, 50.113], [8.669, 50.1136], [8.6697, 50.1141]], [[8.6697, 50.1141], [8.6699, 50.1142]], [[8.6699, 50.1142], [8.67, 50.1142]], [[8.67, 50.1142], [8.6702, 50.1143], [8.6708, 50.1146], [8.6716, 50.1148], [8.672, 50.1148], [8.6725, 50.1148], [8.6727, 50.1148], [8.6732, 50.1148], [8.6733, 50.1148], [8.6735, 50.1148], [8.6736, 50.1148], [8.6738, 50.1147], [8.6741, 50.1147], [8.6745, 50.1146], [8.6747, 50.1146], [8.6751, 50.1145], [8.6759, 50.1143], [8.6763, 50.1142]], [[8.6763, 50.1142], [8.6766, 50.1141], [8.6774, 50.1141], [8.6778, 50.114], [8.6783, 50.114], [8.6785, 50.1139], [8.679, 50.1139], [8.6793, 50.1139]], [[8.6793, 50.1139], [8.6798, 50.1139], [8.68, 50.1138], [8.6805, 50.1139], [8.6807, 50.1139], [8.6809, 50.114], [8.6814, 50.1141], [8.6821, 50.1143], [8.6825, 50.1144], [8.6826, 50.1144], [8.6829, 50.1144], [8.6832, 50.1145]], [[8.6832, 50.1145], [8.6833, 50.1145], [8.6839, 50.1146], [8.6841, 50.1146], [8.6844, 50.1146], [8.6845, 50.1146]], [[8.6845, 50.1146], [8.6853, 50.1146]], [[8.6853, 50.1146], [8.687, 50.1146], [8.6873, 50.1146], [8.6876, 50.1146]], [[8.6876, 50.1146], [8.6878, 50.1146], [8.688, 50.1146], [8.6881, 50.1146], [8.6883, 50.1146], [8.6885, 50.1147], [8.6897, 50.1148], [8.6902, 50.1148]], [[8.6902, 50.1148], [8.6903, 50.1148], [8.6905, 50.1148], [8.6907, 50.1148], [8.6911, 50.1148], [8.6914, 50.1148], [8.6917, 50.1147], [8.692, 50.1147], [8.6921, 50.1147], [8.6924, 50.1146], [8.6927, 50.1146], [8.6932, 50.1145], [8.6935, 50.1144], [8.6937, 50.1143], [8.694, 50.1143], [8.6943, 50.1142], [8.6946, 50.1141], [8.6949, 50.1139], [8.6952, 50.1138], [8.6955, 50.1137], [8.6958, 50.1134]], [[8.6958, 50.1134], [8.696, 50.1133], [8.6961, 50.1133], [8.6963, 50.1131]], [[8.6963, 50.1131], [8.6966, 50.1128], [8.6968, 50.1126], [8.6969, 50.1125]], [[8.6969, 50.1125], [8.6975, 50.1119], [8.6976, 50.1118], [8.6977, 50.1117], [8.698, 50.1115], [8.698, 50.1114]], [[8.698, 50.1114], [8.6982, 50.1112]], [[8.6982, 50.1112], [8.6985, 50.1107], [8.6987, 50.1102], [8.6988, 50.1098], [8.6988, 50.1093], [8.6987, 50.1085], [8.6987, 50.1084], [8.6986, 50.1082], [8.6985, 50.1077], [8.6983, 50.1068]], [[8.6983, 50.1068], [8.6982, 50.1065], [8.6981, 50.106], [8.698, 50.1058], [8.698, 50.1057]], [[8.698, 50.1057], [8.698, 50.1055], [8.6979, 50.1053], [8.6979, 50.1051], [8.6978, 50.1049], [8.6979, 50.1045], [8.698, 50.104], [8.6981, 50.1037], [8.6983, 50.1033], [8.6985, 50.1031], [8.6986, 50.103], [8.6988, 50.1029], [8.699, 50.1027], [8.6993, 50.1024], [8.6994, 50.1024]], [[8.6994, 50.1024], [8.7, 50.1021], [8.7001, 50.1021], [8.7005, 50.1019]], [[8.7005, 50.1019], [8.7007, 50.1018], [8.7009, 50.1017], [8.7011, 50.1017], [8.7014, 50.1016], [8.7019, 50.1015], [8.7023, 50.1014], [8.7027, 50.1013], [8.7031, 50.1013], [8.7033, 50.1012]], [[8.7033, 50.1012], [8.7034, 50.1012], [8.7037, 50.1012], [8.7044, 50.1012], [8.7048, 50.1012], [8.705, 50.1012], [8.7052, 50.1013], [8.7056, 50.1013], [8.7057, 50.1013], [8.7059, 50.1014], [8.7062, 50.1014], [8.7066, 50.1015], [8.707, 50.1016], [8.7071, 50.1016], [8.7072, 50.1017], [8.7076, 50.1018], [8.7081, 50.102]], [[8.7081, 50.102], [8.7083, 50.1021], [8.7084, 50.1021], [8.709, 50.1024], [8.7094, 50.1026], [8.7099, 50.1029], [8.7105, 50.1032], [8.711, 50.1034]], [[8.711, 50.1034], [8.7114, 50.1036], [8.7116, 50.1037], [8.7121, 50.1038], [8.7123, 50.1038], [8.7128, 50.1039], [8.713, 50.104], [8.7133, 50.104], [8.7135, 50.104], [8.7143, 50.1041], [8.7145, 50.1041]], [[8.7316, 50.1049], [8.734, 50.105], [8.7344, 50.105]], [[8.7344, 50.105], [8.7355, 50.105], [8.7365, 50.1051], [8.7366, 50.1051], [8.7367, 50.1051]], [[8.7367, 50.1051], [8.7369, 50.1051], [8.7395, 50.1052], [8.7396, 50.1052]], [[8.7396, 50.1052], [8.7403, 50.1053], [8.7409, 50.1053], [8.7426, 50.1055], [8.7431, 50.1055], [8.7432, 50.1055], [8.7437, 50.1056], [8.7445, 50.1056]], [[8.7445, 50.1056], [8.7446, 50.1056], [8.7451, 50.1057], [8.7455, 50.1057], [8.7465, 50.1057], [8.7466, 50.1057], [8.7473, 50.1058], [8.7478, 50.1058], [8.7485, 50.1058], [8.7486, 50.1058]], [[8.7486, 50.1058], [8.7503, 50.1059], [8.7514, 50.106], [8.7517, 50.106]], [[8.7517, 50.106], [8.7519, 50.106], [8.7535, 50.1062], [8.7548, 50.1063], [8.7552, 50.1063], [8.7559, 50.1064], [8.7562, 50.1064], [8.7567, 50.1065], [8.7574, 50.1065], [8.7575, 50.1065], [8.7579, 50.1065], [8.7582, 50.1066], [8.7586, 50.1066], [8.7588, 50.1066], [8.759, 50.1066], [8.7596, 50.1066], [8.7597, 50.1065], [8.7603, 50.1065], [8.7604, 50.1065], [8.7606, 50.1064], [8.7608, 50.1064], [8.7612, 50.1063], [8.7616, 50.1062], [8.7619, 50.1062]], [[8.7619, 50.1062], [8.7633, 50.1059], [8.7642, 50.1057], [8.7648, 50.1055]], [[8.7648, 50.1055], [8.7657, 50.1054], [8.7669, 50.1052], [8.7675, 50.105], [8.7681, 50.1048], [8.7684, 50.1047], [8.7688, 50.1046], [8.7693, 50.1044], [8.7696, 50.1043], [8.7704, 50.104], [8.7722, 50.1035], [8.7728, 50.1033], [8.7732, 50.1032], [8.7738, 50.103]], [[8.7738, 50.103], [8.7753, 50.1025], [8.7758, 50.1024], [8.7762, 50.1023], [8.7763, 50.1023], [8.7765, 50.1022], [8.7767, 50.1022], [8.777, 50.1021], [8.7772, 50.1021], [8.7774, 50.1021], [8.7776, 50.1021], [8.7779, 50.1021], [8.7784, 50.1022], [8.7798, 50.1023]], [[8.875, 50.1214], [8.8782, 50.1218]], [[8.7798, 50.1024], [8.7796, 50.1024], [8.7784, 50.1022], [8.7779, 50.1022], [8.7776, 50.1022], [8.7774, 50.1022], [8.7772, 50.1022], [8.777, 50.1022], [8.7767, 50.1022], [8.7765, 50.1023], [8.7763, 50.1023], [8.7762, 50.1023], [8.7758, 50.1024], [8.7757, 50.1024], [8.7754, 50.1025], [8.7738, 50.103]], [[8.7738, 50.103], [8.7732, 50.1032], [8.773, 50.1033], [8.7722, 50.1035], [8.7706, 50.104], [8.7696, 50.1043], [8.7693, 50.1045], [8.7688, 50.1046], [8.7684, 50.1048], [8.7681, 50.1049], [8.7675, 50.1051], [8.7669, 50.1052], [8.7666, 50.1053], [8.7657, 50.1055], [8.765, 50.1056], [8.7649, 50.1057]], [[8.7649, 50.1057], [8.7643, 50.1058], [8.7634, 50.106], [8.7619, 50.1063]], [[8.7619, 50.1063], [8.7613, 50.1064], [8.7603, 50.1066], [8.7596, 50.1066], [8.7592, 50.1066], [8.7588, 50.1066], [8.7581, 50.1066], [8.7574, 50.1066], [8.7565, 50.1065], [8.7562, 50.1065], [8.7558, 50.1064], [8.7546, 50.1063], [8.7536, 50.1063], [8.7529, 50.1062], [8.7519, 50.1061], [8.7517, 50.1061]], [[8.7517, 50.1061], [8.7514, 50.1061], [8.7503, 50.106], [8.7491, 50.106], [8.7486, 50.1059]], [[8.7486, 50.1059], [8.748, 50.1059], [8.7477, 50.1059], [8.7466, 50.1058], [8.7459, 50.1058], [8.7449, 50.1057], [8.7435, 50.1056], [8.7431, 50.1056]], [[8.7431, 50.1056], [8.7429, 50.1055], [8.7422, 50.1055]], [[8.7422, 50.1055], [8.7414, 50.1054], [8.7409, 50.1054], [8.7403, 50.1054], [8.7402, 50.1054]], [[8.7402, 50.1054], [8.7396, 50.1053]], [[8.7396, 50.1053], [8.738, 50.1052], [8.7369, 50.1052], [8.7366, 50.1052]], [[8.7366, 50.1052], [8.7365, 50.1052], [8.7359, 50.1051]], [[8.7359, 50.1051], [8.7353, 50.1051], [8.7344, 50.105]], [[8.7145, 50.1042], [8.7143, 50.1042], [8.7129, 50.104], [8.7122, 50.1039], [8.7116, 50.1037], [8.711, 50.1035]], [[8.711, 50.1035], [8.7106, 50.1033]], [[8.7106, 50.1033], [8.7103, 50.1031], [8.7094, 50.1027], [8.7093, 50.1027], [8.7086, 50.1023], [8.7083, 50.1021], [8.7082, 50.1021], [8.708, 50.102], [8.7077, 50.1019], [8.7074, 50.1018], [8.707, 50.1017], [8.707, 50.1016], [8.7063, 50.1015], [8.7057, 50.1014], [8.7053, 50.1013], [8.7049, 50.1013], [8.7047, 50.1013], [8.7046, 50.1013], [8.7043, 50.1013], [8.704, 50.1013], [8.7038, 50.1013], [8.7035, 50.1013], [8.7033, 50.1014]], [[8.7033, 50.1014], [8.7029, 50.1014], [8.7028, 50.1014], [8.7024, 50.1015], [8.702, 50.1016], [8.7015, 50.1017], [8.7012, 50.1018], [8.701, 50.1018], [8.7008, 50.1019], [8.7006, 50.102]], [[8.7006, 50.102], [8.7003, 50.1021], [8.6996, 50.1024], [8.6993, 50.1026], [8.6992, 50.1026], [8.699, 50.1028], [8.6987, 50.103], [8.6984, 50.1033], [8.6983, 50.1036], [8.6982, 50.1037], [8.698, 50.104], [8.698, 50.1042], [8.6979, 50.1044]], [[8.6979, 50.1044], [8.6979, 50.1045], [8.698, 50.105], [8.698, 50.1051], [8.698, 50.1052], [8.698, 50.1054], [8.6981, 50.1057]], [[8.6981, 50.1057], [8.6982, 50.106], [8.6983, 50.1064], [8.6984, 50.1067], [8.6986, 50.1074], [8.6986, 50.1077], [8.6988, 50.1081], [8.6988, 50.1082], [8.6989, 50.1086], [8.699, 50.1095], [8.699, 50.11], [8.6988, 50.1104], [8.6986, 50.1109]], [[8.6986, 50.1109], [8.6984, 50.1112]], [[8.6984, 50.1112], [8.6982, 50.1115]], [[8.6982, 50.1115], [8.6981, 50.1115], [8.6978, 50.1118], [8.6976, 50.112], [8.6974, 50.1122]], [[8.6974, 50.1122], [8.697, 50.1126], [8.6969, 50.1127], [8.6968, 50.1128], [8.6966, 50.113], [8.6964, 50.1131]], [[8.6964, 50.1131], [8.6962, 50.1133], [8.6962, 50.1134]], [[8.6962, 50.1134], [8.696, 50.1135], [8.6958, 50.1136], [8.6956, 50.1138], [8.6955, 50.1138], [8.6952, 50.1139], [8.695, 50.1141], [8.6949, 50.1141], [8.6948, 50.1141], [8.6946, 50.1142], [8.6943, 50.1143], [8.694, 50.1144], [8.6939, 50.1144], [8.6937, 50.1145], [8.6934, 50.1145], [8.6932, 50.1146], [8.6926, 50.1147], [8.6924, 50.1147], [8.6923, 50.1147], [8.6921, 50.1148], [8.6915, 50.1148], [8.691, 50.1149], [8.6909, 50.1149]], [[8.6909, 50.1149], [8.6908, 50.1149], [8.6903, 50.1149], [8.6901, 50.1149], [8.6898, 50.1149], [8.6896, 50.1148], [8.6893, 50.1148], [8.6886, 50.1147], [8.6883, 50.1147], [8.6881, 50.1147], [8.6879, 50.1147]], [[8.6879, 50.1147], [8.6871, 50.1147], [8.6869, 50.1147], [8.6868, 50.1147], [8.6866, 50.1147], [8.6859, 50.1147], [8.6858, 50.1147], [8.6853, 50.1147], [8.6849, 50.1147], [8.6845, 50.1147]], [[8.6845, 50.1147], [8.6843, 50.1147], [8.684, 50.1146], [8.6838, 50.1146], [8.6837, 50.1146], [8.6833, 50.1146]], [[8.6833, 50.1146], [8.6831, 50.1145], [8.6829, 50.1145], [8.6826, 50.1144], [8.6825, 50.1144], [8.6821, 50.1143], [8.682, 50.1143], [8.6817, 50.1142], [8.6814, 50.1141], [8.6813, 50.1141], [8.6812, 50.1141], [8.681, 50.1141], [8.6809, 50.114], [8.6804, 50.114], [8.6801, 50.114], [8.6799, 50.114], [8.6793, 50.114]], [[8.6793, 50.114], [8.6789, 50.1141], [8.6786, 50.1141], [8.6783, 50.1141], [8.6782, 50.1141], [8.6779, 50.1141], [8.6776, 50.1142], [8.6773, 50.1142], [8.677, 50.1142], [8.6767, 50.1143], [8.6764, 50.1143], [8.6763, 50.1143]], [[8.6763, 50.1143], [8.6759, 50.1144], [8.6754, 50.1145], [8.675, 50.1146], [8.6741, 50.1147], [8.6736, 50.1148], [8.6735, 50.1148], [8.6733, 50.1149], [8.6727, 50.1149], [8.6724, 50.1149], [8.672, 50.1149], [8.6718, 50.1149], [8.6716, 50.1148], [8.6715, 50.1148], [8.671, 50.1147], [8.6708, 50.1147], [8.6703, 50.1145], [8.6701, 50.1144], [8.6698, 50.1143]], [[8.6698, 50.1143], [8.6695, 50.1141]], [[8.6695, 50.1141], [8.669, 50.1138], [8.6689, 50.1138]], [[8.6689, 50.1138], [8.6687, 50.1136], [8.6682, 50.1133], [8.6678, 50.113], [8.6675, 50.1126]], [[8.6675, 50.1126], [8.667, 50.1122], [8.6665, 50.1115], [8.6665, 50.1114], [8.6663, 50.1111], [8.6662, 50.1109], [8.6661, 50.1107], [8.666, 50.1104], [8.6659, 50.1102], [8.6658, 50.1099]], [[8.6658, 50.1099], [8.6657, 50.1098], [8.6655, 50.1094], [8.6655, 50.1093]], [[8.6655, 50.1093], [8.6652, 50.109], [8.6651, 50.1089], [8.6648, 50.1086], [8.6648, 50.1085], [8.6647, 50.1085], [8.6645, 50.1084], [8.6644, 50.1082], [8.6638, 50.1079], [8.6633, 50.1076], [8.6632, 50.1076], [8.6631, 50.1075], [8.6627, 50.1074]], [[8.6627, 50.1074], [8.6624, 50.1072], [8.6622, 50.1071], [8.6621, 50.1071]], [[8.6621, 50.1071], [8.6617, 50.1069], [8.6615, 50.1069], [8.6606, 50.1065], [8.6605, 50.1065], [8.6603, 50.1064], [8.6599, 50.1062], [8.6592, 50.106], [8.658, 50.1055]], [[8.658, 50.1055], [8.6579, 50.1055], [8.6567, 50.1051], [8.6558, 50.1047]], [[8.6558, 50.1047], [8.6552, 50.1045], [8.6537, 50.1039], [8.6532, 50.1037], [8.6528, 50.1035], [8.6523, 50.1034]], [[8.609, 50.0577], [8.6088, 50.0575], [8.6086, 50.0574], [8.6084, 50.0573], [8.6082, 50.0572], [8.6076, 50.0569], [8.607, 50.0567], [8.6066, 50.0565], [8.6061, 50.0564], [8.6056, 50.0563], [8.6051, 50.0563], [8.6046, 50.0562], [8.6043, 50.0562], [8.6038, 50.0562], [8.6031, 50.0562], [8.6025, 50.0562], [8.6021, 50.0562], [8.6015, 50.0563], [8.6008, 50.0563], [8.6001, 50.0564], [8.5993, 50.0564], [8.5982, 50.0565], [8.5981, 50.0565], [8.5962, 50.0566], [8.5961, 50.0566], [8.5948, 50.0567], [8.5932, 50.0568]], [[8.5932, 50.0568], [8.5922, 50.0568]], [[8.5922, 50.0568], [8.5913, 50.0569], [8.5906, 50.0569], [8.5901, 50.0569], [8.5896, 50.0569], [8.5893, 50.0568], [8.5889, 50.0568], [8.5885, 50.0567], [8.5879, 50.0566], [8.5875, 50.0565], [8.5869, 50.0564], [8.5855, 50.0561], [8.585, 50.0561], [8.5847, 50.056], [8.5844, 50.0559], [8.5841, 50.0558], [8.5839, 50.0557], [8.5837, 50.0557], [8.5835, 50.0556], [8.5833, 50.0555], [8.5832, 50.0554], [8.583, 50.0553], [8.5829, 50.0552], [8.5828, 50.0551], [8.5826, 50.055], [8.5825, 50.0549], [8.5823, 50.0548]], [[8.5823, 50.0548], [8.5822, 50.0547], [8.5817, 50.0544], [8.5811, 50.054], [8.5803, 50.0536], [8.58, 50.0535], [8.5788, 50.0531]], [[8.5788, 50.0531], [8.5775, 50.0527], [8.5766, 50.0525]], [[8.5766, 50.0525], [8.5764, 50.0524], [8.5762, 50.0524], [8.576, 50.0523], [8.5751, 50.0522]], [[8.5751, 50.0522], [8.5741, 50.052], [8.5729, 50.0517], [8.5725, 50.0517], [8.5718, 50.0515], [8.5717, 50.0515], [8.5716, 50.0514], [8.5714, 50.0514], [8.571, 50.0513], [8.5707, 50.0512], [8.5702, 50.0511], [8.5698, 50.051], [8.5697, 50.051], [8.5688, 50.0508], [8.5678, 50.0505], [8.5667, 50.0503], [8.5657, 50.0501], [8.5656, 50.0501]], [[8.5656, 50.0501], [8.5654, 50.0501]], [[8.5654, 50.0501], [8.5622, 50.0497], [8.5615, 50.0496], [8.5607, 50.0495], [8.5601, 50.0495], [8.5595, 50.0495], [8.5587, 50.0496], [8.558, 50.0497], [8.5574, 50.0498], [8.5567, 50.0499], [8.5563, 50.05]], [[8.2755, 49.9939], [8.2743, 49.9942], [8.2739, 49.9943], [8.2737, 49.9943], [8.2732, 49.9943], [8.2726, 49.9943], [8.2719, 49.9943], [8.2716, 49.9942]], [[8.2676, 49.9939], [8.2668, 49.994], [8.2664, 49.9941], [8.2659, 49.9943], [8.2655, 49.9944], [8.2651, 49.9946], [8.265, 49.9946], [8.2646, 49.9949], [8.2645, 49.9949], [8.2642, 49.9951], [8.2641, 49.9952], [8.2638, 49.9954], [8.2635, 49.9957], [8.2634, 49.9959], [8.2614, 49.998]]]}, "properties": {"ref": "S8", "opened_year": 1992, "is_tunnel": true, "segment_count": 110}}, {"type": "Feature", "geometry": {"type": "MultiLineString", "coordinates": [[[8.2448, 50.0691], [8.2451, 50.0687], [8.2453, 50.0684], [8.2454, 50.0681], [8.2455, 50.0681], [8.2454, 50.0683], [8.2454, 50.0684], [8.2453, 50.0685], [8.2452, 50.0687], [8.2449, 50.0691], [8.2449, 50.0693], [8.2446, 50.0697], [8.2443, 50.0702], [8.2441, 50.0706], [8.244, 50.0706], [8.2443, 50.0702], [8.2445, 50.0697], [8.2448, 50.0692], [8.2448, 50.0691]], [[8.5703, 50.0509], [8.5711, 50.0511], [8.5716, 50.0512], [8.5719, 50.0513], [8.5726, 50.0515], [8.573, 50.0516], [8.573, 50.0515], [8.5729, 50.0515], [8.5727, 50.0515], [8.5727, 50.0514], [8.5726, 50.0514], [8.572, 50.0513], [8.572, 50.0512], [8.5719, 50.0512], [8.5718, 50.0512], [8.5717, 50.0512], [8.5714, 50.0511], [8.5712, 50.0511], [8.5713, 50.0511], [8.5712, 50.051], [8.5711, 50.0511], [8.5705, 50.0509], [8.5704, 50.0509], [8.5704, 50.0508], [8.5703, 50.0508], [8.5703, 50.0509], [8.5702, 50.0508], [8.5701, 50.0508], [8.57, 50.0508], [8.5703, 50.0509]], [[8.7848, 50.1027], [8.7849, 50.1027], [8.786, 50.1028], [8.786, 50.1029], [8.7853, 50.1028], [8.7849, 50.1028], [8.7848, 50.1028], [8.784, 50.1027], [8.7838, 50.1027], [8.7831, 50.1027], [8.7831, 50.1026], [8.7836, 50.1026], [8.7838, 50.1026], [8.7841, 50.1026], [8.7848, 50.1027]], [[8.9062, 50.1212], [8.9065, 50.1213], [8.9066, 50.1214], [8.9067, 50.1214], [8.9069, 50.1215], [8.907, 50.1215], [8.9072, 50.1216], [8.9073, 50.1217], [8.9076, 50.1218], [8.9079, 50.122], [8.9086, 50.1223], [8.9085, 50.1224], [8.9073, 50.1217], [8.9071, 50.1216], [8.907, 50.1215], [8.9069, 50.1215], [8.9066, 50.1214], [8.9065, 50.1213], [8.9062, 50.1212]], [[8.245, 50.0691], [8.2449, 50.0692], [8.2442, 50.0704], [8.2442, 50.0705], [8.2441, 50.0706]], [[8.2454, 50.0684], [8.2454, 50.0685], [8.2452, 50.0687], [8.245, 50.0691]], [[8.2454, 50.0684], [8.2456, 50.068], [8.2457, 50.0675]], [[8.2457, 50.0675], [8.2459, 50.0672], [8.246, 50.067]], [[8.246, 50.067], [8.246, 50.0668], [8.2461, 50.0666]], [[8.2461, 50.0666], [8.2463, 50.066]], [[8.2463, 50.066], [8.2464, 50.0659], [8.2465, 50.0655]], [[8.2465, 50.0655], [8.2466, 50.0652]], [[8.2466, 50.0652], [8.2467, 50.0652]], [[8.2469, 50.0647], [8.2467, 50.0652]], [[8.2474, 50.064], [8.2471, 50.0644], [8.247, 50.0645], [8.247, 50.0646], [8.2469, 50.0647]], [[8.2477, 50.0635], [8.2475, 50.0637], [8.2474, 50.064]], [[8.2477, 50.0635], [8.2479, 50.0632]], [[8.2495, 50.0614], [8.2491, 50.0618], [8.2488, 50.0622], [8.2479, 50.0632]], [[8.2546, 50.0553], [8.2542, 50.0564], [8.254, 50.0567], [8.2539, 50.0571], [8.2535, 50.0578], [8.2533, 50.0582], [8.2531, 50.0585], [8.2529, 50.0588], [8.2526, 50.059], [8.2524, 50.0592], [8.2522, 50.0593], [8.252, 50.0595], [8.2509, 50.0603], [8.2508, 50.0603], [8.2505, 50.0606], [8.2501, 50.0608], [8.2498, 50.0611], [8.2495, 50.0614]], [[8.2551, 50.054], [8.255, 50.0543], [8.255, 50.0544], [8.2548, 50.0548], [8.2546, 50.0553]], [[8.2555, 50.0519], [8.2555, 50.0524], [8.2554, 50.0527], [8.2554, 50.0528], [8.2554, 50.0529], [8.2553, 50.0535], [8.2551, 50.054]], [[8.2555, 50.0516], [8.2555, 50.0519]], [[8.2554, 50.0489], [8.2555, 50.0495], [8.2555, 50.0501], [8.2555, 50.0506], [8.2555, 50.0511], [8.2555, 50.0512], [8.2555, 50.0516]], [[8.2554, 50.0489], [8.2553, 50.0482]], [[8.2553, 50.0482], [8.2553, 50.0478], [8.2551, 50.0468], [8.2551, 50.0466]], [[8.2551, 50.0466], [8.255, 50.0462], [8.2549, 50.0457], [8.2549, 50.0455], [8.2549, 50.0454], [8.2549, 50.0452], [8.2549, 50.045], [8.2549, 50.0448]], [[8.2549, 50.0448], [8.2549, 50.0447]], [[8.2549, 50.0447], [8.255, 50.044], [8.2551, 50.0437], [8.2551, 50.0434]], [[8.2551, 50.0434], [8.2553, 50.0428], [8.2554, 50.0426], [8.2555, 50.0424]], [[8.2555, 50.0424], [8.2557, 50.0421], [8.2558, 50.0419], [8.2559, 50.0418], [8.256, 50.0418], [8.2561, 50.0416], [8.2562, 50.0415], [8.2564, 50.0413], [8.2564, 50.0412], [8.2567, 50.0409], [8.2568, 50.0408], [8.2569, 50.0408], [8.2571, 50.0406], [8.2573, 50.0403], [8.2577, 50.0399], [8.2578, 50.0398]], [[8.2578, 50.0398], [8.2582, 50.0394], [8.2583, 50.0393], [8.2589, 50.0387], [8.26, 50.0376], [8.2605, 50.0371], [8.2608, 50.0367]], [[8.2608, 50.0367], [8.2614, 50.0361]], [[8.2614, 50.0361], [8.2625, 50.0349], [8.2631, 50.0341], [8.2633, 50.034], [8.2642, 50.0329], [8.2643, 50.0328], [8.2652, 50.0318], [8.2661, 50.0308], [8.2664, 50.0305], [8.2669, 50.03], [8.2674, 50.0296]], [[8.2674, 50.0296], [8.2679, 50.0291], [8.268, 50.0291], [8.2685, 50.0286], [8.2687, 50.0285], [8.2694, 50.0279], [8.2697, 50.0276], [8.2703, 50.0271], [8.271, 50.0265], [8.2713, 50.0262], [8.2723, 50.0253], [8.2729, 50.0247], [8.2736, 50.0241], [8.2745, 50.0231], [8.2754, 50.022], [8.2765, 50.0204], [8.2769, 50.0196], [8.2774, 50.0188], [8.2775, 50.0186], [8.2775, 50.0185], [8.2777, 50.018], [8.278, 50.0174], [8.2782, 50.0166], [8.2793, 50.0137], [8.2795, 50.0131], [8.2795, 50.0129], [8.2797, 50.0123], [8.28, 50.0115], [8.2801, 50.0112], [8.2802, 50.0109], [8.2804, 50.0104], [8.2804, 50.0103], [8.2804, 50.0102]], [[8.2804, 50.0102], [8.2805, 50.0101], [8.2806, 50.0095], [8.2807, 50.0093], [8.2807, 50.0091], [8.2808, 50.0091]], [[8.2808, 50.0091], [8.2808, 50.0089]], [[8.2808, 50.0089], [8.2809, 50.0088], [8.2809, 50.0087], [8.281, 50.0085]], [[8.281, 50.0085], [8.2812, 50.0083]], [[8.2812, 50.0083], [8.2812, 50.0082]], [[8.2812, 50.0082], [8.2816, 50.0078], [8.2818, 50.0076], [8.282, 50.0074], [8.2823, 50.0072], [8.2825, 50.007], [8.2828, 50.0068], [8.2832, 50.0066], [8.2833, 50.0065], [8.2834, 50.0064], [8.2835, 50.0064], [8.2837, 50.0063]], [[8.2837, 50.0063], [8.2852, 50.0054], [8.2861, 50.0049], [8.2864, 50.0048], [8.2868, 50.0045], [8.2872, 50.0044], [8.2877, 50.0042], [8.288, 50.0041], [8.2883, 50.004], [8.2887, 50.0039], [8.2891, 50.0038], [8.2899, 50.0037], [8.2908, 50.0035], [8.2912, 50.0035], [8.2917, 50.0035], [8.2924, 50.0035], [8.2927, 50.0035], [8.2928, 50.0035], [8.2933, 50.0035], [8.2937, 50.0035], [8.2943, 50.0035], [8.2951, 50.0036], [8.2956, 50.0037]], [[8.2956, 50.0037], [8.2966, 50.0038]], [[8.2966, 50.0038], [8.3136, 50.0059], [8.3139, 50.0059], [8.3145, 50.006], [8.315, 50.006], [8.3156, 50.0061], [8.3161, 50.0061], [8.3165, 50.0061]], [[8.3165, 50.0061], [8.3169, 50.0061], [8.3172, 50.0061], [8.3175, 50.0061], [8.3177, 50.0061], [8.3187, 50.0061], [8.3198, 50.0062]], [[8.3198, 50.0062], [8.3232, 50.0063], [8.3246, 50.0063], [8.3251, 50.0063], [8.3255, 50.0063], [8.326, 50.0063], [8.3265, 50.0062], [8.3275, 50.0062], [8.3282, 50.0061]], [[8.3282, 50.0061], [8.3283, 50.0061]], [[8.3283, 50.0061], [8.3288, 50.0061], [8.3302, 50.0059], [8.3312, 50.0058], [8.332, 50.0058], [8.3332, 50.0056], [8.3344, 50.0055], [8.3351, 50.0055], [8.336, 50.0054], [8.3366, 50.0053], [8.337, 50.0052], [8.3372, 50.0052]], [[8.3372, 50.0052], [8.3374, 50.0051]], [[8.3374, 50.0051], [8.3378, 50.005], [8.3381, 50.0049], [8.3383, 50.0047], [8.3386, 50.0046], [8.3388, 50.0044], [8.339, 50.0042], [8.3392, 50.004], [8.3394, 50.0038], [8.3394, 50.0037], [8.3396, 50.0034]], [[8.3396, 50.0034], [8.3396, 50.0033]], [[8.3396, 50.0033], [8.3396, 50.0031], [8.3397, 50.0029], [8.3397, 50.0027], [8.3397, 50.0024], [8.3397, 50.0023], [8.3396, 50.002], [8.3396, 50.0018], [8.3394, 50.0011], [8.3389, 49.9991], [8.3387, 49.9983]], [[8.3387, 49.9983], [8.3387, 49.998], [8.3386, 49.9979], [8.3386, 49.9977], [8.3386, 49.9974], [8.3386, 49.9972], [8.3387, 49.997], [8.3387, 49.9968], [8.3388, 49.9966], [8.3388, 49.9964], [8.3389, 49.9962], [8.339, 49.9961], [8.3391, 49.9959], [8.3392, 49.9957], [8.3393, 49.9956], [8.3394, 49.9954]], [[8.3394, 49.9954], [8.3398, 49.9951]], [[8.3398, 49.9951], [8.34, 49.9949], [8.3402, 49.9947], [8.3406, 49.9944], [8.341, 49.9942], [8.3413, 49.994], [8.3417, 49.9938], [8.3424, 49.9936], [8.343, 49.9934]], [[8.3436, 49.9933], [8.3435, 49.9933], [8.3433, 49.9933], [8.3431, 49.9934], [8.343, 49.9934]], [[8.3436, 49.9933], [8.3439, 49.9932], [8.3443, 49.9931], [8.3446, 49.9931], [8.3449, 49.9931], [8.3453, 49.9931], [8.3456, 49.9931], [8.346, 49.9931], [8.3462, 49.9931], [8.3465, 49.9931], [8.3468, 49.9931], [8.3472, 49.9932], [8.3483, 49.9933], [8.351, 49.9937]], [[8.351, 49.9937], [8.3512, 49.9937]], [[8.3512, 49.9937], [8.352, 49.9938], [8.3525, 49.9938], [8.3529, 49.9938], [8.3532, 49.9938]], [[8.3532, 49.9938], [8.3537, 49.9938], [8.3541, 49.9938], [8.3547, 49.9938]], [[8.3562, 49.9935], [8.3557, 49.9936], [8.3554, 49.9937], [8.3549, 49.9938], [8.3547, 49.9938]], [[8.3569, 49.9933], [8.3562, 49.9935]], [[8.3569, 49.9933], [8.357, 49.9933], [8.3577, 49.993], [8.3582, 49.9928], [8.3586, 49.9927]], [[8.3586, 49.9927], [8.3587, 49.9927], [8.359, 49.9926], [8.3592, 49.9925], [8.3595, 49.9924], [8.3596, 49.9924], [8.3604, 49.9921]], [[8.3604, 49.9921], [8.3612, 49.9919]], [[8.3612, 49.9919], [8.3615, 49.9918], [8.3624, 49.9915]], [[8.3624, 49.9915], [8.3629, 49.9912], [8.3635, 49.991], [8.364, 49.9907], [8.3645, 49.9905], [8.365, 49.9901], [8.3656, 49.9898], [8.366, 49.9896], [8.3662, 49.9895], [8.3671, 49.989], [8.3678, 49.9885], [8.3685, 49.9882], [8.3692, 49.9878], [8.3702, 49.9872], [8.3709, 49.9867], [8.3714, 49.9865], [8.372, 49.9862]], [[8.372, 49.9862], [8.3724, 49.986], [8.3726, 49.9859], [8.3727, 49.9859], [8.3729, 49.9858], [8.3732, 49.9857], [8.3737, 49.9855], [8.3745, 49.9853]], [[8.3745, 49.9853], [8.375, 49.9852]], [[8.375, 49.9852], [8.3756, 49.985], [8.3762, 49.9848]], [[8.3762, 49.9848], [8.3766, 49.9847], [8.3771, 49.9846], [8.3775, 49.9845], [8.3781, 49.9844], [8.3787, 49.9843], [8.3791, 49.9843], [8.3794, 49.9842], [8.3797, 49.9842], [8.3803, 49.9842], [8.3807, 49.9841], [8.3811, 49.9841], [8.3815, 49.9841], [8.3819, 49.9841], [8.3823, 49.9841], [8.3828, 49.9841], [8.3837, 49.9842], [8.3841, 49.9843], [8.3844, 49.9843], [8.385, 49.9844], [8.386, 49.9845], [8.3867, 49.9847], [8.3876, 49.9849], [8.3887, 49.9852]], [[8.3887, 49.9852], [8.3897, 49.9855], [8.3907, 49.9857], [8.3912, 49.9858], [8.392, 49.986]], [[8.392, 49.986], [8.3922, 49.986], [8.3925, 49.9861], [8.3928, 49.9861], [8.393, 49.9862], [8.3932, 49.9862], [8.3935, 49.9863]], [[8.3937, 49.9863], [8.3935, 49.9863]], [[8.3947, 49.9865], [8.3937, 49.9863]], [[8.4016, 49.9881], [8.4012, 49.988], [8.4005, 49.9878], [8.3991, 49.9875], [8.3977, 49.9871], [8.3968, 49.9869], [8.3965, 49.9868], [8.3962, 49.9868], [8.3955, 49.9866], [8.3947, 49.9865]], [[8.4094, 49.9905], [8.4091, 49.9904], [8.4087, 49.9903], [8.4082, 49.9901], [8.4077, 49.9899], [8.4069, 49.9896], [8.4064, 49.9894], [8.406, 49.9893], [8.4052, 49.989], [8.4044, 49.9888], [8.4037, 49.9886], [8.4016, 49.9881]], [[8.4095, 49.9906], [8.4094, 49.9905]], [[8.4095, 49.9906], [8.4109, 49.9909]], [[8.4109, 49.9909], [8.4113, 49.991], [8.4117, 49.9911]], [[8.4117, 49.9911], [8.4124, 49.9913]], [[8.4124, 49.9913], [8.4126, 49.9914], [8.4129, 49.9915], [8.413, 49.9915], [8.4136, 49.9916], [8.414, 49.9917], [8.4145, 49.9919], [8.4149, 49.992], [8.4152, 49.992], [8.4156, 49.9922]], [[8.4156, 49.9922], [8.4159, 49.9922], [8.4193, 49.9931], [8.4207, 49.9934], [8.4208, 49.9934], [8.4208, 49.9935], [8.4213, 49.9936], [8.4229, 49.994], [8.4244, 49.9944]], [[8.4244, 49.9944], [8.4248, 49.9945]], [[8.4248, 49.9945], [8.4257, 49.9948], [8.427, 49.9952], [8.4274, 49.9953], [8.4283, 49.9956], [8.429, 49.9959], [8.4297, 49.9962], [8.4306, 49.9966], [8.4309, 49.9967], [8.4319, 49.9971], [8.4328, 49.9975], [8.4336, 49.9979], [8.4349, 49.9986]], [[8.4349, 49.9986], [8.4351, 49.9987]], [[8.4351, 49.9987], [8.4403, 50.0017], [8.4419, 50.0026], [8.4426, 50.0029]], [[8.4426, 50.0029], [8.4429, 50.0031]], [[8.4429, 50.0031], [8.443, 50.0032], [8.4438, 50.0036], [8.4471, 50.0055], [8.4475, 50.0057], [8.4478, 50.0059], [8.4488, 50.0064], [8.4495, 50.0068], [8.4503, 50.0073], [8.4509, 50.0076], [8.4512, 50.0078], [8.452, 50.0082], [8.4527, 50.0086], [8.4531, 50.0088], [8.4537, 50.0092], [8.4543, 50.0095], [8.4549, 50.0099]], [[8.4549, 50.0099], [8.4552, 50.01], [8.4553, 50.0101], [8.4554, 50.0102], [8.4557, 50.0103], [8.4565, 50.0107], [8.4565, 50.0108], [8.4566, 50.0108], [8.4567, 50.0109], [8.458, 50.0116], [8.4589, 50.0122], [8.4593, 50.0124], [8.4601, 50.0129], [8.4608, 50.0134], [8.4609, 50.0135], [8.4613, 50.0138], [8.462, 50.0142]], [[8.462, 50.0142], [8.463, 50.015]], [[8.463, 50.015], [8.4635, 50.0154]], [[8.4635, 50.0154], [8.4641, 50.0158], [8.4648, 50.0163], [8.4655, 50.017], [8.4664, 50.0177], [8.4673, 50.0185], [8.4677, 50.0188], [8.4689, 50.0198]], [[8.4689, 50.0198], [8.469, 50.0199], [8.469, 50.02]], [[8.469, 50.02], [8.4694, 50.0203], [8.4719, 50.0224], [8.4728, 50.0231], [8.4736, 50.0238], [8.4759, 50.0258], [8.4765, 50.0263], [8.4776, 50.0272], [8.4778, 50.0274], [8.478, 50.0276], [8.4784, 50.028], [8.4793, 50.0287], [8.4821, 50.0311], [8.4829, 50.0318], [8.4837, 50.0324], [8.4841, 50.0328], [8.4851, 50.0336], [8.486, 50.0344], [8.4866, 50.0349], [8.4869, 50.0352]], [[8.4869, 50.0352], [8.4878, 50.036], [8.4921, 50.0396]], [[8.4921, 50.0396], [8.4927, 50.0401], [8.4937, 50.0409], [8.4947, 50.0418], [8.4951, 50.0421], [8.4955, 50.0425], [8.4961, 50.043], [8.4967, 50.0434], [8.4973, 50.0439], [8.4979, 50.0444], [8.4985, 50.0449], [8.4992, 50.0453], [8.4995, 50.0455], [8.4999, 50.0458], [8.5003, 50.0461], [8.5007, 50.0463], [8.5013, 50.0467], [8.5019, 50.0471], [8.5023, 50.0473], [8.5026, 50.0475], [8.5033, 50.0479], [8.5039, 50.0482], [8.5043, 50.0485], [8.5045, 50.0486], [8.5054, 50.0491]], [[8.5054, 50.0491], [8.5058, 50.0493]], [[8.5058, 50.0493], [8.51, 50.0516], [8.5127, 50.0532], [8.5131, 50.0533]], [[8.5131, 50.0533], [8.5133, 50.0535], [8.5135, 50.0536]], [[8.5135, 50.0536], [8.5138, 50.0538], [8.5143, 50.054], [8.5148, 50.0543], [8.5158, 50.0549], [8.5166, 50.0553], [8.5175, 50.0558]], [[8.5175, 50.0558], [8.5188, 50.0565], [8.5197, 50.057], [8.5206, 50.0575], [8.5214, 50.0579], [8.5223, 50.0585], [8.5236, 50.0591]], [[8.5236, 50.0591], [8.5241, 50.0594], [8.5244, 50.0596], [8.5251, 50.0599]], [[8.5251, 50.0599], [8.5255, 50.0601], [8.5259, 50.0603], [8.5262, 50.0605], [8.5265, 50.0607], [8.5268, 50.0608]], [[8.5268, 50.0608], [8.527, 50.0609], [8.5272, 50.061], [8.5278, 50.0613], [8.5279, 50.0614], [8.5282, 50.0615], [8.5284, 50.0616], [8.5287, 50.0618], [8.5289, 50.0619], [8.5292, 50.062], [8.5296, 50.0623]], [[8.5296, 50.0623], [8.5299, 50.0625], [8.5302, 50.0627]], [[8.5302, 50.0627], [8.5305, 50.0629], [8.5307, 50.063], [8.5311, 50.0633], [8.5316, 50.0635], [8.5318, 50.0637], [8.5321, 50.0638], [8.5323, 50.0639], [8.5325, 50.064], [8.5329, 50.0642], [8.5333, 50.0643], [8.5338, 50.0645], [8.5339, 50.0645]], [[8.5339, 50.0645], [8.534, 50.0646], [8.5341, 50.0646], [8.5347, 50.0648], [8.5352, 50.065]], [[8.5352, 50.065], [8.5356, 50.0651], [8.5361, 50.0652], [8.5365, 50.0653], [8.5368, 50.0653], [8.537, 50.0654], [8.5374, 50.0655], [8.5377, 50.0655], [8.538, 50.0656], [8.5384, 50.0656], [8.5387, 50.0656], [8.5391, 50.0657], [8.5395, 50.0657], [8.5399, 50.0657], [8.5405, 50.0658], [8.5407, 50.0658], [8.5411, 50.0658], [8.5415, 50.0658], [8.5419, 50.0658], [8.5423, 50.0658], [8.5431, 50.0657]], [[8.5431, 50.0657], [8.5434, 50.0657], [8.5436, 50.0657], [8.5438, 50.0657], [8.544, 50.0657]], [[8.544, 50.0657], [8.5442, 50.0657], [8.5445, 50.0656], [8.5447, 50.0656], [8.545, 50.0655], [8.5452, 50.0655], [8.5454, 50.0654], [8.5456, 50.0654], [8.546, 50.0653], [8.5463, 50.0652], [8.5465, 50.0652], [8.5469, 50.0651], [8.547, 50.065], [8.5472, 50.0649], [8.5473, 50.0649], [8.5476, 50.0648], [8.5478, 50.0647], [8.548, 50.0646], [8.5483, 50.0644], [8.5485, 50.0644], [8.5486, 50.0643], [8.549, 50.0641], [8.5493, 50.0639], [8.5496, 50.0636]], [[8.5496, 50.0636], [8.5497, 50.0635], [8.5499, 50.0633], [8.5501, 50.0632], [8.5503, 50.063]], [[8.5503, 50.063], [8.5504, 50.0629], [8.5506, 50.0627], [8.5507, 50.0625], [8.5509, 50.0622], [8.5511, 50.062], [8.5512, 50.0618], [8.5513, 50.0616], [8.5514, 50.0613], [8.5516, 50.0609], [8.5516, 50.0606], [8.5517, 50.0604], [8.5517, 50.0603], [8.5517, 50.0602], [8.5517, 50.06], [8.5517, 50.0598], [8.5517, 50.0596]], [[8.5517, 50.0596], [8.5517, 50.0594], [8.5517, 50.0593], [8.5517, 50.0591], [8.5516, 50.0589], [8.5515, 50.0587], [8.5515, 50.0584], [8.5514, 50.0581], [8.5513, 50.0578]], [[8.5513, 50.0578], [8.5511, 50.0574], [8.551, 50.057], [8.5508, 50.0566], [8.5508, 50.0564], [8.5507, 50.0562], [8.5507, 50.0559], [8.5507, 50.0557], [8.5507, 50.0556], [8.5507, 50.0552], [8.5507, 50.0549], [8.5507, 50.0547], [8.5508, 50.0545], [8.5509, 50.0542], [8.551, 50.054], [8.551, 50.0538], [8.5511, 50.0536], [8.5513, 50.0534], [8.5514, 50.0531], [8.5516, 50.0529], [8.5517, 50.0527], [8.5518, 50.0526], [8.552, 50.0524], [8.5521, 50.0523], [8.5522, 50.0522], [8.5524, 50.052], [8.5525, 50.0519], [8.5526, 50.0518], [8.5529, 50.0516], [8.5531, 50.0514], [8.5533, 50.0513], [8.5535, 50.0512], [8.5536, 50.0511], [8.5538, 50.051], [8.554, 50.0509]], [[8.5548, 50.0505], [8.5551, 50.0504], [8.5555, 50.0502], [8.5558, 50.0501], [8.5561, 50.05], [8.5562, 50.05]], [[8.609, 50.0576], [8.6093, 50.0578], [8.6094, 50.0579], [8.6097, 50.0582], [8.61, 50.0586], [8.6102, 50.0588], [8.6102, 50.0589], [8.6103, 50.059], [8.6105, 50.0593], [8.6106, 50.0596], [8.6107, 50.0598], [8.6108, 50.0604], [8.6108, 50.061], [8.6108, 50.0615], [8.6108, 50.0617], [8.6108, 50.0618]], [[8.6108, 50.0618], [8.6108, 50.0626], [8.6109, 50.0628], [8.611, 50.0632]], [[8.611, 50.0632], [8.6111, 50.0634], [8.6112, 50.0637], [8.6113, 50.064], [8.6114, 50.0641], [8.6117, 50.0644], [8.6119, 50.0647], [8.6123, 50.065], [8.6125, 50.0652], [8.6126, 50.0653], [8.6128, 50.0653], [8.6129, 50.0654], [8.6131, 50.0655], [8.6132, 50.0656], [8.6134, 50.0657], [8.6136, 50.0658], [8.6138, 50.0659], [8.614, 50.066], [8.6142, 50.0661], [8.6144, 50.0661], [8.6146, 50.0662], [8.6148, 50.0663], [8.6151, 50.0663], [8.6153, 50.0664]], [[8.6153, 50.0664], [8.6155, 50.0664], [8.6156, 50.0665], [8.6158, 50.0665], [8.6159, 50.0665], [8.6161, 50.0666], [8.6164, 50.0666], [8.6165, 50.0666], [8.6166, 50.0666], [8.6168, 50.0666], [8.6169, 50.0666]], [[8.6169, 50.0666], [8.6171, 50.0667]], [[8.6171, 50.0667], [8.6173, 50.0667], [8.6175, 50.0667], [8.6178, 50.0667], [8.6187, 50.0667], [8.6206, 50.0667]], [[8.6206, 50.0667], [8.6208, 50.0667], [8.6215, 50.0667], [8.6224, 50.0667]], [[8.6224, 50.0667], [8.6227, 50.0667], [8.6231, 50.0667], [8.6235, 50.0667], [8.6237, 50.0668], [8.624, 50.0668], [8.6243, 50.0668], [8.6245, 50.0668], [8.6248, 50.0668], [8.625, 50.0669], [8.6255, 50.0669]], [[8.6255, 50.0669], [8.6269, 50.067], [8.6275, 50.0671], [8.6276, 50.0671], [8.6278, 50.0671], [8.6279, 50.0671], [8.6285, 50.0672], [8.6288, 50.0673], [8.6292, 50.0674], [8.6296, 50.0674], [8.6299, 50.0675], [8.6302, 50.0676], [8.6306, 50.0677], [8.6308, 50.0677], [8.6313, 50.0678], [8.6318, 50.068]], [[8.6318, 50.068], [8.632, 50.0681]], [[8.632, 50.0681], [8.633, 50.0683], [8.6337, 50.0685], [8.6339, 50.0686], [8.634, 50.0686], [8.6348, 50.0688], [8.6348, 50.0689]], [[8.6348, 50.0689], [8.6354, 50.069], [8.636, 50.0692], [8.6371, 50.0695]], [[8.6371, 50.0695], [8.6372, 50.0695]], [[8.6372, 50.0695], [8.6378, 50.0697], [8.638, 50.0698], [8.6386, 50.0699], [8.6388, 50.07], [8.639, 50.0701], [8.6393, 50.0702], [8.6395, 50.0703], [8.6397, 50.0704], [8.64, 50.0706], [8.6401, 50.0707], [8.6403, 50.0708], [8.6404, 50.0709], [8.6405, 50.0709], [8.6407, 50.0711], [8.6409, 50.0713], [8.6411, 50.0715], [8.6413, 50.0717], [8.6415, 50.0719], [8.6416, 50.0722], [8.6418, 50.0725], [8.6418, 50.0726], [8.6419, 50.0729], [8.642, 50.0732], [8.642, 50.0734], [8.642, 50.0736], [8.642, 50.0738], [8.6419, 50.074], [8.6419, 50.0744], [8.6418, 50.0746], [8.6417, 50.0748], [8.6416, 50.0749], [8.6415, 50.0752]], [[8.6415, 50.0752], [8.6413, 50.0754]], [[8.6413, 50.0754], [8.6411, 50.0757], [8.6407, 50.0761], [8.64, 50.077], [8.6394, 50.0778], [8.6391, 50.0782], [8.6388, 50.0785], [8.6386, 50.0789], [8.6383, 50.0792]], [[8.6383, 50.0792], [8.638, 50.0796], [8.6376, 50.0801], [8.6375, 50.0802], [8.6375, 50.0803], [8.6372, 50.0806]], [[8.6372, 50.0806], [8.6369, 50.081]], [[8.6369, 50.081], [8.6366, 50.0814], [8.6364, 50.0817], [8.6363, 50.0818], [8.636, 50.0822], [8.6358, 50.0825]], [[8.6358, 50.0825], [8.6356, 50.0828], [8.6356, 50.0829], [8.6355, 50.0829], [8.6352, 50.0833], [8.6351, 50.0835], [8.6348, 50.0838], [8.6347, 50.084], [8.6346, 50.0841], [8.6342, 50.0846]], [[8.6342, 50.0846], [8.6341, 50.0848]], [[8.6341, 50.0848], [8.6336, 50.0854], [8.6332, 50.0859], [8.6323, 50.087], [8.6321, 50.0873], [8.6318, 50.0878], [8.6317, 50.0878]], [[8.6317, 50.0878], [8.6314, 50.0883], [8.6305, 50.0901]], [[8.6305, 50.0901], [8.6304, 50.0901]], [[8.6304, 50.0901], [8.6303, 50.0904], [8.6301, 50.0908], [8.63, 50.091], [8.63, 50.0911], [8.6299, 50.0913], [8.6299, 50.0914], [8.6299, 50.0915], [8.6299, 50.0916], [8.6299, 50.0918], [8.6299, 50.0919], [8.6299, 50.0921], [8.6299, 50.0922], [8.6299, 50.0923], [8.6299, 50.0925], [8.6299, 50.0926], [8.63, 50.0927], [8.63, 50.0928]], [[8.63, 50.0928], [8.6301, 50.0931], [8.6302, 50.0933], [8.6303, 50.0934], [8.6304, 50.0936], [8.6305, 50.0938], [8.6308, 50.0941], [8.6311, 50.0944], [8.6313, 50.0946], [8.6315, 50.0948], [8.6318, 50.095], [8.6321, 50.0952], [8.6324, 50.0953], [8.6327, 50.0954], [8.6329, 50.0955], [8.6331, 50.0956], [8.6333, 50.0957], [8.634, 50.096]], [[8.634, 50.096], [8.6342, 50.0961], [8.6343, 50.0962], [8.6354, 50.0966], [8.6359, 50.0968], [8.6361, 50.0968], [8.6376, 50.0974], [8.6378, 50.0975], [8.6384, 50.0977], [8.6385, 50.0978], [8.6391, 50.0981], [8.6399, 50.0984], [8.641, 50.0988], [8.6421, 50.0992], [8.6428, 50.0995], [8.6432, 50.0997], [8.6435, 50.0998], [8.6439, 50.1], [8.6442, 50.1001], [8.6445, 50.1003], [8.6448, 50.1004], [8.6455, 50.1006], [8.6457, 50.1007], [8.646, 50.1008], [8.6464, 50.101], [8.6471, 50.1013], [8.6474, 50.1014], [8.6478, 50.1016]], [[8.6478, 50.1016], [8.6479, 50.1016], [8.648, 50.1016], [8.6484, 50.1018], [8.6485, 50.1018], [8.649, 50.102]], [[8.649, 50.102], [8.6491, 50.1021]], [[8.6491, 50.1021], [8.6493, 50.1022]], [[8.6493, 50.1022], [8.6503, 50.1025], [8.6506, 50.1026], [8.6506, 50.1027]], [[8.6506, 50.1027], [8.6507, 50.1027], [8.6519, 50.1031], [8.652, 50.1032], [8.6524, 50.1033]], [[8.7145, 50.1041], [8.7146, 50.1041], [8.7157, 50.1042], [8.7179, 50.1042]], [[8.7179, 50.1042], [8.7193, 50.1043], [8.7201, 50.1043], [8.721, 50.1044], [8.7234, 50.1045], [8.7243, 50.1045]], [[8.7243, 50.1045], [8.7257, 50.1046], [8.7272, 50.1047]], [[8.7272, 50.1047], [8.7275, 50.1047], [8.7284, 50.1048]], [[8.7284, 50.1048], [8.7285, 50.1048], [8.7296, 50.1048], [8.7315, 50.1049], [8.7316, 50.1049]], [[8.7817, 50.1025], [8.7816, 50.1025], [8.7814, 50.1025], [8.7812, 50.1025], [8.781, 50.1025], [8.7802, 50.1024], [8.7798, 50.1023]], [[8.7817, 50.1025], [8.7828, 50.1025]], [[8.7828, 50.1025], [8.783, 50.1026], [8.7831, 50.1026], [8.7833, 50.1026], [8.7836, 50.1026], [8.7839, 50.1026], [8.784, 50.1026]], [[8.784, 50.1026], [8.7844, 50.1026], [8.7848, 50.1027]], [[8.7848, 50.1027], [8.7851, 50.1027], [8.7853, 50.1027], [8.786, 50.1028], [8.7861, 50.1028], [8.7868, 50.1028], [8.7869, 50.1028], [8.787, 50.1028]], [[8.787, 50.1028], [8.7873, 50.1029], [8.7877, 50.1029], [8.7882, 50.103]], [[8.7916, 50.1039], [8.7916, 50.1038], [8.7911, 50.1037], [8.7906, 50.1035], [8.7902, 50.1034], [8.7898, 50.1033], [8.7893, 50.1032], [8.7891, 50.1031], [8.7889, 50.1031], [8.7884, 50.103], [8.7882, 50.103]], [[8.7944, 50.1052], [8.7942, 50.1051], [8.794, 50.105], [8.7938, 50.1049], [8.7936, 50.1048], [8.7934, 50.1047], [8.7928, 50.1044], [8.7926, 50.1043], [8.7923, 50.1042], [8.7921, 50.1041], [8.7919, 50.104], [8.7916, 50.1039]], [[8.7976, 50.1069], [8.7975, 50.1068], [8.7973, 50.1067], [8.7971, 50.1066], [8.797, 50.1066], [8.7968, 50.1065], [8.7963, 50.1062], [8.7961, 50.1062], [8.796, 50.1061], [8.7956, 50.1059], [8.7951, 50.1056], [8.795, 50.1055], [8.7946, 50.1053], [8.7944, 50.1052]], [[8.7976, 50.1069], [8.7977, 50.1069]], [[8.7977, 50.1069], [8.7986, 50.1073], [8.7995, 50.1077], [8.802, 50.1087]], [[8.802, 50.1087], [8.8024, 50.1089], [8.8033, 50.1092], [8.8057, 50.1103], [8.807, 50.1108], [8.8072, 50.1109], [8.8087, 50.1115], [8.8092, 50.1117], [8.8112, 50.1125], [8.812, 50.1128], [8.8136, 50.1134], [8.8138, 50.1134], [8.8145, 50.1137], [8.8149, 50.1139], [8.8154, 50.114], [8.8164, 50.1144], [8.8172, 50.1147], [8.8183, 50.1151], [8.8212, 50.1162], [8.8234, 50.117], [8.8244, 50.1174], [8.8252, 50.1177], [8.8254, 50.1177], [8.8257, 50.1178], [8.8261, 50.1179], [8.8267, 50.1181], [8.8271, 50.1182], [8.8278, 50.1184]], [[8.8278, 50.1184], [8.8283, 50.1185]], [[8.8283, 50.1185], [8.8287, 50.1185], [8.8292, 50.1186], [8.8295, 50.1187], [8.8299, 50.1187], [8.8304, 50.1188], [8.8307, 50.1188]], [[8.8307, 50.1188], [8.8308, 50.1188], [8.831, 50.1188], [8.8312, 50.1188], [8.8319, 50.1189]], [[8.8319, 50.1189], [8.8324, 50.1189]], [[8.8324, 50.1189], [8.8325, 50.1189]], [[8.8325, 50.1189], [8.8331, 50.1189], [8.8335, 50.1189]], [[8.8335, 50.1189], [8.8338, 50.1189]], [[8.8338, 50.1189], [8.8342, 50.119]], [[8.8342, 50.119], [8.8344, 50.119]], [[8.8344, 50.119], [8.8349, 50.119], [8.8355, 50.119], [8.8363, 50.119], [8.8368, 50.1191], [8.8372, 50.1191], [8.8377, 50.1191], [8.8382, 50.1191], [8.839, 50.1192], [8.8391, 50.1192], [8.8397, 50.1192], [8.8398, 50.1192], [8.8407, 50.1193], [8.8421, 50.1194], [8.8433, 50.1195], [8.8445, 50.1196], [8.8469, 50.1197], [8.8492, 50.1199], [8.8509, 50.12], [8.8551, 50.1202], [8.8554, 50.1202], [8.8564, 50.1203], [8.8572, 50.1203], [8.8577, 50.1203], [8.8585, 50.1204], [8.8586, 50.1204], [8.8597, 50.1205], [8.8601, 50.1205], [8.8603, 50.1205], [8.8606, 50.1205], [8.8613, 50.1206], [8.862, 50.1206], [8.8626, 50.1207], [8.8629, 50.1207], [8.8649, 50.1209]], [[8.868, 50.1211], [8.8677, 50.121], [8.8649, 50.1209]], [[8.868, 50.1211], [8.8685, 50.1211]], [[8.8685, 50.1211], [8.8708, 50.1212], [8.8717, 50.1212], [8.8736, 50.1213], [8.8737, 50.1213], [8.8741, 50.1213], [8.875, 50.1214]], [[8.8782, 50.1218], [8.879, 50.1219], [8.8795, 50.122], [8.8801, 50.122], [8.8805, 50.122], [8.881, 50.122], [8.8823, 50.1221], [8.8826, 50.1221], [8.8832, 50.1221], [8.8842, 50.1222], [8.8861, 50.1223], [8.8878, 50.1224], [8.8891, 50.1225], [8.8895, 50.1225], [8.89, 50.1225], [8.8904, 50.1225], [8.8909, 50.1225], [8.8912, 50.1224], [8.8917, 50.1224], [8.8921, 50.1224], [8.8924, 50.1223], [8.8928, 50.1223], [8.8933, 50.1222], [8.8937, 50.1221], [8.8954, 50.1216], [8.8971, 50.1212], [8.8977, 50.121]], [[8.8977, 50.121], [8.8985, 50.1208], [8.899, 50.1207], [8.8992, 50.1206], [8.8994, 50.1206], [8.8999, 50.1205], [8.9003, 50.1204], [8.9007, 50.1204], [8.9011, 50.1204], [8.9015, 50.1204], [8.9019, 50.1204], [8.9023, 50.1204], [8.9027, 50.1204], [8.9031, 50.1204], [8.9034, 50.1205], [8.9037, 50.1205], [8.9041, 50.1206], [8.9045, 50.1206], [8.9049, 50.1207], [8.9052, 50.1208], [8.9055, 50.1209], [8.9058, 50.121]], [[8.9058, 50.121], [8.9061, 50.1211]], [[8.9061, 50.1211], [8.9063, 50.1212], [8.9065, 50.1213], [8.9067, 50.1214], [8.907, 50.1215], [8.9071, 50.1215], [8.9072, 50.1216], [8.9074, 50.1217], [8.9076, 50.1218], [8.9079, 50.122], [8.9083, 50.1222], [8.9084, 50.1222], [8.9086, 50.1223], [8.9087, 50.1224], [8.9089, 50.1225], [8.9091, 50.1226], [8.9092, 50.1227]], [[8.9092, 50.1227], [8.9116, 50.1238], [8.9119, 50.124]], [[8.9119, 50.124], [8.9121, 50.1241]], [[8.9121, 50.1241], [8.9126, 50.1243], [8.9128, 50.1244], [8.9131, 50.1245], [8.9133, 50.1246], [8.9134, 50.1246], [8.9137, 50.1247], [8.9141, 50.1248]], [[8.9141, 50.1248], [8.9146, 50.1249]], [[8.9146, 50.1249], [8.915, 50.1249], [8.9154, 50.125], [8.916, 50.1251], [8.9168, 50.1252]], [[8.9168, 50.1252], [8.9171, 50.1252]], [[8.9171, 50.1252], [8.9178, 50.1252], [8.9182, 50.1253], [8.9185, 50.1253]], [[8.9185, 50.1253], [8.9191, 50.1253]], [[8.9258, 50.1233], [8.9257, 50.1233], [8.9257, 50.1234], [8.9256, 50.1234], [8.9244, 50.124], [8.9241, 50.1241], [8.9237, 50.1243], [8.9234, 50.1244], [8.9232, 50.1245], [8.9231, 50.1245], [8.9228, 50.1246], [8.9225, 50.1247], [8.9223, 50.1248], [8.922, 50.1249], [8.9216, 50.125], [8.9212, 50.125], [8.921, 50.1251], [8.9208, 50.1251], [8.9205, 50.1252], [8.9203, 50.1252], [8.9202, 50.1252], [8.9195, 50.1253], [8.9191, 50.1253]], [[8.9297, 50.1214], [8.9286, 50.122], [8.9285, 50.122], [8.9276, 50.1225], [8.9275, 50.1225], [8.9267, 50.1229], [8.9258, 50.1233]], [[8.4531, 50.0089], [8.4537, 50.0092], [8.454, 50.0094], [8.4544, 50.0096], [8.4544, 50.0097], [8.4548, 50.0099], [8.455, 50.01], [8.4553, 50.0102], [8.4549, 50.01], [8.4548, 50.0099], [8.4547, 50.0099], [8.4547, 50.0098], [8.4544, 50.0097], [8.4539, 50.0094], [8.4536, 50.0093], [8.4531, 50.0089]], [[8.4138, 49.9918], [8.4136, 49.9918], [8.4132, 49.9917], [8.4131, 49.9917], [8.413, 49.9916], [8.4129, 49.9916], [8.4128, 49.9916], [8.4127, 49.9916], [8.4126, 49.9915], [8.4127, 49.9915], [8.4126, 49.9915], [8.4126, 49.9914], [8.4125, 49.9914], [8.4125, 49.9915], [8.4123, 49.9914], [8.4118, 49.9913], [8.4118, 49.9912], [8.4124, 49.9914], [8.4127, 49.9915], [8.4132, 49.9916], [8.4139, 49.9918], [8.4148, 49.992], [8.4139, 49.9918], [8.4138, 49.9919], [8.4138, 49.9918]], [[8.9296, 50.1213], [8.9292, 50.1215], [8.929, 50.1216], [8.9285, 50.1219], [8.9276, 50.1224], [8.9274, 50.1225], [8.9273, 50.1225], [8.9267, 50.1228], [8.9266, 50.1229], [8.9258, 50.1233]], [[8.8649, 50.1209], [8.8626, 50.1207], [8.8606, 50.1206], [8.8597, 50.1205], [8.8596, 50.1205], [8.8586, 50.1205], [8.8585, 50.1205], [8.8577, 50.1204], [8.851, 50.12], [8.8492, 50.1199], [8.8467, 50.1198], [8.8433, 50.1195], [8.8397, 50.1193], [8.8391, 50.1193], [8.8382, 50.1192], [8.8376, 50.1192], [8.8372, 50.1192], [8.8368, 50.1192], [8.8367, 50.1192], [8.8363, 50.1191], [8.8344, 50.119]], [[8.8344, 50.119], [8.8341, 50.119]], [[8.8341, 50.119], [8.8338, 50.119]], [[8.8338, 50.119], [8.8335, 50.119]], [[8.8335, 50.119], [8.8325, 50.1189]], [[8.7976, 50.1069], [8.7975, 50.1068], [8.7973, 50.1067], [8.7963, 50.1063], [8.7961, 50.1062], [8.7958, 50.1061], [8.7953, 50.1059], [8.7949, 50.1057], [8.7945, 50.1055], [8.7943, 50.1054], [8.7936, 50.1051], [8.7928, 50.1047], [8.7925, 50.1046]], [[8.7925, 50.1046], [8.792, 50.1043], [8.7915, 50.1041], [8.7912, 50.104], [8.7909, 50.1039], [8.7906, 50.1038], [8.7904, 50.1037], [8.7899, 50.1036], [8.7895, 50.1035], [8.7892, 50.1034], [8.7888, 50.1033], [8.7885, 50.1032], [8.7883, 50.1032], [8.788, 50.1031], [8.7877, 50.1031], [8.7875, 50.1031], [8.7873, 50.103], [8.7871, 50.103], [8.7866, 50.103], [8.7861, 50.1029]], [[8.7861, 50.1029], [8.786, 50.1029], [8.7853, 50.1028], [8.7848, 50.1028]], [[8.7848, 50.1028], [8.784, 50.1027]], [[8.784, 50.1027], [8.7838, 50.1027], [8.7837, 50.1027], [8.7833, 50.1027], [8.7831, 50.1027], [8.7828, 50.1027]], [[8.7828, 50.1027], [8.7827, 50.1026], [8.7826, 50.1026], [8.7823, 50.1026], [8.782, 50.1026], [8.7812, 50.1025], [8.7807, 50.1025], [8.7798, 50.1024]], [[8.7316, 50.1049], [8.7315, 50.1049], [8.7296, 50.1049], [8.7285, 50.1048], [8.7284, 50.1048]], [[8.7284, 50.1048], [8.7275, 50.1048], [8.7274, 50.1048], [8.7272, 50.1048]], [[8.7272, 50.1048], [8.7269, 50.1047], [8.7256, 50.1047], [8.7249, 50.1047], [8.7243, 50.1047]], [[8.7243, 50.1047], [8.7233, 50.1046], [8.7227, 50.1046], [8.7221, 50.1045], [8.7211, 50.1044], [8.7201, 50.1043], [8.7193, 50.1043], [8.7179, 50.1042]], [[8.7179, 50.1042], [8.7157, 50.1042], [8.7146, 50.1042], [8.7145, 50.1042]], [[8.6523, 50.1034], [8.6519, 50.1032], [8.6518, 50.1032], [8.6506, 50.1027]], [[8.6506, 50.1027], [8.6505, 50.1027], [8.6503, 50.1026], [8.6493, 50.1022]], [[8.6493, 50.1022], [8.6492, 50.1021]], [[8.6492, 50.1021], [8.6491, 50.1021]], [[8.6491, 50.1021], [8.6483, 50.1018], [8.6478, 50.1016], [8.6476, 50.1015]], [[8.6476, 50.1015], [8.6475, 50.1015], [8.6466, 50.1011], [8.6464, 50.1011]], [[8.6464, 50.1011], [8.6464, 50.101]], [[8.6464, 50.101], [8.6458, 50.1008], [8.6454, 50.1007]], [[8.6454, 50.1007], [8.6436, 50.0999], [8.6435, 50.0999], [8.6423, 50.0994], [8.642, 50.0993], [8.641, 50.0988], [8.6408, 50.0987], [8.64, 50.0984], [8.6399, 50.0984], [8.6391, 50.0981], [8.6388, 50.0979], [8.6384, 50.0978], [8.6381, 50.0977]], [[8.6381, 50.0977], [8.6376, 50.0975], [8.6373, 50.0974], [8.6371, 50.0973], [8.6367, 50.0972], [8.6348, 50.0966], [8.6343, 50.0964], [8.634, 50.0963], [8.6335, 50.0961], [8.6331, 50.0959], [8.6328, 50.0958], [8.6326, 50.0957], [8.6326, 50.0956], [8.6323, 50.0955]], [[8.6323, 50.0955], [8.6321, 50.0954], [8.6318, 50.0951], [8.6316, 50.095], [8.6315, 50.0949], [8.6314, 50.0948]], [[8.6314, 50.0948], [8.6312, 50.0947], [8.6311, 50.0945], [8.6308, 50.0943], [8.6306, 50.0941], [8.6305, 50.0938], [8.6303, 50.0936], [8.6302, 50.0934], [8.6301, 50.0933], [8.63, 50.0931], [8.6299, 50.0928]], [[8.6299, 50.0928], [8.6299, 50.0926], [8.6298, 50.0925], [8.6298, 50.0923], [8.6298, 50.0922], [8.6298, 50.0921], [8.6298, 50.0919], [8.6298, 50.0918], [8.6298, 50.0917], [8.6298, 50.0915], [8.6299, 50.0913], [8.6299, 50.0911], [8.63, 50.091], [8.6301, 50.0907], [8.6302, 50.0904], [8.6304, 50.0901]], [[8.6304, 50.0901], [8.6314, 50.0883], [8.6317, 50.0878]], [[8.6317, 50.0878], [8.6319, 50.0874], [8.632, 50.0874], [8.6321, 50.0872], [8.6323, 50.087], [8.6331, 50.0859], [8.6333, 50.0857], [8.634, 50.0848]], [[8.634, 50.0848], [8.6342, 50.0846]], [[8.6342, 50.0846], [8.6342, 50.0845], [8.6345, 50.0842], [8.6347, 50.084], [8.6351, 50.0834], [8.6355, 50.0828], [8.6357, 50.0825], [8.6358, 50.0824], [8.6359, 50.0822], [8.636, 50.082]], [[8.636, 50.082], [8.6362, 50.0818], [8.6362, 50.0817], [8.6363, 50.0816], [8.6364, 50.0813], [8.6365, 50.0813], [8.6367, 50.081]], [[8.6367, 50.081], [8.6368, 50.0809], [8.6369, 50.0808], [8.637, 50.0805]], [[8.637, 50.0805], [8.6373, 50.0803], [8.6375, 50.08], [8.6376, 50.0799], [8.6379, 50.0796]], [[8.6379, 50.0796], [8.638, 50.0795], [8.6382, 50.0792], [8.6384, 50.079], [8.6387, 50.0786], [8.6393, 50.0778], [8.6401, 50.0768], [8.6407, 50.0761], [8.641, 50.0756], [8.6412, 50.0754]], [[8.6412, 50.0754], [8.6414, 50.0752]], [[8.6414, 50.0752], [8.6415, 50.075], [8.6416, 50.0749], [8.6416, 50.0748], [8.6417, 50.0746], [8.6418, 50.0744], [8.6419, 50.0742], [8.6419, 50.0739], [8.6419, 50.0737], [8.6419, 50.0736], [8.6419, 50.0734], [8.6419, 50.0732], [8.6419, 50.0729], [8.6418, 50.0726], [8.6417, 50.0725], [8.6416, 50.0722], [8.6414, 50.072], [8.6412, 50.0717], [8.6411, 50.0715], [8.6409, 50.0713], [8.6406, 50.0711], [8.6405, 50.071], [8.6403, 50.0709], [8.6402, 50.0708], [8.6401, 50.0707], [8.6399, 50.0706], [8.6397, 50.0705], [8.6394, 50.0703], [8.6392, 50.0702], [8.6389, 50.0701], [8.6388, 50.0701], [8.6385, 50.07], [8.6379, 50.0698], [8.6378, 50.0698]], [[8.6378, 50.0698], [8.6377, 50.0697]], [[8.6377, 50.0697], [8.6371, 50.0696], [8.6369, 50.0695], [8.6366, 50.0695]], [[8.6366, 50.0695], [8.6364, 50.0694], [8.6359, 50.0693], [8.6349, 50.069], [8.6348, 50.069], [8.6339, 50.0687], [8.6331, 50.0685], [8.6329, 50.0684], [8.6326, 50.0683], [8.6323, 50.0683], [8.632, 50.0682]], [[8.632, 50.0682], [8.6316, 50.068], [8.6312, 50.0679], [8.6307, 50.0678], [8.63, 50.0676], [8.6293, 50.0675], [8.629, 50.0674], [8.6287, 50.0674], [8.6282, 50.0673], [8.6276, 50.0672], [8.6272, 50.0672], [8.6261, 50.067], [8.625, 50.0669], [8.6245, 50.0669], [8.6239, 50.0669], [8.6237, 50.0669], [8.623, 50.0668], [8.6223, 50.0668]], [[8.6223, 50.0668], [8.6214, 50.0668], [8.6199, 50.0668], [8.6187, 50.0667]], [[8.6187, 50.0667], [8.6178, 50.0667], [8.6175, 50.0667], [8.6173, 50.0667], [8.6171, 50.0667]], [[8.6171, 50.0667], [8.6169, 50.0667]], [[8.6169, 50.0667], [8.6167, 50.0667], [8.6166, 50.0667], [8.6165, 50.0666], [8.6164, 50.0666], [8.6161, 50.0666], [8.6159, 50.0666], [8.6158, 50.0665], [8.6156, 50.0665], [8.6155, 50.0665], [8.6153, 50.0664]], [[8.6153, 50.0664], [8.615, 50.0664], [8.6148, 50.0663], [8.6146, 50.0662], [8.6144, 50.0662], [8.6142, 50.0661], [8.614, 50.066], [8.6138, 50.0659], [8.6136, 50.0658], [8.6134, 50.0658], [8.6132, 50.0657], [8.6131, 50.0656], [8.6129, 50.0655], [8.6127, 50.0654], [8.6126, 50.0653], [8.6125, 50.0652], [8.6123, 50.0651], [8.6119, 50.0647], [8.6116, 50.0644], [8.6114, 50.0641], [8.6113, 50.064], [8.6112, 50.0638], [8.611, 50.0635], [8.6109, 50.0633]], [[8.6109, 50.0633], [8.6109, 50.0631], [8.6108, 50.0628], [8.6108, 50.0624], [8.6107, 50.062], [8.6107, 50.0615], [8.6107, 50.061], [8.6107, 50.0604], [8.6106, 50.0598], [8.6105, 50.0596], [8.6104, 50.0593], [8.6102, 50.059], [8.6102, 50.0589], [8.61, 50.0586], [8.6096, 50.0582], [8.6094, 50.058], [8.6092, 50.0578], [8.609, 50.0577]], [[8.5563, 50.05], [8.5562, 50.05], [8.5562, 50.0501], [8.5558, 50.0501], [8.5556, 50.0502], [8.5555, 50.0503], [8.5552, 50.0504], [8.555, 50.0505], [8.5549, 50.0505], [8.5548, 50.0505]], [[8.554, 50.0509], [8.5539, 50.051], [8.5537, 50.0511], [8.5535, 50.0512], [8.5533, 50.0513], [8.5531, 50.0515], [8.5529, 50.0516], [8.5527, 50.0518], [8.5525, 50.0519], [8.5524, 50.052], [8.5523, 50.0522], [8.5521, 50.0523], [8.552, 50.0525], [8.5519, 50.0526], [8.5518, 50.0527], [8.5517, 50.0529], [8.5515, 50.0532], [8.5513, 50.0534], [8.5512, 50.0536], [8.5511, 50.0538], [8.551, 50.054], [8.5509, 50.0542], [8.5509, 50.0545], [8.5508, 50.0547], [8.5508, 50.0549], [8.5507, 50.0552], [8.5507, 50.0555], [8.5507, 50.0557], [8.5507, 50.0559], [8.5508, 50.0562], [8.5508, 50.0564], [8.5509, 50.0566], [8.551, 50.057], [8.5512, 50.0574], [8.5513, 50.0578], [8.5514, 50.0581], [8.5515, 50.0584], [8.5516, 50.0585]], [[8.5516, 50.0585], [8.5516, 50.0588], [8.5517, 50.0589], [8.5517, 50.0591], [8.5517, 50.0593], [8.5518, 50.0594], [8.5518, 50.0596], [8.5518, 50.0597], [8.5518, 50.0598], [8.5518, 50.06], [8.5518, 50.0602], [8.5517, 50.0603], [8.5517, 50.0604], [8.5517, 50.0606], [8.5517, 50.0608], [8.5516, 50.0609], [8.5515, 50.0613], [8.5513, 50.0616], [8.5513, 50.0618], [8.5511, 50.062], [8.551, 50.0623], [8.5508, 50.0625], [8.5506, 50.0627], [8.5505, 50.0629], [8.5503, 50.063]], [[8.5503, 50.063], [8.5501, 50.0632], [8.55, 50.0634], [8.5498, 50.0635], [8.5496, 50.0637]], [[8.5496, 50.0637], [8.5493, 50.0639], [8.549, 50.0641], [8.5487, 50.0643], [8.5485, 50.0644], [8.5483, 50.0645], [8.5481, 50.0646], [8.5478, 50.0647], [8.5476, 50.0648], [8.5474, 50.0649], [8.5473, 50.0649], [8.5471, 50.065], [8.5469, 50.0651], [8.5465, 50.0652], [8.5463, 50.0653], [8.546, 50.0654], [8.5457, 50.0654], [8.5455, 50.0655], [8.5452, 50.0655], [8.545, 50.0656], [8.5448, 50.0656], [8.5445, 50.0657], [8.5443, 50.0657], [8.544, 50.0657]], [[8.544, 50.0657], [8.5438, 50.0657], [8.5436, 50.0658], [8.5434, 50.0658], [8.5431, 50.0658]], [[8.5431, 50.0658], [8.5423, 50.0658], [8.5419, 50.0658], [8.5415, 50.0658], [8.5411, 50.0658], [8.5407, 50.0658], [8.5404, 50.0658], [8.5399, 50.0658], [8.5395, 50.0657], [8.5391, 50.0657], [8.5387, 50.0657], [8.5384, 50.0656], [8.538, 50.0656], [8.5376, 50.0655], [8.5373, 50.0655], [8.537, 50.0654], [8.5366, 50.0654], [8.5363, 50.0653], [8.536, 50.0652], [8.5358, 50.0652]], [[8.5358, 50.0652], [8.5352, 50.065], [8.5347, 50.0649], [8.5342, 50.0647], [8.5337, 50.0645], [8.5333, 50.0644], [8.5329, 50.0642], [8.5326, 50.0641], [8.5321, 50.0639], [8.532, 50.0638], [8.5317, 50.0637], [8.5316, 50.0636], [8.5314, 50.0635], [8.5307, 50.0631], [8.5305, 50.063], [8.5304, 50.0629], [8.53, 50.0627], [8.5296, 50.0625], [8.5293, 50.0623]], [[8.5293, 50.0623], [8.529, 50.0621], [8.5284, 50.0618], [8.5279, 50.0615], [8.5277, 50.0614], [8.5275, 50.0613]], [[8.5275, 50.0613], [8.5269, 50.061], [8.5266, 50.0608]], [[8.5255, 50.0602], [8.526, 50.0605], [8.5266, 50.0608]], [[8.5241, 50.0595], [8.5248, 50.0599], [8.5251, 50.06], [8.5255, 50.0602]], [[8.5241, 50.0595], [8.5234, 50.0591], [8.5231, 50.0589], [8.5229, 50.0588], [8.5224, 50.0585], [8.5214, 50.058], [8.5208, 50.0577], [8.5205, 50.0575], [8.5197, 50.057], [8.5188, 50.0566], [8.5174, 50.0558]], [[8.5174, 50.0558], [8.5166, 50.0553], [8.5157, 50.0549], [8.5146, 50.0542], [8.5134, 50.0536]], [[8.5134, 50.0536], [8.5131, 50.0534]], [[8.5131, 50.0534], [8.5119, 50.0527], [8.5118, 50.0527]], [[8.5118, 50.0527], [8.5059, 50.0494], [8.5058, 50.0494]], [[8.5058, 50.0494], [8.5053, 50.0491]], [[8.5053, 50.0491], [8.5044, 50.0486], [8.5038, 50.0483], [8.5033, 50.048], [8.5032, 50.0479], [8.5026, 50.0476], [8.5022, 50.0474], [8.5019, 50.0472], [8.5013, 50.0468], [8.5006, 50.0464], [8.5003, 50.0461], [8.4999, 50.0459], [8.4996, 50.0457], [8.4991, 50.0453], [8.4985, 50.0449], [8.4978, 50.0444], [8.4972, 50.0439], [8.4966, 50.0435], [8.4961, 50.043], [8.4958, 50.0428], [8.4955, 50.0425], [8.4951, 50.0421], [8.4946, 50.0418], [8.4936, 50.0409], [8.4927, 50.0401], [8.4921, 50.0396]], [[8.4921, 50.0396], [8.4893, 50.0373], [8.4859, 50.0344], [8.4858, 50.0343], [8.4857, 50.0342]], [[8.4857, 50.0342], [8.4853, 50.0338], [8.4845, 50.0331], [8.4841, 50.0328], [8.4837, 50.0325], [8.4829, 50.0318], [8.4821, 50.0311], [8.4792, 50.0287], [8.4777, 50.0274], [8.4775, 50.0272], [8.4765, 50.0263], [8.4758, 50.0258], [8.4733, 50.0237], [8.4719, 50.0224], [8.4709, 50.0216], [8.4695, 50.0204], [8.4686, 50.0196], [8.4679, 50.0191], [8.467, 50.0183]], [[8.467, 50.0183], [8.4667, 50.018], [8.4654, 50.017], [8.4647, 50.0164], [8.464, 50.0158], [8.4635, 50.0154], [8.4629, 50.015]], [[8.4629, 50.015], [8.4619, 50.0142]], [[8.4619, 50.0142], [8.4613, 50.0138], [8.4609, 50.0135], [8.4608, 50.0134], [8.4604, 50.0132], [8.46, 50.0129], [8.4592, 50.0124], [8.458, 50.0117], [8.4574, 50.0114], [8.4567, 50.0109], [8.4563, 50.0107], [8.4553, 50.0102], [8.4549, 50.0099]], [[8.4549, 50.0099], [8.4544, 50.0097], [8.4536, 50.0092], [8.4531, 50.0089], [8.452, 50.0083], [8.4509, 50.0077], [8.4497, 50.007], [8.4491, 50.0066], [8.4483, 50.0062], [8.448, 50.006], [8.4478, 50.0059], [8.4474, 50.0057], [8.4466, 50.0052], [8.4429, 50.0032], [8.4429, 50.0031]], [[8.4429, 50.0031], [8.4425, 50.0029]], [[8.4425, 50.0029], [8.442, 50.0026], [8.4419, 50.0026], [8.4354, 49.9989], [8.4351, 49.9987]], [[8.4349, 49.9986], [8.4337, 49.998], [8.4328, 49.9976], [8.4319, 49.9971], [8.4309, 49.9967], [8.4297, 49.9962], [8.429, 49.9959], [8.4283, 49.9956], [8.4274, 49.9953], [8.427, 49.9952], [8.4257, 49.9948], [8.4248, 49.9945]], [[8.4244, 49.9944], [8.4236, 49.9942], [8.422, 49.9938], [8.4204, 49.9934], [8.4193, 49.9931], [8.4185, 49.9929], [8.4176, 49.9927], [8.4155, 49.9922], [8.4151, 49.992], [8.4136, 49.9917], [8.413, 49.9915], [8.4119, 49.9912], [8.4107, 49.9909], [8.4105, 49.9909]], [[8.4105, 49.9909], [8.4104, 49.9909], [8.4098, 49.9907], [8.4097, 49.9907], [8.4085, 49.9904], [8.4073, 49.99], [8.4068, 49.9899], [8.4063, 49.9898], [8.4054, 49.9895], [8.4049, 49.9894], [8.4045, 49.9892], [8.4039, 49.9891], [8.4036, 49.989], [8.4017, 49.9885], [8.4012, 49.9884], [8.3998, 49.988], [8.3994, 49.9879], [8.3989, 49.9878], [8.398, 49.9875], [8.3967, 49.9872], [8.3958, 49.987], [8.3948, 49.9867], [8.3939, 49.9865], [8.3924, 49.9862], [8.3916, 49.986], [8.391, 49.9858]], [[8.391, 49.9858], [8.3906, 49.9857], [8.3899, 49.9856], [8.3879, 49.985], [8.3876, 49.985], [8.3869, 49.9848], [8.3859, 49.9846], [8.3857, 49.9845]], [[8.3857, 49.9845], [8.3853, 49.9845], [8.385, 49.9844], [8.3847, 49.9844], [8.3841, 49.9843], [8.3834, 49.9843], [8.3829, 49.9842], [8.3825, 49.9842], [8.3822, 49.9842], [8.3817, 49.9842], [8.3811, 49.9842], [8.3806, 49.9842], [8.3803, 49.9843], [8.3798, 49.9843], [8.3794, 49.9843], [8.379, 49.9844], [8.3787, 49.9844]], [[8.375, 49.9852], [8.3754, 49.9851], [8.3756, 49.985], [8.3758, 49.985], [8.3759, 49.9849], [8.3766, 49.9848], [8.3771, 49.9847], [8.3773, 49.9846], [8.3775, 49.9846], [8.3781, 49.9845], [8.3787, 49.9844]], [[8.3547, 49.9938], [8.3542, 49.9939]], [[8.3542, 49.9939], [8.354, 49.9939], [8.3536, 49.9939], [8.3532, 49.9939], [8.3529, 49.9939], [8.3525, 49.9939], [8.352, 49.9938], [8.3511, 49.9937]], [[8.3511, 49.9937], [8.351, 49.9937]], [[8.351, 49.9937], [8.3483, 49.9933], [8.3472, 49.9932], [8.3468, 49.9932], [8.3465, 49.9931], [8.3462, 49.9931], [8.346, 49.9931], [8.3456, 49.9931], [8.3453, 49.9931], [8.3449, 49.9931], [8.3446, 49.9931], [8.3443, 49.9932], [8.3439, 49.9932], [8.3436, 49.9933]], [[8.3436, 49.9933], [8.3435, 49.9933], [8.3434, 49.9933], [8.3432, 49.9934], [8.3431, 49.9934]], [[8.3431, 49.9934], [8.3424, 49.9936], [8.3418, 49.9938], [8.3414, 49.994], [8.341, 49.9942], [8.3406, 49.9945], [8.3403, 49.9947], [8.3401, 49.9949], [8.3399, 49.9951]], [[8.3399, 49.9951], [8.3395, 49.9954]], [[8.3395, 49.9954], [8.3394, 49.9956], [8.3393, 49.9958], [8.3392, 49.9959], [8.3391, 49.9961], [8.339, 49.9963], [8.3389, 49.9964], [8.3388, 49.9967], [8.3388, 49.9968], [8.3387, 49.997], [8.3387, 49.9972], [8.3387, 49.9974], [8.3387, 49.9977], [8.3387, 49.998], [8.3387, 49.9983]], [[8.3387, 49.9983], [8.339, 49.9991], [8.3395, 50.0011], [8.3397, 50.0018], [8.3397, 50.002], [8.3397, 50.0023], [8.3397, 50.0024], [8.3397, 50.0026], [8.3397, 50.0029], [8.3397, 50.0031], [8.3396, 50.0033]], [[8.3396, 50.0033], [8.3395, 50.0037], [8.3394, 50.004], [8.3391, 50.0045], [8.3387, 50.0049], [8.3385, 50.0051]], [[8.3385, 50.0051], [8.3382, 50.0054]], [[8.3382, 50.0054], [8.3377, 50.0058], [8.3372, 50.0061], [8.3367, 50.0063], [8.3361, 50.0065], [8.3357, 50.0066], [8.3354, 50.0067], [8.3351, 50.0068], [8.3348, 50.0069], [8.3344, 50.0069], [8.3341, 50.007], [8.3338, 50.007], [8.3335, 50.007], [8.3331, 50.0071], [8.3327, 50.0071], [8.3324, 50.0071], [8.332, 50.007], [8.3317, 50.007], [8.3313, 50.007], [8.3307, 50.0069], [8.33, 50.0069], [8.329, 50.0068], [8.3285, 50.0067]], [[8.3285, 50.0067], [8.3284, 50.0067]], [[8.3284, 50.0067], [8.3268, 50.0066], [8.3263, 50.0065], [8.3257, 50.0065], [8.3246, 50.0065], [8.3216, 50.0064], [8.3208, 50.0064], [8.3193, 50.0063]], [[8.3193, 50.0063], [8.3188, 50.0063]], [[8.3188, 50.0063], [8.3187, 50.0063], [8.3182, 50.0063], [8.318, 50.0062], [8.3177, 50.0062], [8.3175, 50.0062], [8.3173, 50.0062]], [[8.3173, 50.0062], [8.3166, 50.0062], [8.3161, 50.0061], [8.3156, 50.0061], [8.315, 50.0061], [8.3145, 50.006], [8.3136, 50.0059], [8.3108, 50.0056], [8.2964, 50.0038]], [[8.2964, 50.0038], [8.2956, 50.0037]], [[8.2956, 50.0037], [8.2943, 50.0036], [8.2937, 50.0035], [8.2933, 50.0035], [8.2928, 50.0035], [8.2924, 50.0035], [8.2917, 50.0035], [8.2912, 50.0035], [8.2908, 50.0036], [8.2899, 50.0037], [8.2891, 50.0039], [8.2887, 50.0039], [8.2884, 50.004], [8.288, 50.0041], [8.2877, 50.0043], [8.2873, 50.0044], [8.2869, 50.0046], [8.2864, 50.0048], [8.2861, 50.0049], [8.2853, 50.0054], [8.2837, 50.0063]], [[8.2837, 50.0063], [8.2835, 50.0064], [8.2834, 50.0065], [8.2832, 50.0066], [8.2831, 50.0067], [8.2829, 50.0068], [8.2825, 50.0071], [8.2823, 50.0072], [8.2822, 50.0072], [8.2822, 50.0073], [8.282, 50.0074], [8.2818, 50.0076], [8.2817, 50.0077], [8.2816, 50.0079], [8.2814, 50.008], [8.2813, 50.0082], [8.2813, 50.0083]], [[8.2813, 50.0083], [8.2812, 50.0083]], [[8.2812, 50.0083], [8.2811, 50.0085], [8.281, 50.0087], [8.2809, 50.0089]], [[8.2809, 50.0089], [8.2808, 50.0091]], [[8.2808, 50.0091], [8.2807, 50.0093], [8.2807, 50.0095], [8.2807, 50.0096], [8.2806, 50.0097]], [[8.2806, 50.0097], [8.2805, 50.0101], [8.2803, 50.0108], [8.2802, 50.0112], [8.2801, 50.0115], [8.2798, 50.0123], [8.2795, 50.0131], [8.2793, 50.0137], [8.278, 50.0174], [8.2779, 50.0178], [8.2778, 50.018], [8.2776, 50.0185], [8.2775, 50.0186], [8.2774, 50.0188], [8.2768, 50.02], [8.2765, 50.0204], [8.276, 50.0212], [8.2755, 50.022], [8.2754, 50.022], [8.2746, 50.0231], [8.2737, 50.0241], [8.273, 50.0248], [8.2724, 50.0253], [8.271, 50.0265], [8.27, 50.0274], [8.2691, 50.0282], [8.2687, 50.0285], [8.2686, 50.0286], [8.2675, 50.0296], [8.2672, 50.0298]], [[8.2672, 50.0298], [8.2667, 50.0303], [8.2665, 50.0305], [8.2663, 50.0307]], [[8.2663, 50.0307], [8.2659, 50.0311], [8.2646, 50.0325], [8.2644, 50.0328], [8.2633, 50.034], [8.2632, 50.0341], [8.2617, 50.0359], [8.2616, 50.036]], [[8.2616, 50.036], [8.2611, 50.0366]], [[8.2611, 50.0366], [8.2606, 50.0371], [8.2606, 50.0372]], [[8.2606, 50.0372], [8.26, 50.0379]], [[8.26, 50.0379], [8.2596, 50.0384], [8.2592, 50.0388], [8.2585, 50.0395], [8.258, 50.04]], [[8.258, 50.04], [8.2576, 50.0405], [8.2574, 50.0407], [8.2572, 50.0409], [8.2568, 50.0413], [8.2565, 50.0416], [8.2563, 50.0418]], [[8.2563, 50.0418], [8.2561, 50.0421], [8.2559, 50.0424], [8.2557, 50.0427], [8.2555, 50.0429], [8.2553, 50.0434], [8.2553, 50.0436], [8.2552, 50.0442]], [[8.2552, 50.0442], [8.2551, 50.0445], [8.2551, 50.0447]], [[8.2551, 50.0447], [8.2551, 50.0448]], [[8.2551, 50.0448], [8.2551, 50.0451], [8.2551, 50.0452], [8.2551, 50.0454], [8.2551, 50.0457], [8.2553, 50.0465], [8.2553, 50.0466], [8.2553, 50.0469], [8.2555, 50.0478], [8.2555, 50.0482], [8.2557, 50.0493], [8.2557, 50.0494], [8.2558, 50.05], [8.2558, 50.0506], [8.2558, 50.0512], [8.2558, 50.0519]], [[8.2558, 50.0519], [8.2556, 50.0527], [8.2556, 50.0529], [8.2555, 50.0534], [8.2554, 50.0541], [8.2553, 50.0542], [8.2553, 50.0543], [8.2552, 50.0545], [8.2551, 50.0548], [8.2543, 50.0566], [8.2539, 50.0575], [8.2538, 50.0578], [8.2533, 50.0585], [8.2528, 50.0593], [8.2524, 50.0598], [8.2522, 50.0602], [8.252, 50.0604], [8.2519, 50.0605], [8.2511, 50.0613], [8.2488, 50.0638]], [[8.2488, 50.0638], [8.2482, 50.0645]], [[8.2482, 50.0645], [8.2478, 50.0649], [8.2472, 50.0655], [8.2469, 50.0659]], [[8.2469, 50.0659], [8.2468, 50.066], [8.2465, 50.0664], [8.2464, 50.0665], [8.2462, 50.0668]], [[8.2462, 50.0668], [8.2459, 50.0673]], [[8.2459, 50.0673], [8.2457, 50.0675]]]}, "properties": {"ref": "S9", "opened_year": 1997, "is_tunnel": false, "segment_count": 318}}, {"type": "Feature", "geometry": {"type": "MultiLineString", "coordinates": [[[8.7365, 50.1051], [8.7365, 50.1052], [8.7397, 50.1053], [8.74, 50.1053], [8.7401, 50.1053], [8.7397, 50.1052], [8.7365, 50.1051]], [[8.7514, 50.106], [8.7514, 50.1061], [8.7486, 50.1059], [8.7485, 50.1059], [8.7485, 50.1058], [8.7486, 50.1058], [8.7514, 50.106]], [[8.7619, 50.1063], [8.762, 50.1063], [8.765, 50.1056], [8.7651, 50.1056], [8.7657, 50.1055], [8.7657, 50.1054], [8.7651, 50.1055], [8.7649, 50.1055], [8.762, 50.1062], [8.7612, 50.1063], [8.7613, 50.1064], [8.7619, 50.1063]], [[8.554, 50.0509], [8.5548, 50.0505]], [[8.5562, 50.05], [8.5567, 50.0499], [8.5573, 50.0497], [8.558, 50.0496], [8.5587, 50.0495], [8.5595, 50.0495], [8.5601, 50.0495], [8.5607, 50.0495], [8.5615, 50.0496], [8.5622, 50.0496], [8.5655, 50.05]], [[8.5655, 50.05], [8.5656, 50.0501], [8.5668, 50.0502], [8.5675, 50.0503]], [[8.5675, 50.0503], [8.5681, 50.0504], [8.5693, 50.0507], [8.5701, 50.0509], [8.5718, 50.0513], [8.573, 50.0516], [8.5741, 50.0519], [8.5749, 50.0521]], [[8.5749, 50.0521], [8.5756, 50.0522], [8.576, 50.0523], [8.5762, 50.0524]], [[8.5762, 50.0524], [8.5764, 50.0524], [8.5766, 50.0525], [8.5775, 50.0527], [8.5788, 50.053]], [[8.5788, 50.053], [8.58, 50.0534], [8.5803, 50.0536], [8.5811, 50.054], [8.5818, 50.0544], [8.5823, 50.0547]], [[8.5823, 50.0547], [8.5825, 50.0549], [8.5827, 50.055], [8.5828, 50.0551], [8.5829, 50.0552], [8.583, 50.0553], [8.5831, 50.0553], [8.5832, 50.0554], [8.5834, 50.0554], [8.5835, 50.0555], [8.5837, 50.0556], [8.5839, 50.0557], [8.5841, 50.0558], [8.5844, 50.0559], [8.5847, 50.0559], [8.5851, 50.056], [8.5855, 50.0561], [8.5869, 50.0564], [8.5875, 50.0565], [8.5879, 50.0566], [8.5885, 50.0567], [8.5889, 50.0567], [8.5893, 50.0568], [8.5897, 50.0568], [8.5901, 50.0568], [8.5906, 50.0568], [8.5909, 50.0568], [8.5912, 50.0568], [8.5917, 50.0567], [8.5922, 50.0567]], [[8.5922, 50.0567], [8.593, 50.0566], [8.5931, 50.0566]], [[8.5931, 50.0566], [8.5947, 50.0565], [8.5961, 50.0565], [8.5973, 50.0564], [8.5979, 50.0564], [8.5985, 50.0564], [8.5993, 50.0564], [8.6001, 50.0563], [8.6008, 50.0563], [8.6015, 50.0562], [8.6021, 50.0562], [8.6025, 50.0562], [8.6031, 50.0562], [8.6038, 50.0561], [8.6043, 50.0561], [8.6046, 50.0562], [8.6051, 50.0562], [8.6056, 50.0563], [8.6061, 50.0564], [8.6066, 50.0565], [8.6071, 50.0567], [8.6076, 50.0569], [8.6083, 50.0572], [8.6085, 50.0573], [8.6087, 50.0574], [8.6088, 50.0575], [8.609, 50.0576]], [[8.6524, 50.1033], [8.6528, 50.1035], [8.653, 50.1035], [8.654, 50.1039], [8.6551, 50.1043], [8.6553, 50.1044], [8.6558, 50.1046]], [[8.6558, 50.1046], [8.6568, 50.105], [8.6581, 50.1055]], [[8.6581, 50.1055], [8.6586, 50.1056], [8.659, 50.1058], [8.6599, 50.1062], [8.6606, 50.1065], [8.6617, 50.1069], [8.6622, 50.1071]], [[8.6622, 50.1071], [8.6624, 50.1072], [8.6628, 50.1073]], [[8.6628, 50.1073], [8.6633, 50.1075], [8.6633, 50.1076], [8.6634, 50.1076]], [[8.6634, 50.1076], [8.6638, 50.1079], [8.6642, 50.1081], [8.6643, 50.1081], [8.6646, 50.1083], [8.6647, 50.1084], [8.6648, 50.1084], [8.6649, 50.1085]], [[8.6649, 50.1085], [8.665, 50.1085], [8.665, 50.1086], [8.6651, 50.1087], [8.6653, 50.1089], [8.6656, 50.1092]], [[8.6656, 50.1092], [8.6657, 50.1094], [8.6658, 50.1095], [8.6659, 50.1098], [8.6661, 50.1101], [8.6663, 50.1107], [8.6664, 50.111], [8.6665, 50.1111], [8.6665, 50.1112], [8.6666, 50.1113], [8.6666, 50.1114], [8.6668, 50.1116], [8.6669, 50.1119], [8.6673, 50.1123], [8.6674, 50.1124]], [[8.6674, 50.1124], [8.6676, 50.1126]], [[8.6676, 50.1126], [8.668, 50.1129], [8.6681, 50.113], [8.669, 50.1136], [8.6697, 50.1141]], [[8.6697, 50.1141], [8.6699, 50.1142]], [[8.6699, 50.1142], [8.67, 50.1142]], [[8.67, 50.1142], [8.6702, 50.1143], [8.6708, 50.1146], [8.6716, 50.1148], [8.672, 50.1148], [8.6725, 50.1148], [8.6727, 50.1148], [8.6732, 50.1148], [8.6733, 50.1148], [8.6735, 50.1148], [8.6736, 50.1148], [8.6738, 50.1147], [8.6741, 50.1147], [8.6745, 50.1146], [8.6747, 50.1146], [8.6751, 50.1145], [8.6759, 50.1143], [8.6763, 50.1142]], [[8.6763, 50.1142], [8.6766, 50.1141], [8.6774, 50.1141], [8.6778, 50.114], [8.6783, 50.114], [8.6785, 50.1139], [8.679, 50.1139], [8.6793, 50.1139]], [[8.6793, 50.1139], [8.6798, 50.1139], [8.68, 50.1138], [8.6805, 50.1139], [8.6807, 50.1139], [8.6809, 50.114], [8.6814, 50.1141], [8.6821, 50.1143], [8.6825, 50.1144], [8.6826, 50.1144], [8.6829, 50.1144], [8.6832, 50.1145]], [[8.6832, 50.1145], [8.6833, 50.1145], [8.6839, 50.1146], [8.6841, 50.1146], [8.6844, 50.1146], [8.6845, 50.1146]], [[8.6845, 50.1146], [8.6853, 50.1146]], [[8.6853, 50.1146], [8.687, 50.1146], [8.6873, 50.1146], [8.6876, 50.1146]], [[8.6876, 50.1146], [8.6878, 50.1146], [8.688, 50.1146], [8.6881, 50.1146], [8.6883, 50.1146], [8.6885, 50.1147], [8.6897, 50.1148], [8.6902, 50.1148]], [[8.6902, 50.1148], [8.6903, 50.1148], [8.6905, 50.1148], [8.6907, 50.1148], [8.6911, 50.1148], [8.6914, 50.1148], [8.6917, 50.1147], [8.692, 50.1147], [8.6921, 50.1147], [8.6924, 50.1146], [8.6927, 50.1146], [8.6932, 50.1145], [8.6935, 50.1144], [8.6937, 50.1143], [8.694, 50.1143], [8.6943, 50.1142], [8.6946, 50.1141], [8.6949, 50.1139], [8.6952, 50.1138], [8.6955, 50.1137], [8.6958, 50.1134]], [[8.6958, 50.1134], [8.696, 50.1133], [8.6961, 50.1133], [8.6963, 50.1131]], [[8.6963, 50.1131], [8.6966, 50.1128], [8.6968, 50.1126], [8.6969, 50.1125]], [[8.6969, 50.1125], [8.6975, 50.1119], [8.6976, 50.1118], [8.6977, 50.1117], [8.698, 50.1115], [8.698, 50.1114]], [[8.698, 50.1114], [8.6982, 50.1112]], [[8.6982, 50.1112], [8.6985, 50.1107], [8.6987, 50.1102], [8.6988, 50.1098], [8.6988, 50.1093], [8.6987, 50.1085], [8.6987, 50.1084], [8.6986, 50.1082], [8.6985, 50.1077], [8.6983, 50.1068]], [[8.6983, 50.1068], [8.6982, 50.1065], [8.6981, 50.106], [8.698, 50.1058], [8.698, 50.1057]], [[8.698, 50.1057], [8.698, 50.1055], [8.6979, 50.1053], [8.6979, 50.1051], [8.6978, 50.1049], [8.6979, 50.1045], [8.698, 50.104], [8.6981, 50.1037], [8.6983, 50.1033], [8.6985, 50.1031], [8.6986, 50.103], [8.6988, 50.1029], [8.699, 50.1027], [8.6993, 50.1024], [8.6994, 50.1024]], [[8.6994, 50.1024], [8.7, 50.1021], [8.7001, 50.1021], [8.7005, 50.1019]], [[8.7005, 50.1019], [8.7007, 50.1018], [8.7009, 50.1017], [8.7011, 50.1017], [8.7014, 50.1016], [8.7019, 50.1015], [8.7023, 50.1014], [8.7027, 50.1013], [8.7031, 50.1013], [8.7033, 50.1012]], [[8.7033, 50.1012], [8.7034, 50.1012], [8.7037, 50.1012], [8.7044, 50.1012], [8.7048, 50.1012], [8.705, 50.1012], [8.7052, 50.1013], [8.7056, 50.1013], [8.7057, 50.1013], [8.7059, 50.1014], [8.7062, 50.1014], [8.7066, 50.1015], [8.707, 50.1016], [8.7071, 50.1016], [8.7072, 50.1017], [8.7076, 50.1018], [8.7081, 50.102]], [[8.7081, 50.102], [8.7083, 50.1021], [8.7084, 50.1021], [8.709, 50.1024], [8.7094, 50.1026], [8.7099, 50.1029], [8.7105, 50.1032], [8.711, 50.1034]], [[8.711, 50.1034], [8.7114, 50.1036], [8.7116, 50.1037], [8.7121, 50.1038], [8.7123, 50.1038], [8.7128, 50.1039], [8.713, 50.104], [8.7133, 50.104], [8.7135, 50.104], [8.7143, 50.1041], [8.7145, 50.1041]], [[8.7316, 50.1049], [8.734, 50.105], [8.7344, 50.105]], [[8.7344, 50.105], [8.7355, 50.105], [8.7365, 50.1051], [8.7366, 50.1051], [8.7367, 50.1051]], [[8.7367, 50.1051], [8.7369, 50.1051], [8.7395, 50.1052], [8.7396, 50.1052]], [[8.7396, 50.1052], [8.7403, 50.1053], [8.7409, 50.1053], [8.7426, 50.1055], [8.7431, 50.1055], [8.7432, 50.1055], [8.7437, 50.1056], [8.7445, 50.1056]], [[8.7445, 50.1056], [8.7446, 50.1056], [8.7451, 50.1057], [8.7455, 50.1057], [8.7465, 50.1057], [8.7466, 50.1057], [8.7473, 50.1058], [8.7478, 50.1058], [8.7485, 50.1058], [8.7486, 50.1058]], [[8.7486, 50.1058], [8.7503, 50.1059], [8.7514, 50.106], [8.7517, 50.106]], [[8.7517, 50.106], [8.7519, 50.106], [8.7535, 50.1062], [8.7548, 50.1063], [8.7552, 50.1063], [8.7559, 50.1064], [8.7562, 50.1064], [8.7567, 50.1065], [8.7574, 50.1065], [8.7575, 50.1065], [8.7579, 50.1065], [8.7582, 50.1066], [8.7586, 50.1066], [8.7588, 50.1066], [8.759, 50.1066], [8.7596, 50.1066], [8.7597, 50.1065], [8.7603, 50.1065], [8.7604, 50.1065], [8.7606, 50.1064], [8.7608, 50.1064], [8.7612, 50.1063], [8.7616, 50.1062], [8.7619, 50.1062]], [[8.7619, 50.1062], [8.7633, 50.1059], [8.7642, 50.1057], [8.7648, 50.1055]], [[8.7648, 50.1055], [8.7657, 50.1054], [8.7669, 50.1052], [8.7675, 50.105], [8.7681, 50.1048], [8.7684, 50.1047], [8.7688, 50.1046], [8.7693, 50.1044], [8.7696, 50.1043], [8.7704, 50.104], [8.7722, 50.1035], [8.7728, 50.1033], [8.7732, 50.1032], [8.7738, 50.103]], [[8.7738, 50.103], [8.7753, 50.1025], [8.7758, 50.1024], [8.7762, 50.1023], [8.7763, 50.1023], [8.7765, 50.1022], [8.7767, 50.1022], [8.777, 50.1021], [8.7772, 50.1021], [8.7774, 50.1021], [8.7776, 50.1021], [8.7779, 50.1021], [8.7784, 50.1022], [8.7798, 50.1023]], [[8.875, 50.1214], [8.8782, 50.1218]], [[8.7798, 50.1024], [8.7796, 50.1024], [8.7784, 50.1022], [8.7779, 50.1022], [8.7776, 50.1022], [8.7774, 50.1022], [8.7772, 50.1022], [8.777, 50.1022], [8.7767, 50.1022], [8.7765, 50.1023], [8.7763, 50.1023], [8.7762, 50.1023], [8.7758, 50.1024], [8.7757, 50.1024], [8.7754, 50.1025], [8.7738, 50.103]], [[8.7738, 50.103], [8.7732, 50.1032], [8.773, 50.1033], [8.7722, 50.1035], [8.7706, 50.104], [8.7696, 50.1043], [8.7693, 50.1045], [8.7688, 50.1046], [8.7684, 50.1048], [8.7681, 50.1049], [8.7675, 50.1051], [8.7669, 50.1052], [8.7666, 50.1053], [8.7657, 50.1055], [8.765, 50.1056], [8.7649, 50.1057]], [[8.7649, 50.1057], [8.7643, 50.1058], [8.7634, 50.106], [8.7619, 50.1063]], [[8.7619, 50.1063], [8.7613, 50.1064], [8.7603, 50.1066], [8.7596, 50.1066], [8.7592, 50.1066], [8.7588, 50.1066], [8.7581, 50.1066], [8.7574, 50.1066], [8.7565, 50.1065], [8.7562, 50.1065], [8.7558, 50.1064], [8.7546, 50.1063], [8.7536, 50.1063], [8.7529, 50.1062], [8.7519, 50.1061], [8.7517, 50.1061]], [[8.7517, 50.1061], [8.7514, 50.1061], [8.7503, 50.106], [8.7491, 50.106], [8.7486, 50.1059]], [[8.7486, 50.1059], [8.748, 50.1059], [8.7477, 50.1059], [8.7466, 50.1058], [8.7459, 50.1058], [8.7449, 50.1057], [8.7435, 50.1056], [8.7431, 50.1056]], [[8.7431, 50.1056], [8.7429, 50.1055], [8.7422, 50.1055]], [[8.7422, 50.1055], [8.7414, 50.1054], [8.7409, 50.1054], [8.7403, 50.1054], [8.7402, 50.1054]], [[8.7402, 50.1054], [8.7396, 50.1053]], [[8.7396, 50.1053], [8.738, 50.1052], [8.7369, 50.1052], [8.7366, 50.1052]], [[8.7366, 50.1052], [8.7365, 50.1052], [8.7359, 50.1051]], [[8.7359, 50.1051], [8.7353, 50.1051], [8.7344, 50.105]], [[8.7145, 50.1042], [8.7143, 50.1042], [8.7129, 50.104], [8.7122, 50.1039], [8.7116, 50.1037], [8.711, 50.1035]], [[8.711, 50.1035], [8.7106, 50.1033]], [[8.7106, 50.1033], [8.7103, 50.1031], [8.7094, 50.1027], [8.7093, 50.1027], [8.7086, 50.1023], [8.7083, 50.1021], [8.7082, 50.1021], [8.708, 50.102], [8.7077, 50.1019], [8.7074, 50.1018], [8.707, 50.1017], [8.707, 50.1016], [8.7063, 50.1015], [8.7057, 50.1014], [8.7053, 50.1013], [8.7049, 50.1013], [8.7047, 50.1013], [8.7046, 50.1013], [8.7043, 50.1013], [8.704, 50.1013], [8.7038, 50.1013], [8.7035, 50.1013], [8.7033, 50.1014]], [[8.7033, 50.1014], [8.7029, 50.1014], [8.7028, 50.1014], [8.7024, 50.1015], [8.702, 50.1016], [8.7015, 50.1017], [8.7012, 50.1018], [8.701, 50.1018], [8.7008, 50.1019], [8.7006, 50.102]], [[8.7006, 50.102], [8.7003, 50.1021], [8.6996, 50.1024], [8.6993, 50.1026], [8.6992, 50.1026], [8.699, 50.1028], [8.6987, 50.103], [8.6984, 50.1033], [8.6983, 50.1036], [8.6982, 50.1037], [8.698, 50.104], [8.698, 50.1042], [8.6979, 50.1044]], [[8.6979, 50.1044], [8.6979, 50.1045], [8.698, 50.105], [8.698, 50.1051], [8.698, 50.1052], [8.698, 50.1054], [8.6981, 50.1057]], [[8.6981, 50.1057], [8.6982, 50.106], [8.6983, 50.1064], [8.6984, 50.1067], [8.6986, 50.1074], [8.6986, 50.1077], [8.6988, 50.1081], [8.6988, 50.1082], [8.6989, 50.1086], [8.699, 50.1095], [8.699, 50.11], [8.6988, 50.1104], [8.6986, 50.1109]], [[8.6986, 50.1109], [8.6984, 50.1112]], [[8.6984, 50.1112], [8.6982, 50.1115]], [[8.6982, 50.1115], [8.6981, 50.1115], [8.6978, 50.1118], [8.6976, 50.112], [8.6974, 50.1122]], [[8.6974, 50.1122], [8.697, 50.1126], [8.6969, 50.1127], [8.6968, 50.1128], [8.6966, 50.113], [8.6964, 50.1131]], [[8.6964, 50.1131], [8.6962, 50.1133], [8.6962, 50.1134]], [[8.6962, 50.1134], [8.696, 50.1135], [8.6958, 50.1136], [8.6956, 50.1138], [8.6955, 50.1138], [8.6952, 50.1139], [8.695, 50.1141], [8.6949, 50.1141], [8.6948, 50.1141], [8.6946, 50.1142], [8.6943, 50.1143], [8.694, 50.1144], [8.6939, 50.1144], [8.6937, 50.1145], [8.6934, 50.1145], [8.6932, 50.1146], [8.6926, 50.1147], [8.6924, 50.1147], [8.6923, 50.1147], [8.6921, 50.1148], [8.6915, 50.1148], [8.691, 50.1149], [8.6909, 50.1149]], [[8.6909, 50.1149], [8.6908, 50.1149], [8.6903, 50.1149], [8.6901, 50.1149], [8.6898, 50.1149], [8.6896, 50.1148], [8.6893, 50.1148], [8.6886, 50.1147], [8.6883, 50.1147], [8.6881, 50.1147], [8.6879, 50.1147]], [[8.6879, 50.1147], [8.6871, 50.1147], [8.6869, 50.1147], [8.6868, 50.1147], [8.6866, 50.1147], [8.6859, 50.1147], [8.6858, 50.1147], [8.6853, 50.1147], [8.6849, 50.1147], [8.6845, 50.1147]], [[8.6845, 50.1147], [8.6843, 50.1147], [8.684, 50.1146], [8.6838, 50.1146], [8.6837, 50.1146], [8.6833, 50.1146]], [[8.6833, 50.1146], [8.6831, 50.1145], [8.6829, 50.1145], [8.6826, 50.1144], [8.6825, 50.1144], [8.6821, 50.1143], [8.682, 50.1143], [8.6817, 50.1142], [8.6814, 50.1141], [8.6813, 50.1141], [8.6812, 50.1141], [8.681, 50.1141], [8.6809, 50.114], [8.6804, 50.114], [8.6801, 50.114], [8.6799, 50.114], [8.6793, 50.114]], [[8.6793, 50.114], [8.6789, 50.1141], [8.6786, 50.1141], [8.6783, 50.1141], [8.6782, 50.1141], [8.6779, 50.1141], [8.6776, 50.1142], [8.6773, 50.1142], [8.677, 50.1142], [8.6767, 50.1143], [8.6764, 50.1143], [8.6763, 50.1143]], [[8.6763, 50.1143], [8.6759, 50.1144], [8.6754, 50.1145], [8.675, 50.1146], [8.6741, 50.1147], [8.6736, 50.1148], [8.6735, 50.1148], [8.6733, 50.1149], [8.6727, 50.1149], [8.6724, 50.1149], [8.672, 50.1149], [8.6718, 50.1149], [8.6716, 50.1148], [8.6715, 50.1148], [8.671, 50.1147], [8.6708, 50.1147], [8.6703, 50.1145], [8.6701, 50.1144], [8.6698, 50.1143]], [[8.6698, 50.1143], [8.6695, 50.1141]], [[8.6695, 50.1141], [8.669, 50.1138], [8.6689, 50.1138]], [[8.6689, 50.1138], [8.6687, 50.1136], [8.6682, 50.1133], [8.6678, 50.113], [8.6675, 50.1126]], [[8.6675, 50.1126], [8.667, 50.1122], [8.6665, 50.1115], [8.6665, 50.1114], [8.6663, 50.1111], [8.6662, 50.1109], [8.6661, 50.1107], [8.666, 50.1104], [8.6659, 50.1102], [8.6658, 50.1099]], [[8.6658, 50.1099], [8.6657, 50.1098], [8.6655, 50.1094], [8.6655, 50.1093]], [[8.6655, 50.1093], [8.6652, 50.109], [8.6651, 50.1089], [8.6648, 50.1086], [8.6648, 50.1085], [8.6647, 50.1085], [8.6645, 50.1084], [8.6644, 50.1082], [8.6638, 50.1079], [8.6633, 50.1076], [8.6632, 50.1076], [8.6631, 50.1075], [8.6627, 50.1074]], [[8.6627, 50.1074], [8.6624, 50.1072], [8.6622, 50.1071], [8.6621, 50.1071]], [[8.6621, 50.1071], [8.6617, 50.1069], [8.6615, 50.1069], [8.6606, 50.1065], [8.6605, 50.1065], [8.6603, 50.1064], [8.6599, 50.1062], [8.6592, 50.106], [8.658, 50.1055]], [[8.658, 50.1055], [8.6579, 50.1055], [8.6567, 50.1051], [8.6558, 50.1047]], [[8.6558, 50.1047], [8.6552, 50.1045], [8.6537, 50.1039], [8.6532, 50.1037], [8.6528, 50.1035], [8.6523, 50.1034]], [[8.609, 50.0577], [8.6088, 50.0575], [8.6086, 50.0574], [8.6084, 50.0573], [8.6082, 50.0572], [8.6076, 50.0569], [8.607, 50.0567], [8.6066, 50.0565], [8.6061, 50.0564], [8.6056, 50.0563], [8.6051, 50.0563], [8.6046, 50.0562], [8.6043, 50.0562], [8.6038, 50.0562], [8.6031, 50.0562], [8.6025, 50.0562], [8.6021, 50.0562], [8.6015, 50.0563], [8.6008, 50.0563], [8.6001, 50.0564], [8.5993, 50.0564], [8.5982, 50.0565], [8.5981, 50.0565], [8.5962, 50.0566], [8.5961, 50.0566], [8.5948, 50.0567], [8.5932, 50.0568]], [[8.5932, 50.0568], [8.5922, 50.0568]], [[8.5922, 50.0568], [8.5913, 50.0569], [8.5906, 50.0569], [8.5901, 50.0569], [8.5896, 50.0569], [8.5893, 50.0568], [8.5889, 50.0568], [8.5885, 50.0567], [8.5879, 50.0566], [8.5875, 50.0565], [8.5869, 50.0564], [8.5855, 50.0561], [8.585, 50.0561], [8.5847, 50.056], [8.5844, 50.0559], [8.5841, 50.0558], [8.5839, 50.0557], [8.5837, 50.0557], [8.5835, 50.0556], [8.5833, 50.0555], [8.5832, 50.0554], [8.583, 50.0553], [8.5829, 50.0552], [8.5828, 50.0551], [8.5826, 50.055], [8.5825, 50.0549], [8.5823, 50.0548]], [[8.5823, 50.0548], [8.5822, 50.0547], [8.5817, 50.0544], [8.5811, 50.054], [8.5803, 50.0536], [8.58, 50.0535], [8.5788, 50.0531]], [[8.5788, 50.0531], [8.5775, 50.0527], [8.5766, 50.0525]], [[8.5766, 50.0525], [8.5764, 50.0524], [8.5762, 50.0524], [8.576, 50.0523], [8.5751, 50.0522]], [[8.5751, 50.0522], [8.5741, 50.052], [8.5729, 50.0517], [8.5725, 50.0517], [8.5718, 50.0515], [8.5717, 50.0515], [8.5716, 50.0514], [8.5714, 50.0514], [8.571, 50.0513], [8.5707, 50.0512], [8.5702, 50.0511], [8.5698, 50.051], [8.5697, 50.051], [8.5688, 50.0508], [8.5678, 50.0505], [8.5667, 50.0503], [8.5657, 50.0501], [8.5656, 50.0501]], [[8.5656, 50.0501], [8.5654, 50.0501]], [[8.5654, 50.0501], [8.5622, 50.0497], [8.5615, 50.0496], [8.5607, 50.0495], [8.5601, 50.0495], [8.5595, 50.0495], [8.5587, 50.0496], [8.558, 50.0497], [8.5574, 50.0498], [8.5567, 50.0499], [8.5563, 50.05]]]}, "properties": {"ref": "S9", "opened_year": 1997, "is_tunnel": true, "segment_count": 106}}]}