{"type": "FeatureCollection", "features": [{"type": "Feature", "geometry": {"type": "MultiLineString", "coordinates": [[[11.7656, 48.3523], [11.7656, 48.3522], [11.7644, 48.3521], [11.764, 48.3521], [11.7628, 48.352], [11.7627, 48.3521], [11.764, 48.3522], [11.7644, 48.3522], [11.7656, 48.3523]], [[11.6155, 48.3025], [11.6154, 48.3025], [11.6155, 48.3026], [11.6158, 48.3027], [11.6159, 48.3027], [11.616, 48.3028], [11.6162, 48.3029], [11.6165, 48.303], [11.6166, 48.303], [11.6168, 48.3031], [11.6179, 48.3035], [11.6181, 48.3036], [11.6181, 48.3035], [11.618, 48.3035], [11.6171, 48.3032], [11.6168, 48.303], [11.6162, 48.3028], [11.6161, 48.3028], [11.616, 48.3027], [11.6155, 48.3025]], [[11.5681, 48.2731], [11.5681, 48.273], [11.5681, 48.2731], [11.5684, 48.2735], [11.5692, 48.2747], [11.5692, 48.2748], [11.5692, 48.2747], [11.5691, 48.2747], [11.569, 48.2745], [11.5688, 48.2742], [11.5687, 48.2741], [11.5687, 48.274], [11.5686, 48.2738], [11.5683, 48.2735], [11.5683, 48.2734], [11.5681, 48.2731]], [[11.541, 48.2133], [11.5411, 48.2134], [11.5411, 48.2139], [11.5411, 48.2142], [11.5412, 48.2151], [11.5412, 48.2142], [11.5411, 48.2139], [11.5411, 48.2134], [11.5411, 48.2133], [11.541, 48.2133]], [[11.527, 48.1986], [11.5248, 48.1972], [11.5249, 48.1972], [11.527, 48.1986]], [[11.5181, 48.1436], [11.5183, 48.1436], [11.5188, 48.1435], [11.519, 48.1435], [11.5192, 48.1435], [11.5195, 48.1435], [11.5199, 48.1435], [11.5209, 48.1434], [11.5209, 48.1435], [11.5199, 48.1436], [11.5197, 48.1436], [11.5195, 48.1436], [11.5192, 48.1436], [11.519, 48.1436], [11.5188, 48.1436], [11.5184, 48.1436], [11.5181, 48.1436]], [[11.7861, 48.3538], [11.7847, 48.3537], [11.7839, 48.3537], [11.7837, 48.3537], [11.7829, 48.3536], [11.7823, 48.3535], [11.7759, 48.353]], [[11.7759, 48.353], [11.7705, 48.3526]], [[11.7705, 48.3526], [11.7686, 48.3525], [11.7658, 48.3523]], [[11.7658, 48.3523], [11.7641, 48.3522], [11.7627, 48.3521], [11.761, 48.3519], [11.7599, 48.3518], [11.7587, 48.3517], [11.7576, 48.3516], [11.7548, 48.3514], [11.7522, 48.3512], [11.7506, 48.3511], [11.7492, 48.351], [11.7476, 48.3508], [11.7468, 48.3508], [11.7466, 48.3508], [11.7451, 48.3507], [11.7433, 48.3505]], [[11.7433, 48.3505], [11.7429, 48.3505]], [[11.7429, 48.3505], [11.7427, 48.3505], [11.7426, 48.3505]], [[11.7426, 48.3505], [11.7416, 48.3504]], [[11.7416, 48.3504], [11.7398, 48.3502], [11.7394, 48.3502], [11.739, 48.3502], [11.7387, 48.3502], [11.7384, 48.3502], [11.7377, 48.3502], [11.7363, 48.3502]], [[11.7363, 48.3502], [11.7359, 48.3502]], [[11.7359, 48.3502], [11.7342, 48.3502]], [[11.7342, 48.3502], [11.734, 48.3502], [11.7336, 48.3501], [11.7332, 48.3501], [11.7327, 48.3501], [11.7323, 48.3501], [11.7319, 48.3501], [11.7314, 48.3501], [11.7309, 48.35], [11.7305, 48.35], [11.7294, 48.3498], [11.729, 48.3497], [11.7285, 48.3496], [11.7282, 48.3495]], [[11.7282, 48.3495], [11.7276, 48.3494], [11.7274, 48.3493], [11.7272, 48.3493], [11.7268, 48.3491], [11.7263, 48.349], [11.7259, 48.3488], [11.7254, 48.3486]], [[11.7254, 48.3486], [11.7251, 48.3484], [11.7222, 48.3471], [11.7218, 48.347], [11.7214, 48.3468], [11.7206, 48.3464], [11.7201, 48.3462], [11.7197, 48.3459], [11.7193, 48.3457], [11.7189, 48.3455], [11.7185, 48.3452], [11.7181, 48.3449], [11.7177, 48.3447], [11.7174, 48.3445]], [[11.7174, 48.3445], [11.7171, 48.3442], [11.7168, 48.344]], [[11.7168, 48.344], [11.7164, 48.3438], [11.716, 48.3434], [11.7154, 48.3429], [11.7149, 48.3424], [11.7138, 48.3414]], [[11.7138, 48.3414], [11.7122, 48.34]], [[11.7122, 48.34], [11.712, 48.3398], [11.7117, 48.3395]], [[11.7117, 48.3395], [11.711, 48.339]], [[11.711, 48.339], [11.7107, 48.3388], [11.71, 48.3383], [11.7095, 48.338], [11.709, 48.3376], [11.7082, 48.3372], [11.7077, 48.3369], [11.7073, 48.3367], [11.7063, 48.3362], [11.7058, 48.336], [11.7053, 48.3357], [11.7047, 48.3355], [11.7041, 48.3352], [11.7039, 48.3352], [11.7034, 48.335], [11.7026, 48.3347], [11.7021, 48.3345], [11.7017, 48.3344], [11.7013, 48.3342], [11.7009, 48.3341], [11.7003, 48.334], [11.6997, 48.3338], [11.6984, 48.3335], [11.698, 48.3335], [11.6975, 48.3334], [11.696, 48.3332], [11.6951, 48.3331], [11.6942, 48.333], [11.6941, 48.333]], [[11.6941, 48.333], [11.6908, 48.3327], [11.6898, 48.3327], [11.6888, 48.3326], [11.6877, 48.3326], [11.6858, 48.3326], [11.6838, 48.3325], [11.6823, 48.3325], [11.6807, 48.3325], [11.6802, 48.3325], [11.6798, 48.3325], [11.6795, 48.3325], [11.6792, 48.3325], [11.6788, 48.3324], [11.6785, 48.3324], [11.6782, 48.3324], [11.6779, 48.3323]], [[11.6779, 48.3323], [11.6775, 48.3322]], [[11.6775, 48.3322], [11.6771, 48.3322], [11.6769, 48.3321], [11.6766, 48.3321], [11.6763, 48.332], [11.676, 48.3319], [11.6756, 48.3318], [11.6753, 48.3317], [11.675, 48.3316], [11.6747, 48.3315], [11.6743, 48.3313], [11.674, 48.3312], [11.6737, 48.331], [11.6735, 48.3309], [11.6732, 48.3308], [11.673, 48.3306]], [[11.673, 48.3306], [11.6726, 48.3304], [11.6724, 48.3302], [11.6722, 48.3301], [11.672, 48.33], [11.6718, 48.3298], [11.6715, 48.3295], [11.671, 48.3291], [11.6707, 48.3288], [11.67, 48.3282], [11.6696, 48.3277], [11.6693, 48.3275], [11.6689, 48.3271], [11.6684, 48.3267], [11.6676, 48.3259]], [[11.6676, 48.3259], [11.6672, 48.3255], [11.6668, 48.3252]], [[11.6668, 48.3252], [11.6665, 48.3249], [11.6662, 48.3247], [11.6658, 48.3244], [11.6654, 48.3241], [11.6652, 48.3239], [11.6651, 48.3238], [11.6648, 48.3236], [11.6643, 48.3233], [11.6634, 48.3229], [11.6632, 48.3227], [11.6631, 48.3226], [11.6621, 48.3221], [11.6617, 48.3219], [11.6613, 48.3217], [11.6604, 48.3211], [11.6602, 48.3211], [11.6591, 48.3204]], [[11.6591, 48.3204], [11.6583, 48.3201], [11.6581, 48.3199], [11.6576, 48.3197]], [[11.6576, 48.3197], [11.6572, 48.3195], [11.656, 48.3188], [11.6547, 48.318], [11.6541, 48.3177], [11.6537, 48.3175], [11.6534, 48.3173], [11.6524, 48.3169], [11.6519, 48.3166], [11.6516, 48.3165], [11.6514, 48.3164], [11.6509, 48.3162], [11.6504, 48.316], [11.6496, 48.3157], [11.6464, 48.3144], [11.6444, 48.3137], [11.6436, 48.3134], [11.64, 48.312], [11.6378, 48.3111], [11.6358, 48.3104], [11.6349, 48.31]], [[11.6349, 48.31], [11.6327, 48.3092], [11.6318, 48.3088], [11.6306, 48.3084], [11.6302, 48.3082], [11.6294, 48.3079], [11.6277, 48.3072], [11.6271, 48.307], [11.6263, 48.3067], [11.6252, 48.3063], [11.6239, 48.3058], [11.6214, 48.3048], [11.6206, 48.3045], [11.6183, 48.3036]], [[11.6183, 48.3036], [11.6171, 48.3032], [11.6163, 48.3028], [11.6155, 48.3025]], [[11.6155, 48.3025], [11.6152, 48.3024], [11.6012, 48.297], [11.5981, 48.2958], [11.5917, 48.2933], [11.5881, 48.2919], [11.5875, 48.2917], [11.5858, 48.2911]], [[11.5858, 48.2911], [11.5853, 48.2909], [11.5847, 48.2905], [11.5843, 48.2903], [11.5839, 48.2901], [11.5836, 48.2899], [11.5832, 48.2897], [11.5829, 48.2895], [11.5826, 48.2893], [11.5819, 48.2888]], [[11.5819, 48.2888], [11.5815, 48.2885], [11.5811, 48.2883], [11.581, 48.2881], [11.5805, 48.2878], [11.5796, 48.287]], [[11.5796, 48.287], [11.5786, 48.2863], [11.578, 48.2859], [11.5775, 48.2855], [11.5767, 48.2849], [11.5766, 48.2848], [11.5763, 48.2846], [11.576, 48.2843], [11.5756, 48.284], [11.5754, 48.2838], [11.5751, 48.2836], [11.5748, 48.2832], [11.5746, 48.2829], [11.5744, 48.2826], [11.5743, 48.2824], [11.574, 48.282], [11.5737, 48.2815], [11.5733, 48.281], [11.5727, 48.2801]], [[11.5727, 48.2801], [11.5726, 48.2799]], [[11.5726, 48.2799], [11.5719, 48.2787], [11.5718, 48.2786], [11.5694, 48.2749], [11.5693, 48.2748], [11.5686, 48.2737], [11.5681, 48.273], [11.568, 48.2728], [11.5655, 48.2691], [11.5619, 48.2635], [11.5617, 48.2633], [11.561, 48.2621], [11.5606, 48.2616], [11.5603, 48.2611], [11.56, 48.2606], [11.5596, 48.2602]], [[11.556, 48.2545], [11.5566, 48.2555], [11.5569, 48.256], [11.5575, 48.257], [11.5584, 48.2582], [11.5596, 48.2602]], [[11.556, 48.2545], [11.5555, 48.2538], [11.5552, 48.2533], [11.5545, 48.2523], [11.5543, 48.2518], [11.5541, 48.2516], [11.554, 48.2515], [11.5539, 48.2512], [11.5538, 48.251], [11.5537, 48.2509], [11.5537, 48.2508], [11.5537, 48.2507]], [[11.5537, 48.2507], [11.5536, 48.2506]], [[11.5536, 48.2506], [11.5535, 48.2503], [11.5532, 48.2498], [11.5528, 48.249], [11.5528, 48.2489], [11.5526, 48.2485], [11.5525, 48.2483], [11.5522, 48.2477]], [[11.5522, 48.2477], [11.5517, 48.2465], [11.5512, 48.2454], [11.5511, 48.2452], [11.5501, 48.2431], [11.5496, 48.2421], [11.5489, 48.2405]], [[11.5489, 48.2405], [11.5488, 48.2403]], [[11.5488, 48.2403], [11.5476, 48.2377], [11.5473, 48.2371], [11.5456, 48.2334], [11.5455, 48.2332], [11.5437, 48.2293], [11.5435, 48.2288], [11.5431, 48.2281], [11.5428, 48.2274], [11.5425, 48.2265], [11.5423, 48.2256], [11.5421, 48.225], [11.542, 48.2245], [11.542, 48.2243], [11.5419, 48.2238], [11.5418, 48.2231], [11.5417, 48.2226], [11.5417, 48.2225], [11.5416, 48.2214], [11.5416, 48.2212], [11.5415, 48.2203], [11.5415, 48.2197], [11.5415, 48.219], [11.5414, 48.2183], [11.5414, 48.2175], [11.5413, 48.2153]], [[11.5413, 48.2153], [11.5412, 48.2145], [11.5411, 48.2136], [11.5411, 48.2132], [11.5411, 48.2131], [11.5411, 48.2127], [11.5411, 48.2126], [11.541, 48.2119]], [[11.541, 48.2119], [11.541, 48.2116], [11.541, 48.2112], [11.541, 48.2105], [11.541, 48.2103], [11.5409, 48.2101], [11.5409, 48.2099], [11.5409, 48.2098], [11.5408, 48.2095], [11.5408, 48.2093], [11.5407, 48.2091], [11.5407, 48.209], [11.5406, 48.2088], [11.5405, 48.2087], [11.5404, 48.2083], [11.5402, 48.208], [11.54, 48.2078], [11.5399, 48.2076], [11.5398, 48.2075], [11.5397, 48.2073], [11.5395, 48.2071], [11.5394, 48.2069], [11.539, 48.2065], [11.5388, 48.2063], [11.5385, 48.2061], [11.5381, 48.2058], [11.538, 48.2057], [11.5378, 48.2056], [11.5375, 48.2054], [11.5373, 48.2053], [11.5371, 48.2051], [11.537, 48.2051], [11.537, 48.205], [11.5367, 48.2048], [11.5366, 48.2048], [11.5358, 48.2042], [11.5343, 48.2033], [11.5342, 48.2032], [11.534, 48.2031], [11.5322, 48.2019], [11.5304, 48.2008]], [[11.5304, 48.2008], [11.5303, 48.2007]], [[11.5303, 48.2007], [11.5271, 48.1986], [11.5259, 48.1978], [11.525, 48.1973], [11.525, 48.1972], [11.5246, 48.1969], [11.5245, 48.1969], [11.5244, 48.1969], [11.5242, 48.1967], [11.5239, 48.1965], [11.5235, 48.1962], [11.5232, 48.196], [11.523, 48.1958], [11.5229, 48.1958], [11.5227, 48.1956], [11.5225, 48.1954], [11.522, 48.195], [11.5218, 48.1948], [11.5212, 48.1942]], [[11.5212, 48.1942], [11.5211, 48.1942]], [[11.5211, 48.1942], [11.5191, 48.1923]], [[11.5191, 48.1923], [11.5172, 48.1905]], [[11.5172, 48.1905], [11.5104, 48.1842], [11.5103, 48.1841], [11.509, 48.1829], [11.5085, 48.1824], [11.508, 48.182], [11.5067, 48.1808], [11.5059, 48.1801], [11.5052, 48.1794], [11.5044, 48.1786], [11.5035, 48.1779], [11.503, 48.1774], [11.5023, 48.1767], [11.502, 48.1764], [11.5017, 48.1761], [11.5013, 48.1757], [11.501, 48.1755], [11.5003, 48.1748], [11.4996, 48.1742], [11.4995, 48.174], [11.499, 48.1736], [11.4988, 48.1734], [11.4976, 48.1722], [11.4971, 48.1718], [11.4968, 48.1716], [11.4966, 48.1714], [11.4965, 48.1713], [11.4962, 48.1711], [11.4958, 48.1708], [11.4954, 48.1706], [11.4951, 48.1704], [11.4938, 48.1696]], [[11.4938, 48.1696], [11.4937, 48.1695]], [[11.4937, 48.1695], [11.4928, 48.1689], [11.4923, 48.1686], [11.492, 48.1684], [11.4913, 48.168]], [[11.4913, 48.168], [11.4899, 48.1671], [11.4891, 48.1667], [11.4883, 48.1662]], [[11.4883, 48.1662], [11.4881, 48.166]], [[11.4881, 48.166], [11.4873, 48.1655], [11.487, 48.1654], [11.4861, 48.1648], [11.4856, 48.1645], [11.4852, 48.1643], [11.4848, 48.164]], [[11.4848, 48.164], [11.4845, 48.1638]], [[11.4845, 48.1638], [11.4842, 48.1636], [11.4839, 48.1634], [11.4836, 48.1632], [11.4834, 48.1629], [11.4831, 48.1627], [11.483, 48.1625], [11.4828, 48.1623], [11.4826, 48.1621], [11.4823, 48.1617], [11.4821, 48.1615], [11.482, 48.1614]], [[11.482, 48.1614], [11.482, 48.1613], [11.4818, 48.1611], [11.4817, 48.1608], [11.4816, 48.1606], [11.4814, 48.1603], [11.4813, 48.1599], [11.4813, 48.1598], [11.4812, 48.1595]], [[11.4812, 48.1595], [11.4811, 48.1592], [11.4811, 48.1589], [11.481, 48.1586], [11.481, 48.1584], [11.481, 48.1581], [11.481, 48.158]], [[11.481, 48.158], [11.481, 48.1577], [11.4811, 48.1575]], [[11.4811, 48.1575], [11.4811, 48.1573]], [[11.4811, 48.1573], [11.4812, 48.157], [11.4813, 48.1567], [11.4813, 48.1566], [11.4815, 48.1562], [11.4817, 48.1556], [11.4818, 48.1552], [11.482, 48.1549], [11.4821, 48.1546], [11.4823, 48.1544]], [[11.4823, 48.1544], [11.4825, 48.1539], [11.4827, 48.1537]], [[11.4827, 48.1537], [11.4827, 48.1535], [11.4829, 48.1532], [11.4832, 48.1528], [11.4834, 48.1523], [11.4837, 48.152], [11.4838, 48.1518], [11.4839, 48.1516], [11.4841, 48.1514], [11.4843, 48.1511], [11.4844, 48.1509], [11.4848, 48.1505], [11.4855, 48.1498], [11.4861, 48.1493], [11.4866, 48.1487], [11.4872, 48.1483], [11.4874, 48.1481], [11.4875, 48.148], [11.4879, 48.1477], [11.4881, 48.1476], [11.4884, 48.1474], [11.4887, 48.1473], [11.489, 48.1471], [11.4893, 48.147], [11.4896, 48.1469], [11.4899, 48.1468], [11.4901, 48.1467], [11.4905, 48.1466], [11.4909, 48.1465], [11.4914, 48.1463]], [[11.4914, 48.1463], [11.4925, 48.146]], [[11.4925, 48.146], [11.4929, 48.1459], [11.4935, 48.1457], [11.4939, 48.1456], [11.4943, 48.1455], [11.4949, 48.1454], [11.4953, 48.1453], [11.4963, 48.1452], [11.497, 48.1451], [11.4981, 48.1449]], [[11.4981, 48.1449], [11.5003, 48.1447], [11.5016, 48.1445]], [[11.5016, 48.1445], [11.5019, 48.1445], [11.5023, 48.1445], [11.5025, 48.1445], [11.5027, 48.1445], [11.5031, 48.1444], [11.5041, 48.1443], [11.5056, 48.1441], [11.5057, 48.1441], [11.5061, 48.1441], [11.5068, 48.144], [11.5075, 48.1439]], [[11.5075, 48.1439], [11.5076, 48.1439], [11.5098, 48.1436], [11.51, 48.1436], [11.5109, 48.1435], [11.5111, 48.1435], [11.5114, 48.1435]], [[11.5114, 48.1435], [11.5117, 48.1435], [11.5121, 48.1434], [11.5124, 48.1434], [11.5126, 48.1434], [11.5132, 48.1434], [11.5135, 48.1434], [11.5137, 48.1434], [11.5141, 48.1434], [11.5146, 48.1434]], [[11.5146, 48.1434], [11.5149, 48.1434], [11.5158, 48.1435]], [[11.5158, 48.1435], [11.516, 48.1435], [11.5168, 48.1435], [11.5171, 48.1435], [11.5173, 48.1435], [11.5177, 48.1436], [11.5179, 48.1436], [11.5183, 48.1435], [11.5187, 48.1435], [11.5194, 48.1435], [11.5196, 48.1435], [11.5198, 48.1435], [11.52, 48.1435], [11.5209, 48.1434], [11.5211, 48.1434]], [[11.5211, 48.1434], [11.5216, 48.1433], [11.5224, 48.1433], [11.5228, 48.1432], [11.527, 48.1429], [11.5278, 48.1429], [11.5282, 48.1428], [11.5295, 48.1427], [11.5299, 48.1427], [11.5307, 48.1427], [11.531, 48.1427], [11.5314, 48.1427], [11.5319, 48.1427], [11.5323, 48.1427], [11.5327, 48.1427], [11.5329, 48.1427], [11.5337, 48.1427]], [[11.5337, 48.1427], [11.5339, 48.1427], [11.534, 48.1426], [11.5346, 48.1426], [11.535, 48.1426], [11.5352, 48.1426], [11.5353, 48.1426], [11.5356, 48.1426], [11.5358, 48.1426], [11.5365, 48.1426], [11.5368, 48.1426], [11.5372, 48.1426], [11.5375, 48.1427], [11.5377, 48.1426], [11.5379, 48.1426], [11.538, 48.1426], [11.5381, 48.1426], [11.5385, 48.1426], [11.5387, 48.1426], [11.5389, 48.1426]], [[11.5389, 48.1426], [11.5404, 48.1425]], [[11.5404, 48.1425], [11.5405, 48.1425], [11.5408, 48.1425]], [[11.5408, 48.1425], [11.5413, 48.1424], [11.5417, 48.1424], [11.5423, 48.1424], [11.5434, 48.1423], [11.5435, 48.1423], [11.5437, 48.1423], [11.5445, 48.1422]], [[11.5445, 48.1422], [11.5446, 48.1422], [11.545, 48.1422], [11.5453, 48.1422], [11.5467, 48.142], [11.5471, 48.142], [11.5472, 48.142]], [[11.5472, 48.142], [11.5473, 48.142], [11.5477, 48.142], [11.548, 48.1419], [11.5484, 48.1419], [11.5486, 48.1419], [11.5488, 48.1419], [11.5491, 48.1419], [11.5493, 48.1419], [11.5495, 48.1418], [11.5497, 48.1418], [11.5499, 48.1418], [11.55, 48.1418]], [[11.55, 48.1418], [11.5501, 48.1418], [11.5502, 48.1418], [11.5505, 48.1418], [11.5507, 48.1419], [11.551, 48.1419]], [[11.551, 48.1419], [11.5512, 48.1419], [11.5515, 48.1419], [11.5518, 48.1419], [11.552, 48.142], [11.5523, 48.142]], [[11.6009, 48.1256], [11.6011, 48.1256], [11.6014, 48.1257], [11.6018, 48.1257]], [[11.6025, 48.1259], [11.6026, 48.126], [11.6027, 48.126], [11.6029, 48.1261], [11.603, 48.1262], [11.6031, 48.1262]], [[11.6031, 48.1262], [11.6036, 48.1265], [11.6041, 48.1268]], [[11.6041, 48.1268], [11.6043, 48.1269], [11.6053, 48.1276]], [[11.6053, 48.1276], [11.6064, 48.1283]], [[11.6064, 48.1283], [11.6064, 48.1284], [11.6065, 48.1284], [11.607, 48.1288], [11.6076, 48.1291], [11.6082, 48.1295]], [[11.6082, 48.1295], [11.6084, 48.1296], [11.6086, 48.1298]], [[11.6086, 48.1298], [11.609, 48.1301], [11.6093, 48.1303], [11.6096, 48.1305], [11.6101, 48.131], [11.6111, 48.1317]], [[11.6114, 48.132], [11.6111, 48.1317]], [[11.6121, 48.1326], [11.6119, 48.1325], [11.6118, 48.1324], [11.6118, 48.1323], [11.6114, 48.132]], [[11.6126, 48.1329], [11.6124, 48.1328], [11.6121, 48.1326]], [[11.6126, 48.1329], [11.6131, 48.1332], [11.6132, 48.1333], [11.6134, 48.1334], [11.6136, 48.1335], [11.6138, 48.1336], [11.6139, 48.1336], [11.6141, 48.1337], [11.6143, 48.1338], [11.6146, 48.1339], [11.6148, 48.1339], [11.615, 48.134], [11.6151, 48.134], [11.6152, 48.1341], [11.6154, 48.1341]], [[11.7068, 48.3631], [11.7065, 48.3628], [11.7051, 48.3615], [11.7052, 48.3616], [11.7054, 48.3619], [11.7064, 48.3628], [11.7063, 48.3628], [11.7064, 48.3628], [11.7065, 48.3629], [11.7066, 48.363], [11.7068, 48.3632], [11.7068, 48.3631]], [[11.7445, 48.3951], [11.7437, 48.3945], [11.7421, 48.3933], [11.7418, 48.3931]], [[11.7418, 48.3931], [11.741, 48.3925]], [[11.741, 48.3925], [11.74, 48.3918]], [[11.74, 48.3918], [11.7396, 48.3915], [11.7393, 48.3913], [11.7384, 48.3906], [11.7382, 48.3905], [11.7379, 48.3902], [11.737, 48.3895], [11.7363, 48.389], [11.7362, 48.389], [11.7357, 48.3886], [11.7341, 48.3874], [11.7339, 48.3872], [11.7328, 48.3864]], [[11.7328, 48.3864], [11.7327, 48.3863]], [[11.7327, 48.3863], [11.7316, 48.3855], [11.7309, 48.385], [11.7296, 48.384], [11.7291, 48.3836], [11.7281, 48.3829], [11.7272, 48.3822], [11.7267, 48.3818], [11.7262, 48.3814], [11.7253, 48.3806], [11.7251, 48.3804], [11.7244, 48.3798], [11.7241, 48.3795], [11.7232, 48.3786], [11.7228, 48.3783], [11.7227, 48.3782], [11.7226, 48.3781], [11.7226, 48.378], [11.721, 48.3765], [11.7194, 48.375], [11.7178, 48.3735], [11.7171, 48.3728], [11.7161, 48.372], [11.7151, 48.3709], [11.7147, 48.3706], [11.7146, 48.3705], [11.7137, 48.3697], [11.7132, 48.3692], [11.7128, 48.3688], [11.7125, 48.3685], [11.7115, 48.3675], [11.7101, 48.3662], [11.7084, 48.3646], [11.7067, 48.363], [11.7062, 48.3625], [11.706, 48.3623], [11.7057, 48.3621], [11.7055, 48.3619], [11.7051, 48.3615], [11.705, 48.3614], [11.7043, 48.3607], [11.7041, 48.3605], [11.704, 48.3604], [11.7039, 48.3604], [11.7035, 48.36], [11.7029, 48.3594], [11.702, 48.3586], [11.7008, 48.3575], [11.7002, 48.3569], [11.6991, 48.3559], [11.6974, 48.3542], [11.6945, 48.3515], [11.6931, 48.3502], [11.6928, 48.3498], [11.6924, 48.3494]], [[11.6924, 48.3494], [11.692, 48.349], [11.6916, 48.3486], [11.6909, 48.3479]], [[11.6909, 48.3479], [11.6908, 48.3479], [11.6899, 48.3471], [11.6892, 48.3463], [11.6887, 48.3459], [11.6883, 48.3456], [11.6871, 48.3444], [11.6867, 48.3441], [11.6866, 48.344]], [[11.6866, 48.344], [11.6853, 48.3427]], [[11.6853, 48.3427], [11.685, 48.3425], [11.6837, 48.3412], [11.6829, 48.3405]], [[11.6829, 48.3405], [11.6828, 48.3404], [11.682, 48.3396], [11.6811, 48.3388], [11.6807, 48.3384], [11.6805, 48.3382], [11.6789, 48.3367], [11.6779, 48.3358], [11.6772, 48.3352], [11.6756, 48.3336], [11.6754, 48.3334], [11.6747, 48.3328], [11.6743, 48.3324], [11.674, 48.3321], [11.6735, 48.3316], [11.6732, 48.3313], [11.6729, 48.3311], [11.6726, 48.3307], [11.6716, 48.3298], [11.6714, 48.3297], [11.6709, 48.3291], [11.67, 48.3283], [11.6696, 48.3279], [11.6691, 48.3274], [11.6687, 48.327], [11.6685, 48.3268], [11.6678, 48.3262], [11.6676, 48.326], [11.6674, 48.3258], [11.6669, 48.3253], [11.6666, 48.3251], [11.6661, 48.3247], [11.6657, 48.3244], [11.6653, 48.3241], [11.665, 48.3239], [11.6646, 48.3236], [11.6642, 48.3234], [11.6635, 48.323], [11.6634, 48.3229], [11.663, 48.3227], [11.6625, 48.3224], [11.662, 48.3222], [11.6616, 48.322], [11.6613, 48.3217], [11.6604, 48.3213], [11.6601, 48.3211], [11.6596, 48.3208], [11.6594, 48.3207], [11.6583, 48.3201], [11.6576, 48.3197]], [[11.525, 48.1971], [11.5249, 48.1971], [11.527, 48.1985], [11.527, 48.1984], [11.525, 48.1971]], [[11.5574, 48.2564], [11.5585, 48.258], [11.5586, 48.2582], [11.5586, 48.2581], [11.5585, 48.2581], [11.5585, 48.258], [11.5575, 48.2564], [11.5574, 48.2564]], [[11.5682, 48.273], [11.5685, 48.2734], [11.5686, 48.2737], [11.5693, 48.2746], [11.5693, 48.2747], [11.5694, 48.2747], [11.5693, 48.2746], [11.5694, 48.2746], [11.5693, 48.2746], [11.5692, 48.2745], [11.5692, 48.2744], [11.5691, 48.2744], [11.569, 48.2742], [11.569, 48.2741], [11.5689, 48.2741], [11.5689, 48.274], [11.5688, 48.2739], [11.5687, 48.2737], [11.5686, 48.2736], [11.5685, 48.2734], [11.5683, 48.273], [11.5682, 48.273]], [[11.6155, 48.3024], [11.6164, 48.3028], [11.617, 48.303], [11.6177, 48.3033], [11.6182, 48.3034], [11.6181, 48.3035], [11.6177, 48.3033], [11.6173, 48.3032], [11.617, 48.303], [11.6164, 48.3028], [11.6155, 48.3024]], [[11.6632, 48.3226], [11.6625, 48.3222], [11.6624, 48.3222], [11.6617, 48.3218], [11.6617, 48.3217], [11.6611, 48.3214], [11.661, 48.3214], [11.6631, 48.3226], [11.6632, 48.3226]], [[11.6165, 48.1344], [11.6163, 48.1344], [11.616, 48.1343], [11.6157, 48.1342], [11.6155, 48.1342], [11.6153, 48.1341], [11.6152, 48.1341], [11.6148, 48.134], [11.6146, 48.1339], [11.6143, 48.1338], [11.6139, 48.1337], [11.6138, 48.1336], [11.6134, 48.1334], [11.6132, 48.1333], [11.613, 48.1332], [11.6129, 48.1332], [11.6128, 48.1331]], [[11.6074, 48.1293], [11.6076, 48.1294], [11.6079, 48.1296], [11.6082, 48.1298], [11.6084, 48.13], [11.6087, 48.1302], [11.6093, 48.1306], [11.6103, 48.1314], [11.6106, 48.1316], [11.6109, 48.1318], [11.6111, 48.132], [11.6117, 48.1324], [11.6121, 48.1326], [11.6124, 48.1328], [11.6128, 48.1331]], [[11.6074, 48.1293], [11.6072, 48.1291]], [[11.6072, 48.1291], [11.6069, 48.1289], [11.6067, 48.1288], [11.6063, 48.1285], [11.6062, 48.1285]], [[11.6062, 48.1285], [11.6052, 48.1278]], [[11.6052, 48.1278], [11.6041, 48.1271]], [[11.6041, 48.1271], [11.6039, 48.1269], [11.6033, 48.1266]], [[11.6033, 48.1266], [11.6028, 48.1263]], [[11.6028, 48.1263], [11.6026, 48.1262], [11.6024, 48.1261]], [[11.6024, 48.1261], [11.6022, 48.126], [11.6021, 48.126], [11.602, 48.126]], [[11.602, 48.126], [11.6018, 48.1259], [11.6017, 48.1259], [11.6014, 48.1258], [11.6013, 48.1258], [11.6011, 48.1257], [11.6009, 48.1257]], [[11.5523, 48.1421], [11.552, 48.142], [11.5517, 48.142], [11.5515, 48.142], [11.5513, 48.1419], [11.551, 48.1419]], [[11.551, 48.1419], [11.5508, 48.1419], [11.5505, 48.1419], [11.5503, 48.1419], [11.5501, 48.1419], [11.55, 48.1419]], [[11.55, 48.1419], [11.5498, 48.1419], [11.5494, 48.142], [11.5486, 48.142], [11.5484, 48.142]], [[11.5484, 48.142], [11.5482, 48.1421], [11.5475, 48.1421], [11.5472, 48.1421], [11.5471, 48.1421]], [[11.5471, 48.1421], [11.547, 48.1421], [11.545, 48.1423], [11.5447, 48.1423], [11.5446, 48.1423], [11.5441, 48.1424], [11.5432, 48.1424], [11.5417, 48.1425], [11.5408, 48.1426]], [[11.5408, 48.1426], [11.5405, 48.1426], [11.5396, 48.1427], [11.5389, 48.1427]], [[11.5389, 48.1427], [11.5387, 48.1428], [11.5386, 48.1428], [11.5381, 48.1428], [11.538, 48.1428], [11.5377, 48.1428], [11.5372, 48.1428], [11.5368, 48.1428], [11.5365, 48.1428], [11.5358, 48.1428], [11.5355, 48.1428], [11.5353, 48.1428]], [[11.5353, 48.1428], [11.5351, 48.1428], [11.5345, 48.1428], [11.5339, 48.1428], [11.5337, 48.1428], [11.533, 48.1428], [11.5326, 48.1428], [11.5319, 48.1428], [11.5312, 48.1427], [11.5306, 48.1427], [11.5299, 48.1428], [11.5295, 48.1428], [11.5283, 48.1429], [11.5244, 48.1432], [11.5239, 48.1432], [11.5232, 48.1433], [11.5225, 48.1434], [11.5218, 48.1434], [11.5212, 48.1435], [11.5211, 48.1435]], [[11.5211, 48.1435], [11.5209, 48.1435], [11.5202, 48.1436], [11.5199, 48.1436], [11.5196, 48.1436], [11.5195, 48.1436], [11.5192, 48.1436], [11.5191, 48.1436], [11.519, 48.1436], [11.5189, 48.1436], [11.5184, 48.1436], [11.5181, 48.1436], [11.5179, 48.1436], [11.5177, 48.1436], [11.5173, 48.1436], [11.5171, 48.1436], [11.5167, 48.1436], [11.5164, 48.1436], [11.5157, 48.1435]], [[11.5157, 48.1435], [11.5149, 48.1435], [11.5145, 48.1435]], [[11.5145, 48.1435], [11.5141, 48.1435], [11.5137, 48.1434], [11.5132, 48.1434]], [[11.5132, 48.1434], [11.5129, 48.1434], [11.5126, 48.1435], [11.5122, 48.1435], [11.5119, 48.1435], [11.5115, 48.1436], [11.5109, 48.1437], [11.5105, 48.1438], [11.51, 48.1439], [11.5097, 48.144], [11.5094, 48.144], [11.5091, 48.144], [11.5087, 48.1441], [11.5083, 48.1441], [11.5078, 48.1442], [11.5071, 48.1442], [11.5066, 48.1443], [11.5058, 48.1443], [11.5056, 48.1444], [11.505, 48.1444], [11.5045, 48.1445], [11.5044, 48.1445], [11.5043, 48.1445], [11.5037, 48.1446], [11.503, 48.1446], [11.5027, 48.1447], [11.5026, 48.1447], [11.5023, 48.1447], [11.5017, 48.1448], [11.5016, 48.1448], [11.5015, 48.1448], [11.5014, 48.1448]], [[11.5014, 48.1448], [11.5012, 48.1448], [11.5009, 48.1448], [11.5008, 48.1448], [11.5006, 48.1448], [11.5004, 48.1448], [11.5001, 48.1448], [11.4999, 48.1448], [11.4997, 48.1448], [11.4995, 48.1448], [11.4992, 48.1448], [11.499, 48.1448]], [[11.499, 48.1448], [11.4985, 48.1449]], [[11.4985, 48.1449], [11.4981, 48.1449], [11.4975, 48.145], [11.497, 48.1451], [11.4968, 48.1451], [11.4963, 48.1452], [11.4953, 48.1454], [11.4949, 48.1454], [11.4943, 48.1456], [11.4939, 48.1457], [11.4936, 48.1457], [11.4934, 48.1457], [11.4929, 48.1459], [11.4925, 48.146]], [[11.4925, 48.146], [11.4914, 48.1464]], [[11.4914, 48.1464], [11.4909, 48.1465], [11.4903, 48.1468], [11.49, 48.147], [11.4898, 48.147], [11.4894, 48.1472], [11.489, 48.1474], [11.4886, 48.1476], [11.4884, 48.1477], [11.4883, 48.1478], [11.488, 48.148], [11.4877, 48.1482], [11.4873, 48.1484], [11.4872, 48.1485], [11.4868, 48.1488], [11.4865, 48.1491], [11.4862, 48.1493], [11.4859, 48.1496], [11.4856, 48.1499], [11.4849, 48.1506], [11.4845, 48.1509], [11.4842, 48.1513], [11.4839, 48.1517], [11.4838, 48.1519], [11.4836, 48.1521], [11.4834, 48.1524], [11.4832, 48.1529], [11.483, 48.1532], [11.4828, 48.1535], [11.4827, 48.1537]], [[11.4827, 48.1537], [11.4826, 48.1539], [11.4823, 48.1544]], [[11.4823, 48.1544], [11.4821, 48.1547], [11.482, 48.1551], [11.4818, 48.1554], [11.4817, 48.1558], [11.4815, 48.1562], [11.4814, 48.1566], [11.4813, 48.1568], [11.4813, 48.157], [11.4812, 48.1571], [11.4812, 48.1573]], [[11.4812, 48.1573], [11.4812, 48.1575]], [[11.4811, 48.1583], [11.4811, 48.1578], [11.4812, 48.1576], [11.4812, 48.1575]], [[11.4811, 48.1583], [11.4811, 48.1584], [11.4811, 48.1586], [11.4811, 48.1589], [11.4812, 48.1592], [11.4812, 48.1595]], [[11.4812, 48.1595], [11.4813, 48.1597], [11.4814, 48.1599], [11.4815, 48.1603], [11.4816, 48.1606], [11.4818, 48.1608], [11.4819, 48.1611], [11.482, 48.1613], [11.4821, 48.1614]], [[11.4821, 48.1614], [11.4822, 48.1615], [11.4823, 48.1617], [11.4826, 48.1621], [11.4828, 48.1623], [11.483, 48.1625], [11.4832, 48.1627], [11.4834, 48.1629], [11.4837, 48.1631], [11.484, 48.1634], [11.4843, 48.1636], [11.4845, 48.1638]], [[11.4845, 48.1638], [11.4849, 48.164]], [[11.4849, 48.164], [11.4853, 48.1643], [11.4857, 48.1645], [11.4861, 48.1648], [11.4871, 48.1654], [11.4873, 48.1655], [11.4881, 48.166]], [[11.4881, 48.166], [11.4884, 48.1662]], [[11.4884, 48.1662], [11.4892, 48.1666], [11.4899, 48.1671], [11.4913, 48.168]], [[11.4913, 48.168], [11.4914, 48.168]], [[11.4914, 48.168], [11.4923, 48.1686], [11.4928, 48.1689], [11.4937, 48.1695]], [[11.4937, 48.1695], [11.4938, 48.1695]], [[11.4938, 48.1695], [11.4952, 48.1704], [11.4955, 48.1706], [11.4959, 48.1708], [11.4962, 48.1711], [11.4965, 48.1713], [11.4967, 48.1714], [11.4968, 48.1715], [11.4971, 48.1718], [11.4976, 48.1722], [11.4995, 48.174], [11.4998, 48.1742], [11.5004, 48.1748], [11.5007, 48.1751], [11.501, 48.1754], [11.5013, 48.1757], [11.5018, 48.1761], [11.502, 48.1763], [11.5021, 48.1764], [11.5031, 48.1774], [11.5036, 48.1778], [11.5044, 48.1786], [11.5053, 48.1794], [11.506, 48.1801], [11.5068, 48.1808], [11.507, 48.181], [11.5081, 48.182], [11.5084, 48.1823], [11.5086, 48.1824], [11.5103, 48.184], [11.5105, 48.1842], [11.512, 48.1856], [11.5136, 48.1872], [11.5137, 48.1872], [11.515, 48.1884], [11.516, 48.1894], [11.5172, 48.1905]], [[11.5172, 48.1905], [11.5192, 48.1923]], [[11.5192, 48.1923], [11.5211, 48.1941], [11.5212, 48.1942]], [[11.5212, 48.1942], [11.5218, 48.1948], [11.5221, 48.195], [11.5225, 48.1954], [11.5228, 48.1956], [11.5229, 48.1957], [11.523, 48.1958], [11.5233, 48.196], [11.5235, 48.1962], [11.5239, 48.1965], [11.5243, 48.1967], [11.5245, 48.1968], [11.5245, 48.1969], [11.5246, 48.1969], [11.525, 48.1972], [11.5256, 48.1976], [11.5259, 48.1978], [11.5264, 48.1981], [11.5269, 48.1984], [11.5272, 48.1986], [11.5281, 48.1992], [11.5283, 48.1994], [11.5303, 48.2007]], [[11.5303, 48.2007], [11.5304, 48.2007]], [[11.5304, 48.2007], [11.5305, 48.2008], [11.5322, 48.2019], [11.5326, 48.2021], [11.5342, 48.2032], [11.5346, 48.2034], [11.5355, 48.2041], [11.5365, 48.2047], [11.537, 48.205], [11.5371, 48.205], [11.5371, 48.2051], [11.5374, 48.2052], [11.5376, 48.2054], [11.5378, 48.2055], [11.538, 48.2057], [11.5382, 48.2058]], [[11.5382, 48.2058], [11.5384, 48.2059], [11.5385, 48.2061], [11.5388, 48.2063], [11.539, 48.2065], [11.5392, 48.2067], [11.5393, 48.2068], [11.5394, 48.2069], [11.5396, 48.2071], [11.5397, 48.2072], [11.5397, 48.2073], [11.5399, 48.2074], [11.54, 48.2076], [11.5401, 48.2077], [11.5403, 48.208], [11.5404, 48.2083], [11.5406, 48.2087], [11.5406, 48.2088], [11.5407, 48.209], [11.5408, 48.2091], [11.5408, 48.2093], [11.5409, 48.2095], [11.541, 48.2098], [11.541, 48.2099], [11.541, 48.2101], [11.5411, 48.2103], [11.5411, 48.2105]], [[11.5411, 48.2105], [11.5411, 48.2107], [11.5411, 48.2108]], [[11.5411, 48.2108], [11.5411, 48.2111], [11.5412, 48.2113], [11.5412, 48.2119], [11.5413, 48.2124]], [[11.5413, 48.2124], [11.5413, 48.2126], [11.5413, 48.2136], [11.5414, 48.2145]], [[11.5414, 48.2145], [11.5414, 48.2153], [11.5415, 48.2168], [11.5415, 48.2171], [11.5416, 48.219], [11.5416, 48.2195], [11.5417, 48.2203], [11.5417, 48.2204], [11.5417, 48.2211], [11.5417, 48.2214], [11.5417, 48.2216], [11.5417, 48.2217], [11.5418, 48.2225], [11.5419, 48.2231], [11.542, 48.2238], [11.542, 48.2242], [11.5421, 48.2245], [11.5422, 48.2251], [11.5423, 48.2256], [11.5426, 48.2265], [11.5427, 48.2269], [11.5429, 48.2273], [11.5429, 48.2274], [11.5432, 48.2281], [11.5434, 48.2286], [11.5437, 48.2293], [11.5443, 48.2305], [11.5449, 48.2318], [11.5455, 48.2332], [11.5456, 48.2334], [11.5458, 48.2338], [11.5464, 48.2351], [11.5473, 48.237], [11.5476, 48.2377], [11.5483, 48.239], [11.5489, 48.2403]], [[11.5489, 48.2403], [11.5489, 48.2405]], [[11.5489, 48.2405], [11.5491, 48.2409], [11.5497, 48.2421], [11.5502, 48.2431], [11.5507, 48.2442], [11.5512, 48.2454], [11.5513, 48.2456], [11.5514, 48.2457], [11.5518, 48.2465], [11.5522, 48.2475], [11.5523, 48.2477]], [[11.5523, 48.2477], [11.5527, 48.2485], [11.5529, 48.2489], [11.5529, 48.249], [11.553, 48.2492], [11.5533, 48.2499], [11.5535, 48.2503]], [[11.5535, 48.2503], [11.5537, 48.2506]], [[11.5537, 48.2506], [11.5537, 48.2507]], [[11.5537, 48.2507], [11.5537, 48.2508], [11.5538, 48.2508], [11.5538, 48.251], [11.554, 48.2512], [11.5541, 48.2514], [11.5542, 48.2516], [11.5543, 48.2518], [11.5546, 48.2522], [11.555, 48.2528]], [[11.555, 48.2528], [11.5553, 48.2533], [11.5556, 48.2537], [11.556, 48.2543], [11.5564, 48.2549]], [[11.5564, 48.2549], [11.5572, 48.2561], [11.5574, 48.2563], [11.5577, 48.2569], [11.5586, 48.2582], [11.5587, 48.2584], [11.5592, 48.2592]], [[11.5592, 48.2592], [11.5601, 48.2606], [11.5603, 48.2609], [11.5604, 48.2611], [11.5607, 48.2616], [11.561, 48.2621], [11.5618, 48.2633], [11.5619, 48.2634], [11.5627, 48.2647], [11.5654, 48.2688], [11.5656, 48.2691], [11.5667, 48.2707], [11.5678, 48.2725], [11.5679, 48.2726], [11.568, 48.2728], [11.5682, 48.273], [11.5686, 48.2737], [11.5693, 48.2747], [11.5694, 48.2749], [11.5718, 48.2786], [11.5719, 48.2787], [11.5727, 48.2799]], [[11.5727, 48.2799], [11.5728, 48.2801]], [[11.5728, 48.2801], [11.573, 48.2804], [11.5735, 48.2811]], [[11.5735, 48.2811], [11.5736, 48.2813], [11.5737, 48.2815]], [[11.5737, 48.2815], [11.574, 48.2819], [11.5743, 48.2823], [11.5745, 48.2826], [11.5747, 48.283], [11.5749, 48.2833], [11.5752, 48.2835], [11.5755, 48.2838], [11.5758, 48.2841], [11.5767, 48.2848], [11.5769, 48.285], [11.5773, 48.2853], [11.5775, 48.2854], [11.5779, 48.2858], [11.5791, 48.2866]], [[11.5791, 48.2866], [11.5806, 48.2877], [11.5808, 48.2879], [11.5812, 48.2882], [11.582, 48.2887]], [[11.582, 48.2887], [11.5822, 48.2889]], [[11.5822, 48.2889], [11.5827, 48.2893], [11.5829, 48.2894], [11.5833, 48.2897], [11.5837, 48.2899], [11.584, 48.2901], [11.5843, 48.2903], [11.5847, 48.2905], [11.5854, 48.2908], [11.5859, 48.291], [11.5875, 48.2917], [11.5881, 48.2919], [11.5953, 48.2947], [11.5981, 48.2958], [11.6012, 48.297], [11.6032, 48.2977], [11.6071, 48.2992], [11.6155, 48.3025]], [[11.6155, 48.3025], [11.6163, 48.3028], [11.6173, 48.3032], [11.6183, 48.3036]], [[11.6183, 48.3036], [11.6207, 48.3045], [11.6215, 48.3048], [11.624, 48.3058], [11.6254, 48.3063], [11.6265, 48.3067], [11.6278, 48.3072], [11.6295, 48.3079], [11.6302, 48.3082], [11.6319, 48.3088], [11.6328, 48.3092], [11.6357, 48.3103], [11.6358, 48.3103], [11.6359, 48.3104]], [[11.6359, 48.3104], [11.6379, 48.3111], [11.6401, 48.312], [11.6437, 48.3133], [11.6444, 48.3136], [11.6464, 48.3144], [11.6496, 48.3156], [11.6504, 48.3159], [11.651, 48.3162], [11.6514, 48.3164], [11.6517, 48.3165], [11.652, 48.3166], [11.6525, 48.3168], [11.6534, 48.3173], [11.6537, 48.3175], [11.6548, 48.318], [11.6558, 48.3186], [11.6565, 48.319]], [[11.6565, 48.319], [11.6572, 48.3193], [11.6574, 48.3195], [11.658, 48.3198]], [[11.658, 48.3198], [11.6581, 48.3198], [11.6591, 48.3204], [11.6618, 48.3219], [11.6631, 48.3226], [11.6632, 48.3227], [11.6643, 48.3233], [11.6645, 48.3234], [11.6648, 48.3236], [11.6651, 48.3238], [11.6653, 48.3239], [11.6655, 48.324], [11.6659, 48.3244], [11.6663, 48.3246], [11.6666, 48.3249], [11.6667, 48.325]], [[11.6667, 48.325], [11.6672, 48.3254], [11.6675, 48.3257], [11.6683, 48.3264], [11.669, 48.3269], [11.6692, 48.3271], [11.6696, 48.3274], [11.67, 48.3278], [11.6704, 48.3281], [11.6711, 48.3287], [11.6715, 48.3291], [11.6719, 48.3294], [11.6722, 48.3296], [11.6725, 48.3299], [11.6729, 48.3301], [11.6732, 48.3304], [11.6735, 48.3306], [11.6737, 48.3307], [11.6739, 48.3308], [11.674, 48.3309], [11.6743, 48.331], [11.6745, 48.3311], [11.6748, 48.3313], [11.675, 48.3314], [11.6752, 48.3315], [11.6755, 48.3316], [11.6757, 48.3317], [11.6759, 48.3317], [11.6762, 48.3318], [11.6765, 48.3319], [11.6768, 48.332], [11.6772, 48.3321], [11.6775, 48.3322]], [[11.6775, 48.3322], [11.678, 48.3322]], [[11.678, 48.3322], [11.6782, 48.3323], [11.6785, 48.3323], [11.6788, 48.3324], [11.6792, 48.3324], [11.6795, 48.3324], [11.6798, 48.3324], [11.6802, 48.3325], [11.6812, 48.3325], [11.6824, 48.3324], [11.6839, 48.3324], [11.6858, 48.3324], [11.6878, 48.3324], [11.6888, 48.3324], [11.6892, 48.3324], [11.6901, 48.3325], [11.6912, 48.3326], [11.6926, 48.3327], [11.6941, 48.3329]], [[11.6941, 48.3329], [11.6943, 48.3329], [11.6947, 48.3329], [11.6953, 48.333], [11.6966, 48.3332], [11.698, 48.3334], [11.6985, 48.3335], [11.6998, 48.3338], [11.7003, 48.3339], [11.7009, 48.3341], [11.7013, 48.3342], [11.7017, 48.3343], [11.7021, 48.3345], [11.7026, 48.3346], [11.7034, 48.3349], [11.704, 48.3351], [11.7041, 48.3352], [11.7047, 48.3355], [11.7053, 48.3357], [11.7058, 48.3359], [11.7063, 48.3362], [11.7073, 48.3366], [11.7077, 48.3369], [11.7082, 48.3371], [11.709, 48.3376], [11.7095, 48.3379], [11.7101, 48.3383], [11.7108, 48.3388], [11.7111, 48.339]], [[11.7111, 48.339], [11.7117, 48.3395]], [[11.7117, 48.3395], [11.712, 48.3397], [11.7122, 48.3399], [11.7123, 48.34]], [[11.7123, 48.34], [11.7137, 48.3413]], [[11.7137, 48.3413], [11.7138, 48.3414], [11.7149, 48.3424], [11.7155, 48.3429], [11.7161, 48.3434], [11.7165, 48.3437], [11.7168, 48.344]], [[11.7168, 48.344], [11.7171, 48.3442], [11.7174, 48.3444]], [[11.7174, 48.3444], [11.7178, 48.3447], [11.7181, 48.3449], [11.7185, 48.3452], [11.7189, 48.3454], [11.7193, 48.3457], [11.7197, 48.3459], [11.7202, 48.3462], [11.7206, 48.3464], [11.7214, 48.3468], [11.7219, 48.347], [11.7222, 48.3471], [11.7254, 48.3485]], [[11.7254, 48.3485], [11.7259, 48.3487], [11.7264, 48.3489], [11.7268, 48.3491], [11.7272, 48.3492], [11.7274, 48.3493], [11.7276, 48.3493], [11.7282, 48.3495]], [[11.7282, 48.3495], [11.7286, 48.3496], [11.729, 48.3497], [11.7294, 48.3498], [11.7305, 48.3499], [11.731, 48.35], [11.7314, 48.35], [11.7319, 48.3501], [11.7323, 48.3501], [11.7327, 48.3501], [11.7332, 48.3501], [11.7336, 48.3501], [11.734, 48.3501], [11.7342, 48.3501]], [[11.7342, 48.3501], [11.7355, 48.3501], [11.7359, 48.3501]], [[11.7359, 48.3501], [11.7363, 48.3501]], [[11.7363, 48.3501], [11.7377, 48.3501], [11.7385, 48.3501], [11.739, 48.3501], [11.7394, 48.3502], [11.7396, 48.3502]], [[11.7396, 48.3502], [11.7412, 48.3503], [11.7426, 48.3504]], [[11.7426, 48.3504], [11.7429, 48.3504]], [[11.7429, 48.3504], [11.7433, 48.3505]], [[11.7433, 48.3505], [11.7447, 48.3506], [11.7449, 48.3506], [11.7463, 48.3507], [11.7468, 48.3507], [11.7492, 48.3509], [11.75, 48.351], [11.7512, 48.3511], [11.7522, 48.3512], [11.7548, 48.3514], [11.7576, 48.3516], [11.759, 48.3517], [11.76, 48.3518], [11.7627, 48.352], [11.7641, 48.3521], [11.7658, 48.3522]], [[11.7658, 48.3522], [11.7682, 48.3524], [11.7705, 48.3526]], [[11.7759, 48.353], [11.7829, 48.3535], [11.7831, 48.3535], [11.7846, 48.3536], [11.7847, 48.3536], [11.7861, 48.3537]], [[11.7091, 48.3652], [11.7082, 48.3643], [11.7082, 48.3642], [11.7076, 48.3637], [11.7075, 48.3636], [11.7075, 48.3637], [11.7091, 48.3652]], [[11.6667, 48.325], [11.6669, 48.3252], [11.6673, 48.3256], [11.6675, 48.3257], [11.6677, 48.3259]], [[11.6677, 48.3259], [11.6683, 48.3264], [11.6689, 48.3269], [11.6692, 48.3272], [11.6695, 48.3275], [11.6699, 48.3278], [11.6704, 48.3282], [11.6706, 48.3284], [11.6708, 48.3286], [11.6714, 48.3292], [11.6719, 48.3297]], [[11.6719, 48.3297], [11.6722, 48.3301], [11.6725, 48.3304]], [[11.6725, 48.3304], [11.6726, 48.3305], [11.6732, 48.3312], [11.6734, 48.3314], [11.6737, 48.3317], [11.674, 48.3319], [11.6742, 48.3322], [11.6744, 48.3324], [11.6748, 48.3328], [11.6754, 48.3334], [11.6755, 48.3334], [11.6756, 48.3335], [11.6773, 48.3351], [11.6778, 48.3356], [11.6787, 48.3363], [11.68, 48.3375], [11.6812, 48.3386], [11.6816, 48.339], [11.683, 48.3403], [11.6854, 48.3426], [11.6868, 48.3439]], [[11.6868, 48.3439], [11.6883, 48.3455], [11.6891, 48.3462], [11.6899, 48.347], [11.6901, 48.3471], [11.6909, 48.3479], [11.6916, 48.3486], [11.6924, 48.3494], [11.6932, 48.3502], [11.6959, 48.3527], [11.6964, 48.3532], [11.7002, 48.3568], [11.7029, 48.3594], [11.7035, 48.3599], [11.704, 48.3604], [11.7041, 48.3605], [11.7051, 48.3614], [11.7061, 48.3623], [11.7083, 48.3645], [11.7114, 48.3674], [11.7126, 48.3685], [11.7138, 48.3696], [11.7145, 48.3703], [11.7151, 48.3709], [11.7171, 48.3728], [11.7192, 48.3747], [11.7226, 48.378], [11.7228, 48.3781], [11.7245, 48.3797], [11.7251, 48.3804], [11.7253, 48.3805], [11.7262, 48.3813], [11.7267, 48.3817], [11.7274, 48.3823], [11.7281, 48.3829], [11.7296, 48.3839], [11.7327, 48.3863]], [[11.7328, 48.3864], [11.7339, 48.3872], [11.7341, 48.3874], [11.7342, 48.3875], [11.7362, 48.3889], [11.7364, 48.389], [11.737, 48.3895], [11.7379, 48.3901], [11.7381, 48.3903], [11.7393, 48.3912], [11.7395, 48.3914], [11.7396, 48.3914], [11.7402, 48.3919], [11.7411, 48.3925]], [[11.7411, 48.3925], [11.7417, 48.393], [11.7419, 48.3931], [11.7423, 48.3934], [11.7431, 48.3939], [11.7437, 48.3943], [11.7439, 48.3944], [11.7442, 48.3947], [11.7446, 48.395]]]}, "properties": {"ref": "S1", "opened_year": 1972, "is_central_tunnel": false, "segment_count": 219}}, {"type": "Feature", "geometry": {"type": "MultiLineString", "coordinates": [[[11.5608, 48.141], [11.5599, 48.1412], [11.5595, 48.1413], [11.5588, 48.1414], [11.5582, 48.1416], [11.5596, 48.1413], [11.56, 48.1412], [11.5608, 48.141], [11.5611, 48.141], [11.5611, 48.1409], [11.561, 48.1409], [11.5609, 48.141], [11.5608, 48.141]], [[11.5823, 48.1348], [11.5822, 48.1348], [11.5824, 48.1347], [11.5825, 48.1346], [11.5831, 48.1342], [11.5838, 48.1337], [11.584, 48.1336], [11.5842, 48.1335], [11.5843, 48.1335], [11.5841, 48.1337], [11.5839, 48.1338], [11.5832, 48.1342], [11.5825, 48.1346], [11.5824, 48.1347], [11.5823, 48.1348]], [[11.592, 48.13], [11.5936, 48.1289], [11.5938, 48.1288], [11.594, 48.1287], [11.5939, 48.1286], [11.5937, 48.1287], [11.5936, 48.1288], [11.5935, 48.1288], [11.5935, 48.1289], [11.5919, 48.1299], [11.592, 48.13]], [[11.5523, 48.142], [11.5531, 48.1422], [11.5535, 48.1422], [11.5539, 48.1423], [11.5542, 48.1423], [11.5544, 48.1423], [11.5547, 48.1423], [11.5551, 48.1422], [11.5553, 48.1422], [11.5557, 48.1422], [11.5561, 48.1421], [11.5566, 48.142], [11.5569, 48.1419], [11.5571, 48.1419], [11.5575, 48.1418], [11.5577, 48.1417], [11.5583, 48.1416], [11.559, 48.1415], [11.559, 48.1414]], [[11.559, 48.1414], [11.5591, 48.1414]], [[11.5591, 48.1414], [11.5598, 48.1413], [11.5602, 48.1412], [11.5611, 48.141], [11.5619, 48.1408]], [[11.5619, 48.1408], [11.5639, 48.1402], [11.5644, 48.14], [11.5647, 48.1399], [11.5647, 48.1398], [11.5651, 48.1397], [11.5652, 48.1397], [11.5657, 48.1394], [11.5658, 48.1393], [11.5661, 48.1392], [11.5663, 48.1391], [11.5666, 48.139], [11.5672, 48.1388], [11.5678, 48.1387], [11.5684, 48.1386], [11.5691, 48.1385], [11.5702, 48.1384], [11.5707, 48.1383]], [[11.5707, 48.1383], [11.5713, 48.1382], [11.572, 48.138], [11.5726, 48.1378], [11.5732, 48.1376], [11.5733, 48.1376], [11.5756, 48.1371], [11.5759, 48.137], [11.5764, 48.1368], [11.5775, 48.1364], [11.5778, 48.1363], [11.5782, 48.1362], [11.58, 48.1358]], [[11.58, 48.1358], [11.5806, 48.1356], [11.581, 48.1354], [11.5812, 48.1353], [11.5815, 48.1352], [11.5818, 48.135], [11.5822, 48.1348], [11.5831, 48.1341], [11.5842, 48.1335], [11.5844, 48.1333], [11.5847, 48.1332], [11.5851, 48.133], [11.5855, 48.1328], [11.5864, 48.1324], [11.5867, 48.1323], [11.5882, 48.132], [11.5884, 48.1319], [11.5888, 48.1318], [11.5894, 48.1315], [11.59, 48.1312], [11.5906, 48.1308], [11.5918, 48.1299], [11.5919, 48.1299], [11.593, 48.1291], [11.5937, 48.1287], [11.5939, 48.1286], [11.5939, 48.1285], [11.5952, 48.1278], [11.5978, 48.1262], [11.5983, 48.126], [11.5985, 48.1259], [11.5989, 48.1258], [11.5993, 48.1257], [11.5997, 48.1256], [11.6002, 48.1256], [11.6004, 48.1256], [11.6006, 48.1256], [11.6009, 48.1256]], [[11.6018, 48.1257], [11.602, 48.1258], [11.6023, 48.1259], [11.6025, 48.1259]], [[11.6009, 48.1257], [11.6006, 48.1257], [11.6002, 48.1257], [11.5998, 48.1257], [11.5993, 48.1257], [11.5989, 48.1258], [11.5984, 48.126], [11.5978, 48.1263], [11.5946, 48.1282], [11.5944, 48.1284], [11.5941, 48.1286], [11.594, 48.1287], [11.5938, 48.1288], [11.5934, 48.129], [11.5931, 48.1292], [11.5927, 48.1295], [11.592, 48.13], [11.5907, 48.1308], [11.59, 48.1313], [11.5895, 48.1316], [11.5889, 48.1318], [11.5885, 48.132], [11.5868, 48.1324], [11.5865, 48.1325], [11.5856, 48.1329], [11.585, 48.1332], [11.5848, 48.1333], [11.5843, 48.1335], [11.5837, 48.1339], [11.5832, 48.1342], [11.583, 48.1344], [11.5823, 48.1348], [11.5819, 48.1351], [11.5817, 48.1352], [11.5814, 48.1353], [11.5811, 48.1355], [11.5806, 48.1356], [11.58, 48.1358]], [[11.58, 48.1358], [11.5782, 48.1363], [11.5776, 48.1365], [11.5767, 48.1368], [11.5765, 48.1369], [11.576, 48.137], [11.5756, 48.1371], [11.5749, 48.1373], [11.5742, 48.1374], [11.5733, 48.1376], [11.5727, 48.1378], [11.572, 48.138], [11.5714, 48.1382], [11.5707, 48.1383]], [[11.5707, 48.1383], [11.5702, 48.1384], [11.5691, 48.1385], [11.5684, 48.1386], [11.5678, 48.1387], [11.5672, 48.1389], [11.5669, 48.139], [11.5667, 48.1391], [11.5666, 48.1391], [11.5664, 48.1392], [11.5663, 48.1392], [11.5661, 48.1393], [11.566, 48.1394], [11.5659, 48.1394], [11.5658, 48.1395], [11.5657, 48.1396], [11.5654, 48.1397], [11.5653, 48.1397], [11.5652, 48.1398], [11.565, 48.1399], [11.5647, 48.14], [11.5643, 48.1401], [11.5639, 48.1402], [11.5619, 48.1409]], [[11.5619, 48.1409], [11.5612, 48.141], [11.5612, 48.1411], [11.5611, 48.1411], [11.5605, 48.1412], [11.5602, 48.1413], [11.5597, 48.1414]], [[11.5597, 48.1414], [11.5595, 48.1414], [11.5592, 48.1415]], [[11.5592, 48.1415], [11.5591, 48.1415]], [[11.5591, 48.1415], [11.5583, 48.1417], [11.5579, 48.1418], [11.5576, 48.1419], [11.5571, 48.142], [11.5568, 48.142], [11.5565, 48.142], [11.5563, 48.1421], [11.5561, 48.1421], [11.5557, 48.1422], [11.5554, 48.1423], [11.5551, 48.1423], [11.5547, 48.1423], [11.5545, 48.1423], [11.5542, 48.1423], [11.5539, 48.1423], [11.5535, 48.1423], [11.5534, 48.1423], [11.553, 48.1422], [11.5528, 48.1422], [11.5523, 48.1421]]]}, "properties": {"ref": "S1", "opened_year": 1972, "is_central_tunnel": true, "segment_count": 17}}, {"type": "Feature", "geometry": {"type": "MultiLineString", "coordinates": [[[11.9126, 48.3038], [11.9121, 48.3033], [11.9115, 48.3028], [11.9114, 48.3028], [11.9121, 48.3034], [11.9126, 48.3038]], [[11.9016, 48.2935], [11.9017, 48.2937], [11.9017, 48.2938], [11.9021, 48.2944], [11.9022, 48.2944], [11.9021, 48.2945], [11.9022, 48.2945], [11.9023, 48.2947], [11.9024, 48.2947], [11.9023, 48.2945], [11.9022, 48.2944], [11.9016, 48.2935]], [[11.8937, 48.2736], [11.8942, 48.2743], [11.8943, 48.2744], [11.8943, 48.2745], [11.8945, 48.2747], [11.8945, 48.2748], [11.8945, 48.2747], [11.8944, 48.2745], [11.8942, 48.2743], [11.8938, 48.2736], [11.8937, 48.2736]], [[11.8828, 48.2441], [11.8828, 48.244], [11.8828, 48.2439], [11.883, 48.2427], [11.8831, 48.2427], [11.8829, 48.2441], [11.8828, 48.2441]], [[11.8087, 48.1712], [11.8088, 48.1712], [11.8094, 48.1713], [11.8098, 48.1714], [11.8099, 48.1715], [11.8107, 48.1717], [11.8113, 48.1718], [11.8087, 48.1711], [11.8087, 48.1712]], [[11.7839, 48.1649], [11.7826, 48.1646], [11.7825, 48.1646], [11.7823, 48.1645], [11.7818, 48.1644], [11.7817, 48.1644], [11.7814, 48.1643], [11.7813, 48.1643], [11.7812, 48.1643], [11.7813, 48.1642], [11.7814, 48.1643], [11.7823, 48.1645], [11.7839, 48.1649]], [[11.7607, 48.1591], [11.758, 48.1584], [11.7579, 48.1584], [11.758, 48.1584], [11.7586, 48.1586], [11.7589, 48.1586], [11.7589, 48.1587], [11.759, 48.1587], [11.7596, 48.1588], [11.7596, 48.1589], [11.7597, 48.1589], [11.7598, 48.1589], [11.7599, 48.1589], [11.76, 48.1589], [11.7601, 48.159], [11.7604, 48.159], [11.7607, 48.1591]], [[11.6764, 48.1439], [11.6764, 48.1438], [11.6792, 48.1442], [11.6791, 48.1442], [11.6764, 48.1439]], [[11.5181, 48.1436], [11.5183, 48.1436], [11.5188, 48.1435], [11.519, 48.1435], [11.5192, 48.1435], [11.5195, 48.1435], [11.5199, 48.1435], [11.5209, 48.1434], [11.5209, 48.1435], [11.5199, 48.1436], [11.5197, 48.1436], [11.5195, 48.1436], [11.5192, 48.1436], [11.519, 48.1436], [11.5188, 48.1436], [11.5184, 48.1436], [11.5181, 48.1436]], [[11.4446, 48.3348], [11.4445, 48.3348], [11.4446, 48.3329], [11.4447, 48.3329], [11.4446, 48.3348]], [[11.4448, 48.3605], [11.4451, 48.3613], [11.4452, 48.3616], [11.4455, 48.3623], [11.4456, 48.3623], [11.4448, 48.3604], [11.4448, 48.3605]], [[11.4689, 48.4129], [11.47, 48.4137], [11.4708, 48.4143], [11.4708, 48.4144], [11.4706, 48.4142], [11.4705, 48.4142], [11.4699, 48.4137], [11.469, 48.413], [11.4689, 48.4129]], [[11.9105, 48.302], [11.9108, 48.3023], [11.9109, 48.3024], [11.9111, 48.3025], [11.9114, 48.3028], [11.9121, 48.3034]], [[11.9099, 48.3015], [11.9105, 48.302]], [[11.9089, 48.3007], [11.909, 48.3007], [11.9092, 48.3009], [11.9096, 48.3012], [11.9096, 48.3013], [11.9098, 48.3014], [11.9099, 48.3015]], [[11.9062, 48.2984], [11.9069, 48.299], [11.9075, 48.2994], [11.9076, 48.2995], [11.9089, 48.3006], [11.9089, 48.3007]], [[11.9059, 48.2981], [11.9062, 48.2984]], [[11.9057, 48.2979], [11.9058, 48.298], [11.9059, 48.2981]], [[11.9057, 48.2979], [11.9051, 48.2974], [11.9047, 48.2971], [11.9043, 48.2968], [11.904, 48.2965], [11.9037, 48.2963], [11.9037, 48.2962], [11.9035, 48.296]], [[11.9035, 48.296], [11.9032, 48.2958], [11.903, 48.2955], [11.9028, 48.2952], [11.9027, 48.2951], [11.9025, 48.2948]], [[11.9025, 48.2948], [11.9024, 48.2947], [11.9022, 48.2945], [11.902, 48.2941], [11.9018, 48.2938], [11.9016, 48.2936], [11.9016, 48.2934], [11.9015, 48.2933], [11.9014, 48.2932], [11.9013, 48.293], [11.9012, 48.2927], [11.9011, 48.2926], [11.901, 48.2923], [11.901, 48.2921]], [[11.901, 48.2921], [11.9009, 48.2918], [11.9008, 48.2916], [11.9008, 48.2915], [11.9008, 48.2913], [11.9007, 48.291], [11.9006, 48.2905]], [[11.9, 48.2885], [11.9006, 48.2905]], [[11.8999, 48.2882], [11.9, 48.2885]], [[11.8946, 48.2749], [11.8947, 48.2749], [11.8947, 48.275], [11.8953, 48.2759], [11.8961, 48.2773], [11.8964, 48.2777], [11.8967, 48.2781], [11.8969, 48.2785], [11.897, 48.2787], [11.8971, 48.2789], [11.8971, 48.279], [11.8972, 48.2791], [11.8973, 48.2794], [11.8974, 48.2797], [11.8976, 48.2801], [11.8977, 48.2805], [11.8978, 48.281], [11.8983, 48.2825], [11.8984, 48.2829], [11.8985, 48.2833], [11.8986, 48.2835], [11.8988, 48.2845], [11.8992, 48.2859], [11.8995, 48.2869], [11.8996, 48.2871], [11.8996, 48.2873], [11.8999, 48.288], [11.8999, 48.2882]], [[11.8895, 48.2667], [11.8899, 48.2673], [11.891, 48.2692], [11.8911, 48.2693], [11.8915, 48.2699], [11.892, 48.2706], [11.8926, 48.2716], [11.8929, 48.2721], [11.893, 48.2723], [11.8932, 48.2726], [11.8937, 48.2733], [11.8938, 48.2736], [11.8941, 48.274], [11.8942, 48.2741], [11.8942, 48.2742], [11.8946, 48.2749]], [[11.8895, 48.2666], [11.8895, 48.2667]], [[11.8837, 48.2393], [11.8836, 48.2397], [11.8835, 48.2401], [11.8834, 48.2408], [11.8832, 48.2417], [11.8831, 48.2427], [11.883, 48.2432], [11.883, 48.2437], [11.8828, 48.2443], [11.8827, 48.2451], [11.8827, 48.2454], [11.8825, 48.2464], [11.8824, 48.247], [11.8823, 48.2481], [11.8822, 48.2486], [11.8821, 48.249], [11.8821, 48.2492], [11.8821, 48.2494], [11.8821, 48.2497], [11.8821, 48.2501], [11.8821, 48.2503], [11.8821, 48.2506], [11.8822, 48.2509], [11.8823, 48.2519], [11.8825, 48.253], [11.8826, 48.2537], [11.8829, 48.2548], [11.883, 48.2553], [11.8831, 48.2556], [11.8832, 48.256], [11.8834, 48.2564], [11.8836, 48.2569], [11.8837, 48.2572], [11.8839, 48.2577], [11.8841, 48.2581], [11.8843, 48.2584], [11.8845, 48.2588], [11.8847, 48.2591], [11.8849, 48.2595], [11.8854, 48.2602], [11.8857, 48.2607], [11.8863, 48.2616], [11.8867, 48.2623], [11.887, 48.2627], [11.8871, 48.263], [11.8878, 48.264], [11.888, 48.2644], [11.8885, 48.2651], [11.8889, 48.2657], [11.8891, 48.266], [11.8894, 48.2666], [11.8895, 48.2666]], [[11.8837, 48.239], [11.8837, 48.2393]], [[11.8849, 48.2357], [11.8845, 48.2366], [11.884, 48.2381], [11.8839, 48.2385], [11.8838, 48.2388], [11.8837, 48.239]], [[11.8849, 48.2356], [11.8849, 48.2357]], [[11.8884, 48.2264], [11.8881, 48.2272], [11.8881, 48.2274], [11.8877, 48.2282], [11.8875, 48.2289], [11.8873, 48.2293], [11.8872, 48.2296], [11.8867, 48.2309], [11.8866, 48.2311], [11.8865, 48.2315], [11.886, 48.2327], [11.8854, 48.2344], [11.8851, 48.2349], [11.8849, 48.2356]], [[11.8845, 48.2202], [11.8848, 48.2204], [11.885, 48.2204], [11.8853, 48.2206], [11.8855, 48.2206], [11.8856, 48.2207], [11.8859, 48.2208], [11.8861, 48.221], [11.8863, 48.2211], [11.8865, 48.2212], [11.8867, 48.2214], [11.887, 48.2216], [11.8872, 48.2218], [11.8874, 48.222], [11.8876, 48.2222], [11.8877, 48.2222], [11.8878, 48.2224], [11.888, 48.2226], [11.8881, 48.2229], [11.8883, 48.2231], [11.8884, 48.2233], [11.8885, 48.2235], [11.8886, 48.2237], [11.8886, 48.2239], [11.8886, 48.224], [11.8887, 48.2241], [11.8887, 48.2244], [11.8887, 48.2246], [11.8887, 48.2248], [11.8887, 48.2251], [11.8887, 48.2254], [11.8887, 48.2256], [11.8886, 48.2258], [11.8886, 48.2259], [11.8885, 48.2261], [11.8884, 48.2264]], [[11.8845, 48.2202], [11.8838, 48.22], [11.8833, 48.2198], [11.882, 48.2193], [11.8805, 48.2187], [11.8793, 48.2182]], [[11.8793, 48.2182], [11.8789, 48.218]], [[11.8789, 48.218], [11.8786, 48.2179], [11.8784, 48.2178]], [[11.8784, 48.2178], [11.8783, 48.2178], [11.8781, 48.2177], [11.8778, 48.2175], [11.8773, 48.2172]], [[11.8738, 48.2135], [11.8738, 48.2136], [11.8739, 48.2137], [11.874, 48.2139], [11.874, 48.2141], [11.8741, 48.2142], [11.8742, 48.2144], [11.8743, 48.2146], [11.8744, 48.2147], [11.8746, 48.215], [11.8748, 48.2152], [11.875, 48.2155], [11.8752, 48.2157], [11.8754, 48.2159], [11.8756, 48.2161], [11.8758, 48.2163], [11.876, 48.2164], [11.8763, 48.2166], [11.8766, 48.2168], [11.8768, 48.2169], [11.877, 48.2171], [11.8773, 48.2172]], [[11.8686, 48.1985], [11.8687, 48.1985], [11.8687, 48.1986], [11.8689, 48.1988], [11.8693, 48.1992], [11.8695, 48.1994], [11.8696, 48.1996], [11.8697, 48.1997], [11.8699, 48.2], [11.87, 48.2], [11.8702, 48.2004], [11.8704, 48.2006], [11.8706, 48.201], [11.8707, 48.2012], [11.871, 48.2017], [11.8713, 48.2023], [11.8715, 48.2028], [11.8716, 48.2032], [11.8717, 48.2035], [11.8719, 48.2042], [11.872, 48.2047], [11.872, 48.2049], [11.8722, 48.2058], [11.8724, 48.2069], [11.8725, 48.2071], [11.8725, 48.2073], [11.8729, 48.2092], [11.873, 48.2097], [11.8732, 48.2109], [11.8733, 48.2112], [11.8734, 48.2118], [11.8737, 48.213], [11.8737, 48.2133], [11.8738, 48.2135]], [[11.8662, 48.1966], [11.8669, 48.197], [11.867, 48.1971], [11.8671, 48.1972], [11.8673, 48.1973], [11.8675, 48.1975], [11.8678, 48.1978], [11.8681, 48.198], [11.8684, 48.1983], [11.8686, 48.1985]], [[11.8637, 48.1948], [11.8642, 48.1951], [11.8653, 48.1959], [11.8654, 48.196], [11.8661, 48.1964], [11.8662, 48.1966]], [[11.8634, 48.1945], [11.8636, 48.1947], [11.8637, 48.1947], [11.8637, 48.1948]], [[11.863, 48.1943], [11.8634, 48.1945]], [[11.8571, 48.1899], [11.8576, 48.1903], [11.858, 48.1907], [11.8584, 48.191], [11.8586, 48.1912], [11.8588, 48.1913], [11.8599, 48.1921], [11.8604, 48.1925], [11.8605, 48.1926], [11.8611, 48.1929], [11.8611, 48.193], [11.8614, 48.1932], [11.862, 48.1936], [11.8626, 48.194], [11.863, 48.1943]], [[11.8568, 48.1897], [11.8571, 48.1899]], [[11.8567, 48.1896], [11.8568, 48.1897]], [[11.8567, 48.1896], [11.8557, 48.1889], [11.8555, 48.1888], [11.8548, 48.1883], [11.8548, 48.1882], [11.8537, 48.1875], [11.852, 48.1863], [11.8518, 48.1861], [11.8514, 48.1858], [11.8503, 48.1851], [11.8497, 48.1846], [11.8476, 48.1831], [11.8462, 48.1821], [11.8455, 48.1816], [11.8451, 48.1813], [11.8448, 48.1811]], [[11.8448, 48.1811], [11.8445, 48.181]], [[11.8445, 48.181], [11.8442, 48.1808], [11.8439, 48.1806], [11.8435, 48.1804], [11.8431, 48.1802], [11.8428, 48.18], [11.8425, 48.1799], [11.8422, 48.1798], [11.8419, 48.1796], [11.8417, 48.1795], [11.8414, 48.1794], [11.8409, 48.1793], [11.8404, 48.1791], [11.8398, 48.1789], [11.8393, 48.1788], [11.8391, 48.1787], [11.8387, 48.1787], [11.8372, 48.1783], [11.8353, 48.1778], [11.8342, 48.1775], [11.8313, 48.1768], [11.8291, 48.1762], [11.8271, 48.1757], [11.8242, 48.175], [11.8223, 48.1745], [11.8222, 48.1745], [11.8189, 48.1737], [11.8176, 48.1733]], [[11.8176, 48.1733], [11.8172, 48.1732]], [[11.8172, 48.1732], [11.8171, 48.1732], [11.8163, 48.173], [11.8151, 48.1727], [11.8146, 48.1726]], [[11.8146, 48.1726], [11.8144, 48.1725]], [[11.8144, 48.1725], [11.8138, 48.1724], [11.8132, 48.1722], [11.8123, 48.172], [11.8119, 48.1719]], [[11.8119, 48.1719], [11.8115, 48.1718]], [[11.8115, 48.1718], [11.8097, 48.1714], [11.8093, 48.1713], [11.8075, 48.1708]], [[11.8075, 48.1708], [11.8062, 48.1705], [11.8046, 48.1701], [11.8031, 48.1697], [11.8016, 48.1693]], [[11.8016, 48.1693], [11.8012, 48.1692]], [[11.8012, 48.1692], [11.798, 48.1684], [11.7935, 48.1673], [11.7926, 48.1671]], [[11.7926, 48.1671], [11.7923, 48.167]], [[11.7923, 48.167], [11.7894, 48.1663], [11.7879, 48.1659], [11.7844, 48.165], [11.7839, 48.1649], [11.7836, 48.1648], [11.7824, 48.1645], [11.7818, 48.1643], [11.7813, 48.1642], [11.7806, 48.164], [11.7793, 48.1637], [11.7763, 48.163], [11.7741, 48.1624], [11.7718, 48.1618]], [[11.7718, 48.1618], [11.7715, 48.1617]], [[11.7715, 48.1617], [11.7689, 48.1611], [11.7687, 48.161], [11.7663, 48.1604], [11.7609, 48.1591]], [[11.7609, 48.1591], [11.7592, 48.1587], [11.7587, 48.1585], [11.758, 48.1584], [11.7578, 48.1583]], [[11.7578, 48.1583], [11.7576, 48.1583]], [[11.7576, 48.1583], [11.7556, 48.1578], [11.7535, 48.1572], [11.7532, 48.1572], [11.7509, 48.1566]], [[11.7509, 48.1566], [11.7496, 48.1562]], [[11.7496, 48.1562], [11.7494, 48.1562], [11.7423, 48.1544], [11.7409, 48.1541], [11.7403, 48.1539], [11.7395, 48.1537], [11.7388, 48.1535], [11.7385, 48.1535], [11.7365, 48.153], [11.7363, 48.1529], [11.7352, 48.1526], [11.7338, 48.1523], [11.7337, 48.1523], [11.7321, 48.1519], [11.7317, 48.1518], [11.7308, 48.1516], [11.7305, 48.1515], [11.729, 48.1511], [11.7276, 48.1507], [11.7272, 48.1506]], [[11.7269, 48.1506], [11.7272, 48.1506]], [[11.7269, 48.1506], [11.7267, 48.1505], [11.7262, 48.1504], [11.7261, 48.1504]], [[11.7261, 48.1504], [11.7258, 48.1503], [11.7254, 48.1502], [11.7252, 48.1501], [11.7246, 48.15], [11.7243, 48.15], [11.7239, 48.1499], [11.7232, 48.1498], [11.7225, 48.1497], [11.7224, 48.1497]], [[11.7224, 48.1497], [11.7212, 48.1495], [11.7203, 48.1494], [11.7194, 48.1493], [11.7185, 48.1492], [11.7176, 48.1491], [11.714, 48.1486], [11.7067, 48.1477], [11.7053, 48.1475], [11.7052, 48.1475], [11.7039, 48.1473], [11.7031, 48.1472], [11.7, 48.1468], [11.6968, 48.1464], [11.696, 48.1463], [11.6947, 48.1461], [11.6915, 48.1457], [11.6907, 48.1456], [11.6898, 48.1455], [11.6885, 48.1454], [11.6858, 48.145]], [[11.6858, 48.145], [11.6856, 48.145]], [[11.6856, 48.145], [11.6846, 48.1449], [11.6845, 48.1448], [11.6841, 48.1448], [11.6837, 48.1447], [11.6829, 48.1446]], [[11.6829, 48.1446], [11.6818, 48.1445], [11.6813, 48.1444], [11.6798, 48.1443]], [[11.6758, 48.1437], [11.6778, 48.144], [11.6798, 48.1443]], [[11.6758, 48.1437], [11.6754, 48.1437], [11.675, 48.1436], [11.6746, 48.1436], [11.6742, 48.1435], [11.6739, 48.1435], [11.6734, 48.1434], [11.673, 48.1433], [11.6722, 48.1431]], [[11.6722, 48.1431], [11.672, 48.1431], [11.6719, 48.143]], [[11.6719, 48.143], [11.6711, 48.1429], [11.6706, 48.1427], [11.6702, 48.1426], [11.6699, 48.1425], [11.6694, 48.1424], [11.6689, 48.1422], [11.6686, 48.1421], [11.6682, 48.1419], [11.6677, 48.1416], [11.6673, 48.1415], [11.6666, 48.1411], [11.6649, 48.1402], [11.664, 48.1397], [11.663, 48.1392], [11.6617, 48.1385], [11.6612, 48.1383], [11.6602, 48.1378], [11.66, 48.1377], [11.6589, 48.1372]], [[11.6589, 48.1372], [11.6581, 48.1368], [11.6578, 48.1366], [11.6574, 48.1364], [11.6571, 48.1363]], [[11.6571, 48.1363], [11.6563, 48.1359], [11.6554, 48.1354], [11.655, 48.1352], [11.6546, 48.135], [11.6538, 48.1346], [11.6527, 48.1341], [11.6525, 48.134], [11.6523, 48.1339], [11.6521, 48.1338], [11.6517, 48.1336], [11.6514, 48.1335], [11.6512, 48.1334], [11.6509, 48.1333], [11.6507, 48.1333], [11.6506, 48.1332], [11.6502, 48.1331], [11.65, 48.1331], [11.6497, 48.133], [11.6493, 48.1329], [11.649, 48.1329], [11.6489, 48.1329]], [[11.6489, 48.1329], [11.6487, 48.1328], [11.6483, 48.1328], [11.6479, 48.1328], [11.6476, 48.1328], [11.6473, 48.1327], [11.6468, 48.1327], [11.6463, 48.1328], [11.646, 48.1328], [11.6457, 48.1328]], [[11.6457, 48.1328], [11.6448, 48.1329]], [[11.6448, 48.1329], [11.6404, 48.1333], [11.6384, 48.1335]], [[11.6384, 48.1335], [11.6381, 48.1336], [11.6365, 48.1337], [11.6363, 48.1337], [11.635, 48.1339], [11.6349, 48.1339], [11.6335, 48.134], [11.6327, 48.1341], [11.6321, 48.1342], [11.632, 48.1342], [11.6315, 48.1342], [11.6307, 48.1343], [11.6301, 48.1344], [11.6293, 48.1344], [11.6275, 48.1346], [11.6274, 48.1346], [11.6271, 48.1346], [11.6268, 48.1347], [11.6265, 48.1347], [11.6262, 48.1348], [11.6256, 48.1349], [11.6248, 48.135]], [[11.6248, 48.135], [11.6241, 48.1352], [11.6238, 48.1352], [11.6232, 48.1353], [11.6227, 48.1353], [11.6221, 48.1353]], [[11.6221, 48.1353], [11.6216, 48.1353], [11.6209, 48.1352], [11.6203, 48.1351], [11.6194, 48.135]], [[11.6194, 48.135], [11.619, 48.1349], [11.6181, 48.1347], [11.618, 48.1347], [11.6171, 48.1346], [11.6165, 48.1345], [11.6162, 48.1344], [11.6159, 48.1344], [11.6157, 48.1343], [11.6154, 48.1343], [11.6152, 48.1342], [11.6151, 48.1342], [11.6148, 48.1341], [11.6145, 48.134], [11.6143, 48.1339], [11.6141, 48.1339], [11.6139, 48.1338], [11.6137, 48.1337], [11.6135, 48.1335], [11.613, 48.1333], [11.6126, 48.1331], [11.6125, 48.133]], [[11.6125, 48.133], [11.6116, 48.1324], [11.6114, 48.1322], [11.6105, 48.1317], [11.61, 48.1313], [11.6097, 48.1311], [11.6094, 48.1308], [11.6093, 48.1307], [11.6092, 48.1306], [11.6086, 48.1302], [11.6082, 48.1299]], [[11.6082, 48.1299], [11.6079, 48.1297], [11.6077, 48.1296], [11.6074, 48.1293]], [[11.6074, 48.1293], [11.6072, 48.1291]], [[11.6072, 48.1291], [11.6069, 48.1289], [11.6067, 48.1288], [11.6063, 48.1285], [11.6062, 48.1285]], [[11.6062, 48.1285], [11.6052, 48.1278]], [[11.6052, 48.1278], [11.6041, 48.1271]], [[11.6041, 48.1271], [11.6039, 48.1269], [11.6033, 48.1266]], [[11.6033, 48.1266], [11.6028, 48.1263]], [[11.6028, 48.1263], [11.6026, 48.1262], [11.6024, 48.1261]], [[11.6024, 48.1261], [11.6022, 48.126], [11.6021, 48.126], [11.602, 48.126]], [[11.602, 48.126], [11.6018, 48.1259], [11.6017, 48.1259], [11.6014, 48.1258], [11.6013, 48.1258], [11.6011, 48.1257], [11.6009, 48.1257]], [[11.5523, 48.1421], [11.552, 48.142], [11.5517, 48.142], [11.5515, 48.142], [11.5513, 48.1419], [11.551, 48.1419]], [[11.551, 48.1419], [11.5508, 48.1419], [11.5505, 48.1419], [11.5503, 48.1419], [11.5501, 48.1419], [11.55, 48.1419]], [[11.55, 48.1419], [11.5498, 48.1419], [11.5494, 48.142], [11.5486, 48.142], [11.5484, 48.142]], [[11.5484, 48.142], [11.5482, 48.1421], [11.5475, 48.1421], [11.5472, 48.1421], [11.5471, 48.1421]], [[11.5471, 48.1421], [11.547, 48.1421], [11.545, 48.1423], [11.5447, 48.1423], [11.5446, 48.1423], [11.5441, 48.1424], [11.5432, 48.1424], [11.5417, 48.1425], [11.5408, 48.1426]], [[11.5408, 48.1426], [11.5405, 48.1426], [11.5396, 48.1427], [11.5389, 48.1427]], [[11.5389, 48.1427], [11.5387, 48.1428], [11.5386, 48.1428], [11.5381, 48.1428], [11.538, 48.1428], [11.5377, 48.1428], [11.5372, 48.1428], [11.5368, 48.1428], [11.5365, 48.1428], [11.5358, 48.1428], [11.5355, 48.1428], [11.5353, 48.1428]], [[11.5353, 48.1428], [11.5351, 48.1428], [11.5345, 48.1428], [11.5339, 48.1428], [11.5337, 48.1428], [11.533, 48.1428], [11.5326, 48.1428], [11.5319, 48.1428], [11.5312, 48.1427], [11.5306, 48.1427], [11.5299, 48.1428], [11.5295, 48.1428], [11.5283, 48.1429], [11.5244, 48.1432], [11.5239, 48.1432], [11.5232, 48.1433], [11.5225, 48.1434], [11.5218, 48.1434], [11.5212, 48.1435], [11.5211, 48.1435]], [[11.5211, 48.1435], [11.5209, 48.1435], [11.5202, 48.1436], [11.5199, 48.1436], [11.5196, 48.1436], [11.5195, 48.1436], [11.5192, 48.1436], [11.5191, 48.1436], [11.519, 48.1436], [11.5189, 48.1436], [11.5184, 48.1436], [11.5181, 48.1436], [11.5179, 48.1436], [11.5177, 48.1436], [11.5173, 48.1436], [11.5171, 48.1436], [11.5167, 48.1436], [11.5164, 48.1436], [11.5157, 48.1435]], [[11.5157, 48.1435], [11.5149, 48.1435], [11.5145, 48.1435]], [[11.5145, 48.1435], [11.5141, 48.1435], [11.5137, 48.1434], [11.5132, 48.1434]], [[11.5132, 48.1434], [11.5129, 48.1434], [11.5126, 48.1435], [11.5122, 48.1435], [11.5119, 48.1435], [11.5115, 48.1436], [11.5109, 48.1437], [11.5105, 48.1438], [11.51, 48.1439], [11.5097, 48.144], [11.5094, 48.144], [11.5091, 48.144], [11.5087, 48.1441], [11.5083, 48.1441], [11.5078, 48.1442], [11.5071, 48.1442], [11.5066, 48.1443], [11.5058, 48.1443], [11.5056, 48.1444], [11.505, 48.1444], [11.5045, 48.1445], [11.5044, 48.1445], [11.5043, 48.1445], [11.5037, 48.1446], [11.503, 48.1446], [11.5027, 48.1447], [11.5026, 48.1447], [11.5023, 48.1447], [11.5017, 48.1448], [11.5016, 48.1448], [11.5015, 48.1448], [11.5014, 48.1448]], [[11.5014, 48.1448], [11.5012, 48.1448], [11.5009, 48.1448], [11.5008, 48.1448], [11.5006, 48.1448], [11.5004, 48.1448], [11.5001, 48.1448], [11.4999, 48.1448], [11.4997, 48.1448], [11.4995, 48.1448], [11.4992, 48.1448], [11.499, 48.1448]], [[11.499, 48.1448], [11.4985, 48.1449]], [[11.4985, 48.1449], [11.4981, 48.1449], [11.4975, 48.145], [11.497, 48.1451], [11.4968, 48.1451], [11.4963, 48.1452], [11.4953, 48.1454], [11.4949, 48.1454], [11.4943, 48.1456], [11.4939, 48.1457], [11.4936, 48.1457], [11.4934, 48.1457], [11.4929, 48.1459], [11.4925, 48.146]], [[11.4925, 48.146], [11.4914, 48.1464]], [[11.4914, 48.1464], [11.4909, 48.1465], [11.4902, 48.1468], [11.4899, 48.1469], [11.4898, 48.147], [11.4893, 48.1472], [11.4885, 48.1475]], [[11.4885, 48.1475], [11.488, 48.1478], [11.4875, 48.148], [11.487, 48.1482], [11.4864, 48.1485], [11.486, 48.1487], [11.4858, 48.1488]], [[11.4858, 48.1488], [11.4855, 48.149], [11.4853, 48.1492], [11.4851, 48.1493], [11.4849, 48.1495], [11.4846, 48.1498], [11.4844, 48.1501], [11.4842, 48.1503], [11.4838, 48.1507]], [[11.4838, 48.1507], [11.4838, 48.1508], [11.4836, 48.151], [11.4833, 48.1514], [11.4831, 48.1517], [11.4828, 48.1521], [11.4826, 48.1524], [11.4825, 48.1526], [11.4824, 48.1527], [11.4823, 48.1531], [11.4822, 48.1532], [11.482, 48.1535], [11.4819, 48.1537], [11.4819, 48.1538], [11.4818, 48.154], [11.4817, 48.1542], [11.4815, 48.1546], [11.4814, 48.155], [11.4811, 48.1559], [11.4807, 48.157], [11.4807, 48.1572], [11.4806, 48.1574]], [[11.4806, 48.1574], [11.4806, 48.1575]], [[11.4806, 48.1575], [11.4804, 48.158], [11.4803, 48.1583], [11.4801, 48.1588], [11.48, 48.1591], [11.4798, 48.1596], [11.479, 48.1618], [11.4784, 48.1634], [11.4782, 48.1639], [11.4782, 48.1641]], [[11.4782, 48.1641], [11.4781, 48.1642], [11.478, 48.1643]], [[11.478, 48.1643], [11.4777, 48.1652], [11.4775, 48.1658], [11.4769, 48.167], [11.4765, 48.168], [11.4762, 48.1689], [11.476, 48.1693], [11.4756, 48.1705], [11.4745, 48.1732], [11.4745, 48.1733], [11.4741, 48.1741], [11.4739, 48.1748], [11.4736, 48.1754], [11.4735, 48.1758], [11.4733, 48.1762]], [[11.4733, 48.1762], [11.4733, 48.1764]], [[11.4733, 48.1764], [11.473, 48.177], [11.4728, 48.1775]], [[11.4728, 48.1775], [11.4728, 48.1777], [11.4727, 48.1778]], [[11.4727, 48.1778], [11.4723, 48.1789]], [[11.4723, 48.1789], [11.4721, 48.1794], [11.472, 48.1795], [11.4717, 48.1802], [11.4716, 48.1806], [11.4713, 48.1813], [11.4712, 48.1816]], [[11.4712, 48.1816], [11.4711, 48.1819], [11.4709, 48.1823], [11.4708, 48.1825], [11.4706, 48.1832], [11.4704, 48.1837], [11.4703, 48.184], [11.4701, 48.1845], [11.47, 48.1849], [11.4697, 48.1857], [11.4694, 48.1865], [11.4694, 48.1867], [11.4691, 48.1873], [11.4687, 48.1883]], [[11.4687, 48.1883], [11.4686, 48.1887], [11.4685, 48.1888], [11.4681, 48.19], [11.4678, 48.1908], [11.4673, 48.1919]], [[11.4673, 48.1919], [11.4671, 48.1925], [11.4668, 48.1932], [11.4666, 48.1937], [11.4664, 48.1941], [11.4661, 48.1948]], [[11.4661, 48.1948], [11.4658, 48.1957], [11.4654, 48.1967], [11.4652, 48.1971], [11.4651, 48.1973], [11.465, 48.1976]], [[11.465, 48.1976], [11.4649, 48.1978]], [[11.4649, 48.1978], [11.4646, 48.1983], [11.4644, 48.1988], [11.4642, 48.1993], [11.464, 48.1998], [11.4638, 48.2001], [11.4637, 48.2004], [11.4637, 48.2007], [11.4635, 48.2012], [11.4634, 48.2016], [11.4632, 48.202], [11.4631, 48.2024], [11.4625, 48.2039], [11.4625, 48.204], [11.4622, 48.2048], [11.4614, 48.2068], [11.461, 48.2077]], [[11.461, 48.2077], [11.4609, 48.208]], [[11.4609, 48.208], [11.4606, 48.2087], [11.4596, 48.2112], [11.4591, 48.2126], [11.4583, 48.2146], [11.4557, 48.2213], [11.4528, 48.2286], [11.4517, 48.2315], [11.451, 48.2333], [11.4489, 48.2387], [11.4476, 48.2419]], [[11.4476, 48.2419], [11.4471, 48.2433], [11.4468, 48.2441], [11.4467, 48.2445], [11.4464, 48.2455], [11.4462, 48.2464], [11.4461, 48.2469], [11.446, 48.2471]], [[11.446, 48.2471], [11.446, 48.2474]], [[11.446, 48.2474], [11.4459, 48.2478], [11.4457, 48.2484], [11.4455, 48.2494], [11.4454, 48.2496], [11.4453, 48.2503], [11.4451, 48.2508], [11.4451, 48.251]], [[11.4451, 48.251], [11.445, 48.2513]], [[11.445, 48.2513], [11.4449, 48.252], [11.4448, 48.2525], [11.4446, 48.2531]], [[11.4446, 48.2531], [11.4443, 48.2545], [11.4441, 48.2552], [11.4439, 48.2562]], [[11.4439, 48.2562], [11.4437, 48.2568]], [[11.4437, 48.2568], [11.4436, 48.2574], [11.4435, 48.2576]], [[11.4435, 48.2576], [11.4435, 48.2579]], [[11.4435, 48.2579], [11.4434, 48.2579], [11.4432, 48.2588], [11.443, 48.2594], [11.4427, 48.2603]], [[11.4427, 48.2605], [11.4427, 48.2603]], [[11.4425, 48.2612], [11.4427, 48.2605]], [[11.4424, 48.2614], [11.4425, 48.2612]], [[11.4422, 48.2626], [11.4422, 48.2622], [11.4423, 48.2621], [11.4424, 48.2614]], [[11.4422, 48.2628], [11.4422, 48.2626]], [[11.4421, 48.2642], [11.4421, 48.264], [11.4421, 48.2638], [11.4421, 48.2635], [11.4421, 48.2631], [11.4422, 48.2628]], [[11.4421, 48.2653], [11.4421, 48.265], [11.4421, 48.2646], [11.4421, 48.2642]], [[11.4422, 48.2655], [11.4421, 48.2653]], [[11.4425, 48.2671], [11.4424, 48.2666], [11.4423, 48.2661], [11.4422, 48.2659], [11.4422, 48.2655]], [[11.4426, 48.2674], [11.4425, 48.2671]], [[11.4437, 48.2706], [11.4436, 48.2702], [11.4434, 48.2697], [11.4432, 48.2691], [11.4429, 48.2683], [11.4428, 48.2679], [11.4427, 48.2677], [11.4426, 48.2674]], [[11.4438, 48.2708], [11.4437, 48.2706]], [[11.4519, 48.2804], [11.4514, 48.2799], [11.4509, 48.2795], [11.4499, 48.2786], [11.4488, 48.2777], [11.4485, 48.2775], [11.4483, 48.2773], [11.4477, 48.2768], [11.4473, 48.2763], [11.4468, 48.2759], [11.4465, 48.2756], [11.4463, 48.2753], [11.446, 48.275], [11.4458, 48.2747], [11.4454, 48.2741], [11.445, 48.2736], [11.4447, 48.2731], [11.4445, 48.2726], [11.4442, 48.272], [11.444, 48.2714], [11.4438, 48.2708]], [[11.4523, 48.2807], [11.4519, 48.2804]], [[11.4551, 48.2849], [11.4549, 48.2846], [11.4548, 48.2842], [11.4546, 48.2839], [11.4544, 48.2836], [11.4541, 48.283], [11.4539, 48.2827], [11.4537, 48.2825], [11.4534, 48.2821], [11.4531, 48.2816], [11.4527, 48.2812], [11.4523, 48.2807]], [[11.4552, 48.2852], [11.4551, 48.2849]], [[11.4557, 48.2872], [11.4557, 48.2869], [11.4555, 48.2864], [11.4554, 48.2858], [11.4552, 48.2852]], [[11.4557, 48.2872], [11.4557, 48.2875], [11.4558, 48.288], [11.4558, 48.2885], [11.4558, 48.2892], [11.4558, 48.2898], [11.4557, 48.2902]], [[11.4557, 48.2902], [11.4557, 48.2904]], [[11.4557, 48.2904], [11.4557, 48.2905], [11.4556, 48.2906], [11.4556, 48.291], [11.4556, 48.2912], [11.4554, 48.2918], [11.4553, 48.2924]], [[11.4553, 48.2924], [11.4553, 48.2928], [11.4552, 48.2933], [11.4552, 48.2936], [11.4551, 48.2939], [11.4551, 48.2946]], [[11.4551, 48.2946], [11.4551, 48.2949]], [[11.4551, 48.2949], [11.4551, 48.2955], [11.4551, 48.296], [11.4552, 48.2966], [11.4553, 48.2974], [11.4555, 48.2981], [11.4557, 48.2989], [11.4558, 48.2995], [11.456, 48.3002], [11.456, 48.3005], [11.4561, 48.3008], [11.4562, 48.3014], [11.4562, 48.3018], [11.4562, 48.3022], [11.4562, 48.3026], [11.4562, 48.3029], [11.4562, 48.3034], [11.4562, 48.3038], [11.4561, 48.3042], [11.456, 48.3047]], [[11.456, 48.3047], [11.456, 48.305], [11.4559, 48.3053], [11.4558, 48.3057], [11.4557, 48.306]], [[11.4557, 48.306], [11.4555, 48.3065], [11.4553, 48.307], [11.4551, 48.3076], [11.4548, 48.3082]], [[11.4548, 48.3082], [11.4545, 48.3088], [11.4541, 48.3095]], [[11.4541, 48.3095], [11.4527, 48.3121], [11.4516, 48.3141], [11.4508, 48.3157], [11.4501, 48.3169], [11.4496, 48.3179]], [[11.4496, 48.3179], [11.4495, 48.318]], [[11.4495, 48.318], [11.4492, 48.3186], [11.4489, 48.3191], [11.4481, 48.3207], [11.4471, 48.3225], [11.4464, 48.3238], [11.4462, 48.3243]], [[11.4462, 48.3243], [11.4461, 48.3244]], [[11.4461, 48.3244], [11.4459, 48.3249], [11.4457, 48.3253], [11.4455, 48.3258], [11.4454, 48.326], [11.4454, 48.3263], [11.4453, 48.3266], [11.4452, 48.3268], [11.4452, 48.3271], [11.4451, 48.3273], [11.4451, 48.3277], [11.445, 48.3283], [11.4449, 48.3289], [11.4449, 48.3299], [11.4448, 48.3309]], [[11.4448, 48.3309], [11.4448, 48.3312], [11.4448, 48.3313]], [[11.4448, 48.3313], [11.4447, 48.3329]], [[11.4447, 48.3329], [11.4447, 48.3335], [11.4447, 48.3337], [11.4447, 48.3342], [11.4447, 48.3348]], [[11.4447, 48.3348], [11.4447, 48.335], [11.4446, 48.3358], [11.4446, 48.3369], [11.4446, 48.3383]], [[11.4443, 48.3434], [11.4444, 48.342], [11.4445, 48.3402], [11.4445, 48.3393], [11.4446, 48.3383]], [[11.4447, 48.3602], [11.4446, 48.3599], [11.4445, 48.3596], [11.4443, 48.359], [11.4441, 48.3584], [11.444, 48.3579], [11.4439, 48.3574], [11.4439, 48.3571], [11.4439, 48.3568], [11.4439, 48.3561], [11.4439, 48.3551], [11.4439, 48.354], [11.444, 48.3529], [11.444, 48.3524], [11.444, 48.3515], [11.4441, 48.3492], [11.4442, 48.3477], [11.4442, 48.3457], [11.4443, 48.3439], [11.4443, 48.3434]], [[11.4448, 48.3603], [11.4447, 48.3602]], [[11.4456, 48.3623], [11.4452, 48.3613], [11.445, 48.3609], [11.4448, 48.3604], [11.4448, 48.3603]], [[11.4582, 48.3786], [11.4564, 48.3766], [11.4557, 48.3759], [11.4531, 48.373], [11.4514, 48.3712], [11.4497, 48.3693], [11.4491, 48.3686], [11.4488, 48.3683], [11.4485, 48.3679], [11.4483, 48.3677], [11.4481, 48.3673], [11.4477, 48.3669], [11.4474, 48.3664], [11.4472, 48.3659], [11.4469, 48.3654], [11.4464, 48.3642], [11.4464, 48.3641], [11.4456, 48.3623]], [[11.4583, 48.3787], [11.4582, 48.3786]], [[11.4637, 48.3936], [11.4636, 48.393], [11.4635, 48.3925], [11.4633, 48.3915], [11.463, 48.3905], [11.4625, 48.3888], [11.4624, 48.3882], [11.4616, 48.3854], [11.4614, 48.3847], [11.4612, 48.3839], [11.461, 48.3832], [11.4608, 48.3825], [11.4606, 48.3821], [11.4603, 48.3816], [11.4599, 48.3808], [11.4594, 48.3801], [11.4588, 48.3793], [11.4583, 48.3787]], [[11.4637, 48.3938], [11.4637, 48.3936]], [[11.4633, 48.3993], [11.4633, 48.3992], [11.4633, 48.3991], [11.4633, 48.3989], [11.4634, 48.3986], [11.4635, 48.3973], [11.4635, 48.3971], [11.4637, 48.3954], [11.4637, 48.3946], [11.4637, 48.3945], [11.4637, 48.3938]], [[11.4632, 48.3999], [11.4633, 48.3993]], [[11.4633, 48.4056], [11.4632, 48.4051], [11.4631, 48.4046], [11.463, 48.4042], [11.463, 48.4038], [11.4629, 48.4037], [11.4629, 48.4035], [11.4629, 48.4031], [11.4629, 48.4026], [11.4629, 48.4017], [11.463, 48.4015], [11.463, 48.4012], [11.463, 48.4009], [11.4631, 48.4006], [11.4632, 48.4002], [11.4632, 48.3999]], [[11.4642, 48.4077], [11.4641, 48.4075], [11.4639, 48.4072], [11.4636, 48.4065], [11.4635, 48.4062], [11.4634, 48.4058], [11.4633, 48.4056]], [[11.4658, 48.41], [11.4653, 48.4093], [11.4648, 48.4086], [11.4642, 48.4077]], [[11.466, 48.4102], [11.4658, 48.41]], [[11.4681, 48.4121], [11.468, 48.4121], [11.4676, 48.4117], [11.4668, 48.411], [11.4664, 48.4106], [11.466, 48.4102]], [[11.4701, 48.4137], [11.4689, 48.4129], [11.4687, 48.4127], [11.4681, 48.4121]], [[11.679, 48.1441], [11.6761, 48.1437], [11.6773, 48.1438], [11.6777, 48.1439], [11.6783, 48.144], [11.6786, 48.144], [11.6787, 48.144], [11.679, 48.1441]], [[11.7606, 48.159], [11.7579, 48.1583], [11.7581, 48.1583], [11.7582, 48.1583], [11.7587, 48.1585], [11.759, 48.1585], [11.7591, 48.1586], [11.7594, 48.1586], [11.7595, 48.1586], [11.7596, 48.1587], [11.7597, 48.1587], [11.7598, 48.1587], [11.7603, 48.1589], [11.7605, 48.1589], [11.7606, 48.1589], [11.7606, 48.159]], [[11.7813, 48.1641], [11.7823, 48.1644], [11.7824, 48.1644], [11.783, 48.1646], [11.7831, 48.1646], [11.7839, 48.1648], [11.7823, 48.1644], [11.7813, 48.1642], [11.7813, 48.1641]], [[11.8088, 48.1711], [11.8089, 48.1711], [11.809, 48.1711], [11.8091, 48.1711], [11.809, 48.1711], [11.8091, 48.1711], [11.8095, 48.1712], [11.8099, 48.1713], [11.81, 48.1713], [11.8101, 48.1714], [11.8105, 48.1715], [11.8108, 48.1715], [11.8109, 48.1716], [11.811, 48.1716], [11.8111, 48.1716], [11.8112, 48.1717], [11.8095, 48.1713], [11.8087, 48.1711], [11.8087, 48.171], [11.8088, 48.1711]], [[11.9014, 48.2928], [11.9015, 48.2931], [11.9016, 48.2932], [11.9017, 48.2934], [11.9018, 48.2935], [11.9019, 48.2938], [11.9021, 48.2941], [11.9019, 48.2938], [11.9018, 48.2935], [11.9017, 48.2934], [11.9016, 48.2932], [11.9016, 48.2931], [11.9014, 48.2928]], [[11.4446, 48.3383], [11.4445, 48.3369], [11.4445, 48.3364], [11.4445, 48.3358], [11.4445, 48.3353], [11.4445, 48.335]], [[11.4445, 48.335], [11.4445, 48.3348]], [[11.4445, 48.3348], [11.4446, 48.3342], [11.4446, 48.3337], [11.4446, 48.3335], [11.4446, 48.3329]], [[11.4446, 48.3329], [11.4446, 48.3325], [11.4446, 48.3321], [11.4447, 48.3317], [11.4447, 48.3315], [11.4447, 48.3313]], [[11.4447, 48.3313], [11.4447, 48.3312]], [[11.4447, 48.3312], [11.4448, 48.3309], [11.4448, 48.3299], [11.4449, 48.3289], [11.4449, 48.3283], [11.445, 48.3277], [11.4451, 48.3273], [11.4451, 48.327], [11.4452, 48.3268], [11.4452, 48.3266], [11.4453, 48.3263], [11.4454, 48.326], [11.4455, 48.3258], [11.4456, 48.3253], [11.4458, 48.3249], [11.446, 48.3244]], [[11.446, 48.3244], [11.4461, 48.3242]], [[11.4461, 48.3242], [11.4463, 48.3238], [11.4471, 48.3225], [11.4481, 48.3207], [11.4489, 48.3191], [11.4492, 48.3186], [11.4495, 48.318]], [[11.4496, 48.3179], [11.4501, 48.3169], [11.4507, 48.3157], [11.4516, 48.3141], [11.4527, 48.3121], [11.4541, 48.3095]], [[11.4541, 48.3095], [11.4544, 48.3088], [11.4548, 48.3081]], [[11.4548, 48.3081], [11.455, 48.3075], [11.4553, 48.307], [11.4555, 48.3065], [11.4556, 48.306]], [[11.4556, 48.306], [11.4557, 48.3057], [11.4558, 48.3053], [11.4559, 48.305], [11.456, 48.3047]], [[11.456, 48.3047], [11.4561, 48.3042], [11.4561, 48.3038], [11.4561, 48.3034], [11.4562, 48.3029], [11.4562, 48.3026], [11.4562, 48.3022], [11.4561, 48.3018], [11.4561, 48.3014], [11.456, 48.3008], [11.456, 48.3005], [11.4559, 48.3002], [11.4558, 48.2995], [11.4556, 48.2989], [11.4554, 48.2981], [11.4553, 48.2974], [11.4551, 48.2966], [11.4551, 48.2961], [11.455, 48.2955], [11.455, 48.2948]], [[11.455, 48.2948], [11.455, 48.2946]], [[11.455, 48.2946], [11.455, 48.2939], [11.4551, 48.2936], [11.4551, 48.2933], [11.4551, 48.2928], [11.4552, 48.2924]], [[11.4552, 48.2924], [11.4553, 48.2918], [11.4554, 48.2912], [11.4555, 48.291], [11.4555, 48.2906], [11.4555, 48.2905]], [[11.4555, 48.2905], [11.4555, 48.2904]], [[11.4555, 48.2904], [11.4556, 48.2902]], [[11.4556, 48.2902], [11.4556, 48.2898], [11.4557, 48.2892], [11.4557, 48.2889]], [[11.4557, 48.2889], [11.4557, 48.2885], [11.4557, 48.288], [11.4557, 48.2876], [11.4557, 48.2874], [11.4557, 48.2872]], [[11.4427, 48.2603], [11.4429, 48.2598], [11.4429, 48.2596], [11.4431, 48.2587]], [[11.4431, 48.2587], [11.4431, 48.2585], [11.4433, 48.2579]], [[11.4433, 48.2579], [11.4433, 48.2577], [11.4434, 48.2576]], [[11.4434, 48.2576], [11.4436, 48.2567]], [[11.4436, 48.2567], [11.4437, 48.2563], [11.4437, 48.2561]], [[11.4437, 48.2561], [11.4439, 48.2552]], [[11.4439, 48.2552], [11.444, 48.255], [11.4441, 48.2546], [11.4441, 48.2545], [11.4442, 48.2543]], [[11.4442, 48.2543], [11.4442, 48.254], [11.4443, 48.2537], [11.4443, 48.2536], [11.4445, 48.2531]], [[11.4445, 48.2531], [11.4445, 48.2529], [11.4446, 48.2527], [11.4446, 48.2525], [11.4449, 48.2513]], [[11.4449, 48.2513], [11.445, 48.2511]], [[11.445, 48.2511], [11.4452, 48.2501], [11.4454, 48.2496], [11.4456, 48.2486], [11.4458, 48.2478], [11.4459, 48.2474]], [[11.4459, 48.2474], [11.4459, 48.2472]], [[11.4459, 48.2472], [11.4461, 48.2464], [11.4464, 48.2455], [11.4467, 48.2445], [11.4468, 48.2441], [11.447, 48.2433], [11.4473, 48.2425], [11.4475, 48.2419]], [[11.4475, 48.2419], [11.4488, 48.2386], [11.4509, 48.2333], [11.4516, 48.2315], [11.4528, 48.2286], [11.4544, 48.2244], [11.4557, 48.2213], [11.458, 48.2152], [11.4583, 48.2146], [11.4585, 48.2141], [11.4586, 48.2137], [11.4587, 48.2133], [11.4588, 48.2129], [11.459, 48.2125], [11.4592, 48.212], [11.4595, 48.2112], [11.4595, 48.211], [11.4597, 48.2107], [11.4602, 48.2093], [11.4605, 48.2086], [11.4608, 48.208]], [[11.4608, 48.208], [11.4609, 48.2076]], [[11.4609, 48.2076], [11.461, 48.2075], [11.4613, 48.2068], [11.4616, 48.206], [11.4624, 48.204], [11.4626, 48.2036], [11.463, 48.2024], [11.4632, 48.202], [11.4633, 48.2016], [11.4635, 48.2012], [11.4636, 48.2007], [11.4637, 48.2004], [11.4637, 48.2003], [11.4638, 48.2001], [11.4639, 48.1998], [11.4641, 48.1993], [11.4644, 48.1988], [11.4646, 48.1983], [11.4648, 48.1978]], [[11.4648, 48.1978], [11.4649, 48.1975]], [[11.4649, 48.1975], [11.4651, 48.1973], [11.4652, 48.197], [11.4653, 48.1966], [11.4657, 48.1957], [11.4661, 48.1948]], [[11.4661, 48.1948], [11.4663, 48.1941], [11.4665, 48.1937], [11.4667, 48.1932], [11.467, 48.1925], [11.4673, 48.1917]], [[11.4673, 48.1917], [11.4674, 48.1914], [11.4677, 48.1907], [11.4677, 48.1906], [11.4679, 48.19], [11.468, 48.1898], [11.4682, 48.1894], [11.4684, 48.1888], [11.4684, 48.1887], [11.4686, 48.1883]], [[11.4686, 48.1883], [11.469, 48.1872], [11.4692, 48.1867], [11.4693, 48.1865], [11.4696, 48.1857], [11.4698, 48.1853], [11.4699, 48.1848], [11.4704, 48.1837], [11.4705, 48.1832], [11.4708, 48.1825], [11.4709, 48.1823], [11.471, 48.1819], [11.4711, 48.1816]], [[11.4711, 48.1816], [11.4712, 48.1813], [11.4715, 48.1806], [11.4717, 48.1802], [11.4719, 48.1796], [11.4719, 48.1795], [11.472, 48.1794], [11.4721, 48.1792], [11.4722, 48.1789]], [[11.4722, 48.1789], [11.4725, 48.178], [11.4726, 48.1778]], [[11.4726, 48.1778], [11.4726, 48.1777], [11.4727, 48.1775]], [[11.4727, 48.1775], [11.4727, 48.1774], [11.4729, 48.177], [11.4731, 48.1766], [11.4731, 48.1764]], [[11.4731, 48.1764], [11.4732, 48.1762]], [[11.4732, 48.1762], [11.4736, 48.1754], [11.4738, 48.1748], [11.4739, 48.1746], [11.4741, 48.1741], [11.4742, 48.1739], [11.4744, 48.1732], [11.4745, 48.173], [11.4752, 48.1711], [11.4755, 48.1704], [11.476, 48.1692], [11.4761, 48.1688], [11.4769, 48.167], [11.4773, 48.1658], [11.4776, 48.1652], [11.4779, 48.1643]], [[11.4779, 48.1643], [11.4779, 48.1642], [11.478, 48.1641]], [[11.478, 48.1641], [11.4781, 48.1639], [11.4782, 48.1635], [11.4783, 48.1633], [11.4788, 48.1622], [11.4789, 48.1618], [11.4792, 48.161], [11.4794, 48.1604], [11.48, 48.1591], [11.48, 48.159], [11.4801, 48.1588], [11.4802, 48.1584], [11.4805, 48.1575]], [[11.4805, 48.1575], [11.4806, 48.1574]], [[11.4806, 48.1574], [11.4807, 48.157], [11.4812, 48.1553], [11.4813, 48.155], [11.4814, 48.155], [11.4815, 48.1546], [11.4816, 48.1542], [11.4817, 48.154], [11.4819, 48.1537], [11.482, 48.1535], [11.482, 48.1534], [11.4821, 48.1532], [11.4822, 48.153], [11.4824, 48.1527], [11.4826, 48.1524], [11.4828, 48.1521], [11.4831, 48.1517], [11.4833, 48.1514], [11.4835, 48.151], [11.4837, 48.1507]], [[11.4837, 48.1507], [11.4838, 48.1507], [11.4841, 48.1502], [11.4843, 48.15], [11.4845, 48.1498], [11.4847, 48.1496], [11.4848, 48.1495], [11.485, 48.1493], [11.4853, 48.1492], [11.4855, 48.149], [11.4858, 48.1488]], [[11.4858, 48.1488], [11.4862, 48.1486], [11.4864, 48.1485], [11.4869, 48.1482], [11.488, 48.1477], [11.4885, 48.1475]], [[11.4885, 48.1475], [11.4893, 48.1471], [11.4898, 48.1469], [11.4902, 48.1468], [11.4904, 48.1467], [11.4908, 48.1466], [11.4914, 48.1463]], [[11.4914, 48.1463], [11.4925, 48.146]], [[11.4925, 48.146], [11.4929, 48.1459], [11.4935, 48.1457], [11.4939, 48.1456], [11.4943, 48.1455], [11.4949, 48.1454], [11.4953, 48.1453], [11.4963, 48.1452], [11.497, 48.1451], [11.4981, 48.1449]], [[11.4981, 48.1449], [11.5003, 48.1447], [11.5016, 48.1445]], [[11.5016, 48.1445], [11.5019, 48.1445], [11.5023, 48.1445], [11.5025, 48.1445], [11.5027, 48.1445], [11.5031, 48.1444], [11.5041, 48.1443], [11.5056, 48.1441], [11.5057, 48.1441], [11.5061, 48.1441], [11.5068, 48.144], [11.5075, 48.1439]], [[11.5075, 48.1439], [11.5076, 48.1439], [11.5098, 48.1436], [11.51, 48.1436], [11.5109, 48.1435], [11.5111, 48.1435], [11.5114, 48.1435]], [[11.5114, 48.1435], [11.5117, 48.1435], [11.5121, 48.1434], [11.5124, 48.1434], [11.5126, 48.1434], [11.5132, 48.1434], [11.5135, 48.1434], [11.5137, 48.1434], [11.5141, 48.1434], [11.5146, 48.1434]], [[11.5146, 48.1434], [11.5149, 48.1434], [11.5158, 48.1435]], [[11.5158, 48.1435], [11.516, 48.1435], [11.5168, 48.1435], [11.5171, 48.1435], [11.5173, 48.1435], [11.5177, 48.1436], [11.5179, 48.1436], [11.5183, 48.1435], [11.5187, 48.1435], [11.5194, 48.1435], [11.5196, 48.1435], [11.5198, 48.1435], [11.52, 48.1435], [11.5209, 48.1434], [11.5211, 48.1434]], [[11.5211, 48.1434], [11.5216, 48.1433], [11.5224, 48.1433], [11.5228, 48.1432], [11.527, 48.1429], [11.5278, 48.1429], [11.5282, 48.1428], [11.5295, 48.1427], [11.5299, 48.1427], [11.5307, 48.1427], [11.531, 48.1427], [11.5314, 48.1427], [11.5319, 48.1427], [11.5323, 48.1427], [11.5327, 48.1427], [11.5329, 48.1427], [11.5337, 48.1427]], [[11.5337, 48.1427], [11.5339, 48.1427], [11.534, 48.1426], [11.5346, 48.1426], [11.535, 48.1426], [11.5352, 48.1426], [11.5353, 48.1426], [11.5356, 48.1426], [11.5358, 48.1426], [11.5365, 48.1426], [11.5368, 48.1426], [11.5372, 48.1426], [11.5375, 48.1427], [11.5377, 48.1426], [11.5379, 48.1426], [11.538, 48.1426], [11.5381, 48.1426], [11.5385, 48.1426], [11.5387, 48.1426], [11.5389, 48.1426]], [[11.5389, 48.1426], [11.5404, 48.1425]], [[11.5404, 48.1425], [11.5405, 48.1425], [11.5408, 48.1425]], [[11.5408, 48.1425], [11.5413, 48.1424], [11.5417, 48.1424], [11.5423, 48.1424], [11.5434, 48.1423], [11.5435, 48.1423], [11.5437, 48.1423], [11.5445, 48.1422]], [[11.5445, 48.1422], [11.5446, 48.1422], [11.545, 48.1422], [11.5453, 48.1422], [11.5467, 48.142], [11.5471, 48.142], [11.5472, 48.142]], [[11.5472, 48.142], [11.5473, 48.142], [11.5477, 48.142], [11.548, 48.1419], [11.5484, 48.1419], [11.5486, 48.1419], [11.5488, 48.1419], [11.5491, 48.1419], [11.5493, 48.1419], [11.5495, 48.1418], [11.5497, 48.1418], [11.5499, 48.1418], [11.55, 48.1418]], [[11.55, 48.1418], [11.5501, 48.1418], [11.5502, 48.1418], [11.5505, 48.1418], [11.5507, 48.1419], [11.551, 48.1419]], [[11.551, 48.1419], [11.5512, 48.1419], [11.5515, 48.1419], [11.5518, 48.1419], [11.552, 48.142], [11.5523, 48.142]], [[11.6009, 48.1256], [11.6011, 48.1256], [11.6014, 48.1257], [11.6018, 48.1257]], [[11.6025, 48.1259], [11.6026, 48.126], [11.6027, 48.126], [11.6029, 48.1261], [11.603, 48.1262], [11.6031, 48.1262]], [[11.6031, 48.1262], [11.6037, 48.1265], [11.6038, 48.1266], [11.6043, 48.1269], [11.6044, 48.1269], [11.6049, 48.1273], [11.6054, 48.1276]], [[11.6054, 48.1276], [11.6055, 48.1277], [11.6064, 48.1283]], [[11.6064, 48.1283], [11.6065, 48.1283], [11.6067, 48.1285], [11.6068, 48.1286], [11.6073, 48.1289]], [[11.6073, 48.1289], [11.6076, 48.1291], [11.609, 48.13], [11.6094, 48.1303]], [[11.6094, 48.1303], [11.6101, 48.1309], [11.6103, 48.131], [11.6107, 48.1313], [11.6112, 48.1317], [11.6115, 48.132], [11.6118, 48.1323], [11.612, 48.1324], [11.6122, 48.1326], [11.6124, 48.1327], [11.6127, 48.1329]], [[11.6127, 48.1329], [11.613, 48.1331], [11.6132, 48.1332], [11.6133, 48.1332], [11.6135, 48.1333], [11.6136, 48.1334], [11.6137, 48.1334], [11.6139, 48.1335], [11.6142, 48.1336], [11.6144, 48.1337], [11.6146, 48.1338], [11.6149, 48.1338], [11.615, 48.1339], [11.6152, 48.1339], [11.6154, 48.134], [11.6158, 48.1341], [11.616, 48.1342], [11.6162, 48.1342], [11.6163, 48.1342], [11.6164, 48.1342]], [[11.6164, 48.1342], [11.6167, 48.1343], [11.6169, 48.1343], [11.6174, 48.1344], [11.6179, 48.1344], [11.6181, 48.1345], [11.6185, 48.1345], [11.6195, 48.1347], [11.6202, 48.1348]], [[11.6202, 48.1348], [11.6208, 48.1349], [11.6211, 48.1349], [11.6213, 48.1349], [11.6216, 48.1349], [11.6219, 48.1349], [11.6224, 48.1349]], [[11.6224, 48.1349], [11.6226, 48.1349]], [[11.6226, 48.1349], [11.6227, 48.1349], [11.623, 48.1349], [11.6233, 48.1348]], [[11.6233, 48.1348], [11.6262, 48.1346], [11.6267, 48.1346], [11.6275, 48.1345], [11.6288, 48.1344], [11.6302, 48.1343], [11.6314, 48.1341], [11.632, 48.1341]], [[11.632, 48.1341], [11.6321, 48.1341], [11.6327, 48.134], [11.6335, 48.1339]], [[11.6335, 48.1339], [11.6349, 48.1338], [11.635, 48.1338], [11.6356, 48.1337], [11.6364, 48.1337]], [[11.6364, 48.1337], [11.6389, 48.1334]], [[11.6389, 48.1334], [11.6394, 48.1334], [11.6407, 48.1333], [11.6411, 48.1332]], [[11.6411, 48.1332], [11.6432, 48.133], [11.6451, 48.1328]], [[11.6451, 48.1328], [11.646, 48.1327]], [[11.646, 48.1327], [11.6463, 48.1327], [11.6466, 48.1327], [11.6468, 48.1327], [11.6473, 48.1327], [11.6476, 48.1327], [11.6479, 48.1327], [11.6483, 48.1328], [11.6487, 48.1328]], [[11.6487, 48.1328], [11.6489, 48.1328], [11.649, 48.1328], [11.6493, 48.1329], [11.6497, 48.133], [11.65, 48.133], [11.6502, 48.1331], [11.6506, 48.1332], [11.6507, 48.1332], [11.6509, 48.1333], [11.6512, 48.1334], [11.6514, 48.1335], [11.6517, 48.1336], [11.6521, 48.1337], [11.6524, 48.1339], [11.6525, 48.1339], [11.6527, 48.134], [11.6538, 48.1346], [11.6546, 48.135], [11.6551, 48.1352], [11.6554, 48.1354], [11.6571, 48.1362], [11.6575, 48.1364], [11.6578, 48.1366], [11.6582, 48.1367], [11.6589, 48.1371]], [[11.6589, 48.1371], [11.66, 48.1377], [11.6602, 48.1378], [11.6611, 48.1382], [11.6612, 48.1383], [11.6617, 48.1385], [11.6623, 48.1388], [11.6631, 48.1392], [11.664, 48.1397], [11.665, 48.1402], [11.6666, 48.1411], [11.6674, 48.1415], [11.6677, 48.1416], [11.6682, 48.1419], [11.6686, 48.142], [11.6689, 48.1422], [11.6695, 48.1424], [11.6699, 48.1425], [11.6702, 48.1426], [11.6706, 48.1427]], [[11.6706, 48.1427], [11.6708, 48.1427], [11.6711, 48.1428], [11.673, 48.1433], [11.6734, 48.1433], [11.6739, 48.1434], [11.6742, 48.1435], [11.6747, 48.1435], [11.675, 48.1436], [11.6754, 48.1436], [11.6758, 48.1437]], [[11.6758, 48.1437], [11.676, 48.1437], [11.6778, 48.1439], [11.6798, 48.1442]], [[11.6798, 48.1442], [11.6829, 48.1446]], [[11.6829, 48.1446], [11.6833, 48.1446], [11.6842, 48.1448], [11.6843, 48.1448], [11.6845, 48.1448], [11.6854, 48.1449], [11.6867, 48.1451], [11.687, 48.1451]], [[11.687, 48.1451], [11.6871, 48.1451]], [[11.6871, 48.1451], [11.6885, 48.1453], [11.6898, 48.1455], [11.6907, 48.1456], [11.6911, 48.1457], [11.6915, 48.1457], [11.6926, 48.1458], [11.6947, 48.1461], [11.6968, 48.1464], [11.7, 48.1468], [11.7032, 48.1472], [11.7039, 48.1473], [11.7052, 48.1475], [11.7053, 48.1475], [11.7067, 48.1477], [11.714, 48.1486], [11.7176, 48.149], [11.7185, 48.1492], [11.7194, 48.1493], [11.7203, 48.1494], [11.7212, 48.1495], [11.7226, 48.1497], [11.7232, 48.1498], [11.7237, 48.1498], [11.7239, 48.1499], [11.7243, 48.1499], [11.7246, 48.15], [11.7249, 48.15], [11.7251, 48.1501], [11.7254, 48.1501], [11.7258, 48.1502], [11.726, 48.1503], [11.7262, 48.1503], [11.7267, 48.1505], [11.7269, 48.1505]], [[11.7269, 48.1505], [11.7273, 48.1506]], [[11.7273, 48.1506], [11.7291, 48.151], [11.7309, 48.1515], [11.7317, 48.1517], [11.7322, 48.1518], [11.7338, 48.1522], [11.7352, 48.1526], [11.7365, 48.1529], [11.7377, 48.1532], [11.7385, 48.1534], [11.7395, 48.1537], [11.7404, 48.1539], [11.7409, 48.154], [11.7423, 48.1544], [11.7424, 48.1544], [11.7494, 48.1562], [11.7496, 48.1562]], [[11.7496, 48.1562], [11.7509, 48.1565]], [[11.7509, 48.1565], [11.7532, 48.1571], [11.7535, 48.1572], [11.7556, 48.1577], [11.7577, 48.1582]], [[11.7577, 48.1582], [11.7578, 48.1583]], [[11.7578, 48.1583], [11.7592, 48.1586], [11.7608, 48.159], [11.761, 48.1591]], [[11.761, 48.1591], [11.7651, 48.1601], [11.7663, 48.1604], [11.7687, 48.161], [11.7689, 48.1611], [11.7715, 48.1617]], [[11.7718, 48.1618], [11.7742, 48.1624], [11.7763, 48.1629], [11.7782, 48.1634], [11.7794, 48.1637], [11.7813, 48.1642], [11.7818, 48.1643], [11.7825, 48.1645], [11.7836, 48.1648], [11.7839, 48.1648], [11.7844, 48.165], [11.7879, 48.1658], [11.7886, 48.166], [11.7924, 48.167]], [[11.7924, 48.167], [11.7926, 48.167]], [[11.7926, 48.167], [11.798, 48.1684], [11.8012, 48.1692]], [[11.8016, 48.1693], [11.8031, 48.1697], [11.8046, 48.17], [11.8062, 48.1704], [11.8075, 48.1708]], [[11.8075, 48.1708], [11.8093, 48.1712], [11.8097, 48.1713], [11.8114, 48.1717], [11.8115, 48.1718]], [[11.8119, 48.1719], [11.8123, 48.172], [11.8132, 48.1722], [11.8138, 48.1723], [11.8144, 48.1725]], [[11.8144, 48.1725], [11.8147, 48.1726]], [[11.8147, 48.1726], [11.8151, 48.1727], [11.8163, 48.173], [11.8171, 48.1732], [11.8172, 48.1732]], [[11.8176, 48.1733], [11.8189, 48.1736], [11.8222, 48.1745], [11.8242, 48.175], [11.8271, 48.1757], [11.8292, 48.1762], [11.8314, 48.1768], [11.8342, 48.1775], [11.8353, 48.1778], [11.8372, 48.1782], [11.8388, 48.1786], [11.8391, 48.1787], [11.8399, 48.1789], [11.8404, 48.1791], [11.841, 48.1792], [11.8414, 48.1794], [11.8417, 48.1795], [11.8419, 48.1796], [11.8423, 48.1797], [11.8426, 48.1799], [11.8428, 48.18], [11.8432, 48.1802], [11.8435, 48.1803], [11.8439, 48.1805], [11.8442, 48.1807], [11.8446, 48.1809]], [[11.8446, 48.1809], [11.8448, 48.1811]], [[11.8448, 48.1811], [11.8451, 48.1813], [11.8455, 48.1816], [11.8462, 48.1821], [11.8477, 48.1831], [11.8498, 48.1846], [11.8504, 48.185], [11.8515, 48.1858], [11.8518, 48.1861], [11.8521, 48.1862], [11.8537, 48.1875], [11.8548, 48.1882], [11.8556, 48.1888], [11.8557, 48.1889], [11.8559, 48.189]], [[11.8559, 48.189], [11.8567, 48.1896]], [[11.8773, 48.2172], [11.8778, 48.2175], [11.8782, 48.2177], [11.8785, 48.2178]], [[11.8785, 48.2178], [11.879, 48.218]], [[11.879, 48.218], [11.8794, 48.2181], [11.8806, 48.2186], [11.8808, 48.2187], [11.8814, 48.2189], [11.8814, 48.219]], [[11.8814, 48.219], [11.8834, 48.2198], [11.8837, 48.2199], [11.8845, 48.2202]], [[11.9006, 48.2905], [11.9008, 48.2913], [11.9009, 48.2915], [11.9009, 48.2916], [11.901, 48.2918], [11.9011, 48.2921]], [[11.9011, 48.2921], [11.9012, 48.2925], [11.9013, 48.2926], [11.9013, 48.2927], [11.9014, 48.2929], [11.9015, 48.293], [11.9015, 48.2931], [11.9016, 48.2934], [11.9017, 48.2934], [11.9017, 48.2935], [11.9019, 48.2938], [11.9021, 48.2941], [11.9023, 48.2944], [11.9025, 48.2948]], [[11.9025, 48.2948], [11.9028, 48.2951], [11.903, 48.2953], [11.9031, 48.2954], [11.9033, 48.2957], [11.9036, 48.296], [11.9037, 48.2962], [11.9039, 48.2963], [11.9041, 48.2965], [11.9044, 48.2968], [11.9051, 48.2974], [11.9057, 48.2979]], [[11.9105, 48.302], [11.9111, 48.3024], [11.9111, 48.3025], [11.9113, 48.3026], [11.9115, 48.3028], [11.9121, 48.3033]], [[11.2544, 48.3855], [11.2545, 48.3855], [11.2558, 48.3844], [11.2544, 48.3855]], [[11.2752, 48.3543], [11.2753, 48.3542], [11.2757, 48.3535], [11.2758, 48.3535], [11.2757, 48.3535], [11.2754, 48.354], [11.2753, 48.3543], [11.2752, 48.3545], [11.2751, 48.3545], [11.2751, 48.3547], [11.2751, 48.3546], [11.2751, 48.3545], [11.2752, 48.3544], [11.2752, 48.3543]], [[11.305, 48.3326], [11.3037, 48.3335], [11.3037, 48.3334], [11.3041, 48.3332], [11.3041, 48.3331], [11.305, 48.3326]], [[11.3442, 48.3413], [11.3439, 48.3412], [11.3438, 48.3412], [11.3425, 48.3408], [11.3439, 48.3412], [11.3442, 48.3413]], [[11.3804, 48.3524], [11.3799, 48.3524], [11.3793, 48.3524], [11.3791, 48.3525], [11.3788, 48.3525], [11.3785, 48.3525], [11.3786, 48.3525], [11.3789, 48.3525], [11.3791, 48.3525], [11.3793, 48.3525], [11.3799, 48.3524], [11.3801, 48.3524], [11.3802, 48.3524], [11.3804, 48.3524]], [[11.3897, 48.3203], [11.3898, 48.3203], [11.3901, 48.3211], [11.3902, 48.3214], [11.3903, 48.3215], [11.3902, 48.3215], [11.3902, 48.3214], [11.3901, 48.3213], [11.3901, 48.3212], [11.39, 48.3211], [11.3897, 48.3203]], [[11.3648, 48.3008], [11.3647, 48.3007], [11.3647, 48.3006], [11.3647, 48.3005], [11.3646, 48.3005], [11.3641, 48.2996], [11.3648, 48.3008]], [[11.3813, 48.2792], [11.3814, 48.2791], [11.3814, 48.2792], [11.3814, 48.2791], [11.3815, 48.2791], [11.3828, 48.2785], [11.3829, 48.2785], [11.3814, 48.2792], [11.3813, 48.2792]], [[11.44, 48.2663], [11.44, 48.2664], [11.4397, 48.2667], [11.4396, 48.2668], [11.4395, 48.2669], [11.4394, 48.267], [11.4392, 48.2672], [11.4391, 48.2673], [11.4389, 48.2674], [11.439, 48.2673], [11.4392, 48.2672], [11.4393, 48.267], [11.4395, 48.2669], [11.4395, 48.2668], [11.4396, 48.2668], [11.4395, 48.2668], [11.4396, 48.2667], [11.4397, 48.2667], [11.4399, 48.2664], [11.44, 48.2664], [11.4399, 48.2664], [11.44, 48.2663]], [[11.255, 48.385], [11.2557, 48.3844], [11.2558, 48.3843], [11.2567, 48.3836]], [[11.2567, 48.3836], [11.2572, 48.3833], [11.2572, 48.3832]], [[11.2572, 48.3832], [11.2579, 48.3827]], [[11.2579, 48.3827], [11.258, 48.3826]], [[11.258, 48.3826], [11.2586, 48.3821], [11.2599, 48.381], [11.2602, 48.3808], [11.2606, 48.3805], [11.2614, 48.38], [11.2618, 48.3797], [11.2621, 48.3795], [11.2623, 48.3792], [11.2626, 48.3789], [11.2628, 48.3786], [11.2637, 48.3773], [11.264, 48.377], [11.2642, 48.3768], [11.2645, 48.3765], [11.2647, 48.3763], [11.2651, 48.376], [11.2653, 48.3759]], [[11.2653, 48.3759], [11.2656, 48.3757]], [[11.2656, 48.3757], [11.2658, 48.3755], [11.2661, 48.3753], [11.2665, 48.3749], [11.2669, 48.3744], [11.2677, 48.3737], [11.2687, 48.3726], [11.2698, 48.3715], [11.2707, 48.3706], [11.2713, 48.37], [11.272, 48.3695], [11.2724, 48.3691], [11.2728, 48.3688], [11.2749, 48.3674], [11.2753, 48.367], [11.2757, 48.3667], [11.2762, 48.3662], [11.2776, 48.3645], [11.2786, 48.3633], [11.2788, 48.3631], [11.279, 48.3628], [11.2791, 48.3625], [11.2792, 48.3622], [11.2792, 48.362], [11.2793, 48.3617], [11.2793, 48.3614], [11.2793, 48.3611], [11.2792, 48.3608], [11.2791, 48.3605], [11.279, 48.3603], [11.2788, 48.3601], [11.2787, 48.3598], [11.2784, 48.3596], [11.2782, 48.3593], [11.2771, 48.3584], [11.2761, 48.3575], [11.2757, 48.3572], [11.2755, 48.357], [11.2754, 48.3568], [11.2752, 48.3565], [11.2751, 48.3563], [11.275, 48.3562], [11.275, 48.3561]], [[11.275, 48.3561], [11.2749, 48.3559]], [[11.2749, 48.3559], [11.2749, 48.3558], [11.2749, 48.3557], [11.2749, 48.3556], [11.2749, 48.3555], [11.2749, 48.3554], [11.2749, 48.3553], [11.2749, 48.3551], [11.275, 48.355]], [[11.275, 48.355], [11.275, 48.3549]], [[11.275, 48.3549], [11.2751, 48.3547], [11.2752, 48.3545], [11.2753, 48.3543], [11.2755, 48.354], [11.2758, 48.3535], [11.2761, 48.3529], [11.2762, 48.3527], [11.2764, 48.3525], [11.2765, 48.3523], [11.2766, 48.3522], [11.2767, 48.3521], [11.2768, 48.352], [11.2769, 48.3519], [11.2772, 48.3517], [11.2773, 48.3516], [11.2775, 48.3515], [11.2778, 48.3513], [11.2782, 48.3511], [11.279, 48.3507], [11.2794, 48.3505], [11.2798, 48.3502], [11.2803, 48.3498], [11.2808, 48.3494], [11.2816, 48.3486], [11.2826, 48.3478], [11.2837, 48.3468], [11.2839, 48.3465], [11.2842, 48.3463], [11.2845, 48.3461], [11.2846, 48.346], [11.2848, 48.3459], [11.2849, 48.3458], [11.2851, 48.3457], [11.2853, 48.3456], [11.2854, 48.3455], [11.2857, 48.3454], [11.2862, 48.3452], [11.2866, 48.345], [11.2881, 48.3444], [11.2905, 48.3434], [11.291, 48.3432], [11.2915, 48.343], [11.2918, 48.3428], [11.2922, 48.3427], [11.2931, 48.3422]], [[11.2931, 48.3422], [11.2934, 48.342], [11.2936, 48.342], [11.2938, 48.3419], [11.2941, 48.3418], [11.2943, 48.3417], [11.2944, 48.3417], [11.295, 48.3415], [11.296, 48.3413], [11.2964, 48.3412], [11.2966, 48.3412], [11.2967, 48.3411], [11.2969, 48.3411], [11.297, 48.341], [11.2971, 48.3409], [11.2973, 48.3409], [11.2974, 48.3408], [11.2976, 48.3407], [11.2977, 48.3406], [11.2978, 48.3405], [11.2979, 48.3404], [11.298, 48.3403], [11.2982, 48.3401], [11.2984, 48.3398], [11.2985, 48.3396], [11.2986, 48.3395], [11.2987, 48.3392], [11.2996, 48.3372], [11.2997, 48.337], [11.2997, 48.3369], [11.2998, 48.3367], [11.2999, 48.3366], [11.3, 48.3365], [11.3001, 48.3363], [11.3003, 48.3361], [11.3006, 48.3359]], [[11.3006, 48.3359], [11.3008, 48.3357]], [[11.3008, 48.3357], [11.3012, 48.3354], [11.3014, 48.3352]], [[11.3014, 48.3352], [11.3017, 48.335]], [[11.3017, 48.335], [11.3018, 48.3349]], [[11.3018, 48.3349], [11.302, 48.3347]], [[11.302, 48.3347], [11.3021, 48.3347]], [[11.3021, 48.3347], [11.3024, 48.3344], [11.3029, 48.334], [11.3034, 48.3336]], [[11.3034, 48.3336], [11.3037, 48.3335], [11.3042, 48.3331], [11.305, 48.3326], [11.3051, 48.3325]], [[11.3051, 48.3325], [11.3053, 48.3324], [11.3055, 48.3323], [11.3058, 48.3322], [11.3061, 48.3321]], [[11.3061, 48.3321], [11.3063, 48.332], [11.3066, 48.332], [11.3067, 48.3319], [11.3069, 48.3319], [11.307, 48.3319], [11.3072, 48.3319], [11.3074, 48.3319], [11.3075, 48.3318], [11.3076, 48.3318], [11.3078, 48.3318], [11.308, 48.3318], [11.3083, 48.3319], [11.3085, 48.3319], [11.3087, 48.3319], [11.3091, 48.332], [11.3098, 48.3321], [11.3103, 48.3322]], [[11.3103, 48.3322], [11.311, 48.3324], [11.3122, 48.3326], [11.3136, 48.3329], [11.3147, 48.3331], [11.3158, 48.3333], [11.3162, 48.3334], [11.3169, 48.3335], [11.3173, 48.3336], [11.3177, 48.3337], [11.3191, 48.3339], [11.3204, 48.334], [11.3215, 48.3342]], [[11.3215, 48.3342], [11.3217, 48.3342]], [[11.3217, 48.3342], [11.3229, 48.3343], [11.3236, 48.3344], [11.3242, 48.3345], [11.3246, 48.3346], [11.3248, 48.3346], [11.325, 48.3347], [11.3251, 48.3347], [11.3253, 48.3348], [11.3255, 48.3348], [11.3256, 48.3349], [11.3259, 48.335], [11.3262, 48.3351], [11.3267, 48.3353], [11.3289, 48.3363], [11.3295, 48.3365], [11.33, 48.3367], [11.3304, 48.3369], [11.3312, 48.3372], [11.3316, 48.3373], [11.3319, 48.3374], [11.3326, 48.3376], [11.3329, 48.3377], [11.3332, 48.3378], [11.3338, 48.3379], [11.3342, 48.338], [11.3346, 48.3381], [11.3355, 48.3384], [11.3362, 48.3385], [11.3368, 48.3387], [11.3371, 48.3388], [11.3374, 48.3389], [11.3376, 48.3389], [11.3379, 48.339], [11.3381, 48.3391], [11.3383, 48.3392], [11.3385, 48.3393], [11.3387, 48.3393], [11.339, 48.3395], [11.3395, 48.3397]], [[11.3395, 48.3397], [11.3396, 48.3398]], [[11.3396, 48.3398], [11.3406, 48.3402], [11.3408, 48.3403], [11.341, 48.3404], [11.3414, 48.3405], [11.3437, 48.3412], [11.3443, 48.3414], [11.3447, 48.3415], [11.3457, 48.3417], [11.3462, 48.3418], [11.3467, 48.3419], [11.3473, 48.342], [11.3484, 48.3421], [11.3518, 48.3425], [11.3525, 48.3426], [11.3535, 48.3428], [11.354, 48.3428], [11.3548, 48.343], [11.3563, 48.3434], [11.3576, 48.3437], [11.3583, 48.3438], [11.359, 48.344], [11.3596, 48.3442], [11.3608, 48.3446], [11.365, 48.3461], [11.3655, 48.3463], [11.3661, 48.3465], [11.3664, 48.3467], [11.3668, 48.3469], [11.3672, 48.3472], [11.3677, 48.3475], [11.3691, 48.3486], [11.3696, 48.349], [11.3701, 48.3493], [11.3709, 48.3498], [11.3717, 48.3503], [11.3726, 48.3508], [11.3734, 48.3512], [11.3744, 48.3517], [11.3748, 48.3519]], [[11.3748, 48.3519], [11.3752, 48.352], [11.3755, 48.3521], [11.3758, 48.3522], [11.3761, 48.3523], [11.3764, 48.3523], [11.3769, 48.3524]], [[11.379, 48.3524], [11.3789, 48.3524], [11.3788, 48.3524], [11.3785, 48.3525], [11.3783, 48.3525], [11.378, 48.3525], [11.3776, 48.3524], [11.3773, 48.3524], [11.3769, 48.3524]], [[11.3807, 48.3523], [11.3804, 48.3523], [11.3798, 48.3524], [11.3793, 48.3524], [11.379, 48.3524]], [[11.3807, 48.3523], [11.3813, 48.3523], [11.3817, 48.3522], [11.3822, 48.3522]], [[11.3822, 48.3522], [11.3823, 48.3521], [11.3825, 48.3521], [11.3829, 48.352], [11.3832, 48.3519], [11.3835, 48.3518], [11.3837, 48.3516], [11.3839, 48.3516], [11.3841, 48.3515], [11.3842, 48.3514], [11.3843, 48.3513], [11.3845, 48.3512], [11.3846, 48.3511], [11.3849, 48.3509], [11.3851, 48.3506], [11.386, 48.3495], [11.3865, 48.349], [11.3873, 48.348], [11.3876, 48.3476], [11.3877, 48.3474], [11.3879, 48.3472], [11.3882, 48.3468], [11.3895, 48.3447], [11.39, 48.344], [11.3903, 48.3436], [11.3907, 48.3432], [11.3922, 48.3414], [11.3931, 48.3405], [11.3933, 48.3402], [11.3935, 48.3399], [11.3936, 48.3396], [11.3938, 48.3393], [11.3939, 48.3389], [11.394, 48.3384], [11.3944, 48.3365]], [[11.3944, 48.3365], [11.3945, 48.3363]], [[11.3945, 48.3363], [11.3946, 48.3358], [11.3946, 48.3353], [11.3947, 48.3349], [11.3946, 48.3343], [11.3945, 48.3325], [11.3943, 48.3305], [11.3942, 48.3302], [11.3942, 48.33], [11.3941, 48.3297], [11.394, 48.3294], [11.3938, 48.3291], [11.3937, 48.3287], [11.3928, 48.327], [11.3926, 48.3268], [11.3923, 48.326], [11.3919, 48.3252], [11.3912, 48.3236], [11.3909, 48.3229], [11.3905, 48.3219], [11.3901, 48.3211], [11.3892, 48.3191], [11.3889, 48.3183], [11.3887, 48.3179], [11.3884, 48.3174], [11.388, 48.3166], [11.3878, 48.3162]], [[11.3878, 48.3162], [11.3871, 48.3149], [11.3869, 48.3145], [11.3867, 48.3143], [11.3865, 48.314], [11.3863, 48.3138], [11.386, 48.3136], [11.3857, 48.3133], [11.3852, 48.313], [11.3847, 48.3127], [11.3838, 48.312]], [[11.3838, 48.312], [11.3833, 48.3115], [11.383, 48.3112], [11.3825, 48.3107], [11.382, 48.3104], [11.3812, 48.3097], [11.3797, 48.3085], [11.3786, 48.3076], [11.3775, 48.3067], [11.377, 48.3063]], [[11.377, 48.3063], [11.3769, 48.3062]], [[11.3769, 48.3062], [11.3759, 48.3055], [11.3755, 48.3051], [11.3751, 48.3049], [11.3747, 48.3046], [11.3742, 48.3043], [11.3737, 48.3041], [11.3731, 48.3038], [11.3726, 48.3037], [11.3723, 48.3036], [11.372, 48.3035], [11.3718, 48.3034], [11.3715, 48.3033], [11.3709, 48.3032], [11.3702, 48.3031], [11.3682, 48.3028]], [[11.3682, 48.3028], [11.3679, 48.3027], [11.3674, 48.3026], [11.3672, 48.3025], [11.367, 48.3025], [11.3669, 48.3024], [11.3667, 48.3024], [11.3665, 48.3023], [11.3664, 48.3022], [11.366, 48.302], [11.3659, 48.3019], [11.3658, 48.3018], [11.3656, 48.3017], [11.3654, 48.3016], [11.3653, 48.3015], [11.3652, 48.3013], [11.3651, 48.3012], [11.365, 48.301], [11.3647, 48.3004], [11.3644, 48.3], [11.3641, 48.2995], [11.364, 48.2992], [11.3639, 48.2991], [11.3639, 48.299], [11.3638, 48.2989], [11.3638, 48.2988], [11.3638, 48.2987], [11.3637, 48.2986], [11.3637, 48.2985], [11.3637, 48.2984], [11.3637, 48.2982], [11.3637, 48.2981], [11.3637, 48.298], [11.3638, 48.2979], [11.3638, 48.2978], [11.3639, 48.2975], [11.364, 48.2972]], [[11.364, 48.2972], [11.365, 48.2949], [11.3652, 48.2946], [11.3653, 48.2944], [11.3655, 48.2938], [11.3657, 48.2934], [11.3658, 48.2931], [11.3661, 48.2926], [11.3661, 48.2925], [11.3664, 48.292], [11.3665, 48.2917], [11.3667, 48.2915], [11.3669, 48.2912], [11.367, 48.291], [11.3671, 48.2909]], [[11.3671, 48.2909], [11.3672, 48.2908], [11.3675, 48.2904]], [[11.3675, 48.2904], [11.3676, 48.2901], [11.3677, 48.2899], [11.3678, 48.2898], [11.3679, 48.2896], [11.3679, 48.2895], [11.368, 48.2893], [11.368, 48.2891], [11.368, 48.2888], [11.3679, 48.2885]], [[11.3679, 48.2885], [11.3679, 48.288], [11.3679, 48.2878], [11.3678, 48.2875], [11.3679, 48.2873], [11.3679, 48.2871], [11.368, 48.2867], [11.3682, 48.2863], [11.3691, 48.2848]], [[11.3691, 48.2848], [11.3692, 48.2845], [11.3694, 48.2842]], [[11.3694, 48.2842], [11.3696, 48.284]], [[11.3696, 48.284], [11.3698, 48.2838], [11.37, 48.2837], [11.3701, 48.2836], [11.3702, 48.2835], [11.3704, 48.2834], [11.3706, 48.2833], [11.3709, 48.2832], [11.3719, 48.2827], [11.3731, 48.2822], [11.3737, 48.2818], [11.3745, 48.2814], [11.3748, 48.2813], [11.3751, 48.2812], [11.3753, 48.2811]], [[11.3753, 48.2811], [11.3766, 48.2807], [11.3794, 48.28], [11.3797, 48.2799], [11.3801, 48.2797], [11.3804, 48.2796], [11.381, 48.2794], [11.3811, 48.2794], [11.3818, 48.2791], [11.3829, 48.2786], [11.3843, 48.2779], [11.3853, 48.2775], [11.3856, 48.2774], [11.3858, 48.2773], [11.3859, 48.2773], [11.3862, 48.2772], [11.3865, 48.2771], [11.3871, 48.277], [11.3878, 48.2769], [11.3885, 48.2767], [11.3888, 48.2767], [11.3893, 48.2766], [11.3895, 48.2766], [11.3897, 48.2766], [11.3901, 48.2766], [11.3906, 48.2766], [11.3917, 48.2766], [11.3927, 48.2767], [11.3934, 48.2768], [11.396, 48.277], [11.397, 48.2772], [11.3989, 48.2773], [11.3997, 48.2774], [11.3999, 48.2774], [11.4001, 48.2775], [11.4003, 48.2775], [11.4005, 48.2775], [11.4007, 48.2775], [11.4009, 48.2775], [11.4012, 48.2775], [11.4014, 48.2775], [11.4017, 48.2774], [11.402, 48.2774], [11.4024, 48.2773], [11.4028, 48.2772], [11.4031, 48.2771], [11.4032, 48.2771], [11.404, 48.2768], [11.4048, 48.2765], [11.4052, 48.2764], [11.4056, 48.2762], [11.4061, 48.276], [11.4071, 48.2757], [11.4084, 48.2753], [11.4112, 48.2744], [11.4125, 48.274], [11.4151, 48.2732], [11.4178, 48.2724], [11.4187, 48.2721], [11.4196, 48.2718], [11.4228, 48.2707], [11.4242, 48.2702], [11.4245, 48.2701], [11.4247, 48.2701], [11.425, 48.27], [11.4253, 48.2699], [11.4258, 48.2698], [11.4263, 48.2697], [11.4272, 48.2695], [11.4281, 48.2694], [11.4285, 48.2693], [11.4289, 48.2693], [11.4293, 48.2692], [11.4295, 48.2692], [11.4297, 48.2692], [11.4299, 48.2692], [11.4301, 48.2692], [11.4304, 48.2692], [11.4309, 48.2692], [11.4314, 48.2692], [11.4316, 48.2692], [11.4318, 48.2692], [11.432, 48.2692], [11.4322, 48.2692], [11.4326, 48.2692], [11.4328, 48.2692], [11.433, 48.2692], [11.4338, 48.269], [11.4344, 48.269], [11.4353, 48.2688], [11.4359, 48.2687], [11.4362, 48.2687], [11.4364, 48.2686], [11.4366, 48.2686], [11.4367, 48.2686], [11.4369, 48.2685], [11.4371, 48.2685], [11.4373, 48.2684], [11.4374, 48.2684], [11.4376, 48.2683], [11.4378, 48.2682], [11.4381, 48.268], [11.4384, 48.2678], [11.4388, 48.2675], [11.4391, 48.2673], [11.4393, 48.2671], [11.4394, 48.267], [11.4395, 48.2669], [11.4397, 48.2667], [11.4399, 48.2665], [11.4401, 48.2663], [11.4403, 48.2661], [11.4404, 48.2659], [11.4405, 48.2659], [11.4409, 48.2655]], [[11.4409, 48.2655], [11.441, 48.2654]], [[11.441, 48.2654], [11.4413, 48.2649], [11.4415, 48.2647], [11.4416, 48.2645], [11.4417, 48.2643], [11.4418, 48.264], [11.4419, 48.2637], [11.4419, 48.2635], [11.442, 48.2633], [11.442, 48.2631], [11.4421, 48.2628]], [[11.4421, 48.2628], [11.4421, 48.2625]], [[11.4421, 48.2625], [11.4422, 48.2622], [11.4422, 48.2621]], [[11.4422, 48.2621], [11.4424, 48.2613], [11.4424, 48.2612]], [[11.4424, 48.2612], [11.4426, 48.2605]], [[11.4426, 48.2605], [11.4428, 48.2596], [11.4429, 48.2594], [11.4431, 48.2587]], [[11.3643, 48.2996], [11.3648, 48.3005], [11.3649, 48.3005], [11.3649, 48.3006], [11.3649, 48.3007], [11.365, 48.3007], [11.3649, 48.3008], [11.3643, 48.2996]], [[11.3051, 48.3326], [11.3051, 48.3327], [11.3047, 48.3329], [11.3038, 48.3335], [11.3037, 48.3335], [11.3051, 48.3326]], [[11.4422, 48.2621], [11.4424, 48.2614]], [[11.3671, 48.2909], [11.367, 48.291], [11.3668, 48.2914], [11.3666, 48.2917], [11.3664, 48.292], [11.3663, 48.2924]], [[11.3663, 48.2924], [11.3662, 48.2925], [11.3662, 48.2926], [11.3659, 48.2931], [11.3658, 48.2934], [11.3656, 48.2939], [11.3653, 48.2944], [11.3652, 48.2946], [11.3641, 48.2972], [11.3639, 48.2975], [11.3638, 48.2978], [11.3638, 48.2979], [11.3638, 48.298], [11.3638, 48.2981], [11.3638, 48.2982], [11.3638, 48.2984], [11.3638, 48.2985], [11.3638, 48.2986], [11.3638, 48.2987], [11.3638, 48.2988], [11.3639, 48.2989], [11.3639, 48.299], [11.364, 48.2991], [11.364, 48.2992], [11.3642, 48.2995], [11.3644, 48.3], [11.3647, 48.3004], [11.365, 48.301], [11.3652, 48.3012], [11.3652, 48.3013], [11.3654, 48.3014], [11.3655, 48.3016], [11.3656, 48.3017], [11.3658, 48.3018], [11.3659, 48.3019], [11.3661, 48.302], [11.3664, 48.3022], [11.3666, 48.3023], [11.3667, 48.3023], [11.3669, 48.3024], [11.3671, 48.3025], [11.3672, 48.3025], [11.3674, 48.3025], [11.3677, 48.3026], [11.3679, 48.3027], [11.3683, 48.3027]], [[11.3683, 48.3027], [11.3702, 48.303], [11.3709, 48.3032], [11.3715, 48.3033], [11.3718, 48.3034], [11.3721, 48.3035], [11.3724, 48.3035], [11.3727, 48.3036], [11.3731, 48.3038], [11.3737, 48.3041], [11.3742, 48.3043], [11.3747, 48.3046], [11.3751, 48.3048], [11.3756, 48.3051], [11.376, 48.3054], [11.377, 48.3062]], [[11.377, 48.3062], [11.3771, 48.3063]], [[11.3771, 48.3063], [11.3775, 48.3067], [11.3797, 48.3084], [11.382, 48.3103], [11.3825, 48.3107], [11.383, 48.3112], [11.3833, 48.3114], [11.3835, 48.3116], [11.3837, 48.3118], [11.3838, 48.312]], [[11.3052, 48.3326], [11.3056, 48.3323], [11.3059, 48.3322], [11.306, 48.3322], [11.3062, 48.3321], [11.3063, 48.3321], [11.3065, 48.332], [11.3067, 48.332], [11.3069, 48.332], [11.3071, 48.3319], [11.3073, 48.3319], [11.3076, 48.3319], [11.3079, 48.3319], [11.3081, 48.3319], [11.3082, 48.3319], [11.3083, 48.3319], [11.3086, 48.332], [11.3091, 48.332], [11.3098, 48.3321], [11.3103, 48.3322]], [[11.3035, 48.3337], [11.3037, 48.3335], [11.3043, 48.3331], [11.3051, 48.3326], [11.3052, 48.3326]], [[11.3021, 48.3347], [11.303, 48.334], [11.3035, 48.3337]], [[11.2567, 48.3836], [11.2558, 48.3844], [11.2551, 48.385]]]}, "properties": {"ref": "S2", "opened_year": 1972, "is_central_tunnel": false, "segment_count": 402}}, {"type": "Feature", "geometry": {"type": "MultiLineString", "coordinates": [[[11.592, 48.13], [11.5936, 48.1289], [11.5938, 48.1288], [11.594, 48.1287], [11.5939, 48.1286], [11.5937, 48.1287], [11.5936, 48.1288], [11.5935, 48.1288], [11.5935, 48.1289], [11.5919, 48.1299], [11.592, 48.13]], [[11.5823, 48.1348], [11.5822, 48.1348], [11.5824, 48.1347], [11.5825, 48.1346], [11.5831, 48.1342], [11.5838, 48.1337], [11.584, 48.1336], [11.5842, 48.1335], [11.5843, 48.1335], [11.5841, 48.1337], [11.5839, 48.1338], [11.5832, 48.1342], [11.5825, 48.1346], [11.5824, 48.1347], [11.5823, 48.1348]], [[11.6009, 48.1257], [11.6006, 48.1257], [11.6002, 48.1257], [11.5998, 48.1257], [11.5993, 48.1257], [11.5989, 48.1258], [11.5984, 48.126], [11.5978, 48.1263], [11.5946, 48.1282], [11.5944, 48.1284], [11.5941, 48.1286], [11.594, 48.1287], [11.5938, 48.1288], [11.5934, 48.129], [11.5931, 48.1292], [11.5927, 48.1295], [11.592, 48.13], [11.5907, 48.1308], [11.59, 48.1313], [11.5895, 48.1316], [11.5889, 48.1318], [11.5885, 48.132], [11.5868, 48.1324], [11.5865, 48.1325], [11.5856, 48.1329], [11.585, 48.1332], [11.5848, 48.1333], [11.5843, 48.1335], [11.5837, 48.1339], [11.5832, 48.1342], [11.583, 48.1344], [11.5823, 48.1348], [11.5819, 48.1351], [11.5817, 48.1352], [11.5814, 48.1353], [11.5811, 48.1355], [11.5806, 48.1356], [11.58, 48.1358]], [[11.58, 48.1358], [11.5782, 48.1363], [11.5776, 48.1365], [11.5767, 48.1368], [11.5765, 48.1369], [11.576, 48.137], [11.5756, 48.1371], [11.5749, 48.1373], [11.5742, 48.1374], [11.5733, 48.1376], [11.5727, 48.1378], [11.572, 48.138], [11.5714, 48.1382], [11.5707, 48.1383]], [[11.5707, 48.1383], [11.5702, 48.1384], [11.5691, 48.1385], [11.5684, 48.1386], [11.5678, 48.1387], [11.5672, 48.1389], [11.5669, 48.139], [11.5667, 48.1391], [11.5666, 48.1391], [11.5664, 48.1392], [11.5663, 48.1392], [11.5661, 48.1393], [11.566, 48.1394], [11.5659, 48.1394], [11.5658, 48.1395], [11.5657, 48.1396], [11.5654, 48.1397], [11.5653, 48.1397], [11.5652, 48.1398], [11.565, 48.1399], [11.5647, 48.14], [11.5643, 48.1401], [11.5639, 48.1402], [11.5619, 48.1409]], [[11.5619, 48.1409], [11.5612, 48.141], [11.5612, 48.1411], [11.5611, 48.1411], [11.5605, 48.1412], [11.5602, 48.1413], [11.5597, 48.1414]], [[11.5597, 48.1414], [11.5595, 48.1414], [11.5592, 48.1415]], [[11.5592, 48.1415], [11.5591, 48.1415]], [[11.5591, 48.1415], [11.5583, 48.1417], [11.5579, 48.1418], [11.5576, 48.1419], [11.5571, 48.142], [11.5568, 48.142], [11.5565, 48.142], [11.5563, 48.1421], [11.5561, 48.1421], [11.5557, 48.1422], [11.5554, 48.1423], [11.5551, 48.1423], [11.5547, 48.1423], [11.5545, 48.1423], [11.5542, 48.1423], [11.5539, 48.1423], [11.5535, 48.1423], [11.5534, 48.1423], [11.553, 48.1422], [11.5528, 48.1422], [11.5523, 48.1421]], [[11.5608, 48.141], [11.5599, 48.1412], [11.5595, 48.1413], [11.5588, 48.1414], [11.5582, 48.1416], [11.5596, 48.1413], [11.56, 48.1412], [11.5608, 48.141], [11.5611, 48.141], [11.5611, 48.1409], [11.561, 48.1409], [11.5609, 48.141], [11.5608, 48.141]], [[11.5523, 48.142], [11.5531, 48.1422], [11.5535, 48.1422], [11.5539, 48.1423], [11.5542, 48.1423], [11.5544, 48.1423], [11.5547, 48.1423], [11.5551, 48.1422], [11.5553, 48.1422], [11.5557, 48.1422], [11.5561, 48.1421], [11.5566, 48.142], [11.5569, 48.1419], [11.5571, 48.1419], [11.5575, 48.1418], [11.5577, 48.1417], [11.5583, 48.1416], [11.559, 48.1415], [11.559, 48.1414]], [[11.559, 48.1414], [11.5591, 48.1414]], [[11.5591, 48.1414], [11.5598, 48.1413], [11.5602, 48.1412], [11.5611, 48.141], [11.5619, 48.1408]], [[11.5619, 48.1408], [11.5639, 48.1402], [11.5644, 48.14], [11.5647, 48.1399], [11.5647, 48.1398], [11.5651, 48.1397], [11.5652, 48.1397], [11.5657, 48.1394], [11.5658, 48.1393], [11.5661, 48.1392], [11.5663, 48.1391], [11.5666, 48.139], [11.5672, 48.1388], [11.5678, 48.1387], [11.5684, 48.1386], [11.5691, 48.1385], [11.5702, 48.1384], [11.5707, 48.1383]], [[11.5707, 48.1383], [11.5713, 48.1382], [11.572, 48.138], [11.5726, 48.1378], [11.5732, 48.1376], [11.5733, 48.1376], [11.5756, 48.1371], [11.5759, 48.137], [11.5764, 48.1368], [11.5775, 48.1364], [11.5778, 48.1363], [11.5782, 48.1362], [11.58, 48.1358]], [[11.58, 48.1358], [11.5806, 48.1356], [11.581, 48.1354], [11.5812, 48.1353], [11.5815, 48.1352], [11.5818, 48.135], [11.5822, 48.1348], [11.5831, 48.1341], [11.5842, 48.1335], [11.5844, 48.1333], [11.5847, 48.1332], [11.5851, 48.133], [11.5855, 48.1328], [11.5864, 48.1324], [11.5867, 48.1323], [11.5882, 48.132], [11.5884, 48.1319], [11.5888, 48.1318], [11.5894, 48.1315], [11.59, 48.1312], [11.5906, 48.1308], [11.5918, 48.1299], [11.5919, 48.1299], [11.593, 48.1291], [11.5937, 48.1287], [11.5939, 48.1286], [11.5939, 48.1285], [11.5952, 48.1278], [11.5978, 48.1262], [11.5983, 48.126], [11.5985, 48.1259], [11.5989, 48.1258], [11.5993, 48.1257], [11.5997, 48.1256], [11.6002, 48.1256], [11.6004, 48.1256], [11.6006, 48.1256], [11.6009, 48.1256]], [[11.6018, 48.1257], [11.602, 48.1258], [11.6023, 48.1259], [11.6025, 48.1259]]]}, "properties": {"ref": "S2", "opened_year": 1972, "is_central_tunnel": true, "segment_count": 17}}, {"type": "Feature", "geometry": {"type": "MultiLineString", "coordinates": [[[11.5099, 48.0435], [11.5098, 48.0435], [11.509, 48.0424], [11.509, 48.0423], [11.5092, 48.0426], [11.5093, 48.0427], [11.5093, 48.0428], [11.5094, 48.0428], [11.5098, 48.0433], [11.5098, 48.0434], [11.5099, 48.0435]], [[11.5222, 48.0594], [11.5223, 48.0594], [11.5223, 48.0593], [11.5222, 48.0593], [11.5222, 48.0592], [11.5221, 48.0592], [11.522, 48.059], [11.5218, 48.0587], [11.5215, 48.0584], [11.5215, 48.0583], [11.5214, 48.0583], [11.5215, 48.0584], [11.5217, 48.0587], [11.5219, 48.059], [11.5222, 48.0594]], [[11.5311, 48.0716], [11.5305, 48.0704], [11.5306, 48.0704], [11.5312, 48.0716], [11.5311, 48.0716]], [[11.5273, 48.081], [11.5273, 48.0809], [11.5273, 48.0808], [11.5273, 48.0807], [11.5272, 48.0807], [11.5272, 48.0806], [11.5271, 48.0804], [11.5271, 48.0802], [11.5271, 48.0801], [11.5271, 48.08], [11.527, 48.08], [11.527, 48.0797], [11.527, 48.0796], [11.527, 48.0795], [11.527, 48.0794], [11.527, 48.0793], [11.5271, 48.0792], [11.527, 48.0792], [11.527, 48.0791], [11.527, 48.0792], [11.527, 48.0793], [11.527, 48.0795], [11.527, 48.0796], [11.527, 48.0797], [11.527, 48.0799], [11.527, 48.0801], [11.527, 48.0802], [11.5271, 48.0804], [11.5272, 48.0806], [11.5272, 48.0808], [11.5272, 48.0809], [11.5273, 48.081]], [[11.5332, 48.0954], [11.5331, 48.0952], [11.5325, 48.0935], [11.5326, 48.0937], [11.5327, 48.0937], [11.5326, 48.0937], [11.5328, 48.0941], [11.5328, 48.0942], [11.5329, 48.0945], [11.533, 48.0945], [11.533, 48.0946], [11.5331, 48.0949], [11.5332, 48.095], [11.5331, 48.095], [11.5332, 48.0952], [11.5333, 48.0954], [11.5332, 48.0954]], [[11.5317, 48.1326], [11.5306, 48.1333], [11.5304, 48.1335], [11.5297, 48.134], [11.5297, 48.1339], [11.5303, 48.1335], [11.5304, 48.1335], [11.5306, 48.1333], [11.5309, 48.1331], [11.531, 48.133], [11.5317, 48.1326]], [[11.4607, 48.1499], [11.4616, 48.1496], [11.4634, 48.1491], [11.4633, 48.1491], [11.4628, 48.1493], [11.4627, 48.1492], [11.4622, 48.1494], [11.4616, 48.1496], [11.4614, 48.1497], [11.4614, 48.1496], [11.4613, 48.1497], [11.4607, 48.1499]], [[11.5097, 48.0433], [11.5099, 48.0436], [11.51, 48.0437]], [[11.51, 48.0437], [11.5101, 48.0438]], [[11.5101, 48.0438], [11.5102, 48.044]], [[11.5102, 48.044], [11.5107, 48.0446], [11.5108, 48.0448], [11.5113, 48.0455], [11.5114, 48.0455], [11.5114, 48.0456], [11.512, 48.0462], [11.5132, 48.0479], [11.5141, 48.0489], [11.5148, 48.0499], [11.5157, 48.0511], [11.5165, 48.0521], [11.5184, 48.0545], [11.5184, 48.0546], [11.519, 48.0552], [11.5198, 48.0564], [11.5209, 48.0577], [11.5212, 48.0581], [11.5213, 48.0582], [11.5213, 48.0583]], [[11.5213, 48.0583], [11.5218, 48.0589], [11.5223, 48.0595]], [[11.5223, 48.0595], [11.5224, 48.0597], [11.5225, 48.0597], [11.5225, 48.0598], [11.5226, 48.0599], [11.5252, 48.0632], [11.5275, 48.0661], [11.528, 48.0668]], [[11.528, 48.0668], [11.5281, 48.0669]], [[11.5281, 48.0669], [11.529, 48.068]], [[11.529, 48.068], [11.529, 48.0681]], [[11.529, 48.0681], [11.5294, 48.0686], [11.5296, 48.0689], [11.5297, 48.0691], [11.5298, 48.0692], [11.53, 48.0695], [11.5302, 48.0697], [11.5303, 48.0699], [11.5304, 48.0701]], [[11.5304, 48.0701], [11.5306, 48.0704], [11.5308, 48.0709], [11.531, 48.0712], [11.5311, 48.0714], [11.5312, 48.0717], [11.5313, 48.0718]], [[11.5313, 48.0718], [11.5314, 48.072]], [[11.5314, 48.072], [11.5314, 48.0721], [11.5314, 48.0723], [11.5315, 48.0724], [11.5315, 48.0725], [11.5315, 48.0727], [11.5315, 48.0728], [11.5316, 48.0731], [11.5315, 48.0732], [11.5315, 48.0734], [11.5315, 48.0736], [11.5314, 48.0738], [11.5314, 48.0739], [11.5313, 48.0741], [11.5312, 48.0743], [11.5311, 48.0744], [11.5311, 48.0745]], [[11.5311, 48.0745], [11.531, 48.0746], [11.5308, 48.0748], [11.5307, 48.0749], [11.5306, 48.075], [11.5305, 48.0751], [11.5304, 48.0751], [11.5303, 48.0752], [11.5302, 48.0753], [11.5301, 48.0754]], [[11.5301, 48.0754], [11.5299, 48.0755], [11.5296, 48.0757], [11.5293, 48.0759], [11.529, 48.0761], [11.5287, 48.0763], [11.5285, 48.0764], [11.5282, 48.0767], [11.528, 48.0769], [11.5279, 48.0771], [11.5277, 48.0772], [11.5276, 48.0774], [11.5275, 48.0775], [11.5274, 48.0777], [11.5273, 48.0779]], [[11.5273, 48.0779], [11.5272, 48.078], [11.5271, 48.0783], [11.5271, 48.0784]], [[11.5271, 48.0784], [11.5271, 48.0786], [11.527, 48.0788]], [[11.527, 48.0788], [11.527, 48.0789], [11.527, 48.079], [11.527, 48.0791], [11.527, 48.0792], [11.5269, 48.0794], [11.5269, 48.0795], [11.5269, 48.0797], [11.527, 48.0799], [11.527, 48.0802], [11.5271, 48.0804], [11.5271, 48.0806], [11.5272, 48.0808], [11.5273, 48.081], [11.5274, 48.0812]], [[11.5274, 48.0812], [11.5275, 48.0816], [11.5284, 48.0836], [11.5284, 48.0838], [11.5289, 48.0849], [11.5293, 48.086]], [[11.5293, 48.086], [11.5294, 48.0861]], [[11.5294, 48.0861], [11.5294, 48.0862], [11.5298, 48.0872], [11.5304, 48.0886], [11.5304, 48.0887], [11.5311, 48.0902], [11.5312, 48.0905]], [[11.5312, 48.0905], [11.5313, 48.0907]], [[11.5313, 48.0907], [11.5318, 48.0921], [11.5323, 48.0932], [11.5324, 48.0934], [11.5324, 48.0935]], [[11.5324, 48.0935], [11.5328, 48.0943], [11.533, 48.095], [11.5331, 48.0952], [11.5332, 48.0954], [11.5332, 48.0955]], [[11.5332, 48.0955], [11.5334, 48.0958]], [[11.5334, 48.0958], [11.534, 48.0973], [11.5341, 48.0975], [11.5351, 48.1]], [[11.5351, 48.1], [11.5352, 48.1003]], [[11.5352, 48.1003], [11.5354, 48.1007], [11.5354, 48.1008], [11.5357, 48.1014], [11.5358, 48.1016], [11.5359, 48.1021], [11.536, 48.1024], [11.5361, 48.1026], [11.5361, 48.1029], [11.5362, 48.1031], [11.5363, 48.1034], [11.5363, 48.1037], [11.5363, 48.1039], [11.5364, 48.1042], [11.5364, 48.1044], [11.5364, 48.1048], [11.5364, 48.105], [11.5365, 48.1052], [11.5365, 48.1057], [11.5365, 48.1062], [11.5365, 48.1066], [11.5365, 48.1069], [11.5365, 48.1071], [11.5365, 48.1078], [11.5364, 48.1086], [11.5364, 48.109]], [[11.5364, 48.109], [11.5364, 48.1092]], [[11.5364, 48.1092], [11.5364, 48.1093], [11.5364, 48.1094], [11.5363, 48.1098], [11.5363, 48.11], [11.5363, 48.1104]], [[11.5363, 48.1104], [11.5363, 48.1109]], [[11.5363, 48.1109], [11.5362, 48.1116]], [[11.5362, 48.1125], [11.5362, 48.1118], [11.5362, 48.1116]], [[11.5361, 48.1133], [11.5362, 48.1125]], [[11.5361, 48.1167], [11.536, 48.1165], [11.536, 48.1163], [11.536, 48.1159], [11.536, 48.1158], [11.5361, 48.115], [11.5361, 48.1136], [11.5361, 48.1135], [11.5361, 48.1133]], [[11.5361, 48.117], [11.5361, 48.1167]], [[11.5361, 48.117], [11.5362, 48.1173], [11.5362, 48.1176], [11.5364, 48.1183], [11.5366, 48.1192], [11.5366, 48.1193], [11.5367, 48.1197], [11.5368, 48.1201]], [[11.5368, 48.1201], [11.5368, 48.1203]], [[11.5368, 48.1203], [11.5371, 48.1215], [11.5374, 48.1226], [11.5375, 48.123], [11.5376, 48.1238], [11.5379, 48.1249], [11.5379, 48.1253]], [[11.5379, 48.1253], [11.538, 48.1255], [11.538, 48.1257]], [[11.538, 48.1257], [11.538, 48.1259], [11.538, 48.1261], [11.5379, 48.1263], [11.5379, 48.1265], [11.5378, 48.1268], [11.5378, 48.127], [11.5377, 48.1271], [11.5377, 48.1273], [11.5376, 48.1275], [11.5375, 48.1277], [11.5374, 48.1278], [11.5373, 48.128], [11.5373, 48.1281], [11.5372, 48.1282], [11.5371, 48.1283], [11.5369, 48.1287], [11.5366, 48.129], [11.5363, 48.1293], [11.536, 48.1296], [11.5356, 48.1299], [11.5352, 48.1302], [11.535, 48.1303], [11.5348, 48.1305], [11.5343, 48.1308], [11.5339, 48.1311], [11.5337, 48.1312], [11.5333, 48.1315], [11.5325, 48.1321]], [[11.5325, 48.1321], [11.5322, 48.1323], [11.5318, 48.1326]], [[11.5318, 48.1326], [11.5317, 48.1326], [11.5313, 48.1329], [11.5311, 48.1331], [11.5297, 48.134], [11.529, 48.1345], [11.5283, 48.135], [11.5279, 48.1352], [11.5276, 48.1355], [11.5274, 48.1356]], [[11.5274, 48.1356], [11.5272, 48.1358], [11.5264, 48.1364]], [[11.5264, 48.1364], [11.5262, 48.1366]], [[11.5209, 48.1405], [11.521, 48.1404], [11.5215, 48.14], [11.5233, 48.1387], [11.5252, 48.1373], [11.5262, 48.1366]], [[11.5205, 48.1408], [11.5209, 48.1405]], [[11.5202, 48.141], [11.5205, 48.1408]], [[11.5201, 48.1411], [11.5202, 48.141]], [[11.5196, 48.1414], [11.5201, 48.1411]], [[11.5157, 48.1429], [11.516, 48.1428], [11.5162, 48.1428], [11.5165, 48.1428], [11.5167, 48.1427], [11.5169, 48.1427], [11.5171, 48.1426], [11.5173, 48.1426], [11.5175, 48.1425], [11.5177, 48.1424], [11.518, 48.1423], [11.5186, 48.1419], [11.5191, 48.1417], [11.5193, 48.1416], [11.5196, 48.1414]], [[11.5147, 48.1429], [11.5157, 48.1429]], [[11.5053, 48.1437], [11.5055, 48.1437], [11.5084, 48.1434], [11.5085, 48.1434], [11.5108, 48.1431], [11.5121, 48.143], [11.5126, 48.143], [11.513, 48.1429], [11.5133, 48.1429], [11.5139, 48.1429], [11.5147, 48.1429]], [[11.498, 48.1445], [11.4991, 48.1444], [11.5002, 48.1443], [11.5005, 48.1442], [11.5023, 48.1441], [11.5039, 48.1439], [11.5053, 48.1437]], [[11.4682, 48.1476], [11.4683, 48.1476], [11.4689, 48.1474], [11.4696, 48.1472], [11.47, 48.1471], [11.4704, 48.147], [11.471, 48.1469], [11.4712, 48.1468], [11.4715, 48.1468], [11.472, 48.1467], [11.4724, 48.1467], [11.4734, 48.1466], [11.4738, 48.1466], [11.4753, 48.1465], [11.4761, 48.1464], [11.4775, 48.1463], [11.4785, 48.1462], [11.4807, 48.1461], [11.4818, 48.146], [11.4842, 48.1458], [11.4844, 48.1458], [11.4863, 48.1457], [11.4874, 48.1456], [11.4882, 48.1455], [11.4896, 48.1455], [11.4903, 48.1454], [11.4909, 48.1453], [11.4914, 48.1453], [11.4927, 48.1451], [11.4929, 48.145], [11.4933, 48.145], [11.494, 48.1449], [11.4954, 48.1448], [11.4967, 48.1447], [11.498, 48.1445]], [[11.4647, 48.1488], [11.4663, 48.1482], [11.4682, 48.1476]], [[11.4615, 48.1497], [11.4624, 48.1494], [11.4636, 48.1491], [11.464, 48.149], [11.4646, 48.1488], [11.4647, 48.1488]], [[11.5324, 48.0935], [11.5331, 48.0954], [11.533, 48.0953], [11.533, 48.0952], [11.5329, 48.095], [11.5328, 48.095], [11.5329, 48.0949], [11.5327, 48.0946], [11.5327, 48.0945], [11.5326, 48.0942], [11.5325, 48.0942], [11.5325, 48.0941], [11.5323, 48.0936], [11.5324, 48.0935]], [[11.5272, 48.081], [11.5271, 48.0806], [11.5271, 48.0805], [11.527, 48.0805], [11.527, 48.0802], [11.5269, 48.0799], [11.5269, 48.0797], [11.5269, 48.0795], [11.5269, 48.0793], [11.5269, 48.0792], [11.5269, 48.0791], [11.5268, 48.0791], [11.5268, 48.0793], [11.5268, 48.0794], [11.5268, 48.0797], [11.5269, 48.0799], [11.5269, 48.0802], [11.527, 48.0805], [11.527, 48.0806], [11.527, 48.0807], [11.5271, 48.0809], [11.5272, 48.081]], [[11.5213, 48.0584], [11.5217, 48.059], [11.5218, 48.059], [11.5222, 48.0595], [11.5213, 48.0584]], [[11.5098, 48.0437], [11.509, 48.0425], [11.5093, 48.0429], [11.5094, 48.0429], [11.5094, 48.043], [11.5095, 48.0432], [11.5096, 48.0432], [11.5096, 48.0433], [11.5098, 48.0435], [11.5099, 48.0436], [11.5098, 48.0437]], [[11.5362, 48.1116], [11.5362, 48.1111], [11.5362, 48.1109]], [[11.5362, 48.1109], [11.5363, 48.1104]], [[11.5363, 48.1104], [11.5363, 48.11], [11.5363, 48.1094], [11.5363, 48.1092]], [[11.5363, 48.1092], [11.5363, 48.109]], [[11.5363, 48.109], [11.5363, 48.1078], [11.5363, 48.1071], [11.5363, 48.1069], [11.5364, 48.1064], [11.5364, 48.1063], [11.5364, 48.1052], [11.5364, 48.1048], [11.5363, 48.1045], [11.5363, 48.1042], [11.5363, 48.1038], [11.5362, 48.1037], [11.5362, 48.1034], [11.5361, 48.1031], [11.5361, 48.1029], [11.536, 48.1026], [11.5359, 48.1023], [11.5359, 48.1021], [11.5358, 48.1019], [11.5357, 48.1017], [11.5357, 48.1016], [11.5357, 48.1015], [11.5354, 48.1008], [11.5353, 48.1007], [11.5352, 48.1004], [11.5352, 48.1003]], [[11.5352, 48.1003], [11.535, 48.0999]], [[11.535, 48.0999], [11.534, 48.0975], [11.5339, 48.0973], [11.5333, 48.0958]], [[11.5333, 48.0958], [11.5332, 48.0955]], [[11.5332, 48.0955], [11.5327, 48.0943], [11.5324, 48.0935]], [[11.5324, 48.0935], [11.5323, 48.0934], [11.5323, 48.0933], [11.5318, 48.0921], [11.5312, 48.0907]], [[11.5312, 48.0907], [11.5311, 48.0905]], [[11.5311, 48.0905], [11.531, 48.0902], [11.5307, 48.0895], [11.5304, 48.0887], [11.5304, 48.0886], [11.5298, 48.0872], [11.5294, 48.0862], [11.5293, 48.0861]], [[11.5293, 48.0861], [11.5293, 48.086]], [[11.5293, 48.086], [11.5287, 48.0845], [11.5284, 48.084], [11.528, 48.0829], [11.5274, 48.0816], [11.5272, 48.0813]], [[11.5272, 48.0813], [11.5272, 48.0811], [11.5271, 48.0809], [11.527, 48.0807], [11.527, 48.0806], [11.5269, 48.0805], [11.5269, 48.0802], [11.5268, 48.0799], [11.5268, 48.0797], [11.5268, 48.0795], [11.5268, 48.0793], [11.5268, 48.0792], [11.5268, 48.0791], [11.5269, 48.0789], [11.5269, 48.0788], [11.5269, 48.0787]], [[11.5269, 48.0787], [11.527, 48.0785], [11.527, 48.0783]], [[11.527, 48.0783], [11.527, 48.0782], [11.5271, 48.078], [11.5272, 48.0778]], [[11.5272, 48.0778], [11.5273, 48.0776], [11.5274, 48.0775], [11.5274, 48.0774], [11.5275, 48.0773], [11.5275, 48.0772], [11.5277, 48.077], [11.5278, 48.0768], [11.5279, 48.0767], [11.5281, 48.0765], [11.5282, 48.0763], [11.5284, 48.0761], [11.5286, 48.0759], [11.5288, 48.0758], [11.5289, 48.0757], [11.5291, 48.0756], [11.5295, 48.0753], [11.5298, 48.0752], [11.5302, 48.0749], [11.5304, 48.0748]], [[11.5304, 48.0748], [11.5305, 48.0747]], [[11.5305, 48.0747], [11.5306, 48.0746], [11.5307, 48.0745], [11.5308, 48.0744], [11.5309, 48.0743], [11.531, 48.0742], [11.5311, 48.0741], [11.5312, 48.0739], [11.5313, 48.0737], [11.5314, 48.0736], [11.5314, 48.0734], [11.5315, 48.0732], [11.5315, 48.0731], [11.5315, 48.073], [11.5315, 48.0729], [11.5315, 48.0728], [11.5315, 48.0727], [11.5314, 48.0725], [11.5314, 48.0724], [11.5314, 48.0723], [11.5313, 48.0721], [11.5313, 48.072]], [[11.5313, 48.072], [11.5312, 48.0718]], [[11.5312, 48.0718], [11.5311, 48.0716], [11.5308, 48.0712], [11.5307, 48.0708], [11.5305, 48.0704], [11.5303, 48.0701], [11.5302, 48.07], [11.5301, 48.0697], [11.53, 48.0696]], [[11.53, 48.0696], [11.53, 48.0695], [11.5298, 48.0692], [11.5297, 48.0691], [11.5296, 48.0689], [11.5294, 48.0687], [11.529, 48.0681]], [[11.529, 48.0681], [11.5289, 48.0681]], [[11.5289, 48.0681], [11.5278, 48.0666], [11.5274, 48.0662]], [[11.5274, 48.0662], [11.5274, 48.0661], [11.5251, 48.0632], [11.5236, 48.0612], [11.5226, 48.06], [11.5225, 48.0598], [11.5224, 48.0597], [11.5223, 48.0595]], [[11.5223, 48.0595], [11.5218, 48.0589], [11.5214, 48.0584], [11.5213, 48.0583]], [[11.5213, 48.0583], [11.5212, 48.0582], [11.5211, 48.0581], [11.521, 48.0579], [11.5208, 48.0577], [11.5198, 48.0564], [11.5188, 48.0552], [11.5184, 48.0546], [11.5184, 48.0545], [11.5183, 48.0545], [11.518, 48.0541], [11.5157, 48.0511], [11.5148, 48.05], [11.5137, 48.0485], [11.5132, 48.0478], [11.512, 48.0464], [11.5119, 48.0463], [11.5118, 48.0461], [11.5113, 48.0455], [11.5107, 48.0448], [11.5107, 48.0447], [11.5106, 48.0447], [11.5101, 48.044]], [[11.5101, 48.044], [11.51, 48.0439]], [[11.51, 48.0439], [11.51, 48.0438], [11.5098, 48.0437]], [[11.5098, 48.0437], [11.5096, 48.0433]], [[11.4269, 48.1548], [11.428, 48.1547], [11.4282, 48.1546], [11.4285, 48.1546], [11.4286, 48.1546], [11.4297, 48.1545], [11.4286, 48.1546], [11.4282, 48.1546], [11.4269, 48.1547], [11.4269, 48.1548]], [[11.4137, 48.1559], [11.411, 48.1562], [11.4137, 48.1559], [11.4138, 48.1559], [11.4137, 48.1559]], [[11.1932, 48.1479], [11.1912, 48.1471], [11.1907, 48.1469], [11.1911, 48.1471], [11.1913, 48.1472], [11.1915, 48.1473], [11.1932, 48.1479]], [[11.1537, 48.1323], [11.1536, 48.1323], [11.1531, 48.1321], [11.153, 48.1321], [11.1525, 48.1319], [11.1513, 48.1314], [11.1511, 48.1313], [11.1513, 48.1314], [11.1526, 48.1319], [11.153, 48.1321], [11.1532, 48.1321], [11.1536, 48.1323], [11.1537, 48.1323]], [[11.0779, 48.1048], [11.077, 48.1047], [11.0749, 48.1045], [11.077, 48.1047], [11.0779, 48.1048]], [[11.4671, 48.148], [11.4676, 48.1478], [11.4682, 48.1476]], [[11.4665, 48.1482], [11.4671, 48.148]], [[11.4651, 48.1488], [11.4656, 48.1486], [11.4658, 48.1485], [11.4665, 48.1482]], [[11.4651, 48.1488], [11.4645, 48.1489]], [[11.4645, 48.1489], [11.4637, 48.1492], [11.4635, 48.1493], [11.4628, 48.1495], [11.4623, 48.1496], [11.4615, 48.1498], [11.4609, 48.15], [11.4603, 48.1502], [11.46, 48.1503]], [[11.46, 48.1503], [11.4594, 48.1505]], [[11.4594, 48.1505], [11.4585, 48.1508], [11.4581, 48.1509], [11.4577, 48.1511]], [[11.4567, 48.1514], [11.4572, 48.1512], [11.4577, 48.1511]], [[11.4559, 48.1516], [11.4562, 48.1515], [11.4567, 48.1514]], [[11.4557, 48.1516], [11.4559, 48.1516]], [[11.4554, 48.1517], [11.4557, 48.1517], [11.4557, 48.1516]], [[11.453, 48.152], [11.4534, 48.152], [11.4543, 48.1519], [11.4545, 48.1519], [11.4549, 48.1518], [11.4554, 48.1517]], [[11.4514, 48.1522], [11.4517, 48.1522], [11.453, 48.152]], [[11.4509, 48.1523], [11.4514, 48.1522]], [[11.4457, 48.1529], [11.4467, 48.1528], [11.4471, 48.1527], [11.4474, 48.1527], [11.4481, 48.1526], [11.4487, 48.1525], [11.4495, 48.1525], [11.4509, 48.1523]], [[11.4457, 48.1529], [11.4456, 48.1529], [11.4449, 48.153], [11.4439, 48.1531]], [[11.4439, 48.1531], [11.4424, 48.1532]], [[11.4424, 48.1532], [11.441, 48.1534], [11.4405, 48.1534], [11.4402, 48.1534], [11.4394, 48.1535], [11.439, 48.1536]], [[11.439, 48.1536], [11.4377, 48.1537], [11.4376, 48.1537], [11.4357, 48.1539], [11.4356, 48.1539], [11.4355, 48.1539], [11.4351, 48.1539], [11.4337, 48.1541], [11.432, 48.1542], [11.4299, 48.1544], [11.4297, 48.1544], [11.4285, 48.1546], [11.4271, 48.1547], [11.4269, 48.1547], [11.4217, 48.1552], [11.4196, 48.1554], [11.4189, 48.1555], [11.416, 48.1557], [11.4141, 48.1559], [11.4138, 48.156], [11.4133, 48.156], [11.4128, 48.156], [11.4119, 48.1561], [11.411, 48.1562], [11.4108, 48.1562]], [[11.4108, 48.1562], [11.4098, 48.1563], [11.4097, 48.1563], [11.409, 48.1564], [11.4084, 48.1565], [11.4081, 48.1565], [11.4076, 48.1566], [11.4072, 48.1567], [11.4068, 48.1568], [11.4066, 48.1568], [11.4063, 48.1568], [11.4062, 48.1569], [11.4059, 48.157], [11.4054, 48.1571], [11.4048, 48.1572], [11.4042, 48.1574], [11.4034, 48.1576], [11.4004, 48.1585], [11.3984, 48.1591], [11.3965, 48.1596], [11.3946, 48.1602], [11.3936, 48.1604], [11.3935, 48.1605], [11.3925, 48.1608], [11.3916, 48.1611], [11.3912, 48.1612], [11.3886, 48.1619], [11.3866, 48.1625], [11.3837, 48.1633], [11.3835, 48.1634], [11.3817, 48.1639], [11.3789, 48.1647], [11.3787, 48.1648], [11.3758, 48.1656], [11.3738, 48.1662], [11.3718, 48.1668]], [[11.3718, 48.1668], [11.3709, 48.167]], [[11.3709, 48.167], [11.3689, 48.1676], [11.3639, 48.169], [11.3632, 48.1693], [11.359, 48.1705], [11.3566, 48.1711], [11.3566, 48.1712]], [[11.3566, 48.1712], [11.3555, 48.1715], [11.3541, 48.1719], [11.3536, 48.172], [11.3524, 48.1724], [11.3517, 48.1726], [11.3514, 48.1727], [11.3506, 48.1729], [11.349, 48.1733], [11.3478, 48.1737], [11.3464, 48.1741], [11.3439, 48.1748], [11.3434, 48.175], [11.3418, 48.1754], [11.3415, 48.1755], [11.3395, 48.1761], [11.3391, 48.1762], [11.3373, 48.1767], [11.3366, 48.1769], [11.3346, 48.1775], [11.3316, 48.1784], [11.3312, 48.1785]], [[11.3312, 48.1785], [11.3309, 48.1786]], [[11.3309, 48.1786], [11.3297, 48.1789], [11.3296, 48.179], [11.3295, 48.179], [11.3281, 48.1794]], [[11.3281, 48.1794], [11.328, 48.1794]], [[11.328, 48.1794], [11.3276, 48.1795], [11.3268, 48.1798], [11.3267, 48.1798], [11.3266, 48.1798], [11.3247, 48.1804], [11.3245, 48.1804]], [[11.3245, 48.1804], [11.3238, 48.1806]], [[11.3238, 48.1806], [11.3236, 48.1807]], [[11.3236, 48.1807], [11.3231, 48.1808], [11.3225, 48.181], [11.3222, 48.1811]], [[11.3222, 48.1811], [11.3221, 48.1811], [11.3219, 48.1812], [11.3214, 48.1813]], [[11.3214, 48.1813], [11.3211, 48.1814]], [[11.3211, 48.1814], [11.321, 48.1814], [11.3206, 48.1815], [11.3201, 48.1815], [11.3197, 48.1816], [11.3192, 48.1817], [11.3188, 48.1817], [11.3182, 48.1818], [11.3176, 48.1818], [11.317, 48.1818], [11.3166, 48.1818], [11.3161, 48.1818], [11.3157, 48.1818], [11.3153, 48.1817], [11.3148, 48.1817], [11.3144, 48.1816], [11.314, 48.1816], [11.3135, 48.1815], [11.3131, 48.1814], [11.3126, 48.1813], [11.312, 48.1812], [11.3112, 48.181], [11.3087, 48.1803], [11.3067, 48.1798], [11.3037, 48.179], [11.3035, 48.1789], [11.3028, 48.1787], [11.3017, 48.1784], [11.3006, 48.1781], [11.2987, 48.1776], [11.2978, 48.1774], [11.2969, 48.1771], [11.2957, 48.1768], [11.2951, 48.1767], [11.2943, 48.1765], [11.2939, 48.1765], [11.2909, 48.1759], [11.2889, 48.1755], [11.286, 48.1749], [11.2858, 48.1749], [11.2837, 48.1745], [11.2809, 48.1739], [11.2786, 48.1735], [11.2755, 48.1729], [11.2738, 48.1726], [11.2735, 48.1725], [11.2734, 48.1725], [11.2732, 48.1725], [11.2726, 48.1724], [11.272, 48.1723], [11.2714, 48.1722], [11.2709, 48.1721], [11.2702, 48.172], [11.2697, 48.172], [11.2691, 48.1719], [11.2686, 48.1719], [11.2683, 48.1719], [11.2678, 48.1719], [11.2673, 48.1719], [11.2672, 48.1719]], [[11.2672, 48.1719], [11.2667, 48.1719]], [[11.2667, 48.1719], [11.2662, 48.1719]], [[11.2662, 48.1719], [11.2647, 48.1718], [11.2635, 48.1718], [11.2624, 48.1718], [11.2623, 48.1718], [11.2607, 48.1718], [11.2606, 48.1718], [11.2602, 48.1718], [11.2597, 48.1718], [11.2592, 48.1718], [11.2591, 48.1718]], [[11.2591, 48.1718], [11.2583, 48.1717]], [[11.2583, 48.1717], [11.2579, 48.1717], [11.2576, 48.1717], [11.2573, 48.1717], [11.257, 48.1717], [11.2566, 48.1716], [11.2564, 48.1716], [11.2561, 48.1715], [11.2558, 48.1715], [11.2553, 48.1714], [11.2548, 48.1712], [11.2545, 48.1711], [11.2541, 48.171], [11.2536, 48.1708], [11.2533, 48.1707], [11.2529, 48.1705], [11.2527, 48.1704], [11.2523, 48.1702], [11.2521, 48.1701]], [[11.2521, 48.1701], [11.2507, 48.1693], [11.2495, 48.1686], [11.2485, 48.1681], [11.2484, 48.168]], [[11.2484, 48.168], [11.2481, 48.1678]], [[11.2481, 48.1678], [11.2477, 48.1676], [11.2473, 48.1674], [11.247, 48.1673], [11.2466, 48.1671], [11.2462, 48.1669], [11.2457, 48.1668], [11.2453, 48.1666], [11.245, 48.1665], [11.2447, 48.1665], [11.2441, 48.1663], [11.2438, 48.1662]], [[11.2438, 48.1662], [11.2437, 48.1662], [11.2432, 48.1661], [11.2417, 48.1658], [11.2413, 48.1657]], [[11.2413, 48.1657], [11.2411, 48.1657]], [[11.2411, 48.1657], [11.2398, 48.1654]], [[11.2398, 48.1654], [11.2387, 48.1652], [11.2376, 48.1649], [11.2369, 48.1648]], [[11.2369, 48.1648], [11.2363, 48.1646]], [[11.2363, 48.1646], [11.236, 48.1646], [11.2358, 48.1645], [11.2354, 48.1644], [11.235, 48.1643], [11.2344, 48.1641], [11.2341, 48.164], [11.2335, 48.1638], [11.2327, 48.1635], [11.2319, 48.1632], [11.2308, 48.1628], [11.2301, 48.1625], [11.2295, 48.1623], [11.2287, 48.162], [11.2272, 48.1614], [11.227, 48.1613], [11.2256, 48.1608], [11.2243, 48.1603], [11.223, 48.1597], [11.2221, 48.1594], [11.2219, 48.1593], [11.2216, 48.1592], [11.2204, 48.1587], [11.2199, 48.1585], [11.2195, 48.1583], [11.2193, 48.1582], [11.2186, 48.1579], [11.2179, 48.1576], [11.2174, 48.1574], [11.2167, 48.1571]], [[11.2167, 48.1571], [11.2159, 48.1569]], [[11.2159, 48.1569], [11.2147, 48.1564]], [[11.2147, 48.1564], [11.2144, 48.1563]], [[11.2144, 48.1563], [11.2143, 48.1562], [11.2142, 48.1562], [11.2129, 48.1557], [11.2103, 48.1546], [11.2085, 48.1539], [11.2059, 48.1529], [11.2057, 48.1528], [11.2049, 48.1525], [11.2039, 48.1521], [11.203, 48.1517], [11.2011, 48.151], [11.201, 48.151], [11.1993, 48.1503], [11.1965, 48.1492], [11.1957, 48.1489], [11.1946, 48.1484], [11.1939, 48.1482], [11.1936, 48.148], [11.1933, 48.1479], [11.192, 48.1474], [11.1919, 48.1474], [11.1908, 48.1469], [11.1906, 48.1468], [11.1905, 48.1468]], [[11.1905, 48.1468], [11.1904, 48.1468]], [[11.1904, 48.1468], [11.19, 48.1466], [11.1873, 48.1455], [11.1845, 48.1444], [11.1827, 48.1437], [11.1799, 48.1426], [11.1781, 48.1419], [11.1763, 48.1412], [11.1753, 48.1408], [11.1734, 48.1401], [11.1707, 48.139], [11.1688, 48.1382], [11.166, 48.1371], [11.1642, 48.1364], [11.1628, 48.1359], [11.1614, 48.1353], [11.1606, 48.135], [11.16, 48.1347], [11.1587, 48.1343]], [[11.1587, 48.1343], [11.158, 48.134], [11.1578, 48.1339], [11.1573, 48.1337], [11.1557, 48.1331], [11.1537, 48.1323], [11.153, 48.1321]], [[11.153, 48.1321], [11.1529, 48.132], [11.1526, 48.1319], [11.152, 48.1316], [11.1512, 48.1313]], [[11.1512, 48.1313], [11.1504, 48.131]], [[11.1504, 48.131], [11.15, 48.1308]], [[11.15, 48.1308], [11.1494, 48.1306], [11.1471, 48.1296], [11.1454, 48.1289], [11.145, 48.1288], [11.1435, 48.1282], [11.1407, 48.1271], [11.1398, 48.1267]], [[11.1398, 48.1267], [11.1392, 48.1265], [11.1387, 48.1263], [11.1383, 48.1262], [11.1378, 48.126], [11.1375, 48.1259], [11.1371, 48.1258], [11.1368, 48.1258], [11.1364, 48.1257], [11.136, 48.1256], [11.1356, 48.1256], [11.1353, 48.1255], [11.1349, 48.1255], [11.1346, 48.1255], [11.1342, 48.1255], [11.1338, 48.1255], [11.1336, 48.1255], [11.1334, 48.1255], [11.1329, 48.1255], [11.1324, 48.1255], [11.132, 48.1255], [11.1317, 48.1256], [11.1305, 48.1257], [11.1284, 48.1259], [11.1281, 48.1259], [11.1273, 48.126]], [[11.1273, 48.126], [11.127, 48.126]], [[11.127, 48.126], [11.1265, 48.126], [11.1261, 48.126], [11.1257, 48.126], [11.1253, 48.126], [11.125, 48.126], [11.1249, 48.126], [11.1243, 48.1259], [11.1239, 48.1259], [11.1236, 48.1258], [11.1234, 48.1258], [11.123, 48.1257], [11.1227, 48.1257], [11.1225, 48.1256], [11.122, 48.1255], [11.1216, 48.1254], [11.1213, 48.1252], [11.1209, 48.1251], [11.1205, 48.125], [11.1202, 48.1248], [11.1198, 48.1246], [11.1195, 48.1245], [11.1192, 48.1243], [11.1189, 48.1241], [11.1187, 48.1239], [11.1184, 48.1237], [11.1182, 48.1236], [11.1179, 48.1233], [11.1176, 48.1231], [11.1174, 48.1228], [11.1172, 48.1226], [11.1171, 48.1225], [11.1168, 48.1221], [11.1166, 48.1218]], [[11.1166, 48.1218], [11.1157, 48.1206], [11.1155, 48.1203], [11.115, 48.1196], [11.1148, 48.1194], [11.1147, 48.1193], [11.1144, 48.119], [11.1143, 48.1188], [11.1141, 48.1185], [11.1138, 48.1183], [11.1136, 48.1181], [11.1134, 48.1179], [11.1133, 48.1179], [11.1131, 48.1178], [11.1129, 48.1176], [11.1126, 48.1174], [11.1124, 48.1172], [11.1121, 48.1171], [11.1117, 48.1169], [11.1113, 48.1167], [11.111, 48.1165], [11.1107, 48.1164], [11.1103, 48.1163], [11.1099, 48.1161], [11.1096, 48.116], [11.1092, 48.1159], [11.1088, 48.1158], [11.1085, 48.1157], [11.108, 48.1156], [11.1075, 48.1156], [11.1071, 48.1155], [11.1067, 48.1155], [11.1062, 48.1154], [11.1058, 48.1154], [11.1055, 48.1154], [11.1027, 48.1152], [11.1025, 48.1152], [11.1018, 48.1151], [11.1012, 48.1151], [11.1006, 48.115], [11.1002, 48.1149], [11.1, 48.1149], [11.0998, 48.1149], [11.0994, 48.1148], [11.099, 48.1147], [11.0986, 48.1146], [11.0982, 48.1145], [11.0978, 48.1144], [11.0977, 48.1143], [11.0975, 48.1143], [11.0972, 48.1141], [11.0969, 48.114], [11.0966, 48.1139], [11.0963, 48.1138], [11.096, 48.1136], [11.0958, 48.1135], [11.0956, 48.1134], [11.0955, 48.1133], [11.0952, 48.1131], [11.0949, 48.113], [11.0947, 48.1128], [11.0945, 48.1126], [11.0942, 48.1124], [11.0939, 48.1122], [11.0938, 48.1121]], [[11.0938, 48.1121], [11.0936, 48.1119], [11.0927, 48.1111], [11.092, 48.1104], [11.0907, 48.1093], [11.0897, 48.1084], [11.0895, 48.1082], [11.0892, 48.108], [11.0891, 48.1079], [11.0887, 48.1076], [11.0885, 48.1075], [11.0881, 48.1073], [11.0877, 48.107], [11.0873, 48.1069], [11.0869, 48.1067], [11.0867, 48.1066], [11.0864, 48.1064], [11.0859, 48.1063], [11.0854, 48.1061], [11.085, 48.1059], [11.0845, 48.1058], [11.0844, 48.1057], [11.084, 48.1056], [11.0837, 48.1056], [11.0832, 48.1055], [11.0827, 48.1054], [11.0823, 48.1053], [11.082, 48.1052], [11.0817, 48.1052], [11.0813, 48.1052], [11.0794, 48.1049]], [[11.0794, 48.1049], [11.0789, 48.1049], [11.0782, 48.1048]], [[11.0782, 48.1048], [11.0775, 48.1047], [11.0768, 48.1047], [11.0749, 48.1044]], [[11.0749, 48.1044], [11.0737, 48.1043], [11.0716, 48.1041], [11.0703, 48.1039], [11.0689, 48.1038], [11.0686, 48.1038], [11.0684, 48.1037], [11.0682, 48.1037], [11.0678, 48.1037], [11.0673, 48.1037], [11.0668, 48.1037], [11.0663, 48.1037], [11.0662, 48.1037], [11.0658, 48.1037], [11.0653, 48.1037], [11.0648, 48.1037], [11.0635, 48.1038]], [[11.0635, 48.1038], [11.0629, 48.1039], [11.0614, 48.104], [11.0607, 48.104], [11.0586, 48.1042], [11.0565, 48.1044], [11.0554, 48.1045], [11.0543, 48.1046], [11.0523, 48.1047], [11.0509, 48.1048], [11.0503, 48.1049], [11.0496, 48.1049], [11.0483, 48.1051], [11.0477, 48.1051], [11.0476, 48.1051], [11.0472, 48.1052]], [[11.0472, 48.1052], [11.0471, 48.1052]], [[11.0471, 48.1052], [11.0467, 48.1052], [11.046, 48.1053], [11.0457, 48.1053]], [[11.0454, 48.1053], [11.0457, 48.1053]], [[11.0374, 48.106], [11.0392, 48.1058], [11.0409, 48.1057], [11.0412, 48.1057], [11.0414, 48.1057], [11.0434, 48.1055], [11.0435, 48.1054], [11.0439, 48.1054], [11.0444, 48.1054], [11.0447, 48.1054], [11.0448, 48.1054], [11.0454, 48.1053]], [[11.078, 48.1047], [11.0779, 48.1047], [11.0773, 48.1047], [11.0769, 48.1046], [11.0749, 48.1044], [11.0766, 48.1045], [11.0767, 48.1045], [11.0767, 48.1046], [11.0768, 48.1046], [11.0769, 48.1046], [11.077, 48.1046], [11.0771, 48.1046], [11.0774, 48.1046], [11.0775, 48.1046], [11.0776, 48.1046], [11.0776, 48.1047], [11.0779, 48.1047], [11.078, 48.1047]], [[11.1529, 48.1319], [11.1537, 48.1322], [11.1553, 48.1329], [11.1554, 48.1328], [11.1537, 48.1322], [11.1529, 48.1319]], [[11.1936, 48.148], [11.1936, 48.1479], [11.1924, 48.1475], [11.1924, 48.1474], [11.1924, 48.1475], [11.1917, 48.1472], [11.1916, 48.1471], [11.1915, 48.1471], [11.1913, 48.147], [11.1912, 48.147], [11.1911, 48.147], [11.191, 48.1469], [11.1911, 48.147], [11.1936, 48.148]], [[11.3525, 48.1722], [11.3529, 48.1721], [11.3531, 48.172], [11.3533, 48.172], [11.3535, 48.1719], [11.3536, 48.1719], [11.3539, 48.1718], [11.354, 48.1718], [11.3545, 48.1716], [11.3548, 48.1715], [11.3551, 48.1714], [11.3545, 48.1716], [11.3542, 48.1717], [11.3542, 48.1716], [11.3541, 48.1717], [11.354, 48.1717], [11.3537, 48.1718], [11.3536, 48.1718], [11.3535, 48.1719], [11.3531, 48.172], [11.3529, 48.172], [11.3525, 48.1721], [11.3525, 48.1722]], [[11.4269, 48.1546], [11.4281, 48.1545], [11.4285, 48.1545], [11.4297, 48.1544], [11.4285, 48.1545], [11.4281, 48.1545], [11.4269, 48.1547], [11.4269, 48.1546]], [[11.0457, 48.1053], [11.0467, 48.1052], [11.0471, 48.1051], [11.0477, 48.1051], [11.0483, 48.105], [11.0496, 48.1049], [11.0501, 48.1049], [11.0503, 48.1048], [11.0509, 48.1048], [11.0523, 48.1047], [11.0538, 48.1046], [11.0543, 48.1045], [11.0554, 48.1044], [11.0565, 48.1044], [11.0586, 48.1042], [11.0607, 48.104], [11.0614, 48.104], [11.0629, 48.1038], [11.0634, 48.1038]], [[11.0634, 48.1038], [11.0648, 48.1037], [11.0653, 48.1036], [11.0658, 48.1036], [11.0663, 48.1036], [11.0668, 48.1036], [11.0673, 48.1036], [11.0678, 48.1037], [11.068, 48.1037], [11.0684, 48.1037], [11.0686, 48.1037], [11.0689, 48.1037], [11.0703, 48.1039], [11.0716, 48.104], [11.0737, 48.1043], [11.0749, 48.1044]], [[11.0782, 48.1048], [11.0775, 48.1047], [11.0768, 48.1046], [11.0749, 48.1044]], [[11.0782, 48.1048], [11.0788, 48.1048], [11.0789, 48.1048]], [[11.0789, 48.1048], [11.0813, 48.1051], [11.0816, 48.1051], [11.0817, 48.1052], [11.082, 48.1052], [11.0823, 48.1053], [11.0828, 48.1053], [11.0832, 48.1054], [11.0837, 48.1055], [11.0841, 48.1056], [11.0844, 48.1057], [11.0845, 48.1057], [11.0847, 48.1058], [11.085, 48.1059], [11.0855, 48.106], [11.086, 48.1062], [11.0864, 48.1064], [11.0867, 48.1065], [11.087, 48.1066], [11.0874, 48.1068], [11.0877, 48.107], [11.0882, 48.1073], [11.0885, 48.1075], [11.0887, 48.1076], [11.0891, 48.1079], [11.0892, 48.108], [11.0895, 48.1082], [11.0897, 48.1084], [11.0907, 48.1093], [11.092, 48.1104], [11.0936, 48.1119], [11.0939, 48.1121], [11.094, 48.1122], [11.0943, 48.1124], [11.0945, 48.1126], [11.0947, 48.1128], [11.095, 48.1129], [11.0952, 48.1131], [11.0955, 48.1133], [11.0957, 48.1134], [11.0958, 48.1135], [11.096, 48.1136], [11.0964, 48.1138], [11.0966, 48.1139], [11.0969, 48.114], [11.0972, 48.1141], [11.0975, 48.1142], [11.0977, 48.1143], [11.0979, 48.1143], [11.0982, 48.1145], [11.0986, 48.1146], [11.099, 48.1147], [11.0994, 48.1148], [11.0998, 48.1148], [11.1, 48.1149], [11.1002, 48.1149], [11.1006, 48.115], [11.1012, 48.115], [11.1018, 48.1151], [11.1025, 48.1151], [11.1027, 48.1151], [11.1048, 48.1153], [11.1055, 48.1153], [11.1058, 48.1154], [11.1062, 48.1154], [11.1067, 48.1154], [11.1071, 48.1155], [11.1076, 48.1155], [11.108, 48.1156], [11.1085, 48.1157], [11.1088, 48.1158], [11.1093, 48.1159], [11.1096, 48.116], [11.1099, 48.1161], [11.1103, 48.1162], [11.1108, 48.1164], [11.111, 48.1165], [11.1114, 48.1167], [11.1117, 48.1168], [11.1121, 48.117], [11.1124, 48.1172], [11.1127, 48.1174], [11.1129, 48.1175], [11.1132, 48.1177], [11.1133, 48.1178], [11.1134, 48.1179], [11.1136, 48.1181], [11.1138, 48.1182], [11.1139, 48.1183], [11.1141, 48.1185], [11.1143, 48.1187], [11.1145, 48.1189], [11.1148, 48.1193], [11.115, 48.1196], [11.1152, 48.1199], [11.1155, 48.1203], [11.1157, 48.1205], [11.1166, 48.1218]], [[11.1166, 48.1218], [11.1168, 48.1221], [11.1171, 48.1224], [11.1173, 48.1226], [11.1175, 48.1228], [11.1177, 48.1231], [11.1179, 48.1233], [11.1182, 48.1235], [11.1184, 48.1237], [11.1187, 48.1239], [11.119, 48.1241], [11.1193, 48.1243], [11.1195, 48.1244], [11.1198, 48.1246], [11.1202, 48.1248], [11.1205, 48.1249], [11.121, 48.1251], [11.1213, 48.1252], [11.1216, 48.1253], [11.122, 48.1254], [11.1225, 48.1256], [11.1227, 48.1256], [11.123, 48.1257], [11.1234, 48.1258], [11.1239, 48.1258], [11.1243, 48.1259], [11.1249, 48.1259], [11.125, 48.126], [11.1253, 48.126], [11.1257, 48.126], [11.1261, 48.126], [11.1265, 48.126], [11.1269, 48.1259]], [[11.1269, 48.1259], [11.1273, 48.1259]], [[11.1273, 48.1259], [11.128, 48.1259], [11.1284, 48.1258], [11.1305, 48.1256], [11.1317, 48.1255], [11.132, 48.1255], [11.1324, 48.1255], [11.1329, 48.1254], [11.1334, 48.1254], [11.1336, 48.1254], [11.1338, 48.1254], [11.1342, 48.1254], [11.1346, 48.1254], [11.1349, 48.1255], [11.1353, 48.1255], [11.1357, 48.1255], [11.136, 48.1256], [11.1365, 48.1257], [11.1368, 48.1257], [11.1372, 48.1258], [11.1375, 48.1259], [11.1379, 48.126], [11.1383, 48.1261], [11.1387, 48.1263], [11.1392, 48.1265], [11.1398, 48.1267]], [[11.1398, 48.1267], [11.1408, 48.1271], [11.1435, 48.1282], [11.145, 48.1287], [11.1454, 48.1289], [11.1471, 48.1296], [11.1495, 48.1305]], [[11.1501, 48.1308], [11.1498, 48.1307], [11.1495, 48.1305]], [[11.1505, 48.1309], [11.1501, 48.1308]], [[11.1588, 48.1342], [11.1585, 48.1341], [11.158, 48.1339], [11.1577, 48.1338], [11.1561, 48.1332], [11.1538, 48.1323], [11.1537, 48.1322], [11.1527, 48.1319], [11.1517, 48.1314], [11.1505, 48.1309]], [[11.1588, 48.1342], [11.16, 48.1347], [11.1606, 48.1349], [11.1614, 48.1353], [11.1628, 48.1358], [11.1642, 48.1364], [11.1661, 48.1371], [11.1688, 48.1382], [11.1707, 48.1389], [11.1711, 48.1391], [11.1735, 48.14], [11.1753, 48.1408], [11.1764, 48.1412], [11.1781, 48.1419], [11.1799, 48.1426], [11.1827, 48.1437], [11.1846, 48.1444], [11.1869, 48.1453], [11.1873, 48.1455], [11.1901, 48.1466], [11.1904, 48.1467]], [[11.1904, 48.1467], [11.1906, 48.1468]], [[11.1906, 48.1468], [11.1908, 48.1469], [11.1919, 48.1473], [11.192, 48.1474], [11.1933, 48.1479], [11.1936, 48.148], [11.1939, 48.1481], [11.1943, 48.1483], [11.1947, 48.1484], [11.1957, 48.1488], [11.1965, 48.1491], [11.1993, 48.1502], [11.201, 48.1509], [11.2011, 48.151], [11.203, 48.1517], [11.2039, 48.1521], [11.2058, 48.1528], [11.2085, 48.1539], [11.2103, 48.1546], [11.2129, 48.1556], [11.2143, 48.1562], [11.2144, 48.1562], [11.2145, 48.1562]], [[11.2145, 48.1562], [11.2147, 48.1563]], [[11.2147, 48.1563], [11.216, 48.1568]], [[11.216, 48.1568], [11.2167, 48.1571]], [[11.2167, 48.1571], [11.2174, 48.1574], [11.2179, 48.1576], [11.2186, 48.1579], [11.2187, 48.1579], [11.2195, 48.1582], [11.2209, 48.1588], [11.2226, 48.1594], [11.2227, 48.1595], [11.2231, 48.1596], [11.2244, 48.1601], [11.2258, 48.1607], [11.2261, 48.1608], [11.2271, 48.1612], [11.2282, 48.1617], [11.2288, 48.1619], [11.2296, 48.1622], [11.2309, 48.1627], [11.232, 48.1631], [11.2328, 48.1635], [11.2333, 48.1636], [11.2335, 48.1637], [11.2341, 48.164], [11.2345, 48.1641], [11.235, 48.1642], [11.2354, 48.1643], [11.2358, 48.1645], [11.2361, 48.1645], [11.2363, 48.1646]], [[11.2363, 48.1646], [11.2369, 48.1647]], [[11.2369, 48.1647], [11.2376, 48.1649], [11.2387, 48.1651], [11.2398, 48.1654]], [[11.2398, 48.1654], [11.2412, 48.1656]], [[11.2412, 48.1656], [11.2413, 48.1657]], [[11.2438, 48.1662], [11.2441, 48.1663], [11.2447, 48.1664], [11.245, 48.1665], [11.2454, 48.1666], [11.2457, 48.1667], [11.2462, 48.1669], [11.2466, 48.167], [11.247, 48.1672], [11.2473, 48.1674], [11.2477, 48.1676], [11.2481, 48.1678]], [[11.2484, 48.168], [11.2485, 48.168], [11.2495, 48.1686], [11.2507, 48.1692], [11.2521, 48.17]], [[11.2521, 48.17], [11.2523, 48.1701], [11.2527, 48.1704], [11.253, 48.1705], [11.2533, 48.1707], [11.2536, 48.1708], [11.2542, 48.171], [11.2545, 48.1711], [11.2549, 48.1712], [11.2553, 48.1713], [11.2556, 48.1714], [11.2559, 48.1714], [11.2562, 48.1715], [11.2564, 48.1715], [11.2566, 48.1716], [11.2568, 48.1716]], [[11.2568, 48.1716], [11.257, 48.1716], [11.2573, 48.1716], [11.2576, 48.1717], [11.2579, 48.1717], [11.2583, 48.1717], [11.2591, 48.1717]], [[11.2591, 48.1717], [11.2597, 48.1717], [11.2603, 48.1717], [11.2607, 48.1717], [11.2623, 48.1717], [11.2624, 48.1717], [11.2629, 48.1717], [11.2635, 48.1718], [11.2645, 48.1718], [11.265, 48.1718], [11.2653, 48.1718], [11.2662, 48.1718]], [[11.2662, 48.1718], [11.2667, 48.1718]], [[11.2667, 48.1718], [11.2672, 48.1719]], [[11.2672, 48.1719], [11.2681, 48.1719], [11.2683, 48.1719], [11.2686, 48.1719], [11.2691, 48.1719], [11.2697, 48.1719], [11.2702, 48.172], [11.2709, 48.1721], [11.2714, 48.1721], [11.2721, 48.1722], [11.2727, 48.1723], [11.2732, 48.1724], [11.2734, 48.1725], [11.2735, 48.1725], [11.2739, 48.1726]], [[11.2739, 48.1726], [11.2755, 48.1729], [11.2786, 48.1735], [11.2798, 48.1737], [11.2809, 48.1739], [11.2838, 48.1745], [11.2858, 48.1749], [11.286, 48.1749], [11.2889, 48.1755], [11.2909, 48.1758], [11.2928, 48.1762], [11.2939, 48.1764], [11.2943, 48.1765], [11.2951, 48.1767], [11.2957, 48.1768], [11.2969, 48.1771], [11.2978, 48.1773], [11.2986, 48.1775], [11.2988, 48.1776], [11.3006, 48.1781], [11.3017, 48.1784], [11.3029, 48.1787], [11.3035, 48.1789], [11.3037, 48.1789], [11.3067, 48.1797], [11.3087, 48.1803], [11.3106, 48.1808]], [[11.3106, 48.1808], [11.3112, 48.1809], [11.3121, 48.1811], [11.3127, 48.1813], [11.3131, 48.1814], [11.3135, 48.1815], [11.314, 48.1815], [11.3144, 48.1816], [11.3148, 48.1817], [11.3153, 48.1817], [11.3157, 48.1817], [11.3161, 48.1818], [11.3166, 48.1818], [11.317, 48.1818], [11.3176, 48.1818], [11.3182, 48.1817], [11.3188, 48.1817], [11.3192, 48.1816], [11.3197, 48.1816], [11.3201, 48.1815], [11.3206, 48.1814], [11.3211, 48.1813]], [[11.3211, 48.1813], [11.3214, 48.1813]], [[11.3214, 48.1813], [11.3216, 48.1812], [11.3219, 48.1811], [11.322, 48.1811]], [[11.322, 48.1811], [11.3221, 48.1811], [11.3225, 48.181], [11.3231, 48.1808], [11.3236, 48.1807]], [[11.3245, 48.1804], [11.3247, 48.1803], [11.3267, 48.1798], [11.328, 48.1794]], [[11.328, 48.1794], [11.3281, 48.1793]], [[11.3281, 48.1793], [11.3295, 48.1789], [11.3296, 48.1789], [11.3309, 48.1785]], [[11.3309, 48.1785], [11.3312, 48.1784]], [[11.3312, 48.1784], [11.3316, 48.1783], [11.3346, 48.1775], [11.3366, 48.1769], [11.3369, 48.1768], [11.3373, 48.1767], [11.3395, 48.1761], [11.3415, 48.1755], [11.3434, 48.1749], [11.3439, 48.1748], [11.3464, 48.1741], [11.3468, 48.1739]], [[11.3468, 48.1739], [11.3486, 48.1734], [11.3499, 48.173], [11.3506, 48.1728], [11.3509, 48.1727], [11.3519, 48.1724], [11.3525, 48.1722], [11.3535, 48.1719], [11.3538, 48.1718], [11.3539, 48.1718], [11.3545, 48.1716], [11.3551, 48.1715], [11.3566, 48.1711], [11.3567, 48.171], [11.3574, 48.1708], [11.3579, 48.1707], [11.3583, 48.1706], [11.3587, 48.1705], [11.3591, 48.1704]], [[11.3591, 48.1704], [11.3632, 48.1692], [11.3639, 48.169], [11.3689, 48.1676], [11.3718, 48.1667], [11.3737, 48.1662], [11.3738, 48.1661], [11.3758, 48.1656], [11.3787, 48.1647], [11.3789, 48.1647], [11.3817, 48.1639], [11.3834, 48.1634], [11.3837, 48.1633], [11.3866, 48.1624], [11.3886, 48.1619], [11.3911, 48.1611], [11.3915, 48.161], [11.3925, 48.1607], [11.3935, 48.1604], [11.3936, 48.1604], [11.3964, 48.1596], [11.3984, 48.159], [11.4004, 48.1585], [11.401, 48.1583], [11.4033, 48.1576], [11.4042, 48.1574], [11.4048, 48.1572], [11.4053, 48.157], [11.4059, 48.1569], [11.4062, 48.1568], [11.4063, 48.1568], [11.4066, 48.1568], [11.4068, 48.1567], [11.4072, 48.1566], [11.4076, 48.1566], [11.4081, 48.1565], [11.4084, 48.1565], [11.409, 48.1564], [11.4096, 48.1563], [11.4097, 48.1563], [11.4108, 48.1562]], [[11.4108, 48.1562], [11.411, 48.1561], [11.4133, 48.1559], [11.4138, 48.1559], [11.4141, 48.1558], [11.4154, 48.1557], [11.4156, 48.1557], [11.416, 48.1557], [11.4189, 48.1554], [11.4217, 48.1552], [11.4269, 48.1547], [11.4285, 48.1545], [11.4298, 48.1544], [11.432, 48.1542], [11.4337, 48.154], [11.4351, 48.1539], [11.4355, 48.1539], [11.4356, 48.1538], [11.4357, 48.1538], [11.4375, 48.1537], [11.439, 48.1535]], [[11.4439, 48.1531], [11.4436, 48.1531], [11.4426, 48.1532], [11.441, 48.1533], [11.4406, 48.1534], [11.44, 48.1534], [11.439, 48.1535]], [[11.4577, 48.1511], [11.4581, 48.1509], [11.4585, 48.1508], [11.4588, 48.1506], [11.4592, 48.1505], [11.4596, 48.1504]], [[11.4596, 48.1504], [11.4596, 48.1503], [11.4597, 48.1503]], [[11.4607, 48.1499], [11.4606, 48.15], [11.4603, 48.1501], [11.46, 48.1502], [11.4597, 48.1503]], [[11.4615, 48.1497], [11.4614, 48.1497], [11.461, 48.1498], [11.4607, 48.1499]]]}, "properties": {"ref": "S20", "opened_year": 2004, "is_central_tunnel": false, "segment_count": 229}}, {"type": "Feature", "geometry": {"type": "MultiLineString", "coordinates": [[[11.6824, 47.9108], [11.6822, 47.9113], [11.6819, 47.9122], [11.6818, 47.9124], [11.6817, 47.9127], [11.6818, 47.9124], [11.6823, 47.9114], [11.6823, 47.9112], [11.6824, 47.9109], [11.6824, 47.9108]], [[11.6554, 47.9736], [11.6554, 47.9737], [11.6553, 47.9738], [11.655, 47.974], [11.6549, 47.9741], [11.6548, 47.9742], [11.6546, 47.9743], [11.6545, 47.9744], [11.6544, 47.9745], [11.6542, 47.9747], [11.6541, 47.9747], [11.6539, 47.9749], [11.6537, 47.9751], [11.6536, 47.9751], [11.6538, 47.9749], [11.6541, 47.9747], [11.6542, 47.9746], [11.6544, 47.9745], [11.6545, 47.9744], [11.6546, 47.9743], [11.6547, 47.9742], [11.6548, 47.9741], [11.6549, 47.974], [11.655, 47.974], [11.6552, 47.9738], [11.6553, 47.9737], [11.6553, 47.9736], [11.6554, 47.9736]], [[11.5928, 48.035], [11.5931, 48.0353], [11.5932, 48.0354], [11.5936, 48.0358], [11.5945, 48.0365], [11.5946, 48.0365], [11.5945, 48.0365], [11.5937, 48.0357], [11.5932, 48.0354], [11.5931, 48.0353], [11.5931, 48.0352], [11.5929, 48.0351], [11.5929, 48.035], [11.5928, 48.035]], [[11.6101, 48.053], [11.6095, 48.0519], [11.6094, 48.0515], [11.6093, 48.0513], [11.6092, 48.0512], [11.6093, 48.0512], [11.6093, 48.0513], [11.6094, 48.0515], [11.6096, 48.0519], [11.6101, 48.053]], [[11.6124, 48.0637], [11.6124, 48.0654], [11.6124, 48.0656], [11.6125, 48.0656], [11.6125, 48.0654], [11.6124, 48.0637]], [[11.6092, 48.0809], [11.6095, 48.0799], [11.6096, 48.0794], [11.6097, 48.0791], [11.6096, 48.0791], [11.6096, 48.0794], [11.6095, 48.0796], [11.6094, 48.0799], [11.6092, 48.0809]], [[11.6064, 48.0918], [11.6063, 48.0922], [11.6061, 48.0926], [11.6059, 48.0932], [11.6059, 48.0933], [11.6059, 48.0934], [11.6058, 48.0934], [11.6057, 48.0936], [11.6057, 48.0937], [11.6058, 48.0934], [11.6059, 48.0932], [11.6061, 48.0926], [11.6064, 48.0918]], [[11.5181, 48.1436], [11.5183, 48.1436], [11.5188, 48.1435], [11.519, 48.1435], [11.5192, 48.1435], [11.5195, 48.1435], [11.5199, 48.1435], [11.5209, 48.1434], [11.5209, 48.1435], [11.5199, 48.1436], [11.5197, 48.1436], [11.5195, 48.1436], [11.5192, 48.1436], [11.519, 48.1436], [11.5188, 48.1436], [11.5184, 48.1436], [11.5181, 48.1436]], [[11.4099, 48.1754], [11.4077, 48.1766], [11.4084, 48.1762], [11.4088, 48.176], [11.4095, 48.1756], [11.4099, 48.1754]], [[11.3152, 48.2123], [11.316, 48.2122], [11.3167, 48.2122], [11.3178, 48.2121], [11.3181, 48.2121], [11.3181, 48.2122], [11.3178, 48.2122], [11.3175, 48.2122], [11.3167, 48.2122], [11.316, 48.2123], [11.3152, 48.2123]], [[11.2991, 48.2128], [11.2993, 48.2128], [11.2999, 48.2128], [11.3005, 48.2128], [11.302, 48.2127], [11.3005, 48.2127], [11.2998, 48.2127], [11.2993, 48.2128], [11.2992, 48.2128], [11.2991, 48.2128]], [[11.2195, 48.2153], [11.2195, 48.2154], [11.218, 48.2154], [11.2167, 48.2155], [11.2176, 48.2154], [11.2191, 48.2154], [11.2191, 48.2153], [11.2193, 48.2153], [11.2195, 48.2153]], [[11.1772, 48.2167], [11.1768, 48.2167], [11.1761, 48.2168], [11.1741, 48.2168], [11.1737, 48.2168], [11.1737, 48.2169], [11.1741, 48.2169], [11.1761, 48.2168], [11.1772, 48.2168], [11.1772, 48.2167]], [[11.6973, 47.8845], [11.6972, 47.8845], [11.6962, 47.8854], [11.6957, 47.8858], [11.6952, 47.8862], [11.695, 47.8864], [11.6946, 47.8867], [11.6941, 47.8871], [11.6937, 47.8874]], [[11.6937, 47.8874], [11.6935, 47.8876], [11.6934, 47.8877], [11.6929, 47.8881], [11.6928, 47.8883], [11.6925, 47.8885], [11.6922, 47.8888], [11.692, 47.889], [11.6917, 47.8893]], [[11.6917, 47.8893], [11.6917, 47.8894], [11.6916, 47.8894]], [[11.6916, 47.8894], [11.6915, 47.8896]], [[11.6915, 47.8896], [11.6914, 47.8897], [11.6911, 47.89], [11.6909, 47.8904]], [[11.6909, 47.8904], [11.6907, 47.8906], [11.6906, 47.8908], [11.6904, 47.891], [11.6902, 47.8914], [11.6901, 47.8916], [11.6899, 47.892], [11.6898, 47.8921], [11.6896, 47.8925], [11.6894, 47.8928], [11.6893, 47.893], [11.6891, 47.8934], [11.6889, 47.894], [11.6883, 47.8954], [11.6875, 47.8975], [11.687, 47.8989], [11.6866, 47.9], [11.6865, 47.9003], [11.6862, 47.9008], [11.6861, 47.9011], [11.6859, 47.9017], [11.6845, 47.9052], [11.6842, 47.9061], [11.6834, 47.9081], [11.6829, 47.9096], [11.6828, 47.9097], [11.6824, 47.9107]], [[11.6824, 47.9107], [11.6823, 47.911], [11.6822, 47.9113], [11.6817, 47.9127]], [[11.6817, 47.9127], [11.6814, 47.9133], [11.6814, 47.9134]], [[11.6814, 47.9134], [11.6813, 47.9137]], [[11.6813, 47.9137], [11.6812, 47.9139], [11.6809, 47.9147], [11.6801, 47.9167], [11.6797, 47.9177], [11.6796, 47.9181], [11.6788, 47.9202], [11.6782, 47.9216], [11.6781, 47.9218]], [[11.6781, 47.9218], [11.6781, 47.922]], [[11.6781, 47.922], [11.6774, 47.9237], [11.6769, 47.9251], [11.6761, 47.9271], [11.6755, 47.9285], [11.6747, 47.9306], [11.6743, 47.9318], [11.6742, 47.932], [11.6741, 47.9323], [11.6734, 47.9341], [11.6728, 47.9355], [11.672, 47.9376], [11.6715, 47.939], [11.6707, 47.941], [11.6707, 47.9411], [11.6705, 47.9417], [11.6702, 47.9424], [11.6694, 47.9444], [11.6689, 47.9458], [11.668, 47.9479], [11.6675, 47.9493], [11.6671, 47.9505], [11.6667, 47.9514], [11.6662, 47.9528], [11.6653, 47.9549], [11.6651, 47.9554]], [[11.6651, 47.9554], [11.6651, 47.9556]], [[11.6651, 47.9556], [11.6648, 47.9563], [11.6647, 47.9565], [11.6644, 47.9573], [11.6642, 47.9579], [11.664, 47.9584], [11.6635, 47.9598], [11.6633, 47.9602], [11.6628, 47.9615], [11.6626, 47.9619], [11.6624, 47.9626], [11.6621, 47.9633], [11.6618, 47.9641], [11.6615, 47.9647], [11.6614, 47.9651], [11.6613, 47.9654], [11.6612, 47.9656], [11.6611, 47.9658], [11.6609, 47.9663], [11.6606, 47.9667], [11.6603, 47.9673], [11.6601, 47.9676], [11.66, 47.9679], [11.6598, 47.9682], [11.6597, 47.9683], [11.6594, 47.9688], [11.6593, 47.969], [11.6591, 47.9693], [11.6587, 47.9698], [11.6584, 47.9702], [11.6582, 47.9704], [11.658, 47.9707], [11.6577, 47.9711], [11.6575, 47.9714]], [[11.6575, 47.9714], [11.6573, 47.9715], [11.6572, 47.9717]], [[11.6572, 47.9717], [11.6569, 47.972], [11.6566, 47.9723], [11.6564, 47.9725], [11.6562, 47.9728], [11.6559, 47.9731], [11.6555, 47.9734], [11.6554, 47.9736]], [[11.6554, 47.9736], [11.6549, 47.974], [11.6547, 47.9742], [11.6543, 47.9745], [11.6541, 47.9747], [11.6538, 47.9749], [11.6534, 47.9752]], [[11.6534, 47.9752], [11.6528, 47.9756], [11.6525, 47.9759]], [[11.6525, 47.9759], [11.6523, 47.976]], [[11.6523, 47.976], [11.6521, 47.9762], [11.6519, 47.9763], [11.6515, 47.9766], [11.6512, 47.9768], [11.6508, 47.977]], [[11.6508, 47.977], [11.6506, 47.9772]], [[11.6506, 47.9772], [11.6502, 47.9774], [11.6499, 47.9776], [11.6493, 47.9779], [11.6489, 47.9782], [11.6485, 47.9784], [11.6482, 47.9786]], [[11.6482, 47.9786], [11.6481, 47.9786]], [[11.6481, 47.9786], [11.648, 47.9787], [11.6478, 47.9788], [11.6465, 47.9795], [11.6442, 47.9807], [11.6433, 47.9812], [11.6416, 47.9821], [11.64, 47.983], [11.6391, 47.9835]], [[11.6391, 47.9835], [11.639, 47.9835]], [[11.639, 47.9835], [11.6375, 47.9843], [11.6373, 47.9844], [11.6369, 47.9846], [11.6358, 47.9852], [11.6354, 47.9854], [11.6338, 47.9863], [11.6333, 47.9866], [11.6322, 47.9871], [11.6316, 47.9875], [11.6291, 47.9888], [11.6276, 47.9896]], [[11.6276, 47.9896], [11.6275, 47.9897]], [[11.6275, 47.9897], [11.6274, 47.9897], [11.6261, 47.9904], [11.6256, 47.9907], [11.625, 47.991], [11.6233, 47.9919], [11.6222, 47.9925], [11.6208, 47.9932], [11.6192, 47.9941], [11.6166, 47.9955], [11.6156, 47.996], [11.615, 47.9964], [11.6135, 47.9972], [11.6125, 47.9977], [11.6108, 47.9986], [11.6083, 48.0], [11.6079, 48.0002], [11.6067, 48.0009], [11.6041, 48.0022], [11.6025, 48.0031], [11.6009, 48.0039], [11.5999, 48.0045], [11.5995, 48.0047], [11.5983, 48.0053], [11.5973, 48.0058], [11.5958, 48.0067], [11.5941, 48.0076], [11.5925, 48.0084]], [[11.5925, 48.0084], [11.5918, 48.0088], [11.5914, 48.0091], [11.5909, 48.0094], [11.5908, 48.0094], [11.5903, 48.0098], [11.5899, 48.0101], [11.5897, 48.0102], [11.5893, 48.0105], [11.5889, 48.0109]], [[11.5889, 48.0109], [11.5885, 48.0112], [11.5881, 48.0116], [11.588, 48.0118], [11.5878, 48.0119], [11.5878, 48.012], [11.5875, 48.0123], [11.587, 48.0129], [11.5867, 48.0133], [11.5866, 48.0135], [11.5864, 48.0137], [11.5863, 48.014], [11.5861, 48.0142], [11.5858, 48.015]], [[11.5858, 48.015], [11.5857, 48.015], [11.5856, 48.0153], [11.5853, 48.0159], [11.5852, 48.0161]], [[11.5852, 48.0161], [11.5851, 48.0164], [11.5849, 48.0169], [11.5848, 48.0172]], [[11.5848, 48.0172], [11.5846, 48.0177], [11.5845, 48.018], [11.5844, 48.018], [11.5838, 48.0195], [11.5835, 48.02], [11.5833, 48.0204], [11.5832, 48.0206], [11.5832, 48.0207], [11.5831, 48.0208]], [[11.5831, 48.0208], [11.5827, 48.0216], [11.5825, 48.022], [11.5821, 48.0228], [11.5821, 48.0229], [11.5819, 48.0232], [11.5819, 48.0233], [11.5819, 48.0235], [11.5818, 48.0236], [11.5818, 48.0238], [11.5818, 48.0239], [11.5818, 48.0241], [11.5818, 48.0243], [11.5818, 48.0245], [11.5819, 48.0247], [11.5819, 48.0248], [11.582, 48.025], [11.5821, 48.0251], [11.5821, 48.0253], [11.5823, 48.0255], [11.5824, 48.0257], [11.5826, 48.026], [11.5829, 48.0263]], [[11.5829, 48.0263], [11.5841, 48.0273], [11.5845, 48.0277], [11.585, 48.0281]], [[11.585, 48.0281], [11.5854, 48.0284]], [[11.5854, 48.0284], [11.5854, 48.0285], [11.5861, 48.0291], [11.5869, 48.0298], [11.5872, 48.0301], [11.5877, 48.0306], [11.5884, 48.0311], [11.5903, 48.0328], [11.5908, 48.0332], [11.5913, 48.0337], [11.5921, 48.0344], [11.5922, 48.0345]], [[11.5922, 48.0345], [11.5925, 48.0348]], [[11.5925, 48.0348], [11.5928, 48.035], [11.5931, 48.0353], [11.5945, 48.0365], [11.5947, 48.0367], [11.5948, 48.0368], [11.5953, 48.0373], [11.5962, 48.038], [11.5972, 48.039], [11.5977, 48.0394], [11.5985, 48.0401], [11.5992, 48.0407]], [[11.5992, 48.0407], [11.5998, 48.0413]], [[11.5998, 48.0413], [11.6001, 48.0415], [11.6004, 48.0417], [11.6004, 48.0418], [11.601, 48.0423], [11.6021, 48.0433], [11.6037, 48.0447], [11.6049, 48.0457], [11.6049, 48.0458], [11.6056, 48.0464]], [[11.6056, 48.0464], [11.6057, 48.0465]], [[11.6057, 48.0465], [11.6063, 48.0471], [11.6065, 48.0472], [11.6068, 48.0475], [11.6073, 48.048], [11.6075, 48.0482], [11.6077, 48.0485], [11.608, 48.0489], [11.608, 48.049], [11.6082, 48.0492], [11.6083, 48.0495], [11.6087, 48.0501], [11.6089, 48.0507], [11.609, 48.0508], [11.6092, 48.0511], [11.6093, 48.0515], [11.6096, 48.0521], [11.6101, 48.053], [11.6102, 48.0534], [11.6106, 48.0541], [11.6107, 48.0543]], [[11.6107, 48.0543], [11.6108, 48.0546]], [[11.6108, 48.0546], [11.6114, 48.0558], [11.6114, 48.056], [11.6116, 48.0563], [11.6117, 48.0566], [11.6118, 48.0568], [11.6118, 48.0571], [11.6119, 48.0573], [11.612, 48.0578], [11.612, 48.0581], [11.612, 48.0584], [11.6121, 48.0587]], [[11.6121, 48.0587], [11.6121, 48.059]], [[11.6121, 48.059], [11.6121, 48.0591], [11.6121, 48.0601], [11.6122, 48.061], [11.6122, 48.0615], [11.6123, 48.0623]], [[11.6123, 48.0623], [11.6123, 48.0625]], [[11.6123, 48.0625], [11.6123, 48.0629], [11.6123, 48.0631], [11.6124, 48.0652], [11.6124, 48.0654], [11.6124, 48.0656]], [[11.6124, 48.0656], [11.6124, 48.0659]], [[11.6124, 48.0659], [11.6125, 48.0662]], [[11.6125, 48.0662], [11.6125, 48.0665]], [[11.6125, 48.0665], [11.6125, 48.0666], [11.6125, 48.0669], [11.6125, 48.0674], [11.6125, 48.0676], [11.6124, 48.0679], [11.6123, 48.0683], [11.6118, 48.0704], [11.6105, 48.0756], [11.6103, 48.0763], [11.6101, 48.077], [11.6097, 48.0789], [11.6096, 48.079]], [[11.6096, 48.079], [11.6095, 48.0796], [11.6093, 48.0801], [11.6093, 48.0805], [11.6092, 48.0808], [11.6092, 48.0809]], [[11.6092, 48.0809], [11.6087, 48.0826], [11.6083, 48.0844], [11.6082, 48.0847], [11.6078, 48.0862], [11.6074, 48.088], [11.6069, 48.0897], [11.6065, 48.0913], [11.6063, 48.0918], [11.6061, 48.0926], [11.6059, 48.093], [11.6058, 48.0933], [11.6056, 48.0937], [11.6053, 48.0943], [11.605, 48.0949], [11.6049, 48.0951], [11.6046, 48.0956], [11.6044, 48.096], [11.604, 48.0966], [11.6037, 48.097], [11.6034, 48.0975]], [[11.6034, 48.0975], [11.6034, 48.0976], [11.603, 48.0981], [11.6029, 48.0984], [11.602, 48.0997], [11.6017, 48.1001], [11.6015, 48.1004], [11.6013, 48.1007], [11.6009, 48.1013], [11.6007, 48.1017], [11.6005, 48.102], [11.6003, 48.1022], [11.6002, 48.1024], [11.6, 48.1027], [11.5999, 48.1029], [11.5998, 48.1031]], [[11.5998, 48.1031], [11.5996, 48.1034]], [[11.5996, 48.1034], [11.5989, 48.105], [11.5986, 48.1056], [11.5985, 48.106], [11.5985, 48.1061], [11.5984, 48.1062], [11.5982, 48.1066], [11.598, 48.1071]], [[11.598, 48.1071], [11.5979, 48.1073], [11.5979, 48.1074]], [[11.5979, 48.1074], [11.5976, 48.1079], [11.5975, 48.1083]], [[11.5975, 48.1083], [11.5971, 48.1091], [11.5967, 48.11], [11.5966, 48.11], [11.5964, 48.1106], [11.5963, 48.1108], [11.5961, 48.1111], [11.5959, 48.1116], [11.5958, 48.1119], [11.5958, 48.112], [11.5957, 48.1123], [11.5956, 48.1124], [11.5955, 48.113], [11.5953, 48.1134], [11.5953, 48.1136], [11.5953, 48.1138], [11.5952, 48.1144], [11.5951, 48.1147], [11.5951, 48.1149]], [[11.5951, 48.1149], [11.5951, 48.1151]], [[11.5951, 48.1151], [11.5951, 48.1152], [11.5951, 48.1155], [11.5951, 48.1158], [11.5951, 48.1159], [11.5952, 48.1161], [11.5952, 48.1163], [11.5952, 48.1165], [11.5953, 48.117], [11.5954, 48.1175], [11.5955, 48.1176]], [[11.5955, 48.1176], [11.5956, 48.118], [11.5957, 48.1184]], [[11.5957, 48.1184], [11.5957, 48.1186]], [[11.5957, 48.1186], [11.5958, 48.1189], [11.5958, 48.1191], [11.5959, 48.1195], [11.596, 48.1197], [11.596, 48.12], [11.5961, 48.1202], [11.5962, 48.1206], [11.5963, 48.1208], [11.5964, 48.1212]], [[11.5964, 48.1212], [11.5965, 48.1214], [11.5966, 48.1215], [11.597, 48.1219], [11.5973, 48.1223], [11.5978, 48.1226], [11.5982, 48.123], [11.5984, 48.1231], [11.5988, 48.1234], [11.5995, 48.1239], [11.6001, 48.1244], [11.6002, 48.1244], [11.6009, 48.125]], [[11.6009, 48.125], [11.6012, 48.1252], [11.6017, 48.1256], [11.6021, 48.1258], [11.6024, 48.126], [11.6028, 48.1262]], [[11.6028, 48.1262], [11.6032, 48.1264], [11.6035, 48.1267], [11.604, 48.1269]], [[11.6042, 48.1271], [11.6042, 48.127], [11.604, 48.1269]], [[11.6052, 48.1277], [11.6042, 48.1271]], [[11.604, 48.1269], [11.6037, 48.1268], [11.6033, 48.1266]], [[11.6033, 48.1266], [11.6028, 48.1263]], [[11.6028, 48.1263], [11.6026, 48.1262], [11.6024, 48.1261]], [[11.6024, 48.1261], [11.6022, 48.126], [11.6021, 48.126], [11.602, 48.126]], [[11.602, 48.126], [11.6018, 48.1259], [11.6017, 48.1259], [11.6014, 48.1258], [11.6013, 48.1258], [11.6011, 48.1257], [11.6009, 48.1257]], [[11.5523, 48.1421], [11.552, 48.142], [11.5517, 48.142], [11.5515, 48.142], [11.5513, 48.1419], [11.551, 48.1419]], [[11.551, 48.1419], [11.5508, 48.1419], [11.5505, 48.1419], [11.5503, 48.1419], [11.5501, 48.1419], [11.55, 48.1419]], [[11.55, 48.1419], [11.5498, 48.1419], [11.5494, 48.142], [11.5486, 48.142], [11.5484, 48.142]], [[11.5484, 48.142], [11.5482, 48.1421], [11.5475, 48.1421], [11.5472, 48.1421], [11.5471, 48.1421]], [[11.5471, 48.1421], [11.547, 48.1421], [11.545, 48.1423], [11.5447, 48.1423], [11.5446, 48.1423], [11.5441, 48.1424], [11.5432, 48.1424], [11.5417, 48.1425], [11.5408, 48.1426]], [[11.5408, 48.1426], [11.5405, 48.1426], [11.5396, 48.1427], [11.5389, 48.1427]], [[11.5389, 48.1427], [11.5387, 48.1428], [11.5386, 48.1428], [11.5381, 48.1428], [11.538, 48.1428], [11.5377, 48.1428], [11.5372, 48.1428], [11.5368, 48.1428], [11.5365, 48.1428], [11.5358, 48.1428], [11.5355, 48.1428], [11.5353, 48.1428]], [[11.5353, 48.1428], [11.5351, 48.1428], [11.5345, 48.1428], [11.5339, 48.1428], [11.5337, 48.1428], [11.533, 48.1428], [11.5326, 48.1428], [11.5319, 48.1428], [11.5312, 48.1427], [11.5306, 48.1427], [11.5299, 48.1428], [11.5295, 48.1428], [11.5283, 48.1429], [11.5244, 48.1432], [11.5239, 48.1432], [11.5232, 48.1433], [11.5225, 48.1434], [11.5218, 48.1434], [11.5212, 48.1435], [11.5211, 48.1435]], [[11.5211, 48.1435], [11.5209, 48.1435], [11.5202, 48.1436], [11.5199, 48.1436], [11.5196, 48.1436], [11.5195, 48.1436], [11.5192, 48.1436], [11.5191, 48.1436], [11.519, 48.1436], [11.5189, 48.1436], [11.5184, 48.1436], [11.5181, 48.1436], [11.5179, 48.1436], [11.5177, 48.1436], [11.5173, 48.1436], [11.5171, 48.1436], [11.5167, 48.1436], [11.5164, 48.1436], [11.5157, 48.1435]], [[11.5157, 48.1435], [11.5149, 48.1435], [11.5145, 48.1435]], [[11.5145, 48.1435], [11.5141, 48.1435], [11.5137, 48.1434], [11.5132, 48.1434]], [[11.5132, 48.1434], [11.5129, 48.1434], [11.5126, 48.1435], [11.5122, 48.1435], [11.5119, 48.1435], [11.5115, 48.1436], [11.5109, 48.1437], [11.5105, 48.1438], [11.51, 48.1439], [11.5097, 48.144], [11.5094, 48.144], [11.5091, 48.144], [11.5087, 48.1441], [11.5083, 48.1441], [11.5078, 48.1442], [11.5071, 48.1442], [11.5066, 48.1443], [11.5058, 48.1443], [11.5056, 48.1444], [11.505, 48.1444], [11.5045, 48.1445], [11.5044, 48.1445], [11.5043, 48.1445], [11.5037, 48.1446], [11.503, 48.1446], [11.5027, 48.1447], [11.5026, 48.1447], [11.5023, 48.1447], [11.5017, 48.1448], [11.5016, 48.1448], [11.5015, 48.1448], [11.5014, 48.1448]], [[11.5014, 48.1448], [11.5012, 48.1448], [11.5009, 48.1448], [11.5007, 48.1449], [11.5005, 48.1449], [11.5003, 48.1449], [11.4998, 48.1449], [11.4991, 48.1449], [11.4988, 48.1449], [11.4983, 48.145], [11.498, 48.145], [11.4976, 48.1451], [11.4972, 48.1451], [11.4968, 48.1452]], [[11.4968, 48.1452], [11.4964, 48.1453], [11.4952, 48.1456]], [[11.4952, 48.1456], [11.4947, 48.1457], [11.4946, 48.1457], [11.4944, 48.1458], [11.494, 48.1459], [11.4937, 48.1459], [11.4933, 48.146], [11.4929, 48.146], [11.4925, 48.146], [11.4922, 48.1461], [11.4918, 48.146], [11.4914, 48.146], [11.4911, 48.146], [11.4909, 48.146], [11.4907, 48.146]], [[11.4907, 48.146], [11.49, 48.1459]], [[11.49, 48.1459], [11.4899, 48.1459]], [[11.4899, 48.1459], [11.4893, 48.1458]], [[11.4893, 48.1458], [11.4885, 48.1458], [11.4881, 48.1458], [11.4878, 48.1458], [11.4875, 48.1458], [11.4873, 48.1458]], [[11.4873, 48.1458], [11.4872, 48.1458], [11.4863, 48.1458], [11.4842, 48.146], [11.4818, 48.1462], [11.4814, 48.1462]], [[11.4814, 48.1462], [11.4807, 48.1463], [11.4789, 48.1464], [11.4783, 48.1464], [11.4778, 48.1465], [11.4762, 48.1466], [11.4753, 48.1466], [11.4749, 48.1467]], [[11.4749, 48.1467], [11.474, 48.1467], [11.4738, 48.1468], [11.4734, 48.1468], [11.4725, 48.1469], [11.472, 48.1469], [11.4716, 48.147], [11.471, 48.1471], [11.4709, 48.1471], [11.4705, 48.1472], [11.4696, 48.1474], [11.4693, 48.1475], [11.4691, 48.1476], [11.469, 48.1476], [11.468, 48.148], [11.4667, 48.1484]], [[11.4667, 48.1484], [11.4659, 48.1487]], [[11.4659, 48.1487], [11.4658, 48.1488]], [[11.4658, 48.1488], [11.4657, 48.1488]], [[11.4657, 48.1488], [11.4646, 48.1492], [11.4641, 48.1494], [11.4637, 48.1495]], [[11.4637, 48.1495], [11.4636, 48.1495], [11.4632, 48.1496], [11.4625, 48.1499], [11.4617, 48.1501]], [[11.4617, 48.1501], [11.4611, 48.1503], [11.4599, 48.1507]], [[11.4599, 48.1507], [11.459, 48.1509], [11.4577, 48.1513]], [[11.4577, 48.1513], [11.4576, 48.1513], [11.4568, 48.1516]], [[11.4568, 48.1516], [11.4561, 48.1518]], [[11.4561, 48.1518], [11.4558, 48.1519]], [[11.4558, 48.1519], [11.4552, 48.152], [11.4551, 48.1521]], [[11.4551, 48.1521], [11.4544, 48.1522], [11.4541, 48.1522], [11.4538, 48.1523]], [[11.4538, 48.1523], [11.452, 48.1526], [11.4517, 48.1526], [11.4509, 48.1527], [11.4505, 48.1528], [11.4503, 48.1529], [11.4499, 48.153], [11.4494, 48.1532], [11.4491, 48.1533]], [[11.4491, 48.1533], [11.449, 48.1533], [11.4486, 48.1534], [11.4483, 48.1535], [11.4481, 48.1536], [11.448, 48.1537]], [[11.448, 48.1537], [11.4479, 48.1537], [11.4476, 48.1539], [11.4473, 48.154], [11.447, 48.1542], [11.4468, 48.1543], [11.4467, 48.1543], [11.4467, 48.1544]], [[11.4467, 48.1544], [11.4466, 48.1544], [11.446, 48.1548], [11.4454, 48.1552], [11.4446, 48.1558], [11.4444, 48.1559]], [[11.4444, 48.1559], [11.4432, 48.1568]], [[11.4432, 48.1568], [11.4423, 48.1575], [11.4418, 48.1578], [11.4413, 48.1582], [11.4409, 48.1584], [11.4404, 48.1587], [11.4403, 48.1588]], [[11.4403, 48.1588], [11.4396, 48.1592], [11.4384, 48.1598], [11.4373, 48.1605], [11.4369, 48.1607], [11.4368, 48.1607], [11.4349, 48.1618], [11.4341, 48.1622], [11.4338, 48.1624]], [[11.4338, 48.1624], [11.4329, 48.1629], [11.4327, 48.163]], [[11.4327, 48.163], [11.4324, 48.1631], [11.4321, 48.1633]], [[11.4321, 48.1633], [11.432, 48.1633], [11.4314, 48.1637], [11.4308, 48.164]], [[11.4308, 48.164], [11.4305, 48.1642], [11.4286, 48.1652], [11.4248, 48.1673], [11.4219, 48.1689], [11.4201, 48.1699], [11.4189, 48.1705], [11.4176, 48.1712]], [[11.4176, 48.1712], [11.416, 48.1721], [11.4125, 48.174], [11.4124, 48.1741], [11.4103, 48.1752], [11.4102, 48.1753], [11.4101, 48.1753], [11.4091, 48.1759], [11.4086, 48.1762], [11.4082, 48.1764], [11.4077, 48.1767], [11.4069, 48.1771], [11.4062, 48.1775], [11.4047, 48.1783], [11.4016, 48.18], [11.4014, 48.1801]], [[11.4014, 48.1801], [11.4012, 48.1802], [11.3991, 48.1813], [11.3976, 48.1822], [11.3952, 48.1834], [11.3929, 48.1847], [11.3907, 48.1859], [11.3905, 48.186], [11.3904, 48.1861], [11.3891, 48.1868], [11.3867, 48.1881], [11.3845, 48.1893], [11.3829, 48.1901], [11.3813, 48.191], [11.3806, 48.1914], [11.3785, 48.1926], [11.3784, 48.1926], [11.377, 48.1934]], [[11.377, 48.1934], [11.3766, 48.1936]], [[11.3766, 48.1936], [11.3762, 48.1938], [11.3754, 48.1942]], [[11.3754, 48.1942], [11.3738, 48.1951], [11.3732, 48.1954], [11.3729, 48.1956]], [[11.3729, 48.1956], [11.3727, 48.1957], [11.3724, 48.1959], [11.37, 48.1972], [11.3685, 48.198], [11.3681, 48.1982], [11.3664, 48.1991], [11.3661, 48.1993], [11.3646, 48.2001], [11.3637, 48.2005], [11.3622, 48.2012], [11.3614, 48.2016], [11.3602, 48.2021], [11.3595, 48.2024], [11.3589, 48.2027], [11.3587, 48.2028], [11.3582, 48.203], [11.3577, 48.2031], [11.3572, 48.2033], [11.3569, 48.2034], [11.3567, 48.2035], [11.3561, 48.2036], [11.3556, 48.2038], [11.355, 48.204], [11.3544, 48.2041], [11.353, 48.2044], [11.3526, 48.2045], [11.3523, 48.2046], [11.3514, 48.2049], [11.3509, 48.2051], [11.3505, 48.2052], [11.3499, 48.2054], [11.3496, 48.2055], [11.349, 48.2058], [11.3484, 48.206], [11.3478, 48.2063], [11.3469, 48.2066], [11.3462, 48.207]], [[11.3462, 48.207], [11.3456, 48.2072], [11.3454, 48.2073], [11.3449, 48.2075], [11.3444, 48.2077], [11.3438, 48.2079], [11.3434, 48.2081], [11.3429, 48.2082], [11.3423, 48.2084], [11.3418, 48.2085], [11.3411, 48.2087], [11.3399, 48.2091], [11.3386, 48.2094], [11.338, 48.2095], [11.3375, 48.2096]], [[11.3375, 48.2096], [11.3364, 48.2099], [11.3361, 48.2099], [11.3356, 48.21], [11.3348, 48.2102], [11.3341, 48.2103], [11.3335, 48.2104]], [[11.3335, 48.2104], [11.3332, 48.2105]], [[11.3332, 48.2105], [11.3329, 48.2105], [11.3322, 48.2106], [11.3321, 48.2107], [11.3314, 48.2108], [11.3308, 48.2109]], [[11.3308, 48.2109], [11.3303, 48.2109]], [[11.3303, 48.2109], [11.3285, 48.2112], [11.328, 48.2112], [11.3265, 48.2114], [11.325, 48.2116]], [[11.325, 48.2116], [11.3245, 48.2116], [11.3239, 48.2117]], [[11.3239, 48.2117], [11.3237, 48.2117]], [[11.3237, 48.2117], [11.3231, 48.2118], [11.322, 48.2119], [11.3215, 48.212], [11.3208, 48.212], [11.32, 48.2121], [11.3189, 48.2122], [11.3187, 48.2122]], [[11.3187, 48.2122], [11.3183, 48.2122]], [[11.3183, 48.2122], [11.3175, 48.2122], [11.3167, 48.2123], [11.316, 48.2123], [11.3152, 48.2123], [11.3147, 48.2123], [11.3139, 48.2124]], [[11.3139, 48.2124], [11.3112, 48.2124], [11.3101, 48.2125], [11.3083, 48.2125], [11.3063, 48.2126], [11.3051, 48.2126], [11.3021, 48.2128], [11.3005, 48.2128], [11.2994, 48.2128], [11.2991, 48.2128], [11.2981, 48.2129], [11.295, 48.213], [11.2895, 48.2131], [11.2874, 48.2132], [11.2835, 48.2133], [11.2816, 48.2134], [11.281, 48.2134], [11.2737, 48.2137], [11.2706, 48.2138], [11.2686, 48.2138], [11.2678, 48.2139]], [[11.2678, 48.2139], [11.2668, 48.2139], [11.2657, 48.2139], [11.265, 48.2139], [11.2635, 48.214], [11.2629, 48.214], [11.2619, 48.214]], [[11.2619, 48.214], [11.2607, 48.2141], [11.2606, 48.2141], [11.2581, 48.2141]], [[11.2581, 48.2141], [11.2567, 48.2142], [11.2558, 48.2142], [11.2556, 48.2142], [11.2549, 48.2142], [11.2543, 48.2143], [11.2542, 48.2143], [11.2541, 48.2143], [11.2538, 48.2143], [11.2529, 48.2143], [11.2472, 48.2145], [11.2461, 48.2145]], [[11.185, 48.2165], [11.1851, 48.2165], [11.1863, 48.2164], [11.1878, 48.2164], [11.1884, 48.2164], [11.189, 48.2164], [11.1903, 48.2163], [11.1925, 48.2163], [11.1934, 48.2162], [11.1955, 48.2162], [11.197, 48.2161], [11.1985, 48.2161], [11.2014, 48.216], [11.2031, 48.2159], [11.2034, 48.2159], [11.2036, 48.2159], [11.2065, 48.2158], [11.2095, 48.2157], [11.2118, 48.2157], [11.2124, 48.2156], [11.2143, 48.2156], [11.2173, 48.2155], [11.218, 48.2154], [11.2193, 48.2154], [11.2195, 48.2154], [11.2219, 48.2153], [11.2223, 48.2153], [11.2241, 48.2153], [11.2252, 48.2152], [11.2277, 48.2152], [11.2281, 48.2151], [11.2286, 48.2151], [11.2309, 48.215], [11.2327, 48.215], [11.2329, 48.215], [11.236, 48.2149], [11.2386, 48.2148], [11.2411, 48.2147], [11.2412, 48.2147], [11.2422, 48.2147], [11.2429, 48.2146], [11.2441, 48.2146], [11.2446, 48.2146], [11.246, 48.2145], [11.2461, 48.2145]], [[11.1786, 48.2167], [11.1788, 48.2167], [11.1795, 48.2167], [11.1813, 48.2166], [11.1822, 48.2166], [11.1829, 48.2166], [11.184, 48.2165], [11.1842, 48.2165], [11.185, 48.2165]], [[11.1761, 48.2168], [11.1772, 48.2168], [11.1775, 48.2168], [11.1786, 48.2167]], [[11.1737, 48.2168], [11.1741, 48.2168], [11.1761, 48.2168], [11.1768, 48.2167], [11.1772, 48.2167], [11.1768, 48.2167], [11.1761, 48.2167], [11.1741, 48.2168], [11.1739, 48.2168], [11.1737, 48.2168]], [[11.6055, 48.0936], [11.6057, 48.0932], [11.6059, 48.0926], [11.606, 48.0926], [11.6062, 48.092], [11.6061, 48.092], [11.6062, 48.092], [11.6062, 48.0919], [11.6062, 48.0918], [11.6063, 48.0918], [11.6062, 48.092], [11.606, 48.0926], [11.6059, 48.0928], [11.6058, 48.0931], [11.6058, 48.0932], [11.6056, 48.0936], [11.6055, 48.0936]], [[11.6095, 48.079], [11.6096, 48.079], [11.6095, 48.0791], [11.6095, 48.0793], [11.6094, 48.0796], [11.6094, 48.0797], [11.6092, 48.0803], [11.6091, 48.0809], [11.609, 48.0809], [11.6092, 48.0803], [11.6093, 48.0797], [11.6094, 48.0796], [11.6095, 48.0793], [11.6095, 48.0791], [11.6095, 48.079]], [[11.6123, 48.0656], [11.6123, 48.0651], [11.6122, 48.0648], [11.6122, 48.0638], [11.6122, 48.0637], [11.6123, 48.0637], [11.6123, 48.0638], [11.6123, 48.0648], [11.6123, 48.0651], [11.6123, 48.0656]], [[11.609, 48.0512], [11.6091, 48.0513], [11.6093, 48.0517], [11.6095, 48.0521], [11.6099, 48.0529], [11.6098, 48.0529], [11.6095, 48.0521], [11.6092, 48.0517], [11.6091, 48.0513], [11.609, 48.0512]], [[11.5927, 48.0351], [11.5928, 48.0352], [11.5935, 48.0358], [11.5937, 48.0359], [11.5943, 48.0365], [11.5943, 48.0366], [11.5944, 48.0366], [11.5937, 48.0359], [11.5935, 48.0357], [11.5927, 48.0351]], [[11.6535, 47.975], [11.6537, 47.9749], [11.6541, 47.9745], [11.6542, 47.9745], [11.6543, 47.9743], [11.6545, 47.9742], [11.6547, 47.974], [11.6548, 47.974], [11.6551, 47.9737], [11.6552, 47.9736], [11.6552, 47.9735], [11.6551, 47.9736], [11.6551, 47.9737], [11.655, 47.9737], [11.6551, 47.9737], [11.6547, 47.9739], [11.6547, 47.974], [11.6544, 47.9742], [11.6543, 47.9743], [11.6541, 47.9745], [11.6537, 47.9748], [11.6535, 47.975]], [[11.6823, 47.9107], [11.6822, 47.9109], [11.6822, 47.911], [11.6821, 47.9111], [11.682, 47.9114], [11.682, 47.9115], [11.6819, 47.9116], [11.6819, 47.9117], [11.6819, 47.9118], [11.6818, 47.912], [11.6816, 47.9125], [11.6818, 47.912], [11.682, 47.9115], [11.6822, 47.9111], [11.6822, 47.911], [11.6823, 47.9109], [11.6823, 47.9107]], [[11.1742, 48.2168], [11.1761, 48.2167], [11.1763, 48.2167], [11.1768, 48.2167], [11.1772, 48.2167], [11.1775, 48.2167], [11.178, 48.2167], [11.1786, 48.2167]], [[11.2461, 48.2145], [11.2472, 48.2145], [11.2479, 48.2144], [11.2483, 48.2144], [11.2491, 48.2143], [11.2505, 48.2143], [11.2521, 48.2142], [11.2538, 48.2142], [11.2541, 48.2142]], [[11.2541, 48.2142], [11.2543, 48.2142], [11.2556, 48.2141], [11.258, 48.2141]], [[11.258, 48.2141], [11.2595, 48.214], [11.2602, 48.214], [11.2626, 48.2139], [11.2634, 48.2139], [11.2643, 48.2139], [11.2651, 48.2139], [11.2658, 48.2139], [11.2668, 48.2139], [11.2678, 48.2138]], [[11.2678, 48.2138], [11.2686, 48.2138], [11.2706, 48.2137], [11.2737, 48.2136], [11.2794, 48.2134], [11.281, 48.2134], [11.2816, 48.2134], [11.2835, 48.2133], [11.2884, 48.2131], [11.2949, 48.2129], [11.2971, 48.2129], [11.298, 48.2128], [11.2991, 48.2128], [11.2997, 48.2127], [11.3004, 48.2127], [11.3005, 48.2127], [11.3011, 48.2127], [11.302, 48.2127], [11.3024, 48.2127], [11.3029, 48.2127], [11.304, 48.2126], [11.3051, 48.2126], [11.3063, 48.2126], [11.3083, 48.2125], [11.3101, 48.2125], [11.3112, 48.2124], [11.3139, 48.2123], [11.3141, 48.2123]], [[11.3141, 48.2123], [11.3152, 48.2122], [11.316, 48.2122], [11.3167, 48.2122], [11.3182, 48.2121]], [[11.3182, 48.2121], [11.3185, 48.2121]], [[11.3185, 48.2121], [11.3188, 48.2121], [11.3189, 48.2121], [11.3199, 48.212], [11.3204, 48.212], [11.3209, 48.2119], [11.3216, 48.2119], [11.322, 48.2118], [11.323, 48.2118], [11.3237, 48.2117]], [[11.3239, 48.2117], [11.325, 48.2115]], [[11.325, 48.2115], [11.3266, 48.2113], [11.3273, 48.2113], [11.328, 48.2112], [11.3299, 48.211], [11.3301, 48.2109]], [[11.3301, 48.2109], [11.3308, 48.2108]], [[11.3308, 48.2108], [11.3314, 48.2107], [11.3322, 48.2106], [11.3328, 48.2105], [11.3331, 48.2104]], [[11.3331, 48.2104], [11.3334, 48.2104]], [[11.3334, 48.2104], [11.3342, 48.2102], [11.3343, 48.2102], [11.3346, 48.2102], [11.3351, 48.2101], [11.3356, 48.21], [11.336, 48.2099], [11.3371, 48.2096]], [[11.3371, 48.2096], [11.338, 48.2095], [11.3385, 48.2093], [11.3395, 48.2091], [11.3396, 48.2091], [11.3404, 48.2089], [11.3411, 48.2087], [11.3418, 48.2085], [11.3428, 48.2082], [11.3432, 48.2081], [11.3433, 48.208], [11.3438, 48.2079], [11.3443, 48.2077], [11.3449, 48.2075], [11.3453, 48.2073], [11.3455, 48.2072], [11.3461, 48.207]], [[11.3461, 48.207], [11.3469, 48.2066], [11.3478, 48.2063], [11.3484, 48.206], [11.349, 48.2057], [11.3495, 48.2055], [11.3499, 48.2054], [11.3505, 48.2052], [11.3509, 48.205], [11.3514, 48.2049], [11.3523, 48.2046], [11.3526, 48.2045], [11.353, 48.2044], [11.3544, 48.2041], [11.355, 48.2039], [11.3553, 48.2038], [11.3555, 48.2038], [11.3561, 48.2036], [11.3567, 48.2034], [11.3569, 48.2034], [11.3572, 48.2033], [11.3577, 48.2031], [11.3582, 48.2029], [11.3588, 48.2027], [11.3595, 48.2024], [11.3602, 48.2021], [11.3614, 48.2015], [11.3622, 48.2012], [11.3626, 48.201], [11.3645, 48.2], [11.3663, 48.1991], [11.368, 48.1982], [11.3684, 48.198], [11.37, 48.1971], [11.3706, 48.1968], [11.3723, 48.1958], [11.3726, 48.1957], [11.3728, 48.1955]], [[11.3728, 48.1955], [11.3732, 48.1954], [11.3735, 48.1952], [11.3739, 48.1949], [11.3747, 48.1945], [11.3753, 48.1942]], [[11.3753, 48.1942], [11.3759, 48.1939], [11.3765, 48.1935]], [[11.3765, 48.1935], [11.3769, 48.1933]], [[11.3769, 48.1933], [11.3783, 48.1926], [11.3805, 48.1914], [11.3813, 48.191], [11.3829, 48.1901], [11.3843, 48.1893], [11.3844, 48.1893], [11.3856, 48.1886], [11.3867, 48.188], [11.389, 48.1868], [11.3904, 48.186], [11.3905, 48.186], [11.3928, 48.1847], [11.3952, 48.1834], [11.3973, 48.1822], [11.3975, 48.1821], [11.3991, 48.1813], [11.4014, 48.18]], [[11.4014, 48.18], [11.4015, 48.18], [11.4031, 48.1791], [11.4047, 48.1782], [11.4059, 48.1776], [11.4069, 48.177], [11.4073, 48.1768], [11.408, 48.1763], [11.4082, 48.1762], [11.4084, 48.1761], [11.4091, 48.1757], [11.4099, 48.1754], [11.4101, 48.1753], [11.4102, 48.1752], [11.4103, 48.1752], [11.4113, 48.1746], [11.4122, 48.1741], [11.4142, 48.1731], [11.4155, 48.1723], [11.4159, 48.1721], [11.4168, 48.1716], [11.4176, 48.1712]], [[11.4176, 48.1712], [11.4183, 48.1708], [11.4189, 48.1705], [11.4205, 48.1696], [11.4218, 48.1689], [11.4221, 48.1687], [11.4248, 48.1672], [11.4281, 48.1654], [11.4285, 48.1652], [11.431, 48.1638]], [[11.431, 48.1638], [11.432, 48.1632]], [[11.432, 48.1632], [11.4323, 48.163], [11.4326, 48.1629]], [[11.4326, 48.1629], [11.4337, 48.1623]], [[11.4337, 48.1623], [11.434, 48.1621], [11.4348, 48.1617], [11.4367, 48.1607], [11.4372, 48.1604], [11.4384, 48.1598], [11.4391, 48.1594], [11.4396, 48.1591], [11.4402, 48.1588]], [[11.4402, 48.1588], [11.4408, 48.1584], [11.4412, 48.1581], [11.4417, 48.1578], [11.4423, 48.1574], [11.4428, 48.1571], [11.4434, 48.1566], [11.4447, 48.1556], [11.4448, 48.1556]], [[11.4448, 48.1556], [11.4455, 48.1551], [11.446, 48.1547], [11.4465, 48.1544], [11.4467, 48.1543], [11.447, 48.1541], [11.4473, 48.154], [11.4478, 48.1537]], [[11.4478, 48.1537], [11.4479, 48.1537]], [[11.4479, 48.1537], [11.448, 48.1536]], [[11.448, 48.1536], [11.4484, 48.1534], [11.4488, 48.1533]], [[11.4488, 48.1533], [11.4491, 48.1531], [11.4492, 48.1531], [11.4496, 48.1529], [11.4499, 48.1528], [11.4501, 48.1528], [11.4504, 48.1527]], [[11.4504, 48.1527], [11.4508, 48.1525], [11.4512, 48.1524], [11.4513, 48.1524]], [[11.4513, 48.1524], [11.4516, 48.1524], [11.4518, 48.1523], [11.4521, 48.1522]], [[11.4521, 48.1522], [11.4525, 48.1522], [11.4528, 48.1521], [11.4532, 48.1521]], [[11.4532, 48.1521], [11.4539, 48.152], [11.4552, 48.1518], [11.456, 48.1516]], [[11.456, 48.1516], [11.4567, 48.1514]], [[11.4567, 48.1514], [11.4573, 48.1513]], [[11.4573, 48.1513], [11.4574, 48.1512], [11.4579, 48.1511], [11.458, 48.151]], [[11.458, 48.151], [11.459, 48.1507], [11.4602, 48.1503], [11.4603, 48.1503], [11.4609, 48.1501], [11.4616, 48.1499], [11.4624, 48.1496], [11.4628, 48.1495], [11.463, 48.1494]], [[11.463, 48.1494], [11.4634, 48.1493]], [[11.4634, 48.1493], [11.4639, 48.1492], [11.4648, 48.1489], [11.4663, 48.1484], [11.4668, 48.1482], [11.4672, 48.1481]], [[11.4672, 48.1481], [11.468, 48.1479]], [[11.468, 48.1479], [11.4689, 48.1476], [11.469, 48.1475], [11.4692, 48.1475], [11.4696, 48.1474], [11.4698, 48.1473], [11.4705, 48.1471], [11.4712, 48.147], [11.4716, 48.147], [11.472, 48.1469], [11.4725, 48.1468], [11.4734, 48.1468], [11.4738, 48.1467], [11.474, 48.1467], [11.4749, 48.1466]], [[11.4749, 48.1466], [11.4753, 48.1466], [11.4783, 48.1464], [11.4786, 48.1464], [11.4805, 48.1462], [11.4814, 48.1462], [11.4844, 48.1459]], [[11.4844, 48.1459], [11.4863, 48.1458], [11.4873, 48.1457], [11.4875, 48.1457], [11.4877, 48.1457], [11.4882, 48.1457], [11.4885, 48.1457], [11.4893, 48.1457], [11.49, 48.1457]], [[11.49, 48.1457], [11.4907, 48.1457], [11.4915, 48.1457]], [[11.4915, 48.1457], [11.4918, 48.1457], [11.4925, 48.1457], [11.493, 48.1456], [11.4937, 48.1455]], [[11.4937, 48.1455], [11.4938, 48.1455], [11.4946, 48.1454], [11.4951, 48.1453], [11.4969, 48.145], [11.4977, 48.1449], [11.4981, 48.1449]], [[11.4981, 48.1449], [11.5016, 48.1445], [11.5023, 48.1444], [11.5025, 48.1444], [11.5026, 48.1444], [11.5027, 48.1444], [11.5034, 48.1443], [11.5041, 48.1442], [11.5044, 48.1442], [11.5056, 48.1441], [11.5057, 48.1441], [11.507, 48.1439], [11.5075, 48.1439]], [[11.5075, 48.1439], [11.5076, 48.1439], [11.5098, 48.1436], [11.51, 48.1436], [11.5109, 48.1435], [11.5111, 48.1435], [11.5114, 48.1435]], [[11.5114, 48.1435], [11.5117, 48.1435], [11.5121, 48.1434], [11.5124, 48.1434], [11.5126, 48.1434], [11.5132, 48.1434], [11.5135, 48.1434], [11.5137, 48.1434], [11.5141, 48.1434], [11.5146, 48.1434]], [[11.5146, 48.1434], [11.5149, 48.1434], [11.5158, 48.1435]], [[11.5158, 48.1435], [11.516, 48.1435], [11.5168, 48.1435], [11.5171, 48.1435], [11.5173, 48.1435], [11.5177, 48.1436], [11.5179, 48.1436], [11.5183, 48.1435], [11.5187, 48.1435], [11.5194, 48.1435], [11.5196, 48.1435], [11.5198, 48.1435], [11.52, 48.1435], [11.5209, 48.1434], [11.5211, 48.1434]], [[11.5211, 48.1434], [11.5216, 48.1433], [11.5224, 48.1433], [11.5228, 48.1432], [11.527, 48.1429], [11.5278, 48.1429], [11.5282, 48.1428], [11.5295, 48.1427], [11.5299, 48.1427], [11.5307, 48.1427], [11.531, 48.1427], [11.5314, 48.1427], [11.5319, 48.1427], [11.5323, 48.1427], [11.5327, 48.1427], [11.5329, 48.1427], [11.5337, 48.1427]], [[11.5337, 48.1427], [11.5339, 48.1427], [11.534, 48.1426], [11.5346, 48.1426], [11.535, 48.1426], [11.5352, 48.1426], [11.5353, 48.1426], [11.5356, 48.1426], [11.5358, 48.1426], [11.5365, 48.1426], [11.5368, 48.1426], [11.5372, 48.1426], [11.5375, 48.1427], [11.5377, 48.1426], [11.5379, 48.1426], [11.538, 48.1426], [11.5381, 48.1426], [11.5385, 48.1426], [11.5387, 48.1426], [11.5389, 48.1426]], [[11.5389, 48.1426], [11.5404, 48.1425]], [[11.5404, 48.1425], [11.5405, 48.1425], [11.5408, 48.1425]], [[11.5408, 48.1425], [11.5413, 48.1424], [11.5417, 48.1424], [11.5423, 48.1424], [11.5434, 48.1423], [11.5435, 48.1423], [11.5437, 48.1423], [11.5445, 48.1422]], [[11.5445, 48.1422], [11.5446, 48.1422], [11.545, 48.1422], [11.5453, 48.1422], [11.5467, 48.142], [11.5471, 48.142], [11.5472, 48.142]], [[11.5472, 48.142], [11.5473, 48.142], [11.5477, 48.142], [11.548, 48.1419], [11.5484, 48.1419], [11.5486, 48.1419], [11.5488, 48.1419], [11.5491, 48.1419], [11.5493, 48.1419], [11.5495, 48.1418], [11.5497, 48.1418], [11.5499, 48.1418], [11.55, 48.1418]], [[11.55, 48.1418], [11.5501, 48.1418], [11.5502, 48.1418], [11.5505, 48.1418], [11.5507, 48.1419], [11.551, 48.1419]], [[11.551, 48.1419], [11.5512, 48.1419], [11.5515, 48.1419], [11.5518, 48.1419], [11.552, 48.142], [11.5523, 48.142]], [[11.6009, 48.1256], [11.6011, 48.1256], [11.6014, 48.1257], [11.6018, 48.1257]], [[11.6025, 48.1259], [11.6026, 48.126], [11.6027, 48.126], [11.6029, 48.1261], [11.603, 48.1262], [11.6031, 48.1262]], [[11.6031, 48.1262], [11.6036, 48.1265], [11.6041, 48.1268]], [[11.6041, 48.1268], [11.6043, 48.1269], [11.6053, 48.1276]], [[11.6041, 48.1268], [11.6038, 48.1267], [11.6036, 48.1266], [11.6033, 48.1264], [11.6031, 48.1263], [11.6028, 48.1262]], [[11.6028, 48.1262], [11.6025, 48.126], [11.6021, 48.1258], [11.6018, 48.1256], [11.6012, 48.1252], [11.6009, 48.125]], [[11.6009, 48.125], [11.6002, 48.1244], [11.5995, 48.1239], [11.5989, 48.1234], [11.5984, 48.1231], [11.5983, 48.123], [11.5978, 48.1226], [11.5974, 48.1222], [11.597, 48.1219], [11.5967, 48.1215], [11.5966, 48.1213], [11.5965, 48.1211]], [[11.5965, 48.1211], [11.5963, 48.1208], [11.5963, 48.1206], [11.5962, 48.1202], [11.5961, 48.12], [11.5961, 48.1197], [11.596, 48.1195], [11.596, 48.1191], [11.5959, 48.1189], [11.5959, 48.1187]], [[11.5959, 48.1187], [11.5958, 48.1184]], [[11.5958, 48.1184], [11.5957, 48.118], [11.5956, 48.1176]], [[11.5956, 48.1176], [11.5956, 48.1175], [11.5954, 48.1171], [11.5953, 48.1165], [11.5953, 48.1163], [11.5952, 48.1161], [11.5952, 48.1159], [11.5952, 48.1158], [11.5952, 48.1155], [11.5952, 48.1152], [11.5952, 48.1151]], [[11.5952, 48.1151], [11.5952, 48.1149]], [[11.5952, 48.1149], [11.5952, 48.1147], [11.5952, 48.1144], [11.5953, 48.1139], [11.5954, 48.1135], [11.5955, 48.113], [11.5957, 48.1124], [11.5959, 48.112], [11.5959, 48.1119], [11.5963, 48.1112], [11.5964, 48.1108], [11.5965, 48.1106], [11.5968, 48.1101], [11.5968, 48.11], [11.5972, 48.109], [11.5974, 48.1086]], [[11.5974, 48.1086], [11.5977, 48.1079], [11.5979, 48.1074]], [[11.5979, 48.1074], [11.598, 48.1072]], [[11.598, 48.1072], [11.5982, 48.1068], [11.5984, 48.1063], [11.5988, 48.1055], [11.599, 48.105], [11.599, 48.1049], [11.5997, 48.1035], [11.5997, 48.1034]], [[11.5997, 48.1034], [11.5999, 48.1031]], [[11.5999, 48.1031], [11.6, 48.1029], [11.6001, 48.1027], [11.6002, 48.1024], [11.6004, 48.1022], [11.6005, 48.102], [11.6007, 48.1017], [11.6008, 48.1016]], [[11.6008, 48.1016], [11.6013, 48.1009], [11.6013, 48.1008]], [[11.6013, 48.1008], [11.6015, 48.1005], [11.6019, 48.1], [11.6025, 48.0989], [11.6027, 48.0985], [11.6031, 48.0978], [11.6034, 48.0975]], [[11.6034, 48.0975], [11.6034, 48.0974], [11.6036, 48.0971], [11.6037, 48.0969], [11.604, 48.0965], [11.6043, 48.096], [11.6046, 48.0956], [11.6048, 48.0951], [11.605, 48.0948], [11.6053, 48.0943], [11.6056, 48.0937], [11.6057, 48.0933], [11.6058, 48.093], [11.6059, 48.0929], [11.606, 48.0926], [11.6061, 48.0923], [11.6063, 48.0918], [11.6063, 48.0917], [11.6064, 48.0913], [11.6066, 48.0908], [11.6069, 48.0897], [11.6073, 48.088], [11.6078, 48.0861], [11.6081, 48.0847], [11.6082, 48.0847], [11.6082, 48.0844], [11.6087, 48.0826], [11.6091, 48.0809]], [[11.6091, 48.0809], [11.6091, 48.0808], [11.6093, 48.0801], [11.6094, 48.0796], [11.6096, 48.079]], [[11.6096, 48.079], [11.6096, 48.0789], [11.6101, 48.077], [11.6104, 48.0756], [11.6118, 48.0703], [11.6123, 48.0683], [11.6124, 48.0679], [11.6124, 48.0676], [11.6124, 48.0674], [11.6124, 48.0669], [11.6124, 48.0666], [11.6124, 48.0665]], [[11.6124, 48.0665], [11.6124, 48.0662]], [[11.6124, 48.0662], [11.6124, 48.0659]], [[11.6124, 48.0656], [11.6124, 48.0654], [11.6124, 48.0651], [11.6122, 48.0631], [11.6122, 48.0629], [11.6122, 48.0625]], [[11.6122, 48.0625], [11.6122, 48.0623]], [[11.6122, 48.0623], [11.6121, 48.061], [11.6121, 48.0605], [11.612, 48.0591], [11.612, 48.059]], [[11.612, 48.059], [11.612, 48.0587]], [[11.612, 48.0587], [11.612, 48.0584], [11.612, 48.0581], [11.6119, 48.0578], [11.6118, 48.0574], [11.6118, 48.0571], [11.6117, 48.0568], [11.6116, 48.0566], [11.6115, 48.0563], [11.6114, 48.056], [11.6113, 48.0558], [11.6111, 48.0553], [11.6107, 48.0546]], [[11.6107, 48.0546], [11.6106, 48.0543]], [[11.6106, 48.0543], [11.6105, 48.0541], [11.61, 48.053], [11.6095, 48.0521], [11.6092, 48.0515], [11.609, 48.0511], [11.6089, 48.0509], [11.6088, 48.0507], [11.6088, 48.0505], [11.6085, 48.0501], [11.6082, 48.0495], [11.6081, 48.0492], [11.6079, 48.049], [11.6078, 48.0488], [11.6076, 48.0485], [11.6074, 48.0483], [11.6072, 48.048], [11.6068, 48.0475], [11.6065, 48.0472], [11.6063, 48.0471], [11.6057, 48.0465]], [[11.6057, 48.0465], [11.6055, 48.0464]], [[11.6055, 48.0464], [11.6049, 48.0458], [11.6048, 48.0457], [11.6037, 48.0447], [11.6021, 48.0433], [11.6018, 48.0431], [11.6009, 48.0423], [11.6004, 48.0418], [11.6003, 48.0418], [11.5998, 48.0413]], [[11.5998, 48.0413], [11.5991, 48.0407]], [[11.5991, 48.0407], [11.5984, 48.0401], [11.5976, 48.0394], [11.5972, 48.039], [11.5961, 48.0381], [11.5954, 48.0374], [11.5946, 48.0367], [11.5945, 48.0366], [11.5931, 48.0353], [11.5927, 48.0351], [11.5924, 48.0348]], [[11.5924, 48.0348], [11.5921, 48.0345]], [[11.5921, 48.0345], [11.592, 48.0344], [11.5912, 48.0337], [11.5907, 48.0333], [11.5902, 48.0328], [11.5883, 48.0311], [11.5877, 48.0306], [11.5872, 48.0301], [11.5868, 48.0298], [11.5861, 48.0291], [11.5854, 48.0285], [11.5853, 48.0285]], [[11.5853, 48.0285], [11.5849, 48.0282]], [[11.5849, 48.0282], [11.5845, 48.0277], [11.584, 48.0273], [11.5829, 48.0263]], [[11.5829, 48.0263], [11.5826, 48.026], [11.5824, 48.0257], [11.5822, 48.0255], [11.5821, 48.0253], [11.582, 48.0252], [11.5819, 48.025], [11.5819, 48.0248], [11.5818, 48.0247], [11.5818, 48.0245], [11.5817, 48.0243], [11.5817, 48.0241], [11.5817, 48.0239], [11.5817, 48.0238], [11.5818, 48.0236], [11.5818, 48.0235], [11.5818, 48.0233], [11.5819, 48.0232], [11.582, 48.023], [11.5821, 48.0228], [11.5822, 48.0224]], [[11.5822, 48.0224], [11.5825, 48.0218], [11.5826, 48.0218]], [[11.5826, 48.0218], [11.583, 48.0208], [11.5831, 48.0207], [11.5831, 48.0206], [11.5834, 48.02], [11.5836, 48.0195], [11.5843, 48.0182], [11.5843, 48.0181]], [[11.5843, 48.0181], [11.5844, 48.0178], [11.5845, 48.0176], [11.5846, 48.0172]], [[11.5847, 48.0171], [11.5846, 48.0172]], [[11.5847, 48.0171], [11.5849, 48.0167], [11.585, 48.0163], [11.5852, 48.016]], [[11.5852, 48.016], [11.5852, 48.0159], [11.5853, 48.0158], [11.5855, 48.0153], [11.5857, 48.0149], [11.5858, 48.0147], [11.5861, 48.0142], [11.5862, 48.014], [11.5864, 48.0137], [11.5865, 48.0135], [11.5867, 48.0133], [11.5869, 48.0129], [11.5874, 48.0123], [11.5877, 48.012], [11.5878, 48.0119], [11.5879, 48.0117], [11.5881, 48.0116], [11.5885, 48.0112], [11.5889, 48.0108]], [[11.5889, 48.0108], [11.5893, 48.0105], [11.5896, 48.0102], [11.5899, 48.01], [11.5903, 48.0097], [11.5909, 48.0093], [11.5913, 48.009], [11.5917, 48.0088], [11.5925, 48.0084]], [[11.5925, 48.0084], [11.5941, 48.0076], [11.5949, 48.0071], [11.5957, 48.0067], [11.5973, 48.0058], [11.5982, 48.0053], [11.5995, 48.0046], [11.5999, 48.0044], [11.601, 48.0039], [11.6024, 48.0031], [11.6041, 48.0022], [11.6066, 48.0008], [11.6079, 48.0001], [11.6083, 47.9999], [11.6108, 47.9986], [11.6114, 47.9983], [11.6124, 47.9977], [11.6135, 47.9971], [11.6149, 47.9964], [11.6156, 47.996], [11.6166, 47.9955], [11.6191, 47.9941], [11.6208, 47.9932], [11.6222, 47.9925], [11.6233, 47.9919], [11.6249, 47.991], [11.6256, 47.9906], [11.6274, 47.9897], [11.6275, 47.9896]], [[11.6275, 47.9896], [11.6276, 47.9896]], [[11.6276, 47.9896], [11.6291, 47.9888], [11.6316, 47.9874], [11.6322, 47.9871], [11.6332, 47.9865], [11.6338, 47.9862], [11.6354, 47.9854], [11.6358, 47.9852], [11.6369, 47.9846], [11.6373, 47.9844], [11.6374, 47.9843], [11.6389, 47.9835]], [[11.6389, 47.9835], [11.639, 47.9834]], [[11.639, 47.9834], [11.6399, 47.9829], [11.6416, 47.982], [11.6433, 47.9811], [11.6439, 47.9808], [11.6441, 47.9807], [11.6465, 47.9794], [11.6477, 47.9788], [11.6479, 47.9787], [11.6481, 47.9786]], [[11.6481, 47.9786], [11.6481, 47.9785]], [[11.6481, 47.9785], [11.6485, 47.9784], [11.6489, 47.9781], [11.6493, 47.9779], [11.6498, 47.9776], [11.6501, 47.9774], [11.6505, 47.9771]], [[11.6505, 47.9771], [11.6508, 47.977]], [[11.6508, 47.977], [11.6511, 47.9768], [11.6515, 47.9765], [11.6518, 47.9763], [11.652, 47.9761], [11.6523, 47.976]], [[11.6523, 47.976], [11.6525, 47.9758]], [[11.6525, 47.9758], [11.6528, 47.9756], [11.6534, 47.9751]], [[11.6534, 47.9751], [11.6537, 47.9749], [11.6541, 47.9746], [11.6542, 47.9744], [11.6548, 47.974], [11.6552, 47.9736]], [[11.6552, 47.9736], [11.6554, 47.9734], [11.6555, 47.9734], [11.6558, 47.9731], [11.6561, 47.9727], [11.6563, 47.9725], [11.6566, 47.9723], [11.6568, 47.972], [11.6571, 47.9717]], [[11.6571, 47.9717], [11.6573, 47.9715], [11.6574, 47.9713]], [[11.6574, 47.9713], [11.6576, 47.9711], [11.6579, 47.9707], [11.6582, 47.9704], [11.6583, 47.9702], [11.6587, 47.9698], [11.659, 47.9693], [11.6592, 47.969], [11.6594, 47.9687], [11.6597, 47.9683], [11.6599, 47.9678], [11.6601, 47.9676], [11.6603, 47.9673], [11.6606, 47.9667], [11.6608, 47.9663], [11.661, 47.9658], [11.6612, 47.9654], [11.6613, 47.9651], [11.6615, 47.9647], [11.6617, 47.9641], [11.662, 47.9633], [11.6623, 47.9625], [11.6626, 47.9619], [11.6628, 47.9614], [11.6632, 47.9602], [11.6634, 47.9598], [11.6639, 47.9584], [11.6641, 47.9579], [11.6643, 47.9573], [11.6647, 47.9565], [11.6648, 47.9563], [11.665, 47.9556]], [[11.665, 47.9556], [11.6651, 47.9554]], [[11.6651, 47.9554], [11.6653, 47.9549], [11.6661, 47.9528], [11.6666, 47.9514], [11.667, 47.9504], [11.6675, 47.9493], [11.668, 47.9479], [11.6693, 47.9444], [11.6701, 47.9424], [11.6704, 47.9416], [11.6706, 47.9411], [11.6707, 47.941], [11.6714, 47.939], [11.672, 47.9376], [11.6728, 47.9355], [11.6733, 47.9341], [11.674, 47.9322], [11.6741, 47.932], [11.6742, 47.9318], [11.6747, 47.9306], [11.6755, 47.9285], [11.676, 47.9271], [11.6767, 47.9254], [11.6768, 47.9251], [11.6774, 47.9237], [11.678, 47.922]], [[11.678, 47.922], [11.6781, 47.9218]], [[11.6781, 47.9218], [11.6782, 47.9216], [11.6787, 47.9202], [11.6788, 47.92], [11.6795, 47.9181], [11.6797, 47.9177], [11.6801, 47.9167], [11.6801, 47.9166], [11.6808, 47.9147], [11.6812, 47.9136]], [[11.6812, 47.9136], [11.6813, 47.9134]], [[11.6813, 47.9134], [11.6813, 47.9133], [11.6816, 47.9127]], [[11.6816, 47.9127], [11.6821, 47.9113], [11.6822, 47.911], [11.6824, 47.9107]], [[11.6824, 47.9107], [11.6824, 47.9105], [11.6827, 47.9097], [11.6828, 47.9095], [11.6834, 47.9081], [11.6841, 47.9061], [11.6845, 47.9052], [11.6858, 47.9017], [11.6862, 47.9008], [11.6864, 47.9003], [11.6865, 47.9], [11.6869, 47.8989], [11.6875, 47.8975], [11.6883, 47.8954], [11.6888, 47.894], [11.6891, 47.8934], [11.6892, 47.893], [11.6894, 47.8928], [11.6895, 47.8925], [11.6898, 47.8921], [11.69, 47.8916], [11.6901, 47.8914], [11.6904, 47.891], [11.6905, 47.8908], [11.6907, 47.8905], [11.6908, 47.8904]], [[11.6908, 47.8904], [11.691, 47.8901]], [[11.691, 47.8901], [11.6913, 47.8897], [11.6914, 47.8895]], [[11.6914, 47.8895], [11.6917, 47.8893]], [[11.6917, 47.8893], [11.6917, 47.8892], [11.692, 47.8889], [11.6922, 47.8887], [11.6924, 47.8885], [11.6927, 47.8882], [11.6928, 47.8881], [11.6934, 47.8876], [11.6935, 47.8876], [11.694, 47.8871]], [[11.694, 47.8871], [11.6948, 47.8864], [11.6952, 47.886], [11.6961, 47.8853], [11.6969, 47.8846], [11.6972, 47.8844]]]}, "properties": {"ref": "S3", "opened_year": 1972, "is_central_tunnel": false, "segment_count": 305}}, {"type": "Feature", "geometry": {"type": "MultiLineString", "coordinates": [[[11.592, 48.13], [11.5936, 48.1289], [11.5938, 48.1288], [11.594, 48.1287], [11.5939, 48.1286], [11.5937, 48.1287], [11.5936, 48.1288], [11.5935, 48.1288], [11.5935, 48.1289], [11.5919, 48.1299], [11.592, 48.13]], [[11.5823, 48.1348], [11.5822, 48.1348], [11.5824, 48.1347], [11.5825, 48.1346], [11.5831, 48.1342], [11.5838, 48.1337], [11.584, 48.1336], [11.5842, 48.1335], [11.5843, 48.1335], [11.5841, 48.1337], [11.5839, 48.1338], [11.5832, 48.1342], [11.5825, 48.1346], [11.5824, 48.1347], [11.5823, 48.1348]], [[11.6009, 48.1257], [11.6006, 48.1257], [11.6002, 48.1257], [11.5998, 48.1257], [11.5993, 48.1257], [11.5989, 48.1258], [11.5984, 48.126], [11.5978, 48.1263], [11.5946, 48.1282], [11.5944, 48.1284], [11.5941, 48.1286], [11.594, 48.1287], [11.5938, 48.1288], [11.5934, 48.129], [11.5931, 48.1292], [11.5927, 48.1295], [11.592, 48.13], [11.5907, 48.1308], [11.59, 48.1313], [11.5895, 48.1316], [11.5889, 48.1318], [11.5885, 48.132], [11.5868, 48.1324], [11.5865, 48.1325], [11.5856, 48.1329], [11.585, 48.1332], [11.5848, 48.1333], [11.5843, 48.1335], [11.5837, 48.1339], [11.5832, 48.1342], [11.583, 48.1344], [11.5823, 48.1348], [11.5819, 48.1351], [11.5817, 48.1352], [11.5814, 48.1353], [11.5811, 48.1355], [11.5806, 48.1356], [11.58, 48.1358]], [[11.58, 48.1358], [11.5782, 48.1363], [11.5776, 48.1365], [11.5767, 48.1368], [11.5765, 48.1369], [11.576, 48.137], [11.5756, 48.1371], [11.5749, 48.1373], [11.5742, 48.1374], [11.5733, 48.1376], [11.5727, 48.1378], [11.572, 48.138], [11.5714, 48.1382], [11.5707, 48.1383]], [[11.5707, 48.1383], [11.5702, 48.1384], [11.5691, 48.1385], [11.5684, 48.1386], [11.5678, 48.1387], [11.5672, 48.1389], [11.5669, 48.139], [11.5667, 48.1391], [11.5666, 48.1391], [11.5664, 48.1392], [11.5663, 48.1392], [11.5661, 48.1393], [11.566, 48.1394], [11.5659, 48.1394], [11.5658, 48.1395], [11.5657, 48.1396], [11.5654, 48.1397], [11.5653, 48.1397], [11.5652, 48.1398], [11.565, 48.1399], [11.5647, 48.14], [11.5643, 48.1401], [11.5639, 48.1402], [11.5619, 48.1409]], [[11.5619, 48.1409], [11.5612, 48.141], [11.5612, 48.1411], [11.5611, 48.1411], [11.5605, 48.1412], [11.5602, 48.1413], [11.5597, 48.1414]], [[11.5597, 48.1414], [11.5595, 48.1414], [11.5592, 48.1415]], [[11.5592, 48.1415], [11.5591, 48.1415]], [[11.5591, 48.1415], [11.5583, 48.1417], [11.5579, 48.1418], [11.5576, 48.1419], [11.5571, 48.142], [11.5568, 48.142], [11.5565, 48.142], [11.5563, 48.1421], [11.5561, 48.1421], [11.5557, 48.1422], [11.5554, 48.1423], [11.5551, 48.1423], [11.5547, 48.1423], [11.5545, 48.1423], [11.5542, 48.1423], [11.5539, 48.1423], [11.5535, 48.1423], [11.5534, 48.1423], [11.553, 48.1422], [11.5528, 48.1422], [11.5523, 48.1421]], [[11.5608, 48.141], [11.5599, 48.1412], [11.5595, 48.1413], [11.5588, 48.1414], [11.5582, 48.1416], [11.5596, 48.1413], [11.56, 48.1412], [11.5608, 48.141], [11.5611, 48.141], [11.5611, 48.1409], [11.561, 48.1409], [11.5609, 48.141], [11.5608, 48.141]], [[11.5523, 48.142], [11.5531, 48.1422], [11.5535, 48.1422], [11.5539, 48.1423], [11.5542, 48.1423], [11.5544, 48.1423], [11.5547, 48.1423], [11.5551, 48.1422], [11.5553, 48.1422], [11.5557, 48.1422], [11.5561, 48.1421], [11.5566, 48.142], [11.5569, 48.1419], [11.5571, 48.1419], [11.5575, 48.1418], [11.5577, 48.1417], [11.5583, 48.1416], [11.559, 48.1415], [11.559, 48.1414]], [[11.559, 48.1414], [11.5591, 48.1414]], [[11.5591, 48.1414], [11.5598, 48.1413], [11.5602, 48.1412], [11.5611, 48.141], [11.5619, 48.1408]], [[11.5619, 48.1408], [11.5639, 48.1402], [11.5644, 48.14], [11.5647, 48.1399], [11.5647, 48.1398], [11.5651, 48.1397], [11.5652, 48.1397], [11.5657, 48.1394], [11.5658, 48.1393], [11.5661, 48.1392], [11.5663, 48.1391], [11.5666, 48.139], [11.5672, 48.1388], [11.5678, 48.1387], [11.5684, 48.1386], [11.5691, 48.1385], [11.5702, 48.1384], [11.5707, 48.1383]], [[11.5707, 48.1383], [11.5713, 48.1382], [11.572, 48.138], [11.5726, 48.1378], [11.5732, 48.1376], [11.5733, 48.1376], [11.5756, 48.1371], [11.5759, 48.137], [11.5764, 48.1368], [11.5775, 48.1364], [11.5778, 48.1363], [11.5782, 48.1362], [11.58, 48.1358]], [[11.58, 48.1358], [11.5806, 48.1356], [11.581, 48.1354], [11.5812, 48.1353], [11.5815, 48.1352], [11.5818, 48.135], [11.5822, 48.1348], [11.5831, 48.1341], [11.5842, 48.1335], [11.5844, 48.1333], [11.5847, 48.1332], [11.5851, 48.133], [11.5855, 48.1328], [11.5864, 48.1324], [11.5867, 48.1323], [11.5882, 48.132], [11.5884, 48.1319], [11.5888, 48.1318], [11.5894, 48.1315], [11.59, 48.1312], [11.5906, 48.1308], [11.5918, 48.1299], [11.5919, 48.1299], [11.593, 48.1291], [11.5937, 48.1287], [11.5939, 48.1286], [11.5939, 48.1285], [11.5952, 48.1278], [11.5978, 48.1262], [11.5983, 48.126], [11.5985, 48.1259], [11.5989, 48.1258], [11.5993, 48.1257], [11.5997, 48.1256], [11.6002, 48.1256], [11.6004, 48.1256], [11.6006, 48.1256], [11.6009, 48.1256]], [[11.6018, 48.1257], [11.602, 48.1258], [11.6023, 48.1259], [11.6025, 48.1259]]]}, "properties": {"ref": "S3", "opened_year": 1972, "is_central_tunnel": true, "segment_count": 17}}, {"type": "Feature", "geometry": {"type": "MultiLineString", "coordinates": [[[11.9713, 48.075], [11.9709, 48.075], [11.9707, 48.075], [11.9706, 48.075], [11.9705, 48.075], [11.9706, 48.0749], [11.9699, 48.0749], [11.9693, 48.0749], [11.9686, 48.0749], [11.9684, 48.0749], [11.9681, 48.0749], [11.968, 48.0749], [11.9678, 48.0749], [11.9677, 48.0748], [11.9678, 48.0748], [11.9679, 48.0748], [11.9681, 48.0748], [11.9683, 48.0748], [11.9693, 48.0748], [11.9701, 48.0749], [11.9703, 48.0749], [11.9705, 48.0749], [11.9706, 48.0749], [11.9707, 48.0749], [11.9709, 48.0749], [11.971, 48.0749], [11.9713, 48.075], [11.9715, 48.075], [11.9714, 48.075], [11.9713, 48.075]], [[11.9635, 48.048], [11.9633, 48.0479], [11.9634, 48.0479], [11.9633, 48.0478], [11.9632, 48.0476], [11.9631, 48.0476], [11.963, 48.0475], [11.9631, 48.0475], [11.9629, 48.0473], [11.9628, 48.0473], [11.9628, 48.0472], [11.9627, 48.0471], [11.9625, 48.047], [11.9625, 48.0469], [11.9624, 48.0469], [11.9628, 48.0473], [11.9629, 48.0474], [11.963, 48.0475], [11.9631, 48.0477], [11.9634, 48.048], [11.9635, 48.048]], [[11.9406, 48.0432], [11.9406, 48.0433], [11.9405, 48.0432], [11.9405, 48.0433], [11.9405, 48.0434], [11.9404, 48.0434], [11.9404, 48.0435], [11.9403, 48.0436], [11.9404, 48.0436], [11.9404, 48.0437], [11.9403, 48.0437], [11.9402, 48.0438], [11.9401, 48.0438], [11.9403, 48.0436], [11.9405, 48.0433], [11.9414, 48.042], [11.9406, 48.0432]], [[11.8863, 48.0716], [11.8873, 48.071], [11.8884, 48.0704], [11.8879, 48.0707], [11.8874, 48.071], [11.8873, 48.071], [11.8871, 48.0712], [11.8863, 48.0716]], [[11.8652, 48.0821], [11.864, 48.0825], [11.8632, 48.0828], [11.8625, 48.083], [11.8625, 48.0829], [11.8632, 48.0827], [11.8639, 48.0824], [11.8651, 48.082], [11.8652, 48.082], [11.8653, 48.082], [11.8652, 48.0821]], [[11.5181, 48.1436], [11.5183, 48.1436], [11.5188, 48.1435], [11.519, 48.1435], [11.5192, 48.1435], [11.5195, 48.1435], [11.5199, 48.1435], [11.5209, 48.1434], [11.5209, 48.1435], [11.5199, 48.1436], [11.5197, 48.1436], [11.5195, 48.1436], [11.5192, 48.1436], [11.519, 48.1436], [11.5188, 48.1436], [11.5184, 48.1436], [11.5181, 48.1436]], [[11.4269, 48.1548], [11.428, 48.1547], [11.4282, 48.1546], [11.4285, 48.1546], [11.4286, 48.1546], [11.4297, 48.1545], [11.4286, 48.1546], [11.4282, 48.1546], [11.4269, 48.1547], [11.4269, 48.1548]], [[11.4137, 48.1559], [11.411, 48.1562], [11.4137, 48.1559], [11.4138, 48.1559], [11.4137, 48.1559]], [[11.1932, 48.1479], [11.1912, 48.1471], [11.1907, 48.1469], [11.1911, 48.1471], [11.1913, 48.1472], [11.1915, 48.1473], [11.1932, 48.1479]], [[11.1537, 48.1323], [11.1536, 48.1323], [11.1531, 48.1321], [11.153, 48.1321], [11.1525, 48.1319], [11.1513, 48.1314], [11.1511, 48.1313], [11.1513, 48.1314], [11.1526, 48.1319], [11.153, 48.1321], [11.1532, 48.1321], [11.1536, 48.1323], [11.1537, 48.1323]], [[11.0779, 48.1048], [11.077, 48.1047], [11.0749, 48.1045], [11.077, 48.1047], [11.0779, 48.1048]], [[11.9677, 48.0749], [11.9678, 48.0749], [11.968, 48.0749], [11.9681, 48.0749], [11.9684, 48.0749], [11.9686, 48.0749], [11.9693, 48.0749]], [[11.9667, 48.0746], [11.967, 48.0747], [11.9671, 48.0747], [11.9673, 48.0748], [11.9675, 48.0748], [11.9677, 48.0749]], [[11.9667, 48.0746], [11.9666, 48.0745], [11.9664, 48.0744], [11.9662, 48.0743], [11.9661, 48.0742], [11.966, 48.0741], [11.9658, 48.0739], [11.9657, 48.0738], [11.9655, 48.0735], [11.9655, 48.0734], [11.9655, 48.0733], [11.9654, 48.0731], [11.9654, 48.073], [11.9655, 48.0728], [11.9655, 48.0726], [11.9656, 48.0722]], [[11.9656, 48.0722], [11.9657, 48.072], [11.9657, 48.0719], [11.9658, 48.0717], [11.9658, 48.0716], [11.9659, 48.0714], [11.9659, 48.0713], [11.9659, 48.0711], [11.9658, 48.071], [11.9658, 48.0707], [11.9657, 48.0706], [11.9656, 48.0704], [11.9654, 48.0702], [11.9652, 48.0701], [11.9651, 48.07], [11.9649, 48.0698], [11.9646, 48.0697], [11.9643, 48.0696], [11.964, 48.0695], [11.9636, 48.0695], [11.9632, 48.0694], [11.9613, 48.0691], [11.9602, 48.0689], [11.9594, 48.0688]], [[11.9594, 48.0688], [11.9591, 48.0688], [11.9589, 48.0687], [11.9587, 48.0686], [11.9586, 48.0686], [11.9584, 48.0685], [11.9583, 48.0685], [11.9581, 48.0684], [11.958, 48.0683], [11.9578, 48.0682], [11.9577, 48.0681], [11.9576, 48.0679], [11.9575, 48.0678], [11.9574, 48.0677], [11.9574, 48.0676], [11.9573, 48.0674], [11.9573, 48.0673], [11.9573, 48.0672], [11.9573, 48.067], [11.9573, 48.0669], [11.9573, 48.0668], [11.9573, 48.0666], [11.9575, 48.0663]], [[11.9575, 48.0663], [11.958, 48.0652], [11.9586, 48.064]], [[11.9586, 48.064], [11.9588, 48.0637]], [[11.9588, 48.0637], [11.9601, 48.0612]], [[11.9601, 48.0612], [11.9603, 48.0609], [11.9605, 48.0604], [11.9607, 48.06], [11.9608, 48.0598], [11.9614, 48.0586]], [[11.9614, 48.0586], [11.9621, 48.0574]], [[11.9621, 48.0574], [11.9621, 48.0573]], [[11.9621, 48.0573], [11.9624, 48.0568], [11.9625, 48.0564], [11.9626, 48.0562], [11.9627, 48.056], [11.9627, 48.0558], [11.9627, 48.0557], [11.9628, 48.0555], [11.9628, 48.0552], [11.9627, 48.0539]], [[11.9627, 48.0539], [11.9627, 48.0537], [11.9627, 48.0535], [11.9628, 48.0533], [11.9628, 48.0531], [11.9629, 48.0529], [11.963, 48.0527], [11.9634, 48.052], [11.9638, 48.0513], [11.9641, 48.0508], [11.9642, 48.0507], [11.9642, 48.0506], [11.9643, 48.0505], [11.9643, 48.0504], [11.9643, 48.0502], [11.9643, 48.0501], [11.9644, 48.05], [11.9644, 48.0499], [11.9644, 48.0498], [11.9643, 48.0496], [11.9643, 48.0493], [11.9643, 48.0492], [11.9642, 48.0491], [11.9641, 48.0489], [11.964, 48.0489]], [[11.964, 48.0489], [11.9639, 48.0486], [11.9637, 48.0484], [11.9636, 48.0483], [11.9634, 48.048]], [[11.9634, 48.048], [11.9631, 48.0477], [11.963, 48.0475], [11.9629, 48.0474], [11.9624, 48.0469]], [[11.9624, 48.0469], [11.9622, 48.0467]], [[11.9622, 48.0467], [11.9622, 48.0466], [11.9621, 48.0465], [11.962, 48.0465], [11.962, 48.0464]], [[11.962, 48.0464], [11.9619, 48.0463], [11.9617, 48.0462], [11.9615, 48.046], [11.9613, 48.0459]], [[11.9613, 48.0459], [11.9612, 48.0459], [11.9611, 48.0458], [11.9609, 48.0458], [11.9607, 48.0458], [11.9605, 48.0457]], [[11.9605, 48.0457], [11.9603, 48.0456], [11.9598, 48.0455], [11.9594, 48.0455], [11.9592, 48.0454], [11.9589, 48.0453], [11.9587, 48.0452], [11.9584, 48.0452], [11.9581, 48.045], [11.958, 48.0449], [11.9578, 48.0449], [11.9577, 48.0448], [11.9575, 48.0447], [11.9573, 48.0445], [11.957, 48.0443]], [[11.957, 48.0443], [11.9565, 48.0439]], [[11.9565, 48.0439], [11.9563, 48.0438], [11.956, 48.0435], [11.9556, 48.0433], [11.9552, 48.0431], [11.9548, 48.0429], [11.9543, 48.0427], [11.9538, 48.0426], [11.9532, 48.0424], [11.9529, 48.0423]], [[11.9529, 48.0423], [11.9525, 48.0423], [11.952, 48.0422], [11.9516, 48.0422], [11.9506, 48.0421], [11.9498, 48.042], [11.9494, 48.0419], [11.949, 48.0418], [11.9486, 48.0416], [11.9481, 48.0415], [11.947, 48.0411], [11.9464, 48.0409], [11.9462, 48.0409]], [[11.9462, 48.0409], [11.9459, 48.0408], [11.9456, 48.0407]], [[11.9456, 48.0407], [11.9453, 48.0407], [11.9451, 48.0406], [11.9449, 48.0406], [11.9447, 48.0406], [11.9445, 48.0406], [11.9443, 48.0406], [11.9441, 48.0407], [11.9439, 48.0407], [11.9438, 48.0407], [11.9437, 48.0407], [11.9435, 48.0408], [11.9434, 48.0408], [11.9433, 48.0408], [11.9432, 48.0409]], [[11.9432, 48.0409], [11.943, 48.041], [11.9428, 48.041]], [[11.9428, 48.041], [11.9428, 48.0411]], [[11.9428, 48.0411], [11.9424, 48.0413]], [[11.9424, 48.0413], [11.9421, 48.0414], [11.9419, 48.0416], [11.9417, 48.0417], [11.9417, 48.0418], [11.9416, 48.0418], [11.9415, 48.0419]], [[11.9415, 48.0419], [11.9414, 48.042], [11.9407, 48.043], [11.9403, 48.0435]], [[11.9403, 48.0435], [11.9401, 48.0438]], [[11.9401, 48.0438], [11.9399, 48.044], [11.9397, 48.0443], [11.9391, 48.0451], [11.9389, 48.0453], [11.9387, 48.0455], [11.9383, 48.046]], [[11.9383, 48.046], [11.9377, 48.0467], [11.9375, 48.0469]], [[11.9375, 48.0469], [11.9373, 48.0471], [11.937, 48.0474], [11.9367, 48.0477], [11.9364, 48.048], [11.936, 48.0483], [11.9358, 48.0485], [11.9355, 48.0488], [11.935, 48.0491], [11.9345, 48.0495], [11.9342, 48.0497], [11.9338, 48.05], [11.9335, 48.0502], [11.9331, 48.0504], [11.9325, 48.0507], [11.9319, 48.0511], [11.9309, 48.0517], [11.9286, 48.053]], [[11.9286, 48.053], [11.9284, 48.0531]], [[11.9284, 48.0531], [11.9251, 48.055], [11.9229, 48.0563], [11.9214, 48.0571], [11.9198, 48.0581], [11.9193, 48.0584], [11.919, 48.0585], [11.9188, 48.0587], [11.9185, 48.0588], [11.9182, 48.0589], [11.9179, 48.0591], [11.9176, 48.0592], [11.9172, 48.0594], [11.9169, 48.0595], [11.9165, 48.0596], [11.9157, 48.0599], [11.9138, 48.0605], [11.9133, 48.0607], [11.913, 48.0608], [11.9126, 48.0609], [11.9123, 48.061], [11.912, 48.0612], [11.9116, 48.0614], [11.9112, 48.0616], [11.9083, 48.0631], [11.9075, 48.0635], [11.9072, 48.0637], [11.907, 48.0638], [11.9066, 48.0639], [11.9064, 48.064], [11.906, 48.0642], [11.9057, 48.0643], [11.9053, 48.0644], [11.9051, 48.0645], [11.9046, 48.0646], [11.9038, 48.0649], [11.9007, 48.0657], [11.8975, 48.0666], [11.8966, 48.0669], [11.8957, 48.0671], [11.8945, 48.0675], [11.894, 48.0676], [11.8934, 48.0678], [11.893, 48.0679], [11.8926, 48.0681], [11.8923, 48.0682], [11.8919, 48.0683], [11.8916, 48.0685], [11.8912, 48.0687], [11.8909, 48.0688], [11.8907, 48.069], [11.8904, 48.0691], [11.89, 48.0693], [11.8895, 48.0696], [11.889, 48.07], [11.8884, 48.0704], [11.8873, 48.071], [11.8863, 48.0716], [11.8847, 48.0725], [11.8829, 48.0736], [11.8818, 48.0742], [11.8811, 48.0745], [11.8797, 48.0754], [11.8767, 48.0772], [11.8755, 48.0779], [11.8751, 48.0781], [11.8746, 48.0783], [11.8742, 48.0786], [11.8737, 48.0788], [11.8731, 48.0791], [11.8727, 48.0793], [11.8722, 48.0795], [11.8718, 48.0796], [11.8712, 48.0799], [11.8707, 48.08], [11.8683, 48.081]], [[11.8683, 48.081], [11.8672, 48.0814], [11.866, 48.0818]], [[11.866, 48.0818], [11.8653, 48.0821]], [[11.8653, 48.0821], [11.864, 48.0825], [11.8634, 48.0827], [11.8632, 48.0828], [11.8625, 48.083], [11.8619, 48.0832], [11.8611, 48.0834], [11.8604, 48.0837]], [[11.8604, 48.0837], [11.8598, 48.0839], [11.8582, 48.0844], [11.8576, 48.0846], [11.857, 48.0848], [11.8566, 48.085], [11.8562, 48.0851], [11.8557, 48.0852], [11.8553, 48.0853], [11.8549, 48.0854], [11.8543, 48.0855], [11.8538, 48.0857], [11.8533, 48.0858], [11.8523, 48.0859], [11.8486, 48.0866], [11.8459, 48.0871], [11.8444, 48.0874], [11.8443, 48.0874], [11.8423, 48.0878], [11.8418, 48.0879], [11.8413, 48.088], [11.8403, 48.0882], [11.8399, 48.0883], [11.8391, 48.0884], [11.8377, 48.0887], [11.8357, 48.0891]], [[11.8357, 48.0891], [11.8345, 48.0893], [11.8344, 48.0893], [11.8342, 48.0893], [11.8336, 48.0894], [11.8333, 48.0895], [11.8325, 48.0896]], [[11.8325, 48.0896], [11.8324, 48.0897], [11.8321, 48.0897], [11.8315, 48.0898], [11.8314, 48.0898], [11.8311, 48.0899], [11.8305, 48.09], [11.8287, 48.0903]], [[11.8287, 48.0903], [11.8286, 48.0903], [11.8285, 48.0903], [11.8279, 48.0904], [11.8272, 48.0905], [11.826, 48.0907], [11.8254, 48.0909], [11.8247, 48.091], [11.8237, 48.0912], [11.8235, 48.0913], [11.8223, 48.0915], [11.8207, 48.0919], [11.8202, 48.092]], [[11.8202, 48.092], [11.8198, 48.0921]], [[11.8198, 48.0921], [11.8188, 48.0923], [11.8158, 48.0929], [11.8128, 48.0936], [11.8108, 48.094], [11.8079, 48.0947], [11.8074, 48.0948], [11.8029, 48.0957], [11.8018, 48.096]], [[11.8018, 48.096], [11.8014, 48.0961]], [[11.8014, 48.0961], [11.801, 48.0962], [11.8006, 48.0962], [11.7984, 48.0967], [11.7942, 48.0976], [11.79, 48.0986], [11.7893, 48.0987], [11.7891, 48.0988], [11.7884, 48.099], [11.7882, 48.099], [11.7871, 48.0993], [11.7857, 48.0995], [11.7855, 48.0996], [11.7852, 48.0996], [11.7851, 48.0997], [11.7844, 48.0998], [11.7838, 48.0999], [11.7831, 48.1], [11.7792, 48.1009], [11.7752, 48.1018], [11.774, 48.102], [11.7723, 48.1024], [11.771, 48.1027], [11.7703, 48.1028], [11.768, 48.1033], [11.7676, 48.1034], [11.7654, 48.104], [11.765, 48.104], [11.7646, 48.1041], [11.7623, 48.1046], [11.7619, 48.1047], [11.7604, 48.105], [11.76, 48.1051], [11.7577, 48.1056], [11.7572, 48.1057], [11.7562, 48.1059], [11.7549, 48.1062]], [[11.7549, 48.1062], [11.7542, 48.1063], [11.7533, 48.1065]], [[11.7533, 48.1065], [11.7525, 48.1067], [11.7518, 48.1069], [11.7498, 48.1073], [11.747, 48.1079], [11.7464, 48.108], [11.7447, 48.1084], [11.7443, 48.1085], [11.7429, 48.1088], [11.7426, 48.1089], [11.7399, 48.1094], [11.7393, 48.1096], [11.7388, 48.1097], [11.7379, 48.1099], [11.7352, 48.1106], [11.7349, 48.1106], [11.7335, 48.111], [11.7328, 48.1111], [11.7325, 48.1112], [11.7323, 48.1112], [11.7315, 48.1114], [11.7312, 48.1115], [11.7307, 48.1116], [11.7295, 48.1118], [11.7292, 48.1119], [11.7287, 48.112], [11.728, 48.1121], [11.7266, 48.1124], [11.7263, 48.1125], [11.7252, 48.1127], [11.7239, 48.1129], [11.7233, 48.113], [11.721, 48.1136], [11.7201, 48.1137], [11.7187, 48.114], [11.7164, 48.1145], [11.7076, 48.1165], [11.7073, 48.1165], [11.7055, 48.1169], [11.7051, 48.117], [11.7037, 48.1173], [11.7025, 48.1176], [11.7011, 48.1179], [11.7003, 48.1181], [11.7002, 48.1181], [11.6995, 48.1183], [11.6989, 48.1184], [11.6982, 48.1185], [11.6975, 48.1187], [11.6962, 48.1189], [11.6954, 48.1191], [11.6938, 48.1194], [11.6935, 48.1195], [11.6908, 48.1201], [11.6904, 48.1202], [11.6884, 48.1206], [11.6881, 48.1207], [11.6857, 48.1212], [11.683, 48.1218], [11.6798, 48.1225], [11.6779, 48.1229], [11.6761, 48.1233], [11.676, 48.1233], [11.675, 48.1235], [11.6734, 48.1239], [11.6724, 48.1241], [11.672, 48.1242], [11.6706, 48.1245], [11.6705, 48.1245], [11.6696, 48.1247], [11.668, 48.1251], [11.667, 48.1253], [11.6649, 48.1257], [11.6647, 48.1258], [11.6634, 48.1261], [11.6621, 48.1264]], [[11.6621, 48.1264], [11.6617, 48.1264], [11.661, 48.1266], [11.6607, 48.1267], [11.6604, 48.1267]], [[11.6604, 48.1267], [11.66, 48.1268], [11.6596, 48.127], [11.6594, 48.127], [11.6589, 48.1272], [11.6586, 48.1273], [11.658, 48.1276], [11.6574, 48.1279], [11.6568, 48.1282], [11.6567, 48.1283], [11.6564, 48.1284], [11.6556, 48.1288], [11.6537, 48.1297], [11.6518, 48.1306], [11.6513, 48.1309], [11.651, 48.131], [11.6507, 48.1311], [11.6505, 48.1312], [11.6502, 48.1314]], [[11.6502, 48.1314], [11.6497, 48.1316], [11.6492, 48.1317], [11.6487, 48.1319], [11.6476, 48.1322], [11.6463, 48.1325], [11.6449, 48.1329], [11.6447, 48.133], [11.6444, 48.133], [11.644, 48.1331], [11.6437, 48.1332], [11.6433, 48.1332], [11.6427, 48.1333], [11.642, 48.1334], [11.6412, 48.1334], [11.6404, 48.1334], [11.6395, 48.1334], [11.6392, 48.1335], [11.6384, 48.1335]], [[11.6384, 48.1335], [11.6381, 48.1336], [11.6365, 48.1337], [11.6363, 48.1337], [11.635, 48.1339], [11.6349, 48.1339], [11.6335, 48.134], [11.6327, 48.1341], [11.6321, 48.1342], [11.632, 48.1342], [11.6315, 48.1342], [11.6307, 48.1343], [11.6301, 48.1344], [11.6293, 48.1344], [11.6275, 48.1346], [11.6274, 48.1346], [11.6271, 48.1346], [11.6268, 48.1347], [11.6265, 48.1347], [11.6262, 48.1348], [11.6256, 48.1349], [11.6248, 48.135]], [[11.6248, 48.135], [11.6241, 48.1352], [11.6238, 48.1352], [11.6232, 48.1353], [11.6227, 48.1353], [11.6221, 48.1353]], [[11.6221, 48.1353], [11.6216, 48.1353], [11.6209, 48.1352], [11.6203, 48.1351], [11.6194, 48.135]], [[11.6194, 48.135], [11.619, 48.1349], [11.6181, 48.1347], [11.618, 48.1347], [11.6171, 48.1346], [11.6165, 48.1345], [11.6162, 48.1344], [11.6159, 48.1344], [11.6157, 48.1343], [11.6154, 48.1343], [11.6152, 48.1342], [11.6151, 48.1342], [11.6148, 48.1341], [11.6145, 48.134], [11.6143, 48.1339], [11.6141, 48.1339], [11.6139, 48.1338], [11.6137, 48.1337], [11.6135, 48.1335], [11.613, 48.1333], [11.6126, 48.1331], [11.6125, 48.133]], [[11.6125, 48.133], [11.6116, 48.1324], [11.6114, 48.1322], [11.6105, 48.1317], [11.61, 48.1313], [11.6097, 48.1311], [11.6094, 48.1308], [11.6093, 48.1307], [11.6092, 48.1306], [11.6086, 48.1302], [11.6082, 48.1299]], [[11.6082, 48.1299], [11.6072, 48.1293], [11.6068, 48.129], [11.6067, 48.129], [11.6062, 48.1286], [11.6061, 48.1286], [11.6061, 48.1285]], [[11.6061, 48.1285], [11.605, 48.1278]], [[11.605, 48.1278], [11.6045, 48.1275], [11.6041, 48.1272], [11.604, 48.1272], [11.604, 48.1271]], [[11.604, 48.1271], [11.6038, 48.1269], [11.6035, 48.1268], [11.6034, 48.1266], [11.6032, 48.1265], [11.6028, 48.1263]], [[11.6028, 48.1263], [11.6026, 48.1262], [11.6024, 48.1261]], [[11.6024, 48.1261], [11.6022, 48.126], [11.6021, 48.126], [11.602, 48.126]], [[11.602, 48.126], [11.6018, 48.1259], [11.6017, 48.1259], [11.6014, 48.1258], [11.6013, 48.1258], [11.6011, 48.1257], [11.6009, 48.1257]], [[11.5523, 48.1421], [11.552, 48.142], [11.5517, 48.142], [11.5515, 48.142], [11.5513, 48.1419], [11.551, 48.1419]], [[11.551, 48.1419], [11.5508, 48.1419], [11.5505, 48.1419], [11.5503, 48.1419], [11.5501, 48.1419], [11.55, 48.1419]], [[11.55, 48.1419], [11.5498, 48.1419], [11.5494, 48.142], [11.5486, 48.142], [11.5484, 48.142]], [[11.5484, 48.142], [11.5482, 48.1421], [11.5475, 48.1421], [11.5472, 48.1421], [11.5471, 48.1421]], [[11.5471, 48.1421], [11.547, 48.1421], [11.545, 48.1423], [11.5447, 48.1423], [11.5446, 48.1423], [11.5441, 48.1424], [11.5432, 48.1424], [11.5417, 48.1425], [11.5408, 48.1426]], [[11.5408, 48.1426], [11.5405, 48.1426], [11.5396, 48.1427], [11.5389, 48.1427]], [[11.5389, 48.1427], [11.5387, 48.1428], [11.5386, 48.1428], [11.5381, 48.1428], [11.538, 48.1428], [11.5377, 48.1428], [11.5372, 48.1428], [11.5368, 48.1428], [11.5365, 48.1428], [11.5358, 48.1428], [11.5355, 48.1428], [11.5353, 48.1428]], [[11.5353, 48.1428], [11.5351, 48.1428], [11.5345, 48.1428], [11.5339, 48.1428], [11.5337, 48.1428], [11.533, 48.1428], [11.5326, 48.1428], [11.5319, 48.1428], [11.5312, 48.1427], [11.5306, 48.1427], [11.5299, 48.1428], [11.5295, 48.1428], [11.5283, 48.1429], [11.5244, 48.1432], [11.5239, 48.1432], [11.5232, 48.1433], [11.5225, 48.1434], [11.5218, 48.1434], [11.5212, 48.1435], [11.5211, 48.1435]], [[11.5211, 48.1435], [11.5209, 48.1435], [11.5202, 48.1436], [11.5199, 48.1436], [11.5196, 48.1436], [11.5195, 48.1436], [11.5192, 48.1436], [11.5191, 48.1436], [11.519, 48.1436], [11.5189, 48.1436], [11.5184, 48.1436], [11.5181, 48.1436], [11.5179, 48.1436], [11.5177, 48.1436], [11.5173, 48.1436], [11.5171, 48.1436], [11.5167, 48.1436], [11.5164, 48.1436], [11.5157, 48.1435]], [[11.5157, 48.1435], [11.5149, 48.1435], [11.5145, 48.1435]], [[11.5145, 48.1435], [11.5141, 48.1435], [11.5137, 48.1434], [11.5132, 48.1434]], [[11.5132, 48.1434], [11.5129, 48.1434], [11.5126, 48.1435], [11.5122, 48.1435], [11.5119, 48.1435], [11.5115, 48.1436], [11.5109, 48.1437], [11.5105, 48.1438], [11.51, 48.1439], [11.5097, 48.144], [11.5094, 48.144], [11.5091, 48.144], [11.5087, 48.1441], [11.5083, 48.1441], [11.5078, 48.1442], [11.5071, 48.1442], [11.5066, 48.1443], [11.5058, 48.1443], [11.5056, 48.1444], [11.505, 48.1444], [11.5045, 48.1445], [11.5044, 48.1445], [11.5043, 48.1445], [11.5037, 48.1446], [11.503, 48.1446], [11.5027, 48.1447], [11.5026, 48.1447], [11.5023, 48.1447], [11.5017, 48.1448], [11.5016, 48.1448], [11.5015, 48.1448], [11.5014, 48.1448]], [[11.5014, 48.1448], [11.5012, 48.1448], [11.5009, 48.1448], [11.5007, 48.1449], [11.5005, 48.1449], [11.5003, 48.1449], [11.4998, 48.1449], [11.4991, 48.1449], [11.4988, 48.1449], [11.4983, 48.145], [11.498, 48.145], [11.4976, 48.1451], [11.4972, 48.1451], [11.4968, 48.1452]], [[11.4968, 48.1452], [11.4964, 48.1453], [11.4952, 48.1456]], [[11.4952, 48.1456], [11.4947, 48.1457], [11.4946, 48.1457], [11.4944, 48.1458], [11.494, 48.1459], [11.4937, 48.1459], [11.4933, 48.146], [11.4929, 48.146], [11.4925, 48.146], [11.4922, 48.1461], [11.4918, 48.146], [11.4914, 48.146], [11.4911, 48.146], [11.4909, 48.146], [11.4907, 48.146]], [[11.4907, 48.146], [11.49, 48.1459]], [[11.49, 48.1459], [11.4899, 48.1459]], [[11.4899, 48.1459], [11.4893, 48.1458]], [[11.4893, 48.1458], [11.4885, 48.1458], [11.4881, 48.1458], [11.4878, 48.1458], [11.4875, 48.1458], [11.4873, 48.1458]], [[11.4873, 48.1458], [11.4872, 48.1458], [11.4863, 48.1458], [11.4842, 48.146], [11.4818, 48.1462], [11.4814, 48.1462]], [[11.4814, 48.1462], [11.4807, 48.1463], [11.4789, 48.1464], [11.4783, 48.1464], [11.4778, 48.1465], [11.4762, 48.1466], [11.4753, 48.1466], [11.4749, 48.1467]], [[11.4749, 48.1467], [11.474, 48.1467], [11.4738, 48.1468], [11.4734, 48.1468], [11.4725, 48.1469], [11.472, 48.1469], [11.4716, 48.147], [11.471, 48.1471], [11.4709, 48.1471], [11.4705, 48.1472], [11.4696, 48.1474], [11.4693, 48.1475], [11.4691, 48.1476], [11.469, 48.1476], [11.468, 48.148], [11.4667, 48.1484]], [[11.4667, 48.1484], [11.4659, 48.1487]], [[11.4659, 48.1487], [11.4658, 48.1488]], [[11.4658, 48.1488], [11.4657, 48.1488]], [[11.4657, 48.1488], [11.4646, 48.1492], [11.4641, 48.1494], [11.4637, 48.1495]], [[11.4637, 48.1495], [11.4636, 48.1495], [11.4632, 48.1496], [11.4625, 48.1499], [11.4617, 48.1501]], [[11.4617, 48.1501], [11.4611, 48.1503], [11.4599, 48.1507]], [[11.4599, 48.1507], [11.459, 48.1509], [11.4577, 48.1513]], [[11.4577, 48.1513], [11.4576, 48.1513], [11.4568, 48.1516]], [[11.4568, 48.1516], [11.4561, 48.1518]], [[11.4561, 48.1518], [11.4558, 48.1519]], [[11.4558, 48.1519], [11.4552, 48.152], [11.4551, 48.1521]], [[11.4551, 48.1521], [11.4544, 48.1522], [11.4541, 48.1522], [11.4538, 48.1523]], [[11.4538, 48.1523], [11.4528, 48.1524], [11.4524, 48.1524], [11.4521, 48.1525], [11.4514, 48.1525], [11.4507, 48.1525]], [[11.4507, 48.1525], [11.4487, 48.1527], [11.4481, 48.1527], [11.4474, 48.1528], [11.4462, 48.1529]], [[11.4462, 48.1529], [11.4461, 48.1529], [11.4437, 48.1531], [11.4432, 48.1532], [11.4424, 48.1532]], [[11.4424, 48.1532], [11.441, 48.1534], [11.4405, 48.1534], [11.4402, 48.1534], [11.4394, 48.1535], [11.439, 48.1536]], [[11.439, 48.1536], [11.4377, 48.1537], [11.4376, 48.1537], [11.4357, 48.1539], [11.4356, 48.1539], [11.4355, 48.1539], [11.4351, 48.1539], [11.4337, 48.1541], [11.432, 48.1542], [11.4299, 48.1544], [11.4297, 48.1544], [11.4285, 48.1546], [11.4271, 48.1547], [11.4269, 48.1547], [11.4217, 48.1552], [11.4196, 48.1554], [11.4189, 48.1555], [11.416, 48.1557], [11.4141, 48.1559], [11.4138, 48.156], [11.4133, 48.156], [11.4128, 48.156], [11.4119, 48.1561], [11.411, 48.1562], [11.4108, 48.1562]], [[11.4108, 48.1562], [11.4098, 48.1563], [11.4097, 48.1563], [11.409, 48.1564], [11.4084, 48.1565], [11.4081, 48.1565], [11.4076, 48.1566], [11.4072, 48.1567], [11.4068, 48.1568], [11.4066, 48.1568], [11.4063, 48.1568], [11.4062, 48.1569], [11.4059, 48.157], [11.4054, 48.1571], [11.4048, 48.1572], [11.4042, 48.1574], [11.4034, 48.1576], [11.4004, 48.1585], [11.3984, 48.1591], [11.3965, 48.1596], [11.3946, 48.1602], [11.3936, 48.1604], [11.3935, 48.1605], [11.3925, 48.1608], [11.3916, 48.1611], [11.3912, 48.1612], [11.3886, 48.1619], [11.3866, 48.1625], [11.3837, 48.1633], [11.3835, 48.1634], [11.3817, 48.1639], [11.3789, 48.1647], [11.3787, 48.1648], [11.3758, 48.1656], [11.3738, 48.1662], [11.3718, 48.1668]], [[11.3718, 48.1668], [11.3709, 48.167]], [[11.3709, 48.167], [11.3689, 48.1676], [11.3639, 48.169], [11.3632, 48.1693], [11.359, 48.1705], [11.3566, 48.1711], [11.3566, 48.1712]], [[11.3566, 48.1712], [11.3555, 48.1715], [11.3541, 48.1719], [11.3536, 48.172], [11.3524, 48.1724], [11.3517, 48.1726], [11.3514, 48.1727], [11.3506, 48.1729], [11.349, 48.1733], [11.3478, 48.1737], [11.3464, 48.1741], [11.3439, 48.1748], [11.3434, 48.175], [11.3418, 48.1754], [11.3415, 48.1755], [11.3395, 48.1761], [11.3391, 48.1762], [11.3373, 48.1767], [11.3366, 48.1769], [11.3346, 48.1775], [11.3316, 48.1784], [11.3312, 48.1785]], [[11.3312, 48.1785], [11.3309, 48.1786]], [[11.3309, 48.1786], [11.3297, 48.1789], [11.3296, 48.179], [11.3295, 48.179], [11.3281, 48.1794]], [[11.3281, 48.1794], [11.328, 48.1794]], [[11.328, 48.1794], [11.3276, 48.1795], [11.3268, 48.1798], [11.3267, 48.1798], [11.3266, 48.1798], [11.3247, 48.1804], [11.3245, 48.1804]], [[11.3245, 48.1804], [11.3238, 48.1806]], [[11.3238, 48.1806], [11.3236, 48.1807]], [[11.3236, 48.1807], [11.3231, 48.1808], [11.3225, 48.181], [11.3222, 48.1811]], [[11.3222, 48.1811], [11.3221, 48.1811], [11.3219, 48.1812], [11.3214, 48.1813]], [[11.3214, 48.1813], [11.3211, 48.1814]], [[11.3211, 48.1814], [11.321, 48.1814], [11.3206, 48.1815], [11.3201, 48.1815], [11.3197, 48.1816], [11.3192, 48.1817], [11.3188, 48.1817], [11.3182, 48.1818], [11.3176, 48.1818], [11.317, 48.1818], [11.3166, 48.1818], [11.3161, 48.1818], [11.3157, 48.1818], [11.3153, 48.1817], [11.3148, 48.1817], [11.3144, 48.1816], [11.314, 48.1816], [11.3135, 48.1815], [11.3131, 48.1814], [11.3126, 48.1813], [11.312, 48.1812], [11.3112, 48.181], [11.3087, 48.1803], [11.3067, 48.1798], [11.3037, 48.179], [11.3035, 48.1789], [11.3028, 48.1787], [11.3017, 48.1784], [11.3006, 48.1781], [11.2987, 48.1776], [11.2978, 48.1774], [11.2969, 48.1771], [11.2957, 48.1768], [11.2951, 48.1767], [11.2943, 48.1765], [11.2939, 48.1765], [11.2909, 48.1759], [11.2889, 48.1755], [11.286, 48.1749], [11.2858, 48.1749], [11.2837, 48.1745], [11.2809, 48.1739], [11.2786, 48.1735], [11.2755, 48.1729], [11.2738, 48.1726], [11.2735, 48.1725], [11.2734, 48.1725], [11.2732, 48.1725], [11.2726, 48.1724], [11.272, 48.1723], [11.2714, 48.1722], [11.2709, 48.1721], [11.2702, 48.172], [11.2697, 48.172], [11.2691, 48.1719], [11.2686, 48.1719], [11.2683, 48.1719], [11.2678, 48.1719], [11.2673, 48.1719], [11.2672, 48.1719]], [[11.2672, 48.1719], [11.2667, 48.1719]], [[11.2667, 48.1719], [11.2662, 48.1719]], [[11.2662, 48.1719], [11.2647, 48.1718], [11.2635, 48.1718], [11.2624, 48.1718], [11.2623, 48.1718], [11.2607, 48.1718], [11.2606, 48.1718], [11.2602, 48.1718], [11.2597, 48.1718], [11.2592, 48.1718], [11.2591, 48.1718]], [[11.2591, 48.1718], [11.2583, 48.1717]], [[11.2583, 48.1717], [11.2579, 48.1717], [11.2576, 48.1717], [11.2573, 48.1717], [11.257, 48.1717], [11.2566, 48.1716], [11.2564, 48.1716], [11.2561, 48.1715], [11.2558, 48.1715], [11.2553, 48.1714], [11.2548, 48.1712], [11.2545, 48.1711], [11.2541, 48.171], [11.2536, 48.1708], [11.2533, 48.1707], [11.2529, 48.1705], [11.2527, 48.1704], [11.2523, 48.1702], [11.2521, 48.1701]], [[11.2521, 48.1701], [11.2507, 48.1693], [11.2495, 48.1686], [11.2485, 48.1681], [11.2484, 48.168]], [[11.2484, 48.168], [11.2481, 48.1678]], [[11.2481, 48.1678], [11.2477, 48.1676], [11.2473, 48.1674], [11.247, 48.1673], [11.2466, 48.1671], [11.2462, 48.1669], [11.2457, 48.1668], [11.2453, 48.1666], [11.245, 48.1665], [11.2447, 48.1665], [11.2441, 48.1663], [11.2438, 48.1662]], [[11.2438, 48.1662], [11.2437, 48.1662], [11.2432, 48.1661], [11.2417, 48.1658], [11.2413, 48.1657]], [[11.2413, 48.1657], [11.2411, 48.1657]], [[11.2411, 48.1657], [11.2398, 48.1654]], [[11.2398, 48.1654], [11.2387, 48.1652], [11.2376, 48.1649], [11.2369, 48.1648]], [[11.2369, 48.1648], [11.2363, 48.1646]], [[11.2363, 48.1646], [11.236, 48.1646], [11.2358, 48.1645], [11.2354, 48.1644], [11.235, 48.1643], [11.2344, 48.1641], [11.2341, 48.164], [11.2335, 48.1638], [11.2327, 48.1635], [11.2319, 48.1632], [11.2308, 48.1628], [11.2301, 48.1625], [11.2295, 48.1623], [11.2287, 48.162], [11.2272, 48.1614], [11.227, 48.1613], [11.2256, 48.1608], [11.2243, 48.1603], [11.223, 48.1597], [11.2221, 48.1594], [11.2219, 48.1593], [11.2216, 48.1592], [11.2204, 48.1587], [11.2199, 48.1585], [11.2195, 48.1583], [11.2193, 48.1582], [11.2186, 48.1579], [11.2179, 48.1576], [11.2174, 48.1574], [11.2167, 48.1571]], [[11.2167, 48.1571], [11.2159, 48.1569]], [[11.2159, 48.1569], [11.2147, 48.1564]], [[11.2147, 48.1564], [11.2144, 48.1563]], [[11.2144, 48.1563], [11.2143, 48.1562], [11.2142, 48.1562], [11.2129, 48.1557], [11.2103, 48.1546], [11.2085, 48.1539], [11.2059, 48.1529], [11.2057, 48.1528], [11.2049, 48.1525], [11.2039, 48.1521], [11.203, 48.1517], [11.2011, 48.151], [11.201, 48.151], [11.1993, 48.1503], [11.1965, 48.1492], [11.1957, 48.1489], [11.1946, 48.1484], [11.1939, 48.1482], [11.1936, 48.148], [11.1933, 48.1479], [11.192, 48.1474], [11.1919, 48.1474], [11.1908, 48.1469], [11.1906, 48.1468], [11.1905, 48.1468]], [[11.1905, 48.1468], [11.1904, 48.1468]], [[11.1904, 48.1468], [11.19, 48.1466], [11.1873, 48.1455], [11.1845, 48.1444], [11.1827, 48.1437], [11.1799, 48.1426], [11.1781, 48.1419], [11.1763, 48.1412], [11.1753, 48.1408], [11.1734, 48.1401], [11.1707, 48.139], [11.1688, 48.1382], [11.166, 48.1371], [11.1642, 48.1364], [11.1628, 48.1359], [11.1614, 48.1353], [11.1606, 48.135], [11.16, 48.1347], [11.1587, 48.1343]], [[11.1587, 48.1343], [11.158, 48.134], [11.1578, 48.1339], [11.1573, 48.1337], [11.1557, 48.1331], [11.1537, 48.1323], [11.153, 48.1321]], [[11.153, 48.1321], [11.1529, 48.132], [11.1526, 48.1319], [11.152, 48.1316], [11.1512, 48.1313]], [[11.1512, 48.1313], [11.1504, 48.131]], [[11.1504, 48.131], [11.15, 48.1308]], [[11.15, 48.1308], [11.1494, 48.1306], [11.1471, 48.1296], [11.1454, 48.1289], [11.145, 48.1288], [11.1435, 48.1282], [11.1407, 48.1271], [11.1398, 48.1267]], [[11.1398, 48.1267], [11.1392, 48.1265], [11.1387, 48.1263], [11.1383, 48.1262], [11.1378, 48.126], [11.1375, 48.1259], [11.1371, 48.1258], [11.1368, 48.1258], [11.1364, 48.1257], [11.136, 48.1256], [11.1356, 48.1256], [11.1353, 48.1255], [11.1349, 48.1255], [11.1346, 48.1255], [11.1342, 48.1255], [11.1338, 48.1255], [11.1336, 48.1255], [11.1334, 48.1255], [11.1329, 48.1255], [11.1324, 48.1255], [11.132, 48.1255], [11.1317, 48.1256], [11.1305, 48.1257], [11.1284, 48.1259], [11.1281, 48.1259], [11.1273, 48.126]], [[11.1273, 48.126], [11.127, 48.126]], [[11.127, 48.126], [11.1265, 48.126], [11.1261, 48.126], [11.1257, 48.126], [11.1253, 48.126], [11.125, 48.126], [11.1249, 48.126], [11.1243, 48.1259], [11.1239, 48.1259], [11.1236, 48.1258], [11.1234, 48.1258], [11.123, 48.1257], [11.1227, 48.1257], [11.1225, 48.1256], [11.122, 48.1255], [11.1216, 48.1254], [11.1213, 48.1252], [11.1209, 48.1251], [11.1205, 48.125], [11.1202, 48.1248], [11.1198, 48.1246], [11.1195, 48.1245], [11.1192, 48.1243], [11.1189, 48.1241], [11.1187, 48.1239], [11.1184, 48.1237], [11.1182, 48.1236], [11.1179, 48.1233], [11.1176, 48.1231], [11.1174, 48.1228], [11.1172, 48.1226], [11.1171, 48.1225], [11.1168, 48.1221], [11.1166, 48.1218]], [[11.1166, 48.1218], [11.1157, 48.1206], [11.1155, 48.1203], [11.115, 48.1196], [11.1148, 48.1194], [11.1147, 48.1193], [11.1144, 48.119], [11.1143, 48.1188], [11.1141, 48.1185], [11.1138, 48.1183], [11.1136, 48.1181], [11.1134, 48.1179], [11.1133, 48.1179], [11.1131, 48.1178], [11.1129, 48.1176], [11.1126, 48.1174], [11.1124, 48.1172], [11.1121, 48.1171], [11.1117, 48.1169], [11.1113, 48.1167], [11.111, 48.1165], [11.1107, 48.1164], [11.1103, 48.1163], [11.1099, 48.1161], [11.1096, 48.116], [11.1092, 48.1159], [11.1088, 48.1158], [11.1085, 48.1157], [11.108, 48.1156], [11.1075, 48.1156], [11.1071, 48.1155], [11.1067, 48.1155], [11.1062, 48.1154], [11.1058, 48.1154], [11.1055, 48.1154], [11.1027, 48.1152], [11.1025, 48.1152], [11.1018, 48.1151], [11.1012, 48.1151], [11.1006, 48.115], [11.1002, 48.1149], [11.1, 48.1149], [11.0998, 48.1149], [11.0994, 48.1148], [11.099, 48.1147], [11.0986, 48.1146], [11.0982, 48.1145], [11.0978, 48.1144], [11.0977, 48.1143], [11.0975, 48.1143], [11.0972, 48.1141], [11.0969, 48.114], [11.0966, 48.1139], [11.0963, 48.1138], [11.096, 48.1136], [11.0958, 48.1135], [11.0956, 48.1134], [11.0955, 48.1133], [11.0952, 48.1131], [11.0949, 48.113], [11.0947, 48.1128], [11.0945, 48.1126], [11.0942, 48.1124], [11.0939, 48.1122], [11.0938, 48.1121]], [[11.0938, 48.1121], [11.0936, 48.1119], [11.0927, 48.1111], [11.092, 48.1104], [11.0907, 48.1093], [11.0897, 48.1084], [11.0895, 48.1082], [11.0892, 48.108], [11.0891, 48.1079], [11.0887, 48.1076], [11.0885, 48.1075], [11.0881, 48.1073], [11.0877, 48.107], [11.0873, 48.1069], [11.0869, 48.1067], [11.0867, 48.1066], [11.0864, 48.1064], [11.0859, 48.1063], [11.0854, 48.1061], [11.085, 48.1059], [11.0845, 48.1058], [11.0844, 48.1057], [11.084, 48.1056], [11.0837, 48.1056], [11.0832, 48.1055], [11.0827, 48.1054], [11.0823, 48.1053], [11.082, 48.1052], [11.0817, 48.1052], [11.0813, 48.1052], [11.0794, 48.1049]], [[11.0794, 48.1049], [11.0789, 48.1049], [11.0782, 48.1048]], [[11.0782, 48.1048], [11.0775, 48.1047], [11.0768, 48.1047], [11.0749, 48.1044]], [[11.0749, 48.1044], [11.0737, 48.1043], [11.0716, 48.1041], [11.0703, 48.1039], [11.0689, 48.1038], [11.0686, 48.1038], [11.0684, 48.1037], [11.0682, 48.1037], [11.0678, 48.1037], [11.0673, 48.1037], [11.0668, 48.1037], [11.0663, 48.1037], [11.0662, 48.1037], [11.0658, 48.1037], [11.0653, 48.1037], [11.0648, 48.1037], [11.0635, 48.1038]], [[11.0635, 48.1038], [11.0629, 48.1039], [11.0614, 48.104], [11.0607, 48.104], [11.0586, 48.1042], [11.0565, 48.1044], [11.0554, 48.1045], [11.0543, 48.1046], [11.0523, 48.1047], [11.0509, 48.1048], [11.0503, 48.1049], [11.0496, 48.1049], [11.0483, 48.1051], [11.0477, 48.1051], [11.0476, 48.1051], [11.0472, 48.1052]], [[11.0472, 48.1052], [11.0471, 48.1052]], [[11.0471, 48.1052], [11.0467, 48.1052], [11.046, 48.1053], [11.0457, 48.1053]], [[11.0454, 48.1053], [11.0457, 48.1053]], [[11.0374, 48.106], [11.0392, 48.1058], [11.0409, 48.1057], [11.0412, 48.1057], [11.0414, 48.1057], [11.0434, 48.1055], [11.0435, 48.1054], [11.0439, 48.1054], [11.0444, 48.1054], [11.0447, 48.1054], [11.0448, 48.1054], [11.0454, 48.1053]], [[11.078, 48.1047], [11.0779, 48.1047], [11.0773, 48.1047], [11.0769, 48.1046], [11.0749, 48.1044], [11.0766, 48.1045], [11.0767, 48.1045], [11.0767, 48.1046], [11.0768, 48.1046], [11.0769, 48.1046], [11.077, 48.1046], [11.0771, 48.1046], [11.0774, 48.1046], [11.0775, 48.1046], [11.0776, 48.1046], [11.0776, 48.1047], [11.0779, 48.1047], [11.078, 48.1047]], [[11.1529, 48.1319], [11.1537, 48.1322], [11.1553, 48.1329], [11.1554, 48.1328], [11.1537, 48.1322], [11.1529, 48.1319]], [[11.1936, 48.148], [11.1936, 48.1479], [11.1924, 48.1475], [11.1924, 48.1474], [11.1924, 48.1475], [11.1917, 48.1472], [11.1916, 48.1471], [11.1915, 48.1471], [11.1913, 48.147], [11.1912, 48.147], [11.1911, 48.147], [11.191, 48.1469], [11.1911, 48.147], [11.1936, 48.148]], [[11.3525, 48.1722], [11.3529, 48.1721], [11.3531, 48.172], [11.3533, 48.172], [11.3535, 48.1719], [11.3536, 48.1719], [11.3539, 48.1718], [11.354, 48.1718], [11.3545, 48.1716], [11.3548, 48.1715], [11.3551, 48.1714], [11.3545, 48.1716], [11.3542, 48.1717], [11.3542, 48.1716], [11.3541, 48.1717], [11.354, 48.1717], [11.3537, 48.1718], [11.3536, 48.1718], [11.3535, 48.1719], [11.3531, 48.172], [11.3529, 48.172], [11.3525, 48.1721], [11.3525, 48.1722]], [[11.4269, 48.1546], [11.4281, 48.1545], [11.4285, 48.1545], [11.4297, 48.1544], [11.4285, 48.1545], [11.4281, 48.1545], [11.4269, 48.1547], [11.4269, 48.1546]], [[11.0457, 48.1053], [11.0467, 48.1052], [11.0471, 48.1051], [11.0477, 48.1051], [11.0483, 48.105], [11.0496, 48.1049], [11.0501, 48.1049], [11.0503, 48.1048], [11.0509, 48.1048], [11.0523, 48.1047], [11.0538, 48.1046], [11.0543, 48.1045], [11.0554, 48.1044], [11.0565, 48.1044], [11.0586, 48.1042], [11.0607, 48.104], [11.0614, 48.104], [11.0629, 48.1038], [11.0634, 48.1038]], [[11.0634, 48.1038], [11.0648, 48.1037], [11.0653, 48.1036], [11.0658, 48.1036], [11.0663, 48.1036], [11.0668, 48.1036], [11.0673, 48.1036], [11.0678, 48.1037], [11.068, 48.1037], [11.0684, 48.1037], [11.0686, 48.1037], [11.0689, 48.1037], [11.0703, 48.1039], [11.0716, 48.104], [11.0737, 48.1043], [11.0749, 48.1044]], [[11.0782, 48.1048], [11.0775, 48.1047], [11.0768, 48.1046], [11.0749, 48.1044]], [[11.0782, 48.1048], [11.0788, 48.1048], [11.0789, 48.1048]], [[11.0789, 48.1048], [11.0813, 48.1051], [11.0816, 48.1051], [11.0817, 48.1052], [11.082, 48.1052], [11.0823, 48.1053], [11.0828, 48.1053], [11.0832, 48.1054], [11.0837, 48.1055], [11.0841, 48.1056], [11.0844, 48.1057], [11.0845, 48.1057], [11.0847, 48.1058], [11.085, 48.1059], [11.0855, 48.106], [11.086, 48.1062], [11.0864, 48.1064], [11.0867, 48.1065], [11.087, 48.1066], [11.0874, 48.1068], [11.0877, 48.107], [11.0882, 48.1073], [11.0885, 48.1075], [11.0887, 48.1076], [11.0891, 48.1079], [11.0892, 48.108], [11.0895, 48.1082], [11.0897, 48.1084], [11.0907, 48.1093], [11.092, 48.1104], [11.0936, 48.1119], [11.0939, 48.1121], [11.094, 48.1122], [11.0943, 48.1124], [11.0945, 48.1126], [11.0947, 48.1128], [11.095, 48.1129], [11.0952, 48.1131], [11.0955, 48.1133], [11.0957, 48.1134], [11.0958, 48.1135], [11.096, 48.1136], [11.0964, 48.1138], [11.0966, 48.1139], [11.0969, 48.114], [11.0972, 48.1141], [11.0975, 48.1142], [11.0977, 48.1143], [11.0979, 48.1143], [11.0982, 48.1145], [11.0986, 48.1146], [11.099, 48.1147], [11.0994, 48.1148], [11.0998, 48.1148], [11.1, 48.1149], [11.1002, 48.1149], [11.1006, 48.115], [11.1012, 48.115], [11.1018, 48.1151], [11.1025, 48.1151], [11.1027, 48.1151], [11.1048, 48.1153], [11.1055, 48.1153], [11.1058, 48.1154], [11.1062, 48.1154], [11.1067, 48.1154], [11.1071, 48.1155], [11.1076, 48.1155], [11.108, 48.1156], [11.1085, 48.1157], [11.1088, 48.1158], [11.1093, 48.1159], [11.1096, 48.116], [11.1099, 48.1161], [11.1103, 48.1162], [11.1108, 48.1164], [11.111, 48.1165], [11.1114, 48.1167], [11.1117, 48.1168], [11.1121, 48.117], [11.1124, 48.1172], [11.1127, 48.1174], [11.1129, 48.1175], [11.1132, 48.1177], [11.1133, 48.1178], [11.1134, 48.1179], [11.1136, 48.1181], [11.1138, 48.1182], [11.1139, 48.1183], [11.1141, 48.1185], [11.1143, 48.1187], [11.1145, 48.1189], [11.1148, 48.1193], [11.115, 48.1196], [11.1152, 48.1199], [11.1155, 48.1203], [11.1157, 48.1205], [11.1166, 48.1218]], [[11.1166, 48.1218], [11.1168, 48.1221], [11.1171, 48.1224], [11.1173, 48.1226], [11.1175, 48.1228], [11.1177, 48.1231], [11.1179, 48.1233], [11.1182, 48.1235], [11.1184, 48.1237], [11.1187, 48.1239], [11.119, 48.1241], [11.1193, 48.1243], [11.1195, 48.1244], [11.1198, 48.1246], [11.1202, 48.1248], [11.1205, 48.1249], [11.121, 48.1251], [11.1213, 48.1252], [11.1216, 48.1253], [11.122, 48.1254], [11.1225, 48.1256], [11.1227, 48.1256], [11.123, 48.1257], [11.1234, 48.1258], [11.1239, 48.1258], [11.1243, 48.1259], [11.1249, 48.1259], [11.125, 48.126], [11.1253, 48.126], [11.1257, 48.126], [11.1261, 48.126], [11.1265, 48.126], [11.1269, 48.1259]], [[11.1269, 48.1259], [11.1273, 48.1259]], [[11.1273, 48.1259], [11.128, 48.1259], [11.1284, 48.1258], [11.1305, 48.1256], [11.1317, 48.1255], [11.132, 48.1255], [11.1324, 48.1255], [11.1329, 48.1254], [11.1334, 48.1254], [11.1336, 48.1254], [11.1338, 48.1254], [11.1342, 48.1254], [11.1346, 48.1254], [11.1349, 48.1255], [11.1353, 48.1255], [11.1357, 48.1255], [11.136, 48.1256], [11.1365, 48.1257], [11.1368, 48.1257], [11.1372, 48.1258], [11.1375, 48.1259], [11.1379, 48.126], [11.1383, 48.1261], [11.1387, 48.1263], [11.1392, 48.1265], [11.1398, 48.1267]], [[11.1398, 48.1267], [11.1408, 48.1271], [11.1435, 48.1282], [11.145, 48.1287], [11.1454, 48.1289], [11.1471, 48.1296], [11.1495, 48.1305]], [[11.1501, 48.1308], [11.1498, 48.1307], [11.1495, 48.1305]], [[11.1505, 48.1309], [11.1501, 48.1308]], [[11.1588, 48.1342], [11.1585, 48.1341], [11.158, 48.1339], [11.1577, 48.1338], [11.1561, 48.1332], [11.1538, 48.1323], [11.1537, 48.1322], [11.1527, 48.1319], [11.1517, 48.1314], [11.1505, 48.1309]], [[11.1588, 48.1342], [11.16, 48.1347], [11.1606, 48.1349], [11.1614, 48.1353], [11.1628, 48.1358], [11.1642, 48.1364], [11.1661, 48.1371], [11.1688, 48.1382], [11.1707, 48.1389], [11.1711, 48.1391], [11.1735, 48.14], [11.1753, 48.1408], [11.1764, 48.1412], [11.1781, 48.1419], [11.1799, 48.1426], [11.1827, 48.1437], [11.1846, 48.1444], [11.1869, 48.1453], [11.1873, 48.1455], [11.1901, 48.1466], [11.1904, 48.1467]], [[11.1904, 48.1467], [11.1906, 48.1468]], [[11.1906, 48.1468], [11.1908, 48.1469], [11.1919, 48.1473], [11.192, 48.1474], [11.1933, 48.1479], [11.1936, 48.148], [11.1939, 48.1481], [11.1943, 48.1483], [11.1947, 48.1484], [11.1957, 48.1488], [11.1965, 48.1491], [11.1993, 48.1502], [11.201, 48.1509], [11.2011, 48.151], [11.203, 48.1517], [11.2039, 48.1521], [11.2058, 48.1528], [11.2085, 48.1539], [11.2103, 48.1546], [11.2129, 48.1556], [11.2143, 48.1562], [11.2144, 48.1562], [11.2145, 48.1562]], [[11.2145, 48.1562], [11.2147, 48.1563]], [[11.2147, 48.1563], [11.216, 48.1568]], [[11.216, 48.1568], [11.2167, 48.1571]], [[11.2167, 48.1571], [11.2174, 48.1574], [11.2179, 48.1576], [11.2186, 48.1579], [11.2187, 48.1579], [11.2195, 48.1582], [11.2209, 48.1588], [11.2226, 48.1594], [11.2227, 48.1595], [11.2231, 48.1596], [11.2244, 48.1601], [11.2258, 48.1607], [11.2261, 48.1608], [11.2271, 48.1612], [11.2282, 48.1617], [11.2288, 48.1619], [11.2296, 48.1622], [11.2309, 48.1627], [11.232, 48.1631], [11.2328, 48.1635], [11.2333, 48.1636], [11.2335, 48.1637], [11.2341, 48.164], [11.2345, 48.1641], [11.235, 48.1642], [11.2354, 48.1643], [11.2358, 48.1645], [11.2361, 48.1645], [11.2363, 48.1646]], [[11.2363, 48.1646], [11.2369, 48.1647]], [[11.2369, 48.1647], [11.2376, 48.1649], [11.2387, 48.1651], [11.2398, 48.1654]], [[11.2398, 48.1654], [11.2412, 48.1656]], [[11.2412, 48.1656], [11.2413, 48.1657]], [[11.2438, 48.1662], [11.2441, 48.1663], [11.2447, 48.1664], [11.245, 48.1665], [11.2454, 48.1666], [11.2457, 48.1667], [11.2462, 48.1669], [11.2466, 48.167], [11.247, 48.1672], [11.2473, 48.1674], [11.2477, 48.1676], [11.2481, 48.1678]], [[11.2484, 48.168], [11.2485, 48.168], [11.2495, 48.1686], [11.2507, 48.1692], [11.2521, 48.17]], [[11.2521, 48.17], [11.2523, 48.1701], [11.2527, 48.1704], [11.253, 48.1705], [11.2533, 48.1707], [11.2536, 48.1708], [11.2542, 48.171], [11.2545, 48.1711], [11.2549, 48.1712], [11.2553, 48.1713], [11.2556, 48.1714], [11.2559, 48.1714], [11.2562, 48.1715], [11.2564, 48.1715], [11.2566, 48.1716], [11.2568, 48.1716]], [[11.2568, 48.1716], [11.257, 48.1716], [11.2573, 48.1716], [11.2576, 48.1717], [11.2579, 48.1717], [11.2583, 48.1717], [11.2591, 48.1717]], [[11.2591, 48.1717], [11.2597, 48.1717], [11.2603, 48.1717], [11.2607, 48.1717], [11.2623, 48.1717], [11.2624, 48.1717], [11.2629, 48.1717], [11.2635, 48.1718], [11.2645, 48.1718], [11.265, 48.1718], [11.2653, 48.1718], [11.2662, 48.1718]], [[11.2662, 48.1718], [11.2667, 48.1718]], [[11.2667, 48.1718], [11.2672, 48.1719]], [[11.2672, 48.1719], [11.2681, 48.1719], [11.2683, 48.1719], [11.2686, 48.1719], [11.2691, 48.1719], [11.2697, 48.1719], [11.2702, 48.172], [11.2709, 48.1721], [11.2714, 48.1721], [11.2721, 48.1722], [11.2727, 48.1723], [11.2732, 48.1724], [11.2734, 48.1725], [11.2735, 48.1725], [11.2739, 48.1726]], [[11.2739, 48.1726], [11.2755, 48.1729], [11.2786, 48.1735], [11.2798, 48.1737], [11.2809, 48.1739], [11.2838, 48.1745], [11.2858, 48.1749], [11.286, 48.1749], [11.2889, 48.1755], [11.2909, 48.1758], [11.2928, 48.1762], [11.2939, 48.1764], [11.2943, 48.1765], [11.2951, 48.1767], [11.2957, 48.1768], [11.2969, 48.1771], [11.2978, 48.1773], [11.2986, 48.1775], [11.2988, 48.1776], [11.3006, 48.1781], [11.3017, 48.1784], [11.3029, 48.1787], [11.3035, 48.1789], [11.3037, 48.1789], [11.3067, 48.1797], [11.3087, 48.1803], [11.3106, 48.1808]], [[11.3106, 48.1808], [11.3112, 48.1809], [11.3121, 48.1811], [11.3127, 48.1813], [11.3131, 48.1814], [11.3135, 48.1815], [11.314, 48.1815], [11.3144, 48.1816], [11.3148, 48.1817], [11.3153, 48.1817], [11.3157, 48.1817], [11.3161, 48.1818], [11.3166, 48.1818], [11.317, 48.1818], [11.3176, 48.1818], [11.3182, 48.1817], [11.3188, 48.1817], [11.3192, 48.1816], [11.3197, 48.1816], [11.3201, 48.1815], [11.3206, 48.1814], [11.3211, 48.1813]], [[11.3211, 48.1813], [11.3214, 48.1813]], [[11.3214, 48.1813], [11.3216, 48.1812], [11.3219, 48.1811], [11.322, 48.1811]], [[11.322, 48.1811], [11.3221, 48.1811], [11.3225, 48.181], [11.3231, 48.1808], [11.3236, 48.1807]], [[11.3245, 48.1804], [11.3247, 48.1803], [11.3267, 48.1798], [11.328, 48.1794]], [[11.328, 48.1794], [11.3281, 48.1793]], [[11.3281, 48.1793], [11.3295, 48.1789], [11.3296, 48.1789], [11.3309, 48.1785]], [[11.3309, 48.1785], [11.3312, 48.1784]], [[11.3312, 48.1784], [11.3316, 48.1783], [11.3346, 48.1775], [11.3366, 48.1769], [11.3369, 48.1768], [11.3373, 48.1767], [11.3395, 48.1761], [11.3415, 48.1755], [11.3434, 48.1749], [11.3439, 48.1748], [11.3464, 48.1741], [11.3468, 48.1739]], [[11.3468, 48.1739], [11.3486, 48.1734], [11.3499, 48.173], [11.3506, 48.1728], [11.3509, 48.1727], [11.3519, 48.1724], [11.3525, 48.1722], [11.3535, 48.1719], [11.3538, 48.1718], [11.3539, 48.1718], [11.3545, 48.1716], [11.3551, 48.1715], [11.3566, 48.1711], [11.3567, 48.171], [11.3574, 48.1708], [11.3579, 48.1707], [11.3583, 48.1706], [11.3587, 48.1705], [11.3591, 48.1704]], [[11.3591, 48.1704], [11.3632, 48.1692], [11.3639, 48.169], [11.3689, 48.1676], [11.3718, 48.1667], [11.3737, 48.1662], [11.3738, 48.1661], [11.3758, 48.1656], [11.3787, 48.1647], [11.3789, 48.1647], [11.3817, 48.1639], [11.3834, 48.1634], [11.3837, 48.1633], [11.3866, 48.1624], [11.3886, 48.1619], [11.3911, 48.1611], [11.3915, 48.161], [11.3925, 48.1607], [11.3935, 48.1604], [11.3936, 48.1604], [11.3964, 48.1596], [11.3984, 48.159], [11.4004, 48.1585], [11.401, 48.1583], [11.4033, 48.1576], [11.4042, 48.1574], [11.4048, 48.1572], [11.4053, 48.157], [11.4059, 48.1569], [11.4062, 48.1568], [11.4063, 48.1568], [11.4066, 48.1568], [11.4068, 48.1567], [11.4072, 48.1566], [11.4076, 48.1566], [11.4081, 48.1565], [11.4084, 48.1565], [11.409, 48.1564], [11.4096, 48.1563], [11.4097, 48.1563], [11.4108, 48.1562]], [[11.4108, 48.1562], [11.411, 48.1561], [11.4133, 48.1559], [11.4138, 48.1559], [11.4141, 48.1558], [11.4154, 48.1557], [11.4156, 48.1557], [11.416, 48.1557], [11.4189, 48.1554], [11.4217, 48.1552], [11.4269, 48.1547], [11.4285, 48.1545], [11.4298, 48.1544], [11.432, 48.1542], [11.4337, 48.154], [11.4351, 48.1539], [11.4355, 48.1539], [11.4356, 48.1538], [11.4357, 48.1538], [11.4375, 48.1537], [11.439, 48.1535]], [[11.4439, 48.1531], [11.4436, 48.1531], [11.4426, 48.1532], [11.441, 48.1533], [11.4406, 48.1534], [11.44, 48.1534], [11.439, 48.1535]], [[11.4457, 48.1529], [11.4456, 48.1529], [11.4449, 48.153], [11.4439, 48.1531]], [[11.4457, 48.1529], [11.4467, 48.1528], [11.4471, 48.1527], [11.4474, 48.1527], [11.4481, 48.1526], [11.4487, 48.1525], [11.4495, 48.1525], [11.4509, 48.1523]], [[11.4509, 48.1523], [11.4514, 48.1522]], [[11.4514, 48.1522], [11.4517, 48.1522], [11.453, 48.152]], [[11.453, 48.152], [11.4534, 48.152], [11.4543, 48.1519], [11.4545, 48.1519], [11.4549, 48.1518], [11.4554, 48.1517]], [[11.4554, 48.1517], [11.4557, 48.1517], [11.4557, 48.1516]], [[11.4557, 48.1516], [11.4559, 48.1516]], [[11.4559, 48.1516], [11.4562, 48.1515], [11.4567, 48.1514]], [[11.4567, 48.1514], [11.4573, 48.1513]], [[11.4573, 48.1513], [11.4574, 48.1512], [11.4579, 48.1511], [11.458, 48.151]], [[11.458, 48.151], [11.459, 48.1507], [11.4602, 48.1503], [11.4603, 48.1503], [11.4609, 48.1501], [11.4616, 48.1499], [11.4624, 48.1496], [11.4628, 48.1495], [11.463, 48.1494]], [[11.463, 48.1494], [11.4634, 48.1493]], [[11.4634, 48.1493], [11.4639, 48.1492], [11.4648, 48.1489], [11.4663, 48.1484], [11.4668, 48.1482], [11.4672, 48.1481]], [[11.4672, 48.1481], [11.468, 48.1479]], [[11.468, 48.1479], [11.4689, 48.1476], [11.469, 48.1475], [11.4692, 48.1475], [11.4696, 48.1474], [11.4698, 48.1473], [11.4705, 48.1471], [11.4712, 48.147], [11.4716, 48.147], [11.472, 48.1469], [11.4725, 48.1468], [11.4734, 48.1468], [11.4738, 48.1467], [11.474, 48.1467], [11.4749, 48.1466]], [[11.4749, 48.1466], [11.4753, 48.1466], [11.4783, 48.1464], [11.4786, 48.1464], [11.4805, 48.1462], [11.4814, 48.1462], [11.4844, 48.1459]], [[11.4844, 48.1459], [11.4863, 48.1458], [11.4873, 48.1457], [11.4875, 48.1457], [11.4877, 48.1457], [11.4882, 48.1457], [11.4885, 48.1457], [11.4893, 48.1457], [11.49, 48.1457]], [[11.49, 48.1457], [11.4907, 48.1457], [11.4915, 48.1457]], [[11.4915, 48.1457], [11.4918, 48.1457], [11.4925, 48.1457], [11.493, 48.1456], [11.4937, 48.1455]], [[11.4937, 48.1455], [11.4938, 48.1455], [11.4946, 48.1454], [11.4951, 48.1453], [11.4969, 48.145], [11.4977, 48.1449], [11.4981, 48.1449]], [[11.4981, 48.1449], [11.5016, 48.1445], [11.5023, 48.1444], [11.5025, 48.1444], [11.5026, 48.1444], [11.5027, 48.1444], [11.5034, 48.1443], [11.5041, 48.1442], [11.5044, 48.1442], [11.5056, 48.1441], [11.5057, 48.1441], [11.507, 48.1439], [11.5075, 48.1439]], [[11.5075, 48.1439], [11.5076, 48.1439], [11.5098, 48.1436], [11.51, 48.1436], [11.5109, 48.1435], [11.5111, 48.1435], [11.5114, 48.1435]], [[11.5114, 48.1435], [11.5117, 48.1435], [11.5121, 48.1434], [11.5124, 48.1434], [11.5126, 48.1434], [11.5132, 48.1434], [11.5135, 48.1434], [11.5137, 48.1434], [11.5141, 48.1434], [11.5146, 48.1434]], [[11.5146, 48.1434], [11.5149, 48.1434], [11.5158, 48.1435]], [[11.5158, 48.1435], [11.516, 48.1435], [11.5168, 48.1435], [11.5171, 48.1435], [11.5173, 48.1435], [11.5177, 48.1436], [11.5179, 48.1436], [11.5183, 48.1435], [11.5187, 48.1435], [11.5194, 48.1435], [11.5196, 48.1435], [11.5198, 48.1435], [11.52, 48.1435], [11.5209, 48.1434], [11.5211, 48.1434]], [[11.5211, 48.1434], [11.5216, 48.1433], [11.5224, 48.1433], [11.5228, 48.1432], [11.527, 48.1429], [11.5278, 48.1429], [11.5282, 48.1428], [11.5295, 48.1427], [11.5299, 48.1427], [11.5307, 48.1427], [11.531, 48.1427], [11.5314, 48.1427], [11.5319, 48.1427], [11.5323, 48.1427], [11.5327, 48.1427], [11.5329, 48.1427], [11.5337, 48.1427]], [[11.5337, 48.1427], [11.5339, 48.1427], [11.534, 48.1426], [11.5346, 48.1426], [11.535, 48.1426], [11.5352, 48.1426], [11.5353, 48.1426], [11.5356, 48.1426], [11.5358, 48.1426], [11.5365, 48.1426], [11.5368, 48.1426], [11.5372, 48.1426], [11.5375, 48.1427], [11.5377, 48.1426], [11.5379, 48.1426], [11.538, 48.1426], [11.5381, 48.1426], [11.5385, 48.1426], [11.5387, 48.1426], [11.5389, 48.1426]], [[11.5389, 48.1426], [11.5404, 48.1425]], [[11.5404, 48.1425], [11.5405, 48.1425], [11.5408, 48.1425]], [[11.5408, 48.1425], [11.5413, 48.1424], [11.5417, 48.1424], [11.5423, 48.1424], [11.5434, 48.1423], [11.5435, 48.1423], [11.5437, 48.1423], [11.5445, 48.1422]], [[11.5445, 48.1422], [11.5446, 48.1422], [11.545, 48.1422], [11.5453, 48.1422], [11.5467, 48.142], [11.5471, 48.142], [11.5472, 48.142]], [[11.5472, 48.142], [11.5473, 48.142], [11.5477, 48.142], [11.548, 48.1419], [11.5484, 48.1419], [11.5486, 48.1419], [11.5488, 48.1419], [11.5491, 48.1419], [11.5493, 48.1419], [11.5495, 48.1418], [11.5497, 48.1418], [11.5499, 48.1418], [11.55, 48.1418]], [[11.55, 48.1418], [11.5501, 48.1418], [11.5502, 48.1418], [11.5505, 48.1418], [11.5507, 48.1419], [11.551, 48.1419]], [[11.551, 48.1419], [11.5512, 48.1419], [11.5515, 48.1419], [11.5518, 48.1419], [11.552, 48.142], [11.5523, 48.142]], [[11.6009, 48.1256], [11.6011, 48.1256], [11.6014, 48.1257], [11.6018, 48.1257]], [[11.6025, 48.1259], [11.6026, 48.126], [11.6027, 48.126], [11.6029, 48.1261], [11.603, 48.1262], [11.6031, 48.1262]], [[11.6031, 48.1262], [11.6037, 48.1265], [11.6038, 48.1266], [11.6043, 48.1269], [11.6044, 48.1269], [11.6049, 48.1273], [11.6054, 48.1276]], [[11.6054, 48.1276], [11.6055, 48.1277], [11.6064, 48.1283]], [[11.6064, 48.1283], [11.6065, 48.1283], [11.6067, 48.1285], [11.6068, 48.1286], [11.6073, 48.1289]], [[11.6073, 48.1289], [11.6076, 48.1291], [11.609, 48.13], [11.6094, 48.1303]], [[11.6094, 48.1303], [11.6101, 48.1309], [11.6103, 48.131], [11.6107, 48.1313], [11.6112, 48.1317], [11.6115, 48.132], [11.6118, 48.1323], [11.612, 48.1324], [11.6122, 48.1326], [11.6124, 48.1327], [11.6127, 48.1329]], [[11.6127, 48.1329], [11.613, 48.1331], [11.6132, 48.1332], [11.6133, 48.1332], [11.6135, 48.1333], [11.6136, 48.1334], [11.6137, 48.1334], [11.6139, 48.1335], [11.6142, 48.1336], [11.6144, 48.1337], [11.6146, 48.1338], [11.6149, 48.1338], [11.615, 48.1339], [11.6152, 48.1339], [11.6154, 48.134], [11.6158, 48.1341], [11.616, 48.1342], [11.6162, 48.1342], [11.6163, 48.1342], [11.6164, 48.1342]], [[11.6164, 48.1342], [11.6167, 48.1343], [11.6169, 48.1343], [11.6174, 48.1344], [11.6179, 48.1344], [11.6181, 48.1345], [11.6185, 48.1345], [11.6195, 48.1347], [11.6202, 48.1348]], [[11.6202, 48.1348], [11.6208, 48.1349], [11.6211, 48.1349], [11.6213, 48.1349], [11.6216, 48.1349], [11.6219, 48.1349], [11.6224, 48.1349]], [[11.6224, 48.1349], [11.6226, 48.1349]], [[11.6226, 48.1349], [11.6227, 48.1349], [11.623, 48.1349], [11.6233, 48.1348]], [[11.6233, 48.1348], [11.6262, 48.1346], [11.6267, 48.1346], [11.6275, 48.1345], [11.6288, 48.1344], [11.6302, 48.1343], [11.6314, 48.1341], [11.632, 48.1341]], [[11.632, 48.1341], [11.6321, 48.1341], [11.6327, 48.134], [11.6335, 48.1339]], [[11.6335, 48.1339], [11.6349, 48.1338], [11.635, 48.1338], [11.6356, 48.1337], [11.6364, 48.1337]], [[11.6364, 48.1337], [11.6389, 48.1334]], [[11.6389, 48.1334], [11.6394, 48.1334], [11.6407, 48.1333], [11.6411, 48.1332]], [[11.6411, 48.1332], [11.6415, 48.1332], [11.6419, 48.1331], [11.6426, 48.133], [11.6447, 48.1326], [11.6457, 48.1325], [11.6458, 48.1324], [11.6469, 48.1322], [11.6475, 48.1321], [11.648, 48.132], [11.649, 48.1317], [11.6496, 48.1315], [11.6501, 48.1313], [11.6503, 48.1312], [11.6504, 48.1312], [11.6507, 48.1311], [11.651, 48.1309], [11.6512, 48.1308], [11.6515, 48.1307]], [[11.6515, 48.1307], [11.6518, 48.1306], [11.6537, 48.1297], [11.6546, 48.1292], [11.6553, 48.1289], [11.6554, 48.1288], [11.6555, 48.1288], [11.6579, 48.1276], [11.6586, 48.1273], [11.6589, 48.1272], [11.659, 48.1271], [11.6593, 48.127], [11.6596, 48.1269], [11.6599, 48.1268], [11.6604, 48.1267]], [[11.6604, 48.1267], [11.6607, 48.1266], [11.661, 48.1265], [11.6616, 48.1264], [11.6619, 48.1263]], [[11.6619, 48.1263], [11.6633, 48.126], [11.6646, 48.1257], [11.6648, 48.1257], [11.6669, 48.1252], [11.6695, 48.1246], [11.6719, 48.1241], [11.672, 48.1241], [11.6724, 48.124], [11.6733, 48.1238], [11.675, 48.1235], [11.676, 48.1233], [11.676, 48.1232], [11.6798, 48.1224], [11.683, 48.1218], [11.6857, 48.1212], [11.6881, 48.1206], [11.6884, 48.1206], [11.6904, 48.1201], [11.6908, 48.1201], [11.6934, 48.1195], [11.6938, 48.1194], [11.6954, 48.1191], [11.6962, 48.1189], [11.6975, 48.1186], [11.6982, 48.1184], [11.6988, 48.1183], [11.7002, 48.118], [11.7003, 48.118], [11.701, 48.1178], [11.7025, 48.1175], [11.7037, 48.1172], [11.7051, 48.1169], [11.7055, 48.1169], [11.7073, 48.1165], [11.7075, 48.1164], [11.7164, 48.1145], [11.7187, 48.114], [11.7201, 48.1137], [11.7209, 48.1135], [11.7233, 48.113], [11.7239, 48.1129], [11.725, 48.1127], [11.7251, 48.1127], [11.7252, 48.1126], [11.7266, 48.1124], [11.7273, 48.1122], [11.728, 48.1121], [11.7287, 48.1119], [11.7292, 48.1118], [11.7295, 48.1117], [11.7311, 48.1114], [11.7314, 48.1113], [11.7322, 48.1111], [11.7324, 48.1111], [11.7334, 48.1109], [11.7336, 48.1108], [11.7345, 48.1106], [11.7347, 48.1106], [11.7348, 48.1106], [11.7355, 48.1104], [11.7361, 48.1102], [11.7393, 48.1095], [11.7399, 48.1094], [11.7426, 48.1088], [11.7428, 48.1088], [11.7442, 48.1085], [11.7446, 48.1084], [11.7464, 48.108], [11.747, 48.1079], [11.7498, 48.1073], [11.7518, 48.1068], [11.7525, 48.1067], [11.7533, 48.1065]], [[11.7533, 48.1065], [11.7542, 48.1063], [11.7549, 48.1061]], [[11.7549, 48.1061], [11.7562, 48.1059], [11.7572, 48.1057], [11.7577, 48.1055], [11.76, 48.105], [11.7603, 48.105], [11.7619, 48.1046], [11.7622, 48.1046], [11.7644, 48.1041], [11.7649, 48.104], [11.7653, 48.1039], [11.7676, 48.1034], [11.768, 48.1033], [11.7696, 48.1029], [11.7703, 48.1028], [11.771, 48.1027], [11.7722, 48.1024], [11.7737, 48.1021], [11.774, 48.102], [11.7752, 48.1017], [11.7791, 48.1009], [11.7831, 48.1], [11.7837, 48.0999], [11.7838, 48.0999], [11.7851, 48.0996], [11.7856, 48.0995], [11.787, 48.0992], [11.7881, 48.0989], [11.7883, 48.0989], [11.7891, 48.0987], [11.79, 48.0985], [11.7942, 48.0976], [11.7983, 48.0967], [11.8009, 48.0961], [11.8014, 48.096]], [[11.8014, 48.096], [11.8017, 48.096]], [[11.8017, 48.096], [11.8029, 48.0957], [11.8074, 48.0947], [11.8078, 48.0946], [11.8108, 48.094], [11.8128, 48.0935], [11.8158, 48.0929], [11.8188, 48.0923], [11.8198, 48.092]], [[11.8198, 48.092], [11.8202, 48.0919]], [[11.8202, 48.0919], [11.8223, 48.0915], [11.8235, 48.0912], [11.8237, 48.0912], [11.8247, 48.091], [11.8254, 48.0908], [11.826, 48.0907], [11.8279, 48.0904], [11.8285, 48.0903], [11.8287, 48.0902]], [[11.8287, 48.0902], [11.8302, 48.09], [11.8314, 48.0897], [11.8315, 48.0897], [11.8321, 48.0896], [11.8323, 48.0896], [11.8324, 48.0896]], [[11.8324, 48.0896], [11.8333, 48.0894], [11.8335, 48.0894], [11.8342, 48.0892], [11.8344, 48.0892], [11.8357, 48.089]], [[11.8357, 48.089], [11.8399, 48.0882], [11.84, 48.0882], [11.8401, 48.0882], [11.8403, 48.0881], [11.8413, 48.0879], [11.8423, 48.0878], [11.8443, 48.0874], [11.8444, 48.0874], [11.8459, 48.0871], [11.8486, 48.0866], [11.8523, 48.0859], [11.8533, 48.0857], [11.8538, 48.0856], [11.8543, 48.0855], [11.8549, 48.0854], [11.8553, 48.0853], [11.8557, 48.0852], [11.8561, 48.0851], [11.8566, 48.0849], [11.857, 48.0848], [11.8576, 48.0846], [11.8582, 48.0844], [11.8603, 48.0837]], [[11.8603, 48.0837], [11.8611, 48.0834], [11.8625, 48.0829], [11.8639, 48.0824], [11.8651, 48.082]], [[11.8651, 48.082], [11.8657, 48.0818], [11.8659, 48.0817]], [[11.8659, 48.0817], [11.867, 48.0813], [11.8682, 48.0809]], [[11.8682, 48.0809], [11.8707, 48.08], [11.8712, 48.0798], [11.8718, 48.0796], [11.8722, 48.0794], [11.8726, 48.0793], [11.8731, 48.079], [11.8737, 48.0788], [11.8742, 48.0785], [11.8746, 48.0783], [11.875, 48.0781], [11.8755, 48.0778], [11.8767, 48.0771], [11.8783, 48.0762], [11.8797, 48.0754], [11.8811, 48.0745], [11.8817, 48.0742], [11.8828, 48.0735], [11.8847, 48.0725], [11.8862, 48.0716], [11.8873, 48.071], [11.8883, 48.0703], [11.889, 48.0699], [11.8895, 48.0696], [11.89, 48.0693], [11.8903, 48.0691], [11.8906, 48.0689], [11.8909, 48.0688], [11.8912, 48.0686], [11.8916, 48.0684], [11.8919, 48.0683], [11.8923, 48.0682], [11.8926, 48.068], [11.893, 48.0679], [11.8934, 48.0678], [11.8939, 48.0676], [11.8945, 48.0674], [11.8957, 48.0671], [11.8965, 48.0669], [11.8975, 48.0666], [11.9007, 48.0657], [11.9038, 48.0648], [11.9046, 48.0646], [11.9051, 48.0645], [11.9053, 48.0644], [11.9057, 48.0643], [11.906, 48.0641], [11.9063, 48.064], [11.9066, 48.0639], [11.9069, 48.0638], [11.9072, 48.0636], [11.9075, 48.0635], [11.9083, 48.0631], [11.9112, 48.0615], [11.9116, 48.0613], [11.9119, 48.0612], [11.9123, 48.061], [11.9126, 48.0609], [11.9129, 48.0608], [11.9133, 48.0606], [11.9138, 48.0605], [11.9157, 48.0598], [11.9165, 48.0596], [11.9169, 48.0595], [11.9172, 48.0593], [11.9176, 48.0592], [11.9179, 48.0591], [11.9182, 48.0589], [11.9185, 48.0588], [11.9187, 48.0586], [11.919, 48.0585], [11.9193, 48.0583], [11.9198, 48.0581], [11.9214, 48.0571], [11.9228, 48.0563], [11.9251, 48.055], [11.9284, 48.0531]], [[11.9286, 48.053], [11.9308, 48.0517], [11.9319, 48.0511], [11.9325, 48.0507], [11.933, 48.0504], [11.9334, 48.0501], [11.9337, 48.0499], [11.9341, 48.0497], [11.9345, 48.0494], [11.935, 48.0491], [11.9354, 48.0487], [11.9357, 48.0485], [11.936, 48.0483], [11.9363, 48.048], [11.9367, 48.0477], [11.937, 48.0474], [11.9373, 48.0471], [11.9375, 48.0468]], [[11.9375, 48.0468], [11.9376, 48.0467], [11.9378, 48.0465]], [[11.9378, 48.0465], [11.9382, 48.046], [11.9387, 48.0455], [11.9389, 48.0453], [11.939, 48.045]], [[11.939, 48.045], [11.9392, 48.0448], [11.9406, 48.043]], [[11.9406, 48.043], [11.9411, 48.0424], [11.9411, 48.0423]], [[11.9411, 48.0423], [11.9413, 48.042]], [[11.9413, 48.042], [11.9415, 48.0418], [11.9416, 48.0417], [11.9419, 48.0415], [11.942, 48.0414], [11.9422, 48.0413], [11.9424, 48.0412], [11.9428, 48.0411]]]}, "properties": {"ref": "S4", "opened_year": 1972, "is_central_tunnel": false, "segment_count": 291}}, {"type": "Feature", "geometry": {"type": "MultiLineString", "coordinates": [[[11.592, 48.13], [11.5936, 48.1289], [11.5938, 48.1288], [11.594, 48.1287], [11.5939, 48.1286], [11.5937, 48.1287], [11.5936, 48.1288], [11.5935, 48.1288], [11.5935, 48.1289], [11.5919, 48.1299], [11.592, 48.13]], [[11.5823, 48.1348], [11.5822, 48.1348], [11.5824, 48.1347], [11.5825, 48.1346], [11.5831, 48.1342], [11.5838, 48.1337], [11.584, 48.1336], [11.5842, 48.1335], [11.5843, 48.1335], [11.5841, 48.1337], [11.5839, 48.1338], [11.5832, 48.1342], [11.5825, 48.1346], [11.5824, 48.1347], [11.5823, 48.1348]], [[11.6009, 48.1257], [11.6006, 48.1257], [11.6002, 48.1257], [11.5998, 48.1257], [11.5993, 48.1257], [11.5989, 48.1258], [11.5984, 48.126], [11.5978, 48.1263], [11.5946, 48.1282], [11.5944, 48.1284], [11.5941, 48.1286], [11.594, 48.1287], [11.5938, 48.1288], [11.5934, 48.129], [11.5931, 48.1292], [11.5927, 48.1295], [11.592, 48.13], [11.5907, 48.1308], [11.59, 48.1313], [11.5895, 48.1316], [11.5889, 48.1318], [11.5885, 48.132], [11.5868, 48.1324], [11.5865, 48.1325], [11.5856, 48.1329], [11.585, 48.1332], [11.5848, 48.1333], [11.5843, 48.1335], [11.5837, 48.1339], [11.5832, 48.1342], [11.583, 48.1344], [11.5823, 48.1348], [11.5819, 48.1351], [11.5817, 48.1352], [11.5814, 48.1353], [11.5811, 48.1355], [11.5806, 48.1356], [11.58, 48.1358]], [[11.58, 48.1358], [11.5782, 48.1363], [11.5776, 48.1365], [11.5767, 48.1368], [11.5765, 48.1369], [11.576, 48.137], [11.5756, 48.1371], [11.5749, 48.1373], [11.5742, 48.1374], [11.5733, 48.1376], [11.5727, 48.1378], [11.572, 48.138], [11.5714, 48.1382], [11.5707, 48.1383]], [[11.5707, 48.1383], [11.5702, 48.1384], [11.5691, 48.1385], [11.5684, 48.1386], [11.5678, 48.1387], [11.5672, 48.1389], [11.5669, 48.139], [11.5667, 48.1391], [11.5666, 48.1391], [11.5664, 48.1392], [11.5663, 48.1392], [11.5661, 48.1393], [11.566, 48.1394], [11.5659, 48.1394], [11.5658, 48.1395], [11.5657, 48.1396], [11.5654, 48.1397], [11.5653, 48.1397], [11.5652, 48.1398], [11.565, 48.1399], [11.5647, 48.14], [11.5643, 48.1401], [11.5639, 48.1402], [11.5619, 48.1409]], [[11.5619, 48.1409], [11.5612, 48.141], [11.5612, 48.1411], [11.5611, 48.1411], [11.5605, 48.1412], [11.5602, 48.1413], [11.5597, 48.1414]], [[11.5597, 48.1414], [11.5595, 48.1414], [11.5592, 48.1415]], [[11.5592, 48.1415], [11.5591, 48.1415]], [[11.5591, 48.1415], [11.5583, 48.1417], [11.5579, 48.1418], [11.5576, 48.1419], [11.5571, 48.142], [11.5568, 48.142], [11.5565, 48.142], [11.5563, 48.1421], [11.5561, 48.1421], [11.5557, 48.1422], [11.5554, 48.1423], [11.5551, 48.1423], [11.5547, 48.1423], [11.5545, 48.1423], [11.5542, 48.1423], [11.5539, 48.1423], [11.5535, 48.1423], [11.5534, 48.1423], [11.553, 48.1422], [11.5528, 48.1422], [11.5523, 48.1421]], [[11.5608, 48.141], [11.5599, 48.1412], [11.5595, 48.1413], [11.5588, 48.1414], [11.5582, 48.1416], [11.5596, 48.1413], [11.56, 48.1412], [11.5608, 48.141], [11.5611, 48.141], [11.5611, 48.1409], [11.561, 48.1409], [11.5609, 48.141], [11.5608, 48.141]], [[11.5523, 48.142], [11.5531, 48.1422], [11.5535, 48.1422], [11.5539, 48.1423], [11.5542, 48.1423], [11.5544, 48.1423], [11.5547, 48.1423], [11.5551, 48.1422], [11.5553, 48.1422], [11.5557, 48.1422], [11.5561, 48.1421], [11.5566, 48.142], [11.5569, 48.1419], [11.5571, 48.1419], [11.5575, 48.1418], [11.5577, 48.1417], [11.5583, 48.1416], [11.559, 48.1415], [11.559, 48.1414]], [[11.559, 48.1414], [11.5591, 48.1414]], [[11.5591, 48.1414], [11.5598, 48.1413], [11.5602, 48.1412], [11.5611, 48.141], [11.5619, 48.1408]], [[11.5619, 48.1408], [11.5639, 48.1402], [11.5644, 48.14], [11.5647, 48.1399], [11.5647, 48.1398], [11.5651, 48.1397], [11.5652, 48.1397], [11.5657, 48.1394], [11.5658, 48.1393], [11.5661, 48.1392], [11.5663, 48.1391], [11.5666, 48.139], [11.5672, 48.1388], [11.5678, 48.1387], [11.5684, 48.1386], [11.5691, 48.1385], [11.5702, 48.1384], [11.5707, 48.1383]], [[11.5707, 48.1383], [11.5713, 48.1382], [11.572, 48.138], [11.5726, 48.1378], [11.5732, 48.1376], [11.5733, 48.1376], [11.5756, 48.1371], [11.5759, 48.137], [11.5764, 48.1368], [11.5775, 48.1364], [11.5778, 48.1363], [11.5782, 48.1362], [11.58, 48.1358]], [[11.58, 48.1358], [11.5806, 48.1356], [11.581, 48.1354], [11.5812, 48.1353], [11.5815, 48.1352], [11.5818, 48.135], [11.5822, 48.1348], [11.5831, 48.1341], [11.5842, 48.1335], [11.5844, 48.1333], [11.5847, 48.1332], [11.5851, 48.133], [11.5855, 48.1328], [11.5864, 48.1324], [11.5867, 48.1323], [11.5882, 48.132], [11.5884, 48.1319], [11.5888, 48.1318], [11.5894, 48.1315], [11.59, 48.1312], [11.5906, 48.1308], [11.5918, 48.1299], [11.5919, 48.1299], [11.593, 48.1291], [11.5937, 48.1287], [11.5939, 48.1286], [11.5939, 48.1285], [11.5952, 48.1278], [11.5978, 48.1262], [11.5983, 48.126], [11.5985, 48.1259], [11.5989, 48.1258], [11.5993, 48.1257], [11.5997, 48.1256], [11.6002, 48.1256], [11.6004, 48.1256], [11.6006, 48.1256], [11.6009, 48.1256]], [[11.6018, 48.1257], [11.602, 48.1258], [11.6023, 48.1259], [11.6025, 48.1259]]]}, "properties": {"ref": "S4", "opened_year": 1972, "is_central_tunnel": true, "segment_count": 17}}, {"type": "Feature", "geometry": {"type": "MultiLineString", "coordinates": [[[11.2508, 48.0772], [11.2535, 48.0777], [11.2507, 48.0772], [11.2508, 48.0772]], [[11.2898, 48.0998], [11.2881, 48.0984], [11.2881, 48.0983], [11.2882, 48.0985], [11.2883, 48.0985], [11.2888, 48.0989], [11.2889, 48.0989], [11.2889, 48.099], [11.2899, 48.0998], [11.2898, 48.0998]], [[11.2985, 48.1051], [11.3009, 48.1063], [11.3009, 48.1064], [11.2985, 48.1051]], [[11.3252, 48.109], [11.3252, 48.1089], [11.3251, 48.109], [11.3246, 48.1091], [11.3245, 48.1092], [11.3227, 48.1098], [11.3245, 48.1092], [11.3246, 48.1092], [11.3252, 48.109]], [[11.3892, 48.134], [11.3892, 48.1341], [11.3889, 48.1339], [11.388, 48.1335], [11.3868, 48.133], [11.3878, 48.1334], [11.3879, 48.1334], [11.388, 48.1335], [11.3883, 48.1336], [11.3886, 48.1337], [11.3886, 48.1338], [11.3889, 48.1339], [11.389, 48.1339], [11.3892, 48.134]], [[11.4117, 48.1402], [11.4116, 48.1402], [11.4107, 48.1401], [11.41, 48.14], [11.4089, 48.1398], [11.4098, 48.1399], [11.41, 48.1399], [11.41, 48.1398], [11.41, 48.1399], [11.4101, 48.1399], [11.4104, 48.14], [11.4106, 48.14], [11.4107, 48.14], [11.4117, 48.1402]], [[11.4204, 48.1414], [11.4221, 48.1416], [11.4222, 48.1416], [11.4223, 48.1417], [11.4229, 48.1417], [11.423, 48.1417], [11.4231, 48.1418], [11.4221, 48.1417], [11.4203, 48.1414], [11.4204, 48.1414]], [[11.5181, 48.1436], [11.5183, 48.1436], [11.5188, 48.1435], [11.519, 48.1435], [11.5192, 48.1435], [11.5195, 48.1435], [11.5199, 48.1435], [11.5209, 48.1434], [11.5209, 48.1435], [11.5199, 48.1436], [11.5197, 48.1436], [11.5195, 48.1436], [11.5192, 48.1436], [11.519, 48.1436], [11.5188, 48.1436], [11.5184, 48.1436], [11.5181, 48.1436]], [[11.6455, 48.0885], [11.6456, 48.0884], [11.6458, 48.0882], [11.6459, 48.0882], [11.6459, 48.0881], [11.6462, 48.0878], [11.6458, 48.0881], [11.6454, 48.0885], [11.6453, 48.0886], [11.6447, 48.0892], [11.6445, 48.0893], [11.6447, 48.0892], [11.6455, 48.0885]], [[11.6767, 48.0645], [11.6769, 48.0644], [11.6772, 48.0642], [11.6773, 48.0641], [11.6786, 48.0632], [11.6787, 48.0632], [11.6786, 48.0632], [11.6773, 48.0641], [11.6769, 48.0644], [11.6767, 48.0645]], [[11.6998, 48.0456], [11.6999, 48.0456], [11.6988, 48.0466], [11.6982, 48.0472], [11.6981, 48.0472], [11.6988, 48.0466], [11.6992, 48.0461], [11.6996, 48.0457], [11.6998, 48.0456]], [[11.7135, 48.0329], [11.7134, 48.0329], [11.7134, 48.0328], [11.7134, 48.0329], [11.7132, 48.0331], [11.7127, 48.0335], [11.7122, 48.034], [11.7119, 48.0343], [11.7118, 48.0344], [11.712, 48.0343], [11.7121, 48.0342], [11.7135, 48.0329]], [[11.7192, 48.0173], [11.7192, 48.0175], [11.7192, 48.0179], [11.7191, 48.0182], [11.7191, 48.0185], [11.7191, 48.0187], [11.719, 48.0189], [11.719, 48.0191], [11.7191, 48.0191], [11.7191, 48.0187], [11.7193, 48.0173], [11.7192, 48.0173]], [[11.737, 47.9933], [11.737, 47.9934], [11.7369, 47.9934], [11.7367, 47.9938], [11.7365, 47.994], [11.7363, 47.9944], [11.7362, 47.9944], [11.7363, 47.9943], [11.7365, 47.994], [11.7366, 47.9938], [11.7369, 47.9934], [11.7368, 47.9934], [11.7369, 47.9934], [11.737, 47.9933]], [[11.7701, 47.9683], [11.7701, 47.9682], [11.7695, 47.9687], [11.7693, 47.9688], [11.7693, 47.9689], [11.7692, 47.9689], [11.7691, 47.969], [11.7689, 47.9692], [11.7692, 47.969], [11.7693, 47.9689], [11.7695, 47.9688], [11.7701, 47.9683]], [[11.7762, 47.9607], [11.7767, 47.9601], [11.7767, 47.96], [11.7768, 47.96], [11.7767, 47.96], [11.7768, 47.9599], [11.777, 47.9596], [11.7769, 47.9596], [11.7767, 47.9599], [11.7766, 47.9601], [11.7762, 47.9607]], [[11.7813, 47.9457], [11.7813, 47.9458], [11.7813, 47.9459], [11.7812, 47.9459], [11.7812, 47.9461], [11.781, 47.947], [11.7811, 47.947], [11.7812, 47.9461], [11.7813, 47.9459], [11.7814, 47.9459], [11.7813, 47.9459], [11.7813, 47.9458], [11.7813, 47.9457]], [[11.7599, 47.9179], [11.7594, 47.9173], [11.7593, 47.9173], [11.7594, 47.9172], [11.7591, 47.9169], [11.7591, 47.9168], [11.7594, 47.9172], [11.7599, 47.9179]], [[11.2521, 48.0774], [11.2532, 48.0776]], [[11.2532, 48.0776], [11.2536, 48.0777], [11.2549, 48.078], [11.2554, 48.0781], [11.2558, 48.0781], [11.2561, 48.0782], [11.2563, 48.0783], [11.2566, 48.0784], [11.2571, 48.0786], [11.2576, 48.0788], [11.2588, 48.0794], [11.2598, 48.0798], [11.2624, 48.0809], [11.2633, 48.0814], [11.2637, 48.0816], [11.2641, 48.0817], [11.2645, 48.082], [11.2648, 48.0821], [11.2651, 48.0823], [11.2653, 48.0825], [11.2656, 48.0827]], [[11.2656, 48.0827], [11.2658, 48.0828]], [[11.2658, 48.0828], [11.2667, 48.0834], [11.2676, 48.084], [11.2691, 48.085], [11.2706, 48.0861], [11.2735, 48.0881], [11.2786, 48.0916], [11.2798, 48.0924], [11.2811, 48.0933]], [[11.2811, 48.0933], [11.2819, 48.0938]], [[11.2819, 48.0938], [11.2829, 48.0946], [11.2849, 48.0959], [11.2854, 48.0962], [11.2857, 48.0965], [11.286, 48.0967], [11.2864, 48.097], [11.2869, 48.0974], [11.2879, 48.0982]], [[11.2879, 48.0982], [11.2881, 48.0984]], [[11.2881, 48.0984], [11.289, 48.0991], [11.2901, 48.1001], [11.2907, 48.1006], [11.2913, 48.101], [11.2917, 48.1014], [11.2921, 48.1016], [11.2924, 48.1019], [11.2928, 48.1021], [11.2932, 48.1023], [11.2935, 48.1025]], [[11.2935, 48.1025], [11.2939, 48.1027]], [[11.2939, 48.1027], [11.2956, 48.1036]], [[11.2956, 48.1036], [11.297, 48.1043], [11.2985, 48.1051]], [[11.2985, 48.1051], [11.2998, 48.1058], [11.3007, 48.1062]], [[11.3007, 48.1062], [11.3014, 48.1066], [11.3019, 48.1069], [11.3024, 48.1071], [11.3026, 48.1073]], [[11.3026, 48.1073], [11.3029, 48.1074]], [[11.3029, 48.1074], [11.3032, 48.1075], [11.3034, 48.1076], [11.3037, 48.1077], [11.304, 48.1078], [11.3043, 48.1079], [11.3045, 48.1079], [11.3047, 48.108], [11.305, 48.108], [11.3053, 48.108], [11.3056, 48.108], [11.3059, 48.1081], [11.3063, 48.1081], [11.3074, 48.108]], [[11.3074, 48.108], [11.308, 48.108], [11.3085, 48.108], [11.3089, 48.108], [11.3092, 48.108], [11.3095, 48.1081], [11.3097, 48.1081], [11.31, 48.1081], [11.3103, 48.1082], [11.3106, 48.1082], [11.3109, 48.1083], [11.3112, 48.1083], [11.3115, 48.1084], [11.3119, 48.1085], [11.3124, 48.1087], [11.3151, 48.1095], [11.3162, 48.1098], [11.3167, 48.11], [11.3171, 48.1101], [11.3175, 48.1102], [11.3178, 48.1102], [11.3181, 48.1103], [11.3184, 48.1103], [11.3187, 48.1104], [11.319, 48.1104], [11.3193, 48.1104], [11.3195, 48.1104], [11.3198, 48.1104], [11.3201, 48.1104], [11.3204, 48.1104], [11.3207, 48.1103], [11.321, 48.1103], [11.3213, 48.1102], [11.3217, 48.1101]], [[11.3217, 48.1101], [11.322, 48.1101], [11.3227, 48.1098], [11.3246, 48.1092], [11.3253, 48.109], [11.3255, 48.1089], [11.3261, 48.1087], [11.3267, 48.1086], [11.3271, 48.1085], [11.3277, 48.1085], [11.3285, 48.1084], [11.3293, 48.1084], [11.3307, 48.1085], [11.3314, 48.1085], [11.3321, 48.1086], [11.3326, 48.1087], [11.3332, 48.1088], [11.3336, 48.109], [11.334, 48.1092], [11.3345, 48.1094], [11.3349, 48.1097], [11.3351, 48.1099], [11.3354, 48.1102]], [[11.3354, 48.1102], [11.3386, 48.1136], [11.3396, 48.1146], [11.3404, 48.1155], [11.3408, 48.116], [11.3412, 48.1165], [11.342, 48.1175], [11.3428, 48.1186], [11.3435, 48.1194], [11.3441, 48.1203], [11.3445, 48.1207], [11.345, 48.1212], [11.3456, 48.1218], [11.346, 48.1221], [11.3464, 48.1224], [11.3468, 48.1227], [11.3472, 48.1229], [11.3476, 48.1232], [11.348, 48.1234], [11.3485, 48.1237], [11.349, 48.1239], [11.3494, 48.1241], [11.35, 48.1244]], [[11.35, 48.1244], [11.3528, 48.1255], [11.3533, 48.1257], [11.3538, 48.126], [11.3543, 48.1262], [11.3549, 48.1264]], [[11.3549, 48.1264], [11.355, 48.1265]], [[11.355, 48.1265], [11.3561, 48.1269], [11.3571, 48.1274], [11.3575, 48.1276], [11.3579, 48.1277]], [[11.3579, 48.1277], [11.358, 48.1277], [11.3582, 48.1278], [11.3586, 48.1279], [11.359, 48.128], [11.3595, 48.1281], [11.3597, 48.1282], [11.3601, 48.1282], [11.3614, 48.1284], [11.362, 48.1285]], [[11.362, 48.1285], [11.3641, 48.1288], [11.365, 48.1289], [11.3653, 48.129]], [[11.3653, 48.129], [11.3656, 48.129]], [[11.3656, 48.129], [11.3662, 48.1291]], [[11.3662, 48.1291], [11.369, 48.1296], [11.3697, 48.1297], [11.371, 48.1299], [11.3721, 48.1301], [11.3722, 48.1301]], [[11.3722, 48.1301], [11.3724, 48.1302]], [[11.3724, 48.1302], [11.3757, 48.1307]], [[11.3757, 48.1307], [11.3761, 48.1308]], [[11.3761, 48.1308], [11.3763, 48.1308], [11.3812, 48.1316], [11.3828, 48.1318], [11.3833, 48.1319], [11.3838, 48.132], [11.3843, 48.1321], [11.3847, 48.1323], [11.3851, 48.1324], [11.3855, 48.1325], [11.386, 48.1327], [11.3864, 48.1328], [11.3866, 48.1329]], [[11.3866, 48.1329], [11.3867, 48.133]], [[11.3867, 48.133], [11.3872, 48.1332], [11.3877, 48.1334], [11.3884, 48.1337], [11.3892, 48.1341], [11.3895, 48.1342], [11.3897, 48.1343], [11.3898, 48.1343], [11.3903, 48.1346]], [[11.3903, 48.1346], [11.3913, 48.135], [11.3919, 48.1353], [11.392, 48.1353], [11.3924, 48.1355], [11.3926, 48.1356], [11.3928, 48.1357], [11.3931, 48.1358], [11.3936, 48.1359], [11.3941, 48.1361], [11.3943, 48.1362], [11.3944, 48.1362], [11.3957, 48.1366], [11.3963, 48.1368], [11.3972, 48.1371]], [[11.3972, 48.1371], [11.3982, 48.1374]], [[11.3982, 48.1374], [11.3991, 48.1376], [11.3997, 48.1378], [11.4003, 48.138], [11.401, 48.1382], [11.4012, 48.1383], [11.4014, 48.1383], [11.4016, 48.1384]], [[11.4016, 48.1384], [11.4025, 48.1387]], [[11.4025, 48.1387], [11.4028, 48.1388], [11.4031, 48.1389], [11.4035, 48.139], [11.404, 48.1391], [11.4043, 48.1391], [11.4048, 48.1392], [11.4053, 48.1393], [11.4057, 48.1394], [11.4068, 48.1395]], [[11.4068, 48.1395], [11.4078, 48.1397]], [[11.4078, 48.1397], [11.4084, 48.1398]], [[11.4084, 48.1398], [11.4088, 48.1398], [11.4101, 48.14], [11.4117, 48.1402]], [[11.4117, 48.1402], [11.412, 48.1403], [11.4122, 48.1403]], [[11.4122, 48.1403], [11.4126, 48.1403], [11.4141, 48.1406], [11.4152, 48.1407], [11.4173, 48.141], [11.4194, 48.1413], [11.4199, 48.1414], [11.4208, 48.1415], [11.4218, 48.1416], [11.4221, 48.1417], [11.4233, 48.1418], [11.424, 48.1419], [11.4241, 48.142], [11.4242, 48.142], [11.4246, 48.142], [11.4255, 48.1422], [11.4259, 48.1422], [11.4263, 48.1422], [11.4266, 48.1423], [11.427, 48.1423], [11.4274, 48.1423], [11.4284, 48.1424], [11.4298, 48.1425], [11.43, 48.1425], [11.4305, 48.1425], [11.4309, 48.1425], [11.4312, 48.1426], [11.4317, 48.1426]], [[11.4317, 48.1426], [11.4322, 48.1427]], [[11.4322, 48.1427], [11.4323, 48.1427], [11.4342, 48.1429], [11.4351, 48.143], [11.4355, 48.143], [11.4361, 48.1431], [11.4364, 48.1431]], [[11.4364, 48.1431], [11.4369, 48.1432], [11.4372, 48.1432], [11.4374, 48.1433], [11.4375, 48.1433], [11.4377, 48.1434], [11.4378, 48.1434], [11.438, 48.1434], [11.4381, 48.1435], [11.4382, 48.1435], [11.4383, 48.1436], [11.4385, 48.1436], [11.4386, 48.1437], [11.4389, 48.1438], [11.4391, 48.144], [11.4393, 48.1441], [11.4396, 48.1442], [11.4398, 48.1444], [11.4399, 48.1445], [11.4402, 48.1447], [11.4405, 48.145], [11.441, 48.1456]], [[11.441, 48.1456], [11.4412, 48.1458]], [[11.4412, 48.1458], [11.4415, 48.1461], [11.4416, 48.1462], [11.4417, 48.1464], [11.4418, 48.1465], [11.4419, 48.1466], [11.4421, 48.1469], [11.4422, 48.147], [11.4422, 48.1471], [11.4424, 48.1472], [11.4425, 48.1474], [11.4425, 48.1475], [11.4427, 48.1476], [11.4428, 48.1478], [11.443, 48.148], [11.4432, 48.1482]], [[11.4432, 48.1482], [11.4433, 48.1483], [11.4434, 48.1484], [11.4437, 48.1487]], [[11.4437, 48.1487], [11.4438, 48.1488], [11.444, 48.149]], [[11.444, 48.149], [11.4442, 48.1491], [11.4443, 48.1492], [11.4443, 48.1493], [11.4446, 48.1495], [11.445, 48.1497]], [[11.445, 48.1497], [11.4454, 48.15], [11.4459, 48.1502], [11.4464, 48.1504], [11.4467, 48.1506], [11.447, 48.1507], [11.4474, 48.1509], [11.4478, 48.151], [11.4481, 48.151], [11.4496, 48.1515], [11.4497, 48.1515], [11.4508, 48.1518], [11.4512, 48.1519], [11.4513, 48.1519], [11.4516, 48.1519], [11.4518, 48.152], [11.4521, 48.152], [11.4524, 48.1521], [11.4526, 48.1521], [11.4529, 48.1521], [11.4533, 48.1521], [11.4535, 48.1521], [11.4538, 48.1521], [11.4541, 48.1521], [11.4544, 48.1521], [11.4547, 48.152], [11.4551, 48.1519], [11.4554, 48.1519], [11.4556, 48.1518], [11.4558, 48.1518], [11.456, 48.1517]], [[11.456, 48.1517], [11.4568, 48.1515]], [[11.4568, 48.1515], [11.4572, 48.1514]], [[11.4572, 48.1514], [11.4575, 48.1513], [11.4578, 48.1512], [11.458, 48.1511], [11.4591, 48.1508], [11.4597, 48.1506], [11.4602, 48.1504], [11.461, 48.1502], [11.4616, 48.15], [11.4624, 48.1497], [11.4628, 48.1496], [11.4629, 48.1496], [11.463, 48.1496]], [[11.463, 48.1496], [11.4631, 48.1495]], [[11.4631, 48.1495], [11.4644, 48.1491], [11.465, 48.1489], [11.4664, 48.1484]], [[11.4664, 48.1484], [11.4666, 48.1483], [11.4672, 48.1481]], [[11.4672, 48.1481], [11.468, 48.1479]], [[11.468, 48.1479], [11.4689, 48.1476], [11.469, 48.1475], [11.4692, 48.1475], [11.4696, 48.1474], [11.4698, 48.1473], [11.4705, 48.1471], [11.4712, 48.147], [11.4716, 48.147], [11.472, 48.1469], [11.4725, 48.1468], [11.4734, 48.1468], [11.4738, 48.1467], [11.474, 48.1467], [11.4749, 48.1466]], [[11.4749, 48.1466], [11.4753, 48.1466], [11.4783, 48.1464], [11.4786, 48.1464], [11.4805, 48.1462], [11.4814, 48.1462], [11.4844, 48.1459]], [[11.4844, 48.1459], [11.4863, 48.1458], [11.4873, 48.1457], [11.4875, 48.1457], [11.4877, 48.1457], [11.4882, 48.1457], [11.4885, 48.1457], [11.4893, 48.1457], [11.49, 48.1457]], [[11.49, 48.1457], [11.4907, 48.1457], [11.4915, 48.1457]], [[11.4915, 48.1457], [11.4918, 48.1457], [11.4925, 48.1457], [11.493, 48.1456], [11.4937, 48.1455]], [[11.4937, 48.1455], [11.4938, 48.1455], [11.4946, 48.1454], [11.4951, 48.1453], [11.4969, 48.145], [11.4977, 48.1449], [11.4981, 48.1449]], [[11.4981, 48.1449], [11.5016, 48.1445], [11.5023, 48.1444], [11.5025, 48.1444], [11.5026, 48.1444], [11.5027, 48.1444], [11.5034, 48.1443], [11.5041, 48.1442], [11.5044, 48.1442], [11.5056, 48.1441], [11.5057, 48.1441], [11.507, 48.1439], [11.5075, 48.1439]], [[11.5075, 48.1439], [11.5076, 48.1439], [11.5098, 48.1436], [11.51, 48.1436], [11.5109, 48.1435], [11.5111, 48.1435], [11.5114, 48.1435]], [[11.5114, 48.1435], [11.5117, 48.1435], [11.5121, 48.1434], [11.5124, 48.1434], [11.5126, 48.1434], [11.5132, 48.1434], [11.5135, 48.1434], [11.5137, 48.1434], [11.5141, 48.1434], [11.5146, 48.1434]], [[11.5146, 48.1434], [11.5149, 48.1434], [11.5158, 48.1435]], [[11.5158, 48.1435], [11.516, 48.1435], [11.5168, 48.1435], [11.5171, 48.1435], [11.5173, 48.1435], [11.5177, 48.1436], [11.5179, 48.1436], [11.5183, 48.1435], [11.5187, 48.1435], [11.5194, 48.1435], [11.5196, 48.1435], [11.5198, 48.1435], [11.52, 48.1435], [11.5209, 48.1434], [11.5211, 48.1434]], [[11.5211, 48.1434], [11.5216, 48.1433], [11.5224, 48.1433], [11.5228, 48.1432], [11.527, 48.1429], [11.5278, 48.1429], [11.5282, 48.1428], [11.5295, 48.1427], [11.5299, 48.1427], [11.5307, 48.1427], [11.531, 48.1427], [11.5314, 48.1427], [11.5319, 48.1427], [11.5323, 48.1427], [11.5327, 48.1427], [11.5329, 48.1427], [11.5337, 48.1427]], [[11.5337, 48.1427], [11.5339, 48.1427], [11.534, 48.1426], [11.5346, 48.1426], [11.535, 48.1426], [11.5352, 48.1426], [11.5353, 48.1426], [11.5356, 48.1426], [11.5358, 48.1426], [11.5365, 48.1426], [11.5368, 48.1426], [11.5372, 48.1426], [11.5375, 48.1427], [11.5377, 48.1426], [11.5379, 48.1426], [11.538, 48.1426], [11.5381, 48.1426], [11.5385, 48.1426], [11.5387, 48.1426], [11.5389, 48.1426]], [[11.5389, 48.1426], [11.5404, 48.1425]], [[11.5404, 48.1425], [11.5405, 48.1425], [11.5408, 48.1425]], [[11.5408, 48.1425], [11.5413, 48.1424], [11.5417, 48.1424], [11.5423, 48.1424], [11.5434, 48.1423], [11.5435, 48.1423], [11.5437, 48.1423], [11.5445, 48.1422]], [[11.5445, 48.1422], [11.5446, 48.1422], [11.545, 48.1422], [11.5453, 48.1422], [11.5467, 48.142], [11.5471, 48.142], [11.5472, 48.142]], [[11.5472, 48.142], [11.5473, 48.142], [11.5477, 48.142], [11.548, 48.1419], [11.5484, 48.1419], [11.5486, 48.1419], [11.5488, 48.1419], [11.5491, 48.1419], [11.5493, 48.1419], [11.5495, 48.1418], [11.5497, 48.1418], [11.5499, 48.1418], [11.55, 48.1418]], [[11.55, 48.1418], [11.5501, 48.1418], [11.5502, 48.1418], [11.5505, 48.1418], [11.5507, 48.1419], [11.551, 48.1419]], [[11.551, 48.1419], [11.5512, 48.1419], [11.5515, 48.1419], [11.5518, 48.1419], [11.552, 48.142], [11.5523, 48.142]], [[11.6009, 48.1256], [11.6011, 48.1256], [11.6014, 48.1257], [11.6018, 48.1257]], [[11.6025, 48.1259], [11.6026, 48.126], [11.6027, 48.126], [11.6029, 48.1261], [11.603, 48.1262], [11.6031, 48.1262]], [[11.6031, 48.1262], [11.6036, 48.1265], [11.6041, 48.1268]], [[11.6041, 48.1268], [11.6043, 48.1269], [11.6053, 48.1276]], [[11.6041, 48.1268], [11.6038, 48.1267], [11.6036, 48.1266], [11.6033, 48.1264], [11.6031, 48.1263], [11.6028, 48.1262]], [[11.6028, 48.1262], [11.6025, 48.126], [11.6021, 48.1258], [11.6018, 48.1256], [11.6012, 48.1252], [11.6009, 48.125]], [[11.6009, 48.125], [11.6002, 48.1244], [11.5995, 48.1239], [11.5989, 48.1234], [11.5984, 48.1231], [11.5983, 48.123], [11.5978, 48.1226], [11.5974, 48.1222], [11.597, 48.1219], [11.5967, 48.1215], [11.5966, 48.1213], [11.5965, 48.1211]], [[11.5965, 48.1211], [11.5963, 48.1208], [11.5963, 48.1206], [11.5962, 48.1202], [11.5961, 48.12], [11.5961, 48.1197], [11.596, 48.1195], [11.596, 48.1191], [11.5959, 48.1189], [11.5959, 48.1187]], [[11.5959, 48.1187], [11.5958, 48.1184]], [[11.5958, 48.1184], [11.5957, 48.118], [11.5956, 48.1176]], [[11.5956, 48.1176], [11.5956, 48.1175], [11.5954, 48.1171], [11.5953, 48.1165], [11.5953, 48.1163], [11.5952, 48.1161], [11.5952, 48.1159], [11.5952, 48.1158], [11.5952, 48.1155], [11.5952, 48.1152], [11.5952, 48.1151]], [[11.5952, 48.1151], [11.5952, 48.1149]], [[11.5952, 48.1149], [11.5952, 48.1147], [11.5952, 48.1144], [11.5953, 48.1139], [11.5954, 48.1135], [11.5955, 48.113], [11.5957, 48.1124], [11.5959, 48.112], [11.5959, 48.1119], [11.5963, 48.1112], [11.5964, 48.1108], [11.5965, 48.1106], [11.5968, 48.1101], [11.5968, 48.11], [11.5972, 48.109], [11.5974, 48.1086]], [[11.5974, 48.1086], [11.5977, 48.1079], [11.5979, 48.1074]], [[11.5979, 48.1074], [11.598, 48.1072]], [[11.598, 48.1072], [11.5982, 48.1068], [11.5984, 48.1063], [11.5988, 48.1055], [11.599, 48.105], [11.599, 48.1049], [11.5997, 48.1035], [11.5997, 48.1034]], [[11.5997, 48.1034], [11.5999, 48.1031]], [[11.5999, 48.1031], [11.6, 48.1029], [11.6001, 48.1027], [11.6002, 48.1024], [11.6004, 48.1022], [11.6005, 48.102], [11.6007, 48.1017], [11.6008, 48.1016]], [[11.6008, 48.1016], [11.6014, 48.1008], [11.6017, 48.1005], [11.6017, 48.1004], [11.6021, 48.0998], [11.6024, 48.0993], [11.6031, 48.0982], [11.6033, 48.098], [11.6035, 48.0977], [11.604, 48.0969], [11.6041, 48.0967], [11.6043, 48.0965], [11.6044, 48.0963], [11.6046, 48.0961], [11.6047, 48.096]], [[11.6047, 48.096], [11.6049, 48.0958], [11.6051, 48.0957], [11.6052, 48.0956], [11.6054, 48.0955], [11.6055, 48.0954], [11.6056, 48.0953], [11.6058, 48.0953], [11.606, 48.0952], [11.6062, 48.0951], [11.6065, 48.0949], [11.6066, 48.0949], [11.6068, 48.0948], [11.607, 48.0948], [11.6072, 48.0947], [11.6074, 48.0947], [11.6076, 48.0946], [11.6078, 48.0946], [11.6081, 48.0945], [11.6083, 48.0945], [11.6088, 48.0945], [11.6093, 48.0945]], [[11.6093, 48.0945], [11.6095, 48.0945]], [[11.6095, 48.0945], [11.6096, 48.0944]], [[11.6096, 48.0944], [11.6105, 48.0944], [11.6125, 48.0943], [11.6135, 48.0943], [11.6147, 48.0942]], [[11.6147, 48.0942], [11.6153, 48.0942]], [[11.6153, 48.0942], [11.6189, 48.0941], [11.6198, 48.094], [11.6207, 48.094], [11.6208, 48.094], [11.6214, 48.094], [11.6226, 48.0939], [11.6248, 48.0938], [11.625, 48.0938], [11.6251, 48.0938], [11.6252, 48.0938], [11.626, 48.0938], [11.6269, 48.0937], [11.6274, 48.0937], [11.6277, 48.0937], [11.6279, 48.0937], [11.6282, 48.0937], [11.6282, 48.0936], [11.6283, 48.0936], [11.6284, 48.0936], [11.629, 48.0936], [11.6295, 48.0935], [11.6296, 48.0935], [11.6297, 48.0935], [11.63, 48.0935]], [[11.63, 48.0935], [11.6301, 48.0935], [11.6306, 48.0934], [11.6308, 48.0934], [11.6312, 48.0934], [11.6314, 48.0934], [11.6321, 48.0933], [11.6325, 48.0933], [11.6326, 48.0933], [11.6329, 48.0933], [11.6332, 48.0932]], [[11.6332, 48.0932], [11.6336, 48.0932], [11.6339, 48.0932], [11.6345, 48.0932], [11.6346, 48.0932], [11.6348, 48.0931], [11.635, 48.0931], [11.6356, 48.0931], [11.6359, 48.093], [11.6362, 48.093], [11.6366, 48.093], [11.637, 48.0929], [11.6372, 48.0929], [11.6374, 48.0929], [11.6377, 48.0928], [11.6381, 48.0927], [11.6384, 48.0927], [11.6389, 48.0925]], [[11.6389, 48.0925], [11.6392, 48.0925]], [[11.6392, 48.0925], [11.6396, 48.0923], [11.6399, 48.0922], [11.6401, 48.0921], [11.6406, 48.0919], [11.6411, 48.0917]], [[11.6411, 48.0917], [11.6415, 48.0915]], [[11.6415, 48.0915], [11.6419, 48.0913], [11.6422, 48.0911], [11.6426, 48.0909], [11.6429, 48.0906], [11.6432, 48.0904], [11.6435, 48.0902], [11.6438, 48.0899], [11.6439, 48.0898]], [[11.6439, 48.0898], [11.6443, 48.0894], [11.645, 48.0888], [11.6451, 48.0887], [11.6454, 48.0885]], [[11.6454, 48.0885], [11.6457, 48.0882]], [[11.6457, 48.0882], [11.6462, 48.0878], [11.6465, 48.0875], [11.6467, 48.0873], [11.6471, 48.087], [11.6484, 48.0858], [11.6489, 48.0854], [11.6491, 48.0852], [11.6492, 48.0851], [11.6494, 48.085], [11.6503, 48.0841], [11.6517, 48.0829], [11.6518, 48.0827], [11.6522, 48.0825], [11.6534, 48.0814], [11.6549, 48.08], [11.6551, 48.0798], [11.6563, 48.0787], [11.6567, 48.0783], [11.6571, 48.078], [11.6575, 48.0777], [11.6578, 48.0775]], [[11.6578, 48.0775], [11.658, 48.0773], [11.6583, 48.0771], [11.6585, 48.077], [11.6586, 48.0769], [11.6589, 48.0767], [11.6594, 48.0764], [11.6595, 48.0763], [11.6598, 48.0761], [11.66, 48.0759], [11.6602, 48.0758], [11.6606, 48.0755], [11.6609, 48.0753], [11.6615, 48.0749], [11.6626, 48.0742], [11.6631, 48.0738], [11.6635, 48.0735]], [[11.6635, 48.0735], [11.6638, 48.0733], [11.6639, 48.0733], [11.6641, 48.0731], [11.6644, 48.0729], [11.6661, 48.0718], [11.6672, 48.071], [11.6673, 48.0709], [11.6683, 48.0702], [11.6697, 48.0693], [11.6698, 48.0692], [11.6713, 48.0682], [11.6714, 48.0681], [11.6715, 48.068], [11.6719, 48.0678], [11.6734, 48.0667], [11.6741, 48.0662], [11.6749, 48.0657], [11.6756, 48.0652], [11.6762, 48.0648], [11.6764, 48.0647], [11.6767, 48.0645], [11.6772, 48.0641], [11.6784, 48.0633], [11.6788, 48.063], [11.6791, 48.0628], [11.6792, 48.0627], [11.6793, 48.0627], [11.6815, 48.0612], [11.6822, 48.0607], [11.6829, 48.0602], [11.6831, 48.0601], [11.6851, 48.0587], [11.6866, 48.0577], [11.6872, 48.0572], [11.6879, 48.0568], [11.6882, 48.0565], [11.6885, 48.0563], [11.6887, 48.0561], [11.6889, 48.0559], [11.6893, 48.0556], [11.6896, 48.0553], [11.6902, 48.0548], [11.6904, 48.0546], [11.6916, 48.0535]], [[11.6916, 48.0535], [11.6922, 48.0529]], [[11.6922, 48.0529], [11.6927, 48.0524], [11.6932, 48.052], [11.6936, 48.0515], [11.6937, 48.0515]], [[11.6937, 48.0515], [11.6939, 48.0513]], [[11.6939, 48.0513], [11.6946, 48.0506], [11.6954, 48.0499], [11.6957, 48.0496], [11.6958, 48.0495], [11.6965, 48.0488], [11.6968, 48.0485], [11.6969, 48.0485], [11.6975, 48.0478]], [[11.6975, 48.0478], [11.6979, 48.0475]], [[11.6979, 48.0475], [11.698, 48.0474], [11.6982, 48.0472], [11.6988, 48.0466], [11.6996, 48.0459], [11.6999, 48.0456], [11.7, 48.0455], [11.7005, 48.045], [11.7007, 48.0449], [11.7009, 48.0447], [11.7021, 48.0435], [11.7027, 48.043], [11.7038, 48.0419], [11.7041, 48.0417], [11.7056, 48.0402], [11.706, 48.0398], [11.7061, 48.0398], [11.7074, 48.0385], [11.7086, 48.0373], [11.7105, 48.0356], [11.711, 48.0351]], [[11.711, 48.0351], [11.7113, 48.0348]], [[11.7113, 48.0348], [11.7115, 48.0346], [11.7116, 48.0345], [11.7123, 48.0339], [11.7124, 48.0338], [11.7128, 48.0334], [11.7133, 48.0329], [11.7134, 48.0328], [11.7135, 48.0327], [11.7138, 48.0325], [11.7139, 48.0324], [11.7139, 48.0323]], [[11.7139, 48.0323], [11.7142, 48.0321]], [[11.7142, 48.0321], [11.7153, 48.031], [11.7157, 48.0307]], [[11.7157, 48.0307], [11.7159, 48.0305], [11.7162, 48.0302], [11.7165, 48.0299], [11.7167, 48.0297], [11.7167, 48.0296], [11.7169, 48.0294], [11.7171, 48.0291], [11.7172, 48.0288], [11.7173, 48.0285], [11.7174, 48.0283], [11.7175, 48.0281], [11.7179, 48.0264], [11.7183, 48.025], [11.7183, 48.0247], [11.7184, 48.0245], [11.7185, 48.0242]], [[11.7185, 48.0242], [11.7185, 48.0238], [11.7186, 48.0234], [11.7187, 48.023], [11.7187, 48.0226], [11.7188, 48.0217], [11.7189, 48.0207], [11.7189, 48.0205]], [[11.7189, 48.0205], [11.719, 48.0196], [11.719, 48.0195], [11.7191, 48.0192], [11.7191, 48.0191], [11.7191, 48.0187], [11.7193, 48.0173]], [[11.7193, 48.0173], [11.7193, 48.0171], [11.7193, 48.017], [11.7193, 48.0169], [11.7194, 48.0167], [11.7195, 48.016], [11.7195, 48.0155], [11.7196, 48.0153]], [[11.7196, 48.0153], [11.7196, 48.0152], [11.7196, 48.0151], [11.7196, 48.015], [11.7196, 48.0145], [11.7197, 48.014], [11.7198, 48.0137], [11.7199, 48.0131], [11.7202, 48.0125], [11.7203, 48.0122], [11.7204, 48.0119], [11.7206, 48.0116], [11.7208, 48.0113], [11.7213, 48.0106], [11.7219, 48.0098], [11.7227, 48.0088], [11.7231, 48.0082], [11.7234, 48.0078], [11.7236, 48.0075], [11.7239, 48.0071], [11.7242, 48.0067], [11.7245, 48.0063], [11.7248, 48.0059], [11.7251, 48.0055], [11.7255, 48.0051], [11.7264, 48.0041], [11.7266, 48.004], [11.7277, 48.0028], [11.7279, 48.0026], [11.7282, 48.0023], [11.7285, 48.002], [11.729, 48.0016], [11.7292, 48.0014], [11.7293, 48.0013], [11.7295, 48.0011], [11.7298, 48.0009], [11.7301, 48.0007], [11.7308, 48.0004], [11.7311, 48.0002], [11.7319, 47.9998], [11.7325, 47.9994], [11.7328, 47.9992], [11.733, 47.999], [11.7332, 47.9989], [11.7334, 47.9987], [11.7336, 47.9985], [11.7337, 47.9983], [11.7338, 47.9982], [11.7348, 47.9967]], [[11.7348, 47.9967], [11.7351, 47.9963], [11.7351, 47.9962], [11.7356, 47.9955], [11.7356, 47.9954], [11.7359, 47.995], [11.7364, 47.9942], [11.7366, 47.994], [11.737, 47.9933], [11.7372, 47.993], [11.7374, 47.9928], [11.7377, 47.9923], [11.7379, 47.992], [11.7382, 47.9916], [11.7386, 47.9911], [11.7391, 47.9905], [11.7394, 47.9902], [11.7396, 47.9899], [11.7403, 47.9893], [11.7404, 47.9892], [11.7409, 47.9888], [11.7412, 47.9885], [11.7415, 47.9882], [11.742, 47.9879], [11.7425, 47.9874], [11.7429, 47.9872], [11.7434, 47.9869], [11.744, 47.9865], [11.7483, 47.9839], [11.7521, 47.9816], [11.7559, 47.9792], [11.7564, 47.9789], [11.7569, 47.9785], [11.7575, 47.9781], [11.7581, 47.9776], [11.7594, 47.9766], [11.7615, 47.975], [11.7629, 47.9739], [11.7636, 47.9734], [11.7655, 47.972], [11.7657, 47.9718], [11.7663, 47.9713], [11.7666, 47.9711], [11.7669, 47.9709]], [[11.7669, 47.9709], [11.7674, 47.9704], [11.7676, 47.9702], [11.768, 47.9699], [11.7681, 47.9699], [11.769, 47.9691], [11.7701, 47.9683], [11.7706, 47.9679], [11.7708, 47.9678], [11.7712, 47.9675], [11.7718, 47.9671]], [[11.7718, 47.9671], [11.7718, 47.967], [11.7719, 47.9669], [11.7721, 47.9667], [11.7723, 47.9664], [11.7724, 47.9664], [11.7725, 47.9663], [11.7727, 47.966], [11.7729, 47.9657], [11.773, 47.9656]], [[11.773, 47.9656], [11.7734, 47.9649], [11.774, 47.9641], [11.774, 47.9639], [11.7741, 47.9638]], [[11.7741, 47.9638], [11.7758, 47.9613], [11.7759, 47.9611], [11.7761, 47.9608], [11.7761, 47.9607]], [[11.7761, 47.9607], [11.7765, 47.9602], [11.777, 47.9594]], [[11.777, 47.9594], [11.7771, 47.9593], [11.7772, 47.9592], [11.7774, 47.9589], [11.778, 47.958], [11.7784, 47.9573], [11.7785, 47.957], [11.7786, 47.9568], [11.7788, 47.9565], [11.7789, 47.9562], [11.779, 47.9559], [11.779, 47.9557], [11.7792, 47.9552], [11.7792, 47.9551], [11.7796, 47.9533], [11.7797, 47.9529], [11.7799, 47.9518], [11.7802, 47.9506], [11.7802, 47.9505], [11.7804, 47.9497], [11.7804, 47.9496], [11.7805, 47.9495], [11.7807, 47.9484], [11.7809, 47.9473], [11.781, 47.947]], [[11.781, 47.947], [11.7811, 47.9466]], [[11.7811, 47.9466], [11.7811, 47.9464], [11.7812, 47.946], [11.7813, 47.9457]], [[11.7813, 47.9457], [11.7813, 47.9456], [11.7813, 47.9455], [11.7813, 47.9451], [11.7813, 47.9448], [11.7813, 47.9446], [11.7812, 47.9444]], [[11.7812, 47.9444], [11.7812, 47.9443], [11.7812, 47.9442], [11.7811, 47.9439], [11.781, 47.9437], [11.7808, 47.9434], [11.7806, 47.9431], [11.7804, 47.9428], [11.78, 47.9424]], [[11.78, 47.9424], [11.7792, 47.9414], [11.7788, 47.941], [11.7784, 47.9405], [11.7731, 47.9347], [11.771, 47.9323], [11.77, 47.9313], [11.7677, 47.9288], [11.7661, 47.927], [11.7639, 47.9245], [11.7634, 47.924], [11.7631, 47.9237], [11.7631, 47.9236], [11.7629, 47.9233], [11.7626, 47.9229], [11.7623, 47.9224], [11.7622, 47.9221], [11.7616, 47.9209]], [[11.7616, 47.9209], [11.7612, 47.92], [11.7609, 47.9195], [11.7608, 47.9192], [11.7605, 47.9188]], [[11.7605, 47.9188], [11.7604, 47.9185], [11.7602, 47.9182], [11.7601, 47.9181], [11.76, 47.918], [11.7596, 47.9175], [11.7594, 47.9171]], [[11.769, 47.9693], [11.7691, 47.9692], [11.7692, 47.9692], [11.7692, 47.9691], [11.7693, 47.9691], [11.7695, 47.9689], [11.7696, 47.9689], [11.7697, 47.9687], [11.7698, 47.9687], [11.7699, 47.9686], [11.77, 47.9686], [11.77, 47.9685], [11.7703, 47.9684], [11.7702, 47.9683], [11.77, 47.9685], [11.7697, 47.9687], [11.7691, 47.9692], [11.769, 47.9693]], [[11.7193, 48.019], [11.7193, 48.0189], [11.7193, 48.0187], [11.7193, 48.0186], [11.7193, 48.0185], [11.7194, 48.0177], [11.7195, 48.0174], [11.7195, 48.0172], [11.7195, 48.0171], [11.7194, 48.0171], [11.7193, 48.0187], [11.7192, 48.019], [11.7193, 48.019]], [[11.4237, 48.142], [11.4221, 48.1417], [11.4209, 48.1416], [11.422, 48.1417], [11.4221, 48.1418], [11.4227, 48.1419], [11.4228, 48.1419], [11.4231, 48.1419], [11.4232, 48.1419], [11.4237, 48.142]], [[11.4116, 48.1403], [11.4107, 48.1401], [11.4099, 48.14], [11.4089, 48.1399], [11.4088, 48.1399], [11.4097, 48.14], [11.4097, 48.1401], [11.4099, 48.1401], [11.41, 48.1401], [11.4107, 48.1402], [11.4116, 48.1403]], [[11.3891, 48.1341], [11.3889, 48.134], [11.387, 48.1332], [11.3868, 48.1331], [11.387, 48.1332], [11.3883, 48.1338], [11.3884, 48.1338], [11.3885, 48.1339], [11.3888, 48.134], [11.389, 48.1341], [11.3891, 48.1341]], [[11.363, 48.1288], [11.3638, 48.1289], [11.3642, 48.129], [11.3643, 48.129], [11.3644, 48.129], [11.3653, 48.1292], [11.3655, 48.1292], [11.3657, 48.1292], [11.3658, 48.1292], [11.3657, 48.1292], [11.3644, 48.129], [11.3643, 48.129], [11.3642, 48.129], [11.3638, 48.1289], [11.363, 48.1288]], [[11.3261, 48.1088], [11.3256, 48.1089], [11.3253, 48.109], [11.325, 48.1091], [11.3242, 48.1094], [11.3236, 48.1096], [11.3242, 48.1094], [11.325, 48.1091], [11.3252, 48.1091], [11.3253, 48.109], [11.3256, 48.109], [11.3261, 48.1088]], [[11.288, 48.0985], [11.288, 48.0984], [11.2898, 48.0999], [11.2897, 48.0999], [11.2894, 48.0996], [11.2893, 48.0995], [11.2885, 48.0989], [11.2881, 48.0985], [11.288, 48.0985]], [[11.7718, 47.9671], [11.7716, 47.9672], [11.7715, 47.9673], [11.7712, 47.9675], [11.7709, 47.9678], [11.7707, 47.9679]], [[11.7707, 47.9679], [11.7702, 47.9683], [11.77, 47.9685], [11.7691, 47.9692], [11.7682, 47.9699], [11.7681, 47.97], [11.7676, 47.9703], [11.7669, 47.9709]], [[11.7196, 48.0153], [11.7195, 48.0155], [11.7195, 48.016], [11.7195, 48.0167], [11.7194, 48.0169], [11.7194, 48.017], [11.7194, 48.0171], [11.7194, 48.0173], [11.7192, 48.0187], [11.7192, 48.019], [11.7192, 48.0194], [11.7191, 48.0195], [11.7191, 48.0196], [11.719, 48.0199], [11.719, 48.0201], [11.7189, 48.0205]], [[11.6635, 48.0735], [11.6631, 48.0739], [11.6626, 48.0742], [11.662, 48.0747], [11.6616, 48.075], [11.661, 48.0754], [11.6607, 48.0756], [11.6603, 48.0759], [11.6601, 48.076], [11.6599, 48.0761], [11.6596, 48.0763], [11.6594, 48.0764], [11.6594, 48.0765], [11.659, 48.0767], [11.6588, 48.0769], [11.6586, 48.077], [11.6584, 48.0771], [11.6582, 48.0772], [11.658, 48.0773], [11.6578, 48.0775]], [[11.6047, 48.096], [11.6046, 48.0961], [11.6044, 48.0963], [11.6042, 48.0965], [11.604, 48.0968], [11.6038, 48.0971], [11.6034, 48.0975]], [[11.6034, 48.0975], [11.6034, 48.0976], [11.603, 48.0981], [11.6029, 48.0984], [11.602, 48.0997], [11.6017, 48.1001], [11.6015, 48.1004], [11.6013, 48.1007], [11.6009, 48.1013], [11.6007, 48.1017], [11.6005, 48.102], [11.6003, 48.1022], [11.6002, 48.1024], [11.6, 48.1027], [11.5999, 48.1029], [11.5998, 48.1031]], [[11.5998, 48.1031], [11.5996, 48.1034]], [[11.5996, 48.1034], [11.5989, 48.105], [11.5986, 48.1056], [11.5985, 48.106], [11.5985, 48.1061], [11.5984, 48.1062], [11.5982, 48.1066], [11.598, 48.1071]], [[11.598, 48.1071], [11.5979, 48.1073], [11.5979, 48.1074]], [[11.5979, 48.1074], [11.5976, 48.1079], [11.5975, 48.1083]], [[11.5975, 48.1083], [11.5971, 48.1091], [11.5967, 48.11], [11.5966, 48.11], [11.5964, 48.1106], [11.5963, 48.1108], [11.5961, 48.1111], [11.5959, 48.1116], [11.5958, 48.1119], [11.5958, 48.112], [11.5957, 48.1123], [11.5956, 48.1124], [11.5955, 48.113], [11.5953, 48.1134], [11.5953, 48.1136], [11.5953, 48.1138], [11.5952, 48.1144], [11.5951, 48.1147], [11.5951, 48.1149]], [[11.5951, 48.1149], [11.5951, 48.1151]], [[11.5951, 48.1151], [11.5951, 48.1152], [11.5951, 48.1155], [11.5951, 48.1158], [11.5951, 48.1159], [11.5952, 48.1161], [11.5952, 48.1163], [11.5952, 48.1165], [11.5953, 48.117], [11.5954, 48.1175], [11.5955, 48.1176]], [[11.5955, 48.1176], [11.5956, 48.118], [11.5957, 48.1184]], [[11.5957, 48.1184], [11.5957, 48.1186]], [[11.5957, 48.1186], [11.5958, 48.1189], [11.5958, 48.1191], [11.5959, 48.1195], [11.596, 48.1197], [11.596, 48.12], [11.5961, 48.1202], [11.5962, 48.1206], [11.5963, 48.1208], [11.5964, 48.1212]], [[11.5964, 48.1212], [11.5965, 48.1214], [11.5966, 48.1215], [11.597, 48.1219], [11.5973, 48.1223], [11.5978, 48.1226], [11.5982, 48.123], [11.5984, 48.1231], [11.5988, 48.1234], [11.5995, 48.1239], [11.6001, 48.1244], [11.6002, 48.1244], [11.6009, 48.125]], [[11.6009, 48.125], [11.6012, 48.1252], [11.6017, 48.1256], [11.6021, 48.1258], [11.6024, 48.126], [11.6028, 48.1262]], [[11.6028, 48.1262], [11.6032, 48.1264], [11.6035, 48.1267], [11.604, 48.1269]], [[11.6042, 48.1271], [11.6042, 48.127], [11.604, 48.1269]], [[11.6052, 48.1277], [11.6042, 48.1271]], [[11.604, 48.1269], [11.6037, 48.1268], [11.6033, 48.1266]], [[11.6033, 48.1266], [11.6028, 48.1263]], [[11.6028, 48.1263], [11.6026, 48.1262], [11.6024, 48.1261]], [[11.6024, 48.1261], [11.6022, 48.126], [11.6021, 48.126], [11.602, 48.126]], [[11.602, 48.126], [11.6018, 48.1259], [11.6017, 48.1259], [11.6014, 48.1258], [11.6013, 48.1258], [11.6011, 48.1257], [11.6009, 48.1257]], [[11.5523, 48.1421], [11.552, 48.142], [11.5517, 48.142], [11.5515, 48.142], [11.5513, 48.1419], [11.551, 48.1419]], [[11.551, 48.1419], [11.5508, 48.1419], [11.5505, 48.1419], [11.5503, 48.1419], [11.5501, 48.1419], [11.55, 48.1419]], [[11.55, 48.1419], [11.5498, 48.1419], [11.5494, 48.142], [11.5486, 48.142], [11.5484, 48.142]], [[11.5484, 48.142], [11.5482, 48.1421], [11.5475, 48.1421], [11.5472, 48.1421], [11.5471, 48.1421]], [[11.5471, 48.1421], [11.547, 48.1421], [11.545, 48.1423], [11.5447, 48.1423], [11.5446, 48.1423], [11.5441, 48.1424], [11.5432, 48.1424], [11.5417, 48.1425], [11.5408, 48.1426]], [[11.5408, 48.1426], [11.5405, 48.1426], [11.5396, 48.1427], [11.5389, 48.1427]], [[11.5389, 48.1427], [11.5387, 48.1428], [11.5386, 48.1428], [11.5381, 48.1428], [11.538, 48.1428], [11.5377, 48.1428], [11.5372, 48.1428], [11.5368, 48.1428], [11.5365, 48.1428], [11.5358, 48.1428], [11.5355, 48.1428], [11.5353, 48.1428]], [[11.5353, 48.1428], [11.5351, 48.1428], [11.5345, 48.1428], [11.5339, 48.1428], [11.5337, 48.1428], [11.533, 48.1428], [11.5326, 48.1428], [11.5319, 48.1428], [11.5312, 48.1427], [11.5306, 48.1427], [11.5299, 48.1428], [11.5295, 48.1428], [11.5283, 48.1429], [11.5244, 48.1432], [11.5239, 48.1432], [11.5232, 48.1433], [11.5225, 48.1434], [11.5218, 48.1434], [11.5212, 48.1435], [11.5211, 48.1435]], [[11.5211, 48.1435], [11.5209, 48.1435], [11.5202, 48.1436], [11.5199, 48.1436], [11.5196, 48.1436], [11.5195, 48.1436], [11.5192, 48.1436], [11.5191, 48.1436], [11.519, 48.1436], [11.5189, 48.1436], [11.5184, 48.1436], [11.5181, 48.1436], [11.5179, 48.1436], [11.5177, 48.1436], [11.5173, 48.1436], [11.5171, 48.1436], [11.5167, 48.1436], [11.5164, 48.1436], [11.5157, 48.1435]], [[11.5157, 48.1435], [11.5149, 48.1435], [11.5145, 48.1435]], [[11.5145, 48.1435], [11.5141, 48.1435], [11.5137, 48.1434], [11.5132, 48.1434]], [[11.5132, 48.1434], [11.5129, 48.1434], [11.5126, 48.1435], [11.5122, 48.1435], [11.5119, 48.1435], [11.5115, 48.1436], [11.5109, 48.1437], [11.5105, 48.1438], [11.51, 48.1439], [11.5097, 48.144], [11.5094, 48.144], [11.5091, 48.144], [11.5087, 48.1441], [11.5083, 48.1441], [11.5078, 48.1442], [11.5071, 48.1442], [11.5066, 48.1443], [11.5058, 48.1443], [11.5056, 48.1444], [11.505, 48.1444], [11.5045, 48.1445], [11.5044, 48.1445], [11.5043, 48.1445], [11.5037, 48.1446], [11.503, 48.1446], [11.5027, 48.1447], [11.5026, 48.1447], [11.5023, 48.1447], [11.5017, 48.1448], [11.5016, 48.1448], [11.5015, 48.1448], [11.5014, 48.1448]], [[11.5014, 48.1448], [11.5012, 48.1448], [11.5009, 48.1448], [11.5007, 48.1449], [11.5005, 48.1449], [11.5003, 48.1449], [11.4998, 48.1449], [11.4991, 48.1449], [11.4988, 48.1449], [11.4983, 48.145], [11.498, 48.145], [11.4976, 48.1451], [11.4972, 48.1451], [11.4968, 48.1452]], [[11.4968, 48.1452], [11.4964, 48.1453], [11.4952, 48.1456]], [[11.4952, 48.1456], [11.4947, 48.1457], [11.4946, 48.1457], [11.4944, 48.1458], [11.494, 48.1459], [11.4937, 48.1459], [11.4933, 48.146], [11.4929, 48.146], [11.4925, 48.146], [11.4922, 48.1461], [11.4918, 48.146], [11.4914, 48.146], [11.4911, 48.146], [11.4909, 48.146], [11.4907, 48.146]], [[11.4907, 48.146], [11.49, 48.1459]], [[11.49, 48.1459], [11.4899, 48.1459]], [[11.4899, 48.1459], [11.4893, 48.1458]], [[11.4893, 48.1458], [11.4885, 48.1458], [11.4881, 48.1458], [11.4878, 48.1458], [11.4875, 48.1458], [11.4873, 48.1458]], [[11.4873, 48.1458], [11.4872, 48.1458], [11.4863, 48.1458], [11.4842, 48.146], [11.4818, 48.1462], [11.4814, 48.1462]], [[11.4814, 48.1462], [11.4807, 48.1463], [11.4789, 48.1464], [11.4783, 48.1464], [11.4778, 48.1465], [11.4762, 48.1466], [11.4753, 48.1466], [11.4749, 48.1467]], [[11.4749, 48.1467], [11.474, 48.1467], [11.4738, 48.1468], [11.4734, 48.1468], [11.4725, 48.1469], [11.472, 48.1469], [11.4716, 48.147], [11.471, 48.1471], [11.4709, 48.1471], [11.4705, 48.1472], [11.4696, 48.1474], [11.4693, 48.1475], [11.4691, 48.1476], [11.469, 48.1476], [11.468, 48.148], [11.4667, 48.1484]], [[11.4667, 48.1484], [11.4659, 48.1487]], [[11.4659, 48.1487], [11.4658, 48.1488]], [[11.4658, 48.1488], [11.4657, 48.1488]], [[11.4657, 48.1488], [11.4646, 48.1491]], [[11.4646, 48.1491], [11.4644, 48.1492]], [[11.4644, 48.1492], [11.4632, 48.1496], [11.4629, 48.1496], [11.4625, 48.1498], [11.4617, 48.15], [11.461, 48.1502], [11.4598, 48.1506]], [[11.4598, 48.1506], [11.4596, 48.1506]], [[11.4596, 48.1506], [11.4589, 48.1509], [11.458, 48.1512], [11.4578, 48.1512], [11.4575, 48.1513], [11.4568, 48.1516]], [[11.4568, 48.1516], [11.4562, 48.1517], [11.456, 48.1518]], [[11.456, 48.1518], [11.4558, 48.1518], [11.4556, 48.1519], [11.4551, 48.152], [11.4548, 48.1521], [11.4543, 48.1521], [11.4541, 48.1521], [11.454, 48.1522], [11.4538, 48.1522], [11.4535, 48.1522], [11.4532, 48.1522], [11.4529, 48.1522], [11.4528, 48.1522], [11.4526, 48.1522], [11.4523, 48.1521], [11.452, 48.1521], [11.4518, 48.152], [11.4515, 48.152]], [[11.4515, 48.152], [11.4513, 48.1519], [11.4508, 48.1518], [11.45, 48.1516], [11.4486, 48.1513], [11.4479, 48.1511], [11.4472, 48.1509]], [[11.4472, 48.1509], [11.4469, 48.1508]], [[11.4469, 48.1508], [11.4466, 48.1507], [11.4463, 48.1505], [11.4458, 48.1503], [11.4455, 48.1502], [11.4454, 48.1501]], [[11.4454, 48.1501], [11.4449, 48.1498]], [[11.4449, 48.1498], [11.4448, 48.1498], [11.4445, 48.1496], [11.4442, 48.1493], [11.4441, 48.1492], [11.4438, 48.149]], [[11.4438, 48.149], [11.4437, 48.1489], [11.4435, 48.1488]], [[11.4435, 48.1488], [11.4434, 48.1486], [11.4433, 48.1485], [11.4432, 48.1484], [11.4431, 48.1484], [11.443, 48.1482], [11.4429, 48.148], [11.4428, 48.1479]], [[11.4428, 48.1479], [11.4427, 48.1478], [11.4426, 48.1477], [11.4425, 48.1476], [11.4424, 48.1474], [11.4423, 48.1472], [11.4419, 48.1467], [11.4417, 48.1465], [11.4417, 48.1464], [11.4416, 48.1463], [11.4415, 48.1461], [11.4413, 48.1459], [11.4411, 48.1458]], [[11.4411, 48.1458], [11.4411, 48.1457], [11.4409, 48.1456]], [[11.4409, 48.1456], [11.4404, 48.1451], [11.4401, 48.1448], [11.4399, 48.1446], [11.4397, 48.1444], [11.4395, 48.1442], [11.4393, 48.1441], [11.4391, 48.144], [11.4389, 48.1439], [11.4386, 48.1437], [11.4385, 48.1437], [11.4383, 48.1436], [11.4382, 48.1436], [11.4381, 48.1435], [11.4379, 48.1435], [11.4378, 48.1434], [11.4376, 48.1434], [11.4375, 48.1434], [11.4373, 48.1433], [11.4372, 48.1433], [11.4369, 48.1432], [11.4367, 48.1432]], [[11.4367, 48.1432], [11.4364, 48.1432]], [[11.4364, 48.1432], [11.436, 48.1431], [11.4351, 48.143], [11.4342, 48.1429], [11.4323, 48.1427], [11.4322, 48.1427]], [[11.4322, 48.1427], [11.4317, 48.1427]], [[11.4317, 48.1427], [11.4312, 48.1426], [11.4308, 48.1426], [11.4305, 48.1425], [11.43, 48.1425], [11.4298, 48.1425], [11.4284, 48.1424], [11.4274, 48.1424], [11.4269, 48.1423], [11.4266, 48.1423], [11.4263, 48.1423], [11.4259, 48.1422], [11.4255, 48.1422], [11.4251, 48.1421], [11.4246, 48.1421], [11.4242, 48.142], [11.4241, 48.142], [11.424, 48.142], [11.4221, 48.1417], [11.4218, 48.1417], [11.4208, 48.1415]], [[11.4208, 48.1415], [11.4199, 48.1414], [11.4194, 48.1413], [11.4172, 48.141], [11.4141, 48.1406], [11.4126, 48.1404], [11.4122, 48.1403]], [[11.4122, 48.1403], [11.412, 48.1403], [11.4117, 48.1403]], [[11.4117, 48.1403], [11.4101, 48.14], [11.4088, 48.1399], [11.4084, 48.1398]], [[11.4078, 48.1397], [11.4068, 48.1396], [11.4057, 48.1394], [11.4053, 48.1394], [11.4048, 48.1393], [11.4043, 48.1392], [11.4039, 48.1391], [11.4035, 48.139], [11.4034, 48.139], [11.4031, 48.1389], [11.4028, 48.1388]], [[11.4028, 48.1388], [11.4025, 48.1387]], [[11.4025, 48.1387], [11.4019, 48.1385], [11.4014, 48.1384], [11.4011, 48.1383], [11.4009, 48.1383], [11.3997, 48.1379], [11.3996, 48.1379], [11.399, 48.1377], [11.3981, 48.1374]], [[11.3981, 48.1374], [11.3972, 48.1371]], [[11.3972, 48.1371], [11.3962, 48.1368], [11.3956, 48.1366], [11.394, 48.1361], [11.3936, 48.136], [11.3931, 48.1358], [11.3928, 48.1357], [11.3924, 48.1355], [11.3923, 48.1355], [11.3922, 48.1355], [11.3919, 48.1353], [11.3918, 48.1353], [11.3913, 48.1351], [11.3903, 48.1346]], [[11.3903, 48.1346], [11.3897, 48.1344], [11.3897, 48.1343], [11.3892, 48.1341], [11.3885, 48.1338], [11.3877, 48.1335], [11.3872, 48.1332], [11.3868, 48.1331], [11.3867, 48.133]], [[11.3867, 48.133], [11.3866, 48.133]], [[11.3866, 48.133], [11.3865, 48.1329], [11.3864, 48.1329], [11.386, 48.1327], [11.3855, 48.1325], [11.3851, 48.1324], [11.3846, 48.1323], [11.3842, 48.1322], [11.3838, 48.1321], [11.3833, 48.132], [11.3828, 48.1319], [11.3812, 48.1316], [11.3763, 48.1308], [11.3761, 48.1308]], [[11.3724, 48.1302], [11.3722, 48.1302]], [[11.3722, 48.1302], [11.3721, 48.1302], [11.3696, 48.1298], [11.3687, 48.1296]], [[11.3687, 48.1296], [11.368, 48.1295], [11.3675, 48.1295], [11.3671, 48.1294], [11.3668, 48.1294], [11.3662, 48.1293]], [[11.3662, 48.1293], [11.3655, 48.1292]], [[11.3655, 48.1292], [11.3653, 48.1291]], [[11.3653, 48.1291], [11.364, 48.1289], [11.3623, 48.1286], [11.3619, 48.1286]], [[11.3619, 48.1286], [11.3616, 48.1285], [11.3607, 48.1284]], [[11.3607, 48.1284], [11.3601, 48.1283], [11.3597, 48.1282], [11.3594, 48.1281], [11.3592, 48.1281], [11.359, 48.128], [11.3586, 48.128], [11.3582, 48.1278], [11.3579, 48.1277]], [[11.3579, 48.1277], [11.3578, 48.1277], [11.3575, 48.1276], [11.3571, 48.1274], [11.356, 48.127], [11.355, 48.1265]], [[11.355, 48.1265], [11.3548, 48.1264]], [[11.3548, 48.1264], [11.3543, 48.1262], [11.3538, 48.126], [11.3533, 48.1258], [11.3527, 48.1256], [11.3499, 48.1244]], [[11.3499, 48.1244], [11.3494, 48.1242], [11.349, 48.124], [11.3484, 48.1237], [11.3479, 48.1234], [11.3475, 48.1232], [11.3471, 48.123], [11.3467, 48.1227], [11.3464, 48.1224], [11.346, 48.1221], [11.3456, 48.1218], [11.345, 48.1213], [11.3444, 48.1207], [11.3441, 48.1203], [11.3434, 48.1194], [11.3428, 48.1186], [11.342, 48.1175], [11.3412, 48.1165], [11.3408, 48.116], [11.3404, 48.1156], [11.3395, 48.1146], [11.3386, 48.1136], [11.3354, 48.1102]], [[11.3354, 48.1102], [11.3351, 48.11], [11.3348, 48.1097], [11.3344, 48.1095], [11.334, 48.1092], [11.3336, 48.109], [11.3332, 48.1089], [11.3326, 48.1087], [11.332, 48.1086], [11.3314, 48.1085], [11.3307, 48.1085], [11.3293, 48.1085], [11.3285, 48.1085], [11.3277, 48.1085], [11.3271, 48.1086], [11.3267, 48.1087], [11.3261, 48.1088], [11.3256, 48.1089], [11.3253, 48.109], [11.325, 48.1091], [11.3235, 48.1096], [11.3228, 48.1099], [11.322, 48.1101], [11.3217, 48.1102]], [[11.3217, 48.1102], [11.3213, 48.1103], [11.321, 48.1103], [11.3207, 48.1104], [11.3204, 48.1104], [11.3201, 48.1104], [11.3198, 48.1105], [11.3195, 48.1105], [11.3192, 48.1105], [11.319, 48.1104], [11.3187, 48.1104], [11.3184, 48.1104], [11.3181, 48.1103], [11.3178, 48.1103], [11.3174, 48.1102], [11.3171, 48.1101], [11.3167, 48.11], [11.3162, 48.1099], [11.3151, 48.1095], [11.3124, 48.1087], [11.3119, 48.1086], [11.3115, 48.1084], [11.3111, 48.1084], [11.3109, 48.1083], [11.3106, 48.1082], [11.3103, 48.1082], [11.31, 48.1082], [11.3097, 48.1081], [11.3094, 48.1081], [11.3092, 48.1081], [11.3089, 48.1081], [11.3085, 48.1081], [11.308, 48.1081], [11.3075, 48.1081]], [[11.3075, 48.1081], [11.3063, 48.1081], [11.3059, 48.1081], [11.3056, 48.1081], [11.3053, 48.1081], [11.305, 48.108], [11.3047, 48.108], [11.3045, 48.1079], [11.3043, 48.1079], [11.3039, 48.1078], [11.3037, 48.1077], [11.3034, 48.1077], [11.3032, 48.1076], [11.3029, 48.1074]], [[11.3026, 48.1073], [11.3022, 48.1071], [11.3008, 48.1064], [11.3007, 48.1063]], [[11.3007, 48.1063], [11.2998, 48.1058], [11.2984, 48.1051]], [[11.2984, 48.1051], [11.2981, 48.1049], [11.2969, 48.1043], [11.2966, 48.1042], [11.2962, 48.1039]], [[11.2962, 48.1039], [11.2956, 48.1036], [11.2938, 48.1027]], [[11.2938, 48.1027], [11.2935, 48.1025]], [[11.2935, 48.1025], [11.2931, 48.1023], [11.2928, 48.1021], [11.2924, 48.1019], [11.292, 48.1016], [11.2917, 48.1014], [11.2912, 48.1011], [11.289, 48.0992], [11.288, 48.0984]], [[11.288, 48.0984], [11.2878, 48.0982]], [[11.2878, 48.0982], [11.2868, 48.0974], [11.2863, 48.097], [11.2859, 48.0967], [11.2856, 48.0965], [11.2853, 48.0962], [11.2849, 48.0959], [11.2829, 48.0946], [11.2818, 48.0938]], [[11.2818, 48.0938], [11.281, 48.0933]], [[11.281, 48.0933], [11.2798, 48.0924], [11.2786, 48.0916], [11.2735, 48.0881], [11.2705, 48.0861], [11.269, 48.0851], [11.2676, 48.0841], [11.2666, 48.0834], [11.2658, 48.0828]], [[11.2656, 48.0827], [11.2653, 48.0825], [11.2651, 48.0824], [11.2647, 48.0822], [11.2645, 48.082], [11.264, 48.0818], [11.2637, 48.0816], [11.2633, 48.0814], [11.2623, 48.081], [11.2598, 48.0798], [11.2588, 48.0794], [11.2581, 48.0791], [11.2576, 48.0788], [11.2571, 48.0786], [11.2566, 48.0784], [11.2563, 48.0783], [11.256, 48.0783], [11.2558, 48.0782], [11.2554, 48.0781], [11.2549, 48.078], [11.2532, 48.0777], [11.2521, 48.0775]]]}, "properties": {"ref": "S5", "opened_year": 1972, "is_central_tunnel": false, "segment_count": 278}}, {"type": "Feature", "geometry": {"type": "MultiLineString", "coordinates": [[[11.5608, 48.141], [11.5599, 48.1412], [11.5595, 48.1413], [11.5588, 48.1414], [11.5582, 48.1416], [11.5596, 48.1413], [11.56, 48.1412], [11.5608, 48.141], [11.5611, 48.141], [11.5611, 48.1409], [11.561, 48.1409], [11.5609, 48.141], [11.5608, 48.141]], [[11.5823, 48.1348], [11.5822, 48.1348], [11.5824, 48.1347], [11.5825, 48.1346], [11.5831, 48.1342], [11.5838, 48.1337], [11.584, 48.1336], [11.5842, 48.1335], [11.5843, 48.1335], [11.5841, 48.1337], [11.5839, 48.1338], [11.5832, 48.1342], [11.5825, 48.1346], [11.5824, 48.1347], [11.5823, 48.1348]], [[11.592, 48.13], [11.5936, 48.1289], [11.5938, 48.1288], [11.594, 48.1287], [11.5939, 48.1286], [11.5937, 48.1287], [11.5936, 48.1288], [11.5935, 48.1288], [11.5935, 48.1289], [11.5919, 48.1299], [11.592, 48.13]], [[11.5523, 48.142], [11.5531, 48.1422], [11.5535, 48.1422], [11.5539, 48.1423], [11.5542, 48.1423], [11.5544, 48.1423], [11.5547, 48.1423], [11.5551, 48.1422], [11.5553, 48.1422], [11.5557, 48.1422], [11.5561, 48.1421], [11.5566, 48.142], [11.5569, 48.1419], [11.5571, 48.1419], [11.5575, 48.1418], [11.5577, 48.1417], [11.5583, 48.1416], [11.559, 48.1415], [11.559, 48.1414]], [[11.559, 48.1414], [11.5591, 48.1414]], [[11.5591, 48.1414], [11.5598, 48.1413], [11.5602, 48.1412], [11.5611, 48.141], [11.5619, 48.1408]], [[11.5619, 48.1408], [11.5639, 48.1402], [11.5644, 48.14], [11.5647, 48.1399], [11.5647, 48.1398], [11.5651, 48.1397], [11.5652, 48.1397], [11.5657, 48.1394], [11.5658, 48.1393], [11.5661, 48.1392], [11.5663, 48.1391], [11.5666, 48.139], [11.5672, 48.1388], [11.5678, 48.1387], [11.5684, 48.1386], [11.5691, 48.1385], [11.5702, 48.1384], [11.5707, 48.1383]], [[11.5707, 48.1383], [11.5713, 48.1382], [11.572, 48.138], [11.5726, 48.1378], [11.5732, 48.1376], [11.5733, 48.1376], [11.5756, 48.1371], [11.5759, 48.137], [11.5764, 48.1368], [11.5775, 48.1364], [11.5778, 48.1363], [11.5782, 48.1362], [11.58, 48.1358]], [[11.58, 48.1358], [11.5806, 48.1356], [11.581, 48.1354], [11.5812, 48.1353], [11.5815, 48.1352], [11.5818, 48.135], [11.5822, 48.1348], [11.5831, 48.1341], [11.5842, 48.1335], [11.5844, 48.1333], [11.5847, 48.1332], [11.5851, 48.133], [11.5855, 48.1328], [11.5864, 48.1324], [11.5867, 48.1323], [11.5882, 48.132], [11.5884, 48.1319], [11.5888, 48.1318], [11.5894, 48.1315], [11.59, 48.1312], [11.5906, 48.1308], [11.5918, 48.1299], [11.5919, 48.1299], [11.593, 48.1291], [11.5937, 48.1287], [11.5939, 48.1286], [11.5939, 48.1285], [11.5952, 48.1278], [11.5978, 48.1262], [11.5983, 48.126], [11.5985, 48.1259], [11.5989, 48.1258], [11.5993, 48.1257], [11.5997, 48.1256], [11.6002, 48.1256], [11.6004, 48.1256], [11.6006, 48.1256], [11.6009, 48.1256]], [[11.6018, 48.1257], [11.602, 48.1258], [11.6023, 48.1259], [11.6025, 48.1259]], [[11.6009, 48.1257], [11.6006, 48.1257], [11.6002, 48.1257], [11.5998, 48.1257], [11.5993, 48.1257], [11.5989, 48.1258], [11.5984, 48.126], [11.5978, 48.1263], [11.5946, 48.1282], [11.5944, 48.1284], [11.5941, 48.1286], [11.594, 48.1287], [11.5938, 48.1288], [11.5934, 48.129], [11.5931, 48.1292], [11.5927, 48.1295], [11.592, 48.13], [11.5907, 48.1308], [11.59, 48.1313], [11.5895, 48.1316], [11.5889, 48.1318], [11.5885, 48.132], [11.5868, 48.1324], [11.5865, 48.1325], [11.5856, 48.1329], [11.585, 48.1332], [11.5848, 48.1333], [11.5843, 48.1335], [11.5837, 48.1339], [11.5832, 48.1342], [11.583, 48.1344], [11.5823, 48.1348], [11.5819, 48.1351], [11.5817, 48.1352], [11.5814, 48.1353], [11.5811, 48.1355], [11.5806, 48.1356], [11.58, 48.1358]], [[11.58, 48.1358], [11.5782, 48.1363], [11.5776, 48.1365], [11.5767, 48.1368], [11.5765, 48.1369], [11.576, 48.137], [11.5756, 48.1371], [11.5749, 48.1373], [11.5742, 48.1374], [11.5733, 48.1376], [11.5727, 48.1378], [11.572, 48.138], [11.5714, 48.1382], [11.5707, 48.1383]], [[11.5707, 48.1383], [11.5702, 48.1384], [11.5691, 48.1385], [11.5684, 48.1386], [11.5678, 48.1387], [11.5672, 48.1389], [11.5669, 48.139], [11.5667, 48.1391], [11.5666, 48.1391], [11.5664, 48.1392], [11.5663, 48.1392], [11.5661, 48.1393], [11.566, 48.1394], [11.5659, 48.1394], [11.5658, 48.1395], [11.5657, 48.1396], [11.5654, 48.1397], [11.5653, 48.1397], [11.5652, 48.1398], [11.565, 48.1399], [11.5647, 48.14], [11.5643, 48.1401], [11.5639, 48.1402], [11.5619, 48.1409]], [[11.5619, 48.1409], [11.5612, 48.141], [11.5612, 48.1411], [11.5611, 48.1411], [11.5605, 48.1412], [11.5602, 48.1413], [11.5597, 48.1414]], [[11.5597, 48.1414], [11.5595, 48.1414], [11.5592, 48.1415]], [[11.5592, 48.1415], [11.5591, 48.1415]], [[11.5591, 48.1415], [11.5583, 48.1417], [11.5579, 48.1418], [11.5576, 48.1419], [11.5571, 48.142], [11.5568, 48.142], [11.5565, 48.142], [11.5563, 48.1421], [11.5561, 48.1421], [11.5557, 48.1422], [11.5554, 48.1423], [11.5551, 48.1423], [11.5547, 48.1423], [11.5545, 48.1423], [11.5542, 48.1423], [11.5539, 48.1423], [11.5535, 48.1423], [11.5534, 48.1423], [11.553, 48.1422], [11.5528, 48.1422], [11.5523, 48.1421]]]}, "properties": {"ref": "S5", "opened_year": 1972, "is_central_tunnel": true, "segment_count": 17}}, {"type": "Feature", "geometry": {"type": "MultiLineString", "coordinates": [[[11.2894, 47.9459], [11.2896, 47.9462], [11.2898, 47.9464], [11.2901, 47.9467], [11.2902, 47.9468], [11.2903, 47.9469], [11.2905, 47.9471], [11.2909, 47.9475], [11.2906, 47.9472], [11.2903, 47.9469], [11.2901, 47.9467], [11.2898, 47.9464], [11.2896, 47.9463], [11.2893, 47.9459], [11.2894, 47.9459]], [[11.3474, 48.005], [11.3474, 48.0074], [11.3475, 48.0063], [11.3475, 48.0053], [11.3475, 48.005], [11.3474, 48.005]], [[11.4002, 48.0928], [11.4003, 48.0929], [11.4007, 48.0932], [11.4011, 48.0936], [11.4016, 48.0939], [11.4021, 48.0943], [11.4003, 48.0928], [11.4002, 48.0927], [11.4001, 48.0927], [11.4001, 48.0928], [11.4002, 48.0927], [11.4002, 48.0928]], [[11.5181, 48.1436], [11.5183, 48.1436], [11.5188, 48.1435], [11.519, 48.1435], [11.5192, 48.1435], [11.5195, 48.1435], [11.5199, 48.1435], [11.5209, 48.1434], [11.5209, 48.1435], [11.5199, 48.1436], [11.5197, 48.1436], [11.5195, 48.1436], [11.5192, 48.1436], [11.519, 48.1436], [11.5188, 48.1436], [11.5184, 48.1436], [11.5181, 48.1436]], [[11.8652, 48.0821], [11.864, 48.0825], [11.8632, 48.0828], [11.8625, 48.083], [11.8625, 48.0829], [11.8632, 48.0827], [11.8639, 48.0824], [11.8651, 48.082], [11.8652, 48.082], [11.8653, 48.082], [11.8652, 48.0821]], [[11.9635, 48.048], [11.9633, 48.0479], [11.9634, 48.0479], [11.9633, 48.0478], [11.9632, 48.0476], [11.9631, 48.0476], [11.963, 48.0475], [11.9631, 48.0475], [11.9629, 48.0473], [11.9628, 48.0473], [11.9628, 48.0472], [11.9627, 48.0471], [11.9625, 48.047], [11.9625, 48.0469], [11.9624, 48.0469], [11.9628, 48.0473], [11.9629, 48.0474], [11.963, 48.0475], [11.9631, 48.0477], [11.9634, 48.048], [11.9635, 48.048]], [[11.9713, 48.075], [11.9709, 48.075], [11.9707, 48.075], [11.9706, 48.075], [11.9705, 48.075], [11.9706, 48.0749], [11.9699, 48.0749], [11.9693, 48.0749], [11.9686, 48.0749], [11.9684, 48.0749], [11.9681, 48.0749], [11.968, 48.0749], [11.9678, 48.0749], [11.9677, 48.0748], [11.9678, 48.0748], [11.9679, 48.0748], [11.9681, 48.0748], [11.9683, 48.0748], [11.9693, 48.0748], [11.9701, 48.0749], [11.9703, 48.0749], [11.9705, 48.0749], [11.9706, 48.0749], [11.9707, 48.0749], [11.9709, 48.0749], [11.971, 48.0749], [11.9713, 48.075], [11.9715, 48.075], [11.9714, 48.075], [11.9713, 48.075]], [[11.2735, 47.9081], [11.2729, 47.9071]], [[11.2742, 47.9091], [11.2737, 47.9084], [11.2736, 47.9082], [11.2735, 47.9081]], [[11.2742, 47.9092], [11.2742, 47.9091]], [[11.2742, 47.9092], [11.2747, 47.9099], [11.2748, 47.9102], [11.2751, 47.9107]], [[11.2751, 47.9107], [11.2755, 47.9112], [11.2757, 47.9115], [11.2758, 47.9117], [11.2759, 47.9118], [11.276, 47.9119], [11.2762, 47.912], [11.2764, 47.9122], [11.2766, 47.9124], [11.2767, 47.9125]], [[11.2767, 47.9125], [11.277, 47.9128]], [[11.277, 47.9128], [11.2774, 47.913], [11.2779, 47.9133], [11.2791, 47.914], [11.2798, 47.9144], [11.28, 47.9146], [11.2802, 47.9148], [11.2805, 47.9149], [11.2807, 47.9151], [11.2811, 47.9156], [11.2819, 47.9164], [11.2826, 47.9173], [11.2841, 47.9191]], [[11.2841, 47.9191], [11.2846, 47.9197], [11.2848, 47.9199], [11.2849, 47.9201], [11.2851, 47.9204], [11.2852, 47.9207]], [[11.2852, 47.9207], [11.2853, 47.9211], [11.2854, 47.9215], [11.2859, 47.923], [11.2866, 47.9253], [11.2871, 47.9268]], [[11.2871, 47.9268], [11.2871, 47.9269]], [[11.2871, 47.9269], [11.2873, 47.9273], [11.2883, 47.9307], [11.2884, 47.9311], [11.2885, 47.9314], [11.2887, 47.9328], [11.2889, 47.9342], [11.2891, 47.9355], [11.2893, 47.9369], [11.2894, 47.9376], [11.2895, 47.938], [11.2895, 47.9385], [11.2895, 47.939], [11.2893, 47.9396], [11.2892, 47.9402], [11.2891, 47.9408], [11.2889, 47.9415], [11.2888, 47.9421], [11.2886, 47.9431], [11.2885, 47.9434], [11.2885, 47.9437], [11.2885, 47.944], [11.2885, 47.9442], [11.2886, 47.9443], [11.2886, 47.9445], [11.2887, 47.9447], [11.2888, 47.945], [11.2888, 47.9451], [11.2889, 47.9453], [11.2891, 47.9456], [11.2892, 47.9458]], [[11.2892, 47.9458], [11.2893, 47.9459]], [[11.2893, 47.9459], [11.2896, 47.9463], [11.2898, 47.9465], [11.29, 47.9467], [11.2903, 47.9469], [11.2906, 47.9472], [11.2909, 47.9475]], [[11.2909, 47.9475], [11.291, 47.9476]], [[11.291, 47.9476], [11.2911, 47.9477]], [[11.2911, 47.9477], [11.2912, 47.9479], [11.2913, 47.948], [11.2927, 47.9493], [11.2935, 47.9501], [11.2938, 47.9504]], [[11.2938, 47.9504], [11.2939, 47.9505]], [[11.2939, 47.9505], [11.2943, 47.9509], [11.2948, 47.9513], [11.2952, 47.9517], [11.296, 47.9522], [11.2968, 47.9528], [11.2977, 47.9534], [11.2981, 47.9536], [11.2988, 47.9541], [11.2998, 47.9548], [11.3006, 47.9554], [11.3013, 47.9558], [11.3016, 47.9561], [11.3018, 47.9563], [11.3021, 47.9565], [11.3024, 47.9568], [11.3027, 47.9571], [11.3029, 47.9574], [11.3033, 47.958], [11.3038, 47.9586], [11.304, 47.9589], [11.3042, 47.9592], [11.3046, 47.9598]], [[11.3046, 47.9598], [11.3046, 47.9599]], [[11.3046, 47.9599], [11.3049, 47.9602], [11.3053, 47.9607]], [[11.3053, 47.9607], [11.3057, 47.9612], [11.3061, 47.9615], [11.3064, 47.9618], [11.3068, 47.9621], [11.3073, 47.9625]], [[11.3073, 47.9625], [11.3078, 47.9629], [11.3088, 47.9638], [11.3093, 47.9641], [11.3095, 47.9643], [11.3097, 47.9645], [11.3099, 47.9646], [11.3101, 47.9648], [11.3104, 47.9651], [11.3106, 47.9653], [11.3108, 47.9656], [11.311, 47.9659], [11.3113, 47.9663], [11.3115, 47.9667], [11.312, 47.9678], [11.3121, 47.9681], [11.3123, 47.9684], [11.3124, 47.9687], [11.3126, 47.969], [11.3128, 47.9693], [11.3132, 47.9698], [11.3135, 47.9701], [11.3138, 47.9704], [11.3144, 47.9709], [11.3174, 47.9733], [11.3183, 47.974], [11.3193, 47.9748], [11.3202, 47.9756], [11.3222, 47.9772], [11.323, 47.9778], [11.3236, 47.9783], [11.325, 47.9793], [11.3256, 47.9799], [11.3262, 47.9803], [11.3272, 47.9811], [11.3274, 47.9813], [11.3292, 47.9828], [11.332, 47.985], [11.3326, 47.9854], [11.3331, 47.986], [11.3336, 47.9865], [11.3338, 47.9867], [11.3341, 47.987]], [[11.3341, 47.987], [11.3343, 47.9872]], [[11.3343, 47.9872], [11.3351, 47.9883], [11.3359, 47.9893], [11.337, 47.9909], [11.3372, 47.9911]], [[11.3372, 47.9911], [11.3374, 47.9914]], [[11.3374, 47.9914], [11.3375, 47.9915]], [[11.3375, 47.9915], [11.3377, 47.9917], [11.3386, 47.9926], [11.3389, 47.9929], [11.3391, 47.9931], [11.3392, 47.9932], [11.3393, 47.9933], [11.3393, 47.9934], [11.3394, 47.9934], [11.3398, 47.9941]], [[11.3398, 47.9941], [11.34, 47.9944], [11.3402, 47.9946], [11.3403, 47.9947], [11.3404, 47.9949], [11.3405, 47.995], [11.3406, 47.9951], [11.3408, 47.9952], [11.3409, 47.9952], [11.341, 47.9953], [11.3411, 47.9953]], [[11.3411, 47.9953], [11.3411, 47.9954], [11.3412, 47.9954], [11.3414, 47.9955], [11.3415, 47.9955], [11.3417, 47.9956], [11.3418, 47.9956], [11.3419, 47.9957], [11.3421, 47.9957], [11.3423, 47.9957], [11.3425, 47.9958], [11.3427, 47.9958], [11.3429, 47.9958], [11.3431, 47.9958], [11.3439, 47.9959], [11.3443, 47.9959], [11.3446, 47.996], [11.3448, 47.996], [11.345, 47.996], [11.3452, 47.9961], [11.3453, 47.9961]], [[11.3453, 47.9961], [11.3454, 47.9961], [11.3455, 47.9961]], [[11.3455, 47.9961], [11.3456, 47.9962], [11.3458, 47.9963], [11.3459, 47.9963], [11.3462, 47.9965], [11.3464, 47.9966], [11.3466, 47.9968], [11.3468, 47.9969], [11.3469, 47.9971], [11.3471, 47.9972], [11.3472, 47.9974], [11.3473, 47.9975], [11.3474, 47.9976], [11.3474, 47.9978], [11.3475, 47.9979], [11.3475, 47.9981], [11.3475, 47.9982], [11.3475, 47.9983], [11.3475, 47.9984]], [[11.3475, 47.9984], [11.3475, 47.9991], [11.3475, 47.9999]], [[11.3475, 47.9999], [11.3475, 48.0001], [11.3475, 48.0013], [11.3475, 48.0024]], [[11.3475, 48.0024], [11.3475, 48.0028]], [[11.3475, 48.0028], [11.3474, 48.0045]], [[11.3474, 48.0045], [11.3474, 48.0049]], [[11.3474, 48.0049], [11.3474, 48.0062], [11.3474, 48.0074], [11.3474, 48.0077]], [[11.3474, 48.0077], [11.3473, 48.0125], [11.3472, 48.0149], [11.3472, 48.0154], [11.3472, 48.0157], [11.3473, 48.016], [11.3473, 48.0162], [11.3474, 48.0165], [11.3474, 48.0166], [11.3474, 48.0167], [11.3475, 48.0169], [11.3475, 48.017], [11.3476, 48.0172], [11.3476, 48.0173], [11.3478, 48.0176], [11.3478, 48.0177], [11.348, 48.018], [11.3481, 48.0181], [11.3481, 48.0183], [11.3484, 48.0186], [11.3487, 48.0191], [11.3491, 48.0195], [11.3496, 48.0202], [11.3498, 48.0205], [11.3499, 48.0207], [11.35, 48.0208], [11.3501, 48.0209], [11.3503, 48.0213], [11.3504, 48.0215], [11.3505, 48.0218], [11.3506, 48.0221], [11.3506, 48.0223], [11.3507, 48.0226], [11.3507, 48.0229], [11.3507, 48.0232], [11.3507, 48.0235], [11.3507, 48.0236], [11.3507, 48.0238], [11.3506, 48.0242], [11.3506, 48.0246], [11.3504, 48.0258], [11.3503, 48.026], [11.3503, 48.0262], [11.3503, 48.0267], [11.3503, 48.027], [11.3504, 48.0272], [11.3504, 48.0274], [11.3504, 48.0275], [11.3504, 48.0276], [11.3505, 48.0278], [11.3506, 48.0279], [11.3507, 48.0283], [11.3508, 48.0284], [11.3509, 48.0286], [11.351, 48.0288], [11.3511, 48.029], [11.3513, 48.0292], [11.3515, 48.0295], [11.3516, 48.0296], [11.3517, 48.0297], [11.352, 48.0299], [11.3523, 48.0302], [11.3526, 48.0305], [11.3547, 48.0321]], [[11.3547, 48.0321], [11.3549, 48.0323], [11.3551, 48.0325], [11.3552, 48.0326], [11.3553, 48.0327], [11.3556, 48.033], [11.3559, 48.0333], [11.3561, 48.0337], [11.3563, 48.034], [11.3564, 48.0342], [11.3567, 48.0348]], [[11.3567, 48.0348], [11.357, 48.0356], [11.3574, 48.0369], [11.3578, 48.0381], [11.359, 48.0421], [11.3592, 48.0429], [11.3595, 48.0437], [11.3597, 48.0445], [11.3598, 48.0449], [11.3599, 48.0452], [11.36, 48.0456], [11.3601, 48.0459], [11.3608, 48.0478], [11.3619, 48.0506], [11.3633, 48.0545], [11.364, 48.0565], [11.3642, 48.0568], [11.3643, 48.0571]], [[11.3643, 48.0571], [11.3644, 48.0574]], [[11.3644, 48.0574], [11.3646, 48.0578], [11.3647, 48.058], [11.3648, 48.0582], [11.3649, 48.0584], [11.365, 48.0586], [11.3652, 48.0588], [11.3653, 48.059], [11.3656, 48.0593], [11.3657, 48.0594], [11.3658, 48.0596], [11.3661, 48.0599], [11.3667, 48.0605], [11.3699, 48.0636], [11.373, 48.0666], [11.3732, 48.0669], [11.3737, 48.0673]], [[11.3737, 48.0673], [11.3738, 48.0675]], [[11.3738, 48.0675], [11.3741, 48.0678], [11.3742, 48.0679]], [[11.3742, 48.0679], [11.3744, 48.0681], [11.3745, 48.0683], [11.3747, 48.0685], [11.3748, 48.0687], [11.375, 48.069]], [[11.3751, 48.0691], [11.375, 48.069]], [[11.3751, 48.0691], [11.3753, 48.0694], [11.3754, 48.0696], [11.3755, 48.0697], [11.3757, 48.0699], [11.3762, 48.0706], [11.3765, 48.0711], [11.3768, 48.0714], [11.3771, 48.0718], [11.3775, 48.0722], [11.3778, 48.0726], [11.378, 48.0728]], [[11.378, 48.0728], [11.3782, 48.0731], [11.3785, 48.0733], [11.3789, 48.0738], [11.3792, 48.0741], [11.3798, 48.0747], [11.3805, 48.0755], [11.3813, 48.0764], [11.3823, 48.0774], [11.3832, 48.0783], [11.3853, 48.0806], [11.3858, 48.0812], [11.3863, 48.0816], [11.3867, 48.082], [11.3874, 48.0825], [11.3884, 48.0833], [11.3911, 48.0855], [11.3938, 48.0876], [11.3992, 48.0919], [11.4001, 48.0926]], [[11.4001, 48.0926], [11.4003, 48.0928], [11.401, 48.0933], [11.4012, 48.0935], [11.4021, 48.0943], [11.4025, 48.0946], [11.4029, 48.0949], [11.4038, 48.0956], [11.405, 48.0966], [11.4056, 48.0971], [11.4062, 48.0976], [11.4068, 48.0982]], [[11.4068, 48.0982], [11.407, 48.0984]], [[11.407, 48.0984], [11.4076, 48.099], [11.4082, 48.0996], [11.4088, 48.1002], [11.4095, 48.1009], [11.4112, 48.1028], [11.4119, 48.1035], [11.4127, 48.1044]], [[11.4127, 48.1044], [11.4133, 48.105], [11.4137, 48.1055], [11.4139, 48.1056], [11.4144, 48.1062]], [[11.4144, 48.1062], [11.4145, 48.1063], [11.4151, 48.107], [11.4155, 48.1074], [11.4158, 48.1077]], [[11.4158, 48.1077], [11.4161, 48.108]], [[11.4161, 48.108], [11.4164, 48.1084], [11.4171, 48.1091], [11.4177, 48.1097], [11.4189, 48.1111], [11.4204, 48.1126], [11.4209, 48.1132], [11.4214, 48.1137], [11.4221, 48.1145], [11.4224, 48.1149], [11.4228, 48.1153], [11.4231, 48.1157], [11.4234, 48.1161], [11.4237, 48.1166], [11.424, 48.117], [11.4244, 48.1178], [11.4249, 48.1185]], [[11.4249, 48.1185], [11.4249, 48.1186], [11.4253, 48.1191], [11.4255, 48.1194], [11.4256, 48.1196], [11.4257, 48.1199], [11.4259, 48.1201], [11.4261, 48.1204], [11.4262, 48.1206]], [[11.4262, 48.1206], [11.4263, 48.1207], [11.4263, 48.1208]], [[11.4263, 48.1208], [11.4268, 48.1216], [11.4277, 48.123], [11.4285, 48.1245], [11.4292, 48.1256], [11.4296, 48.1262], [11.43, 48.1268], [11.4303, 48.1273]], [[11.4303, 48.1273], [11.4309, 48.1283], [11.4314, 48.1292], [11.4315, 48.1293]], [[11.4315, 48.1293], [11.4316, 48.1295]], [[11.4316, 48.1295], [11.4322, 48.1304], [11.4327, 48.1313], [11.4358, 48.1363], [11.4405, 48.1441], [11.4408, 48.1445], [11.4411, 48.1451], [11.4414, 48.1455]], [[11.4414, 48.1455], [11.4416, 48.1457]], [[11.4416, 48.1457], [11.4419, 48.1463]], [[11.4419, 48.1463], [11.4423, 48.147], [11.4425, 48.1473], [11.4427, 48.1476], [11.4429, 48.1478], [11.4429, 48.1479], [11.4432, 48.1482]], [[11.4432, 48.1482], [11.4433, 48.1483], [11.4434, 48.1484], [11.4437, 48.1487]], [[11.4437, 48.1487], [11.4438, 48.1488], [11.444, 48.149]], [[11.444, 48.149], [11.4442, 48.1491], [11.4443, 48.1492], [11.4443, 48.1493], [11.4446, 48.1495], [11.445, 48.1497]], [[11.445, 48.1497], [11.4454, 48.15], [11.4459, 48.1502], [11.4464, 48.1504], [11.4467, 48.1506], [11.447, 48.1507], [11.4474, 48.1509], [11.4478, 48.151], [11.4481, 48.151], [11.4496, 48.1515], [11.4497, 48.1515], [11.4508, 48.1518], [11.4512, 48.1519], [11.4513, 48.1519], [11.4516, 48.1519], [11.4518, 48.152], [11.4521, 48.152], [11.4524, 48.1521], [11.4526, 48.1521], [11.4529, 48.1521], [11.4533, 48.1521], [11.4535, 48.1521], [11.4538, 48.1521], [11.4541, 48.1521], [11.4544, 48.1521], [11.4547, 48.152], [11.4551, 48.1519], [11.4554, 48.1519], [11.4556, 48.1518], [11.4558, 48.1518], [11.456, 48.1517]], [[11.456, 48.1517], [11.4568, 48.1515]], [[11.4568, 48.1515], [11.4572, 48.1514]], [[11.4572, 48.1514], [11.4575, 48.1513], [11.4578, 48.1512], [11.458, 48.1511], [11.4591, 48.1508], [11.4597, 48.1506], [11.4602, 48.1504], [11.461, 48.1502], [11.4616, 48.15], [11.4624, 48.1497], [11.4628, 48.1496], [11.4629, 48.1496], [11.463, 48.1496]], [[11.463, 48.1496], [11.4631, 48.1495]], [[11.4631, 48.1495], [11.4644, 48.1491], [11.465, 48.1489], [11.4664, 48.1484]], [[11.4664, 48.1484], [11.4666, 48.1483], [11.4672, 48.1481]], [[11.4672, 48.1481], [11.468, 48.1479]], [[11.468, 48.1479], [11.4689, 48.1476], [11.469, 48.1475], [11.4692, 48.1475], [11.4696, 48.1474], [11.4698, 48.1473], [11.4705, 48.1471], [11.4712, 48.147], [11.4716, 48.147], [11.472, 48.1469], [11.4725, 48.1468], [11.4734, 48.1468], [11.4738, 48.1467], [11.474, 48.1467], [11.4749, 48.1466]], [[11.4749, 48.1466], [11.4753, 48.1466], [11.4783, 48.1464], [11.4786, 48.1464], [11.4805, 48.1462], [11.4814, 48.1462], [11.4844, 48.1459]], [[11.4844, 48.1459], [11.4863, 48.1458], [11.4873, 48.1457], [11.4875, 48.1457], [11.4877, 48.1457], [11.4882, 48.1457], [11.4885, 48.1457], [11.4893, 48.1457], [11.49, 48.1457]], [[11.49, 48.1457], [11.4907, 48.1457], [11.4915, 48.1457]], [[11.4915, 48.1457], [11.4918, 48.1457], [11.4925, 48.1457], [11.493, 48.1456], [11.4937, 48.1455]], [[11.4937, 48.1455], [11.4938, 48.1455], [11.4946, 48.1454], [11.4951, 48.1453], [11.4969, 48.145], [11.4977, 48.1449], [11.4981, 48.1449]], [[11.4981, 48.1449], [11.5016, 48.1445], [11.5023, 48.1444], [11.5025, 48.1444], [11.5026, 48.1444], [11.5027, 48.1444], [11.5034, 48.1443], [11.5041, 48.1442], [11.5044, 48.1442], [11.5056, 48.1441], [11.5057, 48.1441], [11.507, 48.1439], [11.5075, 48.1439]], [[11.5075, 48.1439], [11.5076, 48.1439], [11.5098, 48.1436], [11.51, 48.1436], [11.5109, 48.1435], [11.5111, 48.1435], [11.5114, 48.1435]], [[11.5114, 48.1435], [11.5117, 48.1435], [11.5121, 48.1434], [11.5124, 48.1434], [11.5126, 48.1434], [11.5132, 48.1434], [11.5135, 48.1434], [11.5137, 48.1434], [11.5141, 48.1434], [11.5146, 48.1434]], [[11.5146, 48.1434], [11.5149, 48.1434], [11.5158, 48.1435]], [[11.5158, 48.1435], [11.516, 48.1435], [11.5168, 48.1435], [11.5171, 48.1435], [11.5173, 48.1435], [11.5177, 48.1436], [11.5179, 48.1436], [11.5183, 48.1435], [11.5187, 48.1435], [11.5194, 48.1435], [11.5196, 48.1435], [11.5198, 48.1435], [11.52, 48.1435], [11.5209, 48.1434], [11.5211, 48.1434]], [[11.5211, 48.1434], [11.5216, 48.1433], [11.5224, 48.1433], [11.5228, 48.1432], [11.527, 48.1429], [11.5278, 48.1429], [11.5282, 48.1428], [11.5295, 48.1427], [11.5299, 48.1427], [11.5307, 48.1427], [11.531, 48.1427], [11.5314, 48.1427], [11.5319, 48.1427], [11.5323, 48.1427], [11.5327, 48.1427], [11.5329, 48.1427], [11.5337, 48.1427]], [[11.5337, 48.1427], [11.5339, 48.1427], [11.534, 48.1426], [11.5346, 48.1426], [11.535, 48.1426], [11.5352, 48.1426], [11.5353, 48.1426], [11.5356, 48.1426], [11.5358, 48.1426], [11.5365, 48.1426], [11.5368, 48.1426], [11.5372, 48.1426], [11.5375, 48.1427], [11.5377, 48.1426], [11.5379, 48.1426], [11.538, 48.1426], [11.5381, 48.1426], [11.5385, 48.1426], [11.5387, 48.1426], [11.5389, 48.1426]], [[11.5389, 48.1426], [11.5404, 48.1425]], [[11.5404, 48.1425], [11.5405, 48.1425], [11.5408, 48.1425]], [[11.5408, 48.1425], [11.5413, 48.1424], [11.5417, 48.1424], [11.5423, 48.1424], [11.5434, 48.1423], [11.5435, 48.1423], [11.5437, 48.1423], [11.5445, 48.1422]], [[11.5445, 48.1422], [11.5446, 48.1422], [11.545, 48.1422], [11.5453, 48.1422], [11.5467, 48.142], [11.5471, 48.142], [11.5472, 48.142]], [[11.5472, 48.142], [11.5473, 48.142], [11.5477, 48.142], [11.548, 48.1419], [11.5484, 48.1419], [11.5486, 48.1419], [11.5488, 48.1419], [11.5491, 48.1419], [11.5493, 48.1419], [11.5495, 48.1418], [11.5497, 48.1418], [11.5499, 48.1418], [11.55, 48.1418]], [[11.55, 48.1418], [11.5501, 48.1418], [11.5502, 48.1418], [11.5505, 48.1418], [11.5507, 48.1419], [11.551, 48.1419]], [[11.551, 48.1419], [11.5512, 48.1419], [11.5515, 48.1419], [11.5518, 48.1419], [11.552, 48.142], [11.5523, 48.142]], [[11.6009, 48.1256], [11.6011, 48.1256], [11.6014, 48.1257], [11.6018, 48.1257]], [[11.6025, 48.1259], [11.6026, 48.126], [11.6027, 48.126], [11.6029, 48.1261], [11.603, 48.1262], [11.6031, 48.1262]], [[11.6031, 48.1262], [11.6037, 48.1265], [11.6038, 48.1266], [11.6043, 48.1269], [11.6044, 48.1269], [11.6049, 48.1273], [11.6054, 48.1276]], [[11.6054, 48.1276], [11.6055, 48.1277], [11.6064, 48.1283]], [[11.6064, 48.1283], [11.6065, 48.1283], [11.6067, 48.1285], [11.6068, 48.1286], [11.6073, 48.1289]], [[11.6073, 48.1289], [11.6076, 48.1291], [11.609, 48.13], [11.6094, 48.1303]], [[11.6094, 48.1303], [11.6101, 48.1309], [11.6103, 48.131], [11.6107, 48.1313], [11.6112, 48.1317], [11.6115, 48.132], [11.6118, 48.1323], [11.612, 48.1324], [11.6122, 48.1326], [11.6124, 48.1327], [11.6127, 48.1329]], [[11.6127, 48.1329], [11.613, 48.1331], [11.6132, 48.1332], [11.6133, 48.1332], [11.6135, 48.1333], [11.6136, 48.1334], [11.6137, 48.1334], [11.6139, 48.1335], [11.6142, 48.1336], [11.6144, 48.1337], [11.6146, 48.1338], [11.6149, 48.1338], [11.615, 48.1339], [11.6152, 48.1339], [11.6154, 48.134], [11.6158, 48.1341], [11.616, 48.1342], [11.6162, 48.1342], [11.6163, 48.1342], [11.6164, 48.1342]], [[11.6164, 48.1342], [11.6167, 48.1343], [11.6169, 48.1343], [11.6174, 48.1344], [11.6179, 48.1344], [11.6181, 48.1345], [11.6185, 48.1345], [11.6195, 48.1347], [11.6202, 48.1348]], [[11.6202, 48.1348], [11.6208, 48.1349], [11.6211, 48.1349], [11.6213, 48.1349], [11.6216, 48.1349], [11.6219, 48.1349], [11.6224, 48.1349]], [[11.6224, 48.1349], [11.6226, 48.1349]], [[11.6226, 48.1349], [11.6227, 48.1349], [11.623, 48.1349], [11.6233, 48.1348]], [[11.6233, 48.1348], [11.6262, 48.1346], [11.6267, 48.1346], [11.6275, 48.1345], [11.6288, 48.1344], [11.6302, 48.1343], [11.6314, 48.1341], [11.632, 48.1341]], [[11.632, 48.1341], [11.6321, 48.1341], [11.6327, 48.134], [11.6335, 48.1339]], [[11.6335, 48.1339], [11.6349, 48.1338], [11.635, 48.1338], [11.6356, 48.1337], [11.6364, 48.1337]], [[11.6364, 48.1337], [11.6389, 48.1334]], [[11.6389, 48.1334], [11.6394, 48.1334], [11.6407, 48.1333], [11.6411, 48.1332]], [[11.6411, 48.1332], [11.6415, 48.1332], [11.6419, 48.1331], [11.6426, 48.133], [11.6447, 48.1326], [11.6457, 48.1325], [11.6458, 48.1324], [11.6469, 48.1322], [11.6475, 48.1321], [11.648, 48.132], [11.649, 48.1317], [11.6496, 48.1315], [11.6501, 48.1313], [11.6503, 48.1312], [11.6504, 48.1312], [11.6507, 48.1311], [11.651, 48.1309], [11.6512, 48.1308], [11.6515, 48.1307]], [[11.6515, 48.1307], [11.6518, 48.1306], [11.6537, 48.1297], [11.6546, 48.1292], [11.6553, 48.1289], [11.6554, 48.1288], [11.6555, 48.1288], [11.6579, 48.1276], [11.6586, 48.1273], [11.6589, 48.1272], [11.659, 48.1271], [11.6593, 48.127], [11.6596, 48.1269], [11.6599, 48.1268], [11.6604, 48.1267]], [[11.6604, 48.1267], [11.6607, 48.1266], [11.661, 48.1265], [11.6616, 48.1264], [11.6619, 48.1263]], [[11.6619, 48.1263], [11.6633, 48.126], [11.6646, 48.1257], [11.6648, 48.1257], [11.6669, 48.1252], [11.6695, 48.1246], [11.6719, 48.1241], [11.672, 48.1241], [11.6724, 48.124], [11.6733, 48.1238], [11.675, 48.1235], [11.676, 48.1233], [11.676, 48.1232], [11.6798, 48.1224], [11.683, 48.1218], [11.6857, 48.1212], [11.6881, 48.1206], [11.6884, 48.1206], [11.6904, 48.1201], [11.6908, 48.1201], [11.6934, 48.1195], [11.6938, 48.1194], [11.6954, 48.1191], [11.6962, 48.1189], [11.6975, 48.1186], [11.6982, 48.1184], [11.6988, 48.1183], [11.7002, 48.118], [11.7003, 48.118], [11.701, 48.1178], [11.7025, 48.1175], [11.7037, 48.1172], [11.7051, 48.1169], [11.7055, 48.1169], [11.7073, 48.1165], [11.7075, 48.1164], [11.7164, 48.1145], [11.7187, 48.114], [11.7201, 48.1137], [11.7209, 48.1135], [11.7233, 48.113], [11.7239, 48.1129], [11.725, 48.1127], [11.7251, 48.1127], [11.7252, 48.1126], [11.7266, 48.1124], [11.7273, 48.1122], [11.728, 48.1121], [11.7287, 48.1119], [11.7292, 48.1118], [11.7295, 48.1117], [11.7311, 48.1114], [11.7314, 48.1113], [11.7322, 48.1111], [11.7324, 48.1111], [11.7334, 48.1109], [11.7336, 48.1108], [11.7345, 48.1106], [11.7347, 48.1106], [11.7348, 48.1106], [11.7355, 48.1104], [11.7361, 48.1102], [11.7393, 48.1095], [11.7399, 48.1094], [11.7426, 48.1088], [11.7428, 48.1088], [11.7442, 48.1085], [11.7446, 48.1084], [11.7464, 48.108], [11.747, 48.1079], [11.7498, 48.1073], [11.7518, 48.1068], [11.7525, 48.1067], [11.7533, 48.1065]], [[11.7533, 48.1065], [11.7542, 48.1063], [11.7549, 48.1061]], [[11.7549, 48.1061], [11.7562, 48.1059], [11.7572, 48.1057], [11.7577, 48.1055], [11.76, 48.105], [11.7603, 48.105], [11.7619, 48.1046], [11.7622, 48.1046], [11.7644, 48.1041], [11.7649, 48.104], [11.7653, 48.1039], [11.7676, 48.1034], [11.768, 48.1033], [11.7696, 48.1029], [11.7703, 48.1028], [11.771, 48.1027], [11.7722, 48.1024], [11.7737, 48.1021], [11.774, 48.102], [11.7752, 48.1017], [11.7791, 48.1009], [11.7831, 48.1], [11.7837, 48.0999], [11.7838, 48.0999], [11.7851, 48.0996], [11.7856, 48.0995], [11.787, 48.0992], [11.7881, 48.0989], [11.7883, 48.0989], [11.7891, 48.0987], [11.79, 48.0985], [11.7942, 48.0976], [11.7983, 48.0967], [11.8009, 48.0961], [11.8014, 48.096]], [[11.8014, 48.096], [11.8017, 48.096]], [[11.8017, 48.096], [11.8029, 48.0957], [11.8074, 48.0947], [11.8078, 48.0946], [11.8108, 48.094], [11.8128, 48.0935], [11.8158, 48.0929], [11.8188, 48.0923], [11.8198, 48.092]], [[11.8198, 48.092], [11.8202, 48.0919]], [[11.8202, 48.0919], [11.8223, 48.0915], [11.8235, 48.0912], [11.8237, 48.0912], [11.8247, 48.091], [11.8254, 48.0908], [11.826, 48.0907], [11.8279, 48.0904], [11.8285, 48.0903], [11.8287, 48.0902]], [[11.8287, 48.0902], [11.8302, 48.09], [11.8314, 48.0897], [11.8315, 48.0897], [11.8321, 48.0896], [11.8323, 48.0896], [11.8324, 48.0896]], [[11.8324, 48.0896], [11.8333, 48.0894], [11.8335, 48.0894], [11.8342, 48.0892], [11.8344, 48.0892], [11.8357, 48.089]], [[11.8357, 48.089], [11.8399, 48.0882], [11.84, 48.0882], [11.8401, 48.0882], [11.8403, 48.0881], [11.8413, 48.0879], [11.8423, 48.0878], [11.8443, 48.0874], [11.8444, 48.0874], [11.8459, 48.0871], [11.8486, 48.0866], [11.8523, 48.0859], [11.8533, 48.0857], [11.8538, 48.0856], [11.8543, 48.0855], [11.8549, 48.0854], [11.8553, 48.0853], [11.8557, 48.0852], [11.8561, 48.0851], [11.8566, 48.0849], [11.857, 48.0848], [11.8576, 48.0846], [11.8582, 48.0844], [11.8603, 48.0837]], [[11.8603, 48.0837], [11.8611, 48.0834], [11.8625, 48.0829], [11.8639, 48.0824], [11.8651, 48.082]], [[11.8651, 48.082], [11.8657, 48.0818], [11.8659, 48.0817]], [[11.8659, 48.0817], [11.867, 48.0813], [11.8682, 48.0809]], [[11.8682, 48.0809], [11.8707, 48.08], [11.8712, 48.0798], [11.8718, 48.0796], [11.8722, 48.0794], [11.8726, 48.0793], [11.8731, 48.079], [11.8737, 48.0788], [11.8742, 48.0785], [11.8746, 48.0783], [11.875, 48.0781], [11.8755, 48.0778], [11.8767, 48.0771], [11.8783, 48.0762], [11.8797, 48.0754], [11.8811, 48.0745], [11.8817, 48.0742], [11.8828, 48.0735], [11.8847, 48.0725], [11.8862, 48.0716], [11.8873, 48.071], [11.8883, 48.0703], [11.889, 48.0699], [11.8895, 48.0696], [11.89, 48.0693], [11.8903, 48.0691], [11.8906, 48.0689], [11.8909, 48.0688], [11.8912, 48.0686], [11.8916, 48.0684], [11.8919, 48.0683], [11.8923, 48.0682], [11.8926, 48.068], [11.893, 48.0679], [11.8934, 48.0678], [11.8939, 48.0676], [11.8945, 48.0674], [11.8957, 48.0671], [11.8965, 48.0669], [11.8975, 48.0666], [11.9007, 48.0657], [11.9038, 48.0648], [11.9046, 48.0646], [11.9051, 48.0645], [11.9053, 48.0644], [11.9057, 48.0643], [11.906, 48.0641], [11.9063, 48.064], [11.9066, 48.0639], [11.9069, 48.0638], [11.9072, 48.0636], [11.9075, 48.0635], [11.9083, 48.0631], [11.9112, 48.0615], [11.9116, 48.0613], [11.9119, 48.0612], [11.9123, 48.061], [11.9126, 48.0609], [11.9129, 48.0608], [11.9133, 48.0606], [11.9138, 48.0605], [11.9157, 48.0598], [11.9165, 48.0596], [11.9169, 48.0595], [11.9172, 48.0593], [11.9176, 48.0592], [11.9179, 48.0591], [11.9182, 48.0589], [11.9185, 48.0588], [11.9187, 48.0586], [11.919, 48.0585], [11.9193, 48.0583], [11.9198, 48.0581], [11.9214, 48.0571], [11.9228, 48.0563], [11.9251, 48.055], [11.9284, 48.0531]], [[11.9284, 48.0531], [11.9286, 48.053]], [[11.9286, 48.053], [11.9308, 48.0517], [11.9319, 48.0511], [11.9325, 48.0507], [11.933, 48.0504], [11.9334, 48.0501], [11.9337, 48.0499], [11.9341, 48.0497], [11.9345, 48.0494], [11.935, 48.0491], [11.9354, 48.0487], [11.9357, 48.0485], [11.936, 48.0483], [11.9363, 48.048], [11.9367, 48.0477], [11.937, 48.0474], [11.9373, 48.0471], [11.9375, 48.0468]], [[11.9375, 48.0468], [11.9376, 48.0467], [11.9378, 48.0465]], [[11.9378, 48.0465], [11.9382, 48.046], [11.9387, 48.0455], [11.9389, 48.0453], [11.939, 48.045]], [[11.939, 48.045], [11.9392, 48.0448], [11.9406, 48.043]], [[11.9406, 48.043], [11.9411, 48.0424], [11.9411, 48.0423]], [[11.9411, 48.0423], [11.9413, 48.042]], [[11.9413, 48.042], [11.9415, 48.0418], [11.9416, 48.0417], [11.9419, 48.0415], [11.942, 48.0414], [11.9422, 48.0413], [11.9424, 48.0412], [11.9428, 48.0411]], [[11.9428, 48.041], [11.9428, 48.0411]], [[11.9432, 48.0409], [11.943, 48.041], [11.9428, 48.041]], [[11.9456, 48.0407], [11.9453, 48.0407], [11.9451, 48.0406], [11.9449, 48.0406], [11.9447, 48.0406], [11.9445, 48.0406], [11.9443, 48.0406], [11.9441, 48.0407], [11.9439, 48.0407], [11.9438, 48.0407], [11.9437, 48.0407], [11.9435, 48.0408], [11.9434, 48.0408], [11.9433, 48.0408], [11.9432, 48.0409]], [[11.9462, 48.0409], [11.9459, 48.0408], [11.9456, 48.0407]], [[11.9529, 48.0423], [11.9525, 48.0423], [11.952, 48.0422], [11.9516, 48.0422], [11.9506, 48.0421], [11.9498, 48.042], [11.9494, 48.0419], [11.949, 48.0418], [11.9486, 48.0416], [11.9481, 48.0415], [11.947, 48.0411], [11.9464, 48.0409], [11.9462, 48.0409]], [[11.9565, 48.0439], [11.9563, 48.0438], [11.956, 48.0435], [11.9556, 48.0433], [11.9552, 48.0431], [11.9548, 48.0429], [11.9543, 48.0427], [11.9538, 48.0426], [11.9532, 48.0424], [11.9529, 48.0423]], [[11.957, 48.0443], [11.9565, 48.0439]], [[11.9605, 48.0457], [11.9603, 48.0456], [11.9598, 48.0455], [11.9594, 48.0455], [11.9592, 48.0454], [11.9589, 48.0453], [11.9587, 48.0452], [11.9584, 48.0452], [11.9581, 48.045], [11.958, 48.0449], [11.9578, 48.0449], [11.9577, 48.0448], [11.9575, 48.0447], [11.9573, 48.0445], [11.957, 48.0443]], [[11.9613, 48.0459], [11.9612, 48.0459], [11.9611, 48.0458], [11.9609, 48.0458], [11.9607, 48.0458], [11.9605, 48.0457]], [[11.962, 48.0464], [11.9619, 48.0463], [11.9617, 48.0462], [11.9615, 48.046], [11.9613, 48.0459]], [[11.9622, 48.0467], [11.9622, 48.0466], [11.9621, 48.0465], [11.962, 48.0465], [11.962, 48.0464]], [[11.9624, 48.0469], [11.9622, 48.0467]], [[11.9634, 48.048], [11.9631, 48.0477], [11.963, 48.0475], [11.9629, 48.0474], [11.9624, 48.0469]], [[11.964, 48.0489], [11.9639, 48.0486], [11.9637, 48.0484], [11.9636, 48.0483], [11.9634, 48.048]], [[11.9627, 48.0539], [11.9627, 48.0537], [11.9627, 48.0535], [11.9628, 48.0533], [11.9628, 48.0531], [11.9629, 48.0529], [11.963, 48.0527], [11.9634, 48.052], [11.9638, 48.0513], [11.9641, 48.0508], [11.9642, 48.0507], [11.9642, 48.0506], [11.9643, 48.0505], [11.9643, 48.0504], [11.9643, 48.0502], [11.9643, 48.0501], [11.9644, 48.05], [11.9644, 48.0499], [11.9644, 48.0498], [11.9643, 48.0496], [11.9643, 48.0493], [11.9643, 48.0492], [11.9642, 48.0491], [11.9641, 48.0489], [11.964, 48.0489]], [[11.9621, 48.0573], [11.9624, 48.0568], [11.9625, 48.0564], [11.9626, 48.0562], [11.9627, 48.056], [11.9627, 48.0558], [11.9627, 48.0557], [11.9628, 48.0555], [11.9628, 48.0552], [11.9627, 48.0539]], [[11.9621, 48.0574], [11.9621, 48.0573]], [[11.9614, 48.0586], [11.9621, 48.0574]], [[11.9601, 48.0612], [11.9603, 48.0609], [11.9605, 48.0604], [11.9607, 48.06], [11.9608, 48.0598], [11.9614, 48.0586]], [[11.9588, 48.0637], [11.9601, 48.0612]], [[11.9586, 48.064], [11.9588, 48.0637]], [[11.9575, 48.0663], [11.958, 48.0652], [11.9586, 48.064]], [[11.9594, 48.0688], [11.9591, 48.0688], [11.9589, 48.0687], [11.9587, 48.0686], [11.9586, 48.0686], [11.9584, 48.0685], [11.9583, 48.0685], [11.9581, 48.0684], [11.958, 48.0683], [11.9578, 48.0682], [11.9577, 48.0681], [11.9576, 48.0679], [11.9575, 48.0678], [11.9574, 48.0677], [11.9574, 48.0676], [11.9573, 48.0674], [11.9573, 48.0673], [11.9573, 48.0672], [11.9573, 48.067], [11.9573, 48.0669], [11.9573, 48.0668], [11.9573, 48.0666], [11.9575, 48.0663]], [[11.9656, 48.0722], [11.9657, 48.072], [11.9657, 48.0719], [11.9658, 48.0717], [11.9658, 48.0716], [11.9659, 48.0714], [11.9659, 48.0713], [11.9659, 48.0711], [11.9658, 48.071], [11.9658, 48.0707], [11.9657, 48.0706], [11.9656, 48.0704], [11.9654, 48.0702], [11.9652, 48.0701], [11.9651, 48.07], [11.9649, 48.0698], [11.9646, 48.0697], [11.9643, 48.0696], [11.964, 48.0695], [11.9636, 48.0695], [11.9632, 48.0694], [11.9613, 48.0691], [11.9602, 48.0689], [11.9594, 48.0688]], [[11.9667, 48.0746], [11.9666, 48.0745], [11.9664, 48.0744], [11.9662, 48.0743], [11.9661, 48.0742], [11.966, 48.0741], [11.9658, 48.0739], [11.9657, 48.0738], [11.9655, 48.0735], [11.9655, 48.0734], [11.9655, 48.0733], [11.9654, 48.0731], [11.9654, 48.073], [11.9655, 48.0728], [11.9655, 48.0726], [11.9656, 48.0722]], [[11.9667, 48.0746], [11.967, 48.0747], [11.9671, 48.0747], [11.9673, 48.0748], [11.9675, 48.0748], [11.9677, 48.0749]], [[11.9677, 48.0749], [11.9678, 48.0749], [11.968, 48.0749], [11.9681, 48.0749], [11.9684, 48.0749], [11.9686, 48.0749], [11.9693, 48.0749]], [[11.9406, 48.0432], [11.9406, 48.0433], [11.9405, 48.0432], [11.9405, 48.0433], [11.9405, 48.0434], [11.9404, 48.0434], [11.9404, 48.0435], [11.9403, 48.0436], [11.9404, 48.0436], [11.9404, 48.0437], [11.9403, 48.0437], [11.9402, 48.0438], [11.9401, 48.0438], [11.9403, 48.0436], [11.9405, 48.0433], [11.9414, 48.042], [11.9406, 48.0432]], [[11.8863, 48.0716], [11.8873, 48.071], [11.8884, 48.0704], [11.8879, 48.0707], [11.8874, 48.071], [11.8873, 48.071], [11.8871, 48.0712], [11.8863, 48.0716]], [[11.3473, 48.005], [11.3473, 48.0053], [11.3473, 48.0063], [11.3472, 48.0074], [11.3473, 48.0074], [11.3473, 48.0053], [11.3473, 48.005]], [[11.2908, 47.9476], [11.2908, 47.9475], [11.2905, 47.9473], [11.2902, 47.947], [11.29, 47.9467], [11.2898, 47.9466], [11.2897, 47.9465], [11.2895, 47.9463], [11.2895, 47.9462], [11.2892, 47.946], [11.2895, 47.9463], [11.2896, 47.9465], [11.2898, 47.9466], [11.2899, 47.9468], [11.2902, 47.947], [11.2904, 47.9472], [11.2908, 47.9476]], [[11.9428, 48.0411], [11.9424, 48.0413]], [[11.9424, 48.0413], [11.9421, 48.0414], [11.9419, 48.0416], [11.9417, 48.0417], [11.9417, 48.0418], [11.9416, 48.0418], [11.9415, 48.0419]], [[11.9415, 48.0419], [11.9414, 48.042], [11.9407, 48.043], [11.9403, 48.0435]], [[11.9403, 48.0435], [11.9401, 48.0438]], [[11.9401, 48.0438], [11.9399, 48.044], [11.9397, 48.0443], [11.9391, 48.0451], [11.9389, 48.0453], [11.9387, 48.0455], [11.9383, 48.046]], [[11.9383, 48.046], [11.9377, 48.0467], [11.9375, 48.0469]], [[11.9375, 48.0469], [11.9373, 48.0471], [11.937, 48.0474], [11.9367, 48.0477], [11.9364, 48.048], [11.936, 48.0483], [11.9358, 48.0485], [11.9355, 48.0488], [11.935, 48.0491], [11.9345, 48.0495], [11.9342, 48.0497], [11.9338, 48.05], [11.9335, 48.0502], [11.9331, 48.0504], [11.9325, 48.0507], [11.9319, 48.0511], [11.9309, 48.0517], [11.9286, 48.053]], [[11.9284, 48.0531], [11.9251, 48.055], [11.9229, 48.0563], [11.9214, 48.0571], [11.9198, 48.0581], [11.9193, 48.0584], [11.919, 48.0585], [11.9188, 48.0587], [11.9185, 48.0588], [11.9182, 48.0589], [11.9179, 48.0591], [11.9176, 48.0592], [11.9172, 48.0594], [11.9169, 48.0595], [11.9165, 48.0596], [11.9157, 48.0599], [11.9138, 48.0605], [11.9133, 48.0607], [11.913, 48.0608], [11.9126, 48.0609], [11.9123, 48.061], [11.912, 48.0612], [11.9116, 48.0614], [11.9112, 48.0616], [11.9083, 48.0631], [11.9075, 48.0635], [11.9072, 48.0637], [11.907, 48.0638], [11.9066, 48.0639], [11.9064, 48.064], [11.906, 48.0642], [11.9057, 48.0643], [11.9053, 48.0644], [11.9051, 48.0645], [11.9046, 48.0646], [11.9038, 48.0649], [11.9007, 48.0657], [11.8975, 48.0666], [11.8966, 48.0669], [11.8957, 48.0671], [11.8945, 48.0675], [11.894, 48.0676], [11.8934, 48.0678], [11.893, 48.0679], [11.8926, 48.0681], [11.8923, 48.0682], [11.8919, 48.0683], [11.8916, 48.0685], [11.8912, 48.0687], [11.8909, 48.0688], [11.8907, 48.069], [11.8904, 48.0691], [11.89, 48.0693], [11.8895, 48.0696], [11.889, 48.07], [11.8884, 48.0704], [11.8873, 48.071], [11.8863, 48.0716], [11.8847, 48.0725], [11.8829, 48.0736], [11.8818, 48.0742], [11.8811, 48.0745], [11.8797, 48.0754], [11.8767, 48.0772], [11.8755, 48.0779], [11.8751, 48.0781], [11.8746, 48.0783], [11.8742, 48.0786], [11.8737, 48.0788], [11.8731, 48.0791], [11.8727, 48.0793], [11.8722, 48.0795], [11.8718, 48.0796], [11.8712, 48.0799], [11.8707, 48.08], [11.8683, 48.081]], [[11.8683, 48.081], [11.8672, 48.0814], [11.866, 48.0818]], [[11.866, 48.0818], [11.8653, 48.0821]], [[11.8653, 48.0821], [11.864, 48.0825], [11.8634, 48.0827], [11.8632, 48.0828], [11.8625, 48.083], [11.8619, 48.0832], [11.8611, 48.0834], [11.8604, 48.0837]], [[11.8604, 48.0837], [11.8598, 48.0839], [11.8582, 48.0844], [11.8576, 48.0846], [11.857, 48.0848], [11.8566, 48.085], [11.8562, 48.0851], [11.8557, 48.0852], [11.8553, 48.0853], [11.8549, 48.0854], [11.8543, 48.0855], [11.8538, 48.0857], [11.8533, 48.0858], [11.8523, 48.0859], [11.8486, 48.0866], [11.8459, 48.0871], [11.8444, 48.0874], [11.8443, 48.0874], [11.8423, 48.0878], [11.8418, 48.0879], [11.8413, 48.088], [11.8403, 48.0882], [11.8399, 48.0883], [11.8391, 48.0884], [11.8377, 48.0887], [11.8357, 48.0891]], [[11.8357, 48.0891], [11.8345, 48.0893], [11.8344, 48.0893], [11.8342, 48.0893], [11.8336, 48.0894], [11.8333, 48.0895], [11.8325, 48.0896]], [[11.8325, 48.0896], [11.8324, 48.0897], [11.8321, 48.0897], [11.8315, 48.0898], [11.8314, 48.0898], [11.8311, 48.0899], [11.8305, 48.09], [11.8287, 48.0903]], [[11.8287, 48.0903], [11.8286, 48.0903], [11.8285, 48.0903], [11.8279, 48.0904], [11.8272, 48.0905], [11.826, 48.0907], [11.8254, 48.0909], [11.8247, 48.091], [11.8237, 48.0912], [11.8235, 48.0913], [11.8223, 48.0915], [11.8207, 48.0919], [11.8202, 48.092]], [[11.8202, 48.092], [11.8198, 48.0921]], [[11.8198, 48.0921], [11.8188, 48.0923], [11.8158, 48.0929], [11.8128, 48.0936], [11.8108, 48.094], [11.8079, 48.0947], [11.8074, 48.0948], [11.8029, 48.0957], [11.8018, 48.096]], [[11.8018, 48.096], [11.8014, 48.0961]], [[11.8014, 48.0961], [11.801, 48.0962], [11.8006, 48.0962], [11.7984, 48.0967], [11.7942, 48.0976], [11.79, 48.0986], [11.7893, 48.0987], [11.7891, 48.0988], [11.7884, 48.099], [11.7882, 48.099], [11.7871, 48.0993], [11.7857, 48.0995], [11.7855, 48.0996], [11.7852, 48.0996], [11.7851, 48.0997], [11.7844, 48.0998], [11.7838, 48.0999], [11.7831, 48.1], [11.7792, 48.1009], [11.7752, 48.1018], [11.774, 48.102], [11.7723, 48.1024], [11.771, 48.1027], [11.7703, 48.1028], [11.768, 48.1033], [11.7676, 48.1034], [11.7654, 48.104], [11.765, 48.104], [11.7646, 48.1041], [11.7623, 48.1046], [11.7619, 48.1047], [11.7604, 48.105], [11.76, 48.1051], [11.7577, 48.1056], [11.7572, 48.1057], [11.7562, 48.1059], [11.7549, 48.1062]], [[11.7549, 48.1062], [11.7542, 48.1063], [11.7533, 48.1065]], [[11.7533, 48.1065], [11.7525, 48.1067], [11.7518, 48.1069], [11.7498, 48.1073], [11.747, 48.1079], [11.7464, 48.108], [11.7447, 48.1084], [11.7443, 48.1085], [11.7429, 48.1088], [11.7426, 48.1089], [11.7399, 48.1094], [11.7393, 48.1096], [11.7388, 48.1097], [11.7379, 48.1099], [11.7352, 48.1106], [11.7349, 48.1106], [11.7335, 48.111], [11.7328, 48.1111], [11.7325, 48.1112], [11.7323, 48.1112], [11.7315, 48.1114], [11.7312, 48.1115], [11.7307, 48.1116], [11.7295, 48.1118], [11.7292, 48.1119], [11.7287, 48.112], [11.728, 48.1121], [11.7266, 48.1124], [11.7263, 48.1125], [11.7252, 48.1127], [11.7239, 48.1129], [11.7233, 48.113], [11.721, 48.1136], [11.7201, 48.1137], [11.7187, 48.114], [11.7164, 48.1145], [11.7076, 48.1165], [11.7073, 48.1165], [11.7055, 48.1169], [11.7051, 48.117], [11.7037, 48.1173], [11.7025, 48.1176], [11.7011, 48.1179], [11.7003, 48.1181], [11.7002, 48.1181], [11.6995, 48.1183], [11.6989, 48.1184], [11.6982, 48.1185], [11.6975, 48.1187], [11.6962, 48.1189], [11.6954, 48.1191], [11.6938, 48.1194], [11.6935, 48.1195], [11.6908, 48.1201], [11.6904, 48.1202], [11.6884, 48.1206], [11.6881, 48.1207], [11.6857, 48.1212], [11.683, 48.1218], [11.6798, 48.1225], [11.6779, 48.1229], [11.6761, 48.1233], [11.676, 48.1233], [11.675, 48.1235], [11.6734, 48.1239], [11.6724, 48.1241], [11.672, 48.1242], [11.6706, 48.1245], [11.6705, 48.1245], [11.6696, 48.1247], [11.668, 48.1251], [11.667, 48.1253], [11.6649, 48.1257], [11.6647, 48.1258], [11.6634, 48.1261], [11.6621, 48.1264]], [[11.6621, 48.1264], [11.6617, 48.1264], [11.661, 48.1266], [11.6607, 48.1267], [11.6604, 48.1267]], [[11.6604, 48.1267], [11.66, 48.1268], [11.6596, 48.127], [11.6594, 48.127], [11.6589, 48.1272], [11.6586, 48.1273], [11.658, 48.1276], [11.6574, 48.1279], [11.6568, 48.1282], [11.6567, 48.1283], [11.6564, 48.1284], [11.6556, 48.1288], [11.6537, 48.1297], [11.6518, 48.1306], [11.6513, 48.1309], [11.651, 48.131], [11.6507, 48.1311], [11.6505, 48.1312], [11.6502, 48.1314]], [[11.6502, 48.1314], [11.6497, 48.1316], [11.6492, 48.1317], [11.6487, 48.1319], [11.6476, 48.1322], [11.6463, 48.1325], [11.6449, 48.1329], [11.6447, 48.133], [11.6444, 48.133], [11.644, 48.1331], [11.6437, 48.1332], [11.6433, 48.1332], [11.6427, 48.1333], [11.642, 48.1334], [11.6412, 48.1334], [11.6404, 48.1334], [11.6395, 48.1334], [11.6392, 48.1335], [11.6384, 48.1335]], [[11.6384, 48.1335], [11.6381, 48.1336], [11.6365, 48.1337], [11.6363, 48.1337], [11.635, 48.1339], [11.6349, 48.1339], [11.6335, 48.134], [11.6327, 48.1341], [11.6321, 48.1342], [11.632, 48.1342], [11.6315, 48.1342], [11.6307, 48.1343], [11.6301, 48.1344], [11.6293, 48.1344], [11.6275, 48.1346], [11.6274, 48.1346], [11.6271, 48.1346], [11.6268, 48.1347], [11.6265, 48.1347], [11.6262, 48.1348], [11.6256, 48.1349], [11.6248, 48.135]], [[11.6248, 48.135], [11.6241, 48.1352], [11.6238, 48.1352], [11.6232, 48.1353], [11.6227, 48.1353], [11.6221, 48.1353]], [[11.6221, 48.1353], [11.6216, 48.1353], [11.6209, 48.1352], [11.6203, 48.1351], [11.6194, 48.135]], [[11.6194, 48.135], [11.619, 48.1349], [11.6181, 48.1347], [11.618, 48.1347], [11.6171, 48.1346], [11.6165, 48.1345], [11.6162, 48.1344], [11.6159, 48.1344], [11.6157, 48.1343], [11.6154, 48.1343], [11.6152, 48.1342], [11.6151, 48.1342], [11.6148, 48.1341], [11.6145, 48.134], [11.6143, 48.1339], [11.6141, 48.1339], [11.6139, 48.1338], [11.6137, 48.1337], [11.6135, 48.1335], [11.613, 48.1333], [11.6126, 48.1331], [11.6125, 48.133]], [[11.6125, 48.133], [11.6116, 48.1324], [11.6114, 48.1322], [11.6105, 48.1317], [11.61, 48.1313], [11.6097, 48.1311], [11.6094, 48.1308], [11.6093, 48.1307], [11.6092, 48.1306], [11.6086, 48.1302], [11.6082, 48.1299]], [[11.6082, 48.1299], [11.6072, 48.1293], [11.6068, 48.129], [11.6067, 48.129], [11.6062, 48.1286], [11.6061, 48.1286], [11.6061, 48.1285]], [[11.6061, 48.1285], [11.605, 48.1278]], [[11.605, 48.1278], [11.6045, 48.1275], [11.6041, 48.1272], [11.604, 48.1272], [11.604, 48.1271]], [[11.604, 48.1271], [11.6038, 48.1269], [11.6035, 48.1268], [11.6034, 48.1266], [11.6032, 48.1265], [11.6028, 48.1263]], [[11.6028, 48.1263], [11.6026, 48.1262], [11.6024, 48.1261]], [[11.6024, 48.1261], [11.6022, 48.126], [11.6021, 48.126], [11.602, 48.126]], [[11.602, 48.126], [11.6018, 48.1259], [11.6017, 48.1259], [11.6014, 48.1258], [11.6013, 48.1258], [11.6011, 48.1257], [11.6009, 48.1257]], [[11.5523, 48.1421], [11.552, 48.142], [11.5517, 48.142], [11.5515, 48.142], [11.5513, 48.1419], [11.551, 48.1419]], [[11.551, 48.1419], [11.5508, 48.1419], [11.5505, 48.1419], [11.5503, 48.1419], [11.5501, 48.1419], [11.55, 48.1419]], [[11.55, 48.1419], [11.5498, 48.1419], [11.5494, 48.142], [11.5486, 48.142], [11.5484, 48.142]], [[11.5484, 48.142], [11.5482, 48.1421], [11.5475, 48.1421], [11.5472, 48.1421], [11.5471, 48.1421]], [[11.5471, 48.1421], [11.547, 48.1421], [11.545, 48.1423], [11.5447, 48.1423], [11.5446, 48.1423], [11.5441, 48.1424], [11.5432, 48.1424], [11.5417, 48.1425], [11.5408, 48.1426]], [[11.5408, 48.1426], [11.5405, 48.1426], [11.5396, 48.1427], [11.5389, 48.1427]], [[11.5389, 48.1427], [11.5387, 48.1428], [11.5386, 48.1428], [11.5381, 48.1428], [11.538, 48.1428], [11.5377, 48.1428], [11.5372, 48.1428], [11.5368, 48.1428], [11.5365, 48.1428], [11.5358, 48.1428], [11.5355, 48.1428], [11.5353, 48.1428]], [[11.5353, 48.1428], [11.5351, 48.1428], [11.5345, 48.1428], [11.5339, 48.1428], [11.5337, 48.1428], [11.533, 48.1428], [11.5326, 48.1428], [11.5319, 48.1428], [11.5312, 48.1427], [11.5306, 48.1427], [11.5299, 48.1428], [11.5295, 48.1428], [11.5283, 48.1429], [11.5244, 48.1432], [11.5239, 48.1432], [11.5232, 48.1433], [11.5225, 48.1434], [11.5218, 48.1434], [11.5212, 48.1435], [11.5211, 48.1435]], [[11.5211, 48.1435], [11.5209, 48.1435], [11.5202, 48.1436], [11.5199, 48.1436], [11.5196, 48.1436], [11.5195, 48.1436], [11.5192, 48.1436], [11.5191, 48.1436], [11.519, 48.1436], [11.5189, 48.1436], [11.5184, 48.1436], [11.5181, 48.1436], [11.5179, 48.1436], [11.5177, 48.1436], [11.5173, 48.1436], [11.5171, 48.1436], [11.5167, 48.1436], [11.5164, 48.1436], [11.5157, 48.1435]], [[11.5157, 48.1435], [11.5149, 48.1435], [11.5145, 48.1435]], [[11.5145, 48.1435], [11.5141, 48.1435], [11.5137, 48.1434], [11.5132, 48.1434]], [[11.5132, 48.1434], [11.5129, 48.1434], [11.5126, 48.1435], [11.5122, 48.1435], [11.5119, 48.1435], [11.5115, 48.1436], [11.5109, 48.1437], [11.5105, 48.1438], [11.51, 48.1439], [11.5097, 48.144], [11.5094, 48.144], [11.5091, 48.144], [11.5087, 48.1441], [11.5083, 48.1441], [11.5078, 48.1442], [11.5071, 48.1442], [11.5066, 48.1443], [11.5058, 48.1443], [11.5056, 48.1444], [11.505, 48.1444], [11.5045, 48.1445], [11.5044, 48.1445], [11.5043, 48.1445], [11.5037, 48.1446], [11.503, 48.1446], [11.5027, 48.1447], [11.5026, 48.1447], [11.5023, 48.1447], [11.5017, 48.1448], [11.5016, 48.1448], [11.5015, 48.1448], [11.5014, 48.1448]], [[11.5014, 48.1448], [11.5012, 48.1448], [11.5009, 48.1448], [11.5007, 48.1449], [11.5005, 48.1449], [11.5003, 48.1449], [11.4998, 48.1449], [11.4991, 48.1449], [11.4988, 48.1449], [11.4983, 48.145], [11.498, 48.145], [11.4976, 48.1451], [11.4972, 48.1451], [11.4968, 48.1452]], [[11.4968, 48.1452], [11.4964, 48.1453], [11.4952, 48.1456]], [[11.4952, 48.1456], [11.4947, 48.1457], [11.4946, 48.1457], [11.4944, 48.1458], [11.494, 48.1459], [11.4937, 48.1459], [11.4933, 48.146], [11.4929, 48.146], [11.4925, 48.146], [11.4922, 48.1461], [11.4918, 48.146], [11.4914, 48.146], [11.4911, 48.146], [11.4909, 48.146], [11.4907, 48.146]], [[11.4907, 48.146], [11.49, 48.1459]], [[11.49, 48.1459], [11.4899, 48.1459]], [[11.4899, 48.1459], [11.4893, 48.1458]], [[11.4893, 48.1458], [11.4885, 48.1458], [11.4881, 48.1458], [11.4878, 48.1458], [11.4875, 48.1458], [11.4873, 48.1458]], [[11.4873, 48.1458], [11.4872, 48.1458], [11.4863, 48.1458], [11.4842, 48.146], [11.4818, 48.1462], [11.4814, 48.1462]], [[11.4814, 48.1462], [11.4807, 48.1463], [11.4789, 48.1464], [11.4783, 48.1464], [11.4778, 48.1465], [11.4762, 48.1466], [11.4753, 48.1466], [11.4749, 48.1467]], [[11.4749, 48.1467], [11.474, 48.1467], [11.4738, 48.1468], [11.4734, 48.1468], [11.4725, 48.1469], [11.472, 48.1469], [11.4716, 48.147], [11.471, 48.1471], [11.4709, 48.1471], [11.4705, 48.1472], [11.4696, 48.1474], [11.4693, 48.1475], [11.4691, 48.1476], [11.469, 48.1476], [11.468, 48.148], [11.4667, 48.1484]], [[11.4667, 48.1484], [11.4659, 48.1487]], [[11.4659, 48.1487], [11.4658, 48.1488]], [[11.4658, 48.1488], [11.4657, 48.1488]], [[11.4657, 48.1488], [11.4646, 48.1491]], [[11.4646, 48.1491], [11.4644, 48.1492]], [[11.4644, 48.1492], [11.4632, 48.1496], [11.4629, 48.1496], [11.4625, 48.1498], [11.4617, 48.15], [11.461, 48.1502], [11.4598, 48.1506]], [[11.4598, 48.1506], [11.4596, 48.1506]], [[11.4596, 48.1506], [11.4589, 48.1509], [11.458, 48.1512], [11.4578, 48.1512], [11.4575, 48.1513], [11.4568, 48.1516]], [[11.4568, 48.1516], [11.4562, 48.1517], [11.456, 48.1518]], [[11.456, 48.1518], [11.4558, 48.1518], [11.4556, 48.1519], [11.4551, 48.152], [11.4548, 48.1521], [11.4543, 48.1521], [11.4541, 48.1521], [11.454, 48.1522], [11.4538, 48.1522], [11.4535, 48.1522], [11.4532, 48.1522], [11.4529, 48.1522], [11.4528, 48.1522], [11.4526, 48.1522], [11.4523, 48.1521], [11.452, 48.1521], [11.4518, 48.152], [11.4515, 48.152]], [[11.4515, 48.152], [11.4513, 48.1519], [11.4508, 48.1518], [11.45, 48.1516], [11.4486, 48.1513], [11.4479, 48.1511], [11.4472, 48.1509]], [[11.4472, 48.1509], [11.4469, 48.1508]], [[11.4469, 48.1508], [11.4466, 48.1507], [11.4463, 48.1505], [11.4458, 48.1503], [11.4455, 48.1502], [11.4454, 48.1501]], [[11.4454, 48.1501], [11.4449, 48.1498]], [[11.4449, 48.1498], [11.4448, 48.1498], [11.4445, 48.1496], [11.4442, 48.1493], [11.4441, 48.1492], [11.4438, 48.149]], [[11.4438, 48.149], [11.4437, 48.1489], [11.4435, 48.1488]], [[11.4435, 48.1488], [11.4434, 48.1486], [11.4433, 48.1485], [11.4432, 48.1484], [11.4431, 48.1484], [11.443, 48.1482], [11.4429, 48.148], [11.4428, 48.1479]], [[11.4428, 48.1479], [11.4426, 48.1477], [11.4425, 48.1475], [11.4424, 48.1474], [11.4423, 48.1472], [11.4422, 48.1471], [11.4422, 48.147], [11.4421, 48.1469], [11.4421, 48.1468], [11.4419, 48.1465], [11.4418, 48.1463]], [[11.4418, 48.1463], [11.4417, 48.1462], [11.4415, 48.1457]], [[11.4415, 48.1457], [11.4414, 48.1455]], [[11.4414, 48.1455], [11.4411, 48.1451], [11.4408, 48.1445], [11.4394, 48.1424], [11.437, 48.1385], [11.4327, 48.1314]], [[11.4327, 48.1314], [11.4321, 48.1304], [11.4318, 48.13], [11.4315, 48.1295]], [[11.4315, 48.1295], [11.4314, 48.1294]], [[11.4314, 48.1294], [11.4309, 48.1286], [11.4307, 48.1283], [11.4304, 48.1278], [11.4302, 48.1274]], [[11.4302, 48.1274], [11.43, 48.1271]], [[11.43, 48.1271], [11.4299, 48.1268], [11.4296, 48.1262], [11.4292, 48.1256], [11.4285, 48.1245], [11.4276, 48.123], [11.4267, 48.1216], [11.4265, 48.1213], [11.4264, 48.121], [11.4262, 48.1208]], [[11.4262, 48.1208], [11.4261, 48.1206]], [[11.4261, 48.1206], [11.426, 48.1205], [11.4259, 48.1204], [11.4257, 48.1201], [11.4256, 48.1199], [11.4255, 48.1198], [11.4255, 48.1197], [11.4254, 48.1197], [11.4251, 48.1191], [11.4249, 48.1186], [11.4248, 48.1185]], [[11.4248, 48.1185], [11.4246, 48.1182]], [[11.4246, 48.1182], [11.4244, 48.1178], [11.4239, 48.117], [11.4237, 48.1166], [11.4234, 48.1161], [11.4231, 48.1157], [11.4227, 48.1153], [11.4224, 48.1149], [11.422, 48.1145], [11.4213, 48.1137], [11.4208, 48.1132], [11.4203, 48.1126], [11.4189, 48.1111], [11.4176, 48.1098], [11.417, 48.1091], [11.4164, 48.1084], [11.416, 48.108]], [[11.416, 48.108], [11.4158, 48.1078]], [[11.4158, 48.1078], [11.4154, 48.1074], [11.4151, 48.107], [11.4143, 48.1062]], [[11.4143, 48.1062], [11.4138, 48.1058], [11.4136, 48.1055], [11.4131, 48.105], [11.4129, 48.1048], [11.4127, 48.1046], [11.4126, 48.1044]], [[11.4126, 48.1044], [11.4122, 48.104]], [[11.4122, 48.104], [11.4118, 48.1035], [11.4112, 48.1028], [11.4106, 48.1021], [11.4094, 48.1009], [11.4088, 48.1002], [11.4082, 48.0996], [11.4076, 48.099], [11.4069, 48.0984]], [[11.4069, 48.0984], [11.4068, 48.0982]], [[11.4068, 48.0982], [11.4062, 48.0977], [11.4056, 48.0971], [11.4049, 48.0966], [11.4037, 48.0956], [11.4028, 48.0949], [11.4025, 48.0947]], [[11.4025, 48.0947], [11.4025, 48.0946], [11.402, 48.0943], [11.4016, 48.094], [11.4013, 48.0938], [11.4011, 48.0936], [11.4008, 48.0934], [11.4006, 48.0932], [11.4002, 48.0928], [11.4001, 48.0928]], [[11.4001, 48.0928], [11.4, 48.0927]], [[11.4, 48.0927], [11.3999, 48.0926], [11.3991, 48.0919], [11.3976, 48.0907]], [[11.3976, 48.0907], [11.3937, 48.0876], [11.3911, 48.0855], [11.3884, 48.0834], [11.3874, 48.0826], [11.3867, 48.082], [11.3863, 48.0816], [11.3858, 48.0812], [11.3852, 48.0806], [11.3831, 48.0784], [11.3822, 48.0774], [11.3813, 48.0764], [11.3804, 48.0754], [11.3797, 48.0747], [11.3792, 48.0741], [11.3788, 48.0738]], [[11.3788, 48.0738], [11.3784, 48.0733], [11.3782, 48.0731], [11.3778, 48.0727], [11.3774, 48.0722], [11.3769, 48.0717], [11.3767, 48.0714], [11.3765, 48.0712], [11.3763, 48.071], [11.3761, 48.0707], [11.3757, 48.0702], [11.3755, 48.07], [11.3754, 48.0698], [11.375, 48.0692], [11.3746, 48.0687], [11.3745, 48.0685], [11.3741, 48.0679]], [[11.3741, 48.0679], [11.374, 48.0678], [11.3738, 48.0675]], [[11.3738, 48.0675], [11.3736, 48.0674]], [[11.3736, 48.0674], [11.3731, 48.0668], [11.3724, 48.0662], [11.3696, 48.0633], [11.3666, 48.0605], [11.3661, 48.0599], [11.3658, 48.0596], [11.3655, 48.0593], [11.3652, 48.059], [11.3651, 48.0588], [11.365, 48.0586], [11.3649, 48.0584], [11.3648, 48.0582], [11.3646, 48.058], [11.3645, 48.0578], [11.3643, 48.0574]], [[11.3643, 48.0574], [11.3642, 48.0571]], [[11.3642, 48.0571], [11.3641, 48.0568], [11.364, 48.0565], [11.3629, 48.0535], [11.3618, 48.0506], [11.3608, 48.0478], [11.3601, 48.0459], [11.36, 48.0456], [11.3599, 48.0452], [11.3598, 48.0449], [11.3596, 48.0445], [11.3594, 48.0437], [11.3592, 48.0429], [11.3589, 48.0421], [11.3586, 48.0409], [11.3577, 48.0381], [11.3573, 48.0369], [11.3569, 48.0356], [11.3566, 48.0348]], [[11.3566, 48.0348], [11.3564, 48.0342], [11.3562, 48.034], [11.3561, 48.0337], [11.3558, 48.0333], [11.3555, 48.033], [11.3553, 48.0327], [11.355, 48.0325], [11.3548, 48.0323], [11.3546, 48.0321]], [[11.3546, 48.0321], [11.3526, 48.0305], [11.3522, 48.0302], [11.3519, 48.03], [11.3517, 48.0297], [11.3516, 48.0296], [11.3515, 48.0295], [11.3512, 48.0292], [11.351, 48.029], [11.3509, 48.0288], [11.3508, 48.0286], [11.3507, 48.0284], [11.3506, 48.0283], [11.3505, 48.0279], [11.3504, 48.0278], [11.3504, 48.0276], [11.3503, 48.0275], [11.3503, 48.0274], [11.3503, 48.0272], [11.3503, 48.027], [11.3502, 48.0267], [11.3502, 48.0262], [11.3503, 48.026], [11.3503, 48.0257], [11.3505, 48.0246], [11.3506, 48.0242], [11.3506, 48.0238], [11.3507, 48.0236], [11.3507, 48.0235], [11.3507, 48.0232], [11.3507, 48.0229], [11.3506, 48.0226], [11.3506, 48.0223], [11.3505, 48.0221], [11.3504, 48.0218], [11.3503, 48.0216], [11.3502, 48.0213], [11.35, 48.0208], [11.3499, 48.0207], [11.3498, 48.0205], [11.3495, 48.0202], [11.349, 48.0195], [11.3487, 48.0191], [11.3483, 48.0186], [11.3481, 48.0183], [11.348, 48.0181], [11.3479, 48.018], [11.3478, 48.0177], [11.3477, 48.0176], [11.3476, 48.0173], [11.3475, 48.0172], [11.3475, 48.017], [11.3474, 48.0169], [11.3474, 48.0168], [11.3474, 48.0166], [11.3473, 48.0165], [11.3473, 48.0163], [11.3472, 48.016], [11.3472, 48.0157], [11.3472, 48.0154], [11.3472, 48.0149], [11.3473, 48.0077]], [[11.3473, 48.0077], [11.3473, 48.0062], [11.3474, 48.0049]], [[11.3474, 48.0045], [11.3474, 48.0028]], [[11.3474, 48.0028], [11.3474, 48.0024]], [[11.3474, 48.0024], [11.3474, 48.0013], [11.3475, 48.0001], [11.3475, 47.9999]], [[11.3475, 47.9999], [11.3475, 47.9993], [11.3475, 47.9989], [11.3475, 47.9984]], [[11.3475, 47.9984], [11.3475, 47.9982], [11.3475, 47.9981], [11.3474, 47.9979], [11.3474, 47.9978], [11.3473, 47.9977], [11.3473, 47.9976], [11.3472, 47.9974], [11.347, 47.9973], [11.3469, 47.9971], [11.3467, 47.9969], [11.3466, 47.9968], [11.3465, 47.9967], [11.3463, 47.9967], [11.3461, 47.9965], [11.346, 47.9964], [11.3458, 47.9964], [11.3457, 47.9963], [11.3456, 47.9963], [11.3454, 47.9962], [11.3453, 47.9962]], [[11.3453, 47.9962], [11.3452, 47.9962], [11.345, 47.9961], [11.3449, 47.9961], [11.3447, 47.9961], [11.3445, 47.996], [11.3443, 47.996], [11.3439, 47.996], [11.3433, 47.9959], [11.3426, 47.9959], [11.3424, 47.9959], [11.3422, 47.9958], [11.3421, 47.9958], [11.342, 47.9958], [11.3419, 47.9957], [11.3418, 47.9957], [11.3416, 47.9957], [11.3415, 47.9956], [11.3413, 47.9955], [11.3411, 47.9955], [11.341, 47.9954]], [[11.341, 47.9954], [11.3409, 47.9954], [11.3408, 47.9953], [11.3407, 47.9952], [11.3406, 47.9951], [11.3405, 47.9951], [11.3404, 47.995], [11.3403, 47.9949], [11.3402, 47.9947], [11.3401, 47.9946], [11.34, 47.9945], [11.3398, 47.9942], [11.3397, 47.9941]], [[11.3397, 47.9941], [11.3395, 47.9937], [11.3394, 47.9935], [11.3393, 47.9934], [11.3392, 47.9933], [11.3391, 47.9932], [11.3391, 47.9931], [11.339, 47.993], [11.3389, 47.9929], [11.3386, 47.9926], [11.3376, 47.9917], [11.3375, 47.9915]], [[11.3374, 47.9914], [11.337, 47.9909]], [[11.337, 47.9909], [11.3358, 47.9893], [11.335, 47.9883], [11.3342, 47.9872]], [[11.3342, 47.9872], [11.334, 47.987]], [[11.334, 47.987], [11.334, 47.9869], [11.3338, 47.9867], [11.3336, 47.9865], [11.3331, 47.986], [11.3325, 47.9855], [11.332, 47.985], [11.3292, 47.9828], [11.3274, 47.9813], [11.3261, 47.9804], [11.3255, 47.9799], [11.3249, 47.9794], [11.3235, 47.9783], [11.3229, 47.9778], [11.3221, 47.9772], [11.3202, 47.9756], [11.3192, 47.9748], [11.3182, 47.9741], [11.3174, 47.9734], [11.3143, 47.9709], [11.3137, 47.9704], [11.3134, 47.9701], [11.3131, 47.9698], [11.3127, 47.9694], [11.3125, 47.969], [11.3123, 47.9687], [11.3122, 47.9684], [11.3121, 47.9681], [11.3119, 47.9678], [11.3114, 47.9667], [11.3112, 47.9663], [11.311, 47.9659], [11.3107, 47.9656], [11.3105, 47.9653], [11.3103, 47.9651], [11.31, 47.9648], [11.3099, 47.9646], [11.3097, 47.9645], [11.3095, 47.9643], [11.3093, 47.9641], [11.3088, 47.9638], [11.3077, 47.963], [11.307, 47.9624]], [[11.307, 47.9624], [11.3067, 47.9622], [11.3063, 47.9619], [11.306, 47.9616], [11.3056, 47.9612], [11.3052, 47.9608]], [[11.3052, 47.9608], [11.3048, 47.9602], [11.3046, 47.9599]], [[11.3046, 47.9599], [11.3045, 47.9598]], [[11.3045, 47.9598], [11.3041, 47.9592], [11.3039, 47.9589], [11.3037, 47.9586], [11.3032, 47.958], [11.3028, 47.9574], [11.3026, 47.9572], [11.3023, 47.9568], [11.302, 47.9565], [11.3018, 47.9563], [11.3015, 47.9561], [11.3012, 47.9559], [11.3006, 47.9554], [11.2998, 47.9548], [11.2993, 47.9545], [11.2977, 47.9534], [11.2968, 47.9528], [11.296, 47.9523], [11.2951, 47.9517], [11.2947, 47.9513], [11.2943, 47.9509], [11.2939, 47.9505]], [[11.2938, 47.9504], [11.2935, 47.9501], [11.2927, 47.9493], [11.2913, 47.948], [11.2912, 47.9479], [11.291, 47.9477]], [[11.291, 47.9477], [11.2909, 47.9476]], [[11.2909, 47.9476], [11.2908, 47.9475]], [[11.2908, 47.9475], [11.2905, 47.9472], [11.2902, 47.947], [11.29, 47.9467], [11.2898, 47.9466], [11.2897, 47.9464], [11.2895, 47.9462], [11.2893, 47.946]], [[11.2893, 47.946], [11.2892, 47.9459], [11.2891, 47.9458]], [[11.2891, 47.9458], [11.289, 47.9456], [11.2888, 47.9453], [11.2888, 47.9452], [11.2887, 47.945], [11.2886, 47.9448], [11.2885, 47.9445], [11.2885, 47.9443], [11.2885, 47.9442], [11.2885, 47.944], [11.2885, 47.9436], [11.2885, 47.9434], [11.2885, 47.9431], [11.2887, 47.9421], [11.2889, 47.9415], [11.289, 47.9408], [11.2891, 47.9402], [11.2893, 47.9396], [11.2894, 47.939], [11.2894, 47.9385], [11.2894, 47.938], [11.2894, 47.9376], [11.2893, 47.9369], [11.289, 47.9355], [11.2888, 47.9342], [11.2886, 47.9328], [11.2884, 47.9314], [11.2884, 47.9311], [11.2883, 47.9307], [11.288, 47.9298], [11.2872, 47.9273], [11.2871, 47.927]], [[11.2871, 47.927], [11.287, 47.9268]], [[11.287, 47.9268], [11.2866, 47.9253], [11.2858, 47.923], [11.2854, 47.9215], [11.2852, 47.9211]], [[11.2852, 47.9211], [11.2851, 47.9207], [11.285, 47.9204], [11.2848, 47.9201], [11.2847, 47.9199], [11.2846, 47.9197], [11.2841, 47.9191], [11.2825, 47.9173], [11.2818, 47.9165], [11.2811, 47.9156], [11.281, 47.9156], [11.2806, 47.9152], [11.2804, 47.915], [11.2802, 47.9148], [11.28, 47.9146], [11.2797, 47.9145], [11.2791, 47.9141], [11.2778, 47.9133], [11.2774, 47.913], [11.277, 47.9128]], [[11.277, 47.9128], [11.2766, 47.9125]], [[11.2766, 47.9125], [11.2765, 47.9124], [11.2763, 47.9123], [11.2761, 47.912], [11.276, 47.9119], [11.2759, 47.9118], [11.2758, 47.9117], [11.2757, 47.9115], [11.2754, 47.9112], [11.2751, 47.9107]], [[11.2751, 47.9107], [11.2748, 47.9102]], [[11.2748, 47.9102], [11.2747, 47.9101], [11.2746, 47.9099]], [[11.2746, 47.9099], [11.2742, 47.9092]]]}, "properties": {"ref": "S6", "opened_year": 1972, "is_central_tunnel": false, "segment_count": 313}}, {"type": "Feature", "geometry": {"type": "MultiLineString", "coordinates": [[[11.5608, 48.141], [11.5599, 48.1412], [11.5595, 48.1413], [11.5588, 48.1414], [11.5582, 48.1416], [11.5596, 48.1413], [11.56, 48.1412], [11.5608, 48.141], [11.5611, 48.141], [11.5611, 48.1409], [11.561, 48.1409], [11.5609, 48.141], [11.5608, 48.141]], [[11.5823, 48.1348], [11.5822, 48.1348], [11.5824, 48.1347], [11.5825, 48.1346], [11.5831, 48.1342], [11.5838, 48.1337], [11.584, 48.1336], [11.5842, 48.1335], [11.5843, 48.1335], [11.5841, 48.1337], [11.5839, 48.1338], [11.5832, 48.1342], [11.5825, 48.1346], [11.5824, 48.1347], [11.5823, 48.1348]], [[11.592, 48.13], [11.5936, 48.1289], [11.5938, 48.1288], [11.594, 48.1287], [11.5939, 48.1286], [11.5937, 48.1287], [11.5936, 48.1288], [11.5935, 48.1288], [11.5935, 48.1289], [11.5919, 48.1299], [11.592, 48.13]], [[11.5523, 48.142], [11.5531, 48.1422], [11.5535, 48.1422], [11.5539, 48.1423], [11.5542, 48.1423], [11.5544, 48.1423], [11.5547, 48.1423], [11.5551, 48.1422], [11.5553, 48.1422], [11.5557, 48.1422], [11.5561, 48.1421], [11.5566, 48.142], [11.5569, 48.1419], [11.5571, 48.1419], [11.5575, 48.1418], [11.5577, 48.1417], [11.5583, 48.1416], [11.559, 48.1415], [11.559, 48.1414]], [[11.559, 48.1414], [11.5591, 48.1414]], [[11.5591, 48.1414], [11.5598, 48.1413], [11.5602, 48.1412], [11.5611, 48.141], [11.5619, 48.1408]], [[11.5619, 48.1408], [11.5639, 48.1402], [11.5644, 48.14], [11.5647, 48.1399], [11.5647, 48.1398], [11.5651, 48.1397], [11.5652, 48.1397], [11.5657, 48.1394], [11.5658, 48.1393], [11.5661, 48.1392], [11.5663, 48.1391], [11.5666, 48.139], [11.5672, 48.1388], [11.5678, 48.1387], [11.5684, 48.1386], [11.5691, 48.1385], [11.5702, 48.1384], [11.5707, 48.1383]], [[11.5707, 48.1383], [11.5713, 48.1382], [11.572, 48.138], [11.5726, 48.1378], [11.5732, 48.1376], [11.5733, 48.1376], [11.5756, 48.1371], [11.5759, 48.137], [11.5764, 48.1368], [11.5775, 48.1364], [11.5778, 48.1363], [11.5782, 48.1362], [11.58, 48.1358]], [[11.58, 48.1358], [11.5806, 48.1356], [11.581, 48.1354], [11.5812, 48.1353], [11.5815, 48.1352], [11.5818, 48.135], [11.5822, 48.1348], [11.5831, 48.1341], [11.5842, 48.1335], [11.5844, 48.1333], [11.5847, 48.1332], [11.5851, 48.133], [11.5855, 48.1328], [11.5864, 48.1324], [11.5867, 48.1323], [11.5882, 48.132], [11.5884, 48.1319], [11.5888, 48.1318], [11.5894, 48.1315], [11.59, 48.1312], [11.5906, 48.1308], [11.5918, 48.1299], [11.5919, 48.1299], [11.593, 48.1291], [11.5937, 48.1287], [11.5939, 48.1286], [11.5939, 48.1285], [11.5952, 48.1278], [11.5978, 48.1262], [11.5983, 48.126], [11.5985, 48.1259], [11.5989, 48.1258], [11.5993, 48.1257], [11.5997, 48.1256], [11.6002, 48.1256], [11.6004, 48.1256], [11.6006, 48.1256], [11.6009, 48.1256]], [[11.6018, 48.1257], [11.602, 48.1258], [11.6023, 48.1259], [11.6025, 48.1259]], [[11.6009, 48.1257], [11.6006, 48.1257], [11.6002, 48.1257], [11.5998, 48.1257], [11.5993, 48.1257], [11.5989, 48.1258], [11.5984, 48.126], [11.5978, 48.1263], [11.5946, 48.1282], [11.5944, 48.1284], [11.5941, 48.1286], [11.594, 48.1287], [11.5938, 48.1288], [11.5934, 48.129], [11.5931, 48.1292], [11.5927, 48.1295], [11.592, 48.13], [11.5907, 48.1308], [11.59, 48.1313], [11.5895, 48.1316], [11.5889, 48.1318], [11.5885, 48.132], [11.5868, 48.1324], [11.5865, 48.1325], [11.5856, 48.1329], [11.585, 48.1332], [11.5848, 48.1333], [11.5843, 48.1335], [11.5837, 48.1339], [11.5832, 48.1342], [11.583, 48.1344], [11.5823, 48.1348], [11.5819, 48.1351], [11.5817, 48.1352], [11.5814, 48.1353], [11.5811, 48.1355], [11.5806, 48.1356], [11.58, 48.1358]], [[11.58, 48.1358], [11.5782, 48.1363], [11.5776, 48.1365], [11.5767, 48.1368], [11.5765, 48.1369], [11.576, 48.137], [11.5756, 48.1371], [11.5749, 48.1373], [11.5742, 48.1374], [11.5733, 48.1376], [11.5727, 48.1378], [11.572, 48.138], [11.5714, 48.1382], [11.5707, 48.1383]], [[11.5707, 48.1383], [11.5702, 48.1384], [11.5691, 48.1385], [11.5684, 48.1386], [11.5678, 48.1387], [11.5672, 48.1389], [11.5669, 48.139], [11.5667, 48.1391], [11.5666, 48.1391], [11.5664, 48.1392], [11.5663, 48.1392], [11.5661, 48.1393], [11.566, 48.1394], [11.5659, 48.1394], [11.5658, 48.1395], [11.5657, 48.1396], [11.5654, 48.1397], [11.5653, 48.1397], [11.5652, 48.1398], [11.565, 48.1399], [11.5647, 48.14], [11.5643, 48.1401], [11.5639, 48.1402], [11.5619, 48.1409]], [[11.5619, 48.1409], [11.5612, 48.141], [11.5612, 48.1411], [11.5611, 48.1411], [11.5605, 48.1412], [11.5602, 48.1413], [11.5597, 48.1414]], [[11.5597, 48.1414], [11.5595, 48.1414], [11.5592, 48.1415]], [[11.5592, 48.1415], [11.5591, 48.1415]], [[11.5591, 48.1415], [11.5583, 48.1417], [11.5579, 48.1418], [11.5576, 48.1419], [11.5571, 48.142], [11.5568, 48.142], [11.5565, 48.142], [11.5563, 48.1421], [11.5561, 48.1421], [11.5557, 48.1422], [11.5554, 48.1423], [11.5551, 48.1423], [11.5547, 48.1423], [11.5545, 48.1423], [11.5542, 48.1423], [11.5539, 48.1423], [11.5535, 48.1423], [11.5534, 48.1423], [11.553, 48.1422], [11.5528, 48.1422], [11.5523, 48.1421]]]}, "properties": {"ref": "S6", "opened_year": 1972, "is_central_tunnel": true, "segment_count": 17}}, {"type": "Feature", "geometry": {"type": "MultiLineString", "coordinates": [[[11.554, 48.1419], [11.5541, 48.1419], [11.5543, 48.1419], [11.5544, 48.1419], [11.5559, 48.1418], [11.557, 48.1417], [11.5572, 48.1417], [11.5572, 48.1416], [11.557, 48.1417], [11.5558, 48.1417], [11.5542, 48.1419], [11.5541, 48.1419], [11.554, 48.1419]], [[11.5364, 48.1175], [11.5368, 48.1194], [11.5367, 48.1194], [11.5363, 48.1175], [11.5364, 48.1175]], [[11.5324, 48.0935], [11.5331, 48.0954], [11.533, 48.0953], [11.533, 48.0952], [11.5329, 48.095], [11.5328, 48.095], [11.5329, 48.0949], [11.5327, 48.0946], [11.5327, 48.0945], [11.5326, 48.0942], [11.5325, 48.0942], [11.5325, 48.0941], [11.5323, 48.0936], [11.5324, 48.0935]], [[11.5272, 48.081], [11.5271, 48.0806], [11.5271, 48.0805], [11.527, 48.0805], [11.527, 48.0802], [11.5269, 48.0799], [11.5269, 48.0797], [11.5269, 48.0795], [11.5269, 48.0793], [11.5269, 48.0792], [11.5269, 48.0791], [11.5268, 48.0791], [11.5268, 48.0793], [11.5268, 48.0794], [11.5268, 48.0797], [11.5269, 48.0799], [11.5269, 48.0802], [11.527, 48.0805], [11.527, 48.0806], [11.527, 48.0807], [11.5271, 48.0809], [11.5272, 48.081]], [[11.5311, 48.0716], [11.5305, 48.0704], [11.5306, 48.0704], [11.5312, 48.0716], [11.5311, 48.0716]], [[11.5213, 48.0584], [11.5217, 48.059], [11.5218, 48.059], [11.5222, 48.0595], [11.5213, 48.0584]], [[11.5098, 48.0437], [11.509, 48.0425], [11.5093, 48.0429], [11.5094, 48.0429], [11.5094, 48.043], [11.5095, 48.0432], [11.5096, 48.0432], [11.5096, 48.0433], [11.5098, 48.0435], [11.5099, 48.0436], [11.5098, 48.0437]], [[11.4982, 48.0318], [11.4978, 48.0315], [11.4978, 48.0316], [11.4977, 48.0315], [11.4977, 48.0314], [11.4972, 48.0311], [11.4971, 48.0311], [11.4971, 48.031], [11.497, 48.0309], [11.4969, 48.0309], [11.4982, 48.0318]], [[11.4794, 48.0181], [11.4794, 48.018], [11.4803, 48.0192], [11.48, 48.0189], [11.48, 48.0188], [11.4794, 48.0181]], [[11.4582, 47.9921], [11.4579, 47.9918], [11.4578, 47.9918], [11.4578, 47.9917], [11.4576, 47.9915], [11.4575, 47.9915], [11.4576, 47.9915], [11.4575, 47.9914], [11.4572, 47.9911], [11.4573, 47.9911], [11.4575, 47.9913], [11.4577, 47.9915], [11.458, 47.9918], [11.4582, 47.9921]], [[11.4542, 47.979], [11.4543, 47.979], [11.4528, 47.9782], [11.4527, 47.9783], [11.4542, 47.979]], [[11.437, 47.9537], [11.4369, 47.9537], [11.4368, 47.9536], [11.4365, 47.9532], [11.4364, 47.9531], [11.4365, 47.9531], [11.4361, 47.9526], [11.437, 47.9537]], [[11.4271, 47.9143], [11.4271, 47.9145], [11.4273, 47.915], [11.4273, 47.9151], [11.4273, 47.9153], [11.4273, 47.9154], [11.4273, 47.9155], [11.4273, 47.9154], [11.4272, 47.9153], [11.4272, 47.915], [11.427, 47.9145], [11.427, 47.9143], [11.4271, 47.9143]], [[11.5572, 48.1417], [11.5571, 48.1417], [11.5559, 48.1418], [11.5548, 48.1419], [11.5545, 48.1419], [11.5543, 48.1419], [11.5541, 48.1419], [11.554, 48.1419], [11.5539, 48.1419]], [[11.5539, 48.1419], [11.5534, 48.1419], [11.5533, 48.1419], [11.553, 48.1419], [11.5528, 48.1419], [11.5522, 48.1418]], [[11.5522, 48.1418], [11.5516, 48.1418]], [[11.5516, 48.1418], [11.551, 48.1418], [11.5509, 48.1417], [11.5508, 48.1417], [11.5507, 48.1417], [11.5505, 48.1417], [11.5504, 48.1417], [11.5502, 48.1417], [11.5501, 48.1417], [11.5498, 48.1418], [11.5493, 48.1418], [11.5486, 48.1418], [11.5477, 48.1419], [11.5476, 48.1419], [11.5474, 48.1419]], [[11.5474, 48.1419], [11.5471, 48.142]], [[11.5471, 48.142], [11.5465, 48.142], [11.5458, 48.1421], [11.5453, 48.1421]], [[11.5453, 48.1421], [11.545, 48.1421]], [[11.545, 48.1421], [11.545, 48.1422], [11.5447, 48.1422]], [[11.5447, 48.1422], [11.5439, 48.1422]], [[11.5439, 48.1422], [11.5432, 48.1423], [11.5431, 48.1423], [11.5424, 48.1424], [11.5423, 48.1424], [11.5417, 48.1424], [11.5411, 48.1425]], [[11.5411, 48.1425], [11.5405, 48.1426], [11.5389, 48.1427]], [[11.5389, 48.1427], [11.5386, 48.1427], [11.5385, 48.1427], [11.5381, 48.1427], [11.538, 48.1427], [11.5379, 48.1427], [11.5377, 48.1427], [11.5372, 48.1427], [11.5365, 48.1427], [11.5357, 48.1427], [11.5356, 48.1427], [11.535, 48.1427], [11.534, 48.1428], [11.5335, 48.1428], [11.533, 48.1428]], [[11.533, 48.1428], [11.5328, 48.1427], [11.5325, 48.1427], [11.5321, 48.1426], [11.5315, 48.1425], [11.5309, 48.1423], [11.5298, 48.1418]], [[11.5298, 48.1418], [11.5294, 48.1416], [11.5291, 48.1415], [11.5287, 48.1413]], [[11.5287, 48.1413], [11.5286, 48.1412], [11.5285, 48.1412], [11.5283, 48.1411], [11.5281, 48.141], [11.5279, 48.1409], [11.5278, 48.1407], [11.5276, 48.1407]], [[11.5276, 48.1407], [11.5276, 48.1406], [11.5275, 48.1406], [11.5274, 48.1404], [11.5272, 48.1402]], [[11.5272, 48.1402], [11.5271, 48.1401], [11.527, 48.14], [11.5268, 48.1397], [11.5266, 48.1394], [11.5265, 48.1391], [11.5264, 48.1388], [11.5264, 48.1385], [11.5263, 48.1383], [11.5264, 48.1381], [11.5264, 48.1378], [11.5265, 48.1374], [11.5265, 48.1372], [11.5266, 48.1371], [11.5266, 48.137], [11.5267, 48.1369]], [[11.5267, 48.1369], [11.5268, 48.1366]], [[11.5268, 48.1366], [11.5272, 48.1362]], [[11.5272, 48.1362], [11.5275, 48.1359], [11.5278, 48.1357], [11.5284, 48.1352], [11.5285, 48.1351], [11.5293, 48.1346], [11.5294, 48.1345], [11.5296, 48.1344], [11.5298, 48.1343], [11.5306, 48.1337], [11.5311, 48.1334], [11.5313, 48.1332], [11.5315, 48.133], [11.532, 48.1327]], [[11.532, 48.1327], [11.5327, 48.1323]], [[11.5327, 48.1323], [11.5331, 48.132], [11.5335, 48.1318], [11.5338, 48.1316], [11.5341, 48.1315], [11.5343, 48.1314], [11.535, 48.1311], [11.5353, 48.1309], [11.5355, 48.1308], [11.5358, 48.1307], [11.536, 48.1305], [11.5362, 48.1304], [11.5363, 48.1303], [11.5364, 48.1302], [11.5366, 48.13], [11.5368, 48.1298]], [[11.5368, 48.1298], [11.5369, 48.1297], [11.537, 48.1296], [11.5371, 48.1295]], [[11.5371, 48.1295], [11.5372, 48.1292], [11.5373, 48.129], [11.5374, 48.1287], [11.5375, 48.1284]], [[11.5375, 48.1284], [11.5377, 48.1277], [11.5378, 48.1273], [11.5379, 48.127], [11.538, 48.1268], [11.538, 48.1265], [11.5381, 48.1261], [11.5381, 48.1259], [11.5381, 48.1257]], [[11.5381, 48.1257], [11.538, 48.1256], [11.538, 48.1255], [11.538, 48.1253]], [[11.538, 48.1253], [11.5379, 48.1249]], [[11.5379, 48.1249], [11.5374, 48.1226], [11.5369, 48.1203]], [[11.5369, 48.1203], [11.5369, 48.1201]], [[11.5369, 48.1201], [11.5367, 48.1195], [11.5367, 48.1193], [11.5365, 48.1184], [11.5363, 48.1176], [11.5362, 48.1173], [11.5362, 48.117]], [[11.5362, 48.117], [11.5362, 48.1167]], [[11.5362, 48.1167], [11.5361, 48.1167], [11.5361, 48.1165], [11.5361, 48.1163], [11.5361, 48.1159], [11.5361, 48.1156], [11.5361, 48.1151], [11.5361, 48.1148], [11.5362, 48.1125]], [[11.5362, 48.1125], [11.5362, 48.1118], [11.5362, 48.1116]], [[11.5362, 48.1116], [11.5362, 48.1111], [11.5362, 48.1109]], [[11.5362, 48.1109], [11.5363, 48.1104]], [[11.5363, 48.1104], [11.5363, 48.11], [11.5363, 48.1094], [11.5363, 48.1092]], [[11.5363, 48.1092], [11.5363, 48.109]], [[11.5363, 48.109], [11.5363, 48.1078], [11.5363, 48.1071], [11.5363, 48.1069], [11.5364, 48.1064], [11.5364, 48.1063], [11.5364, 48.1052], [11.5364, 48.1048], [11.5363, 48.1045], [11.5363, 48.1042], [11.5363, 48.1038], [11.5362, 48.1037], [11.5362, 48.1034], [11.5361, 48.1031], [11.5361, 48.1029], [11.536, 48.1026], [11.5359, 48.1023], [11.5359, 48.1021], [11.5358, 48.1019], [11.5357, 48.1017], [11.5357, 48.1016], [11.5357, 48.1015], [11.5354, 48.1008], [11.5353, 48.1007], [11.5352, 48.1004], [11.5352, 48.1003]], [[11.5352, 48.1003], [11.535, 48.0999]], [[11.535, 48.0999], [11.534, 48.0975], [11.5339, 48.0973], [11.5333, 48.0958]], [[11.5333, 48.0958], [11.5332, 48.0955]], [[11.5332, 48.0955], [11.5327, 48.0943], [11.5324, 48.0935]], [[11.5324, 48.0935], [11.5323, 48.0934], [11.5323, 48.0933], [11.5318, 48.0921], [11.5312, 48.0907]], [[11.5312, 48.0907], [11.5311, 48.0905]], [[11.5311, 48.0905], [11.531, 48.0902], [11.5307, 48.0895], [11.5304, 48.0887], [11.5304, 48.0886], [11.5298, 48.0872], [11.5294, 48.0862], [11.5293, 48.0861]], [[11.5293, 48.0861], [11.5293, 48.086]], [[11.5293, 48.086], [11.5287, 48.0845], [11.5284, 48.084], [11.528, 48.0829], [11.5274, 48.0816], [11.5272, 48.0813]], [[11.5272, 48.0813], [11.5272, 48.0811], [11.5271, 48.0809], [11.527, 48.0807], [11.527, 48.0806], [11.5269, 48.0805], [11.5269, 48.0802], [11.5268, 48.0799], [11.5268, 48.0797], [11.5268, 48.0795], [11.5268, 48.0793], [11.5268, 48.0792], [11.5268, 48.0791], [11.5269, 48.0789], [11.5269, 48.0788], [11.5269, 48.0787]], [[11.5269, 48.0787], [11.527, 48.0785], [11.527, 48.0783]], [[11.527, 48.0783], [11.527, 48.0782], [11.5271, 48.078], [11.5272, 48.0778]], [[11.5272, 48.0778], [11.5273, 48.0776], [11.5274, 48.0775], [11.5274, 48.0774], [11.5275, 48.0773], [11.5275, 48.0772], [11.5277, 48.077], [11.5278, 48.0768], [11.5279, 48.0767], [11.5281, 48.0765], [11.5282, 48.0763], [11.5284, 48.0761], [11.5286, 48.0759], [11.5288, 48.0758], [11.5289, 48.0757], [11.5291, 48.0756], [11.5295, 48.0753], [11.5298, 48.0752], [11.5302, 48.0749], [11.5304, 48.0748]], [[11.5304, 48.0748], [11.5305, 48.0747]], [[11.5305, 48.0747], [11.5306, 48.0746], [11.5307, 48.0745], [11.5308, 48.0744], [11.5309, 48.0743], [11.531, 48.0742], [11.5311, 48.0741], [11.5312, 48.0739], [11.5313, 48.0737], [11.5314, 48.0736], [11.5314, 48.0734], [11.5315, 48.0732], [11.5315, 48.0731], [11.5315, 48.073], [11.5315, 48.0729], [11.5315, 48.0728], [11.5315, 48.0727], [11.5314, 48.0725], [11.5314, 48.0724], [11.5314, 48.0723], [11.5313, 48.0721], [11.5313, 48.072]], [[11.5313, 48.072], [11.5312, 48.0718]], [[11.5312, 48.0718], [11.5311, 48.0716], [11.5308, 48.0712], [11.5307, 48.0708], [11.5305, 48.0704], [11.5303, 48.0701], [11.5302, 48.07], [11.5301, 48.0697], [11.53, 48.0696]], [[11.53, 48.0696], [11.53, 48.0695], [11.5298, 48.0692], [11.5297, 48.0691], [11.5296, 48.0689], [11.5294, 48.0687], [11.529, 48.0681]], [[11.529, 48.0681], [11.5289, 48.0681]], [[11.5289, 48.0681], [11.5278, 48.0666], [11.5274, 48.0662]], [[11.5274, 48.0662], [11.5274, 48.0661], [11.5251, 48.0632], [11.5236, 48.0612], [11.5226, 48.06], [11.5225, 48.0598], [11.5224, 48.0597], [11.5223, 48.0595]], [[11.5223, 48.0595], [11.5218, 48.0589], [11.5214, 48.0584], [11.5213, 48.0583]], [[11.5213, 48.0583], [11.5212, 48.0582], [11.5211, 48.0581], [11.521, 48.0579], [11.5208, 48.0577], [11.5198, 48.0564], [11.5188, 48.0552], [11.5184, 48.0546], [11.5184, 48.0545], [11.5183, 48.0545], [11.518, 48.0541], [11.5157, 48.0511], [11.5148, 48.05], [11.5137, 48.0485], [11.5132, 48.0478], [11.512, 48.0464], [11.5119, 48.0463], [11.5118, 48.0461], [11.5113, 48.0455], [11.5107, 48.0448], [11.5107, 48.0447], [11.5106, 48.0447], [11.5101, 48.044]], [[11.5101, 48.044], [11.51, 48.0439]], [[11.51, 48.0439], [11.51, 48.0438], [11.5098, 48.0437]], [[11.5098, 48.0437], [11.5096, 48.0433]], [[11.5096, 48.0433], [11.5092, 48.0429], [11.509, 48.0426], [11.5089, 48.0424]], [[11.5089, 48.0424], [11.5086, 48.042], [11.5084, 48.0418], [11.5083, 48.0415], [11.508, 48.0412]], [[11.508, 48.0412], [11.5075, 48.0405], [11.5072, 48.0401], [11.5071, 48.04], [11.5058, 48.0383], [11.5051, 48.0374], [11.5047, 48.0369], [11.5045, 48.0366], [11.5043, 48.0364], [11.5041, 48.0361], [11.5039, 48.036], [11.5038, 48.0359], [11.5035, 48.0356], [11.5032, 48.0354], [11.5029, 48.0351], [11.5023, 48.0347], [11.5011, 48.0339], [11.5005, 48.0334], [11.5, 48.033], [11.4987, 48.0321], [11.4985, 48.032], [11.4983, 48.0319], [11.4975, 48.0312], [11.4969, 48.0308], [11.4967, 48.0306]], [[11.4967, 48.0306], [11.4961, 48.0302]], [[11.4961, 48.0302], [11.4957, 48.03], [11.4951, 48.0295], [11.4945, 48.0291], [11.4939, 48.0287], [11.4936, 48.0285], [11.4934, 48.0283], [11.4929, 48.0279], [11.4925, 48.0274], [11.4924, 48.0274], [11.4924, 48.0273], [11.4921, 48.0271], [11.4921, 48.027], [11.4919, 48.0268], [11.4915, 48.0263], [11.4912, 48.0258], [11.4907, 48.0252], [11.4903, 48.0246], [11.4896, 48.0236], [11.4893, 48.0232], [11.4891, 48.0229]], [[11.4891, 48.0229], [11.4889, 48.0227], [11.4888, 48.0226], [11.4887, 48.0225], [11.4886, 48.0224], [11.4885, 48.0223], [11.4883, 48.0222], [11.4881, 48.0221], [11.488, 48.022], [11.4879, 48.022], [11.4876, 48.0219], [11.4875, 48.0218], [11.4874, 48.0218], [11.4873, 48.0218], [11.4871, 48.0217], [11.4869, 48.0217], [11.4866, 48.0217], [11.4864, 48.0216], [11.4857, 48.0216], [11.4855, 48.0216], [11.4847, 48.0215], [11.4842, 48.0215], [11.4838, 48.0214], [11.4836, 48.0214], [11.4834, 48.0214], [11.4833, 48.0214], [11.483, 48.0213], [11.4828, 48.0212], [11.4826, 48.0212], [11.4824, 48.0211], [11.4822, 48.021], [11.4821, 48.0209], [11.4819, 48.0208], [11.4818, 48.0208], [11.4818, 48.0207]], [[11.4818, 48.0207], [11.4815, 48.0205], [11.4814, 48.0204], [11.4813, 48.0203], [11.4811, 48.0201], [11.4809, 48.0199], [11.4807, 48.0196]], [[11.4807, 48.0196], [11.4806, 48.0194]], [[11.4806, 48.0194], [11.4804, 48.0192], [11.48, 48.0187], [11.4795, 48.018], [11.4793, 48.0178], [11.4791, 48.0175], [11.4789, 48.0172], [11.4787, 48.0169], [11.4784, 48.0165]], [[11.4784, 48.0165], [11.4783, 48.0163]], [[11.4783, 48.0163], [11.4781, 48.0162], [11.4779, 48.016], [11.4778, 48.0159], [11.4776, 48.0157]], [[11.4776, 48.0157], [11.4774, 48.0156], [11.4772, 48.0155]], [[11.4772, 48.0155], [11.4767, 48.0152], [11.4764, 48.015], [11.4762, 48.0149], [11.4759, 48.0148], [11.4757, 48.0147]], [[11.4757, 48.0147], [11.4749, 48.0144], [11.4737, 48.014], [11.4733, 48.0139], [11.4731, 48.0138], [11.4729, 48.0137], [11.4726, 48.0136], [11.4725, 48.0135], [11.4721, 48.0132], [11.4719, 48.0131], [11.4717, 48.013], [11.4715, 48.0128], [11.4714, 48.0127], [11.4712, 48.0125], [11.4711, 48.0124], [11.4709, 48.0122], [11.4708, 48.012], [11.4707, 48.0119], [11.4705, 48.0117], [11.4703, 48.0113], [11.47, 48.0107], [11.4697, 48.0101], [11.4695, 48.0096], [11.4692, 48.0089], [11.4691, 48.0087], [11.469, 48.0085], [11.4689, 48.0083], [11.4689, 48.0081], [11.4688, 48.0079], [11.4687, 48.0077], [11.4687, 48.0075], [11.4687, 48.0074], [11.4686, 48.0071], [11.4685, 48.0062], [11.4684, 48.0057]], [[11.4684, 48.0057], [11.4683, 48.0053], [11.4683, 48.005], [11.4682, 48.0047], [11.4681, 48.0045], [11.4681, 48.0044], [11.468, 48.0043], [11.4679, 48.0041], [11.4679, 48.004], [11.4678, 48.0039], [11.4677, 48.0038], [11.4676, 48.0036], [11.4675, 48.0035], [11.4674, 48.0034], [11.4673, 48.0033], [11.4671, 48.0032], [11.467, 48.0031], [11.4668, 48.003], [11.4666, 48.0028], [11.4656, 48.0022], [11.465, 48.0018], [11.4645, 48.0015], [11.4639, 48.0012], [11.4636, 48.001], [11.4634, 48.0008], [11.4632, 48.0007], [11.4631, 48.0006], [11.4629, 48.0004], [11.4627, 48.0003], [11.4626, 48.0001], [11.4625, 48.0], [11.4623, 47.9998], [11.4622, 47.9997], [11.4621, 47.9995], [11.462, 47.9994], [11.4619, 47.9992], [11.4618, 47.9989], [11.4618, 47.9988], [11.4617, 47.9987], [11.4617, 47.9985], [11.4616, 47.9984], [11.4616, 47.9983], [11.4616, 47.998], [11.4616, 47.9978], [11.4615, 47.9973], [11.4615, 47.9971], [11.4615, 47.9968], [11.4615, 47.9967]], [[11.4615, 47.9967], [11.4614, 47.9965], [11.4614, 47.9964], [11.4613, 47.9963], [11.4613, 47.9961], [11.4612, 47.996], [11.461, 47.9957], [11.4606, 47.995], [11.4604, 47.9947], [11.4601, 47.9943], [11.4599, 47.994], [11.4596, 47.9936], [11.4594, 47.9933], [11.4584, 47.9923], [11.4583, 47.9921], [11.4577, 47.9915], [11.4576, 47.9914], [11.4574, 47.9912], [11.4572, 47.9911], [11.4571, 47.9909]], [[11.4571, 47.9909], [11.4567, 47.9905], [11.4565, 47.9903], [11.4564, 47.9901], [11.4563, 47.9899], [11.4562, 47.9898], [11.4561, 47.9896], [11.456, 47.9894], [11.456, 47.9893], [11.456, 47.9892], [11.4559, 47.9891], [11.4559, 47.9889], [11.4559, 47.9888], [11.4559, 47.9887], [11.456, 47.9886], [11.456, 47.9885], [11.4561, 47.9883], [11.4561, 47.9881], [11.4562, 47.988], [11.4563, 47.9878], [11.4568, 47.9868], [11.4573, 47.9858], [11.4576, 47.9853], [11.4579, 47.9847], [11.4581, 47.9843], [11.4582, 47.9841], [11.4583, 47.9838], [11.4583, 47.9836], [11.4584, 47.9835], [11.4584, 47.9834], [11.4584, 47.9832], [11.4584, 47.9829], [11.4583, 47.9824], [11.4583, 47.982], [11.4583, 47.9818], [11.4582, 47.9816], [11.4582, 47.9815], [11.4582, 47.9814], [11.4581, 47.9813], [11.4581, 47.9812], [11.458, 47.9811], [11.4579, 47.981], [11.4578, 47.9809], [11.4577, 47.9808], [11.4576, 47.9807], [11.4574, 47.9806], [11.4573, 47.9805], [11.4571, 47.9804], [11.4569, 47.9802], [11.4567, 47.9802], [11.4567, 47.9801]], [[11.4567, 47.9801], [11.4559, 47.9798], [11.4557, 47.9797], [11.4556, 47.9796], [11.4554, 47.9796], [11.4551, 47.9795], [11.4542, 47.979], [11.4537, 47.9787], [11.4527, 47.9783], [11.452, 47.9779], [11.4515, 47.9777], [11.4512, 47.9775], [11.451, 47.9774], [11.4508, 47.9773], [11.4507, 47.9772], [11.4504, 47.977], [11.4502, 47.9768]], [[11.4502, 47.9768], [11.4501, 47.9767], [11.45, 47.9767], [11.4499, 47.9766], [11.4498, 47.9764], [11.4497, 47.9763], [11.4496, 47.9762], [11.4495, 47.976], [11.4494, 47.9757]], [[11.4494, 47.9757], [11.4491, 47.9751], [11.4488, 47.9745], [11.4483, 47.9733], [11.4479, 47.9723], [11.4475, 47.9715], [11.447, 47.9703], [11.4467, 47.9698], [11.4466, 47.9695], [11.4465, 47.9692], [11.4464, 47.969], [11.4463, 47.9689], [11.4462, 47.9688], [11.4461, 47.9686], [11.446, 47.9685], [11.4459, 47.9684], [11.4458, 47.9684], [11.4457, 47.9683], [11.4456, 47.9682], [11.4456, 47.9681], [11.4454, 47.968], [11.4452, 47.9679], [11.445, 47.9678], [11.4446, 47.9675], [11.4442, 47.9672], [11.444, 47.9671], [11.4438, 47.967], [11.4436, 47.9668], [11.4434, 47.9667], [11.4433, 47.9665], [11.4432, 47.9664], [11.4431, 47.9663], [11.443, 47.9661], [11.4428, 47.9658], [11.4427, 47.9656], [11.4425, 47.965], [11.4415, 47.9624], [11.4406, 47.9602], [11.4405, 47.96]], [[11.4405, 47.96], [11.4404, 47.9598], [11.4401, 47.959], [11.4393, 47.9575], [11.4392, 47.9571]], [[11.4392, 47.9571], [11.4391, 47.9569]], [[11.4391, 47.9569], [11.4386, 47.9559]], [[11.4386, 47.9559], [11.4384, 47.9556], [11.4383, 47.9554], [11.4381, 47.9551], [11.4379, 47.9548], [11.4372, 47.954]], [[11.4372, 47.954], [11.437, 47.9537], [11.4366, 47.9532], [11.4361, 47.9526], [11.436, 47.9524], [11.4358, 47.9522], [11.4357, 47.9521]], [[11.4357, 47.9521], [11.4356, 47.952], [11.4355, 47.9519], [11.4354, 47.9517], [11.4352, 47.9516], [11.435, 47.9514], [11.4348, 47.9513], [11.4346, 47.9511], [11.4342, 47.9507]], [[11.4342, 47.9507], [11.434, 47.9505], [11.4338, 47.9503], [11.4336, 47.9502], [11.4334, 47.95], [11.4333, 47.9498], [11.4331, 47.9495]], [[11.4331, 47.9495], [11.4327, 47.9491], [11.4327, 47.949], [11.4326, 47.9489]], [[11.4326, 47.9489], [11.4325, 47.9488], [11.4324, 47.9487], [11.4322, 47.9484], [11.4321, 47.9484], [11.4316, 47.9479], [11.4312, 47.9475], [11.431, 47.9473], [11.4305, 47.9468], [11.4303, 47.9467], [11.43, 47.9464], [11.4293, 47.9456], [11.4277, 47.9438], [11.4274, 47.9434]], [[11.4274, 47.9434], [11.4271, 47.9432], [11.4269, 47.9429], [11.4268, 47.9428], [11.4267, 47.9426], [11.4267, 47.9424], [11.4266, 47.9423], [11.4266, 47.9422], [11.4266, 47.9421], [11.4266, 47.9419], [11.4266, 47.9418], [11.4267, 47.9417], [11.4267, 47.9415], [11.4268, 47.9414], [11.4269, 47.9413], [11.427, 47.9411], [11.4271, 47.941], [11.4272, 47.9409], [11.4273, 47.9408], [11.4275, 47.9407], [11.4276, 47.9406], [11.4278, 47.9406]], [[11.4278, 47.9406], [11.4282, 47.9404]], [[11.4282, 47.9404], [11.4292, 47.94], [11.4295, 47.9399], [11.4298, 47.9398], [11.43, 47.9396], [11.4302, 47.9395], [11.4303, 47.9394], [11.4303, 47.9393], [11.4305, 47.9391], [11.4305, 47.9389], [11.4306, 47.9388], [11.4306, 47.9386]], [[11.4306, 47.9386], [11.4308, 47.9377], [11.4308, 47.9374], [11.4308, 47.9372], [11.4308, 47.9371], [11.4308, 47.9369], [11.4307, 47.9367], [11.4305, 47.9364], [11.4297, 47.9352], [11.4292, 47.9345], [11.4287, 47.9339], [11.4286, 47.9336], [11.4285, 47.9334], [11.4285, 47.9331], [11.4284, 47.9329], [11.4284, 47.9325]], [[11.4284, 47.9325], [11.4284, 47.9323], [11.4284, 47.9321], [11.4284, 47.932], [11.4284, 47.9318], [11.4283, 47.9316], [11.4283, 47.9314], [11.4281, 47.9307], [11.4279, 47.9302], [11.4277, 47.9298], [11.4273, 47.9288], [11.4271, 47.9285], [11.427, 47.9282], [11.4268, 47.9279], [11.4266, 47.9277], [11.426, 47.927], [11.4253, 47.9264], [11.4247, 47.9258], [11.424, 47.9251]], [[11.424, 47.9251], [11.4238, 47.9249], [11.4237, 47.9247], [11.4236, 47.9246], [11.4235, 47.9245], [11.4235, 47.9243], [11.4234, 47.9242]], [[11.4234, 47.9242], [11.4234, 47.924]], [[11.4234, 47.924], [11.4234, 47.9239]], [[11.4234, 47.9239], [11.4234, 47.9237], [11.4235, 47.9236], [11.4235, 47.9234], [11.4236, 47.9229], [11.4237, 47.9227], [11.4237, 47.9225]], [[11.4237, 47.9225], [11.4237, 47.9223], [11.4237, 47.9222], [11.4237, 47.9217], [11.4237, 47.9215], [11.4237, 47.9213]], [[11.4237, 47.9213], [11.4237, 47.9211]], [[11.4237, 47.9211], [11.4237, 47.9209], [11.4238, 47.9208], [11.4238, 47.9206], [11.4239, 47.9205], [11.4239, 47.9203], [11.424, 47.9202], [11.4241, 47.92], [11.4242, 47.9199], [11.4243, 47.9198], [11.4254, 47.9185], [11.4261, 47.9176], [11.4263, 47.9175], [11.4266, 47.9171]], [[11.4266, 47.9171], [11.4267, 47.917], [11.4269, 47.9167], [11.427, 47.9165], [11.4271, 47.9164], [11.4272, 47.9162]], [[11.4272, 47.9162], [11.4272, 47.916], [11.4273, 47.9159], [11.4273, 47.9157], [11.4273, 47.9156], [11.4273, 47.9155], [11.4273, 47.9154], [11.4273, 47.9153], [11.4273, 47.9151], [11.4273, 47.915], [11.4272, 47.9145]], [[11.4362, 47.9525], [11.4363, 47.9525], [11.4363, 47.9526], [11.4365, 47.9528], [11.4369, 47.9534], [11.437, 47.9536], [11.4371, 47.9536], [11.437, 47.9536], [11.4362, 47.9525]], [[11.4804, 48.0191], [11.4796, 48.018], [11.4803, 48.0189], [11.4804, 48.019], [11.4805, 48.0191], [11.4804, 48.0191]], [[11.5099, 48.0435], [11.5098, 48.0435], [11.509, 48.0424], [11.509, 48.0423], [11.5092, 48.0426], [11.5093, 48.0427], [11.5093, 48.0428], [11.5094, 48.0428], [11.5098, 48.0433], [11.5098, 48.0434], [11.5099, 48.0435]], [[11.5222, 48.0594], [11.5223, 48.0594], [11.5223, 48.0593], [11.5222, 48.0593], [11.5222, 48.0592], [11.5221, 48.0592], [11.522, 48.059], [11.5218, 48.0587], [11.5215, 48.0584], [11.5215, 48.0583], [11.5214, 48.0583], [11.5215, 48.0584], [11.5217, 48.0587], [11.5219, 48.059], [11.5222, 48.0594]], [[11.5273, 48.081], [11.5273, 48.0809], [11.5273, 48.0808], [11.5273, 48.0807], [11.5272, 48.0807], [11.5272, 48.0806], [11.5271, 48.0804], [11.5271, 48.0802], [11.5271, 48.0801], [11.5271, 48.08], [11.527, 48.08], [11.527, 48.0797], [11.527, 48.0796], [11.527, 48.0795], [11.527, 48.0794], [11.527, 48.0793], [11.5271, 48.0792], [11.527, 48.0792], [11.527, 48.0791], [11.527, 48.0792], [11.527, 48.0793], [11.527, 48.0795], [11.527, 48.0796], [11.527, 48.0797], [11.527, 48.0799], [11.527, 48.0801], [11.527, 48.0802], [11.5271, 48.0804], [11.5272, 48.0806], [11.5272, 48.0808], [11.5272, 48.0809], [11.5273, 48.081]], [[11.5332, 48.0954], [11.5331, 48.0952], [11.5325, 48.0935], [11.5326, 48.0937], [11.5327, 48.0937], [11.5326, 48.0937], [11.5328, 48.0941], [11.5328, 48.0942], [11.5329, 48.0945], [11.533, 48.0945], [11.533, 48.0946], [11.5331, 48.0949], [11.5332, 48.095], [11.5331, 48.095], [11.5332, 48.0952], [11.5333, 48.0954], [11.5332, 48.0954]], [[11.4342, 47.9507], [11.4347, 47.9511], [11.4351, 47.9514], [11.4352, 47.9515], [11.4354, 47.9517], [11.4356, 47.9518], [11.4357, 47.9519], [11.4358, 47.9521]], [[11.4358, 47.9521], [11.4359, 47.9522], [11.4361, 47.9524], [11.4362, 47.9525], [11.4367, 47.9532], [11.4372, 47.9538], [11.4372, 47.9539]], [[11.4372, 47.9539], [11.4377, 47.9545], [11.4379, 47.9548], [11.4381, 47.955], [11.4381, 47.9551], [11.4383, 47.9554], [11.4384, 47.9556], [11.4386, 47.9559]], [[11.4502, 47.9768], [11.4507, 47.9772], [11.4508, 47.9773], [11.4512, 47.9775], [11.4514, 47.9775], [11.452, 47.9778], [11.4528, 47.9782], [11.4534, 47.9785], [11.4537, 47.9787], [11.4544, 47.979], [11.4558, 47.9797], [11.4559, 47.9797], [11.4559, 47.9798], [11.4567, 47.9801]], [[11.4784, 48.0165], [11.4789, 48.0171], [11.4796, 48.018], [11.4801, 48.0187], [11.4804, 48.0192], [11.4807, 48.0194]], [[11.4807, 48.0194], [11.4808, 48.0196]], [[11.4808, 48.0196], [11.481, 48.0198], [11.4811, 48.0201], [11.4813, 48.0203], [11.4815, 48.0204], [11.4816, 48.0206], [11.4818, 48.0207]], [[11.508, 48.0412], [11.5084, 48.0417], [11.5087, 48.042], [11.509, 48.0424]], [[11.509, 48.0424], [11.5094, 48.0429], [11.5097, 48.0433]], [[11.5097, 48.0433], [11.5099, 48.0436], [11.51, 48.0437]], [[11.51, 48.0437], [11.5101, 48.0438]], [[11.5101, 48.0438], [11.5102, 48.044]], [[11.5102, 48.044], [11.5107, 48.0446], [11.5108, 48.0448], [11.5113, 48.0455], [11.5114, 48.0455], [11.5114, 48.0456], [11.512, 48.0462], [11.5132, 48.0479], [11.5141, 48.0489], [11.5148, 48.0499], [11.5157, 48.0511], [11.5165, 48.0521], [11.5184, 48.0545], [11.5184, 48.0546], [11.519, 48.0552], [11.5198, 48.0564], [11.5209, 48.0577], [11.5212, 48.0581], [11.5213, 48.0582], [11.5213, 48.0583]], [[11.5213, 48.0583], [11.5218, 48.0589], [11.5223, 48.0595]], [[11.5223, 48.0595], [11.5224, 48.0597], [11.5225, 48.0597], [11.5225, 48.0598], [11.5226, 48.0599], [11.5252, 48.0632], [11.5275, 48.0661], [11.528, 48.0668]], [[11.528, 48.0668], [11.5281, 48.0669]], [[11.5281, 48.0669], [11.529, 48.068]], [[11.529, 48.068], [11.529, 48.0681]], [[11.529, 48.0681], [11.5294, 48.0686], [11.5296, 48.0689], [11.5297, 48.0691], [11.5298, 48.0692], [11.53, 48.0695], [11.5302, 48.0697], [11.5303, 48.0699], [11.5304, 48.0701]], [[11.5304, 48.0701], [11.5306, 48.0704], [11.5308, 48.0709], [11.531, 48.0712], [11.5311, 48.0714], [11.5312, 48.0717], [11.5313, 48.0718]], [[11.5313, 48.0718], [11.5314, 48.072]], [[11.5314, 48.072], [11.5314, 48.0721], [11.5314, 48.0723], [11.5315, 48.0724], [11.5315, 48.0725], [11.5315, 48.0727], [11.5315, 48.0728], [11.5316, 48.0731], [11.5315, 48.0732], [11.5315, 48.0734], [11.5315, 48.0736], [11.5314, 48.0738], [11.5314, 48.0739], [11.5313, 48.0741], [11.5312, 48.0743], [11.5311, 48.0744], [11.5311, 48.0745]], [[11.5311, 48.0745], [11.531, 48.0746], [11.5308, 48.0748], [11.5307, 48.0749], [11.5306, 48.075], [11.5305, 48.0751], [11.5304, 48.0751], [11.5303, 48.0752], [11.5302, 48.0753], [11.5301, 48.0754]], [[11.5301, 48.0754], [11.5299, 48.0755], [11.5296, 48.0757], [11.5293, 48.0759], [11.529, 48.0761], [11.5287, 48.0763], [11.5285, 48.0764], [11.5282, 48.0767], [11.528, 48.0769], [11.5279, 48.0771], [11.5277, 48.0772], [11.5276, 48.0774], [11.5275, 48.0775], [11.5274, 48.0777], [11.5273, 48.0779]], [[11.5273, 48.0779], [11.5272, 48.078], [11.5271, 48.0783], [11.5271, 48.0784]], [[11.5271, 48.0784], [11.5271, 48.0786], [11.527, 48.0788]], [[11.527, 48.0788], [11.527, 48.0789], [11.527, 48.079], [11.527, 48.0791], [11.527, 48.0792], [11.5269, 48.0794], [11.5269, 48.0795], [11.5269, 48.0797], [11.527, 48.0799], [11.527, 48.0802], [11.5271, 48.0804], [11.5271, 48.0806], [11.5272, 48.0808], [11.5273, 48.081], [11.5274, 48.0812]], [[11.5274, 48.0812], [11.5275, 48.0816], [11.5284, 48.0836], [11.5284, 48.0838], [11.5289, 48.0849], [11.5293, 48.086]], [[11.5293, 48.086], [11.5294, 48.0861]], [[11.5294, 48.0861], [11.5294, 48.0862], [11.5298, 48.0872], [11.5304, 48.0886], [11.5304, 48.0887], [11.5311, 48.0902], [11.5312, 48.0905]], [[11.5312, 48.0905], [11.5313, 48.0907]], [[11.5313, 48.0907], [11.5318, 48.0921], [11.5323, 48.0932], [11.5324, 48.0934], [11.5324, 48.0935]], [[11.5324, 48.0935], [11.5328, 48.0943], [11.533, 48.095], [11.5331, 48.0952], [11.5332, 48.0954], [11.5332, 48.0955]], [[11.5332, 48.0955], [11.5334, 48.0958]], [[11.5334, 48.0958], [11.534, 48.0973], [11.5341, 48.0975], [11.5351, 48.1]], [[11.5351, 48.1], [11.5352, 48.1003]], [[11.5352, 48.1003], [11.5354, 48.1007], [11.5354, 48.1008], [11.5357, 48.1014], [11.5358, 48.1016], [11.5359, 48.1021], [11.536, 48.1024], [11.5361, 48.1026], [11.5361, 48.1029], [11.5362, 48.1031], [11.5363, 48.1034], [11.5363, 48.1037], [11.5363, 48.1039], [11.5364, 48.1042], [11.5364, 48.1044], [11.5364, 48.1048], [11.5364, 48.105], [11.5365, 48.1052], [11.5365, 48.1057], [11.5365, 48.1062], [11.5365, 48.1066], [11.5365, 48.1069], [11.5365, 48.1071], [11.5365, 48.1078], [11.5364, 48.1086], [11.5364, 48.109]], [[11.5364, 48.109], [11.5364, 48.1092]], [[11.5364, 48.1092], [11.5364, 48.1093], [11.5364, 48.1094], [11.5363, 48.1098], [11.5363, 48.11], [11.5363, 48.1104]], [[11.5363, 48.1104], [11.5363, 48.1109]], [[11.5363, 48.1109], [11.5363, 48.1116], [11.5363, 48.112], [11.5362, 48.1126], [11.5362, 48.1129], [11.5362, 48.1134], [11.5362, 48.1148], [11.5362, 48.1151], [11.5362, 48.1156], [11.5362, 48.1159], [11.5362, 48.1163], [11.5363, 48.1165], [11.5363, 48.1166], [11.5363, 48.1167]], [[11.5363, 48.1167], [11.5363, 48.117]], [[11.5363, 48.117], [11.5364, 48.1173], [11.5364, 48.1175], [11.5366, 48.1184], [11.5368, 48.1193], [11.5368, 48.1195], [11.537, 48.1201]], [[11.537, 48.1201], [11.537, 48.1203]], [[11.537, 48.1203], [11.5375, 48.1226], [11.538, 48.1249]], [[11.538, 48.1249], [11.538, 48.1253]], [[11.538, 48.1253], [11.5381, 48.1255], [11.5381, 48.1257]], [[11.5381, 48.1257], [11.5381, 48.1259], [11.5381, 48.1261], [11.5381, 48.1265], [11.538, 48.1268], [11.5379, 48.127], [11.5379, 48.1274], [11.5378, 48.1277], [11.5375, 48.1284]], [[11.5371, 48.1295], [11.537, 48.1296], [11.5369, 48.1297], [11.5369, 48.1298]], [[11.5369, 48.1298], [11.5366, 48.1301], [11.5365, 48.1302], [11.5364, 48.1303], [11.5363, 48.1304], [11.536, 48.1305], [11.5358, 48.1307], [11.5356, 48.1308], [11.5354, 48.1309], [11.535, 48.1311], [11.5342, 48.1315], [11.5339, 48.1317], [11.5336, 48.1318], [11.5332, 48.1321], [11.5328, 48.1323]], [[11.5328, 48.1323], [11.5321, 48.1328]], [[11.5321, 48.1328], [11.5317, 48.1331], [11.5314, 48.1333], [11.5313, 48.1333], [11.5307, 48.1338], [11.5299, 48.1342], [11.5296, 48.1345], [11.5294, 48.1346], [11.5288, 48.135], [11.5286, 48.1352], [11.5284, 48.1352], [11.5278, 48.1357], [11.5275, 48.1359], [11.5272, 48.1362]], [[11.5272, 48.1362], [11.5269, 48.1366]], [[11.5269, 48.1366], [11.5267, 48.1369]], [[11.5267, 48.1369], [11.5267, 48.1371], [11.5266, 48.1373], [11.5265, 48.1374], [11.5264, 48.1378], [11.5264, 48.1381], [11.5264, 48.1383], [11.5264, 48.1385], [11.5265, 48.1388], [11.5266, 48.1391], [11.5267, 48.1394], [11.5269, 48.1397], [11.527, 48.14], [11.5271, 48.1401], [11.5272, 48.1402]], [[11.5272, 48.1402], [11.5274, 48.1404], [11.5276, 48.1406], [11.5277, 48.1407]], [[11.5277, 48.1407], [11.5278, 48.1407], [11.528, 48.1408], [11.5281, 48.1409], [11.5283, 48.141], [11.5285, 48.1412], [11.5286, 48.1412], [11.5287, 48.1413]], [[11.5287, 48.1413], [11.5291, 48.1415], [11.5298, 48.1417]], [[11.5298, 48.1417], [11.531, 48.1422], [11.5315, 48.1424], [11.5321, 48.1426], [11.5325, 48.1426], [11.5326, 48.1426]], [[11.5326, 48.1426], [11.5329, 48.1426], [11.5332, 48.1427], [11.5346, 48.1426], [11.535, 48.1425], [11.5353, 48.1425], [11.5355, 48.1425], [11.5358, 48.1425], [11.5365, 48.1425], [11.5368, 48.1425], [11.5372, 48.1425], [11.5376, 48.1426], [11.538, 48.1426], [11.5381, 48.1426], [11.5386, 48.1426], [11.5389, 48.1425]], [[11.5389, 48.1425], [11.5402, 48.1425], [11.5404, 48.1424], [11.5423, 48.1423]], [[11.5423, 48.1423], [11.5438, 48.1422], [11.5448, 48.1421]], [[11.5448, 48.1421], [11.545, 48.1421], [11.5453, 48.1421]], [[11.5453, 48.1421], [11.5458, 48.142], [11.5464, 48.142], [11.547, 48.1419], [11.5478, 48.1419]], [[11.5478, 48.1419], [11.5479, 48.1419]], [[11.5479, 48.1419], [11.5484, 48.1418], [11.5486, 48.1418], [11.5489, 48.1418], [11.5495, 48.1417], [11.5501, 48.1417], [11.5505, 48.1417], [11.5506, 48.1417], [11.5508, 48.1417], [11.551, 48.1417], [11.5517, 48.1418], [11.5523, 48.1418]], [[11.5523, 48.1418], [11.5529, 48.1419]], [[11.5529, 48.1419], [11.5536, 48.1419], [11.5537, 48.1419], [11.5539, 48.1419]]]}, "properties": {"ref": "S7", "opened_year": 1972, "is_central_tunnel": false, "segment_count": 194}}, {"type": "Feature", "geometry": {"type": "MultiLineString", "coordinates": [[[11.7656, 48.3523], [11.7656, 48.3522], [11.7644, 48.3521], [11.764, 48.3521], [11.7628, 48.352], [11.7627, 48.3521], [11.764, 48.3522], [11.7644, 48.3522], [11.7656, 48.3523]], [[11.714, 48.3084], [11.7142, 48.3089], [11.7143, 48.3092], [11.7143, 48.3094], [11.7145, 48.3099], [11.7146, 48.3101], [11.7145, 48.3099], [11.7143, 48.3094], [11.7143, 48.3093], [11.7142, 48.3092], [11.7142, 48.3091], [11.7142, 48.309], [11.7141, 48.309], [11.7141, 48.3089], [11.7141, 48.3088], [11.7139, 48.3085], [11.714, 48.3085], [11.7139, 48.3084], [11.714, 48.3084]], [[11.6464, 48.1893], [11.6468, 48.19], [11.6469, 48.1902], [11.647, 48.1903], [11.6474, 48.1911], [11.6474, 48.1912], [11.6474, 48.1911], [11.6469, 48.1903], [11.6468, 48.1902], [11.6467, 48.19], [11.6463, 48.1893], [11.6464, 48.1893]], [[11.6459, 48.1685], [11.6458, 48.1684], [11.6458, 48.1682], [11.6459, 48.1679], [11.646, 48.1676], [11.6462, 48.1666], [11.6463, 48.1666], [11.6461, 48.1676], [11.6459, 48.1685]], [[11.6484, 48.1563], [11.6483, 48.1565], [11.6483, 48.1566], [11.6481, 48.1582], [11.648, 48.1582], [11.6482, 48.1573], [11.6482, 48.1568], [11.6483, 48.1568], [11.6483, 48.1567], [11.6482, 48.1567], [11.6482, 48.1566], [11.6483, 48.1566], [11.6483, 48.1565], [11.6483, 48.1563], [11.6484, 48.1563]], [[11.6493, 48.149], [11.6494, 48.149], [11.6492, 48.1509], [11.6491, 48.1509], [11.6493, 48.149]], [[11.5181, 48.1436], [11.5183, 48.1436], [11.5188, 48.1435], [11.519, 48.1435], [11.5192, 48.1435], [11.5195, 48.1435], [11.5199, 48.1435], [11.5209, 48.1434], [11.5209, 48.1435], [11.5199, 48.1436], [11.5197, 48.1436], [11.5195, 48.1436], [11.5192, 48.1436], [11.519, 48.1436], [11.5188, 48.1436], [11.5184, 48.1436], [11.5181, 48.1436]], [[11.4237, 48.142], [11.4221, 48.1417], [11.4209, 48.1416], [11.422, 48.1417], [11.4221, 48.1418], [11.4227, 48.1419], [11.4228, 48.1419], [11.4231, 48.1419], [11.4232, 48.1419], [11.4237, 48.142]], [[11.4116, 48.1403], [11.4107, 48.1401], [11.4099, 48.14], [11.4089, 48.1399], [11.4088, 48.1399], [11.4097, 48.14], [11.4097, 48.1401], [11.4099, 48.1401], [11.41, 48.1401], [11.4107, 48.1402], [11.4116, 48.1403]], [[11.3891, 48.1341], [11.3889, 48.134], [11.387, 48.1332], [11.3868, 48.1331], [11.387, 48.1332], [11.3883, 48.1338], [11.3884, 48.1338], [11.3885, 48.1339], [11.3888, 48.134], [11.389, 48.1341], [11.3891, 48.1341]], [[11.363, 48.1288], [11.3638, 48.1289], [11.3642, 48.129], [11.3643, 48.129], [11.3644, 48.129], [11.3653, 48.1292], [11.3655, 48.1292], [11.3657, 48.1292], [11.3658, 48.1292], [11.3657, 48.1292], [11.3644, 48.129], [11.3643, 48.129], [11.3642, 48.129], [11.3638, 48.1289], [11.363, 48.1288]], [[11.3261, 48.1088], [11.3256, 48.1089], [11.3253, 48.109], [11.325, 48.1091], [11.3242, 48.1094], [11.3236, 48.1096], [11.3242, 48.1094], [11.325, 48.1091], [11.3252, 48.1091], [11.3253, 48.109], [11.3256, 48.109], [11.3261, 48.1088]], [[11.2985, 48.1051], [11.3009, 48.1063], [11.3009, 48.1064], [11.2985, 48.1051]], [[11.288, 48.0985], [11.288, 48.0984], [11.2898, 48.0999], [11.2897, 48.0999], [11.2894, 48.0996], [11.2893, 48.0995], [11.2885, 48.0989], [11.2881, 48.0985], [11.288, 48.0985]], [[11.2508, 48.0772], [11.2535, 48.0777], [11.2507, 48.0772], [11.2508, 48.0772]], [[11.2057, 48.0603], [11.2059, 48.0606], [11.2061, 48.0607], [11.2067, 48.0612], [11.2068, 48.0612], [11.2067, 48.0613], [11.2068, 48.0613], [11.2069, 48.0613], [11.2071, 48.0615], [11.2075, 48.0618], [11.2071, 48.0614], [11.2068, 48.0612], [11.2065, 48.061], [11.206, 48.0605], [11.2057, 48.0603]], [[11.1998, 48.0425], [11.1988, 48.0416], [11.1981, 48.0409], [11.1982, 48.0409], [11.1989, 48.0416], [11.1999, 48.0424], [11.1998, 48.0425]], [[11.1709, 48.0002], [11.1705, 47.9988], [11.1704, 47.9982], [11.1705, 47.9983], [11.1705, 47.9984], [11.1705, 47.9985], [11.1706, 47.9985], [11.1707, 47.999], [11.1709, 48.0001], [11.171, 48.0005], [11.1709, 48.0002]], [[11.7861, 48.3538], [11.7847, 48.3537], [11.7839, 48.3537], [11.7837, 48.3537], [11.7829, 48.3536], [11.7823, 48.3535], [11.7759, 48.353]], [[11.7759, 48.353], [11.7705, 48.3526]], [[11.7705, 48.3526], [11.7686, 48.3525], [11.7658, 48.3523]], [[11.7658, 48.3523], [11.7641, 48.3522], [11.7627, 48.3521], [11.761, 48.3519], [11.7599, 48.3518], [11.7587, 48.3517], [11.7576, 48.3516], [11.7548, 48.3514], [11.7522, 48.3512], [11.7506, 48.3511], [11.7492, 48.351], [11.7476, 48.3508], [11.7468, 48.3508], [11.7466, 48.3508], [11.7451, 48.3507], [11.7433, 48.3505]], [[11.7433, 48.3505], [11.7429, 48.3505]], [[11.7429, 48.3505], [11.7427, 48.3505], [11.7426, 48.3505]], [[11.7426, 48.3505], [11.7417, 48.3504], [11.7412, 48.3503], [11.7407, 48.3502], [11.7402, 48.3501], [11.7398, 48.3501], [11.7394, 48.35], [11.7389, 48.3499], [11.738, 48.3496]], [[11.738, 48.3496], [11.7376, 48.3495], [11.7374, 48.3494]], [[11.7374, 48.3494], [11.7373, 48.3494], [11.7367, 48.3492], [11.7362, 48.349], [11.7357, 48.3488], [11.7352, 48.3485], [11.7351, 48.3485]], [[11.7351, 48.3485], [11.7346, 48.3482]], [[11.7346, 48.3482], [11.7345, 48.3481], [11.734, 48.3479]], [[11.734, 48.3479], [11.7337, 48.3477], [11.733, 48.3473], [11.7324, 48.3469], [11.7317, 48.3465], [11.7309, 48.346], [11.7302, 48.3455], [11.7292, 48.3449], [11.7285, 48.3443], [11.7281, 48.344], [11.7278, 48.3438], [11.7274, 48.3433], [11.727, 48.343], [11.7266, 48.3426], [11.7261, 48.3421], [11.7257, 48.3416], [11.7253, 48.3411], [11.725, 48.3407], [11.7247, 48.3402], [11.7244, 48.3399], [11.7242, 48.3395], [11.724, 48.339], [11.7236, 48.3385], [11.7224, 48.3362], [11.7218, 48.3351], [11.7212, 48.334], [11.7209, 48.3333], [11.7205, 48.3326], [11.7202, 48.3317], [11.7199, 48.3308], [11.7197, 48.33], [11.7195, 48.3294], [11.7193, 48.3285], [11.7192, 48.3278], [11.719, 48.325], [11.7188, 48.3237], [11.7188, 48.3231], [11.7186, 48.3222], [11.7185, 48.3217], [11.7183, 48.3211], [11.718, 48.3201], [11.7179, 48.3196], [11.7177, 48.3191], [11.7174, 48.3181], [11.7171, 48.3173], [11.7167, 48.3162], [11.7161, 48.3144], [11.7158, 48.3136], [11.7158, 48.3135], [11.7155, 48.3127], [11.7148, 48.3105], [11.7144, 48.3094], [11.7141, 48.3086], [11.714, 48.3085], [11.714, 48.3083]], [[11.714, 48.3083], [11.7139, 48.3082]], [[11.7139, 48.3082], [11.713, 48.3058], [11.7126, 48.3046], [11.7122, 48.3034], [11.7116, 48.3017], [11.7114, 48.3013], [11.7112, 48.3009], [11.7111, 48.3004], [11.711, 48.2999], [11.7109, 48.2995]], [[11.7109, 48.2995], [11.7109, 48.2994]], [[11.7109, 48.2994], [11.7109, 48.2991], [11.7108, 48.2987], [11.7108, 48.2982], [11.7107, 48.2975], [11.7108, 48.2963], [11.7108, 48.2958], [11.7108, 48.2953], [11.7108, 48.2947], [11.7108, 48.2945], [11.7108, 48.2939], [11.7108, 48.2934]], [[11.7108, 48.2934], [11.7107, 48.2932]], [[11.7107, 48.2932], [11.7107, 48.293]], [[11.7107, 48.293], [11.7107, 48.2928]], [[11.7107, 48.2928], [11.7104, 48.291], [11.7103, 48.2905], [11.7101, 48.2889], [11.71, 48.2883], [11.71, 48.2881], [11.7099, 48.2878]], [[11.7099, 48.2878], [11.7099, 48.2874]], [[11.7099, 48.2874], [11.7099, 48.2873], [11.7099, 48.2869], [11.7099, 48.2865], [11.7099, 48.2857], [11.71, 48.2847], [11.71, 48.2836], [11.7101, 48.2828], [11.7102, 48.2818], [11.7102, 48.2816], [11.7103, 48.28], [11.7104, 48.2788], [11.7104, 48.2779], [11.7104, 48.277], [11.7104, 48.2756], [11.7103, 48.2746], [11.7101, 48.2718], [11.71, 48.2702], [11.7098, 48.2685], [11.7098, 48.268], [11.7097, 48.2673], [11.7095, 48.2664], [11.7094, 48.2656], [11.7093, 48.265], [11.7091, 48.2644], [11.7089, 48.2636], [11.7086, 48.2627], [11.7084, 48.2621], [11.7082, 48.2616], [11.7079, 48.2607], [11.7074, 48.2596], [11.7071, 48.259], [11.7068, 48.2584], [11.7063, 48.2576], [11.7062, 48.2573], [11.706, 48.2569], [11.7056, 48.2562], [11.7051, 48.2556], [11.7044, 48.2544], [11.7038, 48.2536], [11.7034, 48.2531], [11.7026, 48.2521], [11.7018, 48.2512], [11.7013, 48.2506], [11.7002, 48.2495], [11.6992, 48.2485], [11.6985, 48.2478], [11.697, 48.2465], [11.6963, 48.2458], [11.6945, 48.2441], [11.6932, 48.2429], [11.6918, 48.2416], [11.6911, 48.2409], [11.6907, 48.2406], [11.6904, 48.2402], [11.6892, 48.2392], [11.6883, 48.2383], [11.6876, 48.2377], [11.6866, 48.2368]], [[11.6866, 48.2368], [11.6862, 48.2363], [11.686, 48.2362], [11.6844, 48.2347], [11.6842, 48.2345], [11.6838, 48.2341], [11.6835, 48.2338], [11.6831, 48.2334], [11.6826, 48.233], [11.6822, 48.2326], [11.6819, 48.2322], [11.6816, 48.2318], [11.6814, 48.2314], [11.6812, 48.2312], [11.6812, 48.2311], [11.6811, 48.2309], [11.681, 48.2308], [11.6807, 48.2302]], [[11.6807, 48.2302], [11.6803, 48.229], [11.6798, 48.2278], [11.6797, 48.2272], [11.6797, 48.227]], [[11.6797, 48.227], [11.6794, 48.2258], [11.6793, 48.2255], [11.6792, 48.2251], [11.6792, 48.225]], [[11.6792, 48.225], [11.6792, 48.2249], [11.6791, 48.2242], [11.6788, 48.223], [11.6786, 48.2221], [11.6784, 48.2214], [11.6782, 48.2203], [11.678, 48.2197], [11.6779, 48.2193], [11.6777, 48.2187], [11.6776, 48.2182], [11.6774, 48.2176], [11.6771, 48.2171], [11.6768, 48.2166], [11.6765, 48.216], [11.6763, 48.2157], [11.6762, 48.2155]], [[11.6762, 48.2155], [11.6759, 48.2151], [11.6755, 48.2146], [11.6754, 48.2144], [11.6752, 48.2141], [11.6748, 48.2137], [11.6744, 48.2133], [11.6741, 48.2129], [11.6737, 48.2125], [11.6733, 48.2121]], [[11.6733, 48.2121], [11.6732, 48.212], [11.6729, 48.2118], [11.6726, 48.2115], [11.6723, 48.2112], [11.6721, 48.2111], [11.6716, 48.2107], [11.6707, 48.21], [11.6706, 48.2099], [11.6705, 48.2099], [11.6704, 48.2098], [11.6693, 48.2089], [11.6682, 48.2081], [11.6665, 48.2068], [11.6647, 48.2054], [11.6637, 48.2047], [11.6626, 48.2038], [11.6612, 48.2028], [11.6605, 48.2022], [11.6599, 48.2018], [11.6598, 48.2017], [11.6597, 48.2016], [11.6596, 48.2015], [11.6585, 48.2007]], [[11.6585, 48.2007], [11.6579, 48.2002]], [[11.6579, 48.2002], [11.6578, 48.2002], [11.6569, 48.1995], [11.6558, 48.1986]], [[11.6558, 48.1986], [11.6519, 48.1957], [11.6507, 48.1948], [11.6496, 48.1939], [11.6491, 48.1934], [11.6486, 48.193], [11.6482, 48.1925], [11.648, 48.1923], [11.6479, 48.192], [11.6478, 48.1919], [11.6475, 48.1914], [11.6467, 48.1901], [11.6467, 48.19], [11.6463, 48.1893], [11.6462, 48.1892], [11.6455, 48.1879]], [[11.6455, 48.1879], [11.6453, 48.1875], [11.6447, 48.1864], [11.6445, 48.1861], [11.6444, 48.1858], [11.6443, 48.1857], [11.6441, 48.1853]], [[11.6441, 48.1853], [11.6439, 48.185]], [[11.6439, 48.185], [11.6438, 48.1846], [11.6437, 48.1843], [11.6436, 48.184], [11.6436, 48.1838], [11.6436, 48.1837], [11.6436, 48.1835], [11.6435, 48.1832], [11.6435, 48.1829], [11.6435, 48.1827], [11.6436, 48.1825], [11.6436, 48.1822], [11.6437, 48.1819], [11.6437, 48.1817], [11.6438, 48.1813], [11.6439, 48.1811]], [[11.6439, 48.1811], [11.644, 48.1808], [11.6442, 48.1803]], [[11.6442, 48.1803], [11.6445, 48.1793]], [[11.6445, 48.1793], [11.6447, 48.1787], [11.6448, 48.1784], [11.6449, 48.1781], [11.645, 48.1778], [11.645, 48.1775], [11.6451, 48.1772], [11.6451, 48.1769], [11.6452, 48.1763]], [[11.6452, 48.1763], [11.6452, 48.1759], [11.6452, 48.1757], [11.6452, 48.1755], [11.6453, 48.1749], [11.6453, 48.1737], [11.6453, 48.173], [11.6453, 48.172], [11.6453, 48.1711], [11.6453, 48.1708], [11.6453, 48.1706], [11.6454, 48.1703], [11.6454, 48.1701]], [[11.6454, 48.1701], [11.6455, 48.1696]], [[11.6455, 48.1696], [11.6456, 48.1693]], [[11.6456, 48.1693], [11.6457, 48.1689], [11.6457, 48.1686]], [[11.6457, 48.1686], [11.6458, 48.1682], [11.6459, 48.1679], [11.6459, 48.1678], [11.6459, 48.1676], [11.6461, 48.1672], [11.6462, 48.1665]], [[11.6462, 48.1665], [11.6465, 48.1657], [11.6467, 48.1648], [11.6467, 48.1646], [11.6468, 48.1645], [11.6469, 48.1642], [11.6469, 48.1639], [11.647, 48.1637], [11.6471, 48.1634], [11.6472, 48.1631], [11.6473, 48.1627]], [[11.6473, 48.1627], [11.6474, 48.1626]], [[11.6474, 48.1626], [11.6474, 48.1624], [11.6475, 48.1622]], [[11.6475, 48.1622], [11.6476, 48.1618], [11.6477, 48.1614], [11.6478, 48.1608], [11.6478, 48.1606], [11.6479, 48.1603], [11.6479, 48.1601]], [[11.6479, 48.1601], [11.6479, 48.1599], [11.648, 48.1594], [11.648, 48.1589], [11.6481, 48.1583]], [[11.6481, 48.1583], [11.6483, 48.1568], [11.6484, 48.1563]], [[11.6484, 48.1563], [11.6484, 48.1562], [11.6484, 48.1561], [11.6485, 48.1553], [11.6487, 48.1544]], [[11.6487, 48.1544], [11.6488, 48.1539], [11.6488, 48.1538], [11.6489, 48.1531], [11.6489, 48.1527]], [[11.6489, 48.1527], [11.649, 48.1522], [11.649, 48.1518], [11.6491, 48.1513], [11.6491, 48.1511], [11.6491, 48.1509], [11.6491, 48.1506], [11.6492, 48.1501], [11.6492, 48.1498], [11.6492, 48.1496], [11.6493, 48.1495], [11.6493, 48.149], [11.6493, 48.1488], [11.6493, 48.1487], [11.6494, 48.1483], [11.6494, 48.148], [11.6494, 48.1477], [11.6495, 48.1474], [11.6496, 48.147], [11.6497, 48.1454], [11.6499, 48.1437], [11.65, 48.143]], [[11.65, 48.143], [11.65, 48.1427], [11.6501, 48.1422], [11.6501, 48.1419], [11.6501, 48.1417], [11.6502, 48.1416], [11.6502, 48.1413], [11.6503, 48.141], [11.6504, 48.1407], [11.6507, 48.1401], [11.6511, 48.1391], [11.6511, 48.139]], [[11.6511, 48.139], [11.6513, 48.1386], [11.6513, 48.1383], [11.6514, 48.138], [11.6514, 48.1378], [11.6514, 48.1377], [11.6514, 48.1375], [11.6514, 48.1374], [11.6513, 48.1372], [11.6513, 48.1371], [11.6512, 48.1369], [11.6512, 48.1368], [11.6511, 48.1366], [11.651, 48.1365], [11.6509, 48.1364], [11.6507, 48.1361], [11.6506, 48.136], [11.6505, 48.1359], [11.6503, 48.1358], [11.6503, 48.1357], [11.65, 48.1355], [11.6498, 48.1354], [11.6497, 48.1353]], [[11.6497, 48.1353], [11.6496, 48.1353], [11.6493, 48.1351], [11.6491, 48.135], [11.6488, 48.1349], [11.6485, 48.1348], [11.6484, 48.1348], [11.6481, 48.1348], [11.648, 48.1347], [11.6476, 48.1347], [11.6473, 48.1346]], [[11.6473, 48.1346], [11.6467, 48.1346], [11.6458, 48.1345], [11.6454, 48.1345], [11.6447, 48.1345], [11.6442, 48.1345], [11.6435, 48.1346], [11.6428, 48.1347], [11.6411, 48.1349], [11.6409, 48.1349], [11.6402, 48.135], [11.6398, 48.135], [11.6395, 48.135], [11.6393, 48.135], [11.639, 48.135], [11.6387, 48.1351], [11.6382, 48.1351]], [[11.6382, 48.1351], [11.6381, 48.1351], [11.6378, 48.1351], [11.6363, 48.135], [11.6358, 48.135], [11.6355, 48.135], [11.6352, 48.135], [11.6348, 48.135]], [[11.6348, 48.135], [11.6345, 48.135], [11.6337, 48.1351], [11.6331, 48.1352]], [[11.6331, 48.1352], [11.6329, 48.1352], [11.6319, 48.1353], [11.6308, 48.1354], [11.6305, 48.1354], [11.63, 48.1354], [11.6291, 48.1355], [11.6286, 48.1355], [11.6279, 48.1355], [11.6276, 48.1354]], [[11.6276, 48.1354], [11.6275, 48.1354], [11.6273, 48.1354], [11.6268, 48.1354]], [[11.6268, 48.1354], [11.6264, 48.1354], [11.626, 48.1355], [11.6253, 48.1356], [11.6251, 48.1356], [11.6249, 48.1356], [11.6245, 48.1356], [11.6242, 48.1356], [11.6237, 48.1356], [11.623, 48.1355]], [[11.623, 48.1355], [11.6227, 48.1355], [11.6219, 48.1354], [11.621, 48.1353]], [[11.621, 48.1353], [11.6205, 48.1352], [11.62, 48.1351], [11.6197, 48.135], [11.6194, 48.135]], [[11.6194, 48.135], [11.619, 48.1349], [11.6181, 48.1347], [11.618, 48.1347], [11.6171, 48.1346], [11.6165, 48.1345], [11.6162, 48.1344], [11.6159, 48.1344], [11.6157, 48.1343], [11.6154, 48.1343], [11.6152, 48.1342], [11.6151, 48.1342], [11.6148, 48.1341], [11.6145, 48.134], [11.6143, 48.1339], [11.6141, 48.1339], [11.6139, 48.1338], [11.6137, 48.1337], [11.6135, 48.1335], [11.613, 48.1333], [11.6126, 48.1331], [11.6125, 48.133]], [[11.6125, 48.133], [11.6116, 48.1324], [11.6114, 48.1322], [11.6105, 48.1317], [11.61, 48.1313], [11.6097, 48.1311], [11.6094, 48.1308], [11.6093, 48.1307], [11.6092, 48.1306], [11.6086, 48.1302], [11.6082, 48.1299]], [[11.6082, 48.1299], [11.6072, 48.1293], [11.6068, 48.129], [11.6067, 48.129], [11.6062, 48.1286], [11.6061, 48.1286], [11.6061, 48.1285]], [[11.6061, 48.1285], [11.605, 48.1278]], [[11.605, 48.1278], [11.6045, 48.1275], [11.6041, 48.1272], [11.604, 48.1272], [11.604, 48.1271]], [[11.604, 48.1271], [11.6038, 48.1269], [11.6035, 48.1268], [11.6034, 48.1266], [11.6032, 48.1265], [11.6028, 48.1263]], [[11.6028, 48.1263], [11.6026, 48.1262], [11.6024, 48.1261]], [[11.6024, 48.1261], [11.6022, 48.126], [11.6021, 48.126], [11.602, 48.126]], [[11.602, 48.126], [11.6018, 48.1259], [11.6017, 48.1259], [11.6014, 48.1258], [11.6013, 48.1258], [11.6011, 48.1257], [11.6009, 48.1257]], [[11.5523, 48.1421], [11.552, 48.142], [11.5517, 48.142], [11.5515, 48.142], [11.5513, 48.1419], [11.551, 48.1419]], [[11.551, 48.1419], [11.5508, 48.1419], [11.5505, 48.1419], [11.5503, 48.1419], [11.5501, 48.1419], [11.55, 48.1419]], [[11.55, 48.1419], [11.5498, 48.1419], [11.5494, 48.142], [11.5486, 48.142], [11.5484, 48.142]], [[11.5484, 48.142], [11.5482, 48.1421], [11.5475, 48.1421], [11.5472, 48.1421], [11.5471, 48.1421]], [[11.5471, 48.1421], [11.547, 48.1421], [11.545, 48.1423], [11.5447, 48.1423], [11.5446, 48.1423], [11.5441, 48.1424], [11.5432, 48.1424], [11.5417, 48.1425], [11.5408, 48.1426]], [[11.5408, 48.1426], [11.5405, 48.1426], [11.5396, 48.1427], [11.5389, 48.1427]], [[11.5389, 48.1427], [11.5387, 48.1428], [11.5386, 48.1428], [11.5381, 48.1428], [11.538, 48.1428], [11.5377, 48.1428], [11.5372, 48.1428], [11.5368, 48.1428], [11.5365, 48.1428], [11.5358, 48.1428], [11.5355, 48.1428], [11.5353, 48.1428]], [[11.5353, 48.1428], [11.5351, 48.1428], [11.5345, 48.1428], [11.5339, 48.1428], [11.5337, 48.1428], [11.533, 48.1428], [11.5326, 48.1428], [11.5319, 48.1428], [11.5312, 48.1427], [11.5306, 48.1427], [11.5299, 48.1428], [11.5295, 48.1428], [11.5283, 48.1429], [11.5244, 48.1432], [11.5239, 48.1432], [11.5232, 48.1433], [11.5225, 48.1434], [11.5218, 48.1434], [11.5212, 48.1435], [11.5211, 48.1435]], [[11.5211, 48.1435], [11.5209, 48.1435], [11.5202, 48.1436], [11.5199, 48.1436], [11.5196, 48.1436], [11.5195, 48.1436], [11.5192, 48.1436], [11.5191, 48.1436], [11.519, 48.1436], [11.5189, 48.1436], [11.5184, 48.1436], [11.5181, 48.1436], [11.5179, 48.1436], [11.5177, 48.1436], [11.5173, 48.1436], [11.5171, 48.1436], [11.5167, 48.1436], [11.5164, 48.1436], [11.5157, 48.1435]], [[11.5157, 48.1435], [11.5149, 48.1435], [11.5145, 48.1435]], [[11.5145, 48.1435], [11.5141, 48.1435], [11.5137, 48.1434], [11.5132, 48.1434]], [[11.5132, 48.1434], [11.5129, 48.1434], [11.5126, 48.1435], [11.5122, 48.1435], [11.5119, 48.1435], [11.5115, 48.1436], [11.5109, 48.1437], [11.5105, 48.1438], [11.51, 48.1439], [11.5097, 48.144], [11.5094, 48.144], [11.5091, 48.144], [11.5087, 48.1441], [11.5083, 48.1441], [11.5078, 48.1442], [11.5071, 48.1442], [11.5066, 48.1443], [11.5058, 48.1443], [11.5056, 48.1444], [11.505, 48.1444], [11.5045, 48.1445], [11.5044, 48.1445], [11.5043, 48.1445], [11.5037, 48.1446], [11.503, 48.1446], [11.5027, 48.1447], [11.5026, 48.1447], [11.5023, 48.1447], [11.5017, 48.1448], [11.5016, 48.1448], [11.5015, 48.1448], [11.5014, 48.1448]], [[11.5014, 48.1448], [11.5012, 48.1448], [11.5009, 48.1448], [11.5007, 48.1449], [11.5005, 48.1449], [11.5003, 48.1449], [11.4998, 48.1449], [11.4991, 48.1449], [11.4988, 48.1449], [11.4983, 48.145], [11.498, 48.145], [11.4976, 48.1451], [11.4972, 48.1451], [11.4968, 48.1452]], [[11.4968, 48.1452], [11.4964, 48.1453], [11.4952, 48.1456]], [[11.4952, 48.1456], [11.4947, 48.1457], [11.4946, 48.1457], [11.4944, 48.1458], [11.494, 48.1459], [11.4937, 48.1459], [11.4933, 48.146], [11.4929, 48.146], [11.4925, 48.146], [11.4922, 48.1461], [11.4918, 48.146], [11.4914, 48.146], [11.4911, 48.146], [11.4909, 48.146], [11.4907, 48.146]], [[11.4907, 48.146], [11.49, 48.1459]], [[11.49, 48.1459], [11.4899, 48.1459]], [[11.4899, 48.1459], [11.4893, 48.1458]], [[11.4893, 48.1458], [11.4885, 48.1458], [11.4881, 48.1458], [11.4878, 48.1458], [11.4875, 48.1458], [11.4873, 48.1458]], [[11.4873, 48.1458], [11.4872, 48.1458], [11.4863, 48.1458], [11.4842, 48.146], [11.4818, 48.1462], [11.4814, 48.1462]], [[11.4814, 48.1462], [11.4807, 48.1463], [11.4789, 48.1464], [11.4783, 48.1464], [11.4778, 48.1465], [11.4762, 48.1466], [11.4753, 48.1466], [11.4749, 48.1467]], [[11.4749, 48.1467], [11.474, 48.1467], [11.4738, 48.1468], [11.4734, 48.1468], [11.4725, 48.1469], [11.472, 48.1469], [11.4716, 48.147], [11.471, 48.1471], [11.4709, 48.1471], [11.4705, 48.1472], [11.4696, 48.1474], [11.4693, 48.1475], [11.4691, 48.1476], [11.469, 48.1476], [11.468, 48.148], [11.4667, 48.1484]], [[11.4667, 48.1484], [11.4659, 48.1487]], [[11.4659, 48.1487], [11.4658, 48.1488]], [[11.4658, 48.1488], [11.4657, 48.1488]], [[11.4657, 48.1488], [11.4646, 48.1491]], [[11.4646, 48.1491], [11.4644, 48.1492]], [[11.4644, 48.1492], [11.4632, 48.1496], [11.4629, 48.1496], [11.4625, 48.1498], [11.4617, 48.15], [11.461, 48.1502], [11.4598, 48.1506]], [[11.4598, 48.1506], [11.4596, 48.1506]], [[11.4596, 48.1506], [11.4589, 48.1509], [11.458, 48.1512], [11.4578, 48.1512], [11.4575, 48.1513], [11.4568, 48.1516]], [[11.4568, 48.1516], [11.4562, 48.1517], [11.456, 48.1518]], [[11.456, 48.1518], [11.4558, 48.1518], [11.4556, 48.1519], [11.4551, 48.152], [11.4548, 48.1521], [11.4543, 48.1521], [11.4541, 48.1521], [11.454, 48.1522], [11.4538, 48.1522], [11.4535, 48.1522], [11.4532, 48.1522], [11.4529, 48.1522], [11.4528, 48.1522], [11.4526, 48.1522], [11.4523, 48.1521], [11.452, 48.1521], [11.4518, 48.152], [11.4515, 48.152]], [[11.4515, 48.152], [11.4513, 48.1519], [11.4508, 48.1518], [11.45, 48.1516], [11.4486, 48.1513], [11.4479, 48.1511], [11.4472, 48.1509]], [[11.4472, 48.1509], [11.4469, 48.1508]], [[11.4469, 48.1508], [11.4466, 48.1507], [11.4463, 48.1505], [11.4458, 48.1503], [11.4455, 48.1502], [11.4454, 48.1501]], [[11.4454, 48.1501], [11.4449, 48.1498]], [[11.4449, 48.1498], [11.4448, 48.1498], [11.4445, 48.1496], [11.4442, 48.1493], [11.4441, 48.1492], [11.4438, 48.149]], [[11.4438, 48.149], [11.4437, 48.1489], [11.4435, 48.1488]], [[11.4435, 48.1488], [11.4434, 48.1486], [11.4433, 48.1485], [11.4432, 48.1484], [11.4431, 48.1484], [11.443, 48.1482], [11.4429, 48.148], [11.4428, 48.1479]], [[11.4428, 48.1479], [11.4427, 48.1478], [11.4426, 48.1477], [11.4425, 48.1476], [11.4424, 48.1474], [11.4423, 48.1472], [11.4419, 48.1467], [11.4417, 48.1465], [11.4417, 48.1464], [11.4416, 48.1463], [11.4415, 48.1461], [11.4413, 48.1459], [11.4411, 48.1458]], [[11.4411, 48.1458], [11.4411, 48.1457], [11.4409, 48.1456]], [[11.4409, 48.1456], [11.4404, 48.1451], [11.4401, 48.1448], [11.4399, 48.1446], [11.4397, 48.1444], [11.4395, 48.1442], [11.4393, 48.1441], [11.4391, 48.144], [11.4389, 48.1439], [11.4386, 48.1437], [11.4385, 48.1437], [11.4383, 48.1436], [11.4382, 48.1436], [11.4381, 48.1435], [11.4379, 48.1435], [11.4378, 48.1434], [11.4376, 48.1434], [11.4375, 48.1434], [11.4373, 48.1433], [11.4372, 48.1433], [11.4369, 48.1432], [11.4367, 48.1432]], [[11.4367, 48.1432], [11.4364, 48.1432]], [[11.4364, 48.1432], [11.436, 48.1431], [11.4351, 48.143], [11.4342, 48.1429], [11.4323, 48.1427], [11.4322, 48.1427]], [[11.4322, 48.1427], [11.4317, 48.1427]], [[11.4317, 48.1427], [11.4312, 48.1426], [11.4308, 48.1426], [11.4305, 48.1425], [11.43, 48.1425], [11.4298, 48.1425], [11.4284, 48.1424], [11.4274, 48.1424], [11.4269, 48.1423], [11.4266, 48.1423], [11.4263, 48.1423], [11.4259, 48.1422], [11.4255, 48.1422], [11.4251, 48.1421], [11.4246, 48.1421], [11.4242, 48.142], [11.4241, 48.142], [11.424, 48.142], [11.4221, 48.1417], [11.4218, 48.1417], [11.4208, 48.1415]], [[11.4208, 48.1415], [11.4199, 48.1414], [11.4194, 48.1413], [11.4172, 48.141], [11.4141, 48.1406], [11.4126, 48.1404], [11.4122, 48.1403]], [[11.4122, 48.1403], [11.412, 48.1403], [11.4117, 48.1403]], [[11.4117, 48.1403], [11.4101, 48.14], [11.4088, 48.1399], [11.4084, 48.1398]], [[11.4084, 48.1398], [11.4078, 48.1397]], [[11.4078, 48.1397], [11.4068, 48.1396], [11.4057, 48.1394], [11.4053, 48.1394], [11.4048, 48.1393], [11.4043, 48.1392], [11.4039, 48.1391], [11.4035, 48.139], [11.4034, 48.139], [11.4031, 48.1389], [11.4028, 48.1388]], [[11.4028, 48.1388], [11.4025, 48.1387]], [[11.4025, 48.1387], [11.4019, 48.1385], [11.4014, 48.1384], [11.4011, 48.1383], [11.4009, 48.1383], [11.3997, 48.1379], [11.3996, 48.1379], [11.399, 48.1377], [11.3981, 48.1374]], [[11.3981, 48.1374], [11.3972, 48.1371]], [[11.3972, 48.1371], [11.3962, 48.1368], [11.3956, 48.1366], [11.394, 48.1361], [11.3936, 48.136], [11.3931, 48.1358], [11.3928, 48.1357], [11.3924, 48.1355], [11.3923, 48.1355], [11.3922, 48.1355], [11.3919, 48.1353], [11.3918, 48.1353], [11.3913, 48.1351], [11.3903, 48.1346]], [[11.3903, 48.1346], [11.3897, 48.1344], [11.3897, 48.1343], [11.3892, 48.1341], [11.3885, 48.1338], [11.3877, 48.1335], [11.3872, 48.1332], [11.3868, 48.1331], [11.3867, 48.133]], [[11.3867, 48.133], [11.3866, 48.133]], [[11.3866, 48.133], [11.3865, 48.1329], [11.3864, 48.1329], [11.386, 48.1327], [11.3855, 48.1325], [11.3851, 48.1324], [11.3846, 48.1323], [11.3842, 48.1322], [11.3838, 48.1321], [11.3833, 48.132], [11.3828, 48.1319], [11.3812, 48.1316], [11.3763, 48.1308], [11.3761, 48.1308]], [[11.3761, 48.1308], [11.3757, 48.1307]], [[11.3757, 48.1307], [11.3724, 48.1302]], [[11.3724, 48.1302], [11.3722, 48.1302]], [[11.3722, 48.1302], [11.3721, 48.1302], [11.3696, 48.1298], [11.3687, 48.1296]], [[11.3687, 48.1296], [11.368, 48.1295], [11.3675, 48.1295], [11.3671, 48.1294], [11.3668, 48.1294], [11.3662, 48.1293]], [[11.3662, 48.1293], [11.3655, 48.1292]], [[11.3655, 48.1292], [11.3653, 48.1291]], [[11.3653, 48.1291], [11.364, 48.1289], [11.3623, 48.1286], [11.3619, 48.1286]], [[11.3619, 48.1286], [11.3616, 48.1285], [11.3607, 48.1284]], [[11.3607, 48.1284], [11.3601, 48.1283], [11.3597, 48.1282], [11.3594, 48.1281], [11.3592, 48.1281], [11.359, 48.128], [11.3586, 48.128], [11.3582, 48.1278], [11.3579, 48.1277]], [[11.3579, 48.1277], [11.3578, 48.1277], [11.3575, 48.1276], [11.3571, 48.1274], [11.356, 48.127], [11.355, 48.1265]], [[11.355, 48.1265], [11.3548, 48.1264]], [[11.3548, 48.1264], [11.3543, 48.1262], [11.3538, 48.126], [11.3533, 48.1258], [11.3527, 48.1256], [11.3499, 48.1244]], [[11.3499, 48.1244], [11.3494, 48.1242], [11.349, 48.124], [11.3484, 48.1237], [11.3479, 48.1234], [11.3475, 48.1232], [11.3471, 48.123], [11.3467, 48.1227], [11.3464, 48.1224], [11.346, 48.1221], [11.3456, 48.1218], [11.345, 48.1213], [11.3444, 48.1207], [11.3441, 48.1203], [11.3434, 48.1194], [11.3428, 48.1186], [11.342, 48.1175], [11.3412, 48.1165], [11.3408, 48.116], [11.3404, 48.1156], [11.3395, 48.1146], [11.3386, 48.1136], [11.3354, 48.1102]], [[11.3354, 48.1102], [11.3351, 48.11], [11.3348, 48.1097], [11.3344, 48.1095], [11.334, 48.1092], [11.3336, 48.109], [11.3332, 48.1089], [11.3326, 48.1087], [11.332, 48.1086], [11.3314, 48.1085], [11.3307, 48.1085], [11.3293, 48.1085], [11.3285, 48.1085], [11.3277, 48.1085], [11.3271, 48.1086], [11.3267, 48.1087], [11.3261, 48.1088], [11.3256, 48.1089], [11.3253, 48.109], [11.325, 48.1091], [11.3235, 48.1096], [11.3228, 48.1099], [11.322, 48.1101], [11.3217, 48.1102]], [[11.3217, 48.1102], [11.3213, 48.1103], [11.321, 48.1103], [11.3207, 48.1104], [11.3204, 48.1104], [11.3201, 48.1104], [11.3198, 48.1105], [11.3195, 48.1105], [11.3192, 48.1105], [11.319, 48.1104], [11.3187, 48.1104], [11.3184, 48.1104], [11.3181, 48.1103], [11.3178, 48.1103], [11.3174, 48.1102], [11.3171, 48.1101], [11.3167, 48.11], [11.3162, 48.1099], [11.3151, 48.1095], [11.3124, 48.1087], [11.3119, 48.1086], [11.3115, 48.1084], [11.3111, 48.1084], [11.3109, 48.1083], [11.3106, 48.1082], [11.3103, 48.1082], [11.31, 48.1082], [11.3097, 48.1081], [11.3094, 48.1081], [11.3092, 48.1081], [11.3089, 48.1081], [11.3085, 48.1081], [11.308, 48.1081], [11.3075, 48.1081]], [[11.3075, 48.1081], [11.3063, 48.1081], [11.3059, 48.1081], [11.3056, 48.1081], [11.3053, 48.1081], [11.305, 48.108], [11.3047, 48.108], [11.3045, 48.1079], [11.3043, 48.1079], [11.3039, 48.1078], [11.3037, 48.1077], [11.3034, 48.1077], [11.3032, 48.1076], [11.3029, 48.1074]], [[11.3029, 48.1074], [11.3026, 48.1073]], [[11.3026, 48.1073], [11.3022, 48.1071], [11.3008, 48.1064], [11.3007, 48.1063]], [[11.3007, 48.1063], [11.2998, 48.1058], [11.2984, 48.1051]], [[11.2984, 48.1051], [11.2981, 48.1049], [11.2969, 48.1043], [11.2966, 48.1042], [11.2962, 48.1039]], [[11.2962, 48.1039], [11.2956, 48.1036], [11.2938, 48.1027]], [[11.2938, 48.1027], [11.2935, 48.1025]], [[11.2935, 48.1025], [11.2931, 48.1023], [11.2928, 48.1021], [11.2924, 48.1019], [11.292, 48.1016], [11.2917, 48.1014], [11.2912, 48.1011], [11.289, 48.0992], [11.288, 48.0984]], [[11.288, 48.0984], [11.2878, 48.0982]], [[11.2878, 48.0982], [11.2868, 48.0974], [11.2863, 48.097], [11.2859, 48.0967], [11.2856, 48.0965], [11.2853, 48.0962], [11.2849, 48.0959], [11.2829, 48.0946], [11.2818, 48.0938]], [[11.2818, 48.0938], [11.281, 48.0933]], [[11.281, 48.0933], [11.2798, 48.0924], [11.2786, 48.0916], [11.2735, 48.0881], [11.2705, 48.0861], [11.269, 48.0851], [11.2676, 48.0841], [11.2666, 48.0834], [11.2658, 48.0828]], [[11.2658, 48.0828], [11.2656, 48.0827]], [[11.2656, 48.0827], [11.2653, 48.0825], [11.2651, 48.0824], [11.2647, 48.0822], [11.2645, 48.082], [11.264, 48.0818], [11.2637, 48.0816], [11.2633, 48.0814], [11.2623, 48.081], [11.2598, 48.0798], [11.2588, 48.0794], [11.2581, 48.0791], [11.2576, 48.0788], [11.2571, 48.0786], [11.2566, 48.0784], [11.2563, 48.0783], [11.256, 48.0783], [11.2558, 48.0782], [11.2554, 48.0781], [11.2549, 48.078], [11.2532, 48.0777], [11.2521, 48.0775]], [[11.2521, 48.0775], [11.2505, 48.0772], [11.2498, 48.0771], [11.2492, 48.0769], [11.2488, 48.0768], [11.2486, 48.0768], [11.2484, 48.0767]], [[11.2484, 48.0767], [11.2481, 48.0766], [11.2478, 48.0765]], [[11.2478, 48.0765], [11.2476, 48.0764], [11.2473, 48.0762], [11.2471, 48.0761], [11.2468, 48.0759], [11.2466, 48.0758], [11.2465, 48.0756], [11.2463, 48.0755], [11.2462, 48.0753], [11.246, 48.0751], [11.2459, 48.075], [11.2457, 48.0747], [11.2455, 48.0744], [11.2453, 48.0741], [11.2452, 48.0739], [11.245, 48.0736]], [[11.245, 48.0736], [11.2449, 48.0735]], [[11.2449, 48.0735], [11.2448, 48.0734], [11.2446, 48.0732], [11.2444, 48.073], [11.2442, 48.0729], [11.244, 48.0727], [11.2438, 48.0726], [11.2436, 48.0725], [11.2433, 48.0724], [11.2431, 48.0722], [11.2429, 48.0722], [11.2426, 48.0721], [11.2422, 48.072], [11.2418, 48.0719], [11.2414, 48.0718]], [[11.2414, 48.0718], [11.2399, 48.0715], [11.2379, 48.0711]], [[11.2379, 48.0711], [11.2376, 48.0711]], [[11.2376, 48.0711], [11.2361, 48.0708], [11.2351, 48.0706], [11.2333, 48.0703], [11.2328, 48.0702], [11.2321, 48.07], [11.2316, 48.0699], [11.2309, 48.0697]], [[11.2309, 48.0697], [11.2304, 48.0696]], [[11.2304, 48.0696], [11.2279, 48.0691], [11.2235, 48.0681]], [[11.2235, 48.0681], [11.2233, 48.068]], [[11.2233, 48.068], [11.2227, 48.0679], [11.2222, 48.0678], [11.2219, 48.0677], [11.2216, 48.0675], [11.2212, 48.0674], [11.221, 48.0673], [11.2207, 48.0671], [11.2204, 48.067], [11.2202, 48.0669], [11.22, 48.0667], [11.2198, 48.0666], [11.2195, 48.0663], [11.2187, 48.0656], [11.2183, 48.0653], [11.218, 48.065], [11.2178, 48.0649], [11.2175, 48.0647], [11.2172, 48.0646], [11.2169, 48.0645], [11.2167, 48.0644], [11.2164, 48.0643], [11.2161, 48.0642], [11.2158, 48.0641], [11.2155, 48.064], [11.215, 48.0639], [11.2146, 48.0639], [11.2143, 48.0638], [11.214, 48.0638], [11.2137, 48.0638], [11.2135, 48.0638], [11.2127, 48.0638], [11.2122, 48.0637], [11.2119, 48.0637], [11.2116, 48.0637], [11.2113, 48.0637], [11.2109, 48.0636], [11.2106, 48.0635], [11.2103, 48.0634], [11.2101, 48.0633], [11.2098, 48.0632], [11.2095, 48.0631], [11.2092, 48.063], [11.2089, 48.0628], [11.2086, 48.0626], [11.2076, 48.0618], [11.2066, 48.061], [11.206, 48.0605], [11.2056, 48.0602], [11.2053, 48.0599], [11.205, 48.0596]], [[11.205, 48.0596], [11.2049, 48.0594]], [[11.2049, 48.0594], [11.2047, 48.0592]], [[11.2047, 48.0592], [11.2045, 48.0589], [11.2044, 48.0586], [11.2042, 48.0584], [11.2041, 48.0581], [11.2041, 48.0577], [11.2041, 48.0575], [11.2041, 48.0572], [11.2041, 48.057], [11.2042, 48.0567], [11.2043, 48.0564], [11.2044, 48.0562], [11.2049, 48.0555], [11.2051, 48.0552], [11.2052, 48.0549], [11.2053, 48.0547], [11.2054, 48.0545], [11.2054, 48.0542], [11.2054, 48.054], [11.2054, 48.0537], [11.2054, 48.0534], [11.2053, 48.0529], [11.2053, 48.0526], [11.2052, 48.0524], [11.2052, 48.0522], [11.2053, 48.052], [11.2053, 48.0518], [11.2054, 48.0516], [11.2055, 48.0513], [11.2056, 48.0511], [11.2057, 48.0509], [11.206, 48.0505], [11.2067, 48.0497], [11.207, 48.0493], [11.2073, 48.0489], [11.2073, 48.0488], [11.2074, 48.0486], [11.2075, 48.0484], [11.2075, 48.0482], [11.2075, 48.048], [11.2076, 48.0478], [11.2076, 48.0477], [11.2075, 48.0474], [11.2075, 48.0472], [11.2075, 48.0471], [11.2074, 48.0468], [11.2073, 48.0466], [11.2071, 48.0464], [11.207, 48.0461], [11.2067, 48.0458], [11.2064, 48.0455], [11.2062, 48.0453], [11.2059, 48.0451], [11.2056, 48.045], [11.2052, 48.0448], [11.2048, 48.0446], [11.2044, 48.0444], [11.204, 48.0443], [11.2024, 48.0439], [11.2021, 48.0437], [11.2018, 48.0437], [11.2016, 48.0436], [11.2015, 48.0435]], [[11.2015, 48.0435], [11.2012, 48.0434], [11.2011, 48.0433], [11.2008, 48.0432], [11.2006, 48.0431], [11.2005, 48.043], [11.2003, 48.0428], [11.2, 48.0427], [11.1998, 48.0425]], [[11.1998, 48.0425], [11.1988, 48.0416], [11.198, 48.0408]], [[11.198, 48.0408], [11.1976, 48.0405], [11.1972, 48.0401], [11.1966, 48.0395]], [[11.1966, 48.0395], [11.1964, 48.0393]], [[11.1964, 48.0393], [11.1961, 48.039]], [[11.1961, 48.039], [11.1953, 48.0381], [11.1939, 48.0367], [11.1936, 48.0364], [11.1933, 48.0361], [11.193, 48.0358], [11.1927, 48.0356], [11.1922, 48.0352], [11.1916, 48.0347]], [[11.1916, 48.0347], [11.1914, 48.0346]], [[11.1914, 48.0346], [11.1902, 48.0337], [11.1892, 48.0329], [11.1889, 48.0326], [11.1885, 48.0323], [11.1882, 48.0321], [11.1879, 48.0318], [11.1866, 48.0307], [11.186, 48.0301], [11.1856, 48.0298], [11.184, 48.0285]], [[11.184, 48.0285], [11.1838, 48.0283]], [[11.1838, 48.0283], [11.183, 48.0277], [11.1813, 48.0263], [11.181, 48.0261], [11.1808, 48.0259], [11.1805, 48.0257], [11.1801, 48.0255], [11.1782, 48.0244], [11.1779, 48.0242], [11.1777, 48.024], [11.1774, 48.0238], [11.1772, 48.0236], [11.177, 48.0234], [11.1768, 48.0232], [11.1735, 48.02]], [[11.1735, 48.02], [11.1733, 48.0197], [11.1731, 48.0195], [11.173, 48.0193], [11.1729, 48.0191], [11.1728, 48.0188], [11.1728, 48.0186], [11.1727, 48.0183], [11.1727, 48.018], [11.1727, 48.0149], [11.1726, 48.0118], [11.1725, 48.0078], [11.1725, 48.0073], [11.1724, 48.007], [11.1724, 48.0068], [11.1724, 48.0065], [11.1723, 48.0062], [11.1723, 48.0059], [11.1722, 48.0055], [11.1718, 48.0039], [11.1713, 48.0017], [11.1712, 48.0015], [11.1712, 48.0013]], [[11.1712, 48.0013], [11.1711, 48.0009], [11.171, 48.0006], [11.171, 48.0005]], [[11.171, 48.0005], [11.171, 48.0001], [11.1707, 47.9992], [11.1707, 47.999]], [[11.2898, 48.0998], [11.2881, 48.0984], [11.2881, 48.0983], [11.2882, 48.0985], [11.2883, 48.0985], [11.2888, 48.0989], [11.2889, 48.0989], [11.2889, 48.099], [11.2899, 48.0998], [11.2898, 48.0998]], [[11.3252, 48.109], [11.3252, 48.1089], [11.3251, 48.109], [11.3246, 48.1091], [11.3245, 48.1092], [11.3227, 48.1098], [11.3245, 48.1092], [11.3246, 48.1092], [11.3252, 48.109]], [[11.3892, 48.134], [11.3892, 48.1341], [11.3889, 48.1339], [11.388, 48.1335], [11.3868, 48.133], [11.3878, 48.1334], [11.3879, 48.1334], [11.388, 48.1335], [11.3883, 48.1336], [11.3886, 48.1337], [11.3886, 48.1338], [11.3889, 48.1339], [11.389, 48.1339], [11.3892, 48.134]], [[11.4117, 48.1402], [11.4116, 48.1402], [11.4107, 48.1401], [11.41, 48.14], [11.4089, 48.1398], [11.4098, 48.1399], [11.41, 48.1399], [11.41, 48.1398], [11.41, 48.1399], [11.4101, 48.1399], [11.4104, 48.14], [11.4106, 48.14], [11.4107, 48.14], [11.4117, 48.1402]], [[11.4204, 48.1414], [11.4221, 48.1416], [11.4222, 48.1416], [11.4223, 48.1417], [11.4229, 48.1417], [11.423, 48.1417], [11.4231, 48.1418], [11.4221, 48.1417], [11.4203, 48.1414], [11.4204, 48.1414]], [[11.6485, 48.1564], [11.6485, 48.1565], [11.6485, 48.1566], [11.6485, 48.1567], [11.6484, 48.1568], [11.6485, 48.1568], [11.6485, 48.1569], [11.6484, 48.1569], [11.6484, 48.157], [11.6484, 48.1573], [11.6482, 48.1583], [11.6482, 48.1582], [11.6484, 48.157], [11.6484, 48.1567], [11.6484, 48.1565], [11.6485, 48.1564]], [[11.7148, 48.3101], [11.7144, 48.3089], [11.7143, 48.3089], [11.7143, 48.3087], [11.7142, 48.3085], [11.7141, 48.3083], [11.7143, 48.3089], [11.7147, 48.3101], [11.7148, 48.3101]], [[11.1981, 48.0408], [11.1966, 48.0395]], [[11.1999, 48.0424], [11.1989, 48.0415], [11.1981, 48.0408]], [[11.2015, 48.0435], [11.2013, 48.0434], [11.2011, 48.0433], [11.2009, 48.0432], [11.2007, 48.0431], [11.2006, 48.043], [11.2003, 48.0428], [11.2001, 48.0426], [11.1999, 48.0424]], [[11.2478, 48.0765], [11.2482, 48.0766], [11.2485, 48.0767], [11.2489, 48.0768], [11.2492, 48.0769], [11.2498, 48.077], [11.2506, 48.0771], [11.2521, 48.0774]], [[11.2521, 48.0774], [11.2532, 48.0776]], [[11.2532, 48.0776], [11.2536, 48.0777], [11.2549, 48.078], [11.2554, 48.0781], [11.2558, 48.0781], [11.2561, 48.0782], [11.2563, 48.0783], [11.2566, 48.0784], [11.2571, 48.0786], [11.2576, 48.0788], [11.2588, 48.0794], [11.2598, 48.0798], [11.2624, 48.0809], [11.2633, 48.0814], [11.2637, 48.0816], [11.2641, 48.0817], [11.2645, 48.082], [11.2648, 48.0821], [11.2651, 48.0823], [11.2653, 48.0825], [11.2656, 48.0827]], [[11.2658, 48.0828], [11.2667, 48.0834], [11.2676, 48.084], [11.2691, 48.085], [11.2706, 48.0861], [11.2735, 48.0881], [11.2786, 48.0916], [11.2798, 48.0924], [11.2811, 48.0933]], [[11.2811, 48.0933], [11.2819, 48.0938]], [[11.2819, 48.0938], [11.2829, 48.0946], [11.2849, 48.0959], [11.2854, 48.0962], [11.2857, 48.0965], [11.286, 48.0967], [11.2864, 48.097], [11.2869, 48.0974], [11.2879, 48.0982]], [[11.2879, 48.0982], [11.2881, 48.0984]], [[11.2881, 48.0984], [11.289, 48.0991], [11.2901, 48.1001], [11.2907, 48.1006], [11.2913, 48.101], [11.2917, 48.1014], [11.2921, 48.1016], [11.2924, 48.1019], [11.2928, 48.1021], [11.2932, 48.1023], [11.2935, 48.1025]], [[11.2935, 48.1025], [11.2939, 48.1027]], [[11.2939, 48.1027], [11.2956, 48.1036]], [[11.2956, 48.1036], [11.297, 48.1043], [11.2985, 48.1051]], [[11.2985, 48.1051], [11.2998, 48.1058], [11.3007, 48.1062]], [[11.3007, 48.1062], [11.3014, 48.1066], [11.3019, 48.1069], [11.3024, 48.1071], [11.3026, 48.1073]], [[11.3029, 48.1074], [11.3032, 48.1075], [11.3034, 48.1076], [11.3037, 48.1077], [11.304, 48.1078], [11.3043, 48.1079], [11.3045, 48.1079], [11.3047, 48.108], [11.305, 48.108], [11.3053, 48.108], [11.3056, 48.108], [11.3059, 48.1081], [11.3063, 48.1081], [11.3074, 48.108]], [[11.3074, 48.108], [11.308, 48.108], [11.3085, 48.108], [11.3089, 48.108], [11.3092, 48.108], [11.3095, 48.1081], [11.3097, 48.1081], [11.31, 48.1081], [11.3103, 48.1082], [11.3106, 48.1082], [11.3109, 48.1083], [11.3112, 48.1083], [11.3115, 48.1084], [11.3119, 48.1085], [11.3124, 48.1087], [11.3151, 48.1095], [11.3162, 48.1098], [11.3167, 48.11], [11.3171, 48.1101], [11.3175, 48.1102], [11.3178, 48.1102], [11.3181, 48.1103], [11.3184, 48.1103], [11.3187, 48.1104], [11.319, 48.1104], [11.3193, 48.1104], [11.3195, 48.1104], [11.3198, 48.1104], [11.3201, 48.1104], [11.3204, 48.1104], [11.3207, 48.1103], [11.321, 48.1103], [11.3213, 48.1102], [11.3217, 48.1101]], [[11.3217, 48.1101], [11.322, 48.1101], [11.3227, 48.1098], [11.3246, 48.1092], [11.3253, 48.109], [11.3255, 48.1089], [11.3261, 48.1087], [11.3267, 48.1086], [11.3271, 48.1085], [11.3277, 48.1085], [11.3285, 48.1084], [11.3293, 48.1084], [11.3307, 48.1085], [11.3314, 48.1085], [11.3321, 48.1086], [11.3326, 48.1087], [11.3332, 48.1088], [11.3336, 48.109], [11.334, 48.1092], [11.3345, 48.1094], [11.3349, 48.1097], [11.3351, 48.1099], [11.3354, 48.1102]], [[11.3354, 48.1102], [11.3386, 48.1136], [11.3396, 48.1146], [11.3404, 48.1155], [11.3408, 48.116], [11.3412, 48.1165], [11.342, 48.1175], [11.3428, 48.1186], [11.3435, 48.1194], [11.3441, 48.1203], [11.3445, 48.1207], [11.345, 48.1212], [11.3456, 48.1218], [11.346, 48.1221], [11.3464, 48.1224], [11.3468, 48.1227], [11.3472, 48.1229], [11.3476, 48.1232], [11.348, 48.1234], [11.3485, 48.1237], [11.349, 48.1239], [11.3494, 48.1241], [11.35, 48.1244]], [[11.35, 48.1244], [11.3528, 48.1255], [11.3533, 48.1257], [11.3538, 48.126], [11.3543, 48.1262], [11.3549, 48.1264]], [[11.3549, 48.1264], [11.355, 48.1265]], [[11.355, 48.1265], [11.3561, 48.1269], [11.3571, 48.1274], [11.3575, 48.1276], [11.3579, 48.1277]], [[11.3579, 48.1277], [11.358, 48.1277], [11.3582, 48.1278], [11.3586, 48.1279], [11.359, 48.128], [11.3595, 48.1281], [11.3597, 48.1282], [11.3601, 48.1282], [11.3614, 48.1284], [11.362, 48.1285]], [[11.362, 48.1285], [11.3641, 48.1288], [11.365, 48.1289], [11.3653, 48.129]], [[11.3653, 48.129], [11.3656, 48.129]], [[11.3656, 48.129], [11.3662, 48.1291]], [[11.3662, 48.1291], [11.369, 48.1296], [11.3697, 48.1297], [11.371, 48.1299], [11.3721, 48.1301], [11.3722, 48.1301]], [[11.3722, 48.1301], [11.3724, 48.1302]], [[11.3761, 48.1308], [11.3763, 48.1308], [11.3812, 48.1316], [11.3828, 48.1318], [11.3833, 48.1319], [11.3838, 48.132], [11.3843, 48.1321], [11.3847, 48.1323], [11.3851, 48.1324], [11.3855, 48.1325], [11.386, 48.1327], [11.3864, 48.1328], [11.3866, 48.1329]], [[11.3866, 48.1329], [11.3867, 48.133]], [[11.3867, 48.133], [11.3872, 48.1332], [11.3877, 48.1334], [11.3884, 48.1337], [11.3892, 48.1341], [11.3895, 48.1342], [11.3897, 48.1343], [11.3898, 48.1343], [11.3903, 48.1346]], [[11.3903, 48.1346], [11.3913, 48.135], [11.3919, 48.1353], [11.392, 48.1353], [11.3924, 48.1355], [11.3926, 48.1356], [11.3928, 48.1357], [11.3931, 48.1358], [11.3936, 48.1359], [11.3941, 48.1361], [11.3943, 48.1362], [11.3944, 48.1362], [11.3957, 48.1366], [11.3963, 48.1368], [11.3972, 48.1371]], [[11.3972, 48.1371], [11.3982, 48.1374]], [[11.3982, 48.1374], [11.3991, 48.1376], [11.3997, 48.1378], [11.4003, 48.138], [11.401, 48.1382], [11.4012, 48.1383], [11.4014, 48.1383], [11.4016, 48.1384]], [[11.4016, 48.1384], [11.4025, 48.1387]], [[11.4025, 48.1387], [11.4028, 48.1388], [11.4031, 48.1389], [11.4035, 48.139], [11.404, 48.1391], [11.4043, 48.1391], [11.4048, 48.1392], [11.4053, 48.1393], [11.4057, 48.1394], [11.4068, 48.1395]], [[11.4068, 48.1395], [11.4078, 48.1397]], [[11.4084, 48.1398], [11.4088, 48.1398], [11.4101, 48.14], [11.4117, 48.1402]], [[11.4117, 48.1402], [11.412, 48.1403], [11.4122, 48.1403]], [[11.4122, 48.1403], [11.4126, 48.1403], [11.4141, 48.1406], [11.4152, 48.1407], [11.4173, 48.141], [11.4194, 48.1413], [11.4199, 48.1414], [11.4208, 48.1415], [11.4218, 48.1416], [11.4221, 48.1417], [11.4233, 48.1418], [11.424, 48.1419], [11.4241, 48.142], [11.4242, 48.142], [11.4246, 48.142], [11.4255, 48.1422], [11.4259, 48.1422], [11.4263, 48.1422], [11.4266, 48.1423], [11.427, 48.1423], [11.4274, 48.1423], [11.4284, 48.1424], [11.4298, 48.1425], [11.43, 48.1425], [11.4305, 48.1425], [11.4309, 48.1425], [11.4312, 48.1426], [11.4317, 48.1426]], [[11.4317, 48.1426], [11.4322, 48.1427]], [[11.4322, 48.1427], [11.4323, 48.1427], [11.4342, 48.1429], [11.4351, 48.143], [11.4355, 48.143], [11.4361, 48.1431], [11.4364, 48.1431]], [[11.4364, 48.1431], [11.4369, 48.1432], [11.4372, 48.1432], [11.4374, 48.1433], [11.4375, 48.1433], [11.4377, 48.1434], [11.4378, 48.1434], [11.438, 48.1434], [11.4381, 48.1435], [11.4382, 48.1435], [11.4383, 48.1436], [11.4385, 48.1436], [11.4386, 48.1437], [11.4389, 48.1438], [11.4391, 48.144], [11.4393, 48.1441], [11.4396, 48.1442], [11.4398, 48.1444], [11.4399, 48.1445], [11.4402, 48.1447], [11.4405, 48.145], [11.441, 48.1456]], [[11.441, 48.1456], [11.4412, 48.1458]], [[11.4412, 48.1458], [11.4415, 48.1461], [11.4416, 48.1462], [11.4417, 48.1464], [11.4418, 48.1465], [11.4419, 48.1466], [11.4421, 48.1469], [11.4422, 48.147], [11.4422, 48.1471], [11.4424, 48.1472], [11.4425, 48.1474], [11.4425, 48.1475], [11.4427, 48.1476], [11.4428, 48.1478], [11.443, 48.148], [11.4432, 48.1482]], [[11.4432, 48.1482], [11.4433, 48.1483], [11.4434, 48.1484], [11.4437, 48.1487]], [[11.4437, 48.1487], [11.4438, 48.1488], [11.444, 48.149]], [[11.444, 48.149], [11.4442, 48.1491], [11.4443, 48.1492], [11.4443, 48.1493], [11.4446, 48.1495], [11.445, 48.1497]], [[11.445, 48.1497], [11.4454, 48.15], [11.4459, 48.1502], [11.4464, 48.1504], [11.4467, 48.1506], [11.447, 48.1507], [11.4474, 48.1509], [11.4478, 48.151], [11.4481, 48.151], [11.4496, 48.1515], [11.4497, 48.1515], [11.4508, 48.1518], [11.4512, 48.1519], [11.4513, 48.1519], [11.4516, 48.1519], [11.4518, 48.152], [11.4521, 48.152], [11.4524, 48.1521], [11.4526, 48.1521], [11.4529, 48.1521], [11.4533, 48.1521], [11.4535, 48.1521], [11.4538, 48.1521], [11.4541, 48.1521], [11.4544, 48.1521], [11.4547, 48.152], [11.4551, 48.1519], [11.4554, 48.1519], [11.4556, 48.1518], [11.4558, 48.1518], [11.456, 48.1517]], [[11.456, 48.1517], [11.4568, 48.1515]], [[11.4568, 48.1515], [11.4572, 48.1514]], [[11.4572, 48.1514], [11.4575, 48.1513], [11.4578, 48.1512], [11.458, 48.1511], [11.4591, 48.1508], [11.4597, 48.1506], [11.4602, 48.1504], [11.461, 48.1502], [11.4616, 48.15], [11.4624, 48.1497], [11.4628, 48.1496], [11.4629, 48.1496], [11.463, 48.1496]], [[11.463, 48.1496], [11.4631, 48.1495]], [[11.4631, 48.1495], [11.4644, 48.1491], [11.465, 48.1489], [11.4664, 48.1484]], [[11.4664, 48.1484], [11.4666, 48.1483], [11.4672, 48.1481]], [[11.4672, 48.1481], [11.468, 48.1479]], [[11.468, 48.1479], [11.4689, 48.1476], [11.469, 48.1475], [11.4692, 48.1475], [11.4696, 48.1474], [11.4698, 48.1473], [11.4705, 48.1471], [11.4712, 48.147], [11.4716, 48.147], [11.472, 48.1469], [11.4725, 48.1468], [11.4734, 48.1468], [11.4738, 48.1467], [11.474, 48.1467], [11.4749, 48.1466]], [[11.4749, 48.1466], [11.4753, 48.1466], [11.4783, 48.1464], [11.4786, 48.1464], [11.4805, 48.1462], [11.4814, 48.1462], [11.4844, 48.1459]], [[11.4844, 48.1459], [11.4863, 48.1458], [11.4873, 48.1457], [11.4875, 48.1457], [11.4877, 48.1457], [11.4882, 48.1457], [11.4885, 48.1457], [11.4893, 48.1457], [11.49, 48.1457]], [[11.49, 48.1457], [11.4907, 48.1457], [11.4915, 48.1457]], [[11.4915, 48.1457], [11.4918, 48.1457], [11.4925, 48.1457], [11.493, 48.1456], [11.4937, 48.1455]], [[11.4937, 48.1455], [11.4938, 48.1455], [11.4946, 48.1454], [11.4951, 48.1453], [11.4969, 48.145], [11.4977, 48.1449], [11.4981, 48.1449]], [[11.4981, 48.1449], [11.5016, 48.1445], [11.5023, 48.1444], [11.5025, 48.1444], [11.5026, 48.1444], [11.5027, 48.1444], [11.5034, 48.1443], [11.5041, 48.1442], [11.5044, 48.1442], [11.5056, 48.1441], [11.5057, 48.1441], [11.507, 48.1439], [11.5075, 48.1439]], [[11.5075, 48.1439], [11.5076, 48.1439], [11.5098, 48.1436], [11.51, 48.1436], [11.5109, 48.1435], [11.5111, 48.1435], [11.5114, 48.1435]], [[11.5114, 48.1435], [11.5117, 48.1435], [11.5121, 48.1434], [11.5124, 48.1434], [11.5126, 48.1434], [11.5132, 48.1434], [11.5135, 48.1434], [11.5137, 48.1434], [11.5141, 48.1434], [11.5146, 48.1434]], [[11.5146, 48.1434], [11.5149, 48.1434], [11.5158, 48.1435]], [[11.5158, 48.1435], [11.516, 48.1435], [11.5168, 48.1435], [11.5171, 48.1435], [11.5173, 48.1435], [11.5177, 48.1436], [11.5179, 48.1436], [11.5183, 48.1435], [11.5187, 48.1435], [11.5194, 48.1435], [11.5196, 48.1435], [11.5198, 48.1435], [11.52, 48.1435], [11.5209, 48.1434], [11.5211, 48.1434]], [[11.5211, 48.1434], [11.5216, 48.1433], [11.5224, 48.1433], [11.5228, 48.1432], [11.527, 48.1429], [11.5278, 48.1429], [11.5282, 48.1428], [11.5295, 48.1427], [11.5299, 48.1427], [11.5307, 48.1427], [11.531, 48.1427], [11.5314, 48.1427], [11.5319, 48.1427], [11.5323, 48.1427], [11.5327, 48.1427], [11.5329, 48.1427], [11.5337, 48.1427]], [[11.5337, 48.1427], [11.5339, 48.1427], [11.534, 48.1426], [11.5346, 48.1426], [11.535, 48.1426], [11.5352, 48.1426], [11.5353, 48.1426], [11.5356, 48.1426], [11.5358, 48.1426], [11.5365, 48.1426], [11.5368, 48.1426], [11.5372, 48.1426], [11.5375, 48.1427], [11.5377, 48.1426], [11.5379, 48.1426], [11.538, 48.1426], [11.5381, 48.1426], [11.5385, 48.1426], [11.5387, 48.1426], [11.5389, 48.1426]], [[11.5389, 48.1426], [11.5404, 48.1425]], [[11.5404, 48.1425], [11.5405, 48.1425], [11.5408, 48.1425]], [[11.5408, 48.1425], [11.5413, 48.1424], [11.5417, 48.1424], [11.5423, 48.1424], [11.5434, 48.1423], [11.5435, 48.1423], [11.5437, 48.1423], [11.5445, 48.1422]], [[11.5445, 48.1422], [11.5446, 48.1422], [11.545, 48.1422], [11.5453, 48.1422], [11.5467, 48.142], [11.5471, 48.142], [11.5472, 48.142]], [[11.5472, 48.142], [11.5473, 48.142], [11.5477, 48.142], [11.548, 48.1419], [11.5484, 48.1419], [11.5486, 48.1419], [11.5488, 48.1419], [11.5491, 48.1419], [11.5493, 48.1419], [11.5495, 48.1418], [11.5497, 48.1418], [11.5499, 48.1418], [11.55, 48.1418]], [[11.55, 48.1418], [11.5501, 48.1418], [11.5502, 48.1418], [11.5505, 48.1418], [11.5507, 48.1419], [11.551, 48.1419]], [[11.551, 48.1419], [11.5512, 48.1419], [11.5515, 48.1419], [11.5518, 48.1419], [11.552, 48.142], [11.5523, 48.142]], [[11.6009, 48.1256], [11.6011, 48.1256], [11.6014, 48.1257], [11.6018, 48.1257]], [[11.6025, 48.1259], [11.6026, 48.126], [11.6027, 48.126], [11.6029, 48.1261], [11.603, 48.1262], [11.6031, 48.1262]], [[11.6031, 48.1262], [11.6037, 48.1265], [11.6038, 48.1266], [11.6043, 48.1269], [11.6044, 48.1269], [11.6049, 48.1273], [11.6054, 48.1276]], [[11.6054, 48.1276], [11.6055, 48.1277], [11.6064, 48.1283]], [[11.6064, 48.1283], [11.6065, 48.1283], [11.6067, 48.1285], [11.6068, 48.1286], [11.6073, 48.1289]], [[11.6073, 48.1289], [11.6076, 48.1291], [11.609, 48.13], [11.6094, 48.1303]], [[11.6094, 48.1303], [11.6101, 48.1309], [11.6103, 48.131], [11.6107, 48.1313], [11.6112, 48.1317], [11.6115, 48.132], [11.6118, 48.1323], [11.612, 48.1324], [11.6122, 48.1326], [11.6124, 48.1327], [11.6127, 48.1329]], [[11.6127, 48.1329], [11.613, 48.1331], [11.6132, 48.1332], [11.6133, 48.1332], [11.6135, 48.1333], [11.6136, 48.1334], [11.6137, 48.1334], [11.6139, 48.1335], [11.6142, 48.1336], [11.6144, 48.1337], [11.6146, 48.1338], [11.6149, 48.1338], [11.615, 48.1339], [11.6152, 48.1339], [11.6154, 48.134], [11.6158, 48.1341], [11.616, 48.1342], [11.6162, 48.1342], [11.6163, 48.1342], [11.6164, 48.1342]], [[11.6164, 48.1342], [11.6169, 48.1343], [11.6179, 48.1345], [11.619, 48.1347], [11.6206, 48.135]], [[11.6206, 48.135], [11.6211, 48.1351], [11.6217, 48.1351]], [[11.6217, 48.1351], [11.6224, 48.1352], [11.6231, 48.1352], [11.6245, 48.1352], [11.6252, 48.1353], [11.6257, 48.1353], [11.6266, 48.1353], [11.6268, 48.1353]], [[11.6268, 48.1353], [11.6279, 48.1354], [11.6285, 48.1354], [11.6289, 48.1354]], [[11.6289, 48.1354], [11.6292, 48.1354], [11.6295, 48.1354], [11.63, 48.1354], [11.6304, 48.1354], [11.6309, 48.1353], [11.6311, 48.1353], [11.6321, 48.1352], [11.6329, 48.1351], [11.6331, 48.1351], [11.6337, 48.1351], [11.6345, 48.135], [11.6348, 48.135]], [[11.6348, 48.135], [11.6352, 48.135], [11.6355, 48.135], [11.6358, 48.135], [11.6363, 48.135], [11.6378, 48.135], [11.638, 48.135], [11.6382, 48.135]], [[11.6382, 48.135], [11.6384, 48.135], [11.6387, 48.135], [11.639, 48.135], [11.6393, 48.135], [11.6395, 48.135], [11.6398, 48.135], [11.6402, 48.1349], [11.6409, 48.1349], [11.6411, 48.1348], [11.6428, 48.1346], [11.6435, 48.1345], [11.6442, 48.1345], [11.6447, 48.1345], [11.6454, 48.1345], [11.6458, 48.1345], [11.6467, 48.1345], [11.6473, 48.1346]], [[11.6473, 48.1346], [11.6476, 48.1346], [11.6481, 48.1347], [11.6485, 48.1348], [11.6486, 48.1348], [11.6488, 48.1349], [11.6491, 48.135], [11.6494, 48.1351], [11.6497, 48.1352], [11.6497, 48.1353], [11.6499, 48.1354], [11.6501, 48.1355], [11.6504, 48.1357], [11.6506, 48.1359], [11.6507, 48.136], [11.6507, 48.1361], [11.6508, 48.1361], [11.6509, 48.1362]], [[11.6509, 48.1362], [11.651, 48.1363], [11.6511, 48.1365], [11.6511, 48.1366], [11.6512, 48.1368], [11.6513, 48.1369], [11.6513, 48.137], [11.6514, 48.1372], [11.6514, 48.1374], [11.6514, 48.1375], [11.6514, 48.1377], [11.6514, 48.1378], [11.6514, 48.138], [11.6514, 48.1383], [11.6513, 48.1386], [11.6512, 48.1388]], [[11.6512, 48.1388], [11.6507, 48.1401], [11.6506, 48.1403], [11.6505, 48.1407], [11.6504, 48.1411], [11.6503, 48.1413], [11.6502, 48.1416], [11.6502, 48.1417], [11.6502, 48.1419], [11.6501, 48.1422], [11.6501, 48.1428], [11.6501, 48.143]], [[11.6501, 48.143], [11.65, 48.1437], [11.6499, 48.1448], [11.6498, 48.1454], [11.6497, 48.1465], [11.6496, 48.147], [11.6495, 48.148], [11.6495, 48.1483], [11.6495, 48.1487], [11.6494, 48.1488], [11.6494, 48.1496], [11.6493, 48.1498], [11.6492, 48.1509], [11.6491, 48.1518]], [[11.6491, 48.1518], [11.6491, 48.1519]], [[11.6491, 48.1519], [11.6491, 48.152], [11.6491, 48.1522], [11.649, 48.1525], [11.6489, 48.1531], [11.6488, 48.1538], [11.6488, 48.1539], [11.6488, 48.1541], [11.6487, 48.1544]], [[11.6487, 48.1544], [11.6486, 48.1553], [11.6485, 48.1561], [11.6485, 48.1562], [11.6485, 48.1563]], [[11.6485, 48.1563], [11.6484, 48.1568], [11.6483, 48.1571], [11.6482, 48.1578], [11.6482, 48.1583], [11.6481, 48.1583]], [[11.6481, 48.1583], [11.6481, 48.1589], [11.648, 48.1594], [11.648, 48.1599], [11.648, 48.1601]], [[11.648, 48.1601], [11.6479, 48.1603], [11.6479, 48.1606], [11.6478, 48.1609], [11.6477, 48.1614], [11.6476, 48.1618], [11.6475, 48.1622]], [[11.6475, 48.1622], [11.6475, 48.1624], [11.6474, 48.1626]], [[11.6474, 48.1626], [11.6474, 48.1628], [11.6472, 48.1634], [11.6471, 48.1635]], [[11.6471, 48.1635], [11.647, 48.1639], [11.6469, 48.1642], [11.6468, 48.1645], [11.6468, 48.1648], [11.6465, 48.1659], [11.6463, 48.1666]], [[11.6463, 48.1666], [11.6461, 48.1674], [11.6461, 48.1676], [11.646, 48.1679], [11.6458, 48.1686]], [[11.6458, 48.1686], [11.6457, 48.1693]], [[11.6457, 48.1693], [11.6456, 48.1696]], [[11.6456, 48.1696], [11.6455, 48.17], [11.6455, 48.1701], [11.6454, 48.1704], [11.6454, 48.1706], [11.6454, 48.1708], [11.6454, 48.1711], [11.6454, 48.1719], [11.6454, 48.1728], [11.6453, 48.1739], [11.6453, 48.1746], [11.6453, 48.1749]], [[11.6453, 48.1749], [11.6453, 48.1757], [11.6453, 48.1759], [11.6452, 48.1763], [11.6452, 48.1769], [11.6451, 48.1772], [11.6451, 48.1775], [11.645, 48.1778], [11.645, 48.1781], [11.6449, 48.1784], [11.6448, 48.1787], [11.6445, 48.1793]], [[11.6445, 48.1793], [11.6443, 48.1803]], [[11.6443, 48.1803], [11.6441, 48.1808], [11.644, 48.1811]], [[11.644, 48.1811], [11.6439, 48.1813], [11.6438, 48.1817], [11.6437, 48.1819], [11.6437, 48.1822], [11.6436, 48.1825], [11.6436, 48.1827], [11.6436, 48.1829], [11.6436, 48.1832], [11.6436, 48.1835], [11.6436, 48.1837], [11.6436, 48.1838], [11.6437, 48.184], [11.6438, 48.1843], [11.6438, 48.1846], [11.644, 48.1849]], [[11.644, 48.1849], [11.6442, 48.1853]], [[11.6442, 48.1853], [11.6443, 48.1857], [11.6444, 48.1858], [11.6445, 48.186], [11.6448, 48.1864], [11.6454, 48.1874], [11.6456, 48.1878]], [[11.6456, 48.1878], [11.6463, 48.1892], [11.6464, 48.1893], [11.6469, 48.19], [11.647, 48.1903], [11.6473, 48.1909], [11.6475, 48.1911], [11.6476, 48.1913], [11.6479, 48.1919], [11.6483, 48.1925], [11.6487, 48.193], [11.6492, 48.1934], [11.6497, 48.1939], [11.6508, 48.1947], [11.6519, 48.1956], [11.6558, 48.1986]], [[11.6558, 48.1986], [11.657, 48.1995], [11.6579, 48.2002]], [[11.6585, 48.2007], [11.6589, 48.2009], [11.6596, 48.2015], [11.6597, 48.2016], [11.6598, 48.2017], [11.6599, 48.2017], [11.6605, 48.2022], [11.6613, 48.2027], [11.6627, 48.2038], [11.6637, 48.2046], [11.6648, 48.2054], [11.6665, 48.2068], [11.6682, 48.2081], [11.6693, 48.2089], [11.6701, 48.2095], [11.6704, 48.2097], [11.6705, 48.2098], [11.6717, 48.2107], [11.6722, 48.2111], [11.6723, 48.2112], [11.6727, 48.2115], [11.673, 48.2118], [11.6732, 48.212], [11.6733, 48.2121]], [[11.6733, 48.2121], [11.6736, 48.2124], [11.6738, 48.2125], [11.6741, 48.2129], [11.6744, 48.2132], [11.6745, 48.2133], [11.6749, 48.2137], [11.6752, 48.2141], [11.6754, 48.2144], [11.6756, 48.2146], [11.6759, 48.215], [11.6763, 48.2155]], [[11.6763, 48.2155], [11.6764, 48.2157], [11.6765, 48.2159], [11.6769, 48.2166], [11.6771, 48.2171], [11.6774, 48.2176], [11.6776, 48.2182], [11.6778, 48.2187], [11.678, 48.2192], [11.6781, 48.2195], [11.6781, 48.2197], [11.6783, 48.2203], [11.6785, 48.2214], [11.6786, 48.2221], [11.6788, 48.223], [11.6791, 48.2242], [11.6793, 48.2249], [11.6793, 48.225]], [[11.6793, 48.225], [11.6795, 48.2258], [11.6796, 48.2262], [11.6796, 48.2264], [11.6798, 48.2269], [11.6798, 48.227]], [[11.6798, 48.227], [11.6798, 48.2272], [11.6799, 48.2278], [11.6804, 48.229], [11.6808, 48.2302]], [[11.6808, 48.2302], [11.681, 48.2308], [11.6811, 48.2309], [11.6812, 48.2311], [11.6814, 48.2314], [11.6816, 48.2317], [11.682, 48.2322], [11.682, 48.2323], [11.6822, 48.2325], [11.6827, 48.233], [11.6831, 48.2334], [11.6833, 48.2336], [11.6842, 48.2345], [11.6844, 48.2346], [11.6861, 48.2362], [11.6862, 48.2363], [11.6867, 48.2367]], [[11.6867, 48.2367], [11.6877, 48.2377], [11.6883, 48.2383], [11.6893, 48.2392], [11.6904, 48.2402], [11.6908, 48.2406], [11.6911, 48.2409], [11.6918, 48.2416], [11.6932, 48.2429], [11.6945, 48.2441], [11.6963, 48.2458], [11.6967, 48.2462], [11.6985, 48.2478], [11.6992, 48.2485], [11.7002, 48.2495], [11.7013, 48.2506], [11.7019, 48.2512], [11.7026, 48.2521], [11.7034, 48.2531], [11.7039, 48.2536], [11.7044, 48.2544], [11.7046, 48.2547], [11.7052, 48.2555], [11.7056, 48.2562], [11.706, 48.2569], [11.7064, 48.2575], [11.7069, 48.2584], [11.7072, 48.259], [11.7075, 48.2596], [11.7079, 48.2607], [11.7083, 48.2616], [11.7085, 48.2621], [11.7086, 48.2627], [11.7088, 48.2632], [11.7089, 48.2636], [11.7092, 48.2644], [11.7093, 48.265], [11.7095, 48.2656], [11.7096, 48.2664], [11.7097, 48.2673], [11.7098, 48.2677], [11.7098, 48.268], [11.7099, 48.2685], [11.71, 48.2702], [11.7101, 48.2718], [11.7104, 48.2746], [11.7104, 48.2756], [11.7105, 48.277], [11.7104, 48.2779], [11.7104, 48.2788], [11.7103, 48.28], [11.7102, 48.2818], [11.7102, 48.2828], [11.7101, 48.2836], [11.71, 48.2847], [11.71, 48.2857], [11.7099, 48.2865], [11.7099, 48.2869], [11.71, 48.2873], [11.71, 48.2874]], [[11.71, 48.2874], [11.71, 48.2878]], [[11.71, 48.2878], [11.71, 48.2881], [11.71, 48.2883], [11.7101, 48.2889], [11.7105, 48.291], [11.7107, 48.2928]], [[11.7107, 48.2928], [11.7108, 48.293]], [[11.7108, 48.293], [11.7108, 48.2931]], [[11.7108, 48.2931], [11.7108, 48.2934]], [[11.7108, 48.2934], [11.7109, 48.2939], [11.7109, 48.2945], [11.7109, 48.2947], [11.7109, 48.2953], [11.7109, 48.2958], [11.7108, 48.2963], [11.7108, 48.2975], [11.7108, 48.2982], [11.7109, 48.2987], [11.7109, 48.2991], [11.711, 48.2994]], [[11.711, 48.2994], [11.711, 48.2995]], [[11.711, 48.2995], [11.711, 48.2998], [11.7111, 48.2999], [11.7112, 48.3004], [11.7113, 48.3008], [11.7115, 48.3013], [11.7116, 48.3017], [11.7122, 48.3034], [11.7127, 48.3046], [11.7131, 48.3057], [11.7135, 48.3069], [11.714, 48.3082]], [[11.714, 48.3082], [11.714, 48.3083]], [[11.714, 48.3083], [11.7144, 48.3092], [11.7144, 48.3093], [11.7145, 48.3096], [11.7147, 48.3101], [11.7148, 48.3104], [11.7148, 48.3105], [11.7155, 48.3125], [11.7162, 48.3146], [11.7168, 48.3162], [11.7174, 48.3181], [11.7178, 48.3191], [11.7179, 48.3195], [11.7179, 48.3196], [11.7181, 48.3201], [11.7184, 48.3211], [11.7185, 48.3217], [11.7186, 48.3222], [11.7187, 48.3226], [11.7188, 48.3231], [11.7189, 48.3237], [11.719, 48.325], [11.7193, 48.3278], [11.7194, 48.3284], [11.7196, 48.3294], [11.7197, 48.33], [11.7199, 48.3308], [11.7202, 48.3317], [11.7206, 48.3326], [11.7209, 48.3333], [11.7212, 48.334], [11.7218, 48.3351], [11.7225, 48.3362], [11.7235, 48.3382], [11.724, 48.339], [11.7242, 48.3394], [11.7245, 48.3398], [11.7247, 48.3402], [11.7251, 48.3407], [11.7254, 48.3411], [11.7257, 48.3415], [11.7262, 48.3421], [11.7267, 48.3426], [11.727, 48.343], [11.7274, 48.3433], [11.7279, 48.3437], [11.7282, 48.344], [11.7285, 48.3443], [11.7293, 48.3448], [11.7302, 48.3455], [11.731, 48.346], [11.7317, 48.3465], [11.7325, 48.3469], [11.7331, 48.3473], [11.7337, 48.3477], [11.7341, 48.3479]], [[11.7341, 48.3479], [11.7345, 48.3481], [11.7347, 48.3482]], [[11.7347, 48.3482], [11.7352, 48.3485]], [[11.7352, 48.3485], [11.7357, 48.3487], [11.7362, 48.3489], [11.7363, 48.349], [11.7368, 48.3492], [11.7373, 48.3493], [11.7374, 48.3494]], [[11.7374, 48.3494], [11.7376, 48.3494], [11.7381, 48.3496], [11.7389, 48.3498], [11.7394, 48.3499]], [[11.7394, 48.3499], [11.7398, 48.35], [11.7403, 48.3501], [11.7407, 48.3502], [11.7412, 48.3503], [11.742, 48.3503], [11.7426, 48.3504]], [[11.7426, 48.3504], [11.7429, 48.3504]], [[11.7429, 48.3504], [11.7433, 48.3505]], [[11.7433, 48.3505], [11.7447, 48.3506], [11.7449, 48.3506], [11.7463, 48.3507], [11.7468, 48.3507], [11.7492, 48.3509], [11.75, 48.351], [11.7512, 48.3511], [11.7522, 48.3512], [11.7548, 48.3514], [11.7576, 48.3516], [11.759, 48.3517], [11.76, 48.3518], [11.7627, 48.352], [11.7641, 48.3521], [11.7658, 48.3522]], [[11.7658, 48.3522], [11.7682, 48.3524], [11.7705, 48.3526]], [[11.7759, 48.353], [11.7829, 48.3535], [11.7831, 48.3535], [11.7846, 48.3536], [11.7847, 48.3536], [11.7861, 48.3537]]]}, "properties": {"ref": "S8", "opened_year": 1972, "is_central_tunnel": false, "segment_count": 356}}, {"type": "Feature", "geometry": {"type": "MultiLineString", "coordinates": [[[11.592, 48.13], [11.5936, 48.1289], [11.5938, 48.1288], [11.594, 48.1287], [11.5939, 48.1286], [11.5937, 48.1287], [11.5936, 48.1288], [11.5935, 48.1288], [11.5935, 48.1289], [11.5919, 48.1299], [11.592, 48.13]], [[11.5823, 48.1348], [11.5822, 48.1348], [11.5824, 48.1347], [11.5825, 48.1346], [11.5831, 48.1342], [11.5838, 48.1337], [11.584, 48.1336], [11.5842, 48.1335], [11.5843, 48.1335], [11.5841, 48.1337], [11.5839, 48.1338], [11.5832, 48.1342], [11.5825, 48.1346], [11.5824, 48.1347], [11.5823, 48.1348]], [[11.6009, 48.1257], [11.6006, 48.1257], [11.6002, 48.1257], [11.5998, 48.1257], [11.5993, 48.1257], [11.5989, 48.1258], [11.5984, 48.126], [11.5978, 48.1263], [11.5946, 48.1282], [11.5944, 48.1284], [11.5941, 48.1286], [11.594, 48.1287], [11.5938, 48.1288], [11.5934, 48.129], [11.5931, 48.1292], [11.5927, 48.1295], [11.592, 48.13], [11.5907, 48.1308], [11.59, 48.1313], [11.5895, 48.1316], [11.5889, 48.1318], [11.5885, 48.132], [11.5868, 48.1324], [11.5865, 48.1325], [11.5856, 48.1329], [11.585, 48.1332], [11.5848, 48.1333], [11.5843, 48.1335], [11.5837, 48.1339], [11.5832, 48.1342], [11.583, 48.1344], [11.5823, 48.1348], [11.5819, 48.1351], [11.5817, 48.1352], [11.5814, 48.1353], [11.5811, 48.1355], [11.5806, 48.1356], [11.58, 48.1358]], [[11.58, 48.1358], [11.5782, 48.1363], [11.5776, 48.1365], [11.5767, 48.1368], [11.5765, 48.1369], [11.576, 48.137], [11.5756, 48.1371], [11.5749, 48.1373], [11.5742, 48.1374], [11.5733, 48.1376], [11.5727, 48.1378], [11.572, 48.138], [11.5714, 48.1382], [11.5707, 48.1383]], [[11.5707, 48.1383], [11.5702, 48.1384], [11.5691, 48.1385], [11.5684, 48.1386], [11.5678, 48.1387], [11.5672, 48.1389], [11.5669, 48.139], [11.5667, 48.1391], [11.5666, 48.1391], [11.5664, 48.1392], [11.5663, 48.1392], [11.5661, 48.1393], [11.566, 48.1394], [11.5659, 48.1394], [11.5658, 48.1395], [11.5657, 48.1396], [11.5654, 48.1397], [11.5653, 48.1397], [11.5652, 48.1398], [11.565, 48.1399], [11.5647, 48.14], [11.5643, 48.1401], [11.5639, 48.1402], [11.5619, 48.1409]], [[11.5619, 48.1409], [11.5612, 48.141], [11.5612, 48.1411], [11.5611, 48.1411], [11.5605, 48.1412], [11.5602, 48.1413], [11.5597, 48.1414]], [[11.5597, 48.1414], [11.5595, 48.1414], [11.5592, 48.1415]], [[11.5592, 48.1415], [11.5591, 48.1415]], [[11.5591, 48.1415], [11.5583, 48.1417], [11.5579, 48.1418], [11.5576, 48.1419], [11.5571, 48.142], [11.5568, 48.142], [11.5565, 48.142], [11.5563, 48.1421], [11.5561, 48.1421], [11.5557, 48.1422], [11.5554, 48.1423], [11.5551, 48.1423], [11.5547, 48.1423], [11.5545, 48.1423], [11.5542, 48.1423], [11.5539, 48.1423], [11.5535, 48.1423], [11.5534, 48.1423], [11.553, 48.1422], [11.5528, 48.1422], [11.5523, 48.1421]], [[11.5608, 48.141], [11.5599, 48.1412], [11.5595, 48.1413], [11.5588, 48.1414], [11.5582, 48.1416], [11.5596, 48.1413], [11.56, 48.1412], [11.5608, 48.141], [11.5611, 48.141], [11.5611, 48.1409], [11.561, 48.1409], [11.5609, 48.141], [11.5608, 48.141]], [[11.5523, 48.142], [11.5531, 48.1422], [11.5535, 48.1422], [11.5539, 48.1423], [11.5542, 48.1423], [11.5544, 48.1423], [11.5547, 48.1423], [11.5551, 48.1422], [11.5553, 48.1422], [11.5557, 48.1422], [11.5561, 48.1421], [11.5566, 48.142], [11.5569, 48.1419], [11.5571, 48.1419], [11.5575, 48.1418], [11.5577, 48.1417], [11.5583, 48.1416], [11.559, 48.1415], [11.559, 48.1414]], [[11.559, 48.1414], [11.5591, 48.1414]], [[11.5591, 48.1414], [11.5598, 48.1413], [11.5602, 48.1412], [11.5611, 48.141], [11.5619, 48.1408]], [[11.5619, 48.1408], [11.5639, 48.1402], [11.5644, 48.14], [11.5647, 48.1399], [11.5647, 48.1398], [11.5651, 48.1397], [11.5652, 48.1397], [11.5657, 48.1394], [11.5658, 48.1393], [11.5661, 48.1392], [11.5663, 48.1391], [11.5666, 48.139], [11.5672, 48.1388], [11.5678, 48.1387], [11.5684, 48.1386], [11.5691, 48.1385], [11.5702, 48.1384], [11.5707, 48.1383]], [[11.5707, 48.1383], [11.5713, 48.1382], [11.572, 48.138], [11.5726, 48.1378], [11.5732, 48.1376], [11.5733, 48.1376], [11.5756, 48.1371], [11.5759, 48.137], [11.5764, 48.1368], [11.5775, 48.1364], [11.5778, 48.1363], [11.5782, 48.1362], [11.58, 48.1358]], [[11.58, 48.1358], [11.5806, 48.1356], [11.581, 48.1354], [11.5812, 48.1353], [11.5815, 48.1352], [11.5818, 48.135], [11.5822, 48.1348], [11.5831, 48.1341], [11.5842, 48.1335], [11.5844, 48.1333], [11.5847, 48.1332], [11.5851, 48.133], [11.5855, 48.1328], [11.5864, 48.1324], [11.5867, 48.1323], [11.5882, 48.132], [11.5884, 48.1319], [11.5888, 48.1318], [11.5894, 48.1315], [11.59, 48.1312], [11.5906, 48.1308], [11.5918, 48.1299], [11.5919, 48.1299], [11.593, 48.1291], [11.5937, 48.1287], [11.5939, 48.1286], [11.5939, 48.1285], [11.5952, 48.1278], [11.5978, 48.1262], [11.5983, 48.126], [11.5985, 48.1259], [11.5989, 48.1258], [11.5993, 48.1257], [11.5997, 48.1256], [11.6002, 48.1256], [11.6004, 48.1256], [11.6006, 48.1256], [11.6009, 48.1256]], [[11.6018, 48.1257], [11.602, 48.1258], [11.6023, 48.1259], [11.6025, 48.1259]]]}, "properties": {"ref": "S8", "opened_year": 1972, "is_central_tunnel": true, "segment_count": 17}}]}