{"type": "FeatureCollection", "features": [{"type": "Feature", "geometry": {"type": "MultiLineString", "coordinates": [[[2.0407, 48.9332], [2.0413, 48.9334], [2.0418, 48.9337], [2.0422, 48.9339], [2.0423, 48.9339]], [[2.0423, 48.9339], [2.0425, 48.934]], [[2.0425, 48.934], [2.0427, 48.9341], [2.0436, 48.9345]], [[2.0436, 48.9345], [2.0443, 48.9348], [2.0453, 48.9352], [2.046, 48.9355]], [[2.046, 48.9355], [2.0467, 48.9358], [2.0468, 48.9359], [2.0476, 48.9362], [2.0482, 48.9365]], [[2.0482, 48.9365], [2.0489, 48.9368], [2.0493, 48.937]], [[2.0493, 48.937], [2.0499, 48.9372], [2.0508, 48.9376]], [[2.0508, 48.9376], [2.051, 48.9377], [2.0511, 48.9378], [2.053, 48.9386], [2.054, 48.9391], [2.0546, 48.9393], [2.0574, 48.9406], [2.0597, 48.9416], [2.0601, 48.9418], [2.0606, 48.942], [2.061, 48.9421], [2.0638, 48.9434], [2.0658, 48.9443]], [[2.0658, 48.9443], [2.0661, 48.9444]], [[2.0661, 48.9444], [2.0666, 48.9446], [2.0674, 48.945], [2.0684, 48.9454], [2.0693, 48.9458], [2.07, 48.9461], [2.071, 48.9466], [2.0717, 48.9469], [2.0724, 48.9472], [2.0733, 48.9476], [2.074, 48.9479]], [[2.074, 48.9479], [2.0742, 48.948]], [[2.0742, 48.948], [2.0789, 48.95], [2.079, 48.9501]], [[2.079, 48.9501], [2.0877, 48.9539], [2.0883, 48.9542], [2.0887, 48.9543], [2.0891, 48.9545], [2.0895, 48.9546], [2.0897, 48.9547], [2.0899, 48.9548], [2.0901, 48.9549], [2.0904, 48.9549], [2.0906, 48.955], [2.0911, 48.9551], [2.0914, 48.9552], [2.0916, 48.9552], [2.0922, 48.9553], [2.0926, 48.9554], [2.0944, 48.9557], [2.0953, 48.9558], [2.0958, 48.9558], [2.0963, 48.9559], [2.0968, 48.956], [2.0975, 48.9562], [2.0981, 48.9564], [2.0984, 48.9564], [2.099, 48.9566], [2.1005, 48.9571], [2.1013, 48.9574], [2.1019, 48.9576], [2.1026, 48.9578], [2.1032, 48.9579], [2.1043, 48.9581], [2.1061, 48.9585], [2.1067, 48.9586], [2.1072, 48.9587], [2.1079, 48.9589], [2.1083, 48.959], [2.1087, 48.9591], [2.109, 48.9591], [2.1092, 48.9592], [2.1095, 48.9592], [2.1097, 48.9593], [2.1099, 48.9593], [2.1102, 48.9593], [2.1105, 48.9594], [2.1109, 48.9594], [2.1112, 48.9594], [2.1116, 48.9595], [2.1118, 48.9595], [2.1122, 48.9595], [2.1124, 48.9595], [2.1127, 48.9595], [2.1131, 48.9595], [2.1135, 48.9595], [2.1139, 48.9594], [2.1142, 48.9594], [2.1146, 48.9594], [2.115, 48.9593], [2.1163, 48.9592], [2.1169, 48.9591], [2.1173, 48.9591], [2.1177, 48.959], [2.1181, 48.959], [2.1185, 48.9589], [2.1188, 48.9588], [2.1195, 48.9587], [2.1202, 48.9586], [2.1209, 48.9584], [2.1215, 48.9583], [2.1234, 48.9579], [2.1244, 48.9577], [2.1247, 48.9576], [2.125, 48.9575], [2.1253, 48.9574], [2.1256, 48.9573], [2.1259, 48.9572], [2.1261, 48.9572], [2.1263, 48.9571], [2.1266, 48.957], [2.1268, 48.9569], [2.1275, 48.9566], [2.128, 48.9564], [2.1282, 48.9563], [2.1284, 48.9562], [2.1288, 48.9559]], [[2.1288, 48.9559], [2.1292, 48.9557], [2.1297, 48.9555], [2.13, 48.9553], [2.1303, 48.9551], [2.1308, 48.9548], [2.1313, 48.9545], [2.1325, 48.9537], [2.1344, 48.9525], [2.1364, 48.9512], [2.1376, 48.9504], [2.139, 48.9495]], [[2.139, 48.9495], [2.1394, 48.9493], [2.1399, 48.9489]], [[2.1399, 48.9489], [2.1402, 48.9487], [2.1411, 48.9482], [2.1419, 48.9476], [2.1424, 48.9473], [2.1428, 48.9471], [2.1436, 48.9465], [2.1446, 48.9459]], [[2.1446, 48.9459], [2.1449, 48.9457], [2.145, 48.9456], [2.1455, 48.9453], [2.146, 48.945]], [[2.1488, 48.9431], [2.1483, 48.9434], [2.1475, 48.9439], [2.1472, 48.9442], [2.1469, 48.9444], [2.1465, 48.9447], [2.146, 48.945]], [[2.149, 48.9429], [2.1488, 48.9431]], [[2.149, 48.9429], [2.1496, 48.9425]], [[2.1496, 48.9425], [2.1506, 48.9418], [2.1516, 48.9412]], [[2.1516, 48.9412], [2.1533, 48.94]], [[2.1533, 48.94], [2.1534, 48.94]], [[2.1534, 48.94], [2.1542, 48.9395], [2.1546, 48.9392], [2.155, 48.939], [2.1559, 48.9385]], [[2.1559, 48.9385], [2.1564, 48.9383], [2.1569, 48.938], [2.1573, 48.9378], [2.1576, 48.9375], [2.1581, 48.9372]], [[2.1581, 48.9372], [2.1584, 48.9371], [2.1587, 48.9368]], [[2.1587, 48.9368], [2.1596, 48.9362], [2.1605, 48.9357]], [[2.1605, 48.9357], [2.1621, 48.9347], [2.1627, 48.9343], [2.1633, 48.9339], [2.1643, 48.9332], [2.166, 48.9321], [2.1661, 48.932], [2.1662, 48.9319]], [[2.1662, 48.9319], [2.167, 48.9314], [2.1676, 48.931], [2.1682, 48.9306]], [[2.1682, 48.9306], [2.1683, 48.9306]], [[2.1683, 48.9306], [2.1684, 48.9305]], [[2.1684, 48.9305], [2.1691, 48.9301], [2.1696, 48.9297], [2.1703, 48.9293], [2.1706, 48.9291], [2.1709, 48.9289], [2.1713, 48.9286], [2.1716, 48.9285], [2.1719, 48.9282], [2.1721, 48.9281], [2.1724, 48.9279], [2.1726, 48.9277], [2.1728, 48.9276], [2.1729, 48.9275], [2.1732, 48.9273], [2.1735, 48.927], [2.1737, 48.9268], [2.1739, 48.9267], [2.1741, 48.9266], [2.1744, 48.9264], [2.1748, 48.9261], [2.1753, 48.9258], [2.1756, 48.9256], [2.1759, 48.9254], [2.1763, 48.9251], [2.1765, 48.925], [2.1771, 48.9246], [2.1777, 48.9243], [2.178, 48.9241], [2.1783, 48.9239], [2.1788, 48.9236], [2.1793, 48.9233], [2.1797, 48.9231], [2.1802, 48.9229], [2.1807, 48.9226], [2.1811, 48.9224], [2.1817, 48.9221], [2.1823, 48.9218], [2.1827, 48.9216], [2.1832, 48.9214], [2.1836, 48.9212], [2.1839, 48.921]], [[2.1839, 48.921], [2.1845, 48.9207], [2.185, 48.9204], [2.1854, 48.9202], [2.1859, 48.92], [2.1865, 48.9197], [2.1868, 48.9195]], [[2.1868, 48.9195], [2.1872, 48.9194], [2.1877, 48.9191]], [[2.1877, 48.9191], [2.1881, 48.919]], [[2.1881, 48.919], [2.1891, 48.9185], [2.1899, 48.9181], [2.1911, 48.9175], [2.1915, 48.9173], [2.1923, 48.917], [2.1928, 48.9167], [2.193, 48.9166], [2.1933, 48.9165], [2.1935, 48.9163], [2.1939, 48.9161], [2.1942, 48.9159]], [[2.1942, 48.9159], [2.1943, 48.9158]], [[2.1943, 48.9158], [2.1945, 48.9157], [2.1947, 48.9155], [2.1948, 48.9153], [2.1949, 48.9152], [2.1951, 48.9151], [2.1952, 48.9149], [2.1953, 48.9148], [2.1955, 48.9145], [2.1956, 48.9144], [2.1957, 48.9142], [2.1958, 48.914], [2.1959, 48.9137], [2.1959, 48.9135], [2.196, 48.9133], [2.196, 48.9131], [2.196, 48.9129], [2.196, 48.9128], [2.196, 48.9127], [2.196, 48.9125], [2.196, 48.9122], [2.196, 48.9121], [2.196, 48.9119], [2.1959, 48.9116], [2.1958, 48.9114]], [[2.1958, 48.9114], [2.1958, 48.9113], [2.1957, 48.911], [2.1957, 48.9108], [2.1957, 48.9106], [2.1956, 48.9104], [2.1956, 48.9102], [2.1956, 48.9101], [2.1956, 48.9099], [2.1956, 48.9098], [2.1956, 48.9096], [2.1956, 48.9094], [2.1957, 48.9093], [2.1957, 48.9092], [2.1957, 48.909], [2.1958, 48.9087], [2.1958, 48.9085], [2.1959, 48.9083], [2.1959, 48.9082], [2.1959, 48.9081], [2.196, 48.9078], [2.1961, 48.9077], [2.1962, 48.9074], [2.1963, 48.9072], [2.1963, 48.9071], [2.1964, 48.9069], [2.1965, 48.9067], [2.1967, 48.9065], [2.1967, 48.9063], [2.1969, 48.9061], [2.197, 48.9059], [2.1971, 48.9058], [2.1972, 48.9056], [2.1974, 48.9054], [2.1975, 48.9052], [2.1977, 48.9051], [2.1978, 48.905], [2.198, 48.9048], [2.1981, 48.9048], [2.1982, 48.9046], [2.1985, 48.9044], [2.1988, 48.9043], [2.1989, 48.9042], [2.1991, 48.9041], [2.1994, 48.9039], [2.1995, 48.9039], [2.1997, 48.9038], [2.1999, 48.9037], [2.2001, 48.9036], [2.2003, 48.9035], [2.2005, 48.9035], [2.2007, 48.9034], [2.2009, 48.9033], [2.201, 48.9033], [2.2012, 48.9032], [2.2017, 48.9031], [2.2022, 48.9029], [2.203, 48.9027], [2.204, 48.9024], [2.2047, 48.9021], [2.2048, 48.9021], [2.2053, 48.9019]], [[2.2053, 48.9019], [2.2054, 48.9019]], [[2.2054, 48.9019], [2.2058, 48.9018], [2.2061, 48.9017], [2.2063, 48.9016], [2.2065, 48.9016], [2.2069, 48.9015], [2.2073, 48.9014], [2.2076, 48.9014], [2.2079, 48.9013], [2.2081, 48.9013], [2.2082, 48.9013], [2.2084, 48.9012], [2.2086, 48.9012]], [[2.2086, 48.9012], [2.2088, 48.9011], [2.2091, 48.901], [2.2096, 48.9008], [2.21, 48.9006], [2.2103, 48.9005], [2.2106, 48.9005], [2.2109, 48.9004], [2.2114, 48.9003], [2.2118, 48.9002]], [[2.2118, 48.9002], [2.2119, 48.9002]], [[2.2119, 48.9002], [2.2138, 48.8998]], [[2.2138, 48.8998], [2.2146, 48.8996]], [[2.2146, 48.8996], [2.2164, 48.8991]], [[2.2164, 48.8991], [2.2184, 48.8986], [2.2188, 48.8985]], [[2.2188, 48.8985], [2.2192, 48.8983], [2.2197, 48.8982], [2.2203, 48.898], [2.2208, 48.8977], [2.2212, 48.8974]], [[2.2212, 48.8974], [2.2232, 48.8957], [2.2233, 48.8956]], [[2.2233, 48.8956], [2.2234, 48.8955], [2.2238, 48.8951], [2.2243, 48.8948], [2.2249, 48.8945]], [[2.2249, 48.8945], [2.2254, 48.8942], [2.2258, 48.894], [2.2266, 48.8937], [2.2273, 48.8935], [2.2281, 48.8933], [2.2287, 48.8932], [2.2296, 48.8931], [2.2303, 48.8931], [2.2316, 48.8931], [2.2325, 48.8931]], [[2.2325, 48.8931], [2.2336, 48.893], [2.2349, 48.8928], [2.2358, 48.8926], [2.237, 48.8923], [2.2384, 48.8918], [2.2408, 48.891], [2.2425, 48.8905]], [[2.2425, 48.8905], [2.243, 48.8904], [2.2439, 48.89], [2.2462, 48.8893]], [[2.2462, 48.8893], [2.248, 48.8887], [2.2487, 48.8885], [2.2494, 48.8884], [2.2501, 48.8883], [2.2504, 48.8882], [2.2512, 48.8881], [2.2521, 48.888], [2.2531, 48.8878], [2.2537, 48.8876], [2.2546, 48.8874], [2.2554, 48.8871], [2.2561, 48.8868], [2.2566, 48.8866], [2.2573, 48.8862], [2.2579, 48.8858], [2.2584, 48.8855], [2.2589, 48.8852], [2.2598, 48.8848], [2.2601, 48.8847], [2.2602, 48.8847], [2.2603, 48.8846], [2.2912, 48.8748], [2.2915, 48.8747], [2.2917, 48.8747], [2.292, 48.8746], [2.2922, 48.8746], [2.2932, 48.8745]], [[2.4015, 48.8457], [2.4022, 48.8453], [2.4025, 48.8452], [2.4032, 48.8449], [2.4037, 48.8448], [2.4048, 48.8446], [2.4057, 48.8446]], [[2.4057, 48.8446], [2.4075, 48.8445], [2.4102, 48.8443], [2.4115, 48.8442], [2.4126, 48.8441], [2.4133, 48.844], [2.4148, 48.8438], [2.416, 48.8437], [2.4161, 48.8437], [2.4168, 48.8437], [2.4173, 48.8437], [2.4176, 48.8437], [2.4178, 48.8437], [2.418, 48.8437], [2.4182, 48.8437], [2.4184, 48.8438], [2.4186, 48.8438], [2.419, 48.8439], [2.4197, 48.8441], [2.42, 48.8442]], [[2.42, 48.8442], [2.4202, 48.8443], [2.4205, 48.8444], [2.4207, 48.8445], [2.4211, 48.8447], [2.4219, 48.8451], [2.4222, 48.8452]], [[2.4222, 48.8452], [2.4226, 48.8454], [2.4235, 48.8458], [2.4239, 48.8461]], [[2.4239, 48.8461], [2.4242, 48.8462], [2.4244, 48.8463], [2.4247, 48.8464], [2.4249, 48.8465], [2.4252, 48.8466], [2.4254, 48.8466], [2.4256, 48.8467], [2.4259, 48.8468], [2.4262, 48.8469], [2.4264, 48.8469], [2.4267, 48.847], [2.427, 48.8471], [2.4272, 48.8471], [2.4275, 48.8472], [2.4279, 48.8472], [2.4282, 48.8473], [2.4285, 48.8473], [2.4287, 48.8473], [2.429, 48.8474]], [[2.429, 48.8474], [2.4293, 48.8474], [2.4296, 48.8474], [2.43, 48.8474], [2.4303, 48.8474], [2.4306, 48.8474], [2.4307, 48.8474]], [[2.4307, 48.8474], [2.4308, 48.8474]], [[2.4308, 48.8474], [2.4312, 48.8474], [2.4336, 48.8473]], [[2.4336, 48.8473], [2.4342, 48.8473], [2.4364, 48.8472], [2.4386, 48.8471], [2.4401, 48.8471], [2.4405, 48.8471], [2.4408, 48.8471], [2.4416, 48.8471]], [[2.4416, 48.8471], [2.4418, 48.8471], [2.4422, 48.8471], [2.4424, 48.847], [2.4427, 48.847], [2.4438, 48.847], [2.4441, 48.847], [2.4445, 48.847], [2.4448, 48.847], [2.4459, 48.8469], [2.4469, 48.8468], [2.4475, 48.8468], [2.4478, 48.8468], [2.4481, 48.8468], [2.4484, 48.8467], [2.4487, 48.8467], [2.4489, 48.8467], [2.4492, 48.8466], [2.4495, 48.8466], [2.4498, 48.8465], [2.45, 48.8465]], [[2.45, 48.8465], [2.4505, 48.8464], [2.4509, 48.8463], [2.4513, 48.8462], [2.4515, 48.8462]], [[2.4515, 48.8462], [2.4528, 48.846], [2.4532, 48.846]], [[2.4532, 48.846], [2.4541, 48.8458], [2.4543, 48.8458], [2.4549, 48.8457], [2.4552, 48.8456], [2.4555, 48.8456], [2.4559, 48.8455], [2.4569, 48.8453], [2.4579, 48.8451], [2.459, 48.8449], [2.4599, 48.8447]], [[2.4599, 48.8447], [2.4614, 48.8445], [2.4622, 48.8443], [2.4635, 48.844], [2.4639, 48.8439], [2.4642, 48.8439], [2.4646, 48.8438], [2.4649, 48.8438], [2.4652, 48.8437], [2.4656, 48.8437], [2.466, 48.8436], [2.4664, 48.8436], [2.4668, 48.8436], [2.4672, 48.8436], [2.4675, 48.8436], [2.4679, 48.8437], [2.4683, 48.8438], [2.4688, 48.8439], [2.4692, 48.844], [2.4695, 48.8441], [2.4699, 48.8443], [2.4703, 48.8445], [2.4708, 48.8447], [2.4713, 48.845], [2.4718, 48.8452], [2.4723, 48.8455], [2.473, 48.8458], [2.4736, 48.8461], [2.4766, 48.8476], [2.4779, 48.8482], [2.4794, 48.8489], [2.4814, 48.8499], [2.4838, 48.8513], [2.485, 48.852], [2.4867, 48.853], [2.4881, 48.8538], [2.4894, 48.8545], [2.4895, 48.8546]], [[2.4895, 48.8546], [2.4904, 48.8551], [2.4907, 48.8553], [2.4913, 48.8557], [2.4915, 48.8558], [2.4918, 48.8559]], [[2.4918, 48.8559], [2.4919, 48.856], [2.4921, 48.8561], [2.4923, 48.8562], [2.4925, 48.8563]], [[2.4925, 48.8563], [2.4928, 48.8564], [2.4931, 48.8565], [2.4933, 48.8566], [2.4935, 48.8567], [2.4939, 48.8568], [2.4942, 48.8569], [2.4945, 48.857], [2.4948, 48.857], [2.4951, 48.8571], [2.4954, 48.8572]], [[2.4954, 48.8572], [2.4957, 48.8572], [2.496, 48.8573]], [[2.496, 48.8573], [2.4963, 48.8573], [2.4967, 48.8574], [2.497, 48.8574], [2.4974, 48.8575], [2.4977, 48.8575], [2.498, 48.8575], [2.4982, 48.8575], [2.4985, 48.8575], [2.4988, 48.8575], [2.4991, 48.8575], [2.4994, 48.8575], [2.4997, 48.8575]], [[2.4997, 48.8575], [2.5, 48.8574], [2.5003, 48.8574], [2.5006, 48.8574], [2.5009, 48.8573], [2.5083, 48.8563], [2.5086, 48.8563], [2.5089, 48.8562], [2.5092, 48.8562], [2.5095, 48.8561], [2.5097, 48.8561], [2.51, 48.856], [2.5103, 48.8559], [2.5105, 48.8559], [2.5107, 48.8558], [2.5111, 48.8556], [2.5114, 48.8555], [2.5116, 48.8554], [2.5118, 48.8553], [2.512, 48.8552], [2.5122, 48.855], [2.5125, 48.8549], [2.5126, 48.8547], [2.5128, 48.8546], [2.5129, 48.8545], [2.5131, 48.8543], [2.5132, 48.8542], [2.5134, 48.854], [2.5139, 48.8534], [2.5147, 48.8524], [2.5148, 48.8523], [2.5149, 48.8522], [2.5152, 48.8519], [2.5153, 48.8518]], [[2.5153, 48.8518], [2.5155, 48.8516], [2.5157, 48.8514], [2.5159, 48.8513], [2.5162, 48.851], [2.5164, 48.8508]], [[2.5164, 48.8508], [2.5167, 48.8507], [2.517, 48.8504], [2.5173, 48.8502], [2.5176, 48.85], [2.518, 48.8498], [2.5184, 48.8496], [2.5194, 48.8491], [2.5201, 48.8487], [2.5209, 48.8484], [2.521, 48.8483], [2.5219, 48.8479], [2.5219, 48.8478], [2.5224, 48.8476], [2.5226, 48.8475], [2.5228, 48.8474], [2.5231, 48.8472], [2.5233, 48.8471], [2.5236, 48.8469]], [[2.5236, 48.8469], [2.5238, 48.8468], [2.524, 48.8467]], [[2.524, 48.8467], [2.5242, 48.8465], [2.5244, 48.8463], [2.5246, 48.8461], [2.5249, 48.8459], [2.5257, 48.8451], [2.526, 48.8449]], [[2.526, 48.8449], [2.5265, 48.8444]], [[2.5265, 48.8444], [2.5267, 48.8442]], [[2.5267, 48.8442], [2.527, 48.844]], [[2.527, 48.844], [2.5272, 48.8437], [2.5275, 48.8434]], [[2.5275, 48.8434], [2.5279, 48.8431]], [[2.5279, 48.8431], [2.5283, 48.8427], [2.5285, 48.8425], [2.5286, 48.8424], [2.5288, 48.8423]], [[2.5288, 48.8423], [2.529, 48.8421]], [[2.529, 48.8421], [2.5292, 48.842], [2.5294, 48.8419], [2.5296, 48.8418], [2.5299, 48.8416], [2.5301, 48.8415], [2.5303, 48.8414], [2.5305, 48.8414], [2.5307, 48.8413], [2.5309, 48.8412], [2.5312, 48.8411], [2.5314, 48.8411], [2.5317, 48.841], [2.5319, 48.8409], [2.5322, 48.8409], [2.5324, 48.8408], [2.5327, 48.8408], [2.5329, 48.8408], [2.5332, 48.8408], [2.5334, 48.8407], [2.5336, 48.8407], [2.5338, 48.8407], [2.5341, 48.8407], [2.5344, 48.8407], [2.5348, 48.8407]], [[2.5348, 48.8407], [2.5364, 48.8407]], [[2.5364, 48.8407], [2.5385, 48.8407]], [[2.5385, 48.8407], [2.5391, 48.8408], [2.54, 48.8408], [2.541, 48.8408], [2.5415, 48.8408], [2.5426, 48.8408], [2.543, 48.8408], [2.5438, 48.8409], [2.5441, 48.8409], [2.5464, 48.8409], [2.5478, 48.8409], [2.5516, 48.8409]], [[2.5516, 48.8409], [2.5534, 48.8409]], [[2.5534, 48.8409], [2.554, 48.8409], [2.5547, 48.8409], [2.5558, 48.8409], [2.557, 48.8409], [2.5581, 48.8409], [2.5591, 48.8409], [2.5602, 48.8409], [2.5614, 48.8409], [2.5617, 48.8409], [2.562, 48.8409], [2.5623, 48.8409], [2.5625, 48.841], [2.5628, 48.841], [2.5631, 48.841], [2.5634, 48.841], [2.5639, 48.841], [2.5645, 48.8411], [2.5657, 48.8412], [2.5668, 48.8413], [2.5676, 48.8414], [2.5679, 48.8414], [2.5682, 48.8415], [2.5684, 48.8415], [2.5687, 48.8415], [2.5689, 48.8416], [2.5694, 48.8416], [2.5703, 48.8418], [2.5713, 48.842], [2.5718, 48.842], [2.5721, 48.8421], [2.5725, 48.8421], [2.5729, 48.8422], [2.5732, 48.8422], [2.5736, 48.8423], [2.5739, 48.8423], [2.5742, 48.8424], [2.5748, 48.8424], [2.5758, 48.8425], [2.5769, 48.8426], [2.5777, 48.8427], [2.5779, 48.8427]], [[2.5779, 48.8427], [2.5782, 48.8427], [2.5794, 48.8428], [2.5803, 48.8429], [2.5805, 48.8429], [2.5806, 48.8429], [2.5812, 48.843], [2.5813, 48.843], [2.5816, 48.843], [2.5818, 48.8431], [2.582, 48.8431]], [[2.582, 48.8431], [2.5827, 48.8431], [2.5843, 48.8433], [2.5847, 48.8433], [2.585, 48.8433], [2.5854, 48.8434], [2.5857, 48.8434], [2.5862, 48.8434], [2.5865, 48.8434], [2.5868, 48.8434], [2.587, 48.8434], [2.5873, 48.8434], [2.5875, 48.8434], [2.5878, 48.8434], [2.5881, 48.8434], [2.5884, 48.8433], [2.5886, 48.8433], [2.5888, 48.8433], [2.5892, 48.8433], [2.5895, 48.8433], [2.5898, 48.8433], [2.5903, 48.8432], [2.5908, 48.8431], [2.5911, 48.8431], [2.5917, 48.843], [2.592, 48.843], [2.5924, 48.8429], [2.5929, 48.8429], [2.5931, 48.8429], [2.5936, 48.8428], [2.5939, 48.8428], [2.5942, 48.8427], [2.5947, 48.8427], [2.5951, 48.8426], [2.5956, 48.8426], [2.596, 48.8425], [2.5963, 48.8425], [2.5967, 48.8424], [2.5972, 48.8423], [2.5979, 48.8423], [2.5983, 48.8422], [2.5986, 48.8422], [2.5989, 48.8422], [2.5991, 48.8421], [2.5994, 48.8421], [2.5997, 48.8421], [2.6, 48.8421], [2.6003, 48.8421], [2.6006, 48.8421], [2.6009, 48.8421]], [[2.6009, 48.8421], [2.6011, 48.8421], [2.6014, 48.8421], [2.6017, 48.8421]], [[2.6017, 48.8421], [2.6019, 48.8421], [2.6021, 48.8421], [2.6024, 48.8421], [2.6026, 48.8421], [2.6029, 48.8422], [2.6032, 48.8422], [2.6035, 48.8422], [2.6038, 48.8423], [2.604, 48.8423], [2.6043, 48.8424], [2.6046, 48.8424], [2.6049, 48.8425], [2.6052, 48.8425], [2.6054, 48.8426], [2.6062, 48.8427], [2.608, 48.8431], [2.6083, 48.8431], [2.6087, 48.8432], [2.6089, 48.8432], [2.6093, 48.8432], [2.6095, 48.8433], [2.6098, 48.8433], [2.6101, 48.8433], [2.6104, 48.8434], [2.6107, 48.8434], [2.611, 48.8434], [2.6116, 48.8434], [2.6127, 48.8434], [2.6134, 48.8435]], [[2.6134, 48.8435], [2.6156, 48.8435]], [[2.6156, 48.8435], [2.6158, 48.8435]], [[2.6158, 48.8435], [2.6167, 48.8435]], [[2.6167, 48.8435], [2.6176, 48.8435], [2.6178, 48.8436], [2.6181, 48.8436], [2.6183, 48.8436], [2.6185, 48.8435], [2.6187, 48.8435], [2.6188, 48.8435], [2.619, 48.8435], [2.6192, 48.8435], [2.6193, 48.8435]], [[2.6193, 48.8435], [2.6196, 48.8435]], [[2.6196, 48.8435], [2.6197, 48.8435], [2.62, 48.8434], [2.6202, 48.8434], [2.6204, 48.8434], [2.6206, 48.8433], [2.6208, 48.8433], [2.6211, 48.8432], [2.6213, 48.8432], [2.6215, 48.8432], [2.6217, 48.8431], [2.622, 48.843], [2.6222, 48.843], [2.6224, 48.8429], [2.6226, 48.8429], [2.6228, 48.8428], [2.623, 48.8427], [2.6232, 48.8427], [2.6234, 48.8426], [2.6236, 48.8425]], [[2.6236, 48.8425], [2.6243, 48.8422]], [[2.6243, 48.8422], [2.6245, 48.8421]], [[2.6245, 48.8421], [2.625, 48.8419], [2.6259, 48.8416], [2.6265, 48.8413], [2.6267, 48.8413], [2.6269, 48.8412], [2.6271, 48.8411]], [[2.6271, 48.8411], [2.6277, 48.8409], [2.6282, 48.8407], [2.6286, 48.8405], [2.6291, 48.8403], [2.6294, 48.8402], [2.6295, 48.8402], [2.6298, 48.84], [2.6301, 48.8399], [2.6302, 48.8399], [2.6305, 48.8399], [2.6307, 48.8398], [2.631, 48.8397], [2.6312, 48.8397], [2.6315, 48.8396], [2.6335, 48.8392]], [[2.6335, 48.8392], [2.6346, 48.839]], [[2.6346, 48.839], [2.6357, 48.8387], [2.6362, 48.8386], [2.6364, 48.8386], [2.6367, 48.8385], [2.637, 48.8385], [2.6374, 48.8384], [2.6376, 48.8384], [2.6378, 48.8384], [2.6382, 48.8383], [2.6384, 48.8383], [2.6385, 48.8383]], [[2.6385, 48.8383], [2.639, 48.8383]], [[2.639, 48.8383], [2.6394, 48.8382], [2.6397, 48.8382], [2.6399, 48.8382], [2.6403, 48.8382], [2.6406, 48.8382], [2.6408, 48.8382], [2.6411, 48.8382], [2.6413, 48.8382], [2.6416, 48.8382], [2.6419, 48.8382], [2.6421, 48.8382], [2.6424, 48.8383], [2.6425, 48.8383], [2.6428, 48.8383], [2.6429, 48.8383], [2.6431, 48.8383], [2.6433, 48.8383], [2.6435, 48.8384], [2.6445, 48.8385], [2.6449, 48.8385], [2.6456, 48.8386]], [[2.6456, 48.8386], [2.6468, 48.8387], [2.6479, 48.8389], [2.649, 48.839], [2.6501, 48.8391], [2.6512, 48.8392], [2.6518, 48.8393], [2.6522, 48.8393], [2.6535, 48.8395], [2.6537, 48.8395]], [[2.6537, 48.8395], [2.6547, 48.8396], [2.6558, 48.8398], [2.6567, 48.8399], [2.657, 48.8399], [2.6575, 48.84], [2.658, 48.84], [2.6583, 48.84], [2.6589, 48.8401], [2.6599, 48.8402], [2.6612, 48.8404], [2.6624, 48.8405], [2.6635, 48.8406], [2.6643, 48.8407], [2.6646, 48.8408], [2.6649, 48.8408]], [[2.6649, 48.8408], [2.6652, 48.8409], [2.6654, 48.8409], [2.6664, 48.8411], [2.6666, 48.8411], [2.6669, 48.8412], [2.6672, 48.8413], [2.6674, 48.8413], [2.6677, 48.8413], [2.668, 48.8414], [2.6682, 48.8414], [2.6684, 48.8414], [2.6687, 48.8414], [2.6689, 48.8414], [2.6692, 48.8414], [2.6694, 48.8414], [2.6696, 48.8414], [2.67, 48.8414], [2.6703, 48.8414], [2.6706, 48.8414], [2.6708, 48.8413], [2.671, 48.8413], [2.6712, 48.8413], [2.6714, 48.8413], [2.6717, 48.8412], [2.672, 48.8412], [2.6722, 48.8411], [2.6724, 48.8411], [2.6727, 48.841], [2.6729, 48.8409]], [[2.6729, 48.8409], [2.6732, 48.8409], [2.6734, 48.8408], [2.6737, 48.8407], [2.6739, 48.8406], [2.6741, 48.8405], [2.6744, 48.8404], [2.6746, 48.8403], [2.6749, 48.8402], [2.6751, 48.84], [2.6754, 48.8399], [2.6756, 48.8398], [2.6765, 48.8393], [2.6766, 48.8393]], [[2.6766, 48.8393], [2.6769, 48.8391]], [[2.6769, 48.8391], [2.6774, 48.8388], [2.6783, 48.8384], [2.6792, 48.8379], [2.6801, 48.8374], [2.681, 48.8369], [2.6816, 48.8366], [2.682, 48.8364], [2.6822, 48.8363], [2.6824, 48.8362], [2.6827, 48.8361], [2.6829, 48.836], [2.6831, 48.8359], [2.6833, 48.8358], [2.6835, 48.8357], [2.6837, 48.8357], [2.6839, 48.8356], [2.6841, 48.8355], [2.6843, 48.8354], [2.6846, 48.8354], [2.6848, 48.8353], [2.685, 48.8352], [2.6853, 48.8352], [2.6855, 48.8351], [2.6858, 48.835], [2.6861, 48.835], [2.6863, 48.8349], [2.6866, 48.8349], [2.6869, 48.8348], [2.6871, 48.8348], [2.6874, 48.8347], [2.6878, 48.8347], [2.6881, 48.8346], [2.6884, 48.8346], [2.6887, 48.8346], [2.689, 48.8345], [2.6893, 48.8345], [2.6896, 48.8345], [2.6899, 48.8345], [2.6901, 48.8345], [2.6904, 48.8345], [2.6907, 48.8345], [2.691, 48.8345], [2.6912, 48.8345], [2.6915, 48.8345], [2.6917, 48.8345], [2.692, 48.8345], [2.6923, 48.8346], [2.6925, 48.8346], [2.6928, 48.8346], [2.6931, 48.8346], [2.6942, 48.8348], [2.6953, 48.8349], [2.6965, 48.8351], [2.6976, 48.8352], [2.6978, 48.8352]], [[2.6978, 48.8352], [2.6983, 48.8353]], [[2.6983, 48.8353], [2.6987, 48.8353], [2.6999, 48.8355], [2.701, 48.8356], [2.7022, 48.8357], [2.7033, 48.8359], [2.7045, 48.836], [2.7056, 48.8362], [2.7067, 48.8363]], [[2.7067, 48.8363], [2.7099, 48.8367], [2.7124, 48.837], [2.7127, 48.837], [2.7128, 48.837]], [[2.7128, 48.837], [2.7139, 48.8371], [2.7145, 48.8372], [2.7153, 48.8373], [2.7165, 48.8375], [2.7176, 48.8376], [2.7187, 48.8377], [2.7199, 48.8379], [2.721, 48.838], [2.7221, 48.8381], [2.7233, 48.8383], [2.7244, 48.8384], [2.7256, 48.8385], [2.7267, 48.8387], [2.7279, 48.8388], [2.729, 48.839], [2.7293, 48.839], [2.7297, 48.839], [2.7299, 48.8391], [2.7302, 48.8391], [2.7305, 48.8392], [2.7308, 48.8392], [2.7312, 48.8393], [2.7315, 48.8393], [2.7317, 48.8394], [2.732, 48.8394], [2.7323, 48.8395], [2.7326, 48.8396], [2.733, 48.8397], [2.7333, 48.8397], [2.7336, 48.8398], [2.7339, 48.8399], [2.7341, 48.84], [2.7344, 48.84], [2.7347, 48.8401], [2.735, 48.8402], [2.7353, 48.8403], [2.7356, 48.8404], [2.7359, 48.8405], [2.7361, 48.8406], [2.7364, 48.8407], [2.7366, 48.8408], [2.7368, 48.8408], [2.737, 48.8409], [2.7373, 48.841], [2.7375, 48.8411], [2.7376, 48.8412], [2.7378, 48.8413], [2.738, 48.8413], [2.7384, 48.8415], [2.7395, 48.842], [2.7405, 48.8425], [2.7415, 48.843], [2.7426, 48.8435], [2.7436, 48.844], [2.7447, 48.8445], [2.7458, 48.845], [2.7468, 48.8455], [2.7477, 48.846], [2.7488, 48.8464], [2.7497, 48.8468], [2.7505, 48.8471], [2.7513, 48.8474], [2.7525, 48.8478], [2.7535, 48.8481], [2.7543, 48.8483], [2.7548, 48.8484], [2.7554, 48.8486], [2.7562, 48.8488], [2.7572, 48.849], [2.7578, 48.8491], [2.7584, 48.8492], [2.7593, 48.8494], [2.7604, 48.8496], [2.761, 48.8498], [2.7614, 48.8498], [2.7617, 48.8499], [2.7621, 48.85], [2.7624, 48.8501], [2.7626, 48.8501], [2.7631, 48.8503], [2.7633, 48.8503], [2.7636, 48.8504], [2.7639, 48.8505], [2.7642, 48.8506], [2.7645, 48.8507], [2.7649, 48.8509], [2.7652, 48.851], [2.7655, 48.8511], [2.7658, 48.8512], [2.7661, 48.8514], [2.7664, 48.8515], [2.7669, 48.8518], [2.7672, 48.8519], [2.7675, 48.852], [2.7679, 48.8523], [2.7719, 48.8546]], [[2.7719, 48.8546], [2.7722, 48.8547]], [[2.7722, 48.8547], [2.7726, 48.8549], [2.7737, 48.8556]], [[2.7737, 48.8556], [2.7748, 48.8562]], [[2.7748, 48.8562], [2.7755, 48.8566], [2.7766, 48.8572], [2.7772, 48.8575]], [[2.7772, 48.8575], [2.7773, 48.8576]], [[2.7773, 48.8576], [2.7775, 48.8578], [2.7778, 48.8579], [2.7779, 48.858], [2.7782, 48.8582], [2.7784, 48.8583], [2.7787, 48.8585], [2.7789, 48.8587], [2.7791, 48.8588], [2.7792, 48.859], [2.7794, 48.8592], [2.7796, 48.8594], [2.7797, 48.8596], [2.7799, 48.8597], [2.78, 48.8599], [2.7802, 48.8601], [2.7803, 48.8603], [2.7804, 48.8606], [2.7805, 48.8608], [2.7806, 48.8611], [2.7807, 48.8612], [2.7807, 48.8614], [2.7808, 48.8618]], [[2.7808, 48.8618], [2.7808, 48.8619]], [[2.7808, 48.8619], [2.7809, 48.862]], [[2.7809, 48.862], [2.7811, 48.8632], [2.7812, 48.864], [2.7813, 48.8646], [2.7814, 48.8653], [2.7815, 48.8658], [2.7816, 48.8663]], [[2.7816, 48.8663], [2.7816, 48.8664], [2.7816, 48.8665]], [[2.7816, 48.8665], [2.7816, 48.8666], [2.7819, 48.8688], [2.7821, 48.8699]], [[2.0138, 49.0498], [2.0135, 49.0497], [2.0132, 49.0495], [2.0129, 49.0494], [2.0129, 49.0493], [2.0116, 49.0484]], [[2.0147, 49.0502], [2.0143, 49.05], [2.0139, 49.0498], [2.0138, 49.0498]], [[2.0327, 49.0498], [2.0323, 49.0499], [2.0313, 49.05], [2.031, 49.05], [2.0305, 49.05], [2.0299, 49.0501], [2.0288, 49.0502], [2.0276, 49.0503], [2.0259, 49.0505], [2.0247, 49.0506], [2.0238, 49.0507], [2.023, 49.0508], [2.0221, 49.0509], [2.0211, 49.051], [2.0209, 49.051], [2.0206, 49.051], [2.0203, 49.051], [2.02, 49.051], [2.0197, 49.0511], [2.0195, 49.0511], [2.0192, 49.0511], [2.019, 49.0511], [2.0187, 49.0511], [2.0185, 49.051], [2.0183, 49.051], [2.0181, 49.051], [2.0178, 49.051], [2.0175, 49.0509], [2.0171, 49.0509], [2.0169, 49.0509], [2.0165, 49.0508], [2.0163, 49.0507], [2.0161, 49.0507], [2.0159, 49.0506], [2.0157, 49.0505], [2.0154, 49.0505], [2.0152, 49.0504], [2.015, 49.0503], [2.0147, 49.0502]], [[2.0327, 49.0498], [2.0339, 49.0497], [2.034, 49.0497]], [[2.034, 49.0497], [2.0347, 49.0496]], [[2.0347, 49.0496], [2.0353, 49.0496], [2.0361, 49.0495], [2.0362, 49.0495]], [[2.0362, 49.0495], [2.0366, 49.0494], [2.0377, 49.0493], [2.0384, 49.0493], [2.0393, 49.0492], [2.0418, 49.0489], [2.0427, 49.0488], [2.0437, 49.0487], [2.0442, 49.0487], [2.0446, 49.0486]], [[2.0446, 49.0486], [2.045, 49.0486]], [[2.045, 49.0486], [2.0452, 49.0486], [2.0462, 49.0485], [2.0478, 49.0483], [2.0494, 49.0482], [2.0503, 49.0481], [2.0507, 49.048], [2.0523, 49.0479], [2.0539, 49.0477], [2.0547, 49.0476], [2.0562, 49.0475], [2.0569, 49.0474], [2.0577, 49.0473], [2.0586, 49.0472], [2.0594, 49.0472], [2.0597, 49.0471], [2.0599, 49.0471], [2.0602, 49.0471], [2.0605, 49.0471], [2.0607, 49.0471], [2.0609, 49.0471], [2.0611, 49.0471], [2.0613, 49.0471], [2.0616, 49.0471], [2.0619, 49.047], [2.0622, 49.047], [2.0625, 49.047], [2.0627, 49.047], [2.0629, 49.047]], [[2.0629, 49.047], [2.0633, 49.047], [2.0637, 49.0469], [2.0643, 49.0468], [2.065, 49.0467], [2.0663, 49.0464], [2.0668, 49.0462], [2.0672, 49.0461], [2.0676, 49.0459], [2.068, 49.0458], [2.0683, 49.0456], [2.0686, 49.0455], [2.0689, 49.0453], [2.0692, 49.0451], [2.0695, 49.0449], [2.0697, 49.0447], [2.0701, 49.0444], [2.0703, 49.0441], [2.0706, 49.0438], [2.0711, 49.0433], [2.0713, 49.043], [2.0714, 49.0429], [2.0716, 49.0426], [2.0718, 49.0425], [2.0723, 49.0419], [2.0726, 49.0416], [2.0727, 49.0415], [2.0728, 49.0414], [2.073, 49.0412], [2.0733, 49.041], [2.074, 49.0405], [2.0741, 49.0404], [2.0766, 49.0386], [2.0778, 49.0377], [2.0795, 49.0366], [2.0803, 49.036]], [[2.0803, 49.036], [2.0812, 49.0354], [2.0821, 49.0348], [2.0831, 49.0342], [2.0851, 49.0332], [2.0858, 49.0328], [2.0859, 49.0328]], [[2.0859, 49.0328], [2.0872, 49.0321], [2.0881, 49.0316]], [[2.0881, 49.0316], [2.0886, 49.0313], [2.0888, 49.0312], [2.089, 49.0311], [2.0892, 49.031], [2.0893, 49.0309], [2.0895, 49.0308], [2.0896, 49.0308], [2.0897, 49.0306], [2.0898, 49.0305], [2.0899, 49.0305], [2.0901, 49.0303], [2.0902, 49.0302], [2.0903, 49.0302], [2.0903, 49.0301], [2.0904, 49.0299], [2.0905, 49.0298], [2.0906, 49.0297], [2.0907, 49.0296], [2.0908, 49.0294], [2.0909, 49.0293], [2.0909, 49.0292], [2.091, 49.0291], [2.091, 49.029], [2.0911, 49.0289], [2.0911, 49.0287], [2.0912, 49.0286], [2.0912, 49.0285], [2.0912, 49.0284], [2.0913, 49.0282], [2.0913, 49.0281], [2.0913, 49.028], [2.0913, 49.0279], [2.0913, 49.0277], [2.0913, 49.0276], [2.0913, 49.0274], [2.0913, 49.0273], [2.0913, 49.0272], [2.0912, 49.0271], [2.0912, 49.0269], [2.0911, 49.0268], [2.0911, 49.0266], [2.091, 49.0264], [2.091, 49.0263], [2.0909, 49.0261], [2.0908, 49.0259], [2.0907, 49.0257], [2.0905, 49.0254], [2.0902, 49.0249], [2.0899, 49.0243], [2.0897, 49.0239], [2.0896, 49.0237]], [[2.0896, 49.0237], [2.0895, 49.0235], [2.0894, 49.0233], [2.0893, 49.0232]], [[2.0893, 49.0232], [2.0892, 49.0231], [2.0891, 49.023], [2.0891, 49.0229], [2.089, 49.0229], [2.0889, 49.0228], [2.0889, 49.0227], [2.0888, 49.0226], [2.0887, 49.0225], [2.0886, 49.0225], [2.0885, 49.0224], [2.0884, 49.0223], [2.0883, 49.0222], [2.0881, 49.0221], [2.088, 49.022], [2.0879, 49.0219], [2.0878, 49.0219], [2.0877, 49.0218], [2.0876, 49.0217], [2.0875, 49.0217], [2.0874, 49.0216], [2.0872, 49.0215], [2.0871, 49.0215], [2.087, 49.0214], [2.0868, 49.0213], [2.0866, 49.0212], [2.0864, 49.0211]], [[2.0864, 49.0211], [2.0851, 49.0204], [2.085, 49.0203], [2.0848, 49.0203], [2.0847, 49.0202], [2.0845, 49.0201], [2.0844, 49.02], [2.0841, 49.0199], [2.0837, 49.0196], [2.0835, 49.0195], [2.0834, 49.0194], [2.0832, 49.0193], [2.0831, 49.0192], [2.0829, 49.0192], [2.0828, 49.0191], [2.0827, 49.019], [2.0825, 49.0189], [2.0824, 49.0189], [2.0823, 49.0188], [2.0822, 49.0187], [2.082, 49.0187], [2.0818, 49.0185], [2.0817, 49.0184], [2.0815, 49.0183], [2.0814, 49.0183], [2.0812, 49.0182], [2.0811, 49.0181], [2.0809, 49.018], [2.0806, 49.0178], [2.0804, 49.0177]], [[2.0804, 49.0177], [2.0803, 49.0176], [2.0801, 49.0175], [2.0799, 49.0173], [2.0798, 49.0172], [2.0797, 49.0171], [2.0796, 49.017], [2.0795, 49.0169], [2.0794, 49.0169], [2.0793, 49.0167], [2.0792, 49.0166], [2.0791, 49.0165], [2.079, 49.0164], [2.0789, 49.0162], [2.0788, 49.0161], [2.0787, 49.016], [2.0787, 49.0159], [2.0786, 49.0158], [2.0786, 49.0157], [2.0785, 49.0156], [2.0785, 49.0154], [2.0785, 49.0153], [2.0784, 49.0152], [2.0784, 49.0151], [2.0784, 49.015], [2.0783, 49.0148]], [[2.0783, 49.0148], [2.0783, 49.0147], [2.0783, 49.0146], [2.0783, 49.0144], [2.0783, 49.0143], [2.0783, 49.0142], [2.0783, 49.0141], [2.0784, 49.014], [2.0784, 49.0138], [2.0785, 49.0134], [2.0786, 49.013], [2.0787, 49.0127]], [[2.0787, 49.0127], [2.0787, 49.0125], [2.0787, 49.0124], [2.0788, 49.0122], [2.0788, 49.0121], [2.0788, 49.0118], [2.0788, 49.0117], [2.0788, 49.0115], [2.0787, 49.0114], [2.0787, 49.0112], [2.0787, 49.0111], [2.0786, 49.0109], [2.0786, 49.0108], [2.0785, 49.0107], [2.0785, 49.0106], [2.0784, 49.0104], [2.0783, 49.0103], [2.0782, 49.0101], [2.0782, 49.01], [2.0781, 49.0099], [2.078, 49.0098], [2.0779, 49.0097], [2.0778, 49.0095], [2.0777, 49.0094], [2.0776, 49.0093], [2.0774, 49.0092], [2.0772, 49.009], [2.0771, 49.0089], [2.0769, 49.0088], [2.0766, 49.0086], [2.0764, 49.0084], [2.0762, 49.0083], [2.0761, 49.0082], [2.0759, 49.008], [2.0757, 49.0079], [2.0756, 49.0078], [2.0754, 49.0076], [2.0753, 49.0075], [2.0751, 49.0073], [2.075, 49.0072], [2.0749, 49.0071], [2.0748, 49.007], [2.0747, 49.0069], [2.0747, 49.0068], [2.0746, 49.0066], [2.0745, 49.0065], [2.0744, 49.0064], [2.0744, 49.0062], [2.0743, 49.006], [2.0743, 49.0058], [2.0742, 49.0056], [2.0741, 49.0054], [2.0741, 49.0052], [2.074, 49.0049], [2.0739, 49.0044], [2.0737, 49.0038], [2.0737, 49.0034], [2.0735, 49.0028]], [[2.0735, 49.0028], [2.0734, 49.0024], [2.0733, 49.0017], [2.0733, 49.0015], [2.0733, 49.0014], [2.0732, 49.0011], [2.0732, 49.0009], [2.0732, 49.0007], [2.0732, 49.0006], [2.0732, 49.0004], [2.0732, 49.0002], [2.0732, 49.0], [2.0733, 48.9998], [2.0733, 48.9993], [2.0734, 48.999], [2.0734, 48.9986], [2.0734, 48.9983], [2.0735, 48.9981], [2.0735, 48.9979], [2.0735, 48.9978], [2.0735, 48.9976], [2.0735, 48.9974], [2.0735, 48.9972], [2.0735, 48.997], [2.0735, 48.9968], [2.0735, 48.9967], [2.0735, 48.9965], [2.0734, 48.9961], [2.0734, 48.9958], [2.0734, 48.9954], [2.0733, 48.9952], [2.0733, 48.995], [2.0733, 48.9948], [2.0733, 48.9947], [2.0733, 48.9945], [2.0733, 48.9944], [2.0733, 48.9943], [2.0733, 48.9941], [2.0734, 48.994], [2.0734, 48.9939], [2.0734, 48.9936], [2.0734, 48.9934], [2.0735, 48.9931], [2.0735, 48.9928], [2.0735, 48.9926], [2.0736, 48.9923], [2.0736, 48.9921], [2.0736, 48.992], [2.0737, 48.9918], [2.0737, 48.9917], [2.0737, 48.9916], [2.0737, 48.9915]], [[2.0737, 48.9915], [2.0738, 48.9913], [2.0738, 48.9911], [2.0738, 48.991], [2.0739, 48.9908], [2.0739, 48.9907], [2.074, 48.9906], [2.074, 48.9904], [2.074, 48.9903], [2.0741, 48.9901], [2.0742, 48.9899], [2.0743, 48.9897], [2.0744, 48.9894]], [[2.0744, 48.9894], [2.0745, 48.9892], [2.0748, 48.9886], [2.0749, 48.9883], [2.075, 48.9881]], [[2.075, 48.9881], [2.0751, 48.9879]], [[2.0751, 48.9879], [2.0755, 48.9871], [2.0759, 48.9862]], [[2.0759, 48.9862], [2.076, 48.9861], [2.0761, 48.9858], [2.0764, 48.9852], [2.0766, 48.9848], [2.0769, 48.9842], [2.077, 48.984], [2.0771, 48.9838], [2.0772, 48.9836], [2.0772, 48.9835], [2.0773, 48.9834], [2.0773, 48.9832], [2.0774, 48.983], [2.0774, 48.9829], [2.0775, 48.9828], [2.0775, 48.9826], [2.0776, 48.9823], [2.0777, 48.9821], [2.0777, 48.9819], [2.0778, 48.9815], [2.0779, 48.9813], [2.0779, 48.9811], [2.0779, 48.9808], [2.078, 48.9805], [2.078, 48.9804], [2.078, 48.9802], [2.078, 48.98], [2.0781, 48.9795], [2.0781, 48.9792], [2.0781, 48.979], [2.0781, 48.9788], [2.0781, 48.9785], [2.078, 48.9781], [2.078, 48.9778], [2.078, 48.9774], [2.078, 48.977], [2.078, 48.9766], [2.078, 48.9761], [2.0779, 48.9756], [2.0779, 48.9749], [2.0779, 48.9737], [2.0779, 48.9731]], [[2.0779, 48.9731], [2.0778, 48.9729]], [[2.0778, 48.9729], [2.0778, 48.9718], [2.0778, 48.9715], [2.0778, 48.9711], [2.0778, 48.9707], [2.0777, 48.9702], [2.0777, 48.9697]], [[2.0777, 48.9697], [2.0777, 48.9694]], [[2.0777, 48.9694], [2.0777, 48.9693]], [[2.0777, 48.9693], [2.0777, 48.9689], [2.0777, 48.9684], [2.0777, 48.9682], [2.0777, 48.9678], [2.0777, 48.9674], [2.0778, 48.9671], [2.0778, 48.9669], [2.0778, 48.9667], [2.0779, 48.9663], [2.078, 48.966], [2.078, 48.9657], [2.0781, 48.9655], [2.0782, 48.9653], [2.0782, 48.9652], [2.0783, 48.965], [2.0784, 48.9647], [2.0785, 48.9644], [2.0786, 48.9641], [2.0788, 48.9638], [2.0789, 48.9636], [2.079, 48.9634], [2.0797, 48.9623], [2.0804, 48.961], [2.0807, 48.9605], [2.0811, 48.9598], [2.0814, 48.9594], [2.0816, 48.9591]], [[2.0816, 48.9591], [2.0816, 48.959]], [[2.0816, 48.959], [2.0819, 48.9585], [2.0821, 48.9582], [2.0823, 48.9581], [2.0824, 48.9579], [2.0825, 48.9578], [2.0827, 48.9576], [2.0831, 48.9573], [2.0833, 48.9571], [2.0837, 48.9568], [2.0843, 48.9565], [2.0845, 48.9563], [2.0847, 48.9562], [2.0849, 48.9561], [2.085, 48.9561], [2.0852, 48.956], [2.0855, 48.9559], [2.0858, 48.9558], [2.086, 48.9557], [2.0863, 48.9556], [2.0867, 48.9556], [2.087, 48.9555], [2.0872, 48.9555], [2.0874, 48.9554], [2.0876, 48.9554], [2.0878, 48.9554], [2.088, 48.9554], [2.0883, 48.9554], [2.0885, 48.9554], [2.0887, 48.9554], [2.0889, 48.9554], [2.0893, 48.9554], [2.0898, 48.9555], [2.09, 48.9555], [2.0902, 48.9556], [2.0904, 48.9556], [2.0905, 48.9556], [2.0906, 48.9557], [2.0909, 48.9557], [2.091, 48.9558], [2.0911, 48.9558], [2.0914, 48.9559]], [[2.0914, 48.9559], [2.0916, 48.956], [2.092, 48.9562], [2.0926, 48.9564], [2.0927, 48.9565], [2.0934, 48.9568], [2.0939, 48.9571], [2.0945, 48.9573], [2.095, 48.9576], [2.0955, 48.9578], [2.0959, 48.9579], [2.0963, 48.9581], [2.0974, 48.9584], [2.0983, 48.9587], [2.099, 48.9589], [2.0996, 48.9591], [2.0999, 48.9592], [2.1001, 48.9593], [2.1003, 48.9593], [2.1008, 48.9594], [2.1012, 48.9595], [2.1015, 48.9596], [2.1026, 48.9598], [2.1038, 48.96], [2.104, 48.9601], [2.1043, 48.9601], [2.1046, 48.9601], [2.1049, 48.9602], [2.1053, 48.9602], [2.1059, 48.9602], [2.1062, 48.9602], [2.1066, 48.9603], [2.1073, 48.9603], [2.1077, 48.9603], [2.1081, 48.9603], [2.1087, 48.9604], [2.1092, 48.9604], [2.11, 48.9604], [2.1105, 48.9604], [2.1109, 48.9604], [2.1113, 48.9604], [2.1118, 48.9604], [2.112, 48.9604], [2.1124, 48.9604], [2.113, 48.9604], [2.1133, 48.9604], [2.1136, 48.9604], [2.114, 48.9603], [2.1144, 48.9603], [2.1148, 48.9602], [2.1151, 48.9602], [2.1155, 48.9602], [2.1158, 48.9601], [2.1162, 48.9601], [2.1166, 48.96], [2.117, 48.9599], [2.1179, 48.9597], [2.1186, 48.9596], [2.1196, 48.9594], [2.1201, 48.9593], [2.1205, 48.9592], [2.1209, 48.9591], [2.1212, 48.9591], [2.1217, 48.9589], [2.122, 48.9589], [2.1224, 48.9587], [2.1228, 48.9586], [2.1231, 48.9585], [2.1234, 48.9584], [2.1239, 48.9582], [2.1244, 48.9581], [2.1248, 48.9579], [2.1251, 48.9578], [2.1254, 48.9577], [2.1257, 48.9576], [2.1263, 48.9573]], [[2.1263, 48.9573], [2.1266, 48.9572], [2.1268, 48.957], [2.127, 48.9569], [2.1274, 48.9567], [2.1278, 48.9565], [2.1288, 48.9559]], [[2.7824, 48.8699], [2.7822, 48.8688], [2.7818, 48.867]], [[2.7818, 48.867], [2.7817, 48.8665]], [[2.7817, 48.8665], [2.7816, 48.8661], [2.7815, 48.8656]], [[2.7815, 48.8656], [2.7809, 48.862]], [[2.7809, 48.862], [2.7809, 48.8619]], [[2.7809, 48.8619], [2.7809, 48.8618]], [[2.7809, 48.8618], [2.7808, 48.8614], [2.7807, 48.8612], [2.7807, 48.8611], [2.7805, 48.8607], [2.7804, 48.8605], [2.7803, 48.8602], [2.7801, 48.8599], [2.7799, 48.8597], [2.7797, 48.8595], [2.7796, 48.8593], [2.7794, 48.8591], [2.7793, 48.859], [2.7792, 48.8589], [2.7789, 48.8586], [2.7786, 48.8584], [2.7783, 48.8582], [2.778, 48.858], [2.7776, 48.8577], [2.7773, 48.8576]], [[2.7772, 48.8575], [2.7769, 48.8573], [2.7761, 48.8569], [2.7748, 48.8561]], [[2.7748, 48.8561], [2.7738, 48.8556]], [[2.7738, 48.8556], [2.7726, 48.8549], [2.7723, 48.8547]], [[2.7723, 48.8547], [2.772, 48.8546]], [[2.772, 48.8546], [2.7687, 48.8527], [2.7679, 48.8522], [2.7675, 48.852], [2.7672, 48.8519], [2.767, 48.8517], [2.7666, 48.8516], [2.7662, 48.8514], [2.7656, 48.8511], [2.7653, 48.851], [2.7649, 48.8508], [2.7646, 48.8507], [2.7641, 48.8505], [2.7636, 48.8504], [2.7632, 48.8503], [2.7627, 48.8501], [2.7623, 48.85], [2.7619, 48.8499], [2.761, 48.8497], [2.7601, 48.8495], [2.7584, 48.8492], [2.7575, 48.849], [2.7565, 48.8488], [2.7558, 48.8486], [2.7545, 48.8483], [2.754, 48.8482], [2.7533, 48.848], [2.7527, 48.8478], [2.752, 48.8476], [2.7514, 48.8474], [2.7508, 48.8472], [2.7501, 48.8469], [2.7496, 48.8467], [2.7487, 48.8464], [2.7481, 48.8461], [2.7473, 48.8457], [2.7463, 48.8452], [2.7453, 48.8448], [2.7447, 48.8445], [2.7437, 48.844], [2.7426, 48.8435], [2.7416, 48.843], [2.7405, 48.8425], [2.7395, 48.842], [2.7384, 48.8415], [2.738, 48.8413], [2.7378, 48.8412], [2.7376, 48.8411], [2.7373, 48.841], [2.7371, 48.8409], [2.7368, 48.8408], [2.7366, 48.8407], [2.7363, 48.8406], [2.7361, 48.8405], [2.7358, 48.8404], [2.7355, 48.8403], [2.7353, 48.8403], [2.735, 48.8402], [2.7347, 48.8401], [2.7341, 48.8399], [2.7338, 48.8398], [2.7336, 48.8398], [2.7333, 48.8397], [2.733, 48.8396], [2.7326, 48.8395], [2.7323, 48.8395], [2.7318, 48.8394], [2.7315, 48.8393], [2.7312, 48.8392], [2.7308, 48.8392], [2.7305, 48.8391], [2.7302, 48.8391], [2.7299, 48.839], [2.7296, 48.839], [2.7293, 48.839], [2.729, 48.8389], [2.7279, 48.8388], [2.7267, 48.8387], [2.7256, 48.8385], [2.7244, 48.8384], [2.7233, 48.8382], [2.7222, 48.8381], [2.721, 48.838], [2.7199, 48.8378], [2.7188, 48.8377], [2.7177, 48.8376], [2.7165, 48.8374], [2.7153, 48.8373], [2.7143, 48.8372], [2.7139, 48.8371], [2.7133, 48.837], [2.7128, 48.837]], [[2.7128, 48.837], [2.7099, 48.8366], [2.7067, 48.8363]], [[2.7067, 48.8363], [2.7056, 48.8361], [2.7045, 48.836], [2.7033, 48.8358], [2.7022, 48.8357], [2.6999, 48.8354], [2.6987, 48.8353], [2.6983, 48.8352]], [[2.6983, 48.8352], [2.6978, 48.8352]], [[2.6978, 48.8352], [2.6976, 48.8352], [2.6965, 48.835], [2.6953, 48.8349], [2.6942, 48.8348], [2.693, 48.8346], [2.6928, 48.8346], [2.6925, 48.8346], [2.6923, 48.8345], [2.692, 48.8345], [2.6917, 48.8345], [2.6915, 48.8345], [2.6912, 48.8345], [2.6908, 48.8344], [2.6905, 48.8344], [2.6901, 48.8345], [2.6898, 48.8345], [2.6895, 48.8345], [2.6892, 48.8345], [2.6888, 48.8345], [2.6886, 48.8345], [2.6883, 48.8346], [2.688, 48.8346], [2.6876, 48.8347], [2.6872, 48.8347], [2.6869, 48.8348], [2.6866, 48.8348], [2.6864, 48.8349], [2.6861, 48.8349], [2.6859, 48.835], [2.6856, 48.835], [2.6853, 48.8351], [2.685, 48.8352], [2.6848, 48.8353], [2.6846, 48.8353], [2.6843, 48.8354], [2.6841, 48.8355], [2.6839, 48.8356], [2.6837, 48.8356], [2.6835, 48.8357], [2.6833, 48.8358], [2.6831, 48.8359], [2.6828, 48.836], [2.6826, 48.8361], [2.6824, 48.8362], [2.6821, 48.8363], [2.6816, 48.8366], [2.6809, 48.8369], [2.6806, 48.8371], [2.6801, 48.8374], [2.6792, 48.8379], [2.6783, 48.8384], [2.6777, 48.8386], [2.6768, 48.8391]], [[2.6768, 48.8391], [2.6766, 48.8392]], [[2.6766, 48.8392], [2.6765, 48.8393], [2.6756, 48.8398], [2.6754, 48.8399], [2.6751, 48.84], [2.6748, 48.8402], [2.6746, 48.8403], [2.6743, 48.8404], [2.674, 48.8405], [2.6738, 48.8406], [2.6736, 48.8407], [2.6733, 48.8408], [2.673, 48.8409], [2.6727, 48.8409], [2.6724, 48.841], [2.6721, 48.8411], [2.6719, 48.8411], [2.6716, 48.8412], [2.6714, 48.8412], [2.6711, 48.8413], [2.6708, 48.8413], [2.6705, 48.8413], [2.6703, 48.8413], [2.67, 48.8413], [2.6697, 48.8413], [2.6694, 48.8413], [2.6691, 48.8413], [2.6688, 48.8413], [2.6686, 48.8413], [2.6683, 48.8413], [2.668, 48.8413], [2.6677, 48.8412], [2.6675, 48.8412], [2.6672, 48.8412], [2.6654, 48.8408], [2.6651, 48.8407], [2.6648, 48.8407]], [[2.6648, 48.8407], [2.6644, 48.8407], [2.6641, 48.8406], [2.663, 48.8405], [2.6618, 48.8404], [2.6609, 48.8402], [2.6603, 48.8402], [2.6599, 48.8402], [2.6593, 48.8401], [2.6591, 48.8401], [2.6588, 48.8401], [2.6585, 48.84], [2.6583, 48.84], [2.6578, 48.8399], [2.657, 48.8399], [2.656, 48.8397], [2.6544, 48.8396], [2.6537, 48.8395]], [[2.6537, 48.8395], [2.653, 48.8394], [2.6529, 48.8394], [2.6525, 48.8393], [2.6522, 48.8393], [2.6516, 48.8392], [2.6512, 48.8392], [2.6501, 48.8391], [2.649, 48.8389]], [[2.649, 48.8389], [2.6479, 48.8388]], [[2.6479, 48.8388], [2.6456, 48.8386]], [[2.6456, 48.8386], [2.6447, 48.8385], [2.6437, 48.8383], [2.6434, 48.8383], [2.6432, 48.8383], [2.6429, 48.8383], [2.6426, 48.8382], [2.6424, 48.8382], [2.6421, 48.8382], [2.6419, 48.8382], [2.6416, 48.8382], [2.6414, 48.8382], [2.6411, 48.8382], [2.6408, 48.8382], [2.6405, 48.8382], [2.6402, 48.8382], [2.6399, 48.8382], [2.6397, 48.8382], [2.6393, 48.8382], [2.639, 48.8382]], [[2.639, 48.8382], [2.6385, 48.8383]], [[2.6385, 48.8383], [2.6384, 48.8383], [2.6382, 48.8383], [2.6378, 48.8383], [2.6377, 48.8384], [2.6375, 48.8384], [2.6372, 48.8384], [2.6369, 48.8385], [2.6365, 48.8385], [2.6361, 48.8386], [2.6357, 48.8387], [2.6346, 48.8389]], [[2.6346, 48.8389], [2.6335, 48.8392]], [[2.6335, 48.8392], [2.6317, 48.8395], [2.6315, 48.8396], [2.6312, 48.8396], [2.6307, 48.8398], [2.6305, 48.8398], [2.6302, 48.8399], [2.63, 48.8399], [2.6298, 48.84], [2.6295, 48.8401], [2.6291, 48.8403], [2.6288, 48.8404], [2.6286, 48.8405], [2.6281, 48.8407], [2.6276, 48.8409], [2.6274, 48.841], [2.6271, 48.8411]], [[2.6271, 48.8411], [2.6267, 48.8412], [2.6265, 48.8413], [2.6259, 48.8415], [2.6246, 48.8421], [2.6244, 48.8421]], [[2.6244, 48.8421], [2.6243, 48.8422]], [[2.6236, 48.8425], [2.6234, 48.8426], [2.6231, 48.8426], [2.6229, 48.8427], [2.6226, 48.8428], [2.6224, 48.8429], [2.622, 48.843], [2.6217, 48.8431], [2.6214, 48.8431], [2.621, 48.8432], [2.6207, 48.8433], [2.6204, 48.8433], [2.6201, 48.8434], [2.6198, 48.8434], [2.6195, 48.8434]], [[2.6195, 48.8434], [2.6193, 48.8435]], [[2.6193, 48.8435], [2.6191, 48.8435], [2.6188, 48.8435], [2.6186, 48.8435], [2.6183, 48.8435], [2.618, 48.8435], [2.6177, 48.8435], [2.6167, 48.8435]], [[2.6167, 48.8435], [2.6164, 48.8435], [2.6158, 48.8435]], [[2.6158, 48.8435], [2.6157, 48.8435], [2.6156, 48.8435]], [[2.6156, 48.8435], [2.6149, 48.8434], [2.6134, 48.8434]], [[2.6134, 48.8434], [2.6123, 48.8434], [2.6116, 48.8434], [2.611, 48.8434], [2.6107, 48.8433], [2.6104, 48.8433], [2.61, 48.8433], [2.6097, 48.8433], [2.6094, 48.8432], [2.6091, 48.8432], [2.6088, 48.8432], [2.6085, 48.8431], [2.6082, 48.843], [2.6079, 48.843], [2.6063, 48.8427], [2.6054, 48.8425], [2.6052, 48.8425], [2.6049, 48.8424], [2.6046, 48.8424], [2.6044, 48.8423], [2.6041, 48.8423], [2.6038, 48.8423], [2.6035, 48.8422], [2.6032, 48.8422], [2.6029, 48.8421], [2.6026, 48.8421], [2.6023, 48.8421], [2.602, 48.8421], [2.6017, 48.8421]], [[2.6017, 48.8421], [2.6014, 48.842], [2.6011, 48.842], [2.6008, 48.842]], [[2.6008, 48.842], [2.6005, 48.842], [2.6002, 48.842], [2.6, 48.8421], [2.5997, 48.8421], [2.5994, 48.8421], [2.5991, 48.8421], [2.5987, 48.8421], [2.5982, 48.8422], [2.5979, 48.8422], [2.5967, 48.8424], [2.5963, 48.8424], [2.596, 48.8425], [2.5955, 48.8425], [2.5951, 48.8426], [2.5947, 48.8426], [2.5942, 48.8427], [2.5936, 48.8428], [2.5931, 48.8428], [2.5929, 48.8429], [2.5924, 48.8429], [2.592, 48.843], [2.5915, 48.843], [2.591, 48.8431], [2.5908, 48.8431], [2.5903, 48.8432], [2.5898, 48.8432], [2.5895, 48.8433], [2.5891, 48.8433], [2.5888, 48.8433], [2.5885, 48.8433], [2.5881, 48.8433], [2.5878, 48.8433], [2.5875, 48.8434], [2.5873, 48.8434], [2.587, 48.8434], [2.5868, 48.8434], [2.5865, 48.8434], [2.5857, 48.8433], [2.5854, 48.8433], [2.5851, 48.8433], [2.5847, 48.8433], [2.5843, 48.8433], [2.5827, 48.8431], [2.582, 48.843]], [[2.582, 48.843], [2.5818, 48.843], [2.5816, 48.843], [2.5813, 48.843], [2.5806, 48.8429], [2.5805, 48.8429], [2.5803, 48.8429]], [[2.5803, 48.8429], [2.5785, 48.8427], [2.5783, 48.8427]], [[2.5783, 48.8427], [2.5779, 48.8427]], [[2.5779, 48.8427], [2.577, 48.8426], [2.5759, 48.8425], [2.5749, 48.8424], [2.5743, 48.8423], [2.5739, 48.8423], [2.5736, 48.8423], [2.5732, 48.8422]], [[2.5732, 48.8422], [2.5728, 48.8422], [2.5725, 48.8421], [2.5721, 48.8421], [2.5718, 48.842], [2.5713, 48.8419], [2.5704, 48.8418], [2.5694, 48.8416], [2.569, 48.8415], [2.5687, 48.8415], [2.5684, 48.8415], [2.5681, 48.8414], [2.5677, 48.8414], [2.5668, 48.8413], [2.5657, 48.8412], [2.5645, 48.8411], [2.5641, 48.841], [2.5634, 48.841], [2.5631, 48.8409], [2.5628, 48.8409], [2.5625, 48.8409], [2.5616, 48.8409], [2.5608, 48.8409], [2.56, 48.8409], [2.5592, 48.8408], [2.5582, 48.8408], [2.557, 48.8408], [2.5559, 48.8408], [2.5543, 48.8408]], [[2.5543, 48.8408], [2.5534, 48.8408]], [[2.5534, 48.8408], [2.552, 48.8407], [2.5516, 48.8407]], [[2.5516, 48.8407], [2.551, 48.8407], [2.5502, 48.8407], [2.5492, 48.8407], [2.5489, 48.8407], [2.5486, 48.8407], [2.5478, 48.8407], [2.5432, 48.8407], [2.5429, 48.8407], [2.5421, 48.8407], [2.5414, 48.8407], [2.5406, 48.8407], [2.5389, 48.8407], [2.5385, 48.8407]], [[2.5385, 48.8407], [2.5371, 48.8407], [2.5364, 48.8407]], [[2.5348, 48.8407], [2.5344, 48.8407], [2.5341, 48.8407], [2.5338, 48.8407], [2.5336, 48.8407], [2.5334, 48.8407], [2.5332, 48.8407], [2.5329, 48.8407], [2.5327, 48.8408], [2.5324, 48.8408], [2.5322, 48.8409], [2.5319, 48.8409], [2.5317, 48.841], [2.5314, 48.841], [2.5311, 48.8411], [2.5309, 48.8412], [2.5307, 48.8413], [2.5304, 48.8413], [2.5302, 48.8414], [2.53, 48.8415], [2.5298, 48.8416], [2.5296, 48.8417], [2.5294, 48.8418], [2.5292, 48.842], [2.5289, 48.8421]], [[2.5289, 48.8421], [2.5287, 48.8423]], [[2.5287, 48.8423], [2.5286, 48.8424], [2.5284, 48.8425], [2.5283, 48.8427], [2.5279, 48.843]], [[2.5279, 48.843], [2.5275, 48.8434]], [[2.5275, 48.8434], [2.5272, 48.8437], [2.5269, 48.8439]], [[2.5269, 48.8439], [2.5267, 48.8441]], [[2.5267, 48.8441], [2.5266, 48.8442], [2.5265, 48.8443]], [[2.5265, 48.8443], [2.5263, 48.8445], [2.5262, 48.8446], [2.5259, 48.8449]], [[2.5259, 48.8449], [2.5257, 48.8451], [2.5248, 48.8459], [2.5247, 48.846], [2.5246, 48.8461], [2.5244, 48.8463], [2.5242, 48.8464], [2.5239, 48.8466]], [[2.5239, 48.8466], [2.5237, 48.8468], [2.5235, 48.8469]], [[2.5235, 48.8469], [2.5233, 48.8471], [2.523, 48.8472], [2.5228, 48.8473], [2.5226, 48.8475], [2.5218, 48.8478], [2.521, 48.8483], [2.5208, 48.8483], [2.5201, 48.8487], [2.5193, 48.8491], [2.5184, 48.8496], [2.518, 48.8498], [2.5176, 48.85], [2.5173, 48.8502], [2.517, 48.8504], [2.5166, 48.8506], [2.5164, 48.8508]], [[2.5164, 48.8508], [2.5161, 48.851], [2.5158, 48.8512], [2.5156, 48.8514], [2.5155, 48.8516], [2.5153, 48.8517]], [[2.5153, 48.8517], [2.5151, 48.8519], [2.5149, 48.8521], [2.5148, 48.8523], [2.5147, 48.8524], [2.5138, 48.8534], [2.5134, 48.854], [2.5132, 48.8542], [2.513, 48.8543], [2.5129, 48.8544], [2.5127, 48.8546], [2.5126, 48.8547], [2.5124, 48.8549], [2.5122, 48.855], [2.512, 48.8551], [2.5118, 48.8552], [2.5115, 48.8554], [2.5113, 48.8555], [2.511, 48.8556], [2.5107, 48.8557], [2.5105, 48.8558], [2.5102, 48.8559], [2.51, 48.856], [2.5097, 48.856], [2.5095, 48.8561], [2.5092, 48.8562], [2.5089, 48.8562], [2.5086, 48.8563], [2.5083, 48.8563], [2.5009, 48.8573], [2.5006, 48.8573], [2.5002, 48.8574], [2.5, 48.8574], [2.4997, 48.8574]], [[2.4997, 48.8574], [2.4993, 48.8574], [2.4991, 48.8575], [2.4988, 48.8575], [2.4985, 48.8575], [2.4982, 48.8575], [2.4979, 48.8574], [2.4976, 48.8574], [2.4973, 48.8574], [2.497, 48.8574], [2.4967, 48.8574], [2.4964, 48.8573], [2.496, 48.8573]], [[2.496, 48.8573], [2.4957, 48.8572], [2.4954, 48.8571]], [[2.4954, 48.8571], [2.4951, 48.8571], [2.4948, 48.857], [2.4944, 48.8569], [2.4941, 48.8568], [2.4939, 48.8567], [2.4935, 48.8566], [2.4933, 48.8565], [2.493, 48.8564], [2.4927, 48.8563], [2.4925, 48.8562]], [[2.4925, 48.8562], [2.4923, 48.8561], [2.492, 48.856], [2.4918, 48.8559]], [[2.4918, 48.8559], [2.4916, 48.8558], [2.4913, 48.8556], [2.4907, 48.8553], [2.4904, 48.8551], [2.4901, 48.8549], [2.4899, 48.8548], [2.4895, 48.8546]], [[2.4895, 48.8546], [2.4884, 48.8539], [2.4868, 48.8529]], [[2.4868, 48.8529], [2.4839, 48.8512], [2.4819, 48.8501], [2.4815, 48.8499], [2.4794, 48.8488], [2.478, 48.8482], [2.4766, 48.8475], [2.4736, 48.8461], [2.473, 48.8458], [2.4724, 48.8455], [2.472, 48.8453], [2.4718, 48.8452], [2.4713, 48.845], [2.4709, 48.8447], [2.4704, 48.8444], [2.4699, 48.8442], [2.4696, 48.844], [2.4692, 48.8439], [2.4689, 48.8438], [2.4683, 48.8437], [2.4679, 48.8436], [2.4676, 48.8436], [2.4672, 48.8435], [2.4668, 48.8435], [2.4664, 48.8435], [2.4659, 48.8436], [2.4655, 48.8436], [2.4654, 48.8436], [2.4651, 48.8437], [2.4647, 48.8438], [2.4641, 48.8439], [2.4638, 48.8439], [2.4637, 48.8439], [2.4632, 48.844], [2.4626, 48.8441], [2.4612, 48.8445], [2.4599, 48.8447]], [[2.4599, 48.8447], [2.459, 48.8449], [2.4579, 48.8451], [2.457, 48.8453], [2.4558, 48.8455], [2.4555, 48.8455], [2.4552, 48.8456], [2.455, 48.8456], [2.4547, 48.8457], [2.4542, 48.8457], [2.4532, 48.8459]], [[2.4532, 48.8459], [2.4523, 48.8461], [2.4519, 48.8461], [2.4515, 48.8462]], [[2.4515, 48.8462], [2.4513, 48.8462], [2.451, 48.8463], [2.4508, 48.8463], [2.4505, 48.8463], [2.45, 48.8464]], [[2.45, 48.8464], [2.4495, 48.8464], [2.4488, 48.8465], [2.4482, 48.8466], [2.4479, 48.8466], [2.4476, 48.8466], [2.4469, 48.8467], [2.4466, 48.8467], [2.4458, 48.8468], [2.4447, 48.8468], [2.4444, 48.8468], [2.4441, 48.8468], [2.4437, 48.8469], [2.4427, 48.8469], [2.4424, 48.8469], [2.442, 48.8469], [2.4416, 48.847]], [[2.4416, 48.847], [2.4411, 48.847], [2.4407, 48.847], [2.4401, 48.847], [2.4398, 48.8471], [2.4342, 48.8473]], [[2.4342, 48.8473], [2.4313, 48.8474], [2.4312, 48.8474], [2.4311, 48.8474], [2.4309, 48.8474], [2.4308, 48.8474]], [[2.4307, 48.8474], [2.4303, 48.8474], [2.43, 48.8474], [2.4297, 48.8474], [2.4293, 48.8473], [2.429, 48.8473]], [[2.429, 48.8473], [2.4288, 48.8473], [2.4285, 48.8473], [2.4282, 48.8472], [2.4272, 48.8471], [2.4266, 48.847], [2.4261, 48.8468], [2.4255, 48.8466], [2.425, 48.8465], [2.4247, 48.8464], [2.4243, 48.8462], [2.424, 48.8461]], [[2.424, 48.8461], [2.4233, 48.8457], [2.4224, 48.8453], [2.4223, 48.8452]], [[2.4223, 48.8452], [2.4219, 48.8451], [2.4211, 48.8447], [2.4208, 48.8445], [2.4205, 48.8444], [2.4202, 48.8443], [2.42, 48.8442]], [[2.42, 48.8442], [2.4198, 48.8441], [2.419, 48.8439], [2.4188, 48.8438], [2.4185, 48.8438], [2.4183, 48.8437], [2.4181, 48.8437], [2.4179, 48.8437], [2.4177, 48.8437], [2.4175, 48.8436], [2.4172, 48.8436], [2.4168, 48.8436], [2.4161, 48.8437], [2.4154, 48.8437], [2.4148, 48.8438], [2.4145, 48.8438], [2.4133, 48.8439], [2.4126, 48.844], [2.4102, 48.8443], [2.4099, 48.8443], [2.4075, 48.8444], [2.4057, 48.8445]], [[2.4057, 48.8445], [2.4048, 48.8446], [2.404, 48.8447], [2.4032, 48.8448], [2.4024, 48.8451], [2.4018, 48.8453], [2.4014, 48.8456]], [[2.2932, 48.8744], [2.2922, 48.8745], [2.292, 48.8746], [2.2917, 48.8746], [2.2915, 48.8747], [2.2912, 48.8747], [2.2603, 48.8846], [2.2597, 48.8848], [2.2589, 48.8852], [2.2583, 48.8855], [2.2578, 48.8858], [2.2572, 48.8861], [2.2566, 48.8865], [2.256, 48.8868], [2.2554, 48.8871], [2.2546, 48.8874], [2.2537, 48.8876], [2.2531, 48.8877], [2.2521, 48.8879], [2.2512, 48.8881], [2.2504, 48.8882], [2.2501, 48.8882], [2.2494, 48.8883], [2.2487, 48.8885], [2.248, 48.8887], [2.2462, 48.8893]], [[2.2462, 48.8893], [2.2439, 48.89], [2.243, 48.8902], [2.2425, 48.8904]], [[2.2425, 48.8904], [2.2411, 48.8907], [2.2407, 48.8908], [2.2383, 48.8916], [2.2368, 48.892]], [[2.2368, 48.892], [2.2365, 48.8921], [2.2356, 48.8924], [2.2344, 48.8927], [2.2335, 48.8929], [2.2325, 48.893]], [[2.2325, 48.893], [2.2316, 48.893], [2.2303, 48.8931], [2.2296, 48.8931], [2.2287, 48.8931], [2.228, 48.8932]], [[2.228, 48.8932], [2.2273, 48.8934], [2.2266, 48.8936], [2.2265, 48.8937], [2.2258, 48.894], [2.2248, 48.8945]], [[2.2248, 48.8945], [2.2243, 48.8948], [2.2238, 48.8951], [2.2234, 48.8955], [2.2233, 48.8956]], [[2.2233, 48.8956], [2.2214, 48.8973], [2.2212, 48.8974]], [[2.2212, 48.8974], [2.2209, 48.8977], [2.2207, 48.898], [2.2206, 48.8981], [2.2205, 48.8983], [2.2204, 48.8985], [2.2202, 48.8988], [2.2202, 48.8991], [2.2199, 48.8997]], [[2.2199, 48.8997], [2.2198, 48.8999], [2.2198, 48.9], [2.2197, 48.9001], [2.2196, 48.9003], [2.2195, 48.9006], [2.2194, 48.9009], [2.2193, 48.9011], [2.2191, 48.9013]], [[2.2191, 48.9013], [2.2189, 48.9016], [2.2187, 48.9018], [2.2185, 48.9019]], [[2.2185, 48.9019], [2.2184, 48.9019], [2.2183, 48.9019], [2.2182, 48.9019], [2.2182, 48.902], [2.2181, 48.902], [2.218, 48.902], [2.2179, 48.902], [2.2178, 48.902], [2.2177, 48.9021], [2.2176, 48.9021], [2.2175, 48.9021], [2.2174, 48.9021], [2.2173, 48.9021], [2.2172, 48.9021], [2.2171, 48.9021], [2.217, 48.902], [2.2169, 48.902], [2.2168, 48.902], [2.2167, 48.902], [2.2166, 48.902], [2.2164, 48.9019], [2.2159, 48.9017], [2.2157, 48.9017]], [[2.2157, 48.9017], [2.2155, 48.9016], [2.2152, 48.9014]], [[2.2152, 48.9014], [2.2144, 48.9012], [2.2137, 48.901]], [[2.2137, 48.901], [2.212, 48.9004], [2.2116, 48.9003], [2.2115, 48.9003]], [[2.2115, 48.9003], [2.2114, 48.9003], [2.2112, 48.9002], [2.2107, 48.9001], [2.21, 48.8998]], [[2.21, 48.8998], [2.2096, 48.8997], [2.208, 48.8992], [2.2069, 48.8989], [2.205, 48.8982], [2.1978, 48.8959]], [[2.1978, 48.8959], [2.1975, 48.8958]], [[2.1975, 48.8958], [2.1964, 48.8955], [2.1952, 48.8951], [2.1937, 48.8946]], [[2.1937, 48.8946], [2.1933, 48.8944]], [[2.1933, 48.8944], [2.1926, 48.8942], [2.1908, 48.8936], [2.1897, 48.8933], [2.1891, 48.8931], [2.1887, 48.8929], [2.1879, 48.8926], [2.1872, 48.8924]], [[2.1872, 48.8924], [2.1868, 48.8923]], [[2.1868, 48.8923], [2.1863, 48.8921], [2.1859, 48.892], [2.1854, 48.8918], [2.1851, 48.8917], [2.1847, 48.8916], [2.1844, 48.8915], [2.1841, 48.8914], [2.1836, 48.8912], [2.1833, 48.8911], [2.1824, 48.8909], [2.181, 48.8904], [2.1805, 48.8903]], [[2.1805, 48.8903], [2.1804, 48.8902]], [[2.1804, 48.8902], [2.18, 48.8901], [2.1796, 48.8899], [2.1791, 48.8898], [2.1785, 48.8896], [2.1771, 48.8891], [2.177, 48.8891], [2.1767, 48.889]], [[2.1767, 48.889], [2.1751, 48.8884], [2.174, 48.8881]], [[2.174, 48.8881], [2.1736, 48.8879], [2.1732, 48.8878]], [[2.1732, 48.8878], [2.1729, 48.8877]], [[2.1729, 48.8877], [2.1726, 48.8876], [2.1716, 48.8872], [2.1711, 48.8871], [2.1707, 48.887]], [[2.1707, 48.887], [2.17, 48.8868]], [[2.17, 48.8868], [2.1694, 48.8867], [2.169, 48.8866], [2.168, 48.8864], [2.1672, 48.8862], [2.1666, 48.8861], [2.1657, 48.8859], [2.1652, 48.8859], [2.1649, 48.8858], [2.1641, 48.8857]], [[2.1641, 48.8857], [2.1627, 48.8856]], [[2.1627, 48.8856], [2.1614, 48.8854], [2.1607, 48.8853], [2.16, 48.8852]], [[2.16, 48.8852], [2.1589, 48.8852], [2.1576, 48.8852]], [[2.1576, 48.8852], [2.1573, 48.8852], [2.1569, 48.8852], [2.1562, 48.8852], [2.1545, 48.8853]], [[2.1545, 48.8853], [2.1543, 48.8853], [2.154, 48.8853], [2.1532, 48.8853], [2.1528, 48.8854]], [[2.1528, 48.8854], [2.1524, 48.8854], [2.1516, 48.8855], [2.151, 48.8856], [2.1504, 48.8856], [2.1499, 48.8857], [2.1492, 48.8858], [2.1487, 48.8859], [2.1482, 48.886], [2.1477, 48.8861], [2.1472, 48.8862], [2.1469, 48.8863], [2.1464, 48.8864]], [[2.1464, 48.8864], [2.1456, 48.8867], [2.1453, 48.8867], [2.1448, 48.8869], [2.1442, 48.8871], [2.1436, 48.8873], [2.1431, 48.8874], [2.1425, 48.8876], [2.142, 48.8878], [2.1414, 48.888], [2.1409, 48.8881], [2.1404, 48.8882], [2.14, 48.8884], [2.1399, 48.8884], [2.1398, 48.8885], [2.1396, 48.8885], [2.1392, 48.8886], [2.1387, 48.8888], [2.1384, 48.8889], [2.1376, 48.8891], [2.1374, 48.8892], [2.1372, 48.8893], [2.1369, 48.8893], [2.1367, 48.8894], [2.1366, 48.8895], [2.1364, 48.8895], [2.1362, 48.8896], [2.1359, 48.8897], [2.1356, 48.8897], [2.1354, 48.8898], [2.135, 48.8899], [2.1347, 48.89], [2.1344, 48.8901], [2.1341, 48.8902], [2.1338, 48.8903], [2.1335, 48.8904], [2.1334, 48.8905], [2.1331, 48.8905], [2.1328, 48.8906], [2.1326, 48.8907], [2.1323, 48.8908], [2.132, 48.8909], [2.1319, 48.8909], [2.1315, 48.891], [2.1313, 48.8911], [2.131, 48.8912], [2.1307, 48.8913], [2.1304, 48.8914], [2.1302, 48.8914], [2.13, 48.8915], [2.1299, 48.8915], [2.1297, 48.8916], [2.1296, 48.8916], [2.1295, 48.8916], [2.1294, 48.8917], [2.1293, 48.8917], [2.1292, 48.8918], [2.1291, 48.8918], [2.1288, 48.8919], [2.1287, 48.8919], [2.1286, 48.892], [2.1285, 48.892], [2.1284, 48.8921], [2.1282, 48.8921], [2.1282, 48.8922], [2.1281, 48.8922], [2.128, 48.8923], [2.1278, 48.8923], [2.1277, 48.8924], [2.1275, 48.8925], [2.1273, 48.8926], [2.1272, 48.8927], [2.127, 48.8928], [2.1268, 48.8928], [2.1267, 48.8929], [2.1266, 48.893], [2.1265, 48.893], [2.1265, 48.8931], [2.1264, 48.8931], [2.1263, 48.8932], [2.1261, 48.8933], [2.1259, 48.8934], [2.1257, 48.8935]], [[2.1257, 48.8935], [2.1256, 48.8937], [2.1255, 48.8937], [2.1253, 48.8939], [2.1251, 48.894], [2.1251, 48.8941], [2.1249, 48.8942], [2.1248, 48.8943], [2.1247, 48.8944], [2.1246, 48.8945], [2.1244, 48.8946], [2.1243, 48.8947], [2.1242, 48.8948], [2.1241, 48.895], [2.124, 48.8951], [2.1239, 48.8952], [2.1238, 48.8953], [2.1237, 48.8954], [2.1237, 48.8955], [2.1236, 48.8955], [2.1235, 48.8957], [2.1234, 48.8958], [2.1233, 48.8959], [2.1233, 48.896], [2.1232, 48.8961], [2.123, 48.8964]], [[2.123, 48.8964], [2.1229, 48.8965], [2.1228, 48.8967], [2.1228, 48.8968], [2.1226, 48.897], [2.1224, 48.8973], [2.1222, 48.8976], [2.122, 48.8979], [2.1218, 48.8982], [2.1216, 48.8985], [2.1213, 48.8988], [2.1212, 48.8989], [2.1211, 48.8991], [2.121, 48.8992]], [[2.121, 48.8992], [2.1207, 48.8994], [2.1206, 48.8996], [2.1204, 48.8997], [2.1202, 48.8999], [2.1201, 48.8999], [2.1199, 48.9001], [2.1195, 48.9003], [2.1192, 48.9005], [2.119, 48.9007], [2.1189, 48.9008], [2.1187, 48.9009], [2.1183, 48.9011], [2.1179, 48.9013]], [[2.1179, 48.9013], [2.1174, 48.9015], [2.1171, 48.9016], [2.1168, 48.9018], [2.1166, 48.9018], [2.1164, 48.9019], [2.1161, 48.902], [2.1159, 48.9021], [2.1155, 48.9022], [2.1153, 48.9023], [2.1151, 48.9023], [2.1149, 48.9024], [2.1147, 48.9024]], [[2.1147, 48.9024], [2.1144, 48.9025]], [[2.1144, 48.9025], [2.1139, 48.9026], [2.1134, 48.9027], [2.1131, 48.9028]], [[2.1131, 48.9028], [2.1125, 48.9029], [2.1115, 48.9031], [2.1108, 48.9032], [2.1096, 48.9034], [2.1091, 48.9035], [2.1088, 48.9036], [2.1086, 48.9036], [2.1084, 48.9036], [2.1081, 48.9037], [2.1079, 48.9037], [2.1077, 48.9037], [2.1075, 48.9038], [2.1073, 48.9038], [2.1071, 48.9038], [2.1068, 48.9038], [2.1066, 48.9039], [2.1064, 48.9039], [2.1062, 48.9039], [2.1059, 48.9039]], [[2.1059, 48.9039], [2.1056, 48.9039], [2.1053, 48.9039], [2.1051, 48.9039], [2.1049, 48.9039], [2.1046, 48.9039], [2.1044, 48.9039], [2.104, 48.9039], [2.1037, 48.9039], [2.1035, 48.9039], [2.1032, 48.9038], [2.1031, 48.9038]], [[2.1031, 48.9038], [2.1019, 48.9037], [2.1004, 48.9034], [2.0994, 48.9031]], [[2.0994, 48.9031], [2.0989, 48.903], [2.0977, 48.9026]], [[2.0977, 48.9026], [2.0974, 48.9024], [2.0972, 48.9024], [2.0971, 48.9023], [2.0969, 48.9022], [2.0968, 48.9021], [2.0966, 48.902], [2.0965, 48.9019], [2.0963, 48.9019], [2.0962, 48.9018], [2.0961, 48.9017], [2.096, 48.9016], [2.0959, 48.9015], [2.0958, 48.9014]], [[2.0958, 48.9014], [2.0957, 48.9013], [2.0956, 48.9012]], [[2.0956, 48.9012], [2.0955, 48.9011], [2.0954, 48.9009], [2.0954, 48.9008], [2.0953, 48.9007], [2.0952, 48.9003], [2.0952, 48.9002], [2.0951, 48.8997], [2.095, 48.8989], [2.095, 48.8986]], [[2.095, 48.8986], [2.095, 48.8989], [2.0951, 48.8997], [2.0952, 48.9003], [2.0953, 48.9007], [2.0953, 48.9008], [2.0954, 48.9009], [2.0955, 48.9011], [2.0956, 48.9012]], [[2.0956, 48.9012], [2.0958, 48.9015]], [[2.0958, 48.9015], [2.096, 48.9016], [2.096, 48.9017], [2.0962, 48.9018], [2.0964, 48.9019], [2.0966, 48.9021], [2.0968, 48.9022], [2.0971, 48.9023], [2.0974, 48.9024], [2.0977, 48.9026], [2.0989, 48.903], [2.0994, 48.9031]], [[2.0994, 48.9031], [2.1004, 48.9034], [2.1019, 48.9037], [2.1031, 48.9039]], [[2.1031, 48.9039], [2.1038, 48.9039], [2.1042, 48.9039], [2.1044, 48.9039], [2.1046, 48.9039], [2.1049, 48.9039], [2.1052, 48.9039], [2.1059, 48.9039]], [[2.1059, 48.9039], [2.1061, 48.9039], [2.1062, 48.9039], [2.1064, 48.9039], [2.1068, 48.9039], [2.1071, 48.9038], [2.1074, 48.9038], [2.1076, 48.9038], [2.1079, 48.9038], [2.1082, 48.9037], [2.1085, 48.9037], [2.1091, 48.9035], [2.1096, 48.9035], [2.1108, 48.9032], [2.1115, 48.9031], [2.1125, 48.9029], [2.1131, 48.9028]], [[2.1131, 48.9028], [2.1136, 48.9027], [2.1139, 48.9027], [2.1144, 48.9026]], [[2.1144, 48.9026], [2.1148, 48.9025]], [[2.1148, 48.9025], [2.115, 48.9024], [2.1153, 48.9023], [2.1155, 48.9023], [2.116, 48.9021], [2.1164, 48.9019], [2.1169, 48.9017], [2.1173, 48.9016], [2.1176, 48.9015], [2.1179, 48.9013]], [[2.1179, 48.9013], [2.1182, 48.9012], [2.1184, 48.9011], [2.1185, 48.901], [2.1187, 48.9009], [2.1189, 48.9008], [2.1191, 48.9007], [2.1193, 48.9006], [2.1195, 48.9004], [2.1198, 48.9002], [2.1201, 48.9], [2.1202, 48.8999], [2.1203, 48.8998], [2.1205, 48.8997], [2.1209, 48.8993]], [[2.1209, 48.8993], [2.1215, 48.8989], [2.1216, 48.8988], [2.1218, 48.8986], [2.122, 48.8984], [2.1221, 48.8983], [2.1222, 48.8981], [2.1224, 48.8979], [2.1225, 48.8977], [2.1226, 48.8975], [2.1227, 48.8974], [2.1228, 48.897], [2.1229, 48.8967], [2.1231, 48.8965]], [[2.1231, 48.8965], [2.1233, 48.8961], [2.1233, 48.896], [2.1234, 48.8959], [2.1235, 48.8958], [2.1235, 48.8957], [2.1236, 48.8956], [2.1237, 48.8955], [2.1238, 48.8954], [2.1238, 48.8953], [2.1239, 48.8952], [2.124, 48.8951], [2.1241, 48.895], [2.1242, 48.8949], [2.1244, 48.8948], [2.1245, 48.8946], [2.1246, 48.8945], [2.1248, 48.8944], [2.1249, 48.8943], [2.125, 48.8942], [2.1251, 48.8941], [2.1253, 48.8939], [2.1254, 48.8939], [2.1255, 48.8938], [2.1256, 48.8937], [2.1258, 48.8936], [2.126, 48.8934], [2.1261, 48.8933], [2.1263, 48.8932], [2.1264, 48.8931], [2.1265, 48.8931], [2.1266, 48.893], [2.1267, 48.893], [2.1267, 48.8929], [2.1269, 48.8929], [2.127, 48.8928], [2.1272, 48.8927], [2.1274, 48.8926], [2.1275, 48.8925], [2.1277, 48.8924], [2.1278, 48.8924], [2.128, 48.8923], [2.1281, 48.8922], [2.1282, 48.8922], [2.1283, 48.8922], [2.1284, 48.8921], [2.1285, 48.8921], [2.1287, 48.892], [2.1288, 48.892], [2.1289, 48.8919], [2.129, 48.8919], [2.1291, 48.8918], [2.1292, 48.8918], [2.1293, 48.8918], [2.1294, 48.8917], [2.1296, 48.8917], [2.1297, 48.8916], [2.1298, 48.8916], [2.1299, 48.8916], [2.13, 48.8915], [2.1303, 48.8914], [2.1304, 48.8914], [2.1309, 48.8912], [2.1317, 48.891], [2.1321, 48.8909], [2.1325, 48.8908], [2.1328, 48.8907], [2.1332, 48.8905], [2.1336, 48.8904], [2.1339, 48.8903], [2.1345, 48.8901], [2.1353, 48.8899], [2.1357, 48.8898], [2.1362, 48.8896], [2.1367, 48.8895], [2.1373, 48.8893], [2.1375, 48.8892], [2.1379, 48.8891], [2.1386, 48.8889], [2.1393, 48.8886], [2.1398, 48.8885], [2.1399, 48.8885], [2.14, 48.8884], [2.1405, 48.8883], [2.1409, 48.8881], [2.1414, 48.888], [2.142, 48.8878], [2.1426, 48.8876], [2.1431, 48.8874], [2.1437, 48.8873], [2.1442, 48.8871], [2.1448, 48.8869], [2.1454, 48.8868], [2.1458, 48.8867], [2.1464, 48.8865]], [[2.1464, 48.8865], [2.1468, 48.8864], [2.1472, 48.8863], [2.1475, 48.8862], [2.1478, 48.8861], [2.1482, 48.8861], [2.1485, 48.886], [2.1491, 48.8859], [2.1494, 48.8858], [2.1497, 48.8858], [2.1499, 48.8857], [2.1502, 48.8857], [2.1507, 48.8856], [2.1511, 48.8856], [2.1514, 48.8855], [2.1517, 48.8855], [2.1522, 48.8854], [2.1527, 48.8854]], [[2.1527, 48.8854], [2.1532, 48.8854], [2.1538, 48.8853], [2.1542, 48.8853], [2.1545, 48.8853]], [[2.1545, 48.8853], [2.1553, 48.8853], [2.1557, 48.8852], [2.1563, 48.8852], [2.1568, 48.8852], [2.1571, 48.8852], [2.1574, 48.8852], [2.1576, 48.8852]], [[2.1576, 48.8852], [2.1589, 48.8852], [2.1594, 48.8853], [2.16, 48.8853]], [[2.16, 48.8853], [2.1604, 48.8853], [2.1608, 48.8854], [2.1615, 48.8854], [2.1627, 48.8856]], [[2.1627, 48.8856], [2.1641, 48.8858]], [[2.1641, 48.8858], [2.165, 48.8859], [2.1657, 48.886], [2.1659, 48.886], [2.1661, 48.886], [2.1667, 48.8862], [2.1671, 48.8862], [2.1678, 48.8864], [2.1682, 48.8865], [2.1685, 48.8865], [2.1688, 48.8866], [2.1691, 48.8867], [2.1693, 48.8867], [2.1698, 48.8869]], [[2.1698, 48.8869], [2.1704, 48.8871]], [[2.1704, 48.8871], [2.1709, 48.8873], [2.1718, 48.8876], [2.1727, 48.8879]], [[2.1727, 48.8879], [2.1731, 48.888]], [[2.1731, 48.888], [2.1734, 48.8881], [2.1739, 48.8883]], [[2.1739, 48.8883], [2.1744, 48.8884], [2.1752, 48.8887], [2.1755, 48.8887], [2.176, 48.8889]], [[2.176, 48.8889], [2.1763, 48.889]], [[2.1763, 48.889], [2.1768, 48.8891], [2.177, 48.8892], [2.1772, 48.8892], [2.1774, 48.8893], [2.1775, 48.8893], [2.1789, 48.8898], [2.1794, 48.89], [2.1801, 48.8902], [2.1803, 48.8902]], [[2.1803, 48.8902], [2.1805, 48.8903]], [[2.1805, 48.8903], [2.1808, 48.8904], [2.1813, 48.8906], [2.182, 48.8908], [2.1826, 48.891], [2.1829, 48.8911], [2.1832, 48.8912], [2.1836, 48.8913], [2.1842, 48.8915], [2.1844, 48.8915], [2.1848, 48.8917]], [[2.1848, 48.8917], [2.1851, 48.8918], [2.1857, 48.892], [2.1861, 48.8921], [2.1868, 48.8923]], [[2.1872, 48.8924], [2.1879, 48.8927], [2.1883, 48.8928], [2.1888, 48.893], [2.1894, 48.8932], [2.191, 48.8937], [2.1919, 48.894], [2.1924, 48.8942], [2.1925, 48.8942], [2.1933, 48.8945]], [[2.1933, 48.8945], [2.1937, 48.8946]], [[2.1937, 48.8946], [2.1944, 48.8948], [2.1954, 48.8951], [2.1962, 48.8954], [2.1964, 48.8955], [2.1967, 48.8956], [2.1975, 48.8958]], [[2.1978, 48.8959], [2.2009, 48.8969], [2.2017, 48.8972], [2.2021, 48.8973], [2.2025, 48.8975], [2.2031, 48.8977], [2.2036, 48.8978], [2.2042, 48.898], [2.2043, 48.8981], [2.2048, 48.8982], [2.2052, 48.8983], [2.2056, 48.8985], [2.2064, 48.8987], [2.2066, 48.8988], [2.2069, 48.8989], [2.2073, 48.899], [2.2079, 48.8992], [2.2086, 48.8995], [2.2092, 48.8996], [2.2096, 48.8998], [2.2097, 48.8998]], [[2.2097, 48.8998], [2.2104, 48.9], [2.2107, 48.9001], [2.211, 48.9002], [2.2115, 48.9004], [2.2119, 48.9005], [2.2121, 48.9006]], [[2.2121, 48.9006], [2.2122, 48.9006], [2.2125, 48.9007], [2.2128, 48.9008]], [[2.2128, 48.9008], [2.2131, 48.9009], [2.2133, 48.901], [2.2136, 48.9011], [2.2139, 48.9012]], [[2.2139, 48.9012], [2.2144, 48.9013], [2.2146, 48.9014], [2.2149, 48.9015]], [[2.2149, 48.9015], [2.2151, 48.9015], [2.2156, 48.9017], [2.2159, 48.9018], [2.2161, 48.9019], [2.2163, 48.9019], [2.2164, 48.902], [2.2165, 48.902], [2.2166, 48.902], [2.2168, 48.902], [2.2169, 48.9021], [2.217, 48.9021], [2.2171, 48.9021], [2.2172, 48.9021], [2.2173, 48.9021], [2.2174, 48.9021], [2.2175, 48.9021], [2.2176, 48.9021], [2.2177, 48.9021], [2.2178, 48.9021], [2.2179, 48.9021], [2.218, 48.902], [2.2181, 48.902], [2.2182, 48.902], [2.2183, 48.902], [2.2184, 48.9019], [2.2185, 48.9019]], [[2.2185, 48.9019], [2.2187, 48.9018], [2.219, 48.9016], [2.2192, 48.9013]], [[2.2192, 48.9013], [2.2193, 48.9012], [2.2193, 48.9011], [2.2194, 48.9009], [2.2196, 48.9006], [2.2197, 48.9003], [2.2198, 48.9], [2.2199, 48.8999], [2.22, 48.8997]], [[2.22, 48.8997], [2.2203, 48.8991], [2.2204, 48.8989], [2.2205, 48.8987], [2.2206, 48.8985]], [[2.2206, 48.8985], [2.2207, 48.8984], [2.2209, 48.8981], [2.2211, 48.8978], [2.2214, 48.8975]], [[2.2214, 48.8975], [2.2218, 48.8972], [2.2234, 48.8958], [2.2235, 48.8957]], [[2.2235, 48.8957], [2.2238, 48.8955], [2.2245, 48.8949], [2.2249, 48.8945]], [[2.5048, 48.7526], [2.5049, 48.7528], [2.5051, 48.7532], [2.5052, 48.7533], [2.5053, 48.7535], [2.5054, 48.7537], [2.5054, 48.7538], [2.5057, 48.7542], [2.5058, 48.7544]], [[2.5058, 48.7544], [2.5059, 48.7547]], [[2.5059, 48.7547], [2.506, 48.7548], [2.506, 48.7549], [2.5062, 48.7552], [2.5063, 48.7555]], [[2.5063, 48.7555], [2.5064, 48.7556], [2.5066, 48.7559]], [[2.5066, 48.7559], [2.5066, 48.756]], [[2.5066, 48.756], [2.5067, 48.7562]], [[2.5067, 48.7562], [2.5068, 48.7563], [2.5069, 48.7565], [2.507, 48.7566], [2.507, 48.7568], [2.5071, 48.757], [2.5072, 48.7571], [2.5073, 48.7573], [2.5074, 48.7575], [2.5074, 48.7577], [2.5075, 48.7578], [2.5076, 48.758], [2.5076, 48.7582], [2.5076, 48.7584], [2.5077, 48.7585], [2.5077, 48.7587], [2.5077, 48.7588], [2.5077, 48.759], [2.5078, 48.7592], [2.5078, 48.7594], [2.5078, 48.7596], [2.5078, 48.7598], [2.5078, 48.7599], [2.5078, 48.76], [2.5078, 48.7601], [2.5078, 48.7602], [2.5077, 48.7603], [2.5077, 48.7605], [2.5077, 48.7606], [2.5077, 48.7608], [2.5076, 48.7609], [2.5076, 48.7611], [2.5075, 48.7612], [2.5075, 48.7613], [2.5074, 48.7615], [2.5073, 48.7617], [2.5072, 48.7618], [2.5071, 48.762], [2.5071, 48.7621], [2.507, 48.7622], [2.5068, 48.7625], [2.5065, 48.763], [2.5063, 48.7633], [2.506, 48.7636], [2.5059, 48.7639], [2.5058, 48.764], [2.5057, 48.7641], [2.5057, 48.7642], [2.5056, 48.7643], [2.5055, 48.7645], [2.5055, 48.7646], [2.5055, 48.7647], [2.5054, 48.7648], [2.5054, 48.765], [2.5054, 48.7651], [2.5054, 48.7652], [2.5054, 48.7653], [2.5054, 48.7654], [2.5054, 48.7655], [2.5054, 48.7657], [2.5054, 48.7658], [2.5054, 48.766], [2.5055, 48.7661]], [[2.5055, 48.7661], [2.5055, 48.7662], [2.5055, 48.7663], [2.5056, 48.7664], [2.5056, 48.7665], [2.5056, 48.7666], [2.5057, 48.7667]], [[2.5057, 48.7667], [2.506, 48.7671], [2.5062, 48.7674], [2.5063, 48.7675], [2.5067, 48.768], [2.5069, 48.7683], [2.507, 48.7686], [2.5071, 48.7688], [2.5072, 48.7689], [2.5073, 48.769], [2.5073, 48.7692], [2.5074, 48.7695], [2.5075, 48.7698], [2.5075, 48.7701], [2.5076, 48.7703], [2.5076, 48.7704], [2.5076, 48.7707], [2.5076, 48.7709], [2.5075, 48.7715], [2.5075, 48.7721], [2.5074, 48.7728], [2.5074, 48.7731], [2.5074, 48.7732], [2.5074, 48.7734], [2.5074, 48.7737], [2.5074, 48.7745], [2.5074, 48.7751], [2.5074, 48.7754], [2.5074, 48.7757], [2.5074, 48.7761], [2.5074, 48.7767], [2.5073, 48.7773], [2.5073, 48.7778], [2.5073, 48.7783], [2.5072, 48.7789], [2.5072, 48.7795], [2.5071, 48.78], [2.5071, 48.7805], [2.5071, 48.7808], [2.5071, 48.7811]], [[2.5071, 48.7811], [2.5071, 48.7815], [2.507, 48.782], [2.507, 48.7826], [2.507, 48.7828], [2.507, 48.7831], [2.507, 48.7835]], [[2.507, 48.7835], [2.5071, 48.7848]], [[2.5071, 48.7848], [2.5071, 48.7849], [2.5072, 48.7851], [2.5072, 48.7853], [2.5072, 48.7854], [2.5072, 48.7855], [2.5073, 48.7856], [2.5073, 48.7857], [2.5073, 48.7858], [2.5074, 48.786], [2.5075, 48.7861], [2.5075, 48.7863], [2.5076, 48.7864]], [[2.5076, 48.7864], [2.5077, 48.7865]], [[2.5077, 48.7865], [2.5078, 48.7867], [2.508, 48.787], [2.5083, 48.7874], [2.5085, 48.7878]], [[2.5085, 48.7878], [2.5089, 48.7884], [2.5091, 48.7887], [2.5092, 48.789]], [[2.5092, 48.789], [2.5093, 48.789]], [[2.5093, 48.789], [2.5096, 48.7894], [2.5098, 48.7899]], [[2.5098, 48.7899], [2.5099, 48.79]], [[2.5099, 48.79], [2.5102, 48.7905], [2.5104, 48.7909], [2.5107, 48.7913]], [[2.5107, 48.7913], [2.5107, 48.7914]], [[2.5107, 48.7914], [2.5109, 48.7916], [2.511, 48.7918], [2.5112, 48.7922], [2.5114, 48.7926], [2.5116, 48.7929]], [[2.5116, 48.7929], [2.5119, 48.7934], [2.5121, 48.7939], [2.5123, 48.7942]], [[2.5123, 48.7942], [2.5124, 48.7943]], [[2.5124, 48.7943], [2.5125, 48.7945], [2.5126, 48.7946], [2.5128, 48.7949], [2.5132, 48.7955], [2.5134, 48.7958], [2.5137, 48.7962], [2.5138, 48.7963], [2.5139, 48.7965]], [[2.5139, 48.7965], [2.514, 48.7966], [2.5141, 48.7967], [2.5143, 48.797], [2.5145, 48.7973], [2.5146, 48.7974], [2.5147, 48.7976], [2.5147, 48.7978], [2.5148, 48.7979], [2.5149, 48.798], [2.5149, 48.7981], [2.5151, 48.7985], [2.5151, 48.7986], [2.5152, 48.7988], [2.5153, 48.799], [2.5154, 48.7993], [2.5154, 48.7995], [2.5156, 48.7999], [2.5157, 48.8002], [2.5158, 48.8005], [2.5158, 48.8007], [2.5159, 48.801], [2.5159, 48.8011], [2.5159, 48.8013], [2.5159, 48.8015], [2.5159, 48.8017], [2.5159, 48.8019], [2.5159, 48.8021], [2.5158, 48.8023], [2.5157, 48.8025], [2.5156, 48.8027], [2.5155, 48.8029], [2.5154, 48.8031], [2.5153, 48.8033], [2.5152, 48.8034], [2.5151, 48.8036], [2.515, 48.8038], [2.5149, 48.8039], [2.5146, 48.8042], [2.5145, 48.8044], [2.5143, 48.8046], [2.5141, 48.8047], [2.514, 48.8048], [2.5139, 48.8049], [2.5136, 48.8051]], [[2.5136, 48.8051], [2.5134, 48.8053], [2.5132, 48.8054], [2.5131, 48.8055], [2.5129, 48.8056], [2.5128, 48.8057], [2.5126, 48.8058], [2.5124, 48.8059], [2.5123, 48.806], [2.512, 48.8061], [2.5118, 48.8062], [2.5116, 48.8063], [2.5113, 48.8064], [2.5111, 48.8065], [2.5109, 48.8066], [2.5108, 48.8067], [2.5105, 48.8068], [2.5103, 48.8068], [2.51, 48.8069], [2.5096, 48.8071], [2.5091, 48.8072]], [[2.5091, 48.8072], [2.5089, 48.8073]], [[2.5089, 48.8073], [2.5087, 48.8073], [2.5083, 48.8074], [2.5081, 48.8075], [2.5078, 48.8076]], [[2.5078, 48.8076], [2.5074, 48.8076], [2.5069, 48.8077], [2.5065, 48.8077], [2.5061, 48.8078], [2.5057, 48.8078], [2.5053, 48.8078], [2.5049, 48.8078], [2.5045, 48.8078], [2.5042, 48.8078], [2.5038, 48.8077], [2.5035, 48.8077], [2.5031, 48.8077], [2.5028, 48.8076], [2.5026, 48.8076], [2.5016, 48.8074], [2.5005, 48.8073], [2.4994, 48.8071], [2.4983, 48.807], [2.4972, 48.8068], [2.4966, 48.8067], [2.496, 48.8066], [2.4949, 48.8065], [2.4938, 48.8063], [2.493, 48.8062], [2.4919, 48.8061], [2.4908, 48.8059], [2.49, 48.8058], [2.4887, 48.8057]], [[2.4887, 48.8057], [2.4882, 48.8056], [2.4869, 48.8054], [2.4857, 48.8053]], [[2.4857, 48.8053], [2.4849, 48.8052], [2.4848, 48.8052]], [[2.4848, 48.8052], [2.4843, 48.8051]], [[2.4843, 48.8051], [2.4841, 48.8051], [2.4836, 48.805], [2.4832, 48.805], [2.4828, 48.8049], [2.4824, 48.8049], [2.4821, 48.8049], [2.4817, 48.8049]], [[2.4817, 48.8049], [2.4813, 48.8049], [2.4812, 48.8049], [2.4809, 48.8049], [2.4805, 48.8049], [2.48, 48.8049], [2.4797, 48.8049], [2.4789, 48.805], [2.4784, 48.8051], [2.4781, 48.8051]], [[2.4781, 48.8051], [2.4777, 48.8052]], [[2.4777, 48.8052], [2.477, 48.8053], [2.4761, 48.8054], [2.4757, 48.8055], [2.4753, 48.8055], [2.4749, 48.8056], [2.4745, 48.8057], [2.4742, 48.8058], [2.4738, 48.8059], [2.4735, 48.806], [2.4732, 48.806]], [[2.4732, 48.806], [2.473, 48.8061]], [[2.473, 48.8061], [2.4726, 48.8062], [2.4722, 48.8064], [2.4719, 48.8065], [2.4715, 48.8067]], [[2.4715, 48.8067], [2.4712, 48.8068], [2.4709, 48.807]], [[2.4709, 48.807], [2.4706, 48.8071], [2.4705, 48.8072], [2.4703, 48.8073], [2.47, 48.8074], [2.4698, 48.8076], [2.4695, 48.8078], [2.4692, 48.808], [2.4689, 48.8082], [2.4687, 48.8084], [2.4685, 48.8086], [2.4683, 48.8088], [2.468, 48.809], [2.4679, 48.8092], [2.4677, 48.8094], [2.4675, 48.8096], [2.4673, 48.8099]], [[2.4673, 48.8099], [2.4672, 48.8101], [2.4671, 48.8104], [2.4668, 48.8108], [2.4665, 48.8112], [2.4662, 48.8119], [2.4654, 48.8132]], [[2.4654, 48.8132], [2.4652, 48.8135]], [[2.4652, 48.8135], [2.4649, 48.8141]], [[2.4649, 48.8141], [2.4647, 48.8144], [2.4646, 48.8146], [2.4645, 48.8149], [2.4644, 48.8151], [2.4643, 48.8152], [2.4642, 48.8153]], [[2.4642, 48.8153], [2.4641, 48.8156]], [[2.4641, 48.8156], [2.464, 48.8159], [2.4639, 48.8162], [2.4638, 48.8166], [2.4638, 48.8169], [2.4637, 48.8173], [2.4636, 48.8178], [2.4636, 48.8182], [2.4635, 48.8185], [2.4635, 48.8188], [2.4635, 48.8192]], [[2.4635, 48.8192], [2.4635, 48.8196], [2.4635, 48.8198]], [[2.4635, 48.8198], [2.4635, 48.8203], [2.4636, 48.8206], [2.4636, 48.8209], [2.4637, 48.8212], [2.4638, 48.8215], [2.4639, 48.8218], [2.4641, 48.822], [2.4642, 48.8222]], [[2.4642, 48.8222], [2.4643, 48.8225]], [[2.4643, 48.8225], [2.4645, 48.8227], [2.4646, 48.823], [2.4648, 48.8233], [2.465, 48.8236], [2.4651, 48.8238]], [[2.4651, 48.8238], [2.4652, 48.8243], [2.4654, 48.8246]], [[2.4654, 48.8246], [2.4656, 48.825], [2.4657, 48.8254], [2.4659, 48.8259]], [[2.4659, 48.8259], [2.4663, 48.8269]], [[2.4663, 48.8269], [2.4664, 48.8272], [2.4665, 48.8274], [2.4666, 48.8276], [2.4667, 48.8278], [2.4669, 48.828], [2.467, 48.8282], [2.4671, 48.8285], [2.4673, 48.8286], [2.4674, 48.8288], [2.4676, 48.829], [2.4678, 48.8292], [2.4681, 48.8294], [2.4683, 48.8296], [2.4689, 48.8301], [2.4694, 48.8306], [2.4697, 48.8308], [2.4699, 48.8311], [2.4701, 48.8313], [2.4703, 48.8315], [2.4705, 48.8317], [2.4706, 48.8319], [2.4709, 48.8323], [2.4711, 48.8327]], [[2.4711, 48.8327], [2.4715, 48.8335], [2.4716, 48.8339], [2.4717, 48.8343], [2.4718, 48.8347], [2.4718, 48.8352], [2.4717, 48.8356], [2.4716, 48.8361]], [[2.4716, 48.8361], [2.4715, 48.8365], [2.4715, 48.8368], [2.4714, 48.8371], [2.4712, 48.8373], [2.4711, 48.8376], [2.4709, 48.8379], [2.4708, 48.8382], [2.4705, 48.8385], [2.4704, 48.8387], [2.4701, 48.8389], [2.4699, 48.8393], [2.4694, 48.8398], [2.4688, 48.8404], [2.4684, 48.8409], [2.4682, 48.8411], [2.468, 48.8412], [2.4678, 48.8414], [2.4676, 48.8416], [2.4673, 48.8418], [2.4672, 48.8419], [2.467, 48.842], [2.4669, 48.8421], [2.4668, 48.8422], [2.4666, 48.8423], [2.4665, 48.8423], [2.4663, 48.8424], [2.4662, 48.8425], [2.466, 48.8426], [2.4658, 48.8428], [2.4656, 48.8429], [2.4654, 48.843], [2.4652, 48.8431], [2.4648, 48.8432]], [[2.4648, 48.8432], [2.4646, 48.8433], [2.4644, 48.8434], [2.4642, 48.8435], [2.464, 48.8436], [2.4637, 48.8437], [2.4634, 48.8438], [2.4632, 48.8439], [2.463, 48.8439], [2.4628, 48.844]], [[2.4628, 48.844], [2.4623, 48.8441], [2.4619, 48.8442], [2.4618, 48.8443], [2.4616, 48.8443], [2.4613, 48.8444], [2.4609, 48.8445], [2.4598, 48.8447]], [[2.4598, 48.8447], [2.4579, 48.845], [2.4565, 48.8453], [2.4556, 48.8454], [2.4545, 48.8456], [2.4532, 48.8459]], [[2.4532, 48.846], [2.4543, 48.8458], [2.4547, 48.8458], [2.455, 48.8457], [2.4554, 48.8456], [2.456, 48.8455], [2.4569, 48.8454], [2.4579, 48.8452], [2.459, 48.845], [2.46, 48.8448], [2.4603, 48.8447], [2.4606, 48.8446], [2.4609, 48.8446], [2.4613, 48.8445], [2.4615, 48.8444], [2.4618, 48.8443], [2.462, 48.8443], [2.4623, 48.8442], [2.4628, 48.844]], [[2.4628, 48.844], [2.463, 48.844], [2.4632, 48.8439], [2.4635, 48.8438], [2.4637, 48.8437], [2.464, 48.8436], [2.4643, 48.8435], [2.4645, 48.8434], [2.4646, 48.8434], [2.4649, 48.8433]], [[2.4649, 48.8433], [2.4651, 48.8432], [2.4653, 48.8431], [2.4655, 48.843], [2.4657, 48.8428], [2.466, 48.8427], [2.4662, 48.8426], [2.4664, 48.8425], [2.4666, 48.8424], [2.4667, 48.8423], [2.4668, 48.8422], [2.4669, 48.8421], [2.4671, 48.842], [2.4672, 48.8419], [2.4674, 48.8418], [2.4676, 48.8416], [2.4678, 48.8415], [2.468, 48.8413], [2.4682, 48.8411], [2.4684, 48.8409], [2.4688, 48.8404], [2.4694, 48.8398], [2.4699, 48.8393], [2.4702, 48.839], [2.4704, 48.8387], [2.4706, 48.8385], [2.4708, 48.8382], [2.471, 48.8379], [2.4711, 48.8376], [2.4713, 48.8374], [2.4714, 48.8371], [2.4715, 48.8368], [2.4716, 48.8365], [2.4717, 48.8361]], [[2.4717, 48.8361], [2.4718, 48.8356], [2.4718, 48.8352], [2.4718, 48.8347], [2.4718, 48.8343], [2.4717, 48.8339], [2.4716, 48.8335], [2.4712, 48.8327]], [[2.4712, 48.8327], [2.4711, 48.8325], [2.471, 48.8323], [2.4707, 48.8319], [2.4706, 48.8318], [2.4705, 48.8316], [2.4703, 48.8314], [2.4701, 48.8313], [2.47, 48.8311], [2.4698, 48.8309], [2.4697, 48.8308], [2.4695, 48.8306], [2.469, 48.8302], [2.4684, 48.8296], [2.4681, 48.8294], [2.4679, 48.8292], [2.4677, 48.829], [2.4675, 48.8288], [2.4674, 48.8286], [2.4672, 48.8284], [2.4671, 48.8283], [2.4669, 48.8281], [2.4668, 48.8278], [2.4667, 48.8276], [2.4666, 48.8274], [2.4665, 48.8272], [2.4663, 48.827]], [[2.4663, 48.827], [2.466, 48.8259]], [[2.466, 48.8259], [2.4658, 48.8254], [2.4656, 48.825], [2.4654, 48.8245]], [[2.4654, 48.8245], [2.4651, 48.8238]], [[2.4651, 48.8238], [2.465, 48.8234], [2.4649, 48.8232], [2.4648, 48.823], [2.4645, 48.8224]], [[2.4645, 48.8224], [2.4644, 48.8222]], [[2.4644, 48.8222], [2.4644, 48.8221], [2.4643, 48.8218], [2.4642, 48.8216], [2.4641, 48.8213], [2.464, 48.8211], [2.464, 48.8209], [2.4639, 48.8206], [2.4639, 48.8204], [2.4638, 48.8201], [2.4638, 48.8198]], [[2.4638, 48.8198], [2.4637, 48.8192]], [[2.4637, 48.8192], [2.4637, 48.8189], [2.4637, 48.8183], [2.4637, 48.8182], [2.4638, 48.8179], [2.4638, 48.8177], [2.4638, 48.8173], [2.4639, 48.8169], [2.464, 48.8164], [2.4641, 48.8162], [2.4641, 48.816], [2.4642, 48.8158], [2.4642, 48.8157]], [[2.4642, 48.8157], [2.4643, 48.8154]], [[2.4643, 48.8154], [2.4644, 48.8152], [2.4645, 48.815], [2.4646, 48.8148], [2.4646, 48.8147], [2.4647, 48.8146], [2.4648, 48.8144], [2.4649, 48.8141]], [[2.4649, 48.8141], [2.4653, 48.8135]], [[2.4653, 48.8135], [2.4654, 48.8132]], [[2.4654, 48.8132], [2.466, 48.8123], [2.4661, 48.812], [2.4663, 48.8118], [2.4666, 48.8112], [2.4669, 48.8106], [2.467, 48.8105], [2.4672, 48.8103], [2.4673, 48.8101], [2.4674, 48.8099]], [[2.4674, 48.8099], [2.4676, 48.8096], [2.4677, 48.8094], [2.4679, 48.8093], [2.468, 48.8091], [2.4682, 48.8089], [2.4684, 48.8087], [2.4686, 48.8086], [2.4688, 48.8084], [2.4691, 48.8082], [2.4693, 48.808], [2.4695, 48.8078], [2.4698, 48.8076], [2.4701, 48.8075], [2.4704, 48.8073], [2.4706, 48.8071], [2.4709, 48.807]], [[2.4709, 48.807], [2.4715, 48.8067]], [[2.4715, 48.8067], [2.4718, 48.8066], [2.4721, 48.8065], [2.4723, 48.8064], [2.4727, 48.8062], [2.473, 48.8061]], [[2.473, 48.8061], [2.4732, 48.8061]], [[2.4732, 48.8061], [2.4735, 48.806], [2.4739, 48.8059], [2.4742, 48.8058], [2.4746, 48.8057], [2.475, 48.8056], [2.4755, 48.8055], [2.4762, 48.8054], [2.4777, 48.8052]], [[2.4781, 48.8051], [2.4785, 48.8051], [2.4789, 48.805], [2.4793, 48.805], [2.4796, 48.805], [2.48, 48.8049], [2.4804, 48.8049], [2.4808, 48.8049], [2.4812, 48.8049], [2.4815, 48.8049], [2.4818, 48.8049], [2.4819, 48.8049], [2.4823, 48.8049], [2.4826, 48.8049], [2.483, 48.805], [2.4834, 48.805], [2.4837, 48.805], [2.4842, 48.8051]], [[2.4842, 48.8051], [2.4848, 48.8052]], [[2.4848, 48.8052], [2.4852, 48.8052], [2.4855, 48.8053], [2.4856, 48.8053], [2.4863, 48.8054], [2.4875, 48.8055], [2.4886, 48.8057]], [[2.4886, 48.8057], [2.4893, 48.8058], [2.4904, 48.8059], [2.4912, 48.806], [2.4916, 48.8061], [2.4927, 48.8062], [2.4937, 48.8064], [2.4945, 48.8065], [2.4957, 48.8066], [2.4968, 48.8068], [2.4979, 48.8069], [2.499, 48.8071], [2.5002, 48.8073], [2.5013, 48.8074], [2.5023, 48.8076], [2.5031, 48.8077], [2.5035, 48.8077], [2.5038, 48.8078], [2.5042, 48.8078], [2.5045, 48.8078], [2.5049, 48.8078], [2.5053, 48.8078], [2.5056, 48.8078], [2.506, 48.8078], [2.5064, 48.8078], [2.5067, 48.8078], [2.5071, 48.8077], [2.5075, 48.8077], [2.5079, 48.8076], [2.5082, 48.8075], [2.5084, 48.8075], [2.5089, 48.8074]], [[2.5089, 48.8074], [2.5091, 48.8073]], [[2.5091, 48.8073], [2.5097, 48.8071], [2.5101, 48.8071], [2.5104, 48.807], [2.5106, 48.8069], [2.5108, 48.8068], [2.511, 48.8067], [2.5112, 48.8066], [2.5115, 48.8065], [2.5117, 48.8064], [2.512, 48.8062], [2.5124, 48.806], [2.5126, 48.8059], [2.5128, 48.8057], [2.513, 48.8056], [2.5131, 48.8055], [2.5133, 48.8054], [2.5134, 48.8053], [2.5137, 48.8051], [2.5139, 48.8049], [2.5141, 48.8048], [2.5143, 48.8046], [2.5145, 48.8044], [2.5147, 48.8042], [2.5149, 48.8039], [2.515, 48.8038], [2.5151, 48.8036], [2.5153, 48.8034], [2.5154, 48.8033], [2.5155, 48.8032], [2.5156, 48.803], [2.5157, 48.8027], [2.5158, 48.8025], [2.5159, 48.8023], [2.5159, 48.8021], [2.516, 48.8019], [2.516, 48.8017], [2.516, 48.8013], [2.5161, 48.801], [2.5161, 48.8008], [2.5161, 48.8006], [2.5161, 48.8003], [2.516, 48.8001], [2.516, 48.7998], [2.516, 48.7997], [2.5159, 48.7995], [2.5159, 48.7994], [2.5158, 48.7991], [2.5158, 48.7989], [2.5157, 48.7988], [2.5155, 48.7985], [2.5155, 48.7983], [2.5154, 48.7982], [2.5153, 48.7979], [2.5151, 48.7976], [2.5148, 48.7973], [2.5146, 48.797], [2.5144, 48.7967], [2.5142, 48.7964]], [[2.5142, 48.7964], [2.514, 48.7962], [2.5136, 48.7957], [2.5134, 48.7953]], [[2.5134, 48.7953], [2.513, 48.7948], [2.5129, 48.7947]], [[2.5129, 48.7947], [2.5126, 48.7943], [2.5126, 48.7942]], [[2.5126, 48.7942], [2.5125, 48.7941]], [[2.5125, 48.7941], [2.5122, 48.7938], [2.5121, 48.7936], [2.5118, 48.7932], [2.5117, 48.7929]], [[2.5117, 48.7929], [2.5116, 48.7928]], [[2.5116, 48.7928], [2.5115, 48.7926], [2.5113, 48.7922], [2.5111, 48.7918], [2.5108, 48.7914]], [[2.5108, 48.7914], [2.5107, 48.7913]], [[2.5107, 48.7913], [2.5105, 48.7908], [2.5103, 48.7905], [2.5099, 48.79]], [[2.5099, 48.79], [2.5099, 48.7899]], [[2.5099, 48.7899], [2.5096, 48.7894], [2.5093, 48.789]], [[2.5093, 48.789], [2.5093, 48.7889]], [[2.5093, 48.7889], [2.5091, 48.7886], [2.509, 48.7884], [2.5086, 48.7878]], [[2.5086, 48.7878], [2.5085, 48.7878]], [[2.5085, 48.7878], [2.5083, 48.7874], [2.5081, 48.787], [2.5079, 48.7867], [2.5077, 48.7864]], [[2.5077, 48.7864], [2.5076, 48.7863], [2.5075, 48.7861], [2.5074, 48.786], [2.5074, 48.7858], [2.5073, 48.7857], [2.5073, 48.7856], [2.5073, 48.7854], [2.5072, 48.7853], [2.5072, 48.7851], [2.5072, 48.785], [2.5072, 48.7848]], [[2.5072, 48.7848], [2.5071, 48.7835]], [[2.5071, 48.7835], [2.5071, 48.7831], [2.507, 48.7828], [2.507, 48.7826], [2.5071, 48.782], [2.5071, 48.7816], [2.5071, 48.7815], [2.5071, 48.7811], [2.5072, 48.7808], [2.5072, 48.7805], [2.5072, 48.78], [2.5072, 48.7795], [2.5073, 48.7789], [2.5073, 48.7783], [2.5073, 48.7778], [2.5074, 48.7773], [2.5074, 48.7767], [2.5074, 48.7762], [2.5074, 48.7757], [2.5074, 48.7751], [2.5074, 48.7745], [2.5074, 48.7737], [2.5074, 48.7734], [2.5075, 48.7731], [2.5075, 48.7728], [2.5075, 48.7721], [2.5075, 48.7716], [2.5076, 48.771], [2.5076, 48.7709], [2.5076, 48.7707], [2.5076, 48.7704], [2.5076, 48.7703], [2.5076, 48.7701], [2.5076, 48.7698], [2.5075, 48.7697], [2.5075, 48.7695], [2.5074, 48.7693], [2.5073, 48.7691], [2.5073, 48.769], [2.5072, 48.7688], [2.507, 48.7685], [2.507, 48.7684], [2.5068, 48.7682], [2.5067, 48.768], [2.5066, 48.7678], [2.5064, 48.7676], [2.5062, 48.7674], [2.5061, 48.7672], [2.506, 48.7671], [2.5058, 48.7667]], [[2.5058, 48.7667], [2.5057, 48.7667], [2.5057, 48.7666], [2.5056, 48.7665], [2.5056, 48.7663], [2.5055, 48.7662]], [[2.5055, 48.7662], [2.5055, 48.766], [2.5054, 48.7658], [2.5054, 48.7657], [2.5054, 48.7655], [2.5054, 48.7654], [2.5054, 48.7653], [2.5054, 48.7652], [2.5054, 48.7651], [2.5055, 48.765], [2.5055, 48.7648], [2.5055, 48.7647], [2.5056, 48.7646], [2.5056, 48.7645], [2.5057, 48.7643], [2.5057, 48.7642], [2.5058, 48.7641], [2.5058, 48.764], [2.5059, 48.7639], [2.5061, 48.7637], [2.5063, 48.7633], [2.5065, 48.763], [2.5068, 48.7625], [2.5071, 48.7622], [2.5072, 48.7621], [2.5073, 48.7619], [2.5074, 48.7617], [2.5075, 48.7615], [2.5075, 48.7613], [2.5076, 48.7612], [2.5076, 48.7611], [2.5077, 48.7609], [2.5077, 48.7608], [2.5077, 48.7606], [2.5078, 48.7605], [2.5078, 48.7603], [2.5078, 48.7602], [2.5078, 48.7601], [2.5078, 48.76], [2.5078, 48.7599], [2.5078, 48.7598], [2.5078, 48.7596], [2.5078, 48.7594], [2.5078, 48.7592], [2.5078, 48.759], [2.5078, 48.7588], [2.5077, 48.7586], [2.5077, 48.7585], [2.5077, 48.7584], [2.5077, 48.7582], [2.5076, 48.758], [2.5075, 48.7578], [2.5075, 48.7577], [2.5074, 48.7575], [2.5073, 48.7573], [2.5073, 48.7571], [2.5072, 48.757], [2.5071, 48.7568], [2.507, 48.7566], [2.5069, 48.7565], [2.5068, 48.7563], [2.5068, 48.7562], [2.5067, 48.7562]], [[2.5067, 48.7562], [2.5067, 48.756]], [[2.5067, 48.756], [2.5066, 48.7559]], [[2.5066, 48.7559], [2.5064, 48.7555]], [[2.5064, 48.7555], [2.5063, 48.7552], [2.5062, 48.7551], [2.5061, 48.7549], [2.5059, 48.7547]], [[2.5058, 48.7544], [2.5057, 48.7542], [2.5056, 48.754], [2.5055, 48.7538], [2.5053, 48.7535], [2.5052, 48.7533], [2.5051, 48.7532], [2.505, 48.7528], [2.5048, 48.7526]], [[2.2248, 48.8945], [2.2243, 48.8948], [2.2238, 48.8951], [2.2234, 48.8954], [2.2232, 48.8956]], [[2.2232, 48.8956], [2.2213, 48.8972], [2.2212, 48.8974]], [[2.2212, 48.8974], [2.2207, 48.8977], [2.2202, 48.8979], [2.2196, 48.8982], [2.2194, 48.8982], [2.2192, 48.8983], [2.2188, 48.8984]], [[2.2188, 48.8984], [2.2184, 48.8985], [2.2164, 48.8991]], [[2.2164, 48.8991], [2.2157, 48.8993], [2.2146, 48.8995]], [[2.2146, 48.8995], [2.2138, 48.8997]], [[2.2138, 48.8997], [2.2119, 48.9002]], [[2.2118, 48.9002], [2.2113, 48.9003], [2.2107, 48.9004]], [[2.2107, 48.9004], [2.2101, 48.9005], [2.2097, 48.9006]], [[2.2097, 48.9006], [2.2092, 48.9007], [2.2087, 48.9008], [2.2083, 48.9009], [2.2081, 48.901], [2.2079, 48.901], [2.2077, 48.901], [2.2075, 48.9011], [2.2073, 48.9012], [2.207, 48.9013], [2.2067, 48.9014], [2.2062, 48.9016], [2.2058, 48.9017], [2.2053, 48.9019]], [[2.2053, 48.9019], [2.2048, 48.902], [2.2038, 48.9024], [2.2029, 48.9027], [2.202, 48.9029], [2.2015, 48.9031], [2.201, 48.9033], [2.2004, 48.9035], [2.2001, 48.9036], [2.1999, 48.9037], [2.1997, 48.9037], [2.1995, 48.9038], [2.1993, 48.9039], [2.1991, 48.904], [2.1989, 48.9042], [2.1987, 48.9043], [2.1985, 48.9044], [2.1984, 48.9045], [2.1982, 48.9046], [2.1981, 48.9047], [2.1979, 48.9048], [2.1977, 48.905], [2.1976, 48.9051], [2.1974, 48.9053], [2.1973, 48.9054], [2.1972, 48.9056], [2.197, 48.9058], [2.1969, 48.9059], [2.1968, 48.9061], [2.1967, 48.9063], [2.1966, 48.9064], [2.1965, 48.9066], [2.1964, 48.9069], [2.1963, 48.9071], [2.1962, 48.9073], [2.1962, 48.9074], [2.1961, 48.9076], [2.196, 48.9077], [2.1959, 48.9079], [2.1959, 48.9081], [2.1958, 48.9083], [2.1958, 48.9085], [2.1957, 48.9087], [2.1957, 48.9088], [2.1957, 48.909], [2.1956, 48.9092], [2.1956, 48.9094], [2.1956, 48.9096], [2.1956, 48.9099], [2.1956, 48.91], [2.1956, 48.9102], [2.1956, 48.9104], [2.1956, 48.9105], [2.1956, 48.9106], [2.1956, 48.9108], [2.1957, 48.911], [2.1957, 48.9111], [2.1957, 48.9112], [2.1958, 48.9114]], [[2.1958, 48.9114], [2.1958, 48.9116], [2.1959, 48.9117], [2.1959, 48.9118], [2.1959, 48.9119], [2.1959, 48.9121], [2.196, 48.9122], [2.196, 48.9123], [2.196, 48.9124], [2.196, 48.9126], [2.196, 48.9127], [2.196, 48.9128], [2.196, 48.9129], [2.196, 48.9131], [2.1959, 48.9132], [2.1959, 48.9133], [2.1959, 48.9134], [2.1959, 48.9135], [2.1958, 48.9137], [2.1958, 48.9138], [2.1957, 48.9139], [2.1957, 48.914], [2.1956, 48.9141], [2.1956, 48.9142], [2.1955, 48.9143], [2.1955, 48.9144], [2.1954, 48.9146], [2.1953, 48.9147], [2.1952, 48.9148], [2.1951, 48.9149], [2.195, 48.9151], [2.1949, 48.9152], [2.1948, 48.9153], [2.1947, 48.9154], [2.1945, 48.9156], [2.1944, 48.9157], [2.1943, 48.9158]], [[2.1942, 48.9159], [2.1937, 48.9162], [2.1935, 48.9163], [2.1934, 48.9164], [2.1932, 48.9165], [2.193, 48.9166], [2.1926, 48.9168], [2.1921, 48.917], [2.1915, 48.9173], [2.1905, 48.9178], [2.1896, 48.9182], [2.1888, 48.9186], [2.188, 48.9189]], [[2.188, 48.9189], [2.1877, 48.9191]], [[2.1877, 48.9191], [2.1872, 48.9193], [2.1868, 48.9195]], [[2.1868, 48.9195], [2.1865, 48.9196], [2.1861, 48.9198], [2.1857, 48.9199], [2.1854, 48.9201], [2.185, 48.9203], [2.1846, 48.9205], [2.1844, 48.9206], [2.1842, 48.9207], [2.1839, 48.9209]], [[2.1839, 48.9209], [2.1832, 48.9213], [2.1828, 48.9215], [2.1823, 48.9218], [2.181, 48.9224], [2.1806, 48.9226], [2.1802, 48.9228], [2.1797, 48.9231], [2.1793, 48.9233], [2.1787, 48.9236], [2.1783, 48.9239], [2.1779, 48.9241], [2.1776, 48.9242], [2.1771, 48.9246], [2.1767, 48.9248], [2.1763, 48.9251], [2.1759, 48.9253], [2.1755, 48.9256], [2.1746, 48.9262], [2.1743, 48.9264], [2.1741, 48.9265], [2.1738, 48.9267], [2.1736, 48.9268], [2.1732, 48.9271], [2.173, 48.9273], [2.1728, 48.9274], [2.1726, 48.9276], [2.1722, 48.9278], [2.1717, 48.9282], [2.1711, 48.9285], [2.1697, 48.9295], [2.1689, 48.9299], [2.1683, 48.9304]], [[2.1683, 48.9304], [2.1682, 48.9305]], [[2.1682, 48.9305], [2.1681, 48.9305]], [[2.1681, 48.9305], [2.1676, 48.9308], [2.1674, 48.931], [2.167, 48.9313], [2.1665, 48.9316], [2.1661, 48.9319]], [[2.1661, 48.9319], [2.1659, 48.932], [2.1658, 48.9321], [2.1652, 48.9324], [2.1647, 48.9328], [2.1638, 48.9334], [2.1633, 48.9337], [2.1628, 48.934], [2.1622, 48.9344], [2.1616, 48.9348]], [[2.1616, 48.9348], [2.1614, 48.9349], [2.1602, 48.9357], [2.1598, 48.9359], [2.1592, 48.9363], [2.1589, 48.9365], [2.1586, 48.9367], [2.1584, 48.9368]], [[2.1584, 48.9368], [2.1579, 48.9371], [2.1575, 48.9373], [2.1566, 48.9379], [2.156, 48.9382], [2.1559, 48.9383], [2.1558, 48.9384], [2.1547, 48.9391], [2.1539, 48.9395]], [[2.1539, 48.9395], [2.1535, 48.9397], [2.1532, 48.94]], [[2.1532, 48.94], [2.1515, 48.9411]], [[2.1515, 48.9411], [2.1508, 48.9415], [2.1502, 48.9419], [2.1495, 48.9424]], [[2.1495, 48.9424], [2.1489, 48.9429]], [[2.1489, 48.9429], [2.1486, 48.9431], [2.1483, 48.9433], [2.1477, 48.9437], [2.1474, 48.9439], [2.1473, 48.944], [2.1467, 48.9444], [2.1461, 48.9448], [2.1445, 48.9458], [2.1439, 48.9462]], [[2.1439, 48.9462], [2.1435, 48.9465], [2.1427, 48.9469], [2.142, 48.9474]], [[2.142, 48.9474], [2.1412, 48.9479], [2.1404, 48.9485], [2.1398, 48.9489], [2.139, 48.9494], [2.1377, 48.9503]], [[2.1377, 48.9503], [2.1374, 48.9504], [2.1372, 48.9506], [2.1364, 48.9511], [2.1357, 48.9516], [2.1344, 48.9524], [2.1334, 48.953], [2.1326, 48.9535], [2.1319, 48.954]], [[2.1319, 48.954], [2.1315, 48.9543], [2.1311, 48.9545], [2.1307, 48.9547], [2.1303, 48.955], [2.1298, 48.9552], [2.1292, 48.9555], [2.1286, 48.9559], [2.128, 48.9561], [2.1277, 48.9562], [2.1275, 48.9563], [2.1273, 48.9564], [2.1271, 48.9565], [2.1262, 48.9569]], [[2.1262, 48.9569], [2.1261, 48.957]], [[2.1261, 48.957], [2.126, 48.957], [2.1255, 48.9573], [2.1252, 48.9575]], [[2.1252, 48.9575], [2.1246, 48.9578], [2.1244, 48.9579], [2.1243, 48.9579], [2.1241, 48.9581], [2.1238, 48.9582], [2.1236, 48.9583], [2.1233, 48.9583], [2.123, 48.9584], [2.1226, 48.9586], [2.1222, 48.9587], [2.1218, 48.9588], [2.1215, 48.9589], [2.1211, 48.959], [2.1206, 48.9591], [2.1203, 48.9592], [2.1198, 48.9593], [2.1193, 48.9594], [2.1186, 48.9595], [2.1181, 48.9596], [2.1175, 48.9597], [2.1167, 48.9599], [2.1164, 48.9599], [2.1162, 48.96], [2.1158, 48.96], [2.1153, 48.9601], [2.115, 48.9601], [2.1147, 48.9602], [2.1144, 48.9602], [2.1141, 48.9602], [2.1131, 48.9603], [2.1129, 48.9603], [2.1126, 48.9604], [2.1123, 48.9604], [2.1121, 48.9604], [2.1117, 48.9604], [2.1114, 48.9604], [2.1111, 48.9604], [2.1109, 48.9604], [2.1106, 48.9604], [2.1103, 48.9604], [2.1098, 48.9604], [2.1093, 48.9604], [2.1089, 48.9604], [2.1082, 48.9603], [2.1077, 48.9603], [2.107, 48.9602], [2.1065, 48.9602], [2.1062, 48.9602], [2.106, 48.9602], [2.1057, 48.9602], [2.1055, 48.9601], [2.1053, 48.9601], [2.105, 48.9601], [2.1046, 48.96], [2.1043, 48.9599], [2.1036, 48.9598], [2.1023, 48.9595], [2.1016, 48.9593], [2.1007, 48.9591], [2.1001, 48.9589], [2.0993, 48.9587], [2.0978, 48.9582], [2.0963, 48.9577], [2.0959, 48.9576], [2.0956, 48.9574], [2.0952, 48.9572], [2.0949, 48.9571], [2.0947, 48.957], [2.094, 48.9566]], [[2.094, 48.9566], [2.0936, 48.9564], [2.0932, 48.9563], [2.0928, 48.9561], [2.0925, 48.956], [2.0923, 48.956], [2.0922, 48.9559], [2.0912, 48.9556], [2.0906, 48.9555], [2.0905, 48.9555], [2.0903, 48.9554], [2.0901, 48.9554], [2.0899, 48.9554], [2.0897, 48.9554], [2.0896, 48.9553], [2.0895, 48.9553], [2.0893, 48.9553], [2.0891, 48.9553], [2.089, 48.9553], [2.0888, 48.9553], [2.0887, 48.9553], [2.0885, 48.9553], [2.0882, 48.9553], [2.088, 48.9553], [2.0878, 48.9553], [2.0876, 48.9553], [2.0873, 48.9554], [2.0872, 48.9554]], [[2.0872, 48.9554], [2.087, 48.9554], [2.0869, 48.9554], [2.0867, 48.9555], [2.0864, 48.9555], [2.0863, 48.9555]], [[2.0863, 48.9555], [2.0862, 48.9556], [2.0861, 48.9556], [2.0859, 48.9557], [2.0857, 48.9557], [2.0855, 48.9558], [2.0852, 48.9559], [2.085, 48.956], [2.0848, 48.9561], [2.0846, 48.9562], [2.0844, 48.9563], [2.0842, 48.9564], [2.084, 48.9565], [2.0836, 48.9568], [2.0833, 48.9569], [2.0831, 48.9571], [2.0828, 48.9573], [2.0826, 48.9575], [2.0825, 48.9576], [2.0825, 48.9577], [2.0824, 48.9578], [2.0822, 48.958], [2.082, 48.9582], [2.0818, 48.9585], [2.0818, 48.9586], [2.0815, 48.9589], [2.0815, 48.959]], [[2.0815, 48.959], [2.0814, 48.9591]], [[2.0814, 48.9591], [2.0812, 48.9594], [2.081, 48.9598], [2.0806, 48.9604], [2.0804, 48.9608], [2.0802, 48.9611], [2.0801, 48.9613], [2.0797, 48.9619], [2.0796, 48.9622], [2.0794, 48.9625], [2.0791, 48.9631], [2.0789, 48.9634], [2.0787, 48.9637], [2.0786, 48.9638], [2.0785, 48.964], [2.0784, 48.9644], [2.0783, 48.9647], [2.0782, 48.9648], [2.0781, 48.9651], [2.0781, 48.9653], [2.078, 48.9654], [2.078, 48.9656], [2.0779, 48.9658], [2.0779, 48.966]], [[2.0779, 48.966], [2.0778, 48.9663], [2.0778, 48.9665], [2.0777, 48.9668], [2.0777, 48.967], [2.0776, 48.9674], [2.0776, 48.9676], [2.0776, 48.968], [2.0776, 48.9682], [2.0776, 48.9683]], [[2.0776, 48.9683], [2.0776, 48.9684], [2.0776, 48.9689], [2.0777, 48.9692]], [[2.0777, 48.9692], [2.0777, 48.9693]], [[2.0777, 48.9693], [2.0777, 48.9696], [2.0777, 48.9702], [2.0777, 48.9707], [2.0777, 48.9711], [2.0777, 48.9715], [2.0778, 48.9717]], [[2.0778, 48.9717], [2.0778, 48.9729]], [[2.0778, 48.9729], [2.0778, 48.9731]], [[2.0778, 48.9731], [2.0778, 48.9737], [2.0779, 48.9749], [2.0779, 48.9761], [2.0779, 48.9766], [2.0779, 48.977], [2.078, 48.9774], [2.078, 48.9781], [2.078, 48.9785], [2.078, 48.9788], [2.078, 48.979], [2.078, 48.9792], [2.078, 48.9795], [2.078, 48.9798], [2.078, 48.9801], [2.078, 48.9802], [2.0779, 48.9804], [2.0779, 48.9805], [2.0779, 48.9808], [2.0778, 48.9811], [2.0778, 48.9813], [2.0778, 48.9815], [2.0777, 48.9818], [2.0776, 48.9822], [2.0775, 48.9826], [2.0774, 48.9828], [2.0774, 48.9829], [2.0773, 48.9831], [2.0772, 48.9834], [2.0771, 48.9836], [2.077, 48.9838], [2.0769, 48.984], [2.0769, 48.9842], [2.0766, 48.9848], [2.0764, 48.9852], [2.0761, 48.9858], [2.0759, 48.986], [2.0759, 48.9862]], [[2.0759, 48.9862], [2.0754, 48.9871], [2.0753, 48.9874], [2.075, 48.9879]], [[2.075, 48.9879], [2.0749, 48.9881]], [[2.0749, 48.9881], [2.0748, 48.9883], [2.0747, 48.9886], [2.0744, 48.9892], [2.0743, 48.9893]], [[2.0743, 48.9893], [2.0743, 48.9895], [2.0741, 48.9897], [2.074, 48.9899], [2.074, 48.9901], [2.0739, 48.9902], [2.0739, 48.9904], [2.0738, 48.9905], [2.0738, 48.9907], [2.0737, 48.9908], [2.0737, 48.991], [2.0737, 48.9911], [2.0737, 48.9913], [2.0736, 48.9915]], [[2.0736, 48.9915], [2.0736, 48.9916], [2.0736, 48.992], [2.0735, 48.9921], [2.0735, 48.9923], [2.0735, 48.9926], [2.0735, 48.9928], [2.0734, 48.9932], [2.0734, 48.9936], [2.0733, 48.9939], [2.0733, 48.994], [2.0733, 48.9941], [2.0733, 48.9943], [2.0733, 48.9944], [2.0733, 48.9945], [2.0733, 48.9947], [2.0733, 48.9948], [2.0733, 48.995], [2.0733, 48.9952], [2.0733, 48.9954], [2.0734, 48.9958], [2.0734, 48.9965], [2.0734, 48.9967], [2.0734, 48.9968], [2.0735, 48.997], [2.0735, 48.9971], [2.0735, 48.9972], [2.0735, 48.9974], [2.0735, 48.9976], [2.0734, 48.9978], [2.0734, 48.9979], [2.0734, 48.9981], [2.0734, 48.9983], [2.0734, 48.9986], [2.0733, 48.9991], [2.0733, 48.9994], [2.0732, 48.9996], [2.0732, 48.9998], [2.0732, 49.0], [2.0732, 49.0002], [2.0732, 49.0004], [2.0732, 49.0006], [2.0732, 49.0007], [2.0732, 49.0009], [2.0732, 49.0011], [2.0732, 49.0013], [2.0732, 49.0015], [2.0733, 49.0019], [2.0733, 49.0021], [2.0734, 49.0022], [2.0734, 49.0023], [2.0734, 49.0024], [2.0734, 49.0026], [2.0735, 49.0028]], [[2.0735, 49.0028], [2.0736, 49.0034], [2.0736, 49.0038], [2.0737, 49.0045], [2.0737, 49.0046], [2.0738, 49.0048], [2.0738, 49.0049], [2.0738, 49.0051], [2.0739, 49.0052], [2.0739, 49.0054], [2.0739, 49.0056], [2.074, 49.0058], [2.074, 49.0059], [2.0741, 49.0061], [2.0742, 49.0063], [2.0742, 49.0064], [2.0743, 49.0065], [2.0743, 49.0067], [2.0744, 49.0068], [2.0745, 49.007], [2.0747, 49.0073], [2.0747, 49.0075], [2.0749, 49.0076], [2.0749, 49.0078], [2.075, 49.0079], [2.0752, 49.0082], [2.0753, 49.0084], [2.0755, 49.0086], [2.0756, 49.0087], [2.0758, 49.0089], [2.0759, 49.0091], [2.0761, 49.0093], [2.0763, 49.0095], [2.0765, 49.0097], [2.0766, 49.0098], [2.0769, 49.0101], [2.0773, 49.0105], [2.0775, 49.0108], [2.0776, 49.0109], [2.0777, 49.011], [2.0778, 49.0112], [2.0779, 49.0113], [2.0779, 49.0114], [2.078, 49.0115], [2.0781, 49.0117], [2.0781, 49.0118], [2.0782, 49.0119], [2.0782, 49.0121], [2.0783, 49.0122], [2.0783, 49.0124], [2.0783, 49.0125], [2.0783, 49.0126], [2.0783, 49.0127]], [[2.0783, 49.0127], [2.0783, 49.0128], [2.0784, 49.0129], [2.0784, 49.013], [2.0784, 49.0132], [2.0783, 49.0136], [2.0783, 49.014], [2.0783, 49.0142], [2.0783, 49.0143], [2.0783, 49.0145], [2.0783, 49.0146], [2.0783, 49.0147], [2.0783, 49.0148]], [[2.0783, 49.0148], [2.0783, 49.0149], [2.0783, 49.015], [2.0783, 49.0151], [2.0784, 49.0152], [2.0784, 49.0154], [2.0784, 49.0155], [2.0785, 49.0156], [2.0785, 49.0157], [2.0786, 49.0158], [2.0786, 49.0159], [2.0787, 49.0161], [2.0789, 49.0163], [2.0791, 49.0165], [2.0793, 49.0168], [2.0794, 49.017], [2.0796, 49.0171], [2.0798, 49.0173], [2.08, 49.0174], [2.0801, 49.0175], [2.0802, 49.0176], [2.0804, 49.0177]], [[2.0804, 49.0177], [2.0807, 49.0179], [2.081, 49.0181], [2.0816, 49.0184], [2.0828, 49.0191], [2.0836, 49.0196], [2.0845, 49.0201], [2.0854, 49.0206], [2.0864, 49.0211]], [[2.0864, 49.0211], [2.0868, 49.0214], [2.0871, 49.0215], [2.0873, 49.0216], [2.0875, 49.0217], [2.0877, 49.0219], [2.0879, 49.022], [2.0881, 49.0221], [2.0882, 49.0222], [2.0884, 49.0223], [2.0886, 49.0225], [2.0887, 49.0226], [2.0888, 49.0228], [2.089, 49.0229], [2.0891, 49.023], [2.0892, 49.0232], [2.0893, 49.0234], [2.0894, 49.0236], [2.0895, 49.0237]], [[2.0895, 49.0237], [2.0897, 49.0239], [2.0899, 49.0244], [2.0902, 49.0249], [2.0905, 49.0254], [2.0907, 49.0259], [2.0909, 49.0262], [2.091, 49.0264], [2.0911, 49.0267], [2.0911, 49.0268], [2.0912, 49.027], [2.0912, 49.0272], [2.0912, 49.0273], [2.0912, 49.0274], [2.0913, 49.0276], [2.0913, 49.0277], [2.0913, 49.0279], [2.0912, 49.028], [2.0912, 49.0282], [2.0912, 49.0284], [2.0912, 49.0285], [2.0911, 49.0286], [2.0911, 49.0287], [2.0911, 49.0288], [2.091, 49.0289], [2.0909, 49.0291], [2.0908, 49.0293], [2.0908, 49.0294], [2.0907, 49.0295], [2.0906, 49.0297], [2.0905, 49.0298], [2.0904, 49.0299], [2.0902, 49.0301], [2.0901, 49.0302], [2.09, 49.0303], [2.0899, 49.0304], [2.0898, 49.0305], [2.0897, 49.0306], [2.0895, 49.0307], [2.0892, 49.031], [2.089, 49.0311], [2.0888, 49.0312], [2.0886, 49.0313], [2.0883, 49.0315], [2.0881, 49.0316]], [[2.0881, 49.0316], [2.0858, 49.0327]], [[2.0858, 49.0327], [2.0838, 49.0338], [2.0837, 49.0339], [2.0832, 49.0341], [2.083, 49.0342], [2.081, 49.0354], [2.0805, 49.0356], [2.0787, 49.0369]], [[2.0787, 49.0369], [2.0765, 49.0385], [2.0747, 49.0399], [2.0732, 49.041], [2.073, 49.0411], [2.0728, 49.0413], [2.0725, 49.0416], [2.0722, 49.0419], [2.0715, 49.0426], [2.0713, 49.0429], [2.071, 49.0433], [2.0706, 49.0437], [2.0702, 49.0441], [2.07, 49.0444], [2.0697, 49.0447], [2.0694, 49.0449], [2.0691, 49.0451], [2.0689, 49.0452], [2.0685, 49.0454], [2.0683, 49.0456], [2.0679, 49.0457], [2.0676, 49.0459], [2.0672, 49.046], [2.0668, 49.0462], [2.0662, 49.0463], [2.065, 49.0466], [2.0643, 49.0468], [2.0637, 49.0469], [2.0633, 49.0469], [2.0629, 49.047]], [[2.0629, 49.047], [2.0627, 49.047], [2.0626, 49.047], [2.0624, 49.047], [2.0621, 49.047], [2.0619, 49.047], [2.0617, 49.047], [2.0611, 49.047], [2.0607, 49.047], [2.0605, 49.0471], [2.0603, 49.0471], [2.0601, 49.0471], [2.0599, 49.0471], [2.0597, 49.0471], [2.0593, 49.0471], [2.059, 49.0472], [2.0577, 49.0473], [2.0569, 49.0474], [2.0562, 49.0475], [2.0547, 49.0476], [2.0539, 49.0477], [2.0523, 49.0478], [2.0507, 49.048], [2.0494, 49.0481], [2.0478, 49.0483], [2.0462, 49.0484], [2.045, 49.0486]], [[2.0446, 49.0486], [2.0427, 49.0488], [2.0415, 49.0489], [2.0406, 49.049], [2.0377, 49.0493], [2.0366, 49.0494], [2.0362, 49.0494]], [[2.0362, 49.0494], [2.0347, 49.0496]], [[2.034, 49.0497], [2.0338, 49.0497], [2.0333, 49.0497], [2.0327, 49.0498]], [[2.0327, 49.0498], [2.0321, 49.0498], [2.0309, 49.05], [2.0298, 49.0501], [2.0287, 49.0502], [2.0274, 49.0503], [2.0263, 49.0504], [2.0259, 49.0505], [2.0255, 49.0505], [2.0247, 49.0506], [2.0238, 49.0507], [2.023, 49.0507], [2.0222, 49.0508], [2.0214, 49.0509], [2.0212, 49.0509], [2.021, 49.0509], [2.0208, 49.051], [2.0205, 49.051], [2.0204, 49.051], [2.0201, 49.051], [2.0199, 49.051], [2.0197, 49.051], [2.0195, 49.051], [2.0193, 49.051], [2.0191, 49.051], [2.0189, 49.051], [2.0186, 49.051], [2.0185, 49.051], [2.0183, 49.051], [2.018, 49.051], [2.0178, 49.051], [2.0176, 49.0509], [2.0175, 49.0509], [2.0172, 49.0509], [2.017, 49.0508], [2.0168, 49.0508], [2.0167, 49.0508]], [[2.0167, 49.0508], [2.0164, 49.0507], [2.0163, 49.0507], [2.016, 49.0506], [2.0156, 49.0504], [2.0153, 49.0503], [2.0149, 49.0502], [2.0147, 49.0501], [2.0145, 49.05], [2.0144, 49.0499], [2.0142, 49.0499], [2.0141, 49.0498], [2.014, 49.0497]], [[2.014, 49.0497], [2.0133, 49.0493], [2.0132, 49.0492], [2.0131, 49.0491]], [[2.0131, 49.0491], [2.0119, 49.0483]], [[2.1319, 48.954], [2.1314, 48.9543], [2.1309, 48.9547], [2.1304, 48.9549], [2.13, 48.9552], [2.1297, 48.9554], [2.1294, 48.9555], [2.1289, 48.9558], [2.1284, 48.9561], [2.1281, 48.9562], [2.1277, 48.9564], [2.1274, 48.9565], [2.127, 48.9567], [2.1266, 48.9569], [2.1262, 48.957], [2.1258, 48.9571], [2.1256, 48.9572], [2.1253, 48.9573], [2.125, 48.9574], [2.1245, 48.9575], [2.1242, 48.9575], [2.1241, 48.9576]], [[2.1241, 48.9576], [2.1228, 48.9578]], [[2.1228, 48.9578], [2.1224, 48.9579], [2.1216, 48.9581], [2.1207, 48.9583], [2.1201, 48.9584], [2.1196, 48.9585], [2.1191, 48.9586], [2.1185, 48.9587], [2.118, 48.9588], [2.1172, 48.9589], [2.1169, 48.959], [2.1165, 48.959], [2.1161, 48.9591], [2.1158, 48.9591], [2.1155, 48.9591], [2.1151, 48.9592], [2.1145, 48.9592], [2.1142, 48.9592], [2.114, 48.9593], [2.1133, 48.9593], [2.1125, 48.9593], [2.1121, 48.9593], [2.1118, 48.9593], [2.1115, 48.9592], [2.1111, 48.9592], [2.1107, 48.9592], [2.1104, 48.9592], [2.1101, 48.9591], [2.1097, 48.9591], [2.1091, 48.959], [2.1084, 48.9588], [2.1071, 48.9586], [2.1057, 48.9583], [2.1044, 48.958], [2.1031, 48.9577], [2.1023, 48.9575], [2.1016, 48.9574], [2.1009, 48.9571], [2.0998, 48.9568], [2.0989, 48.9564], [2.0983, 48.9562], [2.0977, 48.956], [2.0971, 48.9559], [2.0956, 48.9556], [2.0927, 48.9551], [2.092, 48.955]], [[2.092, 48.955], [2.0912, 48.9549], [2.0909, 48.9548], [2.0904, 48.9547], [2.09, 48.9546], [2.0896, 48.9545], [2.0892, 48.9543], [2.0885, 48.9541], [2.0878, 48.9538], [2.0851, 48.9526], [2.0792, 48.95], [2.0765, 48.9488], [2.0742, 48.9478]], [[2.0742, 48.9478], [2.074, 48.9478]], [[2.074, 48.9478], [2.0733, 48.9474], [2.0728, 48.9472], [2.0723, 48.947], [2.072, 48.9468], [2.0717, 48.9466], [2.0714, 48.9464], [2.071, 48.9462], [2.0708, 48.9461], [2.0705, 48.946], [2.0702, 48.9458], [2.0701, 48.9458], [2.0699, 48.9457], [2.0696, 48.9456], [2.0693, 48.9455], [2.0689, 48.9453], [2.0684, 48.9452], [2.0681, 48.9451], [2.0678, 48.945], [2.0676, 48.9449], [2.0674, 48.9448], [2.0668, 48.9445], [2.0665, 48.9445]], [[2.0665, 48.9445], [2.0663, 48.9444]], [[2.0663, 48.9444], [2.0639, 48.9433], [2.0608, 48.9419], [2.0602, 48.9417], [2.0598, 48.9415], [2.0581, 48.9407], [2.0575, 48.9405], [2.0548, 48.9392], [2.054, 48.9389], [2.0535, 48.9386], [2.0531, 48.9385], [2.0515, 48.9378], [2.051, 48.9376], [2.0503, 48.9373], [2.0496, 48.9369], [2.0495, 48.9369], [2.0492, 48.9368], [2.0487, 48.9366], [2.0481, 48.9363], [2.0476, 48.9361], [2.0468, 48.9357], [2.0459, 48.9353], [2.0452, 48.935], [2.0445, 48.9347], [2.0443, 48.9346], [2.0434, 48.9342], [2.0431, 48.9341], [2.0427, 48.9339]], [[2.0427, 48.9339], [2.0424, 48.9338]], [[2.0424, 48.9338], [2.0419, 48.9335], [2.0416, 48.9334], [2.0411, 48.9331], [2.0409, 48.933]]]}, "properties": {"ref": "A", "opened_year": 1977, "is_central_tunnel": false, "segment_count": 530}}, {"type": "Feature", "geometry": {"type": "MultiLineString", "coordinates": [[[2.2932, 48.8745], [2.2934, 48.8744], [2.2957, 48.8742], [2.2963, 48.8741], [2.2964, 48.8741], [2.2969, 48.8741], [2.2974, 48.8741], [2.2979, 48.8741], [2.2984, 48.8741], [2.2989, 48.8741], [2.3023, 48.8745]], [[2.3023, 48.8745], [2.3025, 48.8745], [2.3056, 48.8749], [2.3071, 48.875], [2.3096, 48.8751], [2.3147, 48.8753], [2.3158, 48.8752], [2.3167, 48.8752], [2.3257, 48.874]], [[2.3257, 48.874], [2.3262, 48.8739], [2.3266, 48.8738], [2.3271, 48.8737], [2.3275, 48.8735], [2.3277, 48.8734], [2.328, 48.8733], [2.3286, 48.8729]], [[2.3286, 48.8729], [2.331, 48.8716]], [[2.331, 48.8716], [2.3311, 48.8715], [2.3319, 48.8711]], [[2.3319, 48.8711], [2.3322, 48.8709], [2.3326, 48.8707], [2.3329, 48.8706]], [[2.3329, 48.8706], [2.3335, 48.8704], [2.3347, 48.8701], [2.337, 48.8695], [2.3392, 48.8691]], [[2.3392, 48.8691], [2.3413, 48.8685], [2.3426, 48.8681], [2.3434, 48.8677], [2.3439, 48.8674], [2.344, 48.8673], [2.3444, 48.867], [2.3448, 48.8666], [2.3453, 48.866]], [[2.3453, 48.866], [2.3458, 48.8652], [2.346, 48.8648], [2.3463, 48.8644]], [[2.3463, 48.8644], [2.3467, 48.8636], [2.3479, 48.8608], [2.3481, 48.8604]], [[2.3481, 48.8604], [2.3482, 48.8602], [2.3496, 48.8582], [2.3503, 48.8575], [2.3514, 48.8569], [2.3526, 48.8564], [2.3542, 48.8561], [2.3563, 48.8558]], [[2.3563, 48.8558], [2.3577, 48.8555], [2.3582, 48.8553], [2.3589, 48.855], [2.3601, 48.8544], [2.3636, 48.8516], [2.3673, 48.8486]], [[2.3673, 48.8486], [2.3706, 48.846]], [[2.3706, 48.846], [2.3724, 48.8448]], [[2.3724, 48.8448], [2.3745, 48.8437]], [[2.3745, 48.8437], [2.3753, 48.8432], [2.3757, 48.843], [2.3763, 48.8428], [2.3768, 48.8426]], [[2.3768, 48.8426], [2.3772, 48.8426], [2.3775, 48.8425], [2.3779, 48.8425]], [[2.3779, 48.8425], [2.3783, 48.8425], [2.3787, 48.8425], [2.3791, 48.8426], [2.3796, 48.8427], [2.3802, 48.8429], [2.3807, 48.8432], [2.3813, 48.8435], [2.3816, 48.8437], [2.3819, 48.844], [2.3822, 48.8443], [2.3825, 48.8446], [2.3827, 48.8449], [2.3838, 48.8464]], [[2.3838, 48.8464], [2.384, 48.8469], [2.3843, 48.8472], [2.3846, 48.8475], [2.3851, 48.8479], [2.3856, 48.8482], [2.386, 48.8484], [2.3866, 48.8487], [2.3872, 48.8489], [2.3877, 48.849], [2.3883, 48.8491], [2.3889, 48.8492], [2.3895, 48.8492], [2.3901, 48.8492], [2.3906, 48.8492]], [[2.3906, 48.8492], [2.3912, 48.8491], [2.3916, 48.8491], [2.392, 48.849], [2.3942, 48.8486], [2.3967, 48.8481], [2.3972, 48.848], [2.3978, 48.8479]], [[2.3978, 48.8479], [2.3982, 48.8478], [2.3985, 48.8477], [2.3987, 48.8476], [2.399, 48.8475]], [[2.399, 48.8475], [2.4014, 48.8457], [2.4015, 48.8457]], [[2.4014, 48.8456], [2.4013, 48.8456], [2.3989, 48.8474]], [[2.3989, 48.8474], [2.3987, 48.8475], [2.3984, 48.8476], [2.3981, 48.8478], [2.3975, 48.8479]], [[2.3975, 48.8479], [2.395, 48.8484], [2.3947, 48.8485], [2.3945, 48.8486]], [[2.3945, 48.8486], [2.3943, 48.8486], [2.3942, 48.8486], [2.392, 48.849], [2.3916, 48.849], [2.3912, 48.8491], [2.3906, 48.8491]], [[2.3906, 48.8491], [2.39, 48.8491], [2.3892, 48.8491], [2.3886, 48.849], [2.3882, 48.8489], [2.3878, 48.8488], [2.3871, 48.8486], [2.3865, 48.8484], [2.3861, 48.8481], [2.3857, 48.8478], [2.3853, 48.8476], [2.385, 48.8473], [2.3846, 48.8468]], [[2.3846, 48.8468], [2.3832, 48.8447], [2.383, 48.8445], [2.3828, 48.8442], [2.3825, 48.8439], [2.3822, 48.8436], [2.3817, 48.8433], [2.3812, 48.8429], [2.3809, 48.8428], [2.3806, 48.8426], [2.3804, 48.8424], [2.38, 48.8423], [2.3797, 48.8422], [2.3793, 48.8421], [2.3789, 48.842], [2.3786, 48.842]], [[2.3786, 48.842], [2.3783, 48.842], [2.3778, 48.842], [2.3774, 48.8421], [2.377, 48.8422]], [[2.377, 48.8422], [2.3765, 48.8423], [2.376, 48.8425], [2.3755, 48.8427], [2.3751, 48.8429], [2.3742, 48.8434]], [[2.3742, 48.8434], [2.3729, 48.8441], [2.3728, 48.8442], [2.3725, 48.8444], [2.3721, 48.8446]], [[2.3721, 48.8446], [2.3709, 48.8455], [2.3673, 48.8482]], [[2.3673, 48.8482], [2.3631, 48.8514], [2.3618, 48.8523], [2.3606, 48.8529], [2.3593, 48.8535], [2.3582, 48.854]], [[2.3582, 48.854], [2.3558, 48.8548], [2.3557, 48.8548], [2.3556, 48.8548], [2.3547, 48.8552]], [[2.3547, 48.8552], [2.351, 48.8564], [2.3498, 48.857], [2.3487, 48.8577], [2.3479, 48.8585], [2.3474, 48.8595], [2.3471, 48.8604], [2.3462, 48.8625], [2.3461, 48.8626]], [[2.3461, 48.8626], [2.3459, 48.8633], [2.3458, 48.8638], [2.3454, 48.8654]], [[2.3454, 48.8654], [2.3451, 48.866], [2.3447, 48.8666], [2.3443, 48.867], [2.3438, 48.8673], [2.3433, 48.8677], [2.3425, 48.868], [2.3413, 48.8685]], [[2.3413, 48.8685], [2.3392, 48.869]], [[2.3392, 48.869], [2.337, 48.8695], [2.3369, 48.8695], [2.3347, 48.87], [2.3335, 48.8703], [2.3329, 48.8706]], [[2.3329, 48.8706], [2.3326, 48.8707], [2.3319, 48.871], [2.3311, 48.8715], [2.331, 48.8715], [2.3286, 48.8729], [2.3285, 48.8729]], [[2.3285, 48.8729], [2.3284, 48.873], [2.328, 48.8732], [2.3275, 48.8735], [2.327, 48.8736], [2.3266, 48.8738], [2.3262, 48.8738], [2.3257, 48.8739]], [[2.3257, 48.8739], [2.3167, 48.8751], [2.3158, 48.8752], [2.3147, 48.8752], [2.3128, 48.8752], [2.3071, 48.8749], [2.3056, 48.8748], [2.3023, 48.8744]], [[2.3023, 48.8744], [2.2989, 48.8741], [2.2984, 48.874], [2.2979, 48.874], [2.2974, 48.874], [2.2969, 48.8741], [2.2963, 48.8741], [2.2941, 48.8743], [2.2934, 48.8744], [2.2932, 48.8744]]]}, "properties": {"ref": "A", "opened_year": 1977, "is_central_tunnel": true, "segment_count": 43}}, {"type": "Feature", "geometry": {"type": "MultiLineString", "coordinates": [[[2.2813, 48.7801], [2.2815, 48.7804], [2.2816, 48.7805], [2.2817, 48.7807], [2.2819, 48.781], [2.282, 48.7812], [2.282, 48.7813]], [[2.282, 48.7813], [2.2822, 48.7816], [2.2822, 48.7818], [2.2823, 48.7818]], [[2.2823, 48.7818], [2.2823, 48.7819], [2.2824, 48.7821]], [[2.2824, 48.7821], [2.2825, 48.7823]], [[2.2825, 48.7823], [2.2825, 48.7824]], [[2.2825, 48.7824], [2.2826, 48.7825]], [[2.2826, 48.7825], [2.2827, 48.7827], [2.2828, 48.7828], [2.2828, 48.7829], [2.2829, 48.783], [2.283, 48.7832], [2.2831, 48.7833], [2.2832, 48.7834]], [[2.2832, 48.7834], [2.2833, 48.7834], [2.2834, 48.7835], [2.2835, 48.7836]], [[2.2835, 48.7836], [2.2836, 48.7837], [2.2838, 48.7838], [2.2839, 48.7839], [2.284, 48.7839], [2.2842, 48.784], [2.2844, 48.7841], [2.2845, 48.7841], [2.2846, 48.7842], [2.2848, 48.7842], [2.2849, 48.7843], [2.285, 48.7843], [2.2853, 48.7844], [2.2859, 48.7845], [2.2865, 48.7846], [2.2867, 48.7847], [2.2869, 48.7847], [2.2871, 48.7848], [2.2873, 48.7848], [2.2874, 48.7849], [2.2875, 48.7849], [2.2876, 48.785], [2.2877, 48.785], [2.2879, 48.7851], [2.288, 48.7852], [2.2881, 48.7853], [2.2882, 48.7853], [2.2883, 48.7854], [2.2883, 48.7855], [2.2884, 48.7856], [2.2885, 48.7857], [2.2887, 48.7858], [2.2888, 48.7859], [2.289, 48.7862], [2.2892, 48.7865], [2.2894, 48.7866], [2.2895, 48.7867], [2.2897, 48.7869], [2.2898, 48.787], [2.2899, 48.787], [2.29, 48.7871], [2.2902, 48.7872], [2.2904, 48.7873], [2.2906, 48.7873], [2.2907, 48.7874], [2.2909, 48.7875], [2.291, 48.7875]], [[2.291, 48.7875], [2.2913, 48.7876], [2.2916, 48.7876], [2.2917, 48.7876], [2.2919, 48.7876], [2.292, 48.7876], [2.2922, 48.7876], [2.2923, 48.7876], [2.2925, 48.7876], [2.2927, 48.7876], [2.2929, 48.7876], [2.2931, 48.7876], [2.2933, 48.7875], [2.2934, 48.7875], [2.2937, 48.7874], [2.2939, 48.7874], [2.2941, 48.7873], [2.2943, 48.7872], [2.2945, 48.7871], [2.2946, 48.787]], [[2.2946, 48.787], [2.2947, 48.787], [2.2948, 48.7869], [2.295, 48.7868], [2.2951, 48.7867], [2.2952, 48.7865]], [[2.2952, 48.7865], [2.2953, 48.7865], [2.2953, 48.7864]], [[2.2953, 48.7864], [2.2954, 48.7863], [2.2955, 48.7861], [2.2956, 48.786], [2.2956, 48.7859], [2.2956, 48.7858], [2.2956, 48.7857], [2.2957, 48.7856], [2.2957, 48.7854], [2.2957, 48.7853], [2.2957, 48.7852], [2.2957, 48.7851], [2.2956, 48.7848], [2.2956, 48.7847], [2.2955, 48.7846]], [[2.2955, 48.7846], [2.2955, 48.7844]], [[2.2955, 48.7844], [2.2955, 48.7841], [2.2954, 48.784], [2.2954, 48.7839], [2.2954, 48.7838], [2.2954, 48.7837], [2.2954, 48.7836], [2.2955, 48.7835], [2.2955, 48.7834], [2.2955, 48.7833], [2.2955, 48.7832], [2.2955, 48.7831], [2.2956, 48.7831]], [[2.2956, 48.7831], [2.2956, 48.783], [2.2956, 48.7829]], [[2.2956, 48.7829], [2.2957, 48.7828], [2.2957, 48.7827], [2.2958, 48.7826], [2.2959, 48.7825], [2.296, 48.7824], [2.296, 48.7823], [2.2961, 48.7822], [2.2963, 48.7821], [2.2964, 48.782], [2.2965, 48.7819], [2.2966, 48.7819], [2.2967, 48.7818], [2.2969, 48.7817], [2.297, 48.7817], [2.2971, 48.7816], [2.2972, 48.7815], [2.2974, 48.7815], [2.2976, 48.7814], [2.2978, 48.7814], [2.2981, 48.7813], [2.2985, 48.7812], [2.2987, 48.7811], [2.299, 48.7811], [2.2994, 48.781], [2.2998, 48.7809], [2.3003, 48.7808], [2.3052, 48.7798], [2.3055, 48.7797]], [[2.3055, 48.7797], [2.3066, 48.7795], [2.3076, 48.7793], [2.3079, 48.7792], [2.3082, 48.7792], [2.3085, 48.7791], [2.3087, 48.7791], [2.3088, 48.7791], [2.309, 48.7791], [2.3092, 48.7791], [2.3093, 48.7791], [2.3094, 48.7791], [2.3096, 48.7791], [2.3098, 48.7791], [2.31, 48.7792], [2.3101, 48.7792], [2.3104, 48.7792]], [[2.3104, 48.7792], [2.3105, 48.7793], [2.3107, 48.7794], [2.3108, 48.7794], [2.311, 48.7795], [2.3111, 48.7795], [2.3113, 48.7796], [2.3114, 48.7797], [2.3116, 48.7798], [2.3117, 48.7799], [2.3118, 48.78], [2.3119, 48.7801], [2.312, 48.7802], [2.3121, 48.7803], [2.3122, 48.7804], [2.3122, 48.7805], [2.3123, 48.7806], [2.3123, 48.7807], [2.3124, 48.7808], [2.3124, 48.781], [2.3124, 48.7811], [2.3124, 48.7812], [2.3124, 48.7814], [2.3124, 48.7815], [2.3124, 48.7818], [2.3124, 48.7819], [2.3123, 48.782], [2.3123, 48.7822], [2.3122, 48.7824], [2.3122, 48.7826], [2.3122, 48.7827], [2.3122, 48.7828], [2.3122, 48.7829], [2.3121, 48.783], [2.3122, 48.7832], [2.3122, 48.7833], [2.3122, 48.7834], [2.3122, 48.7835], [2.3122, 48.7837], [2.3123, 48.7838], [2.3123, 48.7839], [2.3124, 48.784], [2.3124, 48.7841], [2.3125, 48.7843]], [[2.3125, 48.7843], [2.3126, 48.7844]], [[2.3126, 48.7844], [2.3126, 48.7845], [2.3127, 48.7846]], [[2.3127, 48.7846], [2.3128, 48.7848], [2.3129, 48.785], [2.3132, 48.7856], [2.3134, 48.786], [2.3137, 48.7864], [2.314, 48.787], [2.3141, 48.7871], [2.3143, 48.7875], [2.3146, 48.788], [2.315, 48.7885], [2.3151, 48.7886], [2.3153, 48.7889], [2.3156, 48.7894], [2.3158, 48.7897], [2.316, 48.7899], [2.316, 48.79], [2.3162, 48.7902], [2.3166, 48.791], [2.3168, 48.7912], [2.317, 48.7916], [2.3171, 48.7917], [2.3172, 48.7918], [2.3173, 48.7919], [2.3173, 48.792], [2.3174, 48.7921], [2.3175, 48.7921], [2.3176, 48.7922], [2.3177, 48.7923], [2.3179, 48.7924], [2.318, 48.7925], [2.3181, 48.7926], [2.3182, 48.7926], [2.3183, 48.7927], [2.3184, 48.7927], [2.3186, 48.7928], [2.3188, 48.7929], [2.319, 48.793], [2.3192, 48.793], [2.3194, 48.7931], [2.3196, 48.7931], [2.3198, 48.7932], [2.3199, 48.7932]], [[2.3199, 48.7932], [2.3201, 48.7932], [2.3203, 48.7932], [2.3205, 48.7932]], [[2.3205, 48.7932], [2.3207, 48.7933], [2.321, 48.7933], [2.3212, 48.7933], [2.3213, 48.7933]], [[2.3213, 48.7933], [2.3216, 48.7933], [2.3219, 48.7933], [2.3222, 48.7934], [2.3225, 48.7934], [2.3227, 48.7934], [2.323, 48.7934], [2.3232, 48.7935], [2.3235, 48.7935], [2.3238, 48.7936], [2.324, 48.7937], [2.3243, 48.7937], [2.3245, 48.7938], [2.3248, 48.7939], [2.325, 48.794], [2.3252, 48.7941], [2.3254, 48.7941], [2.3256, 48.7942], [2.3258, 48.7943], [2.3259, 48.7944], [2.3261, 48.7946], [2.3263, 48.7947], [2.3264, 48.7948], [2.3266, 48.7949], [2.3267, 48.7951], [2.3268, 48.7952], [2.3269, 48.7953], [2.3271, 48.7955]], [[2.3271, 48.7955], [2.3272, 48.7957]], [[2.3272, 48.7957], [2.3273, 48.7958], [2.3274, 48.7961], [2.3276, 48.7964], [2.3276, 48.7966], [2.3277, 48.7967], [2.3278, 48.797], [2.3278, 48.7972], [2.3279, 48.7976]], [[2.3279, 48.7976], [2.3282, 48.7996], [2.3283, 48.8]], [[2.3283, 48.8], [2.3283, 48.8001]], [[2.3283, 48.8001], [2.3283, 48.8002]], [[2.3283, 48.8002], [2.3284, 48.8004], [2.3285, 48.8008], [2.3287, 48.8019], [2.3288, 48.8027], [2.3289, 48.8032], [2.329, 48.8035], [2.3291, 48.8037], [2.3292, 48.8039], [2.3293, 48.8041], [2.3295, 48.8044], [2.3296, 48.8045], [2.3297, 48.8047], [2.3298, 48.8048], [2.33, 48.805], [2.3302, 48.8052], [2.3306, 48.8055], [2.3308, 48.8057], [2.3309, 48.8058], [2.3312, 48.806], [2.3316, 48.8063], [2.3319, 48.8065], [2.3322, 48.8067]], [[2.3322, 48.8067], [2.3328, 48.8072], [2.3331, 48.8075]], [[2.3331, 48.8075], [2.3332, 48.8076], [2.3334, 48.8077], [2.3337, 48.808], [2.3341, 48.8082], [2.3343, 48.8084]], [[2.3343, 48.8084], [2.3347, 48.8087], [2.3353, 48.8091], [2.3354, 48.8092], [2.336, 48.8096], [2.3363, 48.8099], [2.3367, 48.8101]], [[2.3367, 48.8101], [2.3367, 48.8102], [2.3369, 48.8103], [2.3372, 48.8105], [2.3374, 48.8107]], [[2.3374, 48.8107], [2.3382, 48.8112]], [[2.3382, 48.8112], [2.3386, 48.8115], [2.3389, 48.8118], [2.3391, 48.8119], [2.3393, 48.8121], [2.3395, 48.8122], [2.3395, 48.8123], [2.3397, 48.8124], [2.3399, 48.8126], [2.3401, 48.8128]], [[2.3401, 48.8128], [2.3402, 48.8129], [2.3403, 48.8131], [2.3404, 48.8132], [2.3405, 48.8134], [2.3406, 48.8135], [2.3407, 48.8137], [2.3407, 48.8138], [2.3408, 48.8139], [2.3408, 48.814], [2.3408, 48.8141]], [[2.3408, 48.8141], [2.3409, 48.8143]], [[2.3409, 48.8143], [2.3409, 48.8144], [2.3409, 48.8145], [2.3409, 48.8146], [2.3409, 48.8147], [2.3409, 48.8148], [2.3409, 48.815], [2.3409, 48.8151], [2.3409, 48.8152], [2.3408, 48.8154], [2.3408, 48.8155], [2.3408, 48.8156], [2.3407, 48.8158], [2.3406, 48.8159], [2.3406, 48.8161], [2.3405, 48.8161]], [[2.3405, 48.8161], [2.3404, 48.8165], [2.3402, 48.8168], [2.3401, 48.8171], [2.3396, 48.8177], [2.3395, 48.8179], [2.3391, 48.8184], [2.339, 48.8187], [2.3389, 48.8189], [2.3389, 48.8193], [2.3389, 48.8195], [2.3389, 48.8197]], [[2.3389, 48.8197], [2.3389, 48.82], [2.339, 48.8203], [2.339, 48.8205], [2.339, 48.8206]], [[2.339, 48.8206], [2.339, 48.8207], [2.339, 48.821], [2.3389, 48.8211], [2.3389, 48.8212], [2.3389, 48.8213], [2.3389, 48.8214], [2.3388, 48.8215], [2.3388, 48.8216], [2.3387, 48.8217], [2.3386, 48.8218], [2.3386, 48.8219], [2.3385, 48.8221], [2.3383, 48.8223], [2.3382, 48.8225], [2.3381, 48.8226], [2.338, 48.8227], [2.3379, 48.8228], [2.3379, 48.8229], [2.3378, 48.8231], [2.3378, 48.8232], [2.3377, 48.8233], [2.3376, 48.8235], [2.3376, 48.8237], [2.3375, 48.8238], [2.3374, 48.8241]], [[2.3374, 48.8241], [2.3373, 48.8245]], [[2.3373, 48.8245], [2.3372, 48.8247], [2.3371, 48.8249], [2.337, 48.8252], [2.3369, 48.8255], [2.3368, 48.8258], [2.3368, 48.8259]], [[2.3368, 48.8259], [2.3367, 48.8263], [2.3364, 48.8271]], [[2.3364, 48.8271], [2.3363, 48.8275]], [[2.3363, 48.8275], [2.336, 48.8284], [2.3358, 48.8289], [2.3357, 48.8293], [2.3356, 48.8294]], [[2.3356, 48.8294], [2.3356, 48.8295], [2.3356, 48.8296], [2.3355, 48.8297], [2.3355, 48.8298], [2.3354, 48.8299], [2.3353, 48.83], [2.3352, 48.8301], [2.3351, 48.8302]], [[2.3579, 48.8845], [2.3579, 48.8852], [2.3579, 48.8857], [2.3579, 48.8858]], [[2.3579, 48.8858], [2.3579, 48.8864]], [[2.3579, 48.8864], [2.3579, 48.8875], [2.3578, 48.8883], [2.3577, 48.8886], [2.3576, 48.8898]], [[2.3576, 48.8898], [2.3575, 48.8901], [2.3574, 48.8905], [2.3573, 48.8908], [2.3571, 48.8912], [2.357, 48.8915]], [[2.357, 48.8915], [2.3568, 48.8919], [2.3566, 48.8924], [2.3562, 48.8931], [2.3561, 48.8933], [2.356, 48.8934], [2.3556, 48.8943], [2.3555, 48.8947], [2.3554, 48.8948], [2.3554, 48.8949], [2.3553, 48.8952]], [[2.3553, 48.8952], [2.3552, 48.8954], [2.3552, 48.8955], [2.355, 48.896], [2.3549, 48.8963], [2.3548, 48.8967], [2.3548, 48.8968], [2.3547, 48.897], [2.3547, 48.8971], [2.3546, 48.8974], [2.3546, 48.8976], [2.3546, 48.8977], [2.3546, 48.8979], [2.3546, 48.8981]], [[2.3546, 48.8981], [2.3545, 48.8986]], [[2.3545, 48.8986], [2.3545, 48.899], [2.3545, 48.8992], [2.3545, 48.8995], [2.3545, 48.8997], [2.3545, 48.8999], [2.3544, 48.9001], [2.3542, 48.9009], [2.3541, 48.9013], [2.3541, 48.9016], [2.354, 48.9019], [2.3538, 48.9025], [2.3536, 48.9031], [2.3535, 48.9035], [2.3534, 48.9036], [2.3534, 48.9039], [2.3533, 48.9042], [2.3533, 48.9046]], [[2.3533, 48.9046], [2.3532, 48.9052]], [[2.3532, 48.9052], [2.3532, 48.9053], [2.3531, 48.906], [2.353, 48.9063], [2.353, 48.9067]], [[2.353, 48.9067], [2.3529, 48.9073], [2.3529, 48.9075], [2.3528, 48.9078], [2.3528, 48.908], [2.3527, 48.9082], [2.3527, 48.9083], [2.3527, 48.9084], [2.3526, 48.9085], [2.3526, 48.9087], [2.3525, 48.9088], [2.3525, 48.909]], [[2.3525, 48.909], [2.3523, 48.9094]], [[2.3523, 48.9094], [2.3523, 48.9096], [2.3522, 48.9099], [2.3522, 48.91], [2.3522, 48.9101]], [[2.3522, 48.9101], [2.3522, 48.9102], [2.3521, 48.9103], [2.3521, 48.9105], [2.3521, 48.9106], [2.3521, 48.9107], [2.3522, 48.9108]], [[2.3522, 48.9108], [2.3522, 48.9109]], [[2.3522, 48.9109], [2.3522, 48.9111], [2.3522, 48.9112], [2.3522, 48.9113], [2.3523, 48.9114]], [[2.3523, 48.9114], [2.3523, 48.9116], [2.3524, 48.9117], [2.3524, 48.9118]], [[2.3524, 48.9118], [2.3525, 48.9119], [2.3526, 48.912], [2.3527, 48.9121], [2.3527, 48.9123], [2.3528, 48.9124], [2.3529, 48.9125], [2.353, 48.9126], [2.3531, 48.9127], [2.3532, 48.9128], [2.3533, 48.9129], [2.3534, 48.913], [2.3535, 48.9131], [2.3536, 48.9131], [2.3537, 48.9132], [2.3539, 48.9134], [2.354, 48.9135], [2.3542, 48.9136]], [[2.3542, 48.9136], [2.3547, 48.9138], [2.355, 48.914], [2.3552, 48.9141], [2.3558, 48.9145]], [[2.3558, 48.9145], [2.356, 48.9146], [2.3563, 48.9148]], [[2.3563, 48.9148], [2.3564, 48.9148]], [[2.3564, 48.9148], [2.3568, 48.915], [2.3573, 48.9153]], [[2.3573, 48.9153], [2.3581, 48.9157]], [[2.3581, 48.9157], [2.3586, 48.916], [2.3599, 48.9167], [2.3601, 48.9168], [2.3604, 48.917], [2.3606, 48.9171], [2.3608, 48.9173], [2.3611, 48.9174], [2.3613, 48.9176], [2.3617, 48.9178]], [[2.3617, 48.9178], [2.362, 48.918], [2.3624, 48.9182], [2.3627, 48.9184], [2.363, 48.9186], [2.3634, 48.9188], [2.3637, 48.9189]], [[2.3637, 48.9189], [2.364, 48.919]], [[2.364, 48.919], [2.3644, 48.9192], [2.3646, 48.9192], [2.3648, 48.9193], [2.365, 48.9194], [2.3654, 48.9195], [2.3658, 48.9196], [2.3661, 48.9197], [2.3665, 48.9198], [2.3667, 48.9199], [2.3669, 48.9199], [2.3675, 48.9201], [2.3681, 48.9202]], [[2.3681, 48.9202], [2.3692, 48.9205]], [[2.3692, 48.9205], [2.3697, 48.9206]], [[2.3697, 48.9206], [2.3704, 48.9208], [2.3705, 48.9208], [2.372, 48.9212], [2.3726, 48.9213], [2.3732, 48.9215], [2.3745, 48.9218]], [[2.3745, 48.9218], [2.3749, 48.9219]], [[2.3749, 48.9219], [2.3755, 48.922], [2.3762, 48.9222], [2.3771, 48.9224], [2.3777, 48.9226], [2.3781, 48.9227], [2.3786, 48.9228], [2.3792, 48.923], [2.3798, 48.9231], [2.3801, 48.9232], [2.3805, 48.9233]], [[2.3805, 48.9233], [2.3806, 48.9233]], [[2.3806, 48.9233], [2.3811, 48.9234], [2.3816, 48.9235], [2.382, 48.9236], [2.3822, 48.9236]], [[2.3822, 48.9236], [2.3826, 48.9237], [2.3829, 48.9238], [2.3834, 48.9239], [2.3838, 48.924], [2.3841, 48.924]], [[2.3841, 48.924], [2.3843, 48.9241]], [[2.3843, 48.9241], [2.3845, 48.9241], [2.3849, 48.9242], [2.3855, 48.9243], [2.3861, 48.9244], [2.3875, 48.9246], [2.3878, 48.9247], [2.3879, 48.9247], [2.3887, 48.9248], [2.3893, 48.9249], [2.3897, 48.925], [2.3903, 48.9251], [2.3913, 48.9252], [2.3923, 48.9254], [2.3934, 48.9256], [2.3941, 48.9257], [2.3946, 48.9257], [2.3952, 48.9258], [2.3961, 48.926], [2.3971, 48.9261], [2.3975, 48.9262], [2.398, 48.9263], [2.3991, 48.9264], [2.4003, 48.9266], [2.4007, 48.9267], [2.4013, 48.9268], [2.4024, 48.927], [2.4032, 48.9271], [2.4036, 48.9272], [2.4044, 48.9273], [2.4049, 48.9274], [2.4054, 48.9274], [2.4064, 48.9276], [2.4077, 48.9278], [2.4078, 48.9278], [2.4084, 48.928], [2.4091, 48.9281], [2.4096, 48.9281], [2.4106, 48.9283], [2.412, 48.9285], [2.4129, 48.9287], [2.4141, 48.9289], [2.4152, 48.9291], [2.4156, 48.9291], [2.4163, 48.9292], [2.4185, 48.9296], [2.4188, 48.9296], [2.4196, 48.9298], [2.4202, 48.9299], [2.4208, 48.93], [2.4209, 48.93], [2.4213, 48.9301], [2.4217, 48.9301], [2.4229, 48.9303], [2.4236, 48.9305], [2.4239, 48.9305], [2.424, 48.9305], [2.4253, 48.9307], [2.4275, 48.9311], [2.428, 48.9312], [2.4284, 48.9313], [2.429, 48.9314], [2.4294, 48.9314], [2.4304, 48.9316], [2.4308, 48.9317], [2.431, 48.9317], [2.4316, 48.9318], [2.4329, 48.9321], [2.4334, 48.9322], [2.434, 48.9323], [2.4344, 48.9323], [2.4347, 48.9324], [2.4351, 48.9324], [2.4355, 48.9325], [2.436, 48.9325], [2.4364, 48.9326], [2.4372, 48.9327], [2.4376, 48.9327], [2.4382, 48.9327], [2.4387, 48.9328], [2.439, 48.9328], [2.4393, 48.9328], [2.4395, 48.9328], [2.4398, 48.9328], [2.4401, 48.9328], [2.4404, 48.9328], [2.4408, 48.9328], [2.4414, 48.9328], [2.4436, 48.9328], [2.4461, 48.9328], [2.4471, 48.9328], [2.4475, 48.9328], [2.4478, 48.9328], [2.4483, 48.9328], [2.449, 48.9328], [2.4494, 48.9328], [2.4506, 48.9328], [2.4511, 48.9328], [2.4517, 48.9328], [2.4523, 48.9328], [2.4526, 48.9328], [2.4529, 48.9328], [2.4537, 48.9328], [2.4552, 48.9328], [2.4558, 48.9328], [2.4564, 48.9328], [2.4566, 48.9328], [2.4569, 48.9328], [2.4574, 48.9327], [2.4585, 48.9327], [2.4595, 48.9327], [2.4612, 48.9327], [2.4617, 48.9327], [2.4628, 48.9327], [2.4639, 48.9326], [2.4647, 48.9326], [2.465, 48.9326], [2.4661, 48.9326], [2.4675, 48.9325], [2.4688, 48.9325], [2.47, 48.9324], [2.4707, 48.9324], [2.4709, 48.9324], [2.4713, 48.9324], [2.4716, 48.9324], [2.4721, 48.9324]], [[2.4721, 48.9324], [2.4726, 48.9324], [2.4738, 48.9324], [2.4747, 48.9324], [2.4757, 48.9324], [2.4763, 48.9324], [2.4768, 48.9324], [2.4771, 48.9324], [2.4773, 48.9324]], [[2.4773, 48.9324], [2.4776, 48.9324]], [[2.4776, 48.9324], [2.478, 48.9324], [2.4782, 48.9324], [2.4785, 48.9324], [2.4789, 48.9324], [2.4796, 48.9323], [2.4801, 48.9323]], [[2.4801, 48.9323], [2.4807, 48.9323], [2.4815, 48.9323], [2.4824, 48.9323], [2.4837, 48.9323], [2.4857, 48.9322], [2.4871, 48.9322], [2.4875, 48.9322], [2.4885, 48.9322], [2.4887, 48.9322], [2.4898, 48.9322], [2.4901, 48.9322], [2.4904, 48.9322]], [[2.4904, 48.9322], [2.4913, 48.9322], [2.4915, 48.9322], [2.4918, 48.9322], [2.4921, 48.9322], [2.4924, 48.9322], [2.4928, 48.9322], [2.4932, 48.9322], [2.4939, 48.9323], [2.4944, 48.9323], [2.495, 48.9323]], [[2.495, 48.9323], [2.4956, 48.9323], [2.4965, 48.9323], [2.4968, 48.9323], [2.4971, 48.9323], [2.4976, 48.9323], [2.4987, 48.9323], [2.4991, 48.9323], [2.4992, 48.9323]], [[2.4992, 48.9323], [2.4998, 48.9323], [2.5014, 48.9323], [2.5023, 48.9323], [2.5024, 48.9323], [2.5025, 48.9323], [2.5034, 48.9323], [2.5047, 48.9323], [2.5053, 48.9323], [2.5054, 48.9323], [2.5057, 48.9323], [2.5064, 48.9323], [2.5088, 48.9323], [2.5093, 48.9323], [2.5098, 48.9324], [2.5101, 48.9324], [2.5104, 48.9324], [2.5107, 48.9324], [2.5113, 48.9324], [2.5116, 48.9325], [2.5121, 48.9325], [2.5127, 48.9325], [2.513, 48.9325], [2.5134, 48.9326], [2.5139, 48.9326], [2.5141, 48.9326], [2.5142, 48.9327], [2.5145, 48.9327], [2.5147, 48.9327], [2.5148, 48.9327], [2.515, 48.9328], [2.5152, 48.9328], [2.5154, 48.9329], [2.5156, 48.9329], [2.5158, 48.9329], [2.516, 48.933]], [[2.516, 48.933], [2.517, 48.9333], [2.5179, 48.9337], [2.5191, 48.9345], [2.5198, 48.9351], [2.5207, 48.9358], [2.5217, 48.937], [2.5224, 48.9383], [2.5232, 48.9396], [2.5239, 48.9409], [2.5249, 48.9434], [2.525, 48.9439]], [[2.525, 48.9439], [2.525, 48.9445], [2.5249, 48.9453], [2.5247, 48.9476], [2.5247, 48.9478]], [[2.5247, 48.9478], [2.5246, 48.9483]], [[2.5246, 48.9483], [2.5245, 48.9489], [2.5244, 48.9493], [2.5242, 48.9496], [2.524, 48.9499], [2.5239, 48.9502], [2.5237, 48.9504], [2.5235, 48.9507]], [[2.5235, 48.9507], [2.5233, 48.9509], [2.5231, 48.9511], [2.5229, 48.9513], [2.5227, 48.9515], [2.5217, 48.9526], [2.5206, 48.9536], [2.5196, 48.9547], [2.5185, 48.9557]], [[2.5185, 48.9557], [2.5181, 48.9561]], [[2.5181, 48.9561], [2.5177, 48.9565], [2.5166, 48.9577], [2.5157, 48.9586], [2.5153, 48.959], [2.515, 48.9592], [2.5148, 48.9595], [2.5147, 48.9596], [2.5145, 48.9598], [2.5144, 48.96], [2.5142, 48.9602], [2.5141, 48.9604], [2.5138, 48.9609]], [[2.5138, 48.9609], [2.5137, 48.9609]], [[2.5137, 48.9609], [2.5134, 48.9615]], [[2.5134, 48.9615], [2.5128, 48.9624], [2.5125, 48.963], [2.5123, 48.9633]], [[2.5123, 48.9633], [2.5119, 48.9638], [2.5117, 48.9641], [2.5114, 48.9646], [2.5113, 48.9649], [2.5112, 48.965], [2.5112, 48.9652], [2.5111, 48.9653], [2.511, 48.9655], [2.511, 48.9656], [2.5109, 48.9657], [2.5109, 48.9659], [2.5109, 48.966], [2.5108, 48.9662], [2.5108, 48.9664], [2.5108, 48.9666], [2.5108, 48.9668], [2.5108, 48.967], [2.5108, 48.9672], [2.5108, 48.9674], [2.5108, 48.9676], [2.5108, 48.9677], [2.5109, 48.9679], [2.5109, 48.9681], [2.511, 48.9683], [2.511, 48.9684], [2.5111, 48.9685], [2.5111, 48.9687], [2.5112, 48.9688], [2.5113, 48.9689], [2.5113, 48.9691], [2.5114, 48.9692], [2.5115, 48.9694], [2.5117, 48.9697], [2.5119, 48.9699], [2.512, 48.9701], [2.5122, 48.9703], [2.5124, 48.9707], [2.5126, 48.971], [2.5129, 48.9714], [2.5131, 48.9717], [2.5135, 48.9722], [2.5137, 48.9726], [2.5138, 48.9727]], [[2.5138, 48.9727], [2.5139, 48.9728], [2.5143, 48.9734]], [[2.5143, 48.9734], [2.5151, 48.9745], [2.5155, 48.975], [2.5158, 48.9755], [2.516, 48.9758], [2.5162, 48.9761], [2.5168, 48.9769]], [[2.5168, 48.9769], [2.5168, 48.977], [2.5171, 48.9773], [2.5177, 48.9782], [2.5184, 48.9792], [2.5188, 48.9797], [2.5194, 48.9806], [2.5197, 48.981], [2.52, 48.9815], [2.5201, 48.9817], [2.5202, 48.9819], [2.5204, 48.9821], [2.5205, 48.9823], [2.5206, 48.9824], [2.5207, 48.9826], [2.5207, 48.9829], [2.5208, 48.983], [2.5209, 48.9832], [2.5209, 48.9834], [2.521, 48.9836], [2.5211, 48.9838], [2.5211, 48.984], [2.5211, 48.9842], [2.5212, 48.9844], [2.5212, 48.9846], [2.5212, 48.9848], [2.5212, 48.9851], [2.5212, 48.9854], [2.5212, 48.9858], [2.5212, 48.986]], [[2.5212, 48.986], [2.5211, 48.9862], [2.5211, 48.9864]], [[2.5211, 48.9864], [2.521, 48.9868], [2.521, 48.987], [2.5208, 48.9877], [2.5204, 48.989], [2.5202, 48.9895], [2.5202, 48.9898], [2.52, 48.9902], [2.5199, 48.9904], [2.5198, 48.9906], [2.5197, 48.9908], [2.5196, 48.9911], [2.5192, 48.9917], [2.519, 48.9921], [2.5187, 48.9926]], [[2.5187, 48.9926], [2.5185, 48.9929], [2.5184, 48.9933], [2.5183, 48.9936], [2.5183, 48.9938], [2.5182, 48.994], [2.5182, 48.9942], [2.5182, 48.9945]], [[2.5182, 48.9945], [2.5182, 48.9947], [2.5182, 48.9948], [2.5182, 48.9949], [2.5182, 48.9951], [2.5183, 48.9952], [2.5183, 48.9954], [2.5183, 48.9955], [2.5184, 48.9956], [2.5184, 48.9958]], [[2.5184, 48.9958], [2.5185, 48.996], [2.5187, 48.9963], [2.5189, 48.9967], [2.5191, 48.997]], [[2.5191, 48.997], [2.5193, 48.9972], [2.5196, 48.9975], [2.5199, 48.9979], [2.5203, 48.9982], [2.5209, 48.9988], [2.5214, 48.9992], [2.5217, 48.9995], [2.5219, 48.9997], [2.5223, 49.0001], [2.5227, 49.0005], [2.5232, 49.0009], [2.5235, 49.0011], [2.5236, 49.0013], [2.5239, 49.0015], [2.524, 49.0017], [2.5241, 49.0018], [2.5242, 49.002], [2.5243, 49.0021], [2.5247, 49.0025], [2.525, 49.0029], [2.5252, 49.0031], [2.5253, 49.0033], [2.5254, 49.0034], [2.5255, 49.0036], [2.5257, 49.0037], [2.5258, 49.0038], [2.5259, 49.004], [2.5261, 49.0041]], [[2.5261, 49.0041], [2.5262, 49.0042], [2.5263, 49.0043]], [[2.5263, 49.0043], [2.5265, 49.0044], [2.5266, 49.0045], [2.5268, 49.0046], [2.5269, 49.0047], [2.5271, 49.0048], [2.5273, 49.005], [2.5276, 49.0051], [2.5278, 49.0052], [2.528, 49.0053], [2.5282, 49.0054], [2.5285, 49.0055], [2.5287, 49.0056], [2.529, 49.0057], [2.5292, 49.0057], [2.5294, 49.0058], [2.5296, 49.0059], [2.5299, 49.0059], [2.53, 49.0059], [2.5303, 49.006], [2.5305, 49.006], [2.5308, 49.0061], [2.531, 49.0061], [2.5315, 49.0062], [2.5317, 49.0062], [2.532, 49.0062], [2.5322, 49.0062], [2.5325, 49.0062], [2.5327, 49.0062], [2.533, 49.0062], [2.5334, 49.0062], [2.5337, 49.0062], [2.5342, 49.0062], [2.5346, 49.0061], [2.535, 49.0061], [2.5353, 49.0061], [2.5358, 49.0061], [2.5363, 49.0061], [2.5367, 49.006], [2.5372, 49.006], [2.5375, 49.006], [2.5378, 49.006], [2.5381, 49.006], [2.5384, 49.006], [2.5387, 49.006], [2.5391, 49.0061], [2.5406, 49.0061], [2.5413, 49.0062], [2.546, 49.0064], [2.5472, 49.0065], [2.5476, 49.0065], [2.548, 49.0065], [2.5482, 49.0066], [2.5486, 49.0066], [2.5489, 49.0067]], [[2.5489, 49.0067], [2.5496, 49.0068], [2.5504, 49.0069], [2.5514, 49.0072], [2.5541, 49.0083], [2.5548, 49.0086], [2.555, 49.0086], [2.5552, 49.0087], [2.5555, 49.0088], [2.5558, 49.0089], [2.5561, 49.009], [2.5564, 49.0091], [2.5567, 49.0091]], [[2.5567, 49.0091], [2.5568, 49.0092], [2.5572, 49.0093]], [[2.5572, 49.0093], [2.5574, 49.0093], [2.5577, 49.0094], [2.5579, 49.0094], [2.5582, 49.0095], [2.5587, 49.0096], [2.5595, 49.0097], [2.5598, 49.0097], [2.56, 49.0098], [2.5603, 49.0098], [2.5616, 49.0099], [2.5624, 49.01], [2.563, 49.01], [2.5632, 49.0101]], [[2.5632, 49.0101], [2.5634, 49.0101], [2.5647, 49.0101], [2.5649, 49.0101]], [[2.5649, 49.0101], [2.5654, 49.0102], [2.5659, 49.0102], [2.5664, 49.0102], [2.5665, 49.0102], [2.5671, 49.0101], [2.5678, 49.01], [2.5684, 49.0099], [2.5688, 49.0097], [2.5692, 49.0095], [2.5696, 49.0091], [2.5699, 49.0088], [2.5701, 49.0084], [2.5702, 49.0081], [2.5703, 49.0075]], [[2.5703, 49.0075], [2.5703, 49.0074]], [[2.5703, 49.0074], [2.5704, 49.0067], [2.5705, 49.0057], [2.5706, 49.0053]], [[2.5707, 49.004], [2.5706, 49.0053]], [[2.4904, 48.9322], [2.4913, 48.9322], [2.4917, 48.9322], [2.4921, 48.9322], [2.4925, 48.9322], [2.4928, 48.9322], [2.4933, 48.9322], [2.4937, 48.9322], [2.4943, 48.9322], [2.4945, 48.9322], [2.495, 48.9322]], [[2.495, 48.9322], [2.4956, 48.9322], [2.4968, 48.9322], [2.4971, 48.9322], [2.4974, 48.9322], [2.4988, 48.9322], [2.4991, 48.9322], [2.5008, 48.9322], [2.5009, 48.9322], [2.5014, 48.9322], [2.5025, 48.9322], [2.503, 48.9322], [2.5034, 48.9322], [2.5047, 48.9322], [2.5053, 48.9322], [2.5056, 48.9322], [2.5059, 48.9322], [2.5063, 48.9322], [2.5067, 48.9322], [2.5076, 48.9323], [2.508, 48.9323], [2.5082, 48.9323], [2.5085, 48.9323], [2.5087, 48.9323], [2.5089, 48.9323], [2.5091, 48.9322], [2.5094, 48.9322], [2.5097, 48.9322], [2.5101, 48.9322], [2.5106, 48.9321], [2.5114, 48.9321], [2.5117, 48.932], [2.512, 48.932], [2.5124, 48.932], [2.5127, 48.932], [2.513, 48.932], [2.5138, 48.932], [2.5149, 48.9319], [2.5152, 48.9319], [2.5158, 48.9319], [2.516, 48.9319], [2.5162, 48.9319], [2.5165, 48.9319], [2.5168, 48.9319], [2.5173, 48.9319], [2.5176, 48.932], [2.5178, 48.932], [2.5182, 48.932], [2.5185, 48.932], [2.5187, 48.9321], [2.519, 48.9321], [2.5193, 48.9321], [2.5195, 48.9322], [2.5198, 48.9322], [2.5202, 48.9323], [2.5204, 48.9323], [2.5207, 48.9324], [2.521, 48.9324], [2.5213, 48.9325], [2.5217, 48.9326], [2.5221, 48.9327], [2.5225, 48.9328], [2.5228, 48.9329], [2.5232, 48.933], [2.524, 48.9332], [2.526, 48.9338], [2.5271, 48.9341], [2.5275, 48.9342]], [[2.5275, 48.9342], [2.5276, 48.9343]], [[2.5276, 48.9343], [2.5284, 48.9345], [2.5289, 48.9346], [2.5301, 48.935], [2.5308, 48.9352], [2.5313, 48.9354], [2.532, 48.9356], [2.5327, 48.9358], [2.5335, 48.936], [2.5338, 48.9361], [2.5343, 48.9363], [2.5348, 48.9364], [2.5351, 48.9365], [2.5355, 48.9366], [2.5363, 48.9368], [2.5365, 48.9368], [2.5369, 48.9369]], [[2.5369, 48.9369], [2.5372, 48.937], [2.5379, 48.9371], [2.5393, 48.9374], [2.5415, 48.938], [2.5427, 48.9382], [2.5434, 48.9384], [2.5443, 48.9386], [2.5456, 48.9389], [2.5469, 48.9392], [2.5491, 48.9397], [2.5506, 48.94], [2.5514, 48.9402], [2.5529, 48.9406], [2.5544, 48.941], [2.5559, 48.9414], [2.5592, 48.9423], [2.5613, 48.9429], [2.5637, 48.9435], [2.5646, 48.9437], [2.5654, 48.944], [2.5658, 48.9441], [2.5669, 48.9444], [2.5676, 48.9446], [2.5691, 48.9449], [2.5698, 48.9451], [2.5707, 48.9453], [2.5736, 48.9461], [2.5756, 48.9466], [2.5796, 48.9476], [2.5816, 48.9481], [2.5829, 48.9485], [2.5846, 48.9489]], [[2.5846, 48.9489], [2.5847, 48.9489]], [[2.5847, 48.9489], [2.5862, 48.9493], [2.5874, 48.9495], [2.5881, 48.9497], [2.5925, 48.9507], [2.5951, 48.9513], [2.5968, 48.9517], [2.5986, 48.9521], [2.5996, 48.9524], [2.6, 48.9525], [2.6003, 48.9526], [2.601, 48.9527], [2.6016, 48.9529]], [[2.6016, 48.9529], [2.6024, 48.9531], [2.6043, 48.9535]], [[2.6043, 48.9535], [2.6047, 48.9536], [2.6051, 48.9537], [2.6054, 48.9538], [2.6056, 48.9538]], [[2.6056, 48.9538], [2.6057, 48.9538]], [[2.6057, 48.9538], [2.6058, 48.9538], [2.6058, 48.9539], [2.6068, 48.9541], [2.6085, 48.9545], [2.6095, 48.9547], [2.6097, 48.9548], [2.6101, 48.9548], [2.6104, 48.955], [2.6108, 48.9551], [2.6111, 48.9552], [2.6114, 48.9553], [2.6116, 48.9554], [2.6119, 48.9555], [2.6122, 48.9556], [2.6124, 48.9557], [2.6127, 48.9558], [2.6129, 48.9559], [2.613, 48.956], [2.6133, 48.9561], [2.6135, 48.9562]], [[2.6135, 48.9562], [2.6139, 48.9565], [2.6144, 48.9568], [2.6149, 48.9571], [2.6153, 48.9574], [2.6157, 48.9577], [2.6162, 48.9581], [2.6165, 48.9583], [2.6172, 48.9588], [2.6181, 48.9595], [2.619, 48.9601], [2.6199, 48.9607], [2.6204, 48.9611], [2.6208, 48.9613], [2.6217, 48.9619], [2.6223, 48.9623], [2.6228, 48.9626], [2.6232, 48.9629], [2.6237, 48.9632], [2.6248, 48.9639]], [[2.6248, 48.9639], [2.6261, 48.9648], [2.6271, 48.9655], [2.6286, 48.9666], [2.6293, 48.967], [2.6301, 48.9676], [2.631, 48.9682], [2.6339, 48.9701], [2.6339, 48.9702], [2.6353, 48.9711]], [[2.6353, 48.9711], [2.6354, 48.9712]], [[2.6354, 48.9712], [2.6356, 48.9713], [2.6381, 48.973], [2.639, 48.9737]], [[2.639, 48.9737], [2.6394, 48.9739], [2.6398, 48.9742]], [[2.6398, 48.9742], [2.6398, 48.9743]], [[2.6398, 48.9743], [2.6399, 48.9743]], [[2.6399, 48.9743], [2.6401, 48.9744], [2.6404, 48.9747], [2.6407, 48.9749], [2.6409, 48.975], [2.6411, 48.9752], [2.6423, 48.976]], [[2.3357, 48.8295], [2.3357, 48.8294], [2.3359, 48.8292], [2.3359, 48.829], [2.336, 48.8289], [2.3361, 48.8286], [2.3362, 48.8282]], [[2.3362, 48.8282], [2.3364, 48.8275]], [[2.3364, 48.8275], [2.3365, 48.8271]], [[2.3365, 48.8271], [2.3367, 48.8266], [2.337, 48.8257], [2.3372, 48.8249], [2.3373, 48.8249], [2.3374, 48.8245]], [[2.3374, 48.8245], [2.3375, 48.8241]], [[2.3375, 48.8241], [2.3376, 48.8237], [2.3377, 48.8235], [2.3378, 48.8233], [2.3378, 48.8232], [2.3378, 48.8231], [2.3379, 48.823], [2.338, 48.8229], [2.338, 48.8228], [2.3381, 48.8226], [2.3383, 48.8224], [2.3385, 48.8221], [2.3386, 48.822], [2.3386, 48.8219], [2.3387, 48.8219], [2.3387, 48.8218], [2.3388, 48.8217], [2.3388, 48.8216], [2.3389, 48.8215], [2.3389, 48.8214], [2.339, 48.8213], [2.339, 48.8212], [2.339, 48.8211], [2.339, 48.821], [2.339, 48.8207], [2.339, 48.8206]], [[2.339, 48.8206], [2.339, 48.8205]], [[2.339, 48.8205], [2.339, 48.8203], [2.339, 48.8201], [2.339, 48.82], [2.339, 48.8197], [2.339, 48.8195], [2.339, 48.8193], [2.339, 48.8189], [2.339, 48.8187], [2.3392, 48.8184], [2.3395, 48.8179], [2.3397, 48.8177], [2.3401, 48.8171], [2.3403, 48.8168], [2.3405, 48.8165], [2.3406, 48.8161]], [[2.3406, 48.8161], [2.3407, 48.816], [2.3407, 48.8159], [2.3407, 48.8158], [2.3408, 48.8156], [2.3409, 48.8154], [2.3409, 48.8152], [2.341, 48.815], [2.341, 48.8149], [2.341, 48.8147], [2.341, 48.8146], [2.341, 48.8145], [2.3409, 48.8143]], [[2.3409, 48.8143], [2.3409, 48.8141]], [[2.3409, 48.8141], [2.3409, 48.814]], [[2.3409, 48.814], [2.3408, 48.8139], [2.3408, 48.8137], [2.3407, 48.8136], [2.3406, 48.8134], [2.3404, 48.8132], [2.3403, 48.8129], [2.34, 48.8127]], [[2.34, 48.8127], [2.3398, 48.8125], [2.3396, 48.8123], [2.3395, 48.8121], [2.3393, 48.812], [2.3392, 48.8119], [2.3391, 48.8118], [2.3389, 48.8116], [2.3384, 48.8113], [2.3382, 48.8112]], [[2.3382, 48.8112], [2.3375, 48.8106]], [[2.3375, 48.8106], [2.337, 48.8103], [2.3368, 48.8101], [2.3364, 48.8098], [2.3361, 48.8096], [2.3358, 48.8093], [2.3349, 48.8087], [2.3345, 48.8083]], [[2.3345, 48.8083], [2.3342, 48.8082], [2.3335, 48.8076], [2.3333, 48.8075]], [[2.3333, 48.8075], [2.3329, 48.8072], [2.3325, 48.8069], [2.3322, 48.8067], [2.332, 48.8065], [2.3317, 48.8062], [2.331, 48.8057], [2.3307, 48.8054], [2.3305, 48.8053], [2.3304, 48.8052], [2.3303, 48.8051], [2.3301, 48.805], [2.33, 48.8048], [2.3298, 48.8046], [2.3296, 48.8043], [2.3294, 48.804], [2.3293, 48.8039], [2.3292, 48.8037], [2.3291, 48.8035], [2.3291, 48.8033], [2.329, 48.8032], [2.3289, 48.8027], [2.3288, 48.8021], [2.3287, 48.8017], [2.3285, 48.8008], [2.3284, 48.8004], [2.3284, 48.8003], [2.3284, 48.8002]], [[2.3284, 48.8002], [2.3284, 48.8001]], [[2.3284, 48.8001], [2.3284, 48.8]], [[2.3284, 48.8], [2.3279, 48.7976]], [[2.3279, 48.7976], [2.3279, 48.7975], [2.3279, 48.7974]], [[2.3279, 48.7974], [2.3279, 48.7972], [2.3278, 48.7969], [2.3277, 48.7967], [2.3276, 48.7963], [2.3275, 48.796], [2.3273, 48.7958], [2.3273, 48.7957]], [[2.3273, 48.7957], [2.3271, 48.7955]], [[2.3271, 48.7955], [2.327, 48.7953], [2.3269, 48.7952], [2.3267, 48.795], [2.3266, 48.7949], [2.3264, 48.7948], [2.3263, 48.7947], [2.3261, 48.7945], [2.326, 48.7945], [2.3258, 48.7943], [2.3256, 48.7942], [2.3253, 48.7941], [2.3253, 48.794], [2.325, 48.7939], [2.3248, 48.7939], [2.3246, 48.7938], [2.3243, 48.7937], [2.324, 48.7936], [2.3238, 48.7936], [2.3236, 48.7935]], [[2.3236, 48.7935], [2.3233, 48.7935], [2.3232, 48.7934], [2.3227, 48.7934], [2.3225, 48.7933], [2.3222, 48.7933], [2.3219, 48.7933], [2.3213, 48.7933]], [[2.3213, 48.7933], [2.3212, 48.7933]], [[2.3212, 48.7933], [2.321, 48.7932], [2.3206, 48.7932], [2.3205, 48.7932]], [[2.3205, 48.7932], [2.3202, 48.7932], [2.32, 48.7931], [2.3198, 48.7931], [2.3196, 48.7931], [2.3194, 48.793], [2.3192, 48.793], [2.319, 48.7929], [2.3188, 48.7928], [2.3185, 48.7927], [2.3183, 48.7926], [2.3182, 48.7926], [2.318, 48.7925], [2.3179, 48.7924], [2.3178, 48.7923], [2.3177, 48.7922], [2.3176, 48.7921], [2.3175, 48.792], [2.3174, 48.7919], [2.3173, 48.7918], [2.3172, 48.7917], [2.3171, 48.7916], [2.3168, 48.7912], [2.3164, 48.7905], [2.3161, 48.7899], [2.3158, 48.7895], [2.3154, 48.7889], [2.3151, 48.7884], [2.3148, 48.788], [2.3145, 48.7874], [2.3143, 48.7871], [2.3141, 48.7868], [2.3138, 48.7864], [2.3137, 48.7861], [2.3136, 48.7859], [2.3134, 48.7857], [2.3133, 48.7856], [2.3132, 48.7853], [2.313, 48.785]], [[2.313, 48.785], [2.3129, 48.7848], [2.3128, 48.7846]], [[2.3128, 48.7846], [2.3127, 48.7844], [2.3127, 48.7843]], [[2.3127, 48.7843], [2.3126, 48.7842], [2.3126, 48.7841], [2.3126, 48.784], [2.3125, 48.7839], [2.3125, 48.7837], [2.3125, 48.7835], [2.3125, 48.7834]], [[2.3125, 48.7834], [2.3124, 48.7831], [2.3124, 48.7829], [2.3124, 48.7828], [2.3124, 48.7826]], [[2.3124, 48.7826], [2.3124, 48.7825], [2.3124, 48.7823], [2.3125, 48.7819], [2.3125, 48.7817], [2.3125, 48.7815], [2.3125, 48.7814], [2.3125, 48.7813], [2.3125, 48.7811], [2.3125, 48.781], [2.3124, 48.7809], [2.3124, 48.7807], [2.3123, 48.7806], [2.3122, 48.7804], [2.3122, 48.7803], [2.3121, 48.7802], [2.312, 48.7801], [2.3119, 48.78], [2.3117, 48.7799], [2.3116, 48.7798], [2.3115, 48.7797], [2.3113, 48.7796], [2.3111, 48.7795], [2.3109, 48.7794], [2.3108, 48.7793], [2.3106, 48.7793]], [[2.3106, 48.7793], [2.3104, 48.7792], [2.3103, 48.7792], [2.3101, 48.7791], [2.31, 48.7791], [2.3099, 48.7791], [2.3097, 48.7791], [2.3094, 48.7791], [2.3092, 48.7791], [2.309, 48.7791], [2.3088, 48.7791], [2.3087, 48.7791], [2.3086, 48.7791], [2.3084, 48.7791], [2.3082, 48.7791], [2.3076, 48.7793], [2.3063, 48.7795], [2.3057, 48.7797], [2.3049, 48.7798], [2.3042, 48.78], [2.3021, 48.7804], [2.3002, 48.7808], [2.2994, 48.781], [2.2989, 48.7811], [2.2984, 48.7812], [2.2983, 48.7812], [2.298, 48.7812], [2.2978, 48.7813], [2.2976, 48.7814], [2.2975, 48.7814], [2.2974, 48.7814], [2.2972, 48.7815], [2.297, 48.7816], [2.2968, 48.7817], [2.2966, 48.7818], [2.2964, 48.7819], [2.2963, 48.782], [2.2962, 48.7822], [2.296, 48.7823], [2.2959, 48.7824], [2.2958, 48.7826], [2.2957, 48.7827], [2.2956, 48.7828], [2.2956, 48.7829]], [[2.2956, 48.7829], [2.2955, 48.783], [2.2955, 48.7831]], [[2.2955, 48.7831], [2.2955, 48.7832], [2.2954, 48.7833], [2.2954, 48.7834], [2.2954, 48.7835], [2.2954, 48.7836], [2.2954, 48.7837], [2.2954, 48.7838], [2.2954, 48.7839], [2.2954, 48.784], [2.2954, 48.7841], [2.2954, 48.7843], [2.2955, 48.7844]], [[2.2955, 48.7846], [2.2955, 48.7848], [2.2956, 48.785], [2.2956, 48.7852], [2.2956, 48.7853], [2.2956, 48.7854], [2.2956, 48.7855], [2.2956, 48.7856], [2.2956, 48.7857], [2.2955, 48.7859], [2.2955, 48.786], [2.2954, 48.7861], [2.2954, 48.7862], [2.2953, 48.7863], [2.2953, 48.7864]], [[2.2953, 48.7864], [2.2952, 48.7864], [2.2952, 48.7865]], [[2.2952, 48.7865], [2.2951, 48.7866], [2.295, 48.7866], [2.2949, 48.7867], [2.2948, 48.7868]], [[2.2948, 48.7868], [2.2948, 48.7869], [2.2947, 48.7869], [2.2945, 48.787], [2.2944, 48.7871], [2.2943, 48.7872], [2.2941, 48.7872], [2.294, 48.7873], [2.2939, 48.7873], [2.2937, 48.7874], [2.2935, 48.7874], [2.2934, 48.7875], [2.2933, 48.7875], [2.2931, 48.7875], [2.293, 48.7876], [2.2928, 48.7876], [2.2926, 48.7876], [2.2925, 48.7876], [2.2924, 48.7876], [2.2922, 48.7876], [2.2921, 48.7876], [2.292, 48.7876], [2.2919, 48.7876], [2.2917, 48.7876], [2.2916, 48.7876], [2.2915, 48.7876], [2.2914, 48.7875], [2.2912, 48.7875], [2.2911, 48.7875], [2.291, 48.7874]], [[2.291, 48.7874], [2.2909, 48.7874], [2.2907, 48.7874], [2.2906, 48.7873], [2.2905, 48.7873], [2.2903, 48.7872], [2.2902, 48.7872], [2.2901, 48.7871], [2.29, 48.787], [2.2898, 48.7869], [2.2897, 48.7869], [2.2896, 48.7868], [2.2895, 48.7867], [2.2894, 48.7866], [2.2893, 48.7864], [2.2891, 48.7862], [2.2888, 48.7859], [2.2887, 48.7858], [2.2886, 48.7856], [2.2885, 48.7855], [2.2884, 48.7854], [2.2883, 48.7854], [2.2882, 48.7853], [2.288, 48.7852], [2.2879, 48.7851], [2.2878, 48.785], [2.2877, 48.785], [2.2875, 48.7849], [2.2874, 48.7848], [2.2873, 48.7848], [2.2871, 48.7848], [2.287, 48.7847], [2.2869, 48.7847], [2.2867, 48.7846], [2.2865, 48.7846], [2.2859, 48.7845], [2.2854, 48.7844], [2.285, 48.7843], [2.2849, 48.7842], [2.2847, 48.7842], [2.2845, 48.7841], [2.2844, 48.784], [2.2842, 48.784], [2.2841, 48.7839], [2.284, 48.7838], [2.2838, 48.7838], [2.2837, 48.7837], [2.2836, 48.7836]], [[2.2836, 48.7836], [2.2834, 48.7835], [2.2833, 48.7834], [2.2833, 48.7833]], [[2.2833, 48.7833], [2.2831, 48.7832], [2.283, 48.7831], [2.283, 48.783], [2.2829, 48.7829], [2.2828, 48.7828], [2.2827, 48.7827], [2.2827, 48.7826], [2.2826, 48.7825]], [[2.2826, 48.7825], [2.2826, 48.7823], [2.2825, 48.7823]], [[2.2824, 48.7821], [2.2821, 48.7813]], [[2.2821, 48.7813], [2.282, 48.7811], [2.2819, 48.781], [2.2817, 48.7807], [2.2816, 48.7805], [2.2815, 48.7804], [2.2814, 48.7802], [2.2813, 48.7801]], [[2.5701, 49.0081], [2.5703, 49.0075]], [[2.5701, 49.0081], [2.5701, 49.0084], [2.5699, 49.0088], [2.5696, 49.0091], [2.5691, 49.0094], [2.5687, 49.0097], [2.5683, 49.0098], [2.5678, 49.01], [2.5671, 49.0101], [2.5665, 49.0101], [2.5659, 49.0102], [2.5654, 49.0101], [2.5649, 49.0101]], [[2.5649, 49.0101], [2.5635, 49.0099], [2.5632, 49.0098]], [[2.5632, 49.0098], [2.5631, 49.0098], [2.5599, 49.0095], [2.5596, 49.0095], [2.5584, 49.0094], [2.5578, 49.0093], [2.5575, 49.0092], [2.5572, 49.0092]], [[2.5572, 49.0092], [2.5568, 49.0091], [2.5567, 49.0091]], [[2.5567, 49.0091], [2.5565, 49.0091], [2.5564, 49.0091], [2.5561, 49.009], [2.5558, 49.0089], [2.5555, 49.0088], [2.5553, 49.0087], [2.555, 49.0086], [2.5548, 49.0085], [2.5542, 49.0083], [2.5514, 49.0072], [2.5505, 49.0069], [2.5496, 49.0067], [2.549, 49.0066]], [[2.549, 49.0066], [2.5487, 49.0066], [2.548, 49.0065], [2.5478, 49.0065], [2.5473, 49.0064], [2.5469, 49.0064], [2.5467, 49.0064], [2.5461, 49.0063], [2.5454, 49.0063], [2.5448, 49.0062], [2.5392, 49.0059], [2.5384, 49.0059], [2.5382, 49.0059], [2.538, 49.0059], [2.5376, 49.0059], [2.5373, 49.0059], [2.5369, 49.0059], [2.5367, 49.0059], [2.5364, 49.0059], [2.5362, 49.0059], [2.5358, 49.0059], [2.5347, 49.0061], [2.5343, 49.0061], [2.5338, 49.0061], [2.5335, 49.0062], [2.5332, 49.0062], [2.5329, 49.0062], [2.5325, 49.0062], [2.5321, 49.0062], [2.5318, 49.0062], [2.5316, 49.0061], [2.5313, 49.0061], [2.531, 49.0061], [2.5308, 49.0061], [2.5305, 49.006], [2.5303, 49.006], [2.5301, 49.0059], [2.5299, 49.0059], [2.5297, 49.0058], [2.5295, 49.0058], [2.5292, 49.0057], [2.529, 49.0056], [2.5287, 49.0055], [2.5285, 49.0055], [2.5282, 49.0054], [2.528, 49.0053], [2.5278, 49.0052], [2.5276, 49.0051], [2.5274, 49.0049], [2.5272, 49.0048], [2.5269, 49.0047], [2.5268, 49.0046], [2.5266, 49.0045], [2.5265, 49.0044], [2.5263, 49.0043]], [[2.5263, 49.0043], [2.5262, 49.0042], [2.5261, 49.004]], [[2.5261, 49.004], [2.526, 49.0039], [2.5258, 49.0038], [2.5257, 49.0037], [2.5256, 49.0035], [2.5254, 49.0034], [2.5253, 49.0033], [2.5252, 49.0031], [2.525, 49.0029], [2.5247, 49.0025], [2.5244, 49.0021], [2.5243, 49.002], [2.5242, 49.0018], [2.524, 49.0017], [2.5239, 49.0015], [2.5237, 49.0013], [2.5235, 49.0011], [2.5233, 49.001], [2.5228, 49.0004], [2.5224, 49.0], [2.5219, 48.9997], [2.5217, 48.9994], [2.5214, 48.9992], [2.5209, 48.9988], [2.5203, 48.9982], [2.52, 48.9979], [2.5196, 48.9975], [2.5193, 48.9972], [2.5191, 48.9969]], [[2.5191, 48.9969], [2.5189, 48.9967], [2.5187, 48.9963], [2.5186, 48.996], [2.5185, 48.9958]], [[2.5185, 48.9958], [2.5184, 48.9956], [2.5184, 48.9955], [2.5183, 48.9954], [2.5183, 48.9952], [2.5183, 48.9951], [2.5183, 48.9949], [2.5183, 48.9948], [2.5182, 48.9947], [2.5182, 48.9945]], [[2.5182, 48.9945], [2.5183, 48.9942], [2.5183, 48.994], [2.5183, 48.9938], [2.5184, 48.9936], [2.5184, 48.9933], [2.5186, 48.993], [2.5188, 48.9926]], [[2.5188, 48.9926], [2.519, 48.9921], [2.5193, 48.9917], [2.5196, 48.9911], [2.5198, 48.9908], [2.5199, 48.9906], [2.52, 48.9904], [2.52, 48.9902], [2.5202, 48.9898], [2.5203, 48.9895], [2.5204, 48.989], [2.5208, 48.9877], [2.521, 48.987], [2.5211, 48.9868], [2.5211, 48.9865], [2.5212, 48.9864]], [[2.5212, 48.9864], [2.5212, 48.9862], [2.5212, 48.986]], [[2.5212, 48.986], [2.5212, 48.9858], [2.5213, 48.9854], [2.5213, 48.9851], [2.5213, 48.9848], [2.5213, 48.9846], [2.5212, 48.9844], [2.5212, 48.9842], [2.5212, 48.984], [2.5211, 48.9838], [2.5211, 48.9836], [2.521, 48.9834], [2.5209, 48.9832], [2.5209, 48.983], [2.5208, 48.9828], [2.5207, 48.9826], [2.5206, 48.9824], [2.5205, 48.9822], [2.5204, 48.982], [2.5203, 48.9819], [2.5202, 48.9817], [2.52, 48.9814], [2.5197, 48.981], [2.5194, 48.9806], [2.5188, 48.9797], [2.5182, 48.9788], [2.5181, 48.9787], [2.518, 48.9785], [2.5177, 48.9781], [2.5176, 48.9778], [2.5174, 48.9776], [2.517, 48.977], [2.517, 48.9769]], [[2.517, 48.9769], [2.5164, 48.9761], [2.5162, 48.9758], [2.516, 48.9755], [2.516, 48.9754], [2.5157, 48.975], [2.5155, 48.9747], [2.5153, 48.9745], [2.5146, 48.9734], [2.5141, 48.9727], [2.514, 48.9725], [2.5138, 48.9723], [2.5135, 48.9719], [2.5131, 48.9715], [2.5128, 48.9711], [2.5125, 48.9706]], [[2.5125, 48.9706], [2.5122, 48.9703], [2.512, 48.97], [2.5119, 48.9699], [2.5117, 48.9696], [2.5116, 48.9694], [2.5115, 48.9692], [2.5114, 48.9691], [2.5113, 48.9689], [2.5112, 48.9688], [2.5112, 48.9686], [2.5111, 48.9685], [2.5111, 48.9684], [2.5111, 48.9683], [2.511, 48.9681], [2.5109, 48.9679], [2.5109, 48.9677], [2.5109, 48.9676], [2.5109, 48.9674], [2.5108, 48.9672], [2.5108, 48.967], [2.5108, 48.9668], [2.5108, 48.9666], [2.5109, 48.9664], [2.5109, 48.9662], [2.5109, 48.966], [2.511, 48.9659], [2.511, 48.9657], [2.5111, 48.9655], [2.5111, 48.9653], [2.5112, 48.9652], [2.5113, 48.965], [2.5114, 48.9649], [2.5115, 48.9646], [2.5118, 48.9641], [2.512, 48.9638], [2.5122, 48.9635]], [[2.5122, 48.9635], [2.5124, 48.9632], [2.5129, 48.9624], [2.5133, 48.9617], [2.5134, 48.9615]], [[2.5134, 48.9615], [2.5135, 48.9614], [2.5138, 48.961]], [[2.5138, 48.961], [2.5138, 48.9609]], [[2.5138, 48.9609], [2.5141, 48.9604], [2.5143, 48.9602], [2.5144, 48.96], [2.5146, 48.9598], [2.5147, 48.9596], [2.5149, 48.9595], [2.5151, 48.9593], [2.5153, 48.959], [2.5158, 48.9586], [2.5159, 48.9584], [2.5163, 48.958], [2.5166, 48.9577], [2.5178, 48.9565], [2.5182, 48.9561]], [[2.5182, 48.9561], [2.5186, 48.9558]], [[2.5186, 48.9558], [2.5196, 48.9547], [2.5207, 48.9537], [2.5217, 48.9526], [2.5228, 48.9516], [2.523, 48.9513], [2.5232, 48.9511], [2.5234, 48.9509], [2.5236, 48.9507]], [[2.5236, 48.9507], [2.5238, 48.9505], [2.5239, 48.9502], [2.5241, 48.9499], [2.5243, 48.9496], [2.5244, 48.9493], [2.5246, 48.9489], [2.5246, 48.9485], [2.5247, 48.9483]], [[2.5247, 48.9483], [2.5247, 48.9478]], [[2.5247, 48.9478], [2.5248, 48.9476], [2.525, 48.9453], [2.5251, 48.9445], [2.525, 48.9439]], [[2.525, 48.9439], [2.5249, 48.9434], [2.524, 48.9409], [2.5233, 48.9396], [2.5224, 48.9382], [2.5217, 48.937], [2.5207, 48.9358], [2.5198, 48.9351], [2.5192, 48.9345], [2.518, 48.9337], [2.5171, 48.9333], [2.516, 48.933]], [[2.516, 48.933], [2.5158, 48.9329], [2.5156, 48.9329], [2.5154, 48.9328], [2.5152, 48.9328], [2.515, 48.9327], [2.5149, 48.9327], [2.5147, 48.9327], [2.5145, 48.9327], [2.5143, 48.9326], [2.5141, 48.9326], [2.5138, 48.9326], [2.5135, 48.9325], [2.513, 48.9325], [2.5127, 48.9325], [2.5113, 48.9324], [2.5107, 48.9323], [2.5098, 48.9322]], [[2.5098, 48.9322], [2.509, 48.9322]], [[2.509, 48.9322], [2.5089, 48.9322], [2.5086, 48.9322], [2.5083, 48.9321], [2.508, 48.9321], [2.5078, 48.9321], [2.5077, 48.9321], [2.5075, 48.9321], [2.5074, 48.9321], [2.507, 48.9321], [2.5064, 48.9321], [2.5056, 48.9321], [2.5052, 48.9321], [2.505, 48.9321], [2.5046, 48.9321], [2.5035, 48.9321], [2.5032, 48.9322], [2.5025, 48.9322], [2.5016, 48.9322], [2.5009, 48.9322], [2.5004, 48.9322], [2.5001, 48.9322], [2.4997, 48.9322], [2.4993, 48.9322], [2.4985, 48.9322]], [[2.4985, 48.9322], [2.4981, 48.9322], [2.4976, 48.9322], [2.4974, 48.9322], [2.4971, 48.9322], [2.4956, 48.9322], [2.495, 48.9322]], [[2.495, 48.9322], [2.4945, 48.9322], [2.4941, 48.9322], [2.4937, 48.9321], [2.4933, 48.9321], [2.4928, 48.9321], [2.4924, 48.9321], [2.4921, 48.9321], [2.4914, 48.9321], [2.4913, 48.9321], [2.4904, 48.9322], [2.4898, 48.9322], [2.4887, 48.9322], [2.4886, 48.9322], [2.4885, 48.9322], [2.4875, 48.9322], [2.4871, 48.9322], [2.4857, 48.9322], [2.4847, 48.9322], [2.4836, 48.9322], [2.4824, 48.9322], [2.4813, 48.9323], [2.4807, 48.9323], [2.4801, 48.9323]], [[2.4801, 48.9323], [2.4791, 48.9323], [2.4778, 48.9323], [2.4769, 48.9323], [2.4763, 48.9323], [2.4758, 48.9323], [2.4747, 48.9323], [2.4741, 48.9323], [2.4734, 48.9324], [2.4726, 48.9324], [2.4721, 48.9324]], [[2.4721, 48.9324], [2.4716, 48.9324], [2.4713, 48.9324], [2.4709, 48.9324], [2.4706, 48.9324], [2.47, 48.9324], [2.4694, 48.9324], [2.4684, 48.9325], [2.4673, 48.9325], [2.4669, 48.9325], [2.4657, 48.9325], [2.465, 48.9326], [2.4639, 48.9326], [2.4634, 48.9326], [2.4628, 48.9326], [2.4618, 48.9326], [2.4612, 48.9326], [2.4592, 48.9327], [2.4574, 48.9327], [2.4569, 48.9327], [2.4566, 48.9327], [2.4564, 48.9327], [2.4558, 48.9327], [2.4552, 48.9327], [2.4537, 48.9328], [2.4529, 48.9328], [2.4523, 48.9328], [2.4517, 48.9328], [2.4512, 48.9328], [2.4506, 48.9327], [2.4494, 48.9327], [2.4491, 48.9327], [2.4483, 48.9327], [2.4477, 48.9327], [2.4469, 48.9327], [2.4461, 48.9327], [2.4436, 48.9328], [2.4414, 48.9328], [2.4409, 48.9328], [2.4404, 48.9328], [2.4398, 48.9328], [2.4393, 48.9328], [2.4387, 48.9327], [2.4382, 48.9327], [2.4376, 48.9327], [2.4372, 48.9326], [2.4364, 48.9326], [2.436, 48.9325], [2.4355, 48.9324], [2.4351, 48.9324], [2.4347, 48.9323], [2.4344, 48.9323], [2.434, 48.9322], [2.4334, 48.9321], [2.4326, 48.932], [2.4317, 48.9318], [2.4314, 48.9318], [2.4307, 48.9316], [2.4294, 48.9314], [2.429, 48.9313], [2.4285, 48.9312], [2.428, 48.9312], [2.4278, 48.9311], [2.4265, 48.9309], [2.4253, 48.9307], [2.4243, 48.9305], [2.424, 48.9305], [2.4235, 48.9304], [2.4229, 48.9303], [2.4218, 48.9301], [2.4212, 48.93], [2.4208, 48.9299], [2.4201, 48.9298], [2.4185, 48.9296], [2.4163, 48.9292], [2.4152, 48.929], [2.4141, 48.9289], [2.4129, 48.9287], [2.412, 48.9285], [2.4107, 48.9283], [2.4096, 48.9281], [2.4085, 48.9279], [2.4078, 48.9278], [2.4077, 48.9278], [2.4064, 48.9276], [2.4053, 48.9274], [2.4044, 48.9273], [2.404, 48.9272], [2.4036, 48.9271], [2.4033, 48.9271], [2.4024, 48.9269], [2.4013, 48.9267], [2.4008, 48.9267], [2.4001, 48.9265], [2.3991, 48.9264], [2.3981, 48.9263], [2.3975, 48.9262], [2.3971, 48.9261], [2.3962, 48.926], [2.3956, 48.9259], [2.3946, 48.9257], [2.3934, 48.9255], [2.3923, 48.9254], [2.3913, 48.9252], [2.3903, 48.925], [2.3897, 48.9249], [2.3893, 48.9249], [2.3887, 48.9248], [2.388, 48.9247], [2.3878, 48.9246], [2.3869, 48.9245], [2.3859, 48.9243], [2.3849, 48.9241], [2.3843, 48.924]], [[2.3843, 48.924], [2.3841, 48.924]], [[2.3841, 48.924], [2.3835, 48.9239], [2.3829, 48.9238], [2.3826, 48.9237], [2.3822, 48.9236]], [[2.3822, 48.9236], [2.3819, 48.9235], [2.3816, 48.9235], [2.3811, 48.9234], [2.3807, 48.9233]], [[2.3807, 48.9233], [2.3805, 48.9232]], [[2.3805, 48.9232], [2.3801, 48.9231], [2.3798, 48.9231], [2.3792, 48.9229], [2.3786, 48.9228], [2.3781, 48.9227], [2.3777, 48.9226], [2.3771, 48.9224], [2.3766, 48.9223], [2.3755, 48.922], [2.375, 48.9219]], [[2.375, 48.9219], [2.3746, 48.9218]], [[2.3746, 48.9218], [2.3732, 48.9215], [2.3725, 48.9213], [2.3721, 48.9212], [2.3719, 48.9211], [2.3717, 48.9211], [2.3707, 48.9208], [2.37, 48.9207], [2.3697, 48.9206], [2.3693, 48.9205]], [[2.3693, 48.9205], [2.3681, 48.9202]], [[2.3681, 48.9202], [2.3676, 48.9201], [2.3673, 48.92], [2.3671, 48.9199], [2.3669, 48.9199], [2.3667, 48.9198], [2.3664, 48.9197], [2.366, 48.9196]], [[2.366, 48.9196], [2.3651, 48.9192]], [[2.3651, 48.9192], [2.3648, 48.9191], [2.3644, 48.9189], [2.3639, 48.9187]], [[2.3639, 48.9187], [2.3637, 48.9186], [2.3633, 48.9184], [2.363, 48.9183], [2.3627, 48.9181], [2.3622, 48.9178], [2.3617, 48.9176], [2.3617, 48.9175]], [[2.3617, 48.9175], [2.3612, 48.9173], [2.3605, 48.9169], [2.3597, 48.9164], [2.3594, 48.9163], [2.3588, 48.916], [2.3582, 48.9156], [2.3581, 48.9156]], [[2.3581, 48.9156], [2.3573, 48.9152]], [[2.3573, 48.9152], [2.3573, 48.9151], [2.3568, 48.9149], [2.3563, 48.9146], [2.3561, 48.9145]], [[2.3561, 48.9145], [2.3559, 48.9144], [2.3558, 48.9143], [2.3554, 48.9141], [2.3551, 48.9139], [2.3548, 48.9138], [2.3547, 48.9137], [2.3545, 48.9136], [2.3544, 48.9135], [2.3543, 48.9134], [2.3541, 48.9133], [2.354, 48.9132], [2.3538, 48.9131], [2.3537, 48.9129], [2.3536, 48.9128], [2.3535, 48.9127], [2.3534, 48.9126], [2.3533, 48.9125], [2.3532, 48.9124], [2.3531, 48.9123], [2.353, 48.9122], [2.3529, 48.912], [2.3529, 48.9119], [2.3528, 48.9118], [2.3527, 48.9117], [2.3527, 48.9116], [2.3527, 48.9115], [2.3526, 48.9114], [2.3526, 48.9113]], [[2.3526, 48.9113], [2.3525, 48.9112]], [[2.3525, 48.9112], [2.3525, 48.9111], [2.3525, 48.911], [2.3525, 48.9109]], [[2.3525, 48.9109], [2.3524, 48.9107]], [[2.3524, 48.9107], [2.3524, 48.9105], [2.3524, 48.9104], [2.3524, 48.9103]], [[2.3524, 48.9103], [2.3524, 48.9101], [2.3524, 48.91], [2.3524, 48.9099], [2.3525, 48.9097], [2.3525, 48.9096]], [[2.3525, 48.9096], [2.3525, 48.9093], [2.3526, 48.909], [2.3527, 48.9088], [2.3527, 48.9086], [2.3529, 48.9083], [2.353, 48.9081], [2.353, 48.9078], [2.3531, 48.9078], [2.3531, 48.9077], [2.3531, 48.9076], [2.3531, 48.9075], [2.3532, 48.9073], [2.3532, 48.9072], [2.3532, 48.9071], [2.3532, 48.907], [2.3532, 48.9069], [2.3532, 48.9065]], [[2.3532, 48.9065], [2.3533, 48.906], [2.3533, 48.9057], [2.3535, 48.9051], [2.3536, 48.9046], [2.354, 48.9035], [2.3543, 48.9025], [2.3544, 48.9023], [2.3544, 48.9019], [2.3545, 48.9016], [2.3546, 48.9013], [2.3547, 48.9009], [2.3547, 48.9005], [2.3548, 48.9001], [2.3548, 48.8995], [2.3549, 48.899], [2.355, 48.8986]], [[2.355, 48.8986], [2.355, 48.8983], [2.355, 48.8981]], [[2.355, 48.8981], [2.3551, 48.8979], [2.3551, 48.8977], [2.3552, 48.8973], [2.3553, 48.897], [2.3554, 48.8965], [2.3555, 48.8961], [2.3556, 48.8958], [2.3556, 48.8956], [2.3556, 48.8954], [2.3557, 48.8952], [2.3558, 48.8949], [2.3559, 48.8947], [2.3559, 48.8946], [2.3559, 48.8945]], [[2.3559, 48.8945], [2.3561, 48.8941]], [[2.3561, 48.8941], [2.3561, 48.8939], [2.3562, 48.8937], [2.3563, 48.8935], [2.3563, 48.8932], [2.3564, 48.8931], [2.3565, 48.8928], [2.3566, 48.8927], [2.3566, 48.8925], [2.3567, 48.8924], [2.3567, 48.8923], [2.3568, 48.8922], [2.3568, 48.892]], [[2.3568, 48.892], [2.357, 48.8916], [2.3571, 48.8915]], [[2.3571, 48.8915], [2.3572, 48.8911], [2.3574, 48.8908], [2.3575, 48.8906], [2.3575, 48.8902], [2.3576, 48.8898]], [[2.3576, 48.8898], [2.3579, 48.8884], [2.3579, 48.8875], [2.358, 48.8864]], [[2.6423, 48.9759], [2.6412, 48.9752], [2.641, 48.975]], [[2.64, 48.9743], [2.6401, 48.9744], [2.6403, 48.9746], [2.6407, 48.9748], [2.641, 48.975]], [[2.6399, 48.9742], [2.64, 48.9743]], [[2.6398, 48.9742], [2.6399, 48.9742]], [[2.6391, 48.9737], [2.6398, 48.9742]], [[2.6391, 48.9737], [2.639, 48.9736], [2.6389, 48.9736], [2.6364, 48.9718], [2.6356, 48.9713], [2.6355, 48.9712]], [[2.6355, 48.9712], [2.6354, 48.9711]], [[2.6354, 48.9711], [2.6353, 48.9711], [2.6337, 48.97], [2.6334, 48.9698], [2.631, 48.9682], [2.6301, 48.9675], [2.6293, 48.967], [2.6287, 48.9665], [2.6271, 48.9654], [2.6262, 48.9648], [2.6257, 48.9645], [2.6249, 48.9639]], [[2.6249, 48.9639], [2.6237, 48.9631], [2.6233, 48.9628], [2.6228, 48.9625], [2.6224, 48.9623], [2.6217, 48.9618], [2.6209, 48.9613], [2.62, 48.9607], [2.6191, 48.96], [2.6182, 48.9594], [2.6173, 48.9588], [2.6166, 48.9583], [2.6162, 48.958], [2.6158, 48.9577], [2.6154, 48.9574], [2.6149, 48.9571], [2.6144, 48.9568], [2.614, 48.9565], [2.6135, 48.9562]], [[2.6135, 48.9562], [2.6133, 48.9561], [2.613, 48.956], [2.6129, 48.9559], [2.6127, 48.9558], [2.6125, 48.9557], [2.6122, 48.9555], [2.612, 48.9555], [2.6117, 48.9553], [2.6114, 48.9552], [2.6111, 48.9551], [2.6107, 48.955], [2.6104, 48.9549], [2.6101, 48.9548], [2.6098, 48.9547], [2.6094, 48.9546], [2.6085, 48.9544], [2.6078, 48.9543], [2.6068, 48.954], [2.6057, 48.9538]], [[2.6056, 48.9538], [2.6054, 48.9537], [2.6052, 48.9537], [2.6047, 48.9536], [2.6025, 48.953], [2.602, 48.9529]], [[2.602, 48.9529], [2.6011, 48.9527], [2.6, 48.9524], [2.5996, 48.9523], [2.5986, 48.9521], [2.5968, 48.9517], [2.5951, 48.9513], [2.5925, 48.9507], [2.5878, 48.9496], [2.5863, 48.9492], [2.5847, 48.9489]], [[2.5847, 48.9489], [2.5846, 48.9488]], [[2.5846, 48.9488], [2.5829, 48.9484], [2.5816, 48.9481], [2.5797, 48.9476], [2.5756, 48.9466], [2.5736, 48.9461], [2.5707, 48.9453], [2.5698, 48.9451], [2.5692, 48.9449], [2.5683, 48.9447], [2.568, 48.9446], [2.5676, 48.9445], [2.5664, 48.9442], [2.5654, 48.9439], [2.5651, 48.9439], [2.5646, 48.9437], [2.5637, 48.9435], [2.5592, 48.9423], [2.5544, 48.941], [2.5529, 48.9406], [2.5514, 48.9402], [2.5506, 48.94], [2.5491, 48.9397], [2.5479, 48.9394], [2.5469, 48.9391], [2.5457, 48.9388], [2.5421, 48.938], [2.5415, 48.9379], [2.5393, 48.9374], [2.5384, 48.9371], [2.5379, 48.937], [2.5375, 48.9369], [2.5372, 48.9369]], [[2.5372, 48.9369], [2.5369, 48.9368], [2.5362, 48.9367], [2.5357, 48.9366], [2.5354, 48.9365], [2.5351, 48.9364], [2.5348, 48.9364], [2.5343, 48.9362], [2.5339, 48.9361], [2.5335, 48.936]], [[2.5335, 48.936], [2.5328, 48.9358], [2.532, 48.9355], [2.5309, 48.9352], [2.5306, 48.9351], [2.5301, 48.935], [2.5292, 48.9347], [2.5289, 48.9346], [2.5284, 48.9345], [2.5276, 48.9342]], [[2.5276, 48.9342], [2.5275, 48.9342]], [[2.5275, 48.9342], [2.5271, 48.9341], [2.526, 48.9338], [2.524, 48.9332], [2.5232, 48.933], [2.5229, 48.9329], [2.5225, 48.9328], [2.5221, 48.9327], [2.5218, 48.9326], [2.5213, 48.9325], [2.521, 48.9324], [2.5206, 48.9323], [2.5203, 48.9323], [2.5201, 48.9322], [2.5198, 48.9322], [2.5195, 48.9321], [2.5193, 48.9321], [2.519, 48.9321], [2.5187, 48.932], [2.5185, 48.932], [2.5182, 48.932], [2.5178, 48.9319], [2.5175, 48.9319], [2.5169, 48.9319], [2.5165, 48.9319], [2.5163, 48.9319], [2.5162, 48.9319], [2.5161, 48.9319], [2.5158, 48.9319], [2.5154, 48.9319], [2.515, 48.9319], [2.5138, 48.9319], [2.5136, 48.9319], [2.5133, 48.9319], [2.513, 48.932], [2.5127, 48.932], [2.5124, 48.932], [2.512, 48.932], [2.5117, 48.932], [2.5113, 48.932], [2.5106, 48.9321], [2.51, 48.9322], [2.5095, 48.9322], [2.5092, 48.9322], [2.509, 48.9322], [2.5087, 48.9322], [2.5085, 48.9322], [2.5082, 48.9322], [2.508, 48.9322], [2.5074, 48.9322], [2.5063, 48.9322], [2.5057, 48.9322], [2.5054, 48.9322], [2.5051, 48.9322], [2.5047, 48.9322], [2.5035, 48.9322], [2.5025, 48.9322], [2.5024, 48.9322], [2.5016, 48.9322], [2.5003, 48.9322], [2.4991, 48.9322], [2.4985, 48.9322]], [[2.3128, 48.7846], [2.3127, 48.7845], [2.3126, 48.7844], [2.3126, 48.7843]], [[2.3126, 48.7843], [2.3125, 48.7841], [2.3124, 48.7839], [2.3124, 48.7837], [2.3124, 48.7836], [2.3124, 48.7834], [2.3124, 48.7833], [2.3124, 48.7831], [2.3124, 48.783], [2.3124, 48.7829], [2.3125, 48.7828], [2.3125, 48.7826]], [[2.3125, 48.7826], [2.3126, 48.7821], [2.3127, 48.7817], [2.3127, 48.7815], [2.3127, 48.7814], [2.3127, 48.7812], [2.3127, 48.7811], [2.3127, 48.781], [2.3127, 48.7808], [2.3126, 48.7806], [2.3126, 48.7805], [2.3125, 48.7804], [2.3125, 48.7802], [2.3123, 48.78]], [[2.3123, 48.78], [2.3122, 48.7797], [2.312, 48.7794], [2.3119, 48.7792], [2.3117, 48.7789], [2.3116, 48.7787], [2.3114, 48.7784]], [[2.3114, 48.7784], [2.3113, 48.7782], [2.3112, 48.7779], [2.3111, 48.7778], [2.3109, 48.7775], [2.3107, 48.7772]], [[2.3107, 48.7772], [2.3105, 48.7768], [2.3104, 48.7766], [2.3103, 48.7763], [2.3102, 48.776], [2.3101, 48.7758], [2.31, 48.7755], [2.31, 48.7753]], [[2.31, 48.7753], [2.3099, 48.7752], [2.3099, 48.7749], [2.3099, 48.7748], [2.3099, 48.7746], [2.3099, 48.7745]], [[2.3099, 48.7745], [2.3099, 48.7742], [2.3099, 48.7741], [2.31, 48.774], [2.31, 48.7738], [2.31, 48.7735], [2.3102, 48.7729], [2.3102, 48.7726], [2.3103, 48.7723], [2.3103, 48.772], [2.3103, 48.7718], [2.3103, 48.7716], [2.3103, 48.7714], [2.3103, 48.7713], [2.3103, 48.771]], [[2.3103, 48.771], [2.3103, 48.7708], [2.3102, 48.7706]], [[2.3102, 48.7706], [2.3102, 48.7704], [2.3101, 48.7702], [2.3101, 48.77], [2.31, 48.7698], [2.3099, 48.7696], [2.3099, 48.7694], [2.3098, 48.7692], [2.3097, 48.769], [2.3096, 48.7688], [2.3095, 48.7686], [2.3094, 48.7684], [2.3092, 48.7682], [2.3091, 48.768], [2.309, 48.7678], [2.3087, 48.7675], [2.3085, 48.7672], [2.308, 48.7667], [2.3075, 48.7662], [2.3071, 48.7657], [2.3064, 48.7649]], [[2.3064, 48.7649], [2.3063, 48.7648]], [[2.3063, 48.7648], [2.3061, 48.7645], [2.3057, 48.764], [2.3052, 48.7633]], [[2.3052, 48.7633], [2.3048, 48.7627]], [[2.3048, 48.7627], [2.3046, 48.7624], [2.3045, 48.7622], [2.3037, 48.7606], [2.3037, 48.7605]], [[2.3037, 48.7605], [2.3035, 48.7602], [2.3032, 48.7595], [2.303, 48.7591], [2.3028, 48.7588], [2.3028, 48.7587], [2.3017, 48.7565], [2.3016, 48.7562], [2.3015, 48.756], [2.3013, 48.7556]], [[2.3013, 48.7556], [2.3011, 48.7552]], [[2.3011, 48.7552], [2.3009, 48.7546], [2.3007, 48.7541]], [[2.3007, 48.7541], [2.3005, 48.7537], [2.3005, 48.7536]], [[2.3005, 48.7536], [2.3003, 48.7532], [2.3002, 48.7527], [2.2999, 48.7515], [2.2997, 48.7508], [2.2996, 48.7502]], [[2.2996, 48.7502], [2.2996, 48.7501]], [[2.2996, 48.7501], [2.299, 48.7477]], [[2.299, 48.7477], [2.299, 48.7475]], [[2.299, 48.7475], [2.2989, 48.747], [2.2988, 48.7469], [2.2987, 48.7464], [2.2986, 48.7461], [2.2985, 48.746], [2.2984, 48.7458], [2.2983, 48.7455], [2.2981, 48.7452], [2.2977, 48.7447], [2.2976, 48.7446], [2.2974, 48.7443]], [[2.2974, 48.7443], [2.2972, 48.7441]], [[2.2972, 48.7441], [2.2969, 48.7438], [2.2966, 48.7435], [2.2963, 48.7433], [2.2961, 48.7431], [2.2957, 48.7429], [2.2953, 48.7426], [2.2949, 48.7423], [2.2947, 48.7423], [2.2947, 48.7422], [2.2945, 48.7422], [2.2941, 48.742], [2.2938, 48.7418], [2.2934, 48.7416], [2.2929, 48.7415], [2.2925, 48.7414], [2.2925, 48.7413], [2.2915, 48.741], [2.2907, 48.7407], [2.2901, 48.7405], [2.29, 48.7405], [2.2896, 48.7403], [2.2894, 48.7403], [2.2868, 48.7394], [2.2867, 48.7393], [2.2863, 48.7392], [2.2853, 48.7388]], [[2.2853, 48.7388], [2.2843, 48.7385], [2.2838, 48.7383], [2.2836, 48.7382], [2.2833, 48.7381], [2.2828, 48.7379], [2.2818, 48.7374], [2.2815, 48.7373], [2.2813, 48.7372], [2.2811, 48.7371], [2.2806, 48.7369], [2.2802, 48.7368], [2.2797, 48.7367], [2.2792, 48.7366]], [[2.2792, 48.7366], [2.2787, 48.7365], [2.2783, 48.7363], [2.2776, 48.7361], [2.2771, 48.7359]], [[2.2771, 48.7359], [2.276, 48.7355], [2.2737, 48.7348], [2.273, 48.7346]], [[2.273, 48.7346], [2.2729, 48.7345], [2.2728, 48.7345]], [[2.2728, 48.7345], [2.2723, 48.7343], [2.2721, 48.7342], [2.2719, 48.7341], [2.2713, 48.7339]], [[2.2713, 48.7339], [2.2707, 48.7336]], [[2.2707, 48.7336], [2.2705, 48.7335], [2.2703, 48.7334], [2.2701, 48.7333], [2.2699, 48.7333], [2.2698, 48.7332], [2.2696, 48.7331], [2.2695, 48.733], [2.2693, 48.7329], [2.2692, 48.7328], [2.2691, 48.7326], [2.269, 48.7326], [2.2688, 48.7324], [2.2687, 48.7322], [2.2681, 48.7315], [2.268, 48.7314], [2.2678, 48.7312]], [[2.2678, 48.7312], [2.2677, 48.7311]], [[2.2677, 48.7311], [2.2676, 48.731], [2.2674, 48.7308], [2.2666, 48.7302], [2.2659, 48.7297], [2.2648, 48.7289], [2.2644, 48.7287], [2.2636, 48.7281], [2.2631, 48.7276], [2.263, 48.7276]], [[2.263, 48.7276], [2.2628, 48.7274], [2.2624, 48.7271]], [[2.26, 48.7252], [2.261, 48.7261], [2.2611, 48.7262], [2.2616, 48.7265], [2.2619, 48.7267], [2.2622, 48.7269], [2.2624, 48.7271]], [[2.5703, 49.0067], [2.5704, 49.0057], [2.5704, 49.0056], [2.5704, 49.0053]], [[2.5701, 49.0081], [2.5703, 49.0067]], [[2.2599, 48.7253], [2.261, 48.7261], [2.2611, 48.7262]], [[2.2611, 48.7262], [2.2614, 48.7264], [2.2616, 48.7266], [2.2618, 48.7268]], [[2.2618, 48.7268], [2.2624, 48.7271]], [[2.2624, 48.7271], [2.2626, 48.7273], [2.263, 48.7276], [2.2631, 48.7277], [2.2633, 48.7278], [2.2635, 48.728], [2.2641, 48.7285], [2.2644, 48.7287], [2.2647, 48.7289], [2.2659, 48.7298], [2.2667, 48.7304], [2.2674, 48.7309], [2.2675, 48.731], [2.2677, 48.7311]], [[2.2678, 48.7312], [2.268, 48.7314], [2.2681, 48.7315], [2.2684, 48.732], [2.2685, 48.732], [2.2686, 48.7322], [2.2688, 48.7324], [2.2689, 48.7326], [2.269, 48.7327], [2.2692, 48.7328], [2.2693, 48.7329], [2.2694, 48.733], [2.2696, 48.7331], [2.2697, 48.7332], [2.2699, 48.7333], [2.2701, 48.7334], [2.2703, 48.7335], [2.2705, 48.7336], [2.2708, 48.7337]], [[2.2708, 48.7337], [2.2714, 48.734]], [[2.2714, 48.734], [2.2718, 48.7342], [2.2721, 48.7343], [2.2723, 48.7344], [2.2728, 48.7345]], [[2.2728, 48.7345], [2.273, 48.7346]], [[2.273, 48.7346], [2.2737, 48.7348], [2.2759, 48.7355], [2.277, 48.7359]], [[2.277, 48.7359], [2.2771, 48.736]], [[2.2771, 48.736], [2.2777, 48.7362], [2.2781, 48.7363], [2.2785, 48.7364], [2.2788, 48.7365], [2.2792, 48.7366]], [[2.2792, 48.7366], [2.2797, 48.7367], [2.2801, 48.7368], [2.2806, 48.737], [2.281, 48.7371], [2.2813, 48.7372], [2.2815, 48.7373], [2.2818, 48.7374], [2.2828, 48.7379], [2.2833, 48.7381], [2.2837, 48.7383], [2.2843, 48.7385], [2.2853, 48.7389]], [[2.2853, 48.7389], [2.2863, 48.7392], [2.2894, 48.7403], [2.2895, 48.7403], [2.2914, 48.741], [2.2916, 48.7411], [2.2929, 48.7415], [2.2934, 48.7417], [2.2937, 48.7418], [2.294, 48.7419], [2.2945, 48.7422], [2.2947, 48.7423], [2.2949, 48.7424], [2.2954, 48.7427], [2.2959, 48.743], [2.2962, 48.7433], [2.2965, 48.7435], [2.2968, 48.7438], [2.2969, 48.7439], [2.2971, 48.7441]], [[2.2971, 48.7441], [2.2973, 48.7443]], [[2.2973, 48.7443], [2.2975, 48.7445], [2.2977, 48.7447], [2.298, 48.7451], [2.2981, 48.7453], [2.2983, 48.7456], [2.2984, 48.7459], [2.2986, 48.7462], [2.2987, 48.7464], [2.2987, 48.7467], [2.2988, 48.7471], [2.2989, 48.7475]], [[2.2989, 48.7475], [2.299, 48.7477]], [[2.299, 48.7477], [2.2995, 48.7501]], [[2.2995, 48.7501], [2.2995, 48.7502]], [[2.2995, 48.7502], [2.3001, 48.7527], [2.3003, 48.7532], [2.3004, 48.7536], [2.3006, 48.7542]], [[2.3006, 48.7542], [2.3008, 48.7546], [2.3011, 48.7552]], [[2.3011, 48.7552], [2.3012, 48.7556], [2.3014, 48.756], [2.302, 48.7571], [2.3022, 48.7575], [2.3024, 48.758], [2.3029, 48.7589], [2.3035, 48.7602], [2.3036, 48.7605], [2.3037, 48.7605]], [[2.3037, 48.7605], [2.3045, 48.7622], [2.3046, 48.7624], [2.3048, 48.7627]], [[2.3048, 48.7627], [2.3051, 48.7633]], [[2.3051, 48.7633], [2.3056, 48.764], [2.3058, 48.7643], [2.3061, 48.7645], [2.3061, 48.7646], [2.3062, 48.7647], [2.3063, 48.7648]], [[2.3064, 48.7649], [2.3066, 48.7652], [2.3069, 48.7655], [2.3071, 48.7657], [2.3075, 48.7662], [2.3081, 48.7669], [2.3084, 48.7672], [2.3087, 48.7676], [2.3089, 48.7678], [2.309, 48.768], [2.3091, 48.7681], [2.3092, 48.7683], [2.3093, 48.7684], [2.3095, 48.7687], [2.3096, 48.7689], [2.3097, 48.769], [2.3097, 48.7692], [2.3098, 48.7694], [2.3099, 48.7696], [2.31, 48.7698], [2.31, 48.77], [2.3101, 48.7701], [2.3101, 48.7703], [2.3102, 48.7706]], [[2.3102, 48.7706], [2.3102, 48.7708], [2.3102, 48.771]], [[2.3102, 48.771], [2.3103, 48.7713], [2.3103, 48.7715], [2.3103, 48.7717], [2.3103, 48.7718], [2.3103, 48.772], [2.3102, 48.7722], [2.3102, 48.7724], [2.3102, 48.7726], [2.3101, 48.7731], [2.31, 48.7736]], [[2.31, 48.7736], [2.3099, 48.7738], [2.3099, 48.774], [2.3099, 48.7742], [2.3099, 48.7745], [2.3099, 48.7747], [2.3099, 48.7749], [2.3099, 48.7751], [2.3099, 48.7752], [2.3099, 48.7753]], [[2.3099, 48.7753], [2.31, 48.7755], [2.31, 48.7758], [2.3101, 48.776], [2.3102, 48.7763], [2.3103, 48.7766], [2.3105, 48.7768], [2.3107, 48.7772]], [[2.3107, 48.7772], [2.3108, 48.7773], [2.311, 48.7777], [2.3111, 48.7779], [2.3113, 48.7782], [2.3114, 48.7784]], [[2.3114, 48.7784], [2.3115, 48.7785], [2.3116, 48.7787], [2.3118, 48.7791], [2.3121, 48.7796], [2.3124, 48.7802], [2.3124, 48.7803], [2.3125, 48.7804], [2.3125, 48.7806], [2.3126, 48.7807], [2.3126, 48.7808], [2.3127, 48.781], [2.3127, 48.7812], [2.3127, 48.7814], [2.3127, 48.7815], [2.3126, 48.7817], [2.3126, 48.7821], [2.3125, 48.7825], [2.3124, 48.7827], [2.3124, 48.7829], [2.3124, 48.783], [2.3124, 48.7831], [2.3123, 48.7832], [2.3123, 48.7834], [2.3124, 48.7836], [2.3124, 48.7838], [2.3124, 48.7839], [2.3125, 48.7841], [2.3125, 48.7842], [2.3125, 48.7843]], [[2.5703, 49.0074], [2.5703, 49.0067]], [[2.2624, 48.7271], [2.262, 48.7268], [2.2617, 48.7265], [2.2613, 48.7262], [2.2593, 48.7245], [2.2592, 48.7245], [2.259, 48.7243], [2.2589, 48.7242], [2.2584, 48.7238], [2.2581, 48.7236], [2.2579, 48.7235], [2.2577, 48.7232], [2.2571, 48.7228], [2.2569, 48.7226], [2.2567, 48.7225], [2.2561, 48.722], [2.256, 48.7219], [2.2558, 48.7218], [2.2556, 48.7217], [2.2554, 48.7216], [2.2552, 48.7215], [2.2551, 48.7214], [2.2549, 48.7214], [2.2548, 48.7213], [2.2546, 48.7213], [2.2545, 48.7212], [2.2544, 48.7212], [2.2542, 48.7212], [2.2541, 48.7211], [2.254, 48.7211], [2.2538, 48.7211], [2.2536, 48.721], [2.2532, 48.721], [2.2527, 48.721], [2.2517, 48.7209], [2.2514, 48.7208], [2.2511, 48.7208], [2.2507, 48.7207]], [[2.2507, 48.7207], [2.2504, 48.7206], [2.2501, 48.7205], [2.2498, 48.7203], [2.2494, 48.7202], [2.2492, 48.72], [2.2487, 48.7197], [2.2484, 48.7194]], [[2.2484, 48.7194], [2.2483, 48.7194], [2.2482, 48.7193], [2.2479, 48.7191], [2.2475, 48.7188], [2.2472, 48.7185], [2.247, 48.7184], [2.2468, 48.7182], [2.2467, 48.7181], [2.2464, 48.7178], [2.2462, 48.7175], [2.2448, 48.7158], [2.2447, 48.7157], [2.2445, 48.7154], [2.2441, 48.715], [2.2437, 48.7147], [2.2434, 48.7143], [2.243, 48.7141], [2.2426, 48.7137], [2.2417, 48.7131], [2.2413, 48.7128], [2.2411, 48.7126], [2.2408, 48.7123], [2.2399, 48.7113]], [[2.2399, 48.7113], [2.2398, 48.7112]], [[2.2398, 48.7112], [2.2395, 48.7109], [2.239, 48.7105], [2.2385, 48.71], [2.2383, 48.7098], [2.2382, 48.7097]], [[2.2382, 48.7097], [2.2382, 48.7096]], [[2.2382, 48.7096], [2.2381, 48.7096], [2.2379, 48.7093], [2.2378, 48.7092]], [[2.2378, 48.7092], [2.2377, 48.709], [2.2376, 48.7088], [2.2375, 48.7086], [2.2374, 48.7082], [2.2371, 48.7074]], [[2.2371, 48.7074], [2.237, 48.7072], [2.2369, 48.707], [2.2368, 48.7069], [2.2367, 48.7067], [2.2365, 48.7065], [2.2362, 48.7062], [2.236, 48.706], [2.2357, 48.7058], [2.2355, 48.7057], [2.2351, 48.7055], [2.2348, 48.7054], [2.2345, 48.7053], [2.2342, 48.7053], [2.2337, 48.7052], [2.2333, 48.7051], [2.2329, 48.7051], [2.2327, 48.7051], [2.2324, 48.7051], [2.232, 48.7051], [2.2316, 48.7051], [2.2311, 48.7052], [2.2291, 48.7053], [2.229, 48.7053]], [[2.229, 48.7053], [2.2286, 48.7054], [2.2265, 48.7056], [2.2261, 48.7056], [2.226, 48.7056], [2.2258, 48.7056], [2.2255, 48.7056]], [[2.2255, 48.7056], [2.2254, 48.7056]], [[2.2254, 48.7056], [2.2248, 48.7056], [2.2236, 48.7054], [2.2232, 48.7054], [2.2227, 48.7054], [2.2224, 48.7053], [2.2219, 48.7054], [2.2215, 48.7054], [2.22, 48.7055], [2.2198, 48.7055], [2.2193, 48.7056], [2.2192, 48.7056], [2.2188, 48.7056], [2.2183, 48.7055], [2.2177, 48.7055], [2.2165, 48.7054], [2.2161, 48.7054], [2.2159, 48.7054], [2.2156, 48.7054], [2.2153, 48.7054], [2.2151, 48.7054], [2.2149, 48.7054], [2.2147, 48.7055], [2.2144, 48.7055], [2.2141, 48.7056], [2.2132, 48.7058], [2.2128, 48.7059], [2.2125, 48.7059], [2.2123, 48.7059], [2.212, 48.706], [2.2117, 48.706], [2.2114, 48.706], [2.2112, 48.706], [2.2111, 48.706], [2.2109, 48.706], [2.2106, 48.706], [2.2102, 48.706], [2.2094, 48.7059], [2.2088, 48.7059], [2.2084, 48.7058], [2.2079, 48.7058], [2.2041, 48.7058], [2.2017, 48.7058], [2.1974, 48.7058], [2.1967, 48.7058], [2.1951, 48.7058], [2.1949, 48.7058], [2.1947, 48.7058]], [[2.1947, 48.7058], [2.1945, 48.7057], [2.1943, 48.7057], [2.194, 48.7057], [2.1937, 48.7056], [2.1934, 48.7056], [2.1932, 48.7055], [2.1928, 48.7054]], [[2.1928, 48.7054], [2.1926, 48.7053], [2.1923, 48.7052], [2.1921, 48.7051]], [[2.1921, 48.7051], [2.1918, 48.705], [2.1917, 48.7049], [2.1914, 48.7048], [2.1913, 48.7047], [2.1912, 48.7046], [2.1908, 48.7043], [2.1896, 48.7035], [2.1894, 48.7033], [2.1884, 48.7025], [2.188, 48.7022], [2.1877, 48.702], [2.1875, 48.7018], [2.1873, 48.7015], [2.1873, 48.7014], [2.1872, 48.7013], [2.1872, 48.7012], [2.1869, 48.7008]], [[2.1869, 48.7008], [2.1867, 48.7003]], [[2.1867, 48.7003], [2.1864, 48.6999], [2.1863, 48.6997], [2.1862, 48.6996], [2.1861, 48.6994], [2.186, 48.6992], [2.1858, 48.6991], [2.1857, 48.6989], [2.1855, 48.6988], [2.1853, 48.6987], [2.1852, 48.6986], [2.1851, 48.6985], [2.1849, 48.6984]], [[2.1849, 48.6984], [2.1848, 48.6984], [2.1846, 48.6983]], [[2.1846, 48.6983], [2.1845, 48.6982], [2.1843, 48.6982], [2.1842, 48.6981], [2.1841, 48.6981], [2.1839, 48.698], [2.1838, 48.698], [2.1836, 48.6979], [2.1834, 48.6979], [2.1832, 48.6979], [2.1828, 48.6978], [2.1821, 48.6977], [2.1805, 48.6974], [2.1792, 48.6972], [2.179, 48.6972]], [[2.179, 48.6972], [2.1787, 48.6971], [2.1784, 48.6971], [2.1774, 48.6969], [2.1768, 48.6968], [2.1767, 48.6968], [2.1761, 48.6967], [2.1723, 48.6961], [2.1717, 48.696], [2.1714, 48.696], [2.1711, 48.6959], [2.1705, 48.696], [2.1699, 48.696], [2.1679, 48.6963], [2.1675, 48.6964], [2.1672, 48.6964], [2.167, 48.6965], [2.1667, 48.6965], [2.1665, 48.6965], [2.1663, 48.6965], [2.1661, 48.6965], [2.1659, 48.6965], [2.1658, 48.6965], [2.1656, 48.6965], [2.1654, 48.6964], [2.1652, 48.6964], [2.1651, 48.6964], [2.1649, 48.6964], [2.1647, 48.6963], [2.1646, 48.6963], [2.1644, 48.6962], [2.1642, 48.6962], [2.1641, 48.6961], [2.1639, 48.696], [2.1638, 48.696], [2.1636, 48.6959], [2.1634, 48.6959], [2.1633, 48.6958], [2.1631, 48.6957], [2.1628, 48.6955]], [[2.1628, 48.6955], [2.1626, 48.6954], [2.1625, 48.6953]], [[2.1625, 48.6953], [2.1623, 48.6952]], [[2.1623, 48.6952], [2.1622, 48.6951], [2.1621, 48.695], [2.1616, 48.6947], [2.1614, 48.6946], [2.1611, 48.6945], [2.1609, 48.6944], [2.1606, 48.6943], [2.1602, 48.6941], [2.1599, 48.6941], [2.1597, 48.694], [2.1594, 48.6939], [2.1591, 48.6939], [2.1588, 48.6939], [2.1585, 48.6938]], [[2.1585, 48.6938], [2.1581, 48.6938], [2.1578, 48.6938], [2.1575, 48.6938], [2.1572, 48.6939], [2.1568, 48.6939], [2.1564, 48.694], [2.156, 48.6941], [2.1554, 48.6942], [2.155, 48.6943], [2.1536, 48.6947]], [[2.1536, 48.6947], [2.1533, 48.6948]], [[2.1533, 48.6948], [2.1502, 48.6956], [2.1498, 48.6957], [2.1424, 48.6977], [2.1412, 48.6981], [2.1406, 48.6982], [2.1402, 48.6983], [2.1399, 48.6983], [2.1397, 48.6984]], [[2.1397, 48.6984], [2.1395, 48.6984]], [[2.1395, 48.6984], [2.1393, 48.6984], [2.139, 48.6984], [2.1386, 48.6984], [2.1382, 48.6983], [2.1379, 48.6983], [2.1352, 48.698], [2.1351, 48.698], [2.134, 48.6979], [2.133, 48.6978], [2.1329, 48.6978], [2.1328, 48.6978], [2.1317, 48.6976]], [[2.1317, 48.6976], [2.1313, 48.6976], [2.1309, 48.6976], [2.1305, 48.6975], [2.13, 48.6975], [2.1296, 48.6976], [2.1291, 48.6976], [2.129, 48.6976], [2.1287, 48.6977], [2.1284, 48.6977], [2.128, 48.6978], [2.1276, 48.6979]], [[2.1276, 48.6979], [2.1246, 48.6987], [2.1243, 48.6988], [2.1239, 48.6989]], [[2.1239, 48.6989], [2.1237, 48.699]], [[2.1237, 48.699], [2.1221, 48.6994], [2.1214, 48.6996], [2.1208, 48.6997], [2.1202, 48.6998], [2.1196, 48.6999], [2.1193, 48.6999], [2.1188, 48.7], [2.1162, 48.7003], [2.1133, 48.7006], [2.1129, 48.7006], [2.1125, 48.7006], [2.1119, 48.7007]], [[2.1119, 48.7007], [2.1115, 48.7007]], [[2.1115, 48.7007], [2.1109, 48.7007], [2.1102, 48.7006], [2.1095, 48.7006], [2.1064, 48.7003], [2.1057, 48.7003], [2.1049, 48.7003], [2.1042, 48.7003], [2.1035, 48.7003], [2.1027, 48.7003], [2.102, 48.7004], [2.1015, 48.7004]], [[2.1015, 48.7004], [2.1013, 48.7005]], [[2.1013, 48.7005], [2.1006, 48.7006], [2.0999, 48.7007], [2.0993, 48.7009], [2.0988, 48.701], [2.0984, 48.7011], [2.0976, 48.7013], [2.097, 48.7015], [2.0963, 48.7018], [2.0958, 48.702], [2.0944, 48.7025], [2.0937, 48.7028], [2.0931, 48.703], [2.0924, 48.7032], [2.0922, 48.7032], [2.0919, 48.7033], [2.0913, 48.7035], [2.0906, 48.7036], [2.0902, 48.7037], [2.0899, 48.7037], [2.0892, 48.7038], [2.0886, 48.7039], [2.0884, 48.7039], [2.0877, 48.704], [2.087, 48.704], [2.0862, 48.704], [2.0855, 48.704], [2.0851, 48.704], [2.0847, 48.704]], [[2.0847, 48.704], [2.0846, 48.704]], [[2.0846, 48.704], [2.084, 48.704], [2.0833, 48.7039], [2.082, 48.7038], [2.0819, 48.7038], [2.0787, 48.7035], [2.0779, 48.7034], [2.0767, 48.7033], [2.0764, 48.7032], [2.0762, 48.7032], [2.0754, 48.7031], [2.0744, 48.7031], [2.074, 48.703], [2.0737, 48.703], [2.0735, 48.703], [2.0732, 48.7029], [2.0729, 48.7029], [2.071, 48.7027]], [[2.0709, 48.7028], [2.0719, 48.7028], [2.0728, 48.7029], [2.0729, 48.7029]], [[2.0729, 48.7029], [2.0734, 48.703], [2.0751, 48.7032], [2.0767, 48.7033], [2.0768, 48.7033], [2.0779, 48.7034], [2.0787, 48.7035], [2.0802, 48.7036], [2.0812, 48.7037], [2.0819, 48.7038], [2.0832, 48.7039], [2.0839, 48.704], [2.0844, 48.704], [2.0846, 48.704]], [[2.0847, 48.704], [2.0851, 48.7041], [2.0855, 48.7041], [2.0862, 48.7041], [2.087, 48.7041], [2.0874, 48.704], [2.0877, 48.704], [2.0884, 48.704], [2.0886, 48.7039], [2.0891, 48.7039], [2.0899, 48.7038], [2.0902, 48.7037], [2.0906, 48.7036], [2.0913, 48.7035], [2.0919, 48.7034], [2.0922, 48.7033], [2.0924, 48.7032], [2.0931, 48.703], [2.0937, 48.7028], [2.0944, 48.7025], [2.0961, 48.7019], [2.097, 48.7016], [2.0976, 48.7013], [2.0984, 48.7011], [2.0988, 48.701], [2.0993, 48.7009], [2.0996, 48.7008], [2.0999, 48.7008], [2.1006, 48.7006], [2.1013, 48.7005]], [[2.1013, 48.7005], [2.1015, 48.7005]], [[2.1015, 48.7005], [2.102, 48.7004], [2.1028, 48.7004], [2.1035, 48.7003], [2.1042, 48.7003], [2.1049, 48.7003], [2.1057, 48.7003], [2.1064, 48.7003], [2.1095, 48.7006], [2.1102, 48.7007], [2.1109, 48.7007], [2.1115, 48.7007]], [[2.1119, 48.7007], [2.1122, 48.7007], [2.1125, 48.7007], [2.1129, 48.7006], [2.1133, 48.7006], [2.1162, 48.7003], [2.1188, 48.7], [2.1193, 48.7], [2.1196, 48.6999], [2.1202, 48.6998], [2.1209, 48.6997], [2.1215, 48.6996], [2.1221, 48.6994], [2.1237, 48.699]], [[2.1237, 48.699], [2.1239, 48.699]], [[2.1239, 48.699], [2.1241, 48.6989], [2.1277, 48.698]], [[2.1277, 48.698], [2.128, 48.6979], [2.1284, 48.6978], [2.1287, 48.6977], [2.1291, 48.6976], [2.1296, 48.6976], [2.13, 48.6976], [2.1305, 48.6976], [2.1309, 48.6976], [2.1313, 48.6976], [2.1317, 48.6977], [2.1329, 48.6978], [2.1347, 48.698], [2.1348, 48.698]], [[2.1348, 48.698], [2.1349, 48.698], [2.1379, 48.6983], [2.1382, 48.6984], [2.1386, 48.6984], [2.139, 48.6984], [2.1393, 48.6984], [2.1395, 48.6984]], [[2.1397, 48.6984], [2.1399, 48.6984], [2.1402, 48.6983], [2.1407, 48.6982], [2.1412, 48.6981], [2.1424, 48.6978], [2.1425, 48.6977], [2.1528, 48.695], [2.1533, 48.6948]], [[2.1536, 48.6947], [2.155, 48.6944], [2.1554, 48.6942], [2.156, 48.6941], [2.1564, 48.694], [2.1568, 48.6939], [2.1572, 48.6939], [2.1575, 48.6939], [2.1578, 48.6939], [2.1581, 48.6939], [2.1584, 48.6939]], [[2.1584, 48.6939], [2.1585, 48.6939]], [[2.1585, 48.6939], [2.1588, 48.6939], [2.1591, 48.6939], [2.1594, 48.694], [2.1597, 48.694], [2.1599, 48.6941], [2.1602, 48.6942], [2.1605, 48.6943], [2.1608, 48.6944], [2.1611, 48.6945], [2.1613, 48.6946], [2.1615, 48.6947], [2.162, 48.695], [2.1623, 48.6952]], [[2.1623, 48.6952], [2.1624, 48.6953]], [[2.1624, 48.6953], [2.1625, 48.6954]], [[2.1625, 48.6954], [2.1626, 48.6954], [2.1629, 48.6956], [2.163, 48.6957], [2.1633, 48.6958], [2.1634, 48.6959], [2.1636, 48.696], [2.1637, 48.696], [2.1639, 48.6961], [2.164, 48.6961], [2.1642, 48.6962], [2.1644, 48.6963], [2.1646, 48.6963], [2.1647, 48.6963], [2.1649, 48.6964], [2.1651, 48.6964], [2.1652, 48.6964], [2.1654, 48.6965], [2.1656, 48.6965], [2.1658, 48.6965], [2.1659, 48.6965], [2.1661, 48.6965], [2.1663, 48.6965], [2.1665, 48.6965]], [[2.1665, 48.6965], [2.1667, 48.6965], [2.167, 48.6965], [2.1672, 48.6965], [2.1675, 48.6964], [2.1679, 48.6964], [2.1699, 48.6961]], [[2.1699, 48.6961], [2.1703, 48.696], [2.1707, 48.696], [2.171, 48.696], [2.1714, 48.6961], [2.172, 48.6961], [2.1725, 48.6962], [2.1729, 48.6962], [2.1745, 48.6965], [2.1761, 48.6968], [2.1765, 48.6968], [2.1772, 48.697], [2.178, 48.6971], [2.1782, 48.6971], [2.1786, 48.6972], [2.179, 48.6973]], [[2.179, 48.6973], [2.18, 48.6974], [2.1805, 48.6975], [2.1816, 48.6977]], [[2.1816, 48.6977], [2.1818, 48.6978], [2.182, 48.6978], [2.1822, 48.6978], [2.1823, 48.6978], [2.1828, 48.6979], [2.1829, 48.6979], [2.183, 48.6979], [2.1833, 48.6979], [2.1836, 48.698], [2.1839, 48.6981]], [[2.1839, 48.6981], [2.184, 48.6981], [2.1841, 48.6981], [2.1843, 48.6982], [2.1845, 48.6983]], [[2.1845, 48.6983], [2.1846, 48.6983]], [[2.1846, 48.6983], [2.1847, 48.6984], [2.1849, 48.6985]], [[2.1849, 48.6985], [2.1851, 48.6986], [2.1852, 48.6986], [2.1853, 48.6987], [2.1855, 48.6988], [2.1856, 48.699], [2.1858, 48.6991], [2.1859, 48.6992], [2.1861, 48.6994], [2.1862, 48.6996], [2.1863, 48.6997], [2.1864, 48.6999], [2.1866, 48.7004]], [[2.1866, 48.7004], [2.1869, 48.7008]], [[2.1869, 48.7008], [2.1871, 48.7013], [2.1872, 48.7014], [2.1872, 48.7015], [2.1873, 48.7015], [2.1875, 48.7018], [2.1877, 48.702], [2.1879, 48.7022], [2.1883, 48.7025], [2.1894, 48.7033], [2.1907, 48.7043], [2.1912, 48.7046], [2.1914, 48.7048], [2.1916, 48.7049], [2.1918, 48.705], [2.1919, 48.7051], [2.1921, 48.7052]], [[2.1921, 48.7052], [2.1923, 48.7053], [2.1925, 48.7054], [2.1928, 48.7055]], [[2.1928, 48.7055], [2.1932, 48.7056], [2.1934, 48.7056], [2.1937, 48.7057], [2.194, 48.7057], [2.1943, 48.7058], [2.1945, 48.7058], [2.1947, 48.7058], [2.195, 48.7058], [2.1951, 48.7058], [2.2017, 48.7058], [2.2041, 48.7058], [2.2045, 48.7058], [2.2079, 48.7059], [2.2084, 48.7059], [2.2088, 48.7059], [2.2094, 48.7059], [2.2102, 48.706], [2.2106, 48.7061], [2.2109, 48.7061], [2.2111, 48.7061], [2.2115, 48.7061], [2.2117, 48.706], [2.212, 48.706], [2.2123, 48.706], [2.2125, 48.7059], [2.2128, 48.7059], [2.2132, 48.7058], [2.214, 48.7056], [2.2143, 48.7056], [2.2144, 48.7055], [2.2147, 48.7055], [2.2149, 48.7055], [2.2151, 48.7055], [2.2153, 48.7054], [2.2156, 48.7054], [2.2159, 48.7054], [2.2161, 48.7054], [2.2165, 48.7054], [2.2171, 48.7055], [2.2177, 48.7055], [2.2183, 48.7056], [2.2188, 48.7056], [2.2193, 48.7056], [2.2198, 48.7056], [2.2215, 48.7054], [2.2219, 48.7054], [2.2224, 48.7054], [2.2227, 48.7054], [2.2231, 48.7054], [2.2236, 48.7055], [2.2248, 48.7056], [2.2254, 48.7056]], [[2.2255, 48.7056], [2.2258, 48.7056], [2.2261, 48.7056], [2.2265, 48.7056], [2.2276, 48.7055], [2.2279, 48.7055], [2.2286, 48.7054], [2.2302, 48.7053], [2.2311, 48.7052], [2.2316, 48.7051], [2.2321, 48.7051], [2.2324, 48.7051], [2.2329, 48.7051], [2.2333, 48.7052], [2.2337, 48.7052], [2.2342, 48.7053]], [[2.2342, 48.7053], [2.2345, 48.7054], [2.2348, 48.7055], [2.2351, 48.7056], [2.2354, 48.7057], [2.2357, 48.7059], [2.236, 48.706], [2.2362, 48.7062], [2.2365, 48.7065], [2.2366, 48.7067], [2.2368, 48.7069], [2.2369, 48.7071], [2.2369, 48.7072], [2.2373, 48.7082], [2.2375, 48.7086], [2.2376, 48.7088], [2.2377, 48.709], [2.2378, 48.7092], [2.2378, 48.7093]], [[2.2378, 48.7093], [2.2379, 48.7094], [2.2381, 48.7096], [2.2381, 48.7097]], [[2.2381, 48.7097], [2.2382, 48.7097]], [[2.2382, 48.7097], [2.2383, 48.7098], [2.2385, 48.7101], [2.2386, 48.7102], [2.2394, 48.7109], [2.2398, 48.7112]], [[2.2398, 48.7112], [2.2398, 48.7113]], [[2.2398, 48.7113], [2.2404, 48.7119], [2.2407, 48.7123], [2.241, 48.7126], [2.2413, 48.7129], [2.2416, 48.7131], [2.2421, 48.7134], [2.243, 48.7141], [2.2434, 48.7144], [2.2437, 48.7147], [2.244, 48.715], [2.2444, 48.7154], [2.246, 48.7174], [2.2461, 48.7176], [2.2464, 48.7179], [2.2467, 48.7181], [2.2468, 48.7182], [2.2471, 48.7185], [2.2476, 48.7189], [2.2479, 48.7191], [2.2482, 48.7194]], [[2.2482, 48.7194], [2.2486, 48.7197], [2.2492, 48.72], [2.2494, 48.7202], [2.2497, 48.7204], [2.25, 48.7205], [2.2504, 48.7206], [2.2507, 48.7207]], [[2.2507, 48.7207], [2.251, 48.7208], [2.2514, 48.7209], [2.2517, 48.7209], [2.2532, 48.721], [2.2535, 48.7211], [2.2537, 48.7211], [2.2538, 48.7211], [2.254, 48.7211], [2.2541, 48.7212], [2.2542, 48.7212], [2.2544, 48.7212], [2.2546, 48.7213], [2.2547, 48.7213], [2.2549, 48.7214], [2.255, 48.7215], [2.2552, 48.7216], [2.2554, 48.7216], [2.2555, 48.7217], [2.2557, 48.7218], [2.2558, 48.7219], [2.256, 48.722], [2.256, 48.7221], [2.2562, 48.7222], [2.2565, 48.7224], [2.2569, 48.7229], [2.2571, 48.7231], [2.2574, 48.7233], [2.2578, 48.7236], [2.2583, 48.7241], [2.2586, 48.7243], [2.2587, 48.7244], [2.2588, 48.7245], [2.2589, 48.7246], [2.2607, 48.726], [2.2608, 48.7261]], [[2.2608, 48.7261], [2.2609, 48.7262], [2.261, 48.7262], [2.2612, 48.7264], [2.2615, 48.7266], [2.2616, 48.7267], [2.2618, 48.7268]]]}, "properties": {"ref": "B", "opened_year": 1981, "is_central_tunnel": false, "segment_count": 417}}, {"type": "Feature", "geometry": {"type": "MultiLineString", "coordinates": [[[2.3351, 48.8302], [2.335, 48.8303]], [[2.335, 48.8303], [2.3347, 48.8305], [2.3346, 48.8306]], [[2.3346, 48.8306], [2.3343, 48.8308]], [[2.3343, 48.8308], [2.3343, 48.8309], [2.3342, 48.831], [2.3341, 48.8311], [2.334, 48.8312], [2.3339, 48.8313], [2.3338, 48.8315], [2.3337, 48.8316], [2.3336, 48.8317], [2.3336, 48.8318], [2.3335, 48.832], [2.3335, 48.8322], [2.3332, 48.8329], [2.3332, 48.8331]], [[2.3332, 48.8331], [2.3331, 48.8332], [2.3329, 48.8337]], [[2.3329, 48.8337], [2.3329, 48.8338], [2.3329, 48.8339]], [[2.3329, 48.8339], [2.3328, 48.834], [2.3328, 48.8341], [2.3328, 48.8343], [2.3328, 48.8345], [2.3328, 48.8346], [2.3329, 48.8348], [2.333, 48.835], [2.3333, 48.8354], [2.3341, 48.8363], [2.3351, 48.8373], [2.336, 48.8382], [2.3363, 48.8385], [2.3365, 48.8387], [2.3366, 48.8389], [2.3367, 48.8391], [2.3368, 48.8394], [2.3369, 48.8395], [2.337, 48.8399], [2.3371, 48.84]], [[2.3371, 48.84], [2.3372, 48.8404]], [[2.3372, 48.8404], [2.3372, 48.8406], [2.3373, 48.8408], [2.3374, 48.841], [2.3374, 48.8411], [2.3375, 48.8412], [2.3375, 48.8413], [2.338, 48.8422], [2.3392, 48.8445], [2.3403, 48.8465]], [[2.3403, 48.8465], [2.3406, 48.847], [2.3408, 48.8473], [2.3411, 48.8479], [2.3423, 48.8497], [2.3429, 48.8511], [2.3431, 48.8514], [2.3434, 48.8517], [2.3437, 48.852], [2.344, 48.8522], [2.3457, 48.8532], [2.3465, 48.8537], [2.3467, 48.8538], [2.3468, 48.854], [2.347, 48.8541], [2.3472, 48.8543], [2.3474, 48.8544]], [[2.3474, 48.8544], [2.3475, 48.8546], [2.3476, 48.8548], [2.3477, 48.8549], [2.3479, 48.8553], [2.3483, 48.8562], [2.3484, 48.8565], [2.3485, 48.8568], [2.3485, 48.8571], [2.3484, 48.8574], [2.3478, 48.8592]], [[2.3478, 48.8592], [2.3474, 48.8602], [2.3465, 48.8625], [2.3464, 48.8627]], [[2.3464, 48.8627], [2.3462, 48.8631], [2.3459, 48.864]], [[2.3459, 48.864], [2.3458, 48.8643], [2.3456, 48.865], [2.3454, 48.866]], [[2.3454, 48.866], [2.3454, 48.8665], [2.3453, 48.8669], [2.3453, 48.8674], [2.3454, 48.8677], [2.3454, 48.8679]], [[2.3454, 48.8679], [2.3455, 48.8683], [2.3456, 48.8686], [2.3457, 48.869], [2.3459, 48.8693], [2.3461, 48.8697], [2.3498, 48.8749]], [[2.3498, 48.8749], [2.3501, 48.8752], [2.3504, 48.8755], [2.3507, 48.8758], [2.3512, 48.8761]], [[2.3512, 48.8761], [2.3519, 48.8765]], [[2.3519, 48.8765], [2.353, 48.8771], [2.3536, 48.8774]], [[2.3536, 48.8774], [2.3542, 48.8778], [2.3548, 48.8783], [2.3554, 48.879]], [[2.3554, 48.879], [2.3562, 48.8797], [2.3565, 48.88]], [[2.3565, 48.88], [2.3567, 48.8802], [2.3568, 48.8804], [2.357, 48.8805]], [[2.357, 48.8805], [2.3571, 48.8807], [2.3572, 48.8809]], [[2.3572, 48.8809], [2.3572, 48.881], [2.3574, 48.8814]], [[2.3574, 48.8814], [2.3576, 48.8819], [2.3577, 48.882], [2.3577, 48.8821], [2.3578, 48.8822], [2.3578, 48.8824], [2.3578, 48.8825], [2.3579, 48.8826], [2.3579, 48.8828], [2.3579, 48.8829], [2.3579, 48.8831]], [[2.3579, 48.8831], [2.3579, 48.8836], [2.3579, 48.8843], [2.3579, 48.8845]], [[2.3575, 48.8814], [2.3572, 48.8808], [2.3572, 48.8807], [2.3571, 48.8805]], [[2.3571, 48.8805], [2.3569, 48.8803], [2.3568, 48.8802], [2.3567, 48.8801], [2.3566, 48.88]], [[2.3566, 48.88], [2.3562, 48.8796], [2.3555, 48.8789], [2.3548, 48.8783], [2.3542, 48.8778], [2.3536, 48.8774]], [[2.3536, 48.8774], [2.3531, 48.8771], [2.3519, 48.8764]], [[2.3519, 48.8764], [2.3512, 48.876]], [[2.3512, 48.876], [2.3508, 48.8757], [2.3505, 48.8755], [2.3501, 48.8752], [2.3498, 48.8749], [2.3462, 48.8697], [2.346, 48.8693], [2.3458, 48.8689], [2.3457, 48.8686], [2.3456, 48.8682], [2.3455, 48.8679]], [[2.3455, 48.8679], [2.3454, 48.8677], [2.3454, 48.8674], [2.3454, 48.8669], [2.3454, 48.8665], [2.3455, 48.866]], [[2.3455, 48.866], [2.3456, 48.8656], [2.3461, 48.8642]], [[2.3461, 48.8642], [2.3464, 48.8636], [2.3468, 48.8627]], [[2.3468, 48.8627], [2.3469, 48.8625]], [[2.3469, 48.8625], [2.3477, 48.8607], [2.3478, 48.8604], [2.348, 48.86], [2.3485, 48.8593]], [[2.3485, 48.8593], [2.349, 48.8586], [2.3492, 48.8583], [2.3493, 48.858], [2.3494, 48.8577], [2.3494, 48.8574], [2.3494, 48.8571], [2.3493, 48.8567], [2.3491, 48.8564], [2.349, 48.8563], [2.3478, 48.8546], [2.3477, 48.8545], [2.3475, 48.8543]], [[2.3475, 48.8543], [2.3474, 48.8541], [2.3472, 48.854], [2.347, 48.8538], [2.3468, 48.8537], [2.3466, 48.8536], [2.3452, 48.8527], [2.3439, 48.8519], [2.3436, 48.8517], [2.3433, 48.8514], [2.343, 48.8511], [2.3428, 48.8508], [2.3423, 48.8497], [2.3412, 48.8479], [2.3408, 48.8473], [2.3406, 48.8469], [2.3404, 48.8465]], [[2.3404, 48.8465], [2.3393, 48.8445], [2.3393, 48.8444], [2.3385, 48.8431], [2.338, 48.8422], [2.3376, 48.8413], [2.3375, 48.8412], [2.3375, 48.8411], [2.3374, 48.8411], [2.3374, 48.841], [2.3374, 48.8409], [2.3373, 48.8408], [2.3373, 48.8406], [2.3372, 48.8405]], [[2.3372, 48.8405], [2.3371, 48.84]], [[2.3371, 48.84], [2.3371, 48.8399], [2.3369, 48.8395], [2.3368, 48.8394], [2.3367, 48.8391], [2.3365, 48.8387], [2.3364, 48.8385], [2.3361, 48.8382], [2.3357, 48.8378], [2.3351, 48.8373], [2.3342, 48.8363], [2.3333, 48.8354], [2.3331, 48.835]], [[2.3331, 48.835], [2.3329, 48.8348], [2.3329, 48.8346], [2.3329, 48.8344], [2.3329, 48.8341], [2.3329, 48.834], [2.3329, 48.8339]], [[2.3329, 48.8339], [2.3329, 48.8338], [2.333, 48.8337]], [[2.333, 48.8337], [2.3332, 48.8331]], [[2.3332, 48.8331], [2.3333, 48.8327], [2.3335, 48.8322], [2.3335, 48.8321]], [[2.3335, 48.8321], [2.3336, 48.8321], [2.3336, 48.832], [2.3336, 48.8318], [2.3337, 48.8317], [2.3338, 48.8316], [2.3339, 48.8314], [2.334, 48.8313], [2.3341, 48.8312], [2.3342, 48.831], [2.3343, 48.8309], [2.3344, 48.8309]], [[2.3344, 48.8309], [2.3346, 48.8307]], [[2.3346, 48.8307], [2.3347, 48.8306], [2.3347, 48.8305], [2.335, 48.8303]], [[2.3351, 48.8302], [2.3353, 48.83], [2.3354, 48.83], [2.3354, 48.8299], [2.3355, 48.8298], [2.3356, 48.8296], [2.3357, 48.8295]], [[2.358, 48.8864], [2.3581, 48.8847], [2.3581, 48.8846], [2.3582, 48.8843], [2.3582, 48.8842], [2.3582, 48.8839], [2.3582, 48.8837], [2.3582, 48.8835]], [[2.3582, 48.8835], [2.3582, 48.8831]], [[2.3582, 48.8831], [2.3582, 48.883], [2.3582, 48.8828], [2.3582, 48.8827], [2.3581, 48.8826], [2.3581, 48.8825], [2.3581, 48.8824], [2.3581, 48.8823], [2.358, 48.8821], [2.358, 48.882], [2.3579, 48.8818], [2.3579, 48.8817], [2.3577, 48.8813]], [[2.3577, 48.8813], [2.3576, 48.8811], [2.3575, 48.8808], [2.3574, 48.8807], [2.3573, 48.8806], [2.3573, 48.8805]], [[2.3573, 48.8805], [2.3572, 48.8803], [2.3571, 48.8802], [2.357, 48.8801], [2.3569, 48.88], [2.3568, 48.8799]], [[2.3568, 48.8799], [2.3554, 48.8786], [2.3551, 48.8784], [2.3547, 48.8781], [2.3536, 48.8774]]]}, "properties": {"ref": "B", "opened_year": 1981, "is_central_tunnel": true, "segment_count": 56}}, {"type": "Feature", "geometry": {"type": "MultiLineString", "coordinates": [[[2.4112, 48.7651], [2.4113, 48.7651], [2.4113, 48.7649], [2.4113, 48.7647], [2.4114, 48.7644], [2.4115, 48.7642], [2.4115, 48.7641], [2.4116, 48.7639], [2.4116, 48.7635], [2.4117, 48.7633], [2.4118, 48.763], [2.4117, 48.7633], [2.4116, 48.7635], [2.4115, 48.7637], [2.4114, 48.764], [2.4114, 48.7641], [2.4114, 48.7642], [2.4114, 48.7643], [2.4113, 48.7644], [2.4113, 48.7646], [2.4112, 48.7648], [2.4112, 48.7651]], [[2.426, 48.7409], [2.4261, 48.7409], [2.4262, 48.7406], [2.4263, 48.7403], [2.4264, 48.7401], [2.4265, 48.7401], [2.4265, 48.74], [2.4266, 48.7399], [2.4266, 48.7398], [2.4266, 48.7397], [2.4267, 48.7396], [2.4268, 48.7394], [2.4268, 48.7392], [2.4269, 48.739], [2.427, 48.7387], [2.4269, 48.7387], [2.4268, 48.7389], [2.4268, 48.739], [2.4267, 48.7393], [2.4267, 48.7395], [2.4266, 48.7397], [2.4264, 48.7401], [2.4263, 48.7403], [2.4261, 48.7406], [2.426, 48.7409]], [[2.4189, 48.7248], [2.4192, 48.7251], [2.4196, 48.7254], [2.4197, 48.7256], [2.4199, 48.7257], [2.42, 48.7258], [2.4202, 48.7259], [2.4204, 48.7261], [2.4209, 48.7265], [2.421, 48.7265], [2.4203, 48.726], [2.4202, 48.7259], [2.4201, 48.7258], [2.4197, 48.7255], [2.4196, 48.7254], [2.4195, 48.7253], [2.4194, 48.7252], [2.4193, 48.7252], [2.4193, 48.7251], [2.419, 48.7249], [2.4189, 48.7248]], [[2.4028, 48.7117], [2.4029, 48.7117], [2.4033, 48.7121], [2.4035, 48.7123], [2.4036, 48.7124], [2.4037, 48.7125], [2.4038, 48.7125], [2.4038, 48.7126], [2.4039, 48.7127], [2.4044, 48.7132], [2.4045, 48.7132], [2.4049, 48.7135], [2.4048, 48.7135], [2.4046, 48.7133], [2.4044, 48.7132], [2.4041, 48.7129], [2.4038, 48.7127], [2.4036, 48.7125], [2.4035, 48.7124], [2.4034, 48.7124], [2.4032, 48.7121], [2.4028, 48.7117]], [[2.3841, 48.6907], [2.3841, 48.6906], [2.3839, 48.6904], [2.3837, 48.6902], [2.3835, 48.6901], [2.3833, 48.69], [2.383, 48.6897], [2.3826, 48.6894], [2.3824, 48.6893], [2.3822, 48.6892], [2.382, 48.689], [2.3817, 48.6889], [2.3819, 48.6891], [2.3823, 48.6893], [2.3825, 48.6895], [2.3829, 48.6898], [2.3833, 48.69], [2.3834, 48.6901], [2.3837, 48.6903], [2.3838, 48.6905], [2.3841, 48.6907]], [[2.3517, 48.6755], [2.3519, 48.6757], [2.352, 48.6758], [2.352, 48.6759], [2.3521, 48.6759], [2.3521, 48.6758], [2.3521, 48.6759], [2.3522, 48.6759], [2.3522, 48.676], [2.3523, 48.6762], [2.3525, 48.6763], [2.3528, 48.6766], [2.353, 48.6768], [2.3532, 48.677], [2.3533, 48.677], [2.3533, 48.6771], [2.3531, 48.6769], [2.353, 48.6768], [2.3527, 48.6766], [2.3525, 48.6764], [2.3523, 48.6762], [2.3521, 48.676], [2.3518, 48.6757], [2.3517, 48.6756], [2.3517, 48.6755]], [[2.3327, 48.6694], [2.3333, 48.6695], [2.3339, 48.6696], [2.334, 48.6696], [2.3343, 48.6696], [2.3345, 48.6697], [2.3351, 48.6697], [2.3352, 48.6697], [2.3351, 48.6697], [2.3347, 48.6697], [2.3345, 48.6697], [2.3343, 48.6697], [2.334, 48.6696], [2.3337, 48.6696], [2.3334, 48.6695], [2.3327, 48.6694], [2.3322, 48.6693], [2.3318, 48.6692], [2.3314, 48.6691], [2.331, 48.669], [2.3307, 48.669], [2.3304, 48.6689], [2.3299, 48.6687], [2.3304, 48.6688], [2.3308, 48.669], [2.331, 48.669], [2.3313, 48.6691], [2.3314, 48.6691], [2.3315, 48.6691], [2.3316, 48.6691], [2.3317, 48.6692], [2.3318, 48.6692], [2.3317, 48.6692], [2.3322, 48.6693], [2.3326, 48.6694], [2.3327, 48.6694]], [[2.3127, 48.6527], [2.3134, 48.6531], [2.3139, 48.6534], [2.3143, 48.6536], [2.315, 48.654], [2.3148, 48.6538], [2.3143, 48.6535], [2.3142, 48.6534], [2.314, 48.6534], [2.314, 48.6533], [2.3139, 48.6533], [2.3139, 48.6532], [2.3138, 48.6532], [2.3137, 48.6532], [2.3136, 48.6531], [2.3135, 48.6531], [2.3135, 48.653], [2.3134, 48.653], [2.3128, 48.6527], [2.3127, 48.6527]], [[2.2911, 48.5647], [2.2911, 48.5649], [2.2911, 48.565], [2.2909, 48.5667], [2.291, 48.5667], [2.291, 48.5662], [2.2911, 48.5652], [2.2911, 48.5651], [2.2911, 48.565], [2.2912, 48.565], [2.2912, 48.5649], [2.2912, 48.5647], [2.2911, 48.5647]], [[2.2908, 48.5334], [2.291, 48.5337], [2.2911, 48.5337], [2.291, 48.5337], [2.2907, 48.5334], [2.2903, 48.533], [2.2893, 48.5319], [2.2894, 48.532], [2.2902, 48.5328], [2.2904, 48.533], [2.2905, 48.533], [2.2905, 48.5331], [2.2905, 48.5332], [2.2906, 48.5332], [2.2906, 48.5333], [2.2907, 48.5333], [2.2907, 48.5334], [2.2908, 48.5334]], [[2.2561, 48.5209], [2.256, 48.5209], [2.2558, 48.5207], [2.2557, 48.5207], [2.2557, 48.5206], [2.2556, 48.5206], [2.2555, 48.5206], [2.2554, 48.5206], [2.2536, 48.5199], [2.2543, 48.5202], [2.255, 48.5204], [2.2556, 48.5207], [2.2561, 48.5209]], [[2.2157, 48.5142], [2.2157, 48.5143], [2.2158, 48.5143], [2.2159, 48.5143], [2.2159, 48.5144], [2.216, 48.5144], [2.2161, 48.5144], [2.2165, 48.5146], [2.2166, 48.5147], [2.2164, 48.5147], [2.216, 48.5144], [2.2154, 48.5141], [2.2151, 48.5139], [2.2148, 48.5137], [2.2145, 48.5135], [2.214, 48.5131], [2.2141, 48.5131], [2.2151, 48.5139], [2.2155, 48.5141], [2.2157, 48.5142]], [[2.1944, 48.4933], [2.1945, 48.4934], [2.1948, 48.4938], [2.195, 48.494], [2.1953, 48.4944], [2.1957, 48.4948], [2.1959, 48.4951], [2.196, 48.4951], [2.1957, 48.4948], [2.1954, 48.4944], [2.1951, 48.4941], [2.1948, 48.4938], [2.1948, 48.4936], [2.1947, 48.4936], [2.1948, 48.4936], [2.1947, 48.4936], [2.1947, 48.4935], [2.1946, 48.4935], [2.1946, 48.4934], [2.1945, 48.4933], [2.1944, 48.4933]], [[2.159, 48.4366], [2.1595, 48.4368], [2.1598, 48.437], [2.1601, 48.4371], [2.1611, 48.4374], [2.1601, 48.437], [2.16, 48.437], [2.1599, 48.4369], [2.1596, 48.4368], [2.1594, 48.4367], [2.1593, 48.4367], [2.1592, 48.4367], [2.1592, 48.4366], [2.1592, 48.4367], [2.1591, 48.4366], [2.159, 48.4366], [2.1587, 48.4364], [2.1586, 48.4365], [2.159, 48.4366]], [[2.145, 48.428], [2.145, 48.4279], [2.1451, 48.4278], [2.1452, 48.4276], [2.1452, 48.4275], [2.1453, 48.4275], [2.1453, 48.4274], [2.1454, 48.4274], [2.1453, 48.4274], [2.1454, 48.4273], [2.1454, 48.4272], [2.1455, 48.427], [2.1456, 48.4267], [2.1455, 48.4267], [2.1455, 48.427], [2.1454, 48.4272], [2.1453, 48.4273], [2.1452, 48.4275], [2.1449, 48.428], [2.145, 48.428]], [[2.4113, 48.7642], [2.4114, 48.764], [2.4115, 48.7638], [2.4115, 48.7635], [2.4116, 48.7634], [2.4116, 48.7633], [2.4117, 48.7631]], [[2.4117, 48.7631], [2.4118, 48.7629], [2.4119, 48.7627], [2.412, 48.7625], [2.412, 48.7624], [2.4121, 48.7623], [2.4123, 48.762], [2.4124, 48.7617], [2.4126, 48.7615], [2.4127, 48.7613], [2.4128, 48.7611], [2.4129, 48.761], [2.413, 48.7609], [2.4131, 48.7607], [2.4132, 48.7606], [2.4133, 48.7604], [2.4134, 48.7603], [2.4134, 48.7602], [2.4136, 48.7601], [2.4137, 48.7599], [2.4139, 48.7596], [2.4141, 48.7593], [2.4143, 48.759], [2.4144, 48.7588], [2.4145, 48.7587], [2.4145, 48.7586]], [[2.4145, 48.7586], [2.4148, 48.7581], [2.415, 48.7578], [2.4152, 48.7576], [2.4158, 48.7566], [2.4173, 48.7543], [2.4182, 48.753], [2.4187, 48.7522], [2.419, 48.7516], [2.4193, 48.7512], [2.4195, 48.7509], [2.4196, 48.7507], [2.4197, 48.7505], [2.4199, 48.7503], [2.42, 48.7501], [2.4202, 48.7499], [2.4204, 48.7495], [2.4205, 48.7493], [2.4206, 48.7492], [2.4206, 48.7491], [2.4211, 48.7483], [2.4214, 48.7479], [2.4215, 48.7477], [2.4216, 48.7476], [2.4217, 48.7475], [2.4222, 48.7467], [2.4228, 48.7457], [2.4231, 48.7453], [2.4233, 48.745], [2.4234, 48.7448], [2.4237, 48.7444], [2.4238, 48.7442], [2.4239, 48.7441], [2.4239, 48.744], [2.4241, 48.7437], [2.4242, 48.7435], [2.4243, 48.7434], [2.4245, 48.7432], [2.4246, 48.743], [2.4247, 48.7428], [2.4248, 48.7426], [2.4249, 48.7425], [2.4251, 48.7422], [2.4252, 48.7421], [2.4253, 48.7419], [2.4255, 48.7417], [2.4256, 48.7415], [2.4258, 48.7412], [2.426, 48.7409], [2.4261, 48.7407], [2.4262, 48.7405], [2.4263, 48.7403], [2.4264, 48.7401], [2.4265, 48.7399], [2.4266, 48.7395], [2.4266, 48.7394], [2.4267, 48.7393], [2.4268, 48.7391], [2.4268, 48.7388], [2.4269, 48.7385], [2.4269, 48.7384], [2.427, 48.7383], [2.427, 48.7381], [2.427, 48.738], [2.427, 48.7379], [2.4271, 48.7378], [2.4271, 48.7377], [2.4271, 48.7375], [2.4271, 48.7374], [2.4271, 48.7372], [2.4271, 48.7371], [2.4272, 48.7369], [2.4272, 48.7368], [2.4272, 48.7365], [2.4272, 48.7364], [2.4272, 48.7362], [2.4272, 48.7359], [2.4272, 48.7358], [2.4272, 48.7357], [2.4271, 48.7355], [2.4271, 48.7354], [2.4271, 48.7352], [2.4271, 48.7351], [2.4271, 48.735], [2.4271, 48.7349], [2.4271, 48.7348], [2.427, 48.7346], [2.427, 48.7345], [2.427, 48.7344], [2.4269, 48.7342], [2.4269, 48.7341], [2.4269, 48.734], [2.4268, 48.7337], [2.4268, 48.7336], [2.4267, 48.7334], [2.4266, 48.7331], [2.4266, 48.733], [2.4265, 48.7329], [2.4264, 48.7327], [2.4264, 48.7325], [2.4263, 48.7324], [2.4262, 48.7322], [2.4261, 48.732], [2.426, 48.7317], [2.4259, 48.7316], [2.4258, 48.7314], [2.4257, 48.7312], [2.4256, 48.731], [2.4255, 48.7309]], [[2.4255, 48.7309], [2.4254, 48.7307]], [[2.4254, 48.7307], [2.4253, 48.7307], [2.4253, 48.7306], [2.4252, 48.7305], [2.4252, 48.7304], [2.4251, 48.7303], [2.425, 48.7302], [2.4249, 48.7301], [2.4249, 48.73], [2.4248, 48.7299], [2.4247, 48.7299], [2.4247, 48.7298], [2.4246, 48.7297], [2.4245, 48.7296], [2.4244, 48.7295], [2.4243, 48.7294], [2.4243, 48.7293], [2.4242, 48.7292], [2.4241, 48.7292], [2.424, 48.7291], [2.4239, 48.729], [2.4239, 48.7289], [2.4238, 48.7288], [2.4237, 48.7287], [2.4236, 48.7286], [2.4232, 48.7283], [2.4231, 48.7282], [2.4229, 48.7281], [2.4227, 48.7279], [2.4225, 48.7277], [2.4221, 48.7274], [2.422, 48.7273], [2.4216, 48.727], [2.4212, 48.7267], [2.421, 48.7266], [2.4208, 48.7264], [2.4206, 48.7263], [2.4205, 48.7262], [2.4203, 48.726], [2.4202, 48.726], [2.42, 48.7258], [2.4198, 48.7256], [2.4194, 48.7253], [2.4192, 48.7252], [2.4191, 48.7251], [2.419, 48.725], [2.4189, 48.7249], [2.4188, 48.7248]], [[2.4188, 48.7248], [2.4187, 48.7247], [2.4185, 48.7245]], [[2.4185, 48.7245], [2.4184, 48.7244], [2.4182, 48.7243], [2.4182, 48.7242], [2.4181, 48.7242], [2.4181, 48.7241], [2.418, 48.724], [2.4179, 48.7239], [2.4177, 48.7237], [2.4176, 48.7235], [2.4175, 48.7235], [2.4175, 48.7234], [2.4174, 48.7233], [2.4173, 48.7232], [2.4172, 48.7231], [2.4172, 48.723], [2.4171, 48.7229], [2.4169, 48.7226], [2.4167, 48.7223], [2.4165, 48.7219], [2.4164, 48.7218], [2.4163, 48.7216], [2.416, 48.7212], [2.4158, 48.721], [2.4154, 48.7205], [2.415, 48.7201], [2.4144, 48.7197], [2.4139, 48.7192], [2.4134, 48.7189], [2.4128, 48.7185], [2.4119, 48.718], [2.4112, 48.7175], [2.4101, 48.7168], [2.4098, 48.7166], [2.4094, 48.7164], [2.4088, 48.716], [2.4085, 48.7158], [2.4081, 48.7156], [2.4075, 48.7152], [2.4071, 48.715], [2.4068, 48.7148], [2.4061, 48.7144], [2.4053, 48.7139], [2.4047, 48.7135], [2.4045, 48.7133], [2.4041, 48.7129], [2.4037, 48.7126], [2.4034, 48.7124], [2.4032, 48.7121], [2.4028, 48.7117], [2.4022, 48.7111], [2.4017, 48.7106], [2.4013, 48.71], [2.4008, 48.7095], [2.4001, 48.7087], [2.3984, 48.7066], [2.3979, 48.706]], [[2.3979, 48.706], [2.3978, 48.7059], [2.3977, 48.7057]], [[2.3977, 48.7057], [2.3977, 48.7056]], [[2.3977, 48.7056], [2.3975, 48.7055], [2.3972, 48.7051], [2.3969, 48.7047], [2.3965, 48.7042]], [[2.3965, 48.7042], [2.3959, 48.7034], [2.3956, 48.7031], [2.3953, 48.7027], [2.3948, 48.7022], [2.3943, 48.7017], [2.393, 48.7003], [2.3924, 48.6997], [2.392, 48.6991], [2.3916, 48.6987], [2.3913, 48.6984], [2.3907, 48.6978], [2.3904, 48.6975], [2.39, 48.697], [2.3895, 48.6964], [2.389, 48.6959], [2.3883, 48.6952], [2.3878, 48.6947], [2.3872, 48.694], [2.3866, 48.6934], [2.3862, 48.6929], [2.3859, 48.6927]], [[2.3859, 48.6927], [2.3857, 48.6924], [2.3854, 48.692], [2.3853, 48.6918], [2.385, 48.6915], [2.3849, 48.6914], [2.3847, 48.6912], [2.3842, 48.6907]], [[2.3842, 48.6907], [2.384, 48.6905], [2.3837, 48.6902], [2.3835, 48.69], [2.3832, 48.6898], [2.3831, 48.6897], [2.3828, 48.6896], [2.3824, 48.6893], [2.3822, 48.6891], [2.3815, 48.6887]], [[2.3815, 48.6887], [2.3811, 48.6885], [2.3805, 48.6882]], [[2.3805, 48.6882], [2.3804, 48.688], [2.3799, 48.6878]], [[2.3799, 48.6878], [2.3798, 48.6878], [2.3795, 48.6876], [2.3791, 48.6874], [2.3787, 48.6872], [2.3785, 48.6872], [2.3783, 48.6871], [2.3781, 48.687]], [[2.3781, 48.687], [2.3779, 48.687]], [[2.3779, 48.687], [2.3777, 48.6869], [2.3775, 48.6868]], [[2.3775, 48.6868], [2.3769, 48.6866], [2.3763, 48.6865], [2.3758, 48.6864], [2.3753, 48.6862], [2.3749, 48.6861], [2.3744, 48.6859], [2.3741, 48.6858], [2.3737, 48.6857], [2.3734, 48.6856], [2.3726, 48.6853], [2.3722, 48.6851], [2.3717, 48.6849], [2.3712, 48.6847], [2.3709, 48.6846], [2.3706, 48.6844], [2.3703, 48.6843]], [[2.3703, 48.6843], [2.3702, 48.6842]], [[2.3702, 48.6842], [2.3699, 48.684], [2.3695, 48.6838], [2.3691, 48.6835], [2.3688, 48.6834], [2.3685, 48.6832], [2.368, 48.6829], [2.3677, 48.6827], [2.3674, 48.6825], [2.3668, 48.6821], [2.3659, 48.6816], [2.3649, 48.6811], [2.3644, 48.6809], [2.3641, 48.6807], [2.3639, 48.6806], [2.3637, 48.6805], [2.3635, 48.6805], [2.3633, 48.6804], [2.3631, 48.6803], [2.3628, 48.6803], [2.3626, 48.6802], [2.3625, 48.6802], [2.3622, 48.6802], [2.362, 48.6801], [2.3617, 48.6801], [2.3613, 48.6801], [2.3608, 48.68]], [[2.3608, 48.68], [2.3606, 48.68], [2.3603, 48.68], [2.3601, 48.6799], [2.3598, 48.6799]], [[2.3598, 48.6799], [2.3597, 48.6799], [2.3596, 48.6799], [2.3594, 48.6798], [2.3592, 48.6798], [2.3588, 48.6797], [2.3584, 48.6796], [2.3579, 48.6794], [2.3575, 48.6793], [2.3572, 48.6792], [2.3567, 48.679], [2.3563, 48.6788], [2.3557, 48.6785], [2.3553, 48.6783], [2.355, 48.6782], [2.3548, 48.6781], [2.3544, 48.6779], [2.3541, 48.6777], [2.3538, 48.6775], [2.3534, 48.6772], [2.353, 48.6769], [2.3528, 48.6767]], [[2.3528, 48.6767], [2.3527, 48.6766]], [[2.3527, 48.6766], [2.3525, 48.6764], [2.3523, 48.6763], [2.3522, 48.6761], [2.352, 48.6759], [2.3519, 48.6758], [2.3517, 48.6755], [2.3516, 48.6754]], [[2.3516, 48.6754], [2.3515, 48.6753]], [[2.3515, 48.6753], [2.3514, 48.6752], [2.3512, 48.6749], [2.351, 48.6747], [2.3509, 48.6745], [2.3508, 48.6744], [2.3506, 48.6742], [2.3504, 48.6741], [2.3503, 48.674]], [[2.3503, 48.674], [2.3502, 48.6739]], [[2.3502, 48.6739], [2.3501, 48.6737], [2.3498, 48.6735], [2.3495, 48.6733], [2.3493, 48.6731], [2.349, 48.6729], [2.3488, 48.6727], [2.3485, 48.6725], [2.3482, 48.6724], [2.3481, 48.6723], [2.3479, 48.6722], [2.3474, 48.6719], [2.3472, 48.6718], [2.3469, 48.6717], [2.3468, 48.6716]], [[2.3468, 48.6716], [2.3465, 48.6715], [2.3461, 48.6713], [2.3458, 48.6712], [2.3454, 48.6711], [2.3449, 48.6709], [2.3444, 48.6707], [2.3437, 48.6706], [2.3431, 48.6704], [2.3423, 48.6703], [2.3419, 48.6702], [2.3413, 48.6702], [2.3407, 48.6701], [2.3396, 48.67], [2.3388, 48.67], [2.3381, 48.6699]], [[2.3381, 48.6699], [2.3374, 48.6699]], [[2.3374, 48.6699], [2.3358, 48.6698], [2.3357, 48.6698]], [[2.3357, 48.6698], [2.3354, 48.6698], [2.3352, 48.6698]], [[2.3352, 48.6698], [2.335, 48.6698], [2.3348, 48.6697], [2.3343, 48.6697], [2.3337, 48.6696], [2.333, 48.6695], [2.3323, 48.6694], [2.3319, 48.6693], [2.3311, 48.6691], [2.3304, 48.6689], [2.3298, 48.6687], [2.3295, 48.6686], [2.3291, 48.6685], [2.3287, 48.6683]], [[2.3287, 48.6683], [2.3286, 48.6682], [2.3283, 48.6682], [2.3281, 48.668], [2.3279, 48.6679]], [[2.3279, 48.6679], [2.3276, 48.6678], [2.327, 48.6675], [2.3265, 48.6673], [2.3258, 48.6669], [2.3257, 48.6668], [2.3253, 48.6666], [2.3248, 48.6662], [2.3242, 48.6657], [2.3239, 48.6655], [2.3236, 48.6653], [2.3231, 48.6647], [2.3228, 48.6644], [2.3224, 48.6638], [2.3221, 48.6635], [2.3218, 48.6629], [2.3216, 48.6626], [2.3214, 48.6622], [2.3213, 48.6617], [2.321, 48.6609], [2.3209, 48.6606], [2.3207, 48.6601], [2.3205, 48.6597], [2.3202, 48.6592], [2.3198, 48.6585], [2.3193, 48.6577], [2.3189, 48.6572], [2.3184, 48.6567], [2.3182, 48.6565], [2.3178, 48.6562], [2.3174, 48.6557], [2.3168, 48.6552], [2.3162, 48.6548], [2.3155, 48.6544], [2.3148, 48.6539], [2.3141, 48.6535], [2.3134, 48.6531], [2.3128, 48.6528], [2.312, 48.6524], [2.3115, 48.6521], [2.311, 48.6519], [2.3106, 48.6516], [2.3102, 48.6513], [2.3097, 48.651], [2.3094, 48.6507], [2.309, 48.6505], [2.3085, 48.65], [2.3079, 48.6494], [2.3074, 48.6488], [2.3071, 48.6484], [2.3068, 48.6479], [2.3064, 48.6473], [2.3062, 48.6466], [2.3059, 48.6459], [2.3058, 48.6455], [2.3058, 48.6453], [2.3057, 48.6449], [2.3057, 48.6445], [2.3057, 48.6439], [2.3057, 48.6433], [2.3057, 48.643], [2.3059, 48.6417], [2.3061, 48.6404], [2.3063, 48.6391], [2.3066, 48.6375], [2.3068, 48.6364], [2.3068, 48.636]], [[2.3068, 48.636], [2.3068, 48.6359]], [[2.3068, 48.6359], [2.3069, 48.6357], [2.3069, 48.6355], [2.3071, 48.6343], [2.3073, 48.6327], [2.3076, 48.6312], [2.3076, 48.6307]], [[2.3076, 48.6307], [2.3076, 48.6306]], [[2.3076, 48.6306], [2.3077, 48.6301], [2.3078, 48.6294], [2.308, 48.6281], [2.3082, 48.6269], [2.3083, 48.6257], [2.3084, 48.6251], [2.3085, 48.6243]], [[2.3085, 48.6243], [2.3086, 48.6236], [2.3087, 48.6231], [2.3088, 48.6226], [2.3088, 48.6223], [2.3088, 48.622], [2.3088, 48.6217], [2.3088, 48.6214], [2.3088, 48.6212], [2.3088, 48.6209], [2.3088, 48.6206], [2.3088, 48.6203], [2.3087, 48.6201], [2.3087, 48.6198], [2.3087, 48.6196], [2.3086, 48.6195], [2.3086, 48.6194], [2.3085, 48.6191], [2.3085, 48.6189], [2.3084, 48.6186], [2.3083, 48.6183], [2.3082, 48.618], [2.3081, 48.6178], [2.3078, 48.6173], [2.3076, 48.6169], [2.3074, 48.6165], [2.3068, 48.6154], [2.3062, 48.6143], [2.3056, 48.613], [2.3053, 48.6125], [2.3052, 48.6123]], [[2.3052, 48.6123], [2.3051, 48.6123]], [[2.3051, 48.6123], [2.3051, 48.6122], [2.3049, 48.6119]], [[2.3049, 48.6119], [2.3049, 48.6118]], [[2.3049, 48.6118], [2.3048, 48.6116], [2.3046, 48.6112], [2.3043, 48.6108], [2.304, 48.6103], [2.3037, 48.6097], [2.3036, 48.6094], [2.3033, 48.6089], [2.3032, 48.6088]], [[2.3032, 48.6088], [2.3031, 48.6085]], [[2.3031, 48.6085], [2.303, 48.6082]], [[2.303, 48.6082], [2.3029, 48.6081], [2.3028, 48.6079], [2.3027, 48.6077]], [[2.3027, 48.6077], [2.3026, 48.6075], [2.3025, 48.6074], [2.3024, 48.6071], [2.3022, 48.6067], [2.302, 48.6063], [2.3018, 48.6059], [2.3016, 48.6056], [2.3015, 48.6054], [2.3014, 48.6052]], [[2.3014, 48.6052], [2.301, 48.6045], [2.3008, 48.6041], [2.3005, 48.6037], [2.3003, 48.6033], [2.3002, 48.6032], [2.3, 48.6027], [2.2997, 48.6021], [2.2994, 48.6016], [2.2991, 48.601], [2.2989, 48.6006], [2.2988, 48.6003], [2.2987, 48.6001], [2.2984, 48.5997], [2.2983, 48.5994], [2.298, 48.599], [2.2979, 48.5987], [2.2978, 48.5985], [2.2976, 48.5982], [2.2974, 48.5979], [2.2972, 48.5975], [2.2969, 48.5969], [2.2965, 48.5963], [2.296, 48.5953], [2.2952, 48.5938], [2.2943, 48.5922], [2.294, 48.5917], [2.2932, 48.5901], [2.2926, 48.589], [2.2921, 48.5879], [2.2919, 48.5875], [2.2918, 48.5873], [2.2917, 48.5868], [2.2914, 48.5861], [2.2913, 48.5857], [2.2911, 48.5854], [2.291, 48.5848], [2.2909, 48.5846], [2.2908, 48.5843], [2.2907, 48.5837], [2.2905, 48.5832], [2.2904, 48.5826], [2.2903, 48.5821], [2.2902, 48.5812], [2.2901, 48.5806], [2.29, 48.5799], [2.29, 48.579], [2.29, 48.578], [2.2899, 48.5772], [2.2901, 48.5753], [2.2907, 48.5685], [2.2909, 48.567], [2.2909, 48.5662], [2.291, 48.5659], [2.291, 48.5651], [2.2911, 48.5647], [2.2914, 48.5616], [2.2917, 48.5579], [2.2921, 48.5543], [2.2924, 48.5506], [2.2927, 48.5468], [2.2931, 48.5431]], [[2.2931, 48.5431], [2.2931, 48.5429]], [[2.2931, 48.5429], [2.2932, 48.5419], [2.2933, 48.5407], [2.2934, 48.5401], [2.2934, 48.5397], [2.2934, 48.5392], [2.2934, 48.5387], [2.2934, 48.5382], [2.2933, 48.5378], [2.2932, 48.5374], [2.2931, 48.5371], [2.2931, 48.5368], [2.2929, 48.5365], [2.2929, 48.5362], [2.2927, 48.536], [2.2926, 48.5358], [2.2925, 48.5355], [2.2923, 48.5353], [2.2922, 48.5351], [2.2919, 48.5347], [2.2916, 48.5343], [2.291, 48.5338], [2.2904, 48.5332], [2.2893, 48.532], [2.2891, 48.5319], [2.2888, 48.5316], [2.2884, 48.5313], [2.2881, 48.5311], [2.2877, 48.5308], [2.2875, 48.5307], [2.2874, 48.5306], [2.2871, 48.5305]], [[2.2871, 48.5305], [2.287, 48.5304]], [[2.287, 48.5304], [2.2867, 48.5302], [2.2862, 48.53], [2.2857, 48.5298], [2.2852, 48.5296], [2.2848, 48.5294], [2.2844, 48.5293], [2.284, 48.5292], [2.2833, 48.529], [2.2831, 48.5289], [2.2826, 48.5288], [2.2822, 48.5287], [2.2819, 48.5287], [2.2815, 48.5286], [2.2811, 48.5286], [2.2808, 48.5285], [2.2804, 48.5285], [2.28, 48.5284], [2.2797, 48.5284], [2.2792, 48.5284], [2.2787, 48.5284], [2.2782, 48.5284], [2.2778, 48.5284], [2.2768, 48.5284], [2.2759, 48.5285], [2.2751, 48.5285], [2.2745, 48.5285], [2.2742, 48.5285], [2.2736, 48.5285], [2.273, 48.5285], [2.2727, 48.5285], [2.2722, 48.5285], [2.2717, 48.5284], [2.271, 48.5283], [2.2705, 48.5282], [2.2699, 48.5281], [2.2693, 48.528], [2.2689, 48.5279], [2.2686, 48.5278], [2.2679, 48.5276], [2.2674, 48.5274], [2.267, 48.5273], [2.2666, 48.5272], [2.2662, 48.527], [2.2659, 48.5269], [2.2656, 48.5268], [2.2653, 48.5266], [2.2649, 48.5264], [2.2646, 48.5263], [2.2642, 48.5261], [2.2635, 48.5257], [2.2627, 48.5252], [2.2611, 48.5241], [2.2604, 48.5236], [2.2597, 48.5231], [2.2592, 48.5227], [2.2587, 48.5224], [2.2584, 48.5222], [2.2579, 48.522], [2.2575, 48.5217], [2.2568, 48.5213], [2.2562, 48.521], [2.2556, 48.5207], [2.2549, 48.5204], [2.2543, 48.5202], [2.2536, 48.5199], [2.2528, 48.5196], [2.2523, 48.5194], [2.252, 48.5193], [2.2517, 48.5192], [2.2513, 48.5191], [2.251, 48.519], [2.2507, 48.5189], [2.2504, 48.5189], [2.2501, 48.5188], [2.2497, 48.5187], [2.2492, 48.5186], [2.2489, 48.5186], [2.2484, 48.5185], [2.248, 48.5184], [2.2475, 48.5184], [2.2471, 48.5183], [2.2465, 48.5183], [2.246, 48.5182], [2.2456, 48.5182], [2.2452, 48.5181], [2.2448, 48.5181], [2.2443, 48.518], [2.244, 48.5179], [2.2437, 48.5179], [2.2434, 48.5178], [2.2431, 48.5178], [2.2427, 48.5177], [2.2425, 48.5176], [2.2421, 48.5175], [2.2419, 48.5174], [2.2414, 48.5173], [2.2411, 48.5172], [2.2408, 48.5171], [2.2405, 48.517], [2.2399, 48.5167], [2.2395, 48.5166], [2.2391, 48.5165], [2.2388, 48.5164], [2.2385, 48.5163], [2.2382, 48.5162], [2.2378, 48.5161], [2.2375, 48.516], [2.2372, 48.5159], [2.2368, 48.5158], [2.2364, 48.5158], [2.236, 48.5157], [2.2357, 48.5157], [2.2355, 48.5156], [2.2352, 48.5156], [2.2348, 48.5155], [2.2345, 48.5155], [2.2342, 48.5155], [2.2338, 48.5155], [2.2334, 48.5155], [2.233, 48.5155], [2.2327, 48.5155], [2.2322, 48.5155], [2.2318, 48.5155], [2.2314, 48.5155], [2.231, 48.5156], [2.2306, 48.5156], [2.2302, 48.5157], [2.2298, 48.5157], [2.2294, 48.5158], [2.2289, 48.5159]], [[2.2289, 48.5159], [2.2288, 48.5159]], [[2.2288, 48.5159], [2.2283, 48.5161], [2.228, 48.5161], [2.2276, 48.5162], [2.2272, 48.5162], [2.2269, 48.5163], [2.2266, 48.5163], [2.2264, 48.5163], [2.2262, 48.5164]], [[2.2262, 48.5164], [2.226, 48.5164]], [[2.226, 48.5164], [2.2258, 48.5164], [2.2254, 48.5164], [2.2251, 48.5164], [2.2248, 48.5164], [2.2245, 48.5164], [2.2241, 48.5164], [2.2239, 48.5164], [2.2236, 48.5164], [2.2233, 48.5164], [2.223, 48.5164], [2.2227, 48.5163], [2.2224, 48.5163], [2.2221, 48.5163], [2.2217, 48.5162], [2.2214, 48.5162], [2.2211, 48.5161], [2.2208, 48.5161], [2.2205, 48.516], [2.2202, 48.5159], [2.2199, 48.5159], [2.2196, 48.5158], [2.2193, 48.5157], [2.219, 48.5156], [2.2187, 48.5155], [2.2184, 48.5154], [2.2181, 48.5153], [2.2178, 48.5152], [2.2175, 48.5151], [2.2173, 48.515], [2.217, 48.5149], [2.2168, 48.5148], [2.2165, 48.5147], [2.2163, 48.5146], [2.216, 48.5145], [2.2157, 48.5143], [2.2154, 48.5141], [2.2151, 48.514], [2.2149, 48.5138], [2.2147, 48.5137], [2.2145, 48.5135], [2.2143, 48.5133], [2.2141, 48.5132], [2.2139, 48.513], [2.2137, 48.5129], [2.2132, 48.5123], [2.2125, 48.5117], [2.2121, 48.5113], [2.2114, 48.5106], [2.2111, 48.5103], [2.2106, 48.5098], [2.2103, 48.5095], [2.2097, 48.509], [2.2093, 48.5085], [2.2088, 48.508], [2.2085, 48.5077], [2.2078, 48.507], [2.2074, 48.5066], [2.2069, 48.5062], [2.2065, 48.5057], [2.2061, 48.5053], [2.2056, 48.5047], [2.2052, 48.5043], [2.2047, 48.5039], [2.2043, 48.5035], [2.2038, 48.503], [2.2034, 48.5025], [2.2029, 48.5021], [2.2025, 48.5017], [2.202, 48.5012], [2.2015, 48.5007], [2.2009, 48.5001], [2.2005, 48.4997], [2.2, 48.4992], [2.1996, 48.4988], [2.1991, 48.4983], [2.1986, 48.4978], [2.1982, 48.4974], [2.1978, 48.497], [2.1974, 48.4966], [2.1969, 48.4961], [2.1964, 48.4957], [2.1961, 48.4953], [2.1958, 48.495], [2.1956, 48.4947], [2.1954, 48.4946], [2.1952, 48.4943], [2.195, 48.494], [2.1948, 48.4939], [2.1947, 48.4936], [2.1944, 48.4932], [2.1941, 48.493], [2.1939, 48.4926]], [[2.1939, 48.4926], [2.1938, 48.4925]], [[2.1938, 48.4925], [2.1936, 48.4923], [2.1935, 48.4921], [2.1933, 48.4918], [2.193, 48.4913], [2.1927, 48.4908], [2.1925, 48.4902], [2.1923, 48.4899]], [[2.1923, 48.4899], [2.1922, 48.4898]], [[2.1922, 48.4898], [2.192, 48.4891], [2.1918, 48.4886], [2.1917, 48.4883]], [[2.1917, 48.4883], [2.1916, 48.4882]], [[2.1916, 48.4882], [2.1916, 48.488], [2.1915, 48.4877], [2.1914, 48.4874], [2.1914, 48.4872], [2.1913, 48.4869], [2.1912, 48.4865], [2.1911, 48.486], [2.191, 48.4857]], [[2.191, 48.4857], [2.191, 48.4856]], [[2.191, 48.4856], [2.191, 48.4854], [2.1909, 48.4849], [2.1909, 48.4843], [2.1909, 48.484], [2.1909, 48.4837], [2.1909, 48.4834], [2.1909, 48.4832], [2.191, 48.4826], [2.191, 48.482], [2.191, 48.4818], [2.191, 48.4815], [2.191, 48.4813], [2.191, 48.4811], [2.191, 48.4808], [2.191, 48.4806], [2.1909, 48.4803], [2.1909, 48.4801], [2.1908, 48.4798], [2.1908, 48.4796], [2.1907, 48.4794], [2.1907, 48.4791], [2.1906, 48.4789], [2.1905, 48.4786], [2.1905, 48.4784], [2.1904, 48.4782], [2.1903, 48.4779], [2.1902, 48.4777], [2.1901, 48.4775], [2.19, 48.4772]], [[2.19, 48.4772], [2.1899, 48.4772]], [[2.1899, 48.4772], [2.1898, 48.4769], [2.1896, 48.4765], [2.1893, 48.4762], [2.1892, 48.476], [2.189, 48.4757], [2.1888, 48.4755], [2.1886, 48.4752], [2.1884, 48.475], [2.1882, 48.4747], [2.1877, 48.4742]], [[2.1877, 48.4742], [2.1876, 48.4741]], [[2.1876, 48.4741], [2.1872, 48.4738], [2.1868, 48.4733], [2.1863, 48.4729], [2.1847, 48.4715], [2.1844, 48.4712], [2.1826, 48.4697], [2.1809, 48.4681], [2.1801, 48.4674], [2.1791, 48.4665], [2.1781, 48.4656], [2.177, 48.4647], [2.1765, 48.4643], [2.176, 48.4638], [2.175, 48.4629], [2.1744, 48.4623], [2.174, 48.462], [2.1735, 48.4615], [2.1729, 48.4611], [2.1724, 48.4606], [2.1719, 48.4602], [2.1717, 48.46], [2.1715, 48.4598]], [[2.1715, 48.4598], [2.1714, 48.4597]], [[2.1714, 48.4597], [2.1713, 48.4596]], [[2.1713, 48.4596], [2.1711, 48.4594], [2.1708, 48.4591], [2.1705, 48.4587], [2.1703, 48.4584], [2.17, 48.4581], [2.1698, 48.4578], [2.1697, 48.4576], [2.1695, 48.4573], [2.1694, 48.4571], [2.1692, 48.4568], [2.1691, 48.4565], [2.1689, 48.4562], [2.1688, 48.4559], [2.1686, 48.4556], [2.1686, 48.4554], [2.1685, 48.4551], [2.1684, 48.4548], [2.1683, 48.4545], [2.1682, 48.4543], [2.1681, 48.454], [2.1681, 48.4536], [2.168, 48.4533], [2.168, 48.4529], [2.168, 48.4526]], [[2.168, 48.4526], [2.168, 48.452], [2.168, 48.4517], [2.168, 48.4514], [2.168, 48.4512], [2.168, 48.451], [2.1681, 48.4508], [2.1681, 48.4506], [2.1683, 48.45], [2.1683, 48.4497], [2.1685, 48.4493], [2.1687, 48.4485], [2.1687, 48.4484], [2.169, 48.4477], [2.1691, 48.4473], [2.1692, 48.447], [2.1692, 48.4468], [2.1693, 48.4466], [2.1693, 48.4464]], [[2.1693, 48.4464], [2.1693, 48.4463]], [[2.1693, 48.4463], [2.1693, 48.4461], [2.1693, 48.4458], [2.1693, 48.4456], [2.1693, 48.4452], [2.1693, 48.4449], [2.1692, 48.4446], [2.1692, 48.4441], [2.1691, 48.4439], [2.1691, 48.4436], [2.169, 48.4433], [2.1688, 48.443], [2.1687, 48.4427], [2.1686, 48.4425], [2.1685, 48.4423], [2.1684, 48.4421], [2.1683, 48.4419], [2.1681, 48.4417], [2.1679, 48.4415], [2.1678, 48.4413], [2.1676, 48.441], [2.1672, 48.4407], [2.1669, 48.4404], [2.1666, 48.4402], [2.1665, 48.4401], [2.1663, 48.4399], [2.1659, 48.4397], [2.1657, 48.4395], [2.1654, 48.4394], [2.1652, 48.4392], [2.1649, 48.4391]], [[2.1649, 48.4391], [2.1649, 48.439]], [[2.1649, 48.439], [2.1644, 48.4388], [2.1641, 48.4386], [2.1639, 48.4385], [2.1636, 48.4384], [2.1632, 48.4382], [2.1628, 48.4381], [2.1626, 48.438]], [[2.1626, 48.438], [2.1624, 48.4379]], [[2.1624, 48.4379], [2.1616, 48.4376]], [[2.1616, 48.4376], [2.1612, 48.4375], [2.1606, 48.4373], [2.1601, 48.4371], [2.1596, 48.4369], [2.159, 48.4367]], [[2.159, 48.4367], [2.1586, 48.4365], [2.1583, 48.4364], [2.158, 48.4362], [2.1577, 48.4361], [2.1574, 48.4359], [2.1568, 48.4356], [2.1541, 48.4342], [2.1529, 48.4336], [2.1525, 48.4334], [2.1521, 48.4332], [2.1517, 48.433], [2.1509, 48.4328], [2.1503, 48.4325], [2.1482, 48.4319], [2.1476, 48.4317], [2.147, 48.4315], [2.1466, 48.4314]], [[2.1466, 48.4314], [2.1464, 48.4313], [2.1462, 48.4313], [2.1461, 48.4312], [2.146, 48.4311], [2.1458, 48.4311], [2.1457, 48.431], [2.1455, 48.4309], [2.1454, 48.4308], [2.1453, 48.4307], [2.1451, 48.4306], [2.145, 48.4304], [2.1448, 48.4302], [2.1447, 48.4301], [2.1446, 48.4299], [2.1446, 48.4298], [2.1445, 48.4296], [2.1445, 48.4295], [2.1445, 48.4294], [2.1445, 48.4292], [2.1445, 48.4291]], [[2.1445, 48.4291], [2.1445, 48.429]], [[2.1445, 48.429], [2.1445, 48.4288], [2.1446, 48.4287]], [[2.1446, 48.4287], [2.1446, 48.4286], [2.1447, 48.4284], [2.1448, 48.4283]], [[2.1448, 48.4283], [2.1449, 48.428]], [[2.1449, 48.428], [2.1452, 48.4274]], [[2.1952, 48.4946], [2.1948, 48.4942], [2.1946, 48.4939], [2.1945, 48.4938], [2.1944, 48.4937], [2.1943, 48.4936], [2.1943, 48.4935], [2.194, 48.4931], [2.1937, 48.4927], [2.194, 48.4931], [2.1943, 48.4935], [2.1945, 48.4938], [2.1947, 48.4939], [2.1949, 48.4942], [2.1951, 48.4945], [2.1952, 48.4946]], [[2.2163, 48.5148], [2.2162, 48.5148], [2.2163, 48.5148], [2.2159, 48.5146], [2.2158, 48.5146], [2.2155, 48.5144], [2.2152, 48.5142], [2.2148, 48.514], [2.2145, 48.5138], [2.2141, 48.5135], [2.214, 48.5133], [2.2144, 48.5136], [2.2148, 48.5139], [2.2152, 48.5142], [2.2156, 48.5144], [2.2159, 48.5146], [2.2162, 48.5147], [2.2164, 48.5148], [2.2163, 48.5148]], [[2.2891, 48.5321], [2.2902, 48.5332], [2.2903, 48.5333], [2.2904, 48.5334], [2.2904, 48.5335], [2.2905, 48.5335], [2.2909, 48.5339], [2.2906, 48.5336], [2.2903, 48.5332], [2.29, 48.5329], [2.2895, 48.5324], [2.2891, 48.5321]], [[2.2908, 48.565], [2.2908, 48.5651], [2.2908, 48.5652], [2.2908, 48.5655], [2.2908, 48.5656], [2.2907, 48.5656], [2.2907, 48.5665], [2.2908, 48.5655], [2.2909, 48.5649], [2.2909, 48.5647], [2.2909, 48.5648], [2.2908, 48.5648], [2.2908, 48.5649], [2.2908, 48.565]], [[2.3068, 48.6349], [2.3068, 48.6351], [2.3068, 48.6354], [2.3067, 48.6358], [2.3066, 48.636], [2.3066, 48.6362], [2.3065, 48.6369], [2.3064, 48.6369], [2.3065, 48.6363], [2.3066, 48.6361], [2.3066, 48.6359], [2.3067, 48.6358], [2.3066, 48.6358], [2.3066, 48.6357], [2.3066, 48.6356], [2.3067, 48.6355], [2.3067, 48.6353], [2.3067, 48.635], [2.3068, 48.635], [2.3068, 48.6349], [2.3067, 48.6349], [2.3068, 48.6349]], [[2.3125, 48.6529], [2.3125, 48.6528], [2.3124, 48.6528], [2.3116, 48.6524], [2.3116, 48.6523], [2.3126, 48.6528], [2.3135, 48.6533], [2.3139, 48.6535], [2.3139, 48.6536], [2.3138, 48.6535], [2.3138, 48.6536], [2.3137, 48.6535], [2.3136, 48.6535], [2.3135, 48.6534], [2.3134, 48.6533], [2.3133, 48.6533], [2.3133, 48.6532], [2.3132, 48.6532], [2.3131, 48.6532], [2.313, 48.6531], [2.3129, 48.6531], [2.3129, 48.653], [2.3127, 48.653], [2.3126, 48.653], [2.3126, 48.6529], [2.3125, 48.6529]], [[2.3314, 48.6693], [2.3318, 48.6694], [2.3322, 48.6695], [2.3325, 48.6695], [2.3326, 48.6696], [2.333, 48.6696], [2.3333, 48.6697], [2.334, 48.6698], [2.3343, 48.6698], [2.3342, 48.6698], [2.3341, 48.6698], [2.334, 48.6698], [2.3335, 48.6697], [2.3334, 48.6697], [2.3333, 48.6698], [2.3332, 48.6697], [2.3333, 48.6697], [2.3332, 48.6697], [2.3331, 48.6697], [2.333, 48.6697], [2.3326, 48.6696], [2.3325, 48.6696], [2.3323, 48.6695], [2.3322, 48.6695], [2.332, 48.6695], [2.3319, 48.6695], [2.3319, 48.6694], [2.3318, 48.6694], [2.3317, 48.6694], [2.3316, 48.6694], [2.3315, 48.6694], [2.3314, 48.6693]], [[2.3532, 48.6773], [2.3533, 48.6773], [2.353, 48.6771], [2.3527, 48.6768], [2.3526, 48.6767], [2.3524, 48.6765], [2.3523, 48.6764], [2.3521, 48.6763], [2.352, 48.6762], [2.3519, 48.676], [2.3518, 48.6759], [2.3517, 48.6758], [2.3516, 48.6756], [2.3515, 48.6757], [2.3516, 48.6757], [2.3517, 48.6758], [2.3516, 48.6758], [2.3517, 48.6759], [2.3517, 48.676], [2.3518, 48.676], [2.3518, 48.6761], [2.3519, 48.6761], [2.352, 48.6762], [2.352, 48.6763], [2.3521, 48.6763], [2.3522, 48.6764], [2.3524, 48.6766], [2.3525, 48.6767], [2.3526, 48.6768], [2.3527, 48.6769], [2.3529, 48.677], [2.3529, 48.6771], [2.353, 48.6771], [2.3531, 48.6772], [2.3532, 48.6773]], [[2.3815, 48.689], [2.3815, 48.6891], [2.3819, 48.6894], [2.3821, 48.6895], [2.3822, 48.6896], [2.3826, 48.6899], [2.383, 48.6902], [2.3833, 48.6904], [2.3834, 48.6905], [2.3837, 48.6908], [2.3838, 48.6908], [2.3837, 48.6906], [2.3834, 48.6904], [2.383, 48.6901], [2.3823, 48.6896], [2.3822, 48.6895], [2.3819, 48.6893], [2.3816, 48.6891], [2.3815, 48.689]], [[2.4046, 48.7136], [2.4042, 48.7133], [2.4038, 48.713], [2.4036, 48.7128], [2.4033, 48.7125], [2.4032, 48.7124], [2.4031, 48.7123], [2.403, 48.7122], [2.4026, 48.7118], [2.4031, 48.7122], [2.4033, 48.7124], [2.4035, 48.7127], [2.4039, 48.713], [2.4041, 48.7131], [2.4047, 48.7136], [2.4046, 48.7136]], [[2.4208, 48.7266], [2.4207, 48.7266], [2.4206, 48.7265], [2.4203, 48.7263], [2.4203, 48.7262], [2.4202, 48.7262], [2.4201, 48.7262], [2.4202, 48.7261], [2.4199, 48.7259], [2.4194, 48.7256], [2.4194, 48.7255], [2.4193, 48.7255], [2.4192, 48.7254], [2.4191, 48.7254], [2.4191, 48.7253], [2.419, 48.7252], [2.4188, 48.725], [2.419, 48.7252], [2.4193, 48.7255], [2.4196, 48.7257], [2.4199, 48.7259], [2.4208, 48.7266]], [[2.4266, 48.7387], [2.4267, 48.7387], [2.4266, 48.7389], [2.4265, 48.7393], [2.4263, 48.7397], [2.4262, 48.74], [2.4261, 48.7403], [2.4258, 48.7408], [2.426, 48.7403], [2.426, 48.7402], [2.4261, 48.7401], [2.426, 48.7401], [2.4261, 48.74], [2.4262, 48.74], [2.4262, 48.7399], [2.4262, 48.7398], [2.4263, 48.7396], [2.4263, 48.7395], [2.4264, 48.7394], [2.4264, 48.7393], [2.4265, 48.7391], [2.4265, 48.739], [2.4266, 48.7389], [2.4266, 48.7388], [2.4266, 48.7387]], [[2.411, 48.7648], [2.4111, 48.7647], [2.4111, 48.7645], [2.4111, 48.7643], [2.4112, 48.764], [2.4113, 48.7636], [2.4114, 48.7634], [2.4115, 48.7632], [2.4116, 48.763], [2.4117, 48.7627], [2.4116, 48.7627], [2.4115, 48.7627], [2.4114, 48.7629], [2.4112, 48.7633], [2.4112, 48.7635], [2.4111, 48.7636], [2.4111, 48.7637], [2.4111, 48.7639], [2.411, 48.764], [2.411, 48.7642], [2.411, 48.7643], [2.411, 48.7645], [2.411, 48.7648]], [[2.1445, 48.4291], [2.1444, 48.4292], [2.1444, 48.4294], [2.1444, 48.4295], [2.1445, 48.4296], [2.1445, 48.4298], [2.1445, 48.4299], [2.1446, 48.4301], [2.1447, 48.4303], [2.1449, 48.4306], [2.145, 48.4307]], [[2.1456, 48.4313], [2.1455, 48.4312], [2.1453, 48.431], [2.1452, 48.4309], [2.145, 48.4307]], [[2.1456, 48.4313], [2.1458, 48.4314], [2.146, 48.4315], [2.1461, 48.4315], [2.1462, 48.4316], [2.1464, 48.4317], [2.1465, 48.4317], [2.1466, 48.4318], [2.1468, 48.4318], [2.147, 48.4319], [2.1471, 48.4319], [2.1473, 48.4319], [2.1476, 48.432], [2.1479, 48.4321], [2.1482, 48.4321], [2.1487, 48.4323], [2.1495, 48.4325], [2.1503, 48.4327], [2.1515, 48.4332], [2.1523, 48.4335], [2.1525, 48.4336], [2.1528, 48.4337], [2.1532, 48.4339], [2.154, 48.4343], [2.1545, 48.4346], [2.155, 48.4348], [2.1559, 48.4353], [2.1572, 48.436]], [[2.1623, 48.4381], [2.1621, 48.438], [2.1617, 48.4378], [2.1615, 48.4378], [2.1613, 48.4378], [2.1611, 48.4377], [2.161, 48.4377], [2.1607, 48.4376], [2.1605, 48.4375], [2.1599, 48.4373], [2.1594, 48.4371], [2.1591, 48.437], [2.1589, 48.4369], [2.1587, 48.4368], [2.1585, 48.4367], [2.1583, 48.4366], [2.1579, 48.4364], [2.1576, 48.4362], [2.1572, 48.436]], [[2.1625, 48.4381], [2.1623, 48.4381]], [[2.1627, 48.4382], [2.1625, 48.4381]], [[2.1627, 48.4382], [2.163, 48.4383], [2.1632, 48.4384], [2.1635, 48.4385], [2.164, 48.4387], [2.1643, 48.4389], [2.1648, 48.4391]], [[2.1648, 48.4391], [2.1648, 48.4392]], [[2.1648, 48.4392], [2.1651, 48.4393], [2.1654, 48.4395], [2.1656, 48.4396], [2.1658, 48.4398], [2.1662, 48.44], [2.1664, 48.4402], [2.1669, 48.4406], [2.167, 48.4407], [2.1674, 48.4411], [2.1676, 48.4413], [2.1678, 48.4415], [2.168, 48.4418], [2.1681, 48.442], [2.1682, 48.4422], [2.1683, 48.4424], [2.1684, 48.4425], [2.1685, 48.4427], [2.1687, 48.443], [2.1688, 48.4433], [2.1689, 48.4436], [2.1689, 48.4439], [2.169, 48.4441], [2.1691, 48.4446], [2.1691, 48.4449], [2.1691, 48.4452], [2.1691, 48.4455], [2.1691, 48.4458], [2.1691, 48.4461], [2.1691, 48.4463]], [[2.1691, 48.4463], [2.1691, 48.4464]], [[2.1691, 48.4464], [2.1691, 48.4466], [2.169, 48.4468], [2.169, 48.4469], [2.1689, 48.4472], [2.1688, 48.4477], [2.1686, 48.4482], [2.1685, 48.4486], [2.1684, 48.449], [2.1683, 48.4493], [2.1682, 48.4497], [2.1681, 48.45], [2.168, 48.4502], [2.1679, 48.4505], [2.1679, 48.4507], [2.1678, 48.451], [2.1678, 48.4512], [2.1678, 48.4514], [2.1678, 48.4517], [2.1678, 48.452], [2.1678, 48.4526]], [[2.1678, 48.4526], [2.1678, 48.4529], [2.1678, 48.4532], [2.1679, 48.4533], [2.1679, 48.4536], [2.168, 48.454], [2.168, 48.4543], [2.1681, 48.4545], [2.1682, 48.4548], [2.1683, 48.4551], [2.1684, 48.4554], [2.1685, 48.4556], [2.1686, 48.4559], [2.1687, 48.4562], [2.1689, 48.4566], [2.1691, 48.4569], [2.1692, 48.4571], [2.1693, 48.4574], [2.1695, 48.4576], [2.1697, 48.4579], [2.1699, 48.4582], [2.1701, 48.4585], [2.1703, 48.4588], [2.1707, 48.4592], [2.171, 48.4595], [2.1711, 48.4596]], [[2.1711, 48.4596], [2.1712, 48.4597]], [[2.1712, 48.4597], [2.1713, 48.4598]], [[2.1713, 48.4598], [2.1716, 48.4601], [2.1718, 48.4603], [2.1723, 48.4607], [2.1728, 48.4612], [2.1733, 48.4616], [2.1738, 48.4621], [2.1742, 48.4624], [2.1748, 48.463], [2.1759, 48.4639], [2.1764, 48.4643], [2.1769, 48.4648], [2.1779, 48.4657], [2.1789, 48.4666], [2.18, 48.4675], [2.1808, 48.4682], [2.1825, 48.4697], [2.1842, 48.4713], [2.1846, 48.4716], [2.1861, 48.4729], [2.1866, 48.4734], [2.1871, 48.4738], [2.1874, 48.4742]], [[2.1874, 48.4742], [2.1875, 48.4743]], [[2.1875, 48.4743], [2.188, 48.4748], [2.1882, 48.475], [2.1884, 48.4753], [2.1887, 48.4755], [2.1889, 48.4758], [2.189, 48.476], [2.1892, 48.4762], [2.1894, 48.4766], [2.1896, 48.4769], [2.1898, 48.4772]], [[2.1898, 48.4772], [2.1898, 48.4773]], [[2.1898, 48.4773], [2.1899, 48.4775], [2.19, 48.4777], [2.1901, 48.478], [2.1902, 48.4782], [2.1903, 48.4784], [2.1904, 48.4787], [2.1905, 48.4789], [2.1905, 48.4791], [2.1906, 48.4794], [2.1906, 48.4796], [2.1907, 48.4799], [2.1907, 48.4801], [2.1908, 48.4803], [2.1908, 48.4806], [2.1908, 48.4808], [2.1908, 48.4811], [2.1908, 48.4813], [2.1908, 48.4815], [2.1908, 48.4818], [2.1908, 48.482], [2.1908, 48.4826], [2.1907, 48.4832], [2.1907, 48.4834], [2.1907, 48.4837], [2.1907, 48.484], [2.1907, 48.4843], [2.1908, 48.4849], [2.1908, 48.4854], [2.1908, 48.4857]], [[2.1908, 48.4857], [2.1909, 48.4858]], [[2.1909, 48.4858], [2.1909, 48.486], [2.191, 48.4865], [2.1911, 48.4869], [2.1912, 48.4872], [2.1912, 48.4874], [2.1913, 48.4877], [2.1914, 48.4881], [2.1915, 48.4882]], [[2.1915, 48.4882], [2.1915, 48.4883]], [[2.1915, 48.4883], [2.1916, 48.4886], [2.1918, 48.4892], [2.1921, 48.4898]], [[2.1921, 48.4898], [2.1921, 48.4899]], [[2.1921, 48.4899], [2.1923, 48.4903], [2.1926, 48.4908], [2.1928, 48.4913], [2.1932, 48.4919], [2.1934, 48.4922], [2.1936, 48.4925]], [[2.1936, 48.4925], [2.1937, 48.4927]], [[2.1937, 48.4927], [2.1938, 48.4928], [2.194, 48.493], [2.1942, 48.4933], [2.1944, 48.4936], [2.1945, 48.4937], [2.1947, 48.4939], [2.1948, 48.4941], [2.195, 48.4943], [2.1951, 48.4944], [2.1952, 48.4946], [2.1954, 48.4948], [2.1956, 48.4951], [2.1959, 48.4954], [2.1963, 48.4957], [2.1967, 48.4962], [2.1972, 48.4967], [2.1976, 48.4971], [2.198, 48.4975], [2.1985, 48.4979], [2.1989, 48.4984], [2.1994, 48.4988], [2.1999, 48.4993], [2.2003, 48.4998], [2.2008, 48.5002], [2.2014, 48.5008], [2.2019, 48.5013], [2.2023, 48.5017], [2.2027, 48.5021], [2.2032, 48.5026], [2.2037, 48.5031], [2.2041, 48.5035], [2.2046, 48.5039], [2.205, 48.5044], [2.2054, 48.5048], [2.2059, 48.5053], [2.2063, 48.5058], [2.2068, 48.5063], [2.2073, 48.5067], [2.2077, 48.5071], [2.2084, 48.5078], [2.2087, 48.5081], [2.2092, 48.5086], [2.2096, 48.509], [2.2101, 48.5095], [2.2105, 48.5099], [2.2109, 48.5103], [2.2112, 48.5106], [2.2119, 48.5113], [2.2124, 48.5118], [2.213, 48.5124], [2.2136, 48.5129], [2.2138, 48.5131], [2.2139, 48.5132], [2.2141, 48.5134], [2.2144, 48.5136], [2.2146, 48.5137], [2.2148, 48.5139], [2.2151, 48.5141], [2.2152, 48.5142], [2.2156, 48.5144], [2.216, 48.5146], [2.2162, 48.5147], [2.2165, 48.5148], [2.2167, 48.5149], [2.2169, 48.515], [2.2172, 48.5151], [2.2175, 48.5152], [2.2178, 48.5153], [2.218, 48.5154], [2.2183, 48.5155], [2.2186, 48.5156], [2.2189, 48.5157], [2.2193, 48.5158], [2.2196, 48.5159], [2.2199, 48.516], [2.2202, 48.516], [2.2205, 48.5161], [2.2208, 48.5162], [2.2211, 48.5162], [2.2214, 48.5163], [2.2217, 48.5163], [2.2221, 48.5164], [2.2224, 48.5164], [2.2227, 48.5164], [2.2229, 48.5165], [2.2233, 48.5165], [2.2235, 48.5165], [2.2239, 48.5165], [2.2241, 48.5165], [2.2245, 48.5165], [2.2248, 48.5165], [2.2251, 48.5165], [2.2254, 48.5165], [2.2258, 48.5165], [2.2262, 48.5165]], [[2.2262, 48.5165], [2.2263, 48.5165]], [[2.2263, 48.5165], [2.2266, 48.5164], [2.227, 48.5164], [2.2273, 48.5163], [2.2276, 48.5163], [2.228, 48.5162], [2.2284, 48.5162], [2.2289, 48.5161]], [[2.2289, 48.5161], [2.229, 48.516]], [[2.229, 48.516], [2.2294, 48.5159], [2.2298, 48.5159], [2.2303, 48.5158], [2.2306, 48.5157], [2.231, 48.5157], [2.2315, 48.5156], [2.2318, 48.5156], [2.2322, 48.5156], [2.2327, 48.5156], [2.233, 48.5156], [2.2334, 48.5156], [2.2338, 48.5156], [2.2341, 48.5156], [2.2345, 48.5156], [2.2348, 48.5157], [2.2352, 48.5157], [2.2355, 48.5157], [2.2357, 48.5158], [2.236, 48.5158], [2.2363, 48.5159], [2.2368, 48.5159], [2.2372, 48.516], [2.2375, 48.5161], [2.2378, 48.5162], [2.2381, 48.5163], [2.2385, 48.5164], [2.2387, 48.5165], [2.2391, 48.5166], [2.2394, 48.5167], [2.2398, 48.5168], [2.2404, 48.5171], [2.2408, 48.5172], [2.2411, 48.5173], [2.2414, 48.5174], [2.2418, 48.5175], [2.2421, 48.5176], [2.2424, 48.5177], [2.2427, 48.5178], [2.243, 48.5179], [2.2434, 48.5179], [2.2437, 48.518], [2.244, 48.5181], [2.2443, 48.5181], [2.2448, 48.5182], [2.2452, 48.5182], [2.2456, 48.5183], [2.246, 48.5183], [2.2464, 48.5184], [2.247, 48.5184], [2.2475, 48.5185], [2.2479, 48.5186], [2.2484, 48.5186], [2.2488, 48.5187], [2.2492, 48.5187], [2.2496, 48.5188], [2.25, 48.5189], [2.2504, 48.519], [2.2506, 48.5191], [2.251, 48.5191], [2.2513, 48.5192], [2.2516, 48.5193], [2.2519, 48.5194], [2.2523, 48.5196], [2.2528, 48.5197], [2.2535, 48.52], [2.2542, 48.5203], [2.2549, 48.5205], [2.2555, 48.5208], [2.2561, 48.5211], [2.2567, 48.5214], [2.2573, 48.5217], [2.2577, 48.5219], [2.258, 48.5221], [2.2581, 48.5222], [2.2584, 48.5224], [2.2591, 48.5228], [2.2597, 48.5232], [2.2604, 48.5238], [2.2609, 48.5242], [2.2616, 48.5246], [2.2622, 48.525], [2.2629, 48.5255], [2.2635, 48.5258], [2.2638, 48.526], [2.2643, 48.5263], [2.2649, 48.5266], [2.2653, 48.5268], [2.2657, 48.527], [2.2661, 48.5271], [2.2666, 48.5273], [2.2671, 48.5275], [2.2676, 48.5276], [2.2681, 48.5278], [2.2687, 48.528], [2.2693, 48.5281], [2.27, 48.5283], [2.2706, 48.5284], [2.2711, 48.5285], [2.2715, 48.5285], [2.2721, 48.5286], [2.2726, 48.5286], [2.273, 48.5286], [2.2737, 48.5286], [2.2743, 48.5286], [2.275, 48.5286], [2.2755, 48.5286], [2.2761, 48.5286], [2.2767, 48.5285], [2.2773, 48.5285], [2.2777, 48.5285], [2.2782, 48.5285], [2.2788, 48.5285], [2.2795, 48.5285], [2.2801, 48.5286], [2.2808, 48.5286], [2.2816, 48.5287], [2.2821, 48.5288], [2.2828, 48.529], [2.2833, 48.5291], [2.2838, 48.5292], [2.2842, 48.5294], [2.2846, 48.5295], [2.285, 48.5296], [2.2854, 48.5298], [2.2858, 48.53], [2.2861, 48.5301], [2.2867, 48.5304], [2.2869, 48.5305]], [[2.2869, 48.5305], [2.2871, 48.5306]], [[2.2871, 48.5306], [2.2873, 48.5307], [2.2876, 48.5309], [2.288, 48.5312], [2.2883, 48.5314], [2.2887, 48.5317], [2.289, 48.5319], [2.2891, 48.5321], [2.2903, 48.5332], [2.291, 48.5339], [2.2915, 48.5344], [2.2918, 48.5348], [2.292, 48.5351], [2.2921, 48.5353], [2.2923, 48.5355], [2.2924, 48.5357], [2.2925, 48.5359], [2.2927, 48.5362], [2.2928, 48.5364], [2.2928, 48.5366], [2.293, 48.537], [2.293, 48.5373], [2.2931, 48.5376], [2.2932, 48.5379], [2.2932, 48.5384], [2.2932, 48.5387], [2.2932, 48.5392], [2.2932, 48.5401], [2.2932, 48.5407], [2.293, 48.5419], [2.2929, 48.5429]], [[2.2929, 48.5429], [2.2929, 48.5431]], [[2.2929, 48.5431], [2.2922, 48.5506], [2.2921, 48.5524], [2.2919, 48.5543], [2.2912, 48.5616], [2.2909, 48.5646], [2.2909, 48.5651], [2.2908, 48.5661], [2.2907, 48.567], [2.2907, 48.5675], [2.2904, 48.5696], [2.2902, 48.5718], [2.29, 48.5741], [2.2899, 48.5752], [2.2898, 48.5764], [2.2898, 48.577], [2.2898, 48.5775], [2.2898, 48.5783], [2.2898, 48.5791], [2.2898, 48.5796], [2.2899, 48.5799], [2.2899, 48.5804], [2.29, 48.5809], [2.29, 48.5812], [2.2901, 48.5816], [2.2901, 48.5821], [2.2902, 48.5826], [2.2904, 48.5832], [2.2905, 48.5838], [2.2906, 48.5841]], [[2.2906, 48.5841], [2.2907, 48.5847], [2.2909, 48.585], [2.291, 48.5854], [2.2912, 48.586], [2.2913, 48.5862], [2.2915, 48.5869], [2.2917, 48.5874], [2.2919, 48.588], [2.2922, 48.5885], [2.2925, 48.589], [2.2927, 48.5896], [2.2929, 48.5899], [2.2931, 48.5903], [2.2939, 48.5917], [2.2947, 48.5933], [2.2959, 48.5954], [2.2961, 48.5958], [2.2964, 48.5963], [2.2968, 48.5971], [2.297, 48.5975], [2.2975, 48.5985], [2.2977, 48.5988], [2.2978, 48.599], [2.2981, 48.5995], [2.2984, 48.6], [2.2985, 48.6002], [2.2986, 48.6004], [2.2989, 48.601], [2.299, 48.6012], [2.2992, 48.6016], [2.2995, 48.6021], [2.2998, 48.6027], [2.3001, 48.6032], [2.3004, 48.6037], [2.3006, 48.6042], [2.3009, 48.6047]], [[2.3009, 48.6047], [2.3011, 48.6052], [2.3013, 48.6056], [2.3015, 48.6061], [2.3017, 48.6064], [2.3019, 48.6068]], [[2.3019, 48.6068], [2.3021, 48.6072], [2.3024, 48.6077], [2.3025, 48.6079], [2.3027, 48.6081], [2.3029, 48.6085], [2.303, 48.6086]], [[2.303, 48.6086], [2.303, 48.6087]], [[2.303, 48.6087], [2.3031, 48.6088]], [[2.3031, 48.6088], [2.3032, 48.609], [2.3033, 48.6092], [2.3035, 48.6096], [2.3039, 48.6102]], [[2.3039, 48.6102], [2.3042, 48.6108], [2.3048, 48.6119]], [[2.3048, 48.6119], [2.3049, 48.6121], [2.305, 48.6123]], [[2.305, 48.6123], [2.3051, 48.6125], [2.3055, 48.6132], [2.3061, 48.6143], [2.3067, 48.6154], [2.3073, 48.6165], [2.3075, 48.6169], [2.3077, 48.6173], [2.3079, 48.6178], [2.308, 48.618], [2.3081, 48.6184], [2.3082, 48.6186], [2.3083, 48.6189], [2.3084, 48.6191], [2.3084, 48.6194], [2.3085, 48.6196], [2.3085, 48.6199], [2.3086, 48.6201], [2.3086, 48.6203], [2.3086, 48.6206], [2.3087, 48.6209], [2.3087, 48.6212], [2.3087, 48.6214], [2.3087, 48.6217], [2.3087, 48.622], [2.3087, 48.6223], [2.3086, 48.6226], [2.3085, 48.6231], [2.3085, 48.6236], [2.3084, 48.6243]], [[2.3084, 48.6243], [2.3082, 48.6252], [2.308, 48.6269], [2.3078, 48.6281], [2.3077, 48.6294], [2.3075, 48.6306]], [[2.3075, 48.6306], [2.3075, 48.6307]], [[2.3075, 48.6307], [2.3074, 48.6312], [2.3072, 48.6326], [2.3069, 48.6343], [2.3068, 48.6355], [2.3067, 48.6357], [2.3067, 48.6359]], [[2.3067, 48.6359], [2.3067, 48.636]], [[2.3067, 48.636], [2.3066, 48.6364], [2.3064, 48.6374], [2.3062, 48.6391], [2.3059, 48.6404], [2.3058, 48.6417], [2.3056, 48.643], [2.3055, 48.6433], [2.3055, 48.6439], [2.3055, 48.6445], [2.3055, 48.6449], [2.3056, 48.6453], [2.3056, 48.6455], [2.3058, 48.646], [2.3059, 48.6464], [2.306, 48.6466], [2.3062, 48.6471], [2.3064, 48.6476], [2.3066, 48.648], [2.3069, 48.6484], [2.3071, 48.6486], [2.3072, 48.6488], [2.3075, 48.6492], [2.3078, 48.6495], [2.3083, 48.65], [2.3088, 48.6504], [2.3092, 48.6508], [2.3096, 48.6511], [2.31, 48.6514], [2.3105, 48.6517], [2.3109, 48.6519], [2.3114, 48.6522], [2.3119, 48.6525], [2.3127, 48.6529], [2.3133, 48.6532], [2.3139, 48.6535], [2.3146, 48.6539], [2.3153, 48.6543], [2.3159, 48.6547], [2.3167, 48.6553], [2.3171, 48.6556], [2.3176, 48.6561], [2.3181, 48.6566], [2.3184, 48.6569], [2.3188, 48.6574], [2.3192, 48.6579], [2.3194, 48.6582], [2.3198, 48.6588], [2.3201, 48.6593], [2.3204, 48.6599], [2.3206, 48.6602], [2.3208, 48.6607], [2.3209, 48.6609], [2.321, 48.6614], [2.3212, 48.6619], [2.3213, 48.6623], [2.3214, 48.6626], [2.3217, 48.663], [2.3219, 48.6633], [2.322, 48.6636], [2.3222, 48.6638], [2.3223, 48.664], [2.3226, 48.6644], [2.3229, 48.6647], [2.3232, 48.665], [2.3236, 48.6654], [2.324, 48.6657], [2.3243, 48.666], [2.3246, 48.6662], [2.325, 48.6664], [2.3256, 48.6669], [2.3257, 48.6669], [2.3263, 48.6673], [2.3267, 48.6675], [2.3273, 48.6678], [2.3275, 48.6679], [2.3278, 48.668]], [[2.3278, 48.668], [2.328, 48.6681], [2.3285, 48.6683], [2.3286, 48.6684]], [[2.3286, 48.6684], [2.3292, 48.6686], [2.3298, 48.6688], [2.3306, 48.6691], [2.3313, 48.6693], [2.3318, 48.6694], [2.3325, 48.6695], [2.3329, 48.6696], [2.3333, 48.6696], [2.334, 48.6698], [2.3344, 48.6698], [2.3349, 48.6698], [2.3352, 48.6699]], [[2.3352, 48.6699], [2.3357, 48.6699]], [[2.3357, 48.6699], [2.3361, 48.6699], [2.3366, 48.67], [2.3369, 48.67], [2.3374, 48.67]], [[2.3374, 48.67], [2.3381, 48.67]], [[2.3381, 48.67], [2.3385, 48.6701], [2.3393, 48.6701], [2.34, 48.6701], [2.3405, 48.6702], [2.3414, 48.6703], [2.3418, 48.6703], [2.3421, 48.6704], [2.3424, 48.6704], [2.3426, 48.6704], [2.3428, 48.6705], [2.3432, 48.6706], [2.3439, 48.6707], [2.3445, 48.6709], [2.3448, 48.671], [2.3453, 48.6711], [2.3458, 48.6713], [2.346, 48.6714], [2.3464, 48.6716], [2.3465, 48.6716], [2.3468, 48.6718], [2.3474, 48.6721]], [[2.3474, 48.6721], [2.3475, 48.6721], [2.3477, 48.6722], [2.3478, 48.6723], [2.3483, 48.6726], [2.3486, 48.6728], [2.3489, 48.673], [2.3492, 48.6732], [2.3494, 48.6734], [2.3497, 48.6736], [2.3499, 48.6738], [2.3501, 48.6739]], [[2.3501, 48.6739], [2.3501, 48.674]], [[2.3501, 48.674], [2.3504, 48.6742], [2.3505, 48.6744], [2.3507, 48.6746], [2.3509, 48.6748], [2.351, 48.6749], [2.3512, 48.6752], [2.3514, 48.6754]], [[2.3514, 48.6754], [2.3515, 48.6756], [2.3517, 48.6758], [2.3519, 48.676], [2.352, 48.6761], [2.3521, 48.6763], [2.3523, 48.6764], [2.3524, 48.6765], [2.3526, 48.6767]], [[2.3526, 48.6767], [2.3527, 48.6768]], [[2.3527, 48.6768], [2.3528, 48.6769], [2.3531, 48.6771], [2.3535, 48.6774], [2.3538, 48.6776], [2.354, 48.6777], [2.3543, 48.6779], [2.3546, 48.6781], [2.3549, 48.6783], [2.3553, 48.6785], [2.3557, 48.6787], [2.356, 48.6788], [2.3564, 48.679], [2.3567, 48.6791], [2.3573, 48.6793], [2.3576, 48.6795], [2.3579, 48.6795], [2.3581, 48.6796], [2.3585, 48.6797], [2.3588, 48.6798], [2.3591, 48.6799], [2.3594, 48.6799], [2.3597, 48.68]], [[2.3597, 48.68], [2.3602, 48.6801], [2.3606, 48.6802], [2.361, 48.6803], [2.3614, 48.6804], [2.3618, 48.6804], [2.362, 48.6805], [2.3627, 48.6807], [2.363, 48.6808], [2.3632, 48.6809], [2.3635, 48.6809]], [[2.3635, 48.6809], [2.3642, 48.6812], [2.3644, 48.6813], [2.3647, 48.6814], [2.3651, 48.6816], [2.3654, 48.6817], [2.3658, 48.6819], [2.366, 48.682], [2.3664, 48.6822], [2.3667, 48.6823], [2.3671, 48.6825], [2.3675, 48.6827], [2.3679, 48.683], [2.3684, 48.6833], [2.3688, 48.6836], [2.3692, 48.6838], [2.3696, 48.6841], [2.37, 48.6843]], [[2.37, 48.6843], [2.3702, 48.6844]], [[2.3702, 48.6844], [2.3704, 48.6845], [2.3707, 48.6846], [2.371, 48.6848], [2.3716, 48.6851], [2.3721, 48.6853], [2.3725, 48.6855], [2.3728, 48.6856], [2.3731, 48.6857], [2.3733, 48.6857], [2.3739, 48.6859], [2.3745, 48.6861], [2.3755, 48.6864], [2.3764, 48.6866], [2.3774, 48.6869], [2.3776, 48.687], [2.3779, 48.6871]], [[2.3779, 48.6871], [2.378, 48.6871]], [[2.378, 48.6871], [2.3782, 48.6872], [2.3785, 48.6873], [2.3787, 48.6874], [2.3791, 48.6876], [2.3794, 48.6877], [2.3799, 48.688], [2.3801, 48.6881], [2.3803, 48.6882], [2.3806, 48.6883], [2.381, 48.6887], [2.3812, 48.6888], [2.3815, 48.689]], [[2.3815, 48.689], [2.3819, 48.6893], [2.3822, 48.6895], [2.3826, 48.6898], [2.3827, 48.6899], [2.3832, 48.6902], [2.3834, 48.6903], [2.3835, 48.6905], [2.384, 48.6909]], [[2.384, 48.6909], [2.3843, 48.6912], [2.3844, 48.6913]], [[2.3844, 48.6913], [2.3847, 48.6916], [2.385, 48.6919]], [[2.385, 48.6919], [2.3851, 48.692], [2.3852, 48.6921], [2.3852, 48.6922], [2.3856, 48.6926], [2.3861, 48.6931], [2.3866, 48.6936], [2.387, 48.6941], [2.3873, 48.6943], [2.3875, 48.6946], [2.3878, 48.695], [2.3884, 48.6955], [2.3889, 48.6961], [2.3891, 48.6964], [2.3894, 48.6967], [2.3897, 48.6971], [2.39, 48.6974], [2.39, 48.6975], [2.3906, 48.6983], [2.3909, 48.6986], [2.3912, 48.699], [2.3915, 48.6994], [2.3919, 48.6998], [2.3925, 48.7004], [2.3931, 48.701], [2.3935, 48.7014], [2.3938, 48.7017], [2.394, 48.7019], [2.3946, 48.7025], [2.395, 48.7028], [2.3956, 48.7035], [2.3957, 48.7036], [2.3961, 48.704], [2.3962, 48.7042], [2.3966, 48.7045], [2.3969, 48.705], [2.3971, 48.7052], [2.3974, 48.7055], [2.3975, 48.7057]], [[2.3975, 48.7057], [2.3976, 48.7058]], [[2.3976, 48.7058], [2.3977, 48.706], [2.3979, 48.7063], [2.3981, 48.7064], [2.3985, 48.7068], [2.3989, 48.7074], [2.3992, 48.7077], [2.3995, 48.7082], [2.3999, 48.7086], [2.4004, 48.7093], [2.4007, 48.7096], [2.4011, 48.71], [2.4015, 48.7105], [2.402, 48.711], [2.4022, 48.7113], [2.4027, 48.7118], [2.4031, 48.7122], [2.4034, 48.7125], [2.4036, 48.7126], [2.4038, 48.7128], [2.4041, 48.7131], [2.4046, 48.7135], [2.405, 48.7138], [2.4055, 48.7141], [2.4058, 48.7143], [2.4064, 48.7147], [2.4065, 48.7148], [2.4068, 48.715], [2.4072, 48.7152], [2.4075, 48.7154], [2.4084, 48.7159], [2.4087, 48.716], [2.409, 48.7163], [2.4098, 48.7167], [2.41, 48.7169], [2.4104, 48.7172], [2.4108, 48.7174], [2.4113, 48.7177], [2.4119, 48.7181], [2.4124, 48.7184], [2.4129, 48.7187], [2.4133, 48.7189], [2.4136, 48.7192], [2.4139, 48.7194], [2.4144, 48.7198], [2.4148, 48.7202], [2.4151, 48.7205], [2.4155, 48.7209], [2.4158, 48.7213], [2.416, 48.7214], [2.4161, 48.7216], [2.4163, 48.7218], [2.4164, 48.722], [2.4167, 48.7225], [2.417, 48.7229], [2.4171, 48.7231], [2.4173, 48.7233], [2.4174, 48.7235], [2.4176, 48.7237], [2.4177, 48.7239], [2.4178, 48.724], [2.418, 48.7242], [2.4181, 48.7243], [2.4183, 48.7245], [2.4185, 48.7247]], [[2.4185, 48.7247], [2.4186, 48.7248], [2.4187, 48.7249], [2.4188, 48.7249]], [[2.4188, 48.7249], [2.4192, 48.7253], [2.4196, 48.7256], [2.4199, 48.7259], [2.4201, 48.726], [2.4204, 48.7262], [2.4205, 48.7263], [2.4212, 48.7269], [2.4216, 48.7272], [2.4218, 48.7273], [2.4222, 48.7277], [2.4224, 48.7278], [2.423, 48.7283], [2.4235, 48.7287], [2.4236, 48.7289], [2.4238, 48.729], [2.424, 48.7292], [2.4241, 48.7294], [2.4243, 48.7295], [2.4244, 48.7297], [2.4245, 48.7298], [2.4246, 48.73], [2.4248, 48.7302], [2.4249, 48.7304], [2.425, 48.7305], [2.4251, 48.7306], [2.4252, 48.7307], [2.4252, 48.7308]], [[2.4252, 48.7308], [2.4253, 48.7309]], [[2.4253, 48.7309], [2.4257, 48.7315], [2.426, 48.732], [2.4262, 48.7325], [2.4264, 48.7329], [2.4265, 48.7335], [2.4267, 48.734], [2.4269, 48.7348], [2.4269, 48.7351], [2.427, 48.7354], [2.427, 48.7357], [2.427, 48.7362], [2.427, 48.7368], [2.427, 48.7371], [2.4269, 48.7374], [2.4269, 48.7376], [2.4269, 48.7379], [2.4268, 48.7383], [2.4267, 48.7385], [2.4267, 48.7388], [2.4266, 48.7391], [2.4265, 48.7392], [2.4264, 48.7395], [2.4263, 48.7399], [2.4261, 48.7402], [2.426, 48.7404], [2.4259, 48.7407], [2.4258, 48.7409], [2.4256, 48.7412], [2.4255, 48.7413], [2.4254, 48.7416], [2.425, 48.7422], [2.4248, 48.7424], [2.4246, 48.7427], [2.4245, 48.7429], [2.4237, 48.7441], [2.4228, 48.7455], [2.4222, 48.7464], [2.4216, 48.7474], [2.421, 48.7483], [2.4202, 48.7495], [2.4198, 48.7501], [2.4193, 48.7509], [2.4192, 48.7511], [2.4189, 48.7516], [2.4185, 48.7521], [2.418, 48.7529], [2.4171, 48.7543], [2.4156, 48.7566], [2.4149, 48.7578], [2.4144, 48.7586], [2.4142, 48.7587], [2.4139, 48.7593], [2.4136, 48.7597], [2.4134, 48.76], [2.4132, 48.7603], [2.4129, 48.7607], [2.4128, 48.7609], [2.4126, 48.7612], [2.4122, 48.7618], [2.412, 48.7623], [2.4118, 48.7626], [2.4117, 48.7627]], [[2.4117, 48.7627], [2.4116, 48.763], [2.4115, 48.7631], [2.4115, 48.7633], [2.4114, 48.7634], [2.4114, 48.7635], [2.4114, 48.7636], [2.4113, 48.7638], [2.4113, 48.7639], [2.4112, 48.764], [2.4112, 48.7642]], [[2.0676, 48.5351], [2.068, 48.5352], [2.0683, 48.5353], [2.0685, 48.5354], [2.0688, 48.5356], [2.0689, 48.5356], [2.069, 48.5357], [2.0691, 48.5357], [2.0691, 48.5358], [2.0696, 48.536], [2.0703, 48.5364], [2.0703, 48.5363], [2.07, 48.5362], [2.0695, 48.5359], [2.069, 48.5356], [2.0687, 48.5355], [2.0684, 48.5354], [2.068, 48.5352], [2.0676, 48.535], [2.0676, 48.5351]], [[2.1233, 48.5506], [2.1249, 48.551], [2.1255, 48.5511], [2.1256, 48.5511], [2.1257, 48.5511], [2.1257, 48.5512], [2.1258, 48.5512], [2.1259, 48.5512], [2.1261, 48.5512], [2.1264, 48.5513], [2.1266, 48.5513], [2.1233, 48.5506]], [[2.1691, 48.5638], [2.1702, 48.5643], [2.1703, 48.5644], [2.1711, 48.5647], [2.1713, 48.5648], [2.1714, 48.5649], [2.1716, 48.5649], [2.1713, 48.5648], [2.171, 48.5646], [2.1704, 48.5644], [2.1692, 48.5638], [2.1691, 48.5638]], [[2.1934, 48.5782], [2.1923, 48.5777], [2.1921, 48.5776], [2.192, 48.5776], [2.1919, 48.5776], [2.192, 48.5776], [2.1919, 48.5775], [2.1918, 48.5775], [2.1917, 48.5774], [2.191, 48.5771], [2.1911, 48.5771], [2.1935, 48.5782], [2.1934, 48.5782]], [[2.222, 48.5824], [2.2224, 48.5825], [2.2225, 48.5825], [2.2228, 48.5826], [2.2231, 48.5827], [2.2233, 48.5827], [2.2237, 48.5828], [2.224, 48.5829], [2.2243, 48.5829], [2.2246, 48.583], [2.2249, 48.5831], [2.2245, 48.583], [2.224, 48.5829], [2.223, 48.5827], [2.2227, 48.5826], [2.2226, 48.5826], [2.2224, 48.5826], [2.2221, 48.5825], [2.222, 48.5824]], [[2.2403, 48.5861], [2.2404, 48.5861], [2.2405, 48.5861], [2.2408, 48.5861], [2.2409, 48.5861], [2.241, 48.5861], [2.2411, 48.5861], [2.2412, 48.5861], [2.2413, 48.5861], [2.2416, 48.586], [2.2416, 48.5861], [2.2417, 48.5861], [2.2417, 48.586], [2.2418, 48.586], [2.2427, 48.586], [2.2428, 48.586], [2.2435, 48.5859], [2.2418, 48.586], [2.2416, 48.586], [2.2409, 48.586], [2.2408, 48.5861], [2.2402, 48.5861], [2.2403, 48.5861]], [[2.2674, 48.5918], [2.2673, 48.5918], [2.2674, 48.5918], [2.2673, 48.5917], [2.2672, 48.5917], [2.2673, 48.5917], [2.2671, 48.5916], [2.2666, 48.5914], [2.2663, 48.5912], [2.2658, 48.591], [2.2656, 48.5909], [2.2648, 48.5907], [2.2649, 48.5906], [2.2654, 48.5908], [2.2656, 48.5909], [2.2659, 48.591], [2.2662, 48.5911], [2.2663, 48.5912], [2.2667, 48.5914], [2.2671, 48.5916], [2.2674, 48.5918]], [[1.9997, 48.5351], [1.9995, 48.5351], [1.9994, 48.5351], [1.9993, 48.5351], [1.9992, 48.5352], [1.9988, 48.5352], [1.9985, 48.5352], [1.9984, 48.5352], [1.9981, 48.5352], [1.9979, 48.5352], [1.9978, 48.5352], [1.9977, 48.5352], [1.9976, 48.5352], [1.9974, 48.5352], [1.9971, 48.5353], [1.9969, 48.5353], [1.9967, 48.5353], [1.9965, 48.5354], [1.9963, 48.5354], [1.9962, 48.5354], [1.996, 48.5354], [1.9957, 48.5354], [1.9954, 48.5354], [1.9946, 48.5354]], [[1.9997, 48.5351], [1.9999, 48.5351], [2.0, 48.5351]], [[2.0, 48.5351], [2.0002, 48.535], [2.0004, 48.535], [2.0006, 48.535], [2.0008, 48.535], [2.0011, 48.5349], [2.0016, 48.5348]], [[2.0016, 48.5348], [2.0018, 48.5348]], [[2.0018, 48.5348], [2.0019, 48.5348], [2.002, 48.5348], [2.0025, 48.5347], [2.0034, 48.5346], [2.0044, 48.5344]], [[2.0044, 48.5344], [2.0064, 48.5341], [2.0071, 48.534], [2.0096, 48.5336], [2.0104, 48.5335]], [[2.0104, 48.5335], [2.0109, 48.5334], [2.011, 48.5334], [2.0117, 48.5333], [2.0121, 48.5332]], [[2.0121, 48.5332], [2.0122, 48.5332]], [[2.0122, 48.5332], [2.0123, 48.5332], [2.0133, 48.5331], [2.0136, 48.533]], [[2.0136, 48.533], [2.0143, 48.5329], [2.0147, 48.5328], [2.016, 48.5326], [2.0177, 48.5324], [2.0195, 48.5321], [2.0219, 48.5317], [2.0227, 48.5316], [2.0235, 48.5315], [2.024, 48.5314], [2.0244, 48.5314], [2.0248, 48.5314], [2.0251, 48.5313], [2.0257, 48.5313], [2.0266, 48.5313], [2.0274, 48.5312]], [[2.0274, 48.5312], [2.0275, 48.5312]], [[2.0275, 48.5312], [2.0286, 48.5312], [2.0293, 48.5312], [2.0301, 48.5311], [2.0309, 48.5311], [2.0313, 48.5311], [2.0318, 48.5311], [2.0321, 48.5311], [2.0324, 48.5311], [2.0328, 48.5311], [2.0333, 48.5311], [2.0336, 48.5311], [2.0339, 48.5312], [2.0342, 48.5312], [2.0345, 48.5312], [2.0347, 48.5312], [2.035, 48.5313], [2.036, 48.5314], [2.0374, 48.5316], [2.0383, 48.5317], [2.0391, 48.5318]], [[2.0391, 48.5318], [2.0392, 48.5318]], [[2.0392, 48.5318], [2.0404, 48.5319], [2.0414, 48.532], [2.0424, 48.5321], [2.0431, 48.5322], [2.0438, 48.5323], [2.0448, 48.5324], [2.0455, 48.5324]], [[2.0455, 48.5324], [2.0457, 48.5325]], [[2.0457, 48.5325], [2.046, 48.5325], [2.0471, 48.5326], [2.048, 48.5327], [2.0489, 48.5328], [2.0503, 48.5329], [2.0518, 48.5331], [2.053, 48.5332], [2.0544, 48.5333], [2.0553, 48.5334], [2.0563, 48.5335], [2.0577, 48.5336], [2.0585, 48.5337], [2.0592, 48.5338], [2.0599, 48.5339]], [[2.0599, 48.5339], [2.06, 48.5339]], [[2.06, 48.5339], [2.0605, 48.5339], [2.061, 48.534], [2.0618, 48.5341], [2.0628, 48.5342], [2.0636, 48.5342], [2.064, 48.5343], [2.0644, 48.5343], [2.0648, 48.5344], [2.0652, 48.5344], [2.0656, 48.5345], [2.0659, 48.5346], [2.0662, 48.5346], [2.0666, 48.5347], [2.067, 48.5348], [2.0673, 48.5349], [2.0676, 48.5351], [2.068, 48.5352], [2.0684, 48.5354], [2.0688, 48.5355], [2.0691, 48.5357], [2.0699, 48.5361], [2.0705, 48.5364], [2.0712, 48.5368], [2.0718, 48.5371], [2.0723, 48.5374], [2.073, 48.5377], [2.0737, 48.5381], [2.0742, 48.5383], [2.0745, 48.5385], [2.0749, 48.5386], [2.0753, 48.5388], [2.0757, 48.539], [2.0761, 48.5391], [2.0764, 48.5392], [2.0769, 48.5394], [2.0776, 48.5396], [2.078, 48.5397], [2.0785, 48.5398], [2.0789, 48.5399]], [[2.0789, 48.5399], [2.0794, 48.54], [2.0798, 48.5401], [2.0803, 48.5402], [2.0808, 48.5403], [2.0818, 48.5404], [2.0828, 48.5406], [2.084, 48.5407], [2.0849, 48.5408], [2.0858, 48.541], [2.0869, 48.5411], [2.0882, 48.5413], [2.0893, 48.5415], [2.09, 48.5416], [2.0908, 48.5417], [2.0918, 48.5418], [2.0926, 48.5419], [2.0936, 48.5421], [2.0943, 48.5422], [2.0948, 48.5422], [2.0952, 48.5423], [2.0957, 48.5424], [2.0961, 48.5425], [2.097, 48.5427], [2.098, 48.5429], [2.0989, 48.5431]], [[2.0989, 48.5431], [2.0994, 48.5432]], [[2.0994, 48.5432], [2.1002, 48.5433], [2.1013, 48.5436], [2.1021, 48.5437], [2.103, 48.5439], [2.1038, 48.5441], [2.1044, 48.5442], [2.1055, 48.5444], [2.1067, 48.5447], [2.108, 48.5449], [2.1087, 48.5451], [2.1096, 48.5453], [2.1101, 48.5454], [2.1105, 48.5455], [2.1109, 48.5456], [2.1111, 48.5456], [2.1115, 48.5457], [2.1119, 48.5459], [2.1122, 48.546], [2.1124, 48.546], [2.1126, 48.5462], [2.1129, 48.5463], [2.1131, 48.5464], [2.1133, 48.5465], [2.1136, 48.5466], [2.1139, 48.5468], [2.1142, 48.5469], [2.1146, 48.5472], [2.115, 48.5475], [2.1154, 48.5477], [2.1158, 48.548], [2.1162, 48.5482], [2.1165, 48.5484], [2.1171, 48.5487], [2.1173, 48.5488], [2.1175, 48.5489], [2.1178, 48.5491], [2.1181, 48.5492], [2.1184, 48.5493], [2.1187, 48.5494], [2.119, 48.5496], [2.1192, 48.5496], [2.1195, 48.5497], [2.1197, 48.5498], [2.12, 48.5499], [2.1203, 48.5499], [2.121, 48.5501], [2.1216, 48.5502], [2.1226, 48.5504], [2.1232, 48.5506], [2.1257, 48.5511], [2.127, 48.5514], [2.1277, 48.5516], [2.1287, 48.5518], [2.1298, 48.552], [2.1306, 48.5522], [2.132, 48.5525], [2.1336, 48.5528], [2.1357, 48.5533], [2.1378, 48.5537], [2.1396, 48.5541], [2.1412, 48.5544], [2.1426, 48.5547], [2.1438, 48.555], [2.1446, 48.5552], [2.1452, 48.5554], [2.1457, 48.5555], [2.1476, 48.556], [2.1511, 48.557], [2.1527, 48.5575], [2.1547, 48.558], [2.1552, 48.5582], [2.1558, 48.5583], [2.1569, 48.5586], [2.1578, 48.5589], [2.1582, 48.559]], [[2.1582, 48.559], [2.1583, 48.559]], [[2.1583, 48.559], [2.1585, 48.5591], [2.1587, 48.5592], [2.1588, 48.5592], [2.1591, 48.5593], [2.1593, 48.5594], [2.1598, 48.5596], [2.1608, 48.5601], [2.1621, 48.5606], [2.1633, 48.5612], [2.1652, 48.562], [2.166, 48.5624], [2.169, 48.5637], [2.1708, 48.5645], [2.1717, 48.5649], [2.1722, 48.5651], [2.1731, 48.5655], [2.1735, 48.5658], [2.1739, 48.5659], [2.1742, 48.5661], [2.1745, 48.5663], [2.1747, 48.5664], [2.1749, 48.5665], [2.1751, 48.5666], [2.1753, 48.5668], [2.1755, 48.5669], [2.1758, 48.5672], [2.1761, 48.5675], [2.1767, 48.568], [2.1772, 48.5684], [2.1776, 48.5687], [2.1782, 48.5693], [2.1791, 48.57], [2.1799, 48.5707], [2.1802, 48.571], [2.1805, 48.5712], [2.1807, 48.5714], [2.1809, 48.5716], [2.1813, 48.5719], [2.1815, 48.5721], [2.1818, 48.5723], [2.1819, 48.5724], [2.1823, 48.5727], [2.1826, 48.5728], [2.1829, 48.573], [2.1832, 48.5732], [2.1835, 48.5733], [2.1839, 48.5735], [2.1845, 48.5738], [2.1849, 48.5741], [2.1854, 48.5743], [2.1859, 48.5745], [2.1868, 48.575], [2.1876, 48.5754], [2.1883, 48.5757], [2.1891, 48.5761], [2.19, 48.5765], [2.1909, 48.5769], [2.192, 48.5775], [2.1924, 48.5777], [2.1931, 48.578], [2.1935, 48.5782], [2.1938, 48.5784], [2.1939, 48.5784], [2.1942, 48.5785], [2.1945, 48.5787], [2.1948, 48.5788], [2.195, 48.5788], [2.1952, 48.5789], [2.1955, 48.579], [2.1958, 48.5791], [2.1962, 48.5792], [2.1965, 48.5793], [2.1969, 48.5794], [2.1973, 48.5794], [2.1977, 48.5795], [2.1981, 48.5795], [2.1983, 48.5796], [2.1988, 48.5796], [2.1992, 48.5797], [2.2007, 48.5798], [2.2014, 48.5798], [2.2017, 48.5799], [2.2026, 48.5799], [2.2043, 48.5801], [2.2054, 48.5801], [2.2068, 48.5803], [2.2075, 48.5803], [2.2089, 48.5804]], [[2.2089, 48.5804], [2.2091, 48.5804]], [[2.2091, 48.5804], [2.2106, 48.5806], [2.2115, 48.5806]], [[2.2115, 48.5806], [2.2116, 48.5806]], [[2.2116, 48.5806], [2.2128, 48.5807], [2.2135, 48.5808], [2.214, 48.5808], [2.2146, 48.5809], [2.2151, 48.581], [2.2156, 48.581], [2.216, 48.5811], [2.2165, 48.5812], [2.217, 48.5813], [2.2176, 48.5814], [2.2181, 48.5815], [2.2186, 48.5816], [2.2192, 48.5818], [2.2201, 48.582], [2.2219, 48.5824], [2.2226, 48.5825], [2.2231, 48.5827], [2.2238, 48.5828], [2.2242, 48.5829], [2.2246, 48.583], [2.2249, 48.5831], [2.2253, 48.5832], [2.2256, 48.5833], [2.2261, 48.5835], [2.2264, 48.5836], [2.2268, 48.5837], [2.2273, 48.5839], [2.2278, 48.5841], [2.2283, 48.5843]], [[2.2283, 48.5843], [2.2284, 48.5844]], [[2.2284, 48.5844], [2.23, 48.585], [2.2307, 48.5853], [2.2314, 48.5855], [2.2318, 48.5857], [2.2321, 48.5858], [2.2323, 48.5859], [2.2326, 48.586], [2.2329, 48.5861], [2.2333, 48.5861], [2.2335, 48.5862], [2.2337, 48.5862]], [[2.2337, 48.5862], [2.234, 48.5863], [2.2342, 48.5863], [2.2343, 48.5863]], [[2.2343, 48.5863], [2.2345, 48.5863], [2.2348, 48.5863], [2.2351, 48.5863], [2.2355, 48.5863], [2.2358, 48.5863], [2.2363, 48.5863], [2.2368, 48.5863], [2.2371, 48.5863]], [[2.2371, 48.5863], [2.2412, 48.586], [2.2424, 48.5859], [2.2453, 48.5858]], [[2.2453, 48.5858], [2.2455, 48.5858]], [[2.2455, 48.5858], [2.246, 48.5857], [2.2465, 48.5857], [2.2469, 48.5857], [2.2473, 48.5857], [2.2476, 48.5857], [2.2479, 48.5857], [2.2481, 48.5857], [2.2484, 48.5857], [2.2486, 48.5857], [2.2488, 48.5857]], [[2.2488, 48.5857], [2.2489, 48.5857]], [[2.2489, 48.5857], [2.2491, 48.5857], [2.2493, 48.5858], [2.2495, 48.5858], [2.2498, 48.5859], [2.2501, 48.5859], [2.2504, 48.586], [2.2507, 48.5861], [2.251, 48.5861], [2.2514, 48.5863], [2.2524, 48.5866]], [[2.2524, 48.5866], [2.2526, 48.5866]], [[2.2526, 48.5866], [2.2535, 48.5869], [2.2545, 48.5873], [2.2555, 48.5876], [2.2566, 48.588], [2.258, 48.5884], [2.2593, 48.5888], [2.2607, 48.5893], [2.2612, 48.5894], [2.2615, 48.5895], [2.2629, 48.59], [2.2648, 48.5906], [2.265, 48.5907], [2.2654, 48.5908], [2.2657, 48.5909], [2.266, 48.5911], [2.2663, 48.5912], [2.2665, 48.5913], [2.2667, 48.5914], [2.267, 48.5915], [2.2672, 48.5916], [2.2676, 48.5918], [2.2681, 48.5921], [2.2687, 48.5924]], [[2.2687, 48.5924], [2.2688, 48.5925]], [[2.2688, 48.5925], [2.2692, 48.5927], [2.2699, 48.593], [2.2704, 48.5934], [2.2708, 48.5935], [2.2711, 48.5937], [2.2715, 48.5939], [2.2717, 48.594], [2.2719, 48.5941], [2.2721, 48.5942], [2.2723, 48.5943], [2.2726, 48.5944], [2.2728, 48.5945], [2.2731, 48.5946], [2.2733, 48.5947], [2.2736, 48.5948], [2.2739, 48.5949], [2.2742, 48.595], [2.2745, 48.5951], [2.2748, 48.5952], [2.2752, 48.5952], [2.2755, 48.5953], [2.2757, 48.5954], [2.276, 48.5954], [2.2761, 48.5954], [2.2764, 48.5955], [2.2767, 48.5955], [2.2769, 48.5956], [2.2773, 48.5956], [2.2776, 48.5957], [2.2778, 48.5957], [2.278, 48.5957], [2.2782, 48.5957], [2.2785, 48.5957], [2.2796, 48.5958], [2.2802, 48.5958], [2.2807, 48.5959], [2.2812, 48.5959], [2.282, 48.596], [2.2825, 48.596], [2.2829, 48.596], [2.2831, 48.5961], [2.2834, 48.5961], [2.2837, 48.5961], [2.2842, 48.5961], [2.2846, 48.5962], [2.2851, 48.5962], [2.2858, 48.5962], [2.2863, 48.5963], [2.2871, 48.5963], [2.2878, 48.5964], [2.2886, 48.5964], [2.289, 48.5964], [2.2892, 48.5965], [2.2898, 48.5965], [2.2901, 48.5965], [2.2903, 48.5965], [2.2905, 48.5965], [2.2907, 48.5965], [2.2912, 48.5965], [2.2916, 48.5965], [2.292, 48.5966], [2.2923, 48.5966], [2.2926, 48.5966], [2.2928, 48.5966], [2.2929, 48.5967], [2.2932, 48.5967], [2.2935, 48.5967], [2.2937, 48.5968], [2.2938, 48.5968], [2.294, 48.5968], [2.2942, 48.5969], [2.2943, 48.5969], [2.2944, 48.597], [2.2946, 48.597], [2.2947, 48.597], [2.2949, 48.5971], [2.2951, 48.5972], [2.2953, 48.5973], [2.2955, 48.5973], [2.2956, 48.5974], [2.2958, 48.5975], [2.2959, 48.5975], [2.2961, 48.5976], [2.2962, 48.5977], [2.2963, 48.5978], [2.2965, 48.5979], [2.2966, 48.5979], [2.2967, 48.598], [2.2968, 48.5981], [2.2969, 48.5982], [2.297, 48.5983], [2.2971, 48.5984], [2.2972, 48.5984], [2.2973, 48.5985], [2.2974, 48.5986], [2.2974, 48.5987], [2.2975, 48.5988], [2.2976, 48.5989], [2.2977, 48.599], [2.2977, 48.5991], [2.2978, 48.5993], [2.298, 48.5995], [2.2981, 48.5998], [2.2983, 48.6002], [2.2984, 48.6003], [2.2985, 48.6004], [2.2985, 48.6006], [2.2987, 48.6008], [2.2988, 48.601], [2.2989, 48.6012], [2.299, 48.6014], [2.2992, 48.6017], [2.2993, 48.602], [2.2995, 48.6023], [2.2997, 48.6027], [2.3, 48.6032], [2.3002, 48.6036], [2.3004, 48.6039], [2.3005, 48.6041]], [[2.3029, 48.6086], [2.3028, 48.6084], [2.3026, 48.6081], [2.3025, 48.6079], [2.3024, 48.6078], [2.3024, 48.6077], [2.3021, 48.6072], [2.3019, 48.6068], [2.3017, 48.6064], [2.3013, 48.6058], [2.3013, 48.6057], [2.3011, 48.6054], [2.3011, 48.6052], [2.3009, 48.6049], [2.3008, 48.6047], [2.3007, 48.6046], [2.3007, 48.6044], [2.3005, 48.6041]], [[2.303, 48.6087], [2.3029, 48.6086]], [[2.303, 48.6088], [2.303, 48.6087]], [[2.3039, 48.6102], [2.3038, 48.6101], [2.3037, 48.61], [2.3036, 48.6099], [2.3035, 48.6097], [2.3034, 48.6095], [2.3033, 48.6093], [2.3031, 48.609], [2.303, 48.6088]], [[2.4024, 48.7422], [2.4025, 48.7421], [2.4026, 48.742], [2.4028, 48.7419], [2.4028, 48.7418], [2.4029, 48.7417], [2.403, 48.7417], [2.403, 48.7416], [2.4031, 48.7416], [2.4033, 48.7414], [2.4035, 48.7414], [2.4037, 48.7412], [2.4041, 48.741], [2.4042, 48.7409], [2.4046, 48.7407], [2.4048, 48.7406], [2.4044, 48.7408], [2.404, 48.741], [2.4036, 48.7413], [2.4035, 48.7414], [2.4033, 48.7415], [2.4032, 48.7416], [2.4031, 48.7417], [2.403, 48.7418], [2.4029, 48.7418], [2.4028, 48.7419], [2.4027, 48.7419], [2.4026, 48.742], [2.4024, 48.7422]], [[2.3112, 48.7478], [2.3112, 48.7477], [2.3117, 48.7478], [2.3122, 48.7478], [2.3124, 48.7479], [2.3124, 48.7478], [2.3125, 48.7478], [2.3128, 48.7478], [2.3128, 48.7479], [2.3129, 48.7479], [2.3129, 48.7478], [2.3131, 48.7478], [2.3132, 48.7478], [2.3132, 48.7479], [2.3134, 48.7479], [2.3135, 48.7478], [2.3137, 48.7478], [2.3139, 48.7478], [2.3141, 48.7478], [2.3139, 48.7478], [2.3137, 48.7479], [2.3135, 48.7479], [2.3133, 48.7479], [2.3132, 48.7479], [2.313, 48.7479], [2.3124, 48.7479], [2.3122, 48.7479], [2.312, 48.7479], [2.3116, 48.7478], [2.3114, 48.7478], [2.3112, 48.7478]], [[2.411, 48.7669], [2.411, 48.7667], [2.411, 48.7666], [2.4111, 48.7664], [2.4112, 48.7659], [2.4113, 48.7654], [2.4114, 48.7649], [2.4114, 48.7645], [2.4115, 48.7643], [2.4115, 48.7642], [2.4116, 48.7639], [2.4116, 48.7637], [2.4117, 48.7635], [2.4118, 48.7632], [2.4119, 48.763], [2.4119, 48.7629], [2.412, 48.7627]], [[2.412, 48.7627], [2.4121, 48.7624], [2.4123, 48.7621], [2.4124, 48.7618], [2.4125, 48.7617], [2.4126, 48.7616], [2.4129, 48.7612], [2.4131, 48.7608], [2.4132, 48.7607], [2.4133, 48.7605], [2.4134, 48.7604], [2.4136, 48.76], [2.4137, 48.7599], [2.4138, 48.7598], [2.4141, 48.7593], [2.4143, 48.759], [2.4144, 48.7588], [2.4146, 48.7586], [2.4148, 48.7583], [2.4149, 48.7581], [2.415, 48.758]], [[2.415, 48.758], [2.4151, 48.7578], [2.4159, 48.7566], [2.4166, 48.7555], [2.417, 48.7549], [2.4172, 48.7546], [2.4174, 48.7543], [2.4175, 48.7541], [2.4176, 48.754], [2.4177, 48.7539], [2.4178, 48.7538], [2.418, 48.7536], [2.4181, 48.7535], [2.4183, 48.7533], [2.4185, 48.7531], [2.4186, 48.753], [2.4187, 48.753], [2.4188, 48.7528], [2.4188, 48.7527], [2.4189, 48.7526], [2.419, 48.7526], [2.419, 48.7525], [2.4191, 48.7523], [2.4192, 48.7522], [2.4193, 48.752], [2.4193, 48.7519], [2.4194, 48.7518], [2.4194, 48.7516], [2.4195, 48.7515], [2.4195, 48.7514], [2.4195, 48.7512], [2.4196, 48.7511]], [[2.4196, 48.7511], [2.4196, 48.7509], [2.4196, 48.7508], [2.4196, 48.7506], [2.4196, 48.7504], [2.4196, 48.7502], [2.4196, 48.75]], [[2.4196, 48.75], [2.4196, 48.7499], [2.4195, 48.7497], [2.4195, 48.7496], [2.4195, 48.7495], [2.4194, 48.7494], [2.4194, 48.7492], [2.4193, 48.7492], [2.4193, 48.749]], [[2.4193, 48.749], [2.4192, 48.749], [2.4192, 48.7489], [2.4191, 48.7488], [2.4191, 48.7487], [2.419, 48.7486], [2.419, 48.7485], [2.4187, 48.7481]], [[2.4187, 48.7481], [2.4187, 48.748]], [[2.4187, 48.748], [2.4186, 48.748]], [[2.4186, 48.748], [2.4185, 48.7479], [2.4185, 48.7478], [2.4184, 48.7476], [2.4183, 48.7474]], [[2.4183, 48.7474], [2.4182, 48.7473], [2.4182, 48.7472], [2.4181, 48.747], [2.418, 48.7469]], [[2.418, 48.7469], [2.4179, 48.7467], [2.4179, 48.7465], [2.4178, 48.7462], [2.4177, 48.7459], [2.4176, 48.7457], [2.4176, 48.7455], [2.4176, 48.7453], [2.4175, 48.7448], [2.4174, 48.744]], [[2.4174, 48.744], [2.4174, 48.7439], [2.4174, 48.7438], [2.4174, 48.7437], [2.4174, 48.7436], [2.4173, 48.7435], [2.4173, 48.7433], [2.4172, 48.7433], [2.4172, 48.7431], [2.4171, 48.743], [2.417, 48.7429], [2.417, 48.7428], [2.4169, 48.7427], [2.4168, 48.7426], [2.4168, 48.7425], [2.4167, 48.7424], [2.4166, 48.7423], [2.4165, 48.7422], [2.4165, 48.7421], [2.4164, 48.742], [2.4163, 48.7419], [2.4163, 48.7418], [2.4162, 48.7417], [2.4162, 48.7416], [2.4161, 48.7415], [2.416, 48.7414], [2.4159, 48.7413], [2.4158, 48.7412], [2.4157, 48.7411], [2.4156, 48.741], [2.4155, 48.7409], [2.4154, 48.7408], [2.4153, 48.7408], [2.4151, 48.7406], [2.4149, 48.7404], [2.4148, 48.7404], [2.4147, 48.7403], [2.4146, 48.7403], [2.4144, 48.7402], [2.4143, 48.7401], [2.4142, 48.74], [2.414, 48.74], [2.4138, 48.7399], [2.4137, 48.7398], [2.4135, 48.7398], [2.4133, 48.7397], [2.4131, 48.7396], [2.413, 48.7396], [2.4128, 48.7395], [2.4127, 48.7395], [2.4126, 48.7395], [2.4124, 48.7394], [2.4122, 48.7394], [2.412, 48.7394], [2.4118, 48.7393], [2.4115, 48.7393], [2.4112, 48.7392], [2.4109, 48.7392]], [[2.4109, 48.7392], [2.4108, 48.7392]], [[2.4108, 48.7392], [2.4105, 48.7392], [2.4103, 48.7392], [2.4102, 48.7392], [2.41, 48.7392], [2.4098, 48.7392], [2.4096, 48.7392], [2.4094, 48.7392], [2.4092, 48.7392], [2.4089, 48.7393], [2.4087, 48.7393], [2.4084, 48.7393], [2.4082, 48.7393], [2.4081, 48.7394], [2.4079, 48.7394], [2.4078, 48.7394], [2.4076, 48.7395], [2.4075, 48.7395], [2.4071, 48.7396], [2.4068, 48.7397], [2.4065, 48.7398], [2.4061, 48.74], [2.406, 48.74], [2.4058, 48.7401], [2.4055, 48.7403], [2.4053, 48.7403]], [[2.4053, 48.7403], [2.405, 48.7405], [2.4047, 48.7407], [2.4043, 48.7409], [2.404, 48.7411], [2.4037, 48.7413], [2.4034, 48.7414], [2.4032, 48.7416], [2.4029, 48.7419], [2.4025, 48.7422]], [[2.4025, 48.7422], [2.4022, 48.7424], [2.4019, 48.7426], [2.4016, 48.7429], [2.4014, 48.743]], [[2.4014, 48.743], [2.4013, 48.7431]], [[2.4013, 48.7431], [2.4008, 48.7435]], [[2.4008, 48.7435], [2.4007, 48.7436], [2.4005, 48.7438]], [[2.4005, 48.7438], [2.4004, 48.7438]], [[2.4004, 48.7438], [2.4002, 48.744], [2.3991, 48.7448]], [[2.3991, 48.7448], [2.3989, 48.7449]], [[2.3989, 48.7449], [2.3983, 48.7454], [2.3978, 48.7459], [2.3975, 48.7462], [2.3973, 48.7464], [2.3971, 48.7466], [2.3969, 48.7468], [2.3968, 48.747], [2.3966, 48.7473], [2.3963, 48.7476], [2.3959, 48.748], [2.3957, 48.7483], [2.3954, 48.7486], [2.3952, 48.7489], [2.3949, 48.7492], [2.3946, 48.7495], [2.3944, 48.7498], [2.394, 48.7503], [2.3938, 48.7505], [2.3937, 48.7506], [2.3935, 48.7508], [2.3934, 48.7509], [2.3932, 48.751], [2.3931, 48.7511], [2.3929, 48.7512], [2.3928, 48.7514], [2.3926, 48.7515], [2.3924, 48.7516], [2.3922, 48.7517], [2.392, 48.7518], [2.3918, 48.7519], [2.3916, 48.752], [2.3914, 48.7521], [2.3912, 48.7522], [2.391, 48.7523], [2.3908, 48.7523], [2.3906, 48.7524], [2.3904, 48.7525], [2.3902, 48.7526], [2.3899, 48.7526], [2.3897, 48.7527], [2.3894, 48.7527], [2.3892, 48.7528], [2.389, 48.7528], [2.3888, 48.7529], [2.3885, 48.7529], [2.3882, 48.7529], [2.388, 48.753], [2.3878, 48.753], [2.3876, 48.753], [2.3874, 48.753], [2.3873, 48.753], [2.3869, 48.753], [2.3867, 48.753], [2.3865, 48.753], [2.3862, 48.753], [2.386, 48.753], [2.3858, 48.7529], [2.3855, 48.7529], [2.3854, 48.7529], [2.3851, 48.7529], [2.3848, 48.7528], [2.3846, 48.7528], [2.3843, 48.7527], [2.3841, 48.7527], [2.3839, 48.7526], [2.3837, 48.7526], [2.3834, 48.7525], [2.383, 48.7523], [2.3827, 48.7522], [2.3825, 48.7521], [2.3814, 48.7517], [2.3804, 48.7513], [2.3791, 48.7507], [2.3783, 48.7504], [2.3776, 48.7501], [2.377, 48.7499], [2.3767, 48.7497], [2.3766, 48.7497]], [[2.3766, 48.7497], [2.3762, 48.7495], [2.3757, 48.7493], [2.375, 48.749], [2.3748, 48.7489], [2.3747, 48.7489], [2.3743, 48.7487], [2.3733, 48.7483], [2.3732, 48.7482]], [[2.3732, 48.7482], [2.3724, 48.7479]], [[2.3724, 48.7479], [2.3722, 48.7478], [2.3719, 48.7477]], [[2.3719, 48.7477], [2.3715, 48.7476], [2.371, 48.7474], [2.3703, 48.7471]], [[2.3703, 48.7471], [2.3698, 48.7469], [2.3694, 48.7468], [2.369, 48.7466], [2.3675, 48.746], [2.3669, 48.7458], [2.3659, 48.7454], [2.3647, 48.7449], [2.364, 48.7446], [2.3632, 48.7443], [2.3625, 48.744], [2.362, 48.7438], [2.3618, 48.7437], [2.3613, 48.7435], [2.3609, 48.7433], [2.36, 48.743], [2.3593, 48.7427], [2.3588, 48.7424], [2.3583, 48.7423], [2.3575, 48.7419], [2.3568, 48.7417], [2.3565, 48.7416], [2.3562, 48.7414], [2.3559, 48.7413], [2.3555, 48.7412], [2.3552, 48.7411], [2.3549, 48.741], [2.3545, 48.7409], [2.3542, 48.7408], [2.3538, 48.7407], [2.3534, 48.7406]], [[2.3534, 48.7406], [2.3531, 48.7405]], [[2.3531, 48.7405], [2.3526, 48.7404], [2.3521, 48.7403], [2.3516, 48.7402], [2.3511, 48.7401], [2.3506, 48.74], [2.3502, 48.7399], [2.3499, 48.7399], [2.3495, 48.7398], [2.3491, 48.7397], [2.3487, 48.7397], [2.3479, 48.7396], [2.3473, 48.7395], [2.3467, 48.7394], [2.3459, 48.7393], [2.3453, 48.7393], [2.3446, 48.7392], [2.3438, 48.7391], [2.3433, 48.739], [2.3429, 48.739], [2.3425, 48.7389], [2.3422, 48.7389], [2.3416, 48.7388], [2.3414, 48.7388], [2.3411, 48.7388], [2.3409, 48.7387], [2.3407, 48.7387], [2.3404, 48.7387], [2.3402, 48.7387], [2.3399, 48.7387], [2.3397, 48.7387], [2.3395, 48.7388], [2.3393, 48.7388], [2.3391, 48.7388], [2.3389, 48.7388], [2.3387, 48.7389], [2.3385, 48.7389], [2.3382, 48.7389], [2.338, 48.739], [2.3377, 48.7391], [2.3374, 48.7392], [2.3368, 48.7394], [2.3362, 48.7395], [2.3359, 48.7396], [2.3352, 48.7398], [2.3344, 48.7401], [2.3338, 48.7403], [2.3335, 48.7403]], [[2.3335, 48.7403], [2.3334, 48.7404]], [[2.3334, 48.7404], [2.3329, 48.7405], [2.3324, 48.7407], [2.3311, 48.7411], [2.3303, 48.7413], [2.3296, 48.7416], [2.3291, 48.7417], [2.3288, 48.7418], [2.3284, 48.742], [2.328, 48.7421], [2.3276, 48.7423], [2.3273, 48.7424], [2.3267, 48.7427], [2.3262, 48.7429], [2.3257, 48.7431], [2.3252, 48.7433], [2.3247, 48.7435], [2.3242, 48.7438], [2.324, 48.7439]], [[2.324, 48.7439], [2.3225, 48.7446]], [[2.3225, 48.7446], [2.3221, 48.7447], [2.3215, 48.745], [2.3209, 48.7452], [2.3203, 48.7455], [2.3197, 48.7458], [2.3191, 48.7461], [2.3185, 48.7463], [2.3179, 48.7466], [2.3173, 48.7469], [2.3167, 48.7471], [2.3165, 48.7472], [2.3163, 48.7473], [2.3161, 48.7474], [2.3159, 48.7474], [2.3157, 48.7475], [2.3155, 48.7476], [2.3152, 48.7476], [2.315, 48.7477], [2.3147, 48.7477], [2.3146, 48.7478], [2.3143, 48.7478], [2.3141, 48.7479], [2.3138, 48.7479], [2.3136, 48.7479], [2.3133, 48.7479], [2.3131, 48.7479], [2.3129, 48.7479], [2.3127, 48.7479], [2.3126, 48.7479], [2.3124, 48.7479], [2.3121, 48.7479], [2.3119, 48.7479], [2.3117, 48.7479], [2.3114, 48.7478], [2.3112, 48.7478], [2.311, 48.7478], [2.3108, 48.7477]], [[2.3108, 48.7477], [2.3107, 48.7477], [2.3105, 48.7477]], [[2.3105, 48.7477], [2.3103, 48.7476], [2.3101, 48.7476], [2.31, 48.7475], [2.3098, 48.7475], [2.3096, 48.7474]], [[2.3096, 48.7474], [2.3094, 48.7473], [2.3092, 48.7473], [2.3091, 48.7472], [2.3089, 48.7471], [2.3088, 48.747], [2.3086, 48.747], [2.3084, 48.7469], [2.3082, 48.7467], [2.308, 48.7466], [2.3078, 48.7465], [2.3076, 48.7464], [2.3074, 48.7462], [2.3071, 48.746], [2.3069, 48.7459], [2.3066, 48.7457]], [[2.3066, 48.7457], [2.3063, 48.7455], [2.3061, 48.7454], [2.3058, 48.7452], [2.3055, 48.745], [2.3052, 48.7449], [2.3049, 48.7447], [2.3047, 48.7446], [2.3043, 48.7445], [2.3041, 48.7444], [2.3038, 48.7443], [2.3036, 48.7442], [2.3033, 48.7441]], [[2.3033, 48.7441], [2.3028, 48.7439], [2.3024, 48.7438], [2.3017, 48.7436], [2.301, 48.7434], [2.3004, 48.7432], [2.3, 48.7431], [2.2997, 48.743], [2.2993, 48.7429]], [[2.2993, 48.7429], [2.2988, 48.7428], [2.2983, 48.7427], [2.2977, 48.7426], [2.2973, 48.7425], [2.2969, 48.7424], [2.2964, 48.7422], [2.296, 48.7421], [2.2954, 48.7419], [2.2948, 48.7417], [2.2943, 48.7415], [2.2936, 48.7413]], [[2.2936, 48.7413], [2.2929, 48.7411], [2.2922, 48.7409], [2.2918, 48.7408], [2.2913, 48.7406], [2.291, 48.7405], [2.2907, 48.7404], [2.2905, 48.7403], [2.2903, 48.7402], [2.2896, 48.7399], [2.2886, 48.7395], [2.2873, 48.739]], [[2.2873, 48.739], [2.2869, 48.7388]], [[2.2869, 48.7388], [2.2858, 48.7384], [2.2853, 48.7382], [2.2851, 48.7381], [2.2848, 48.738], [2.2846, 48.7379], [2.2844, 48.7378], [2.2842, 48.7377], [2.2839, 48.7377], [2.2837, 48.7376], [2.2835, 48.7375], [2.2833, 48.7375], [2.2831, 48.7375], [2.2829, 48.7374], [2.2827, 48.7374], [2.2825, 48.7374], [2.2824, 48.7373], [2.2822, 48.7373]], [[2.2822, 48.7373], [2.2818, 48.7373]], [[2.2818, 48.7373], [2.2817, 48.7373]], [[2.2817, 48.7373], [2.2813, 48.7372]], [[2.2813, 48.7372], [2.2812, 48.7372], [2.2811, 48.7372], [2.281, 48.7372], [2.2808, 48.7372], [2.2807, 48.7372], [2.2805, 48.7371], [2.2804, 48.7371], [2.2802, 48.7371], [2.28, 48.737], [2.2799, 48.737], [2.2797, 48.7369], [2.2795, 48.7368], [2.2789, 48.7366], [2.2783, 48.7364], [2.2779, 48.7363], [2.2775, 48.7361], [2.2771, 48.736]], [[2.2771, 48.736], [2.277, 48.736]], [[2.277, 48.736], [2.2768, 48.7359], [2.2765, 48.7358], [2.2762, 48.7357], [2.2755, 48.7355], [2.2749, 48.7353], [2.2743, 48.7351], [2.2737, 48.7349], [2.273, 48.7347]], [[2.273, 48.7347], [2.2729, 48.7346]], [[2.2729, 48.7346], [2.2726, 48.7345], [2.2724, 48.7345], [2.2722, 48.7344], [2.2721, 48.7343], [2.2719, 48.7342], [2.2715, 48.7341]], [[2.2715, 48.7341], [2.271, 48.7339]], [[2.271, 48.7339], [2.2706, 48.7337], [2.2705, 48.7337], [2.2703, 48.7336], [2.2701, 48.7335], [2.27, 48.7335], [2.2695, 48.7333], [2.2693, 48.7332], [2.2691, 48.7332], [2.269, 48.7331], [2.2688, 48.733], [2.2687, 48.733], [2.2686, 48.7329], [2.2685, 48.7328], [2.2683, 48.7327], [2.268, 48.7325], [2.2676, 48.7322], [2.267, 48.7318]], [[2.267, 48.7318], [2.2668, 48.7317]], [[2.2668, 48.7317], [2.2664, 48.7314], [2.2661, 48.7312], [2.2654, 48.7308], [2.2652, 48.7306], [2.265, 48.7305], [2.2648, 48.7304], [2.2646, 48.7303], [2.2643, 48.7301], [2.2639, 48.73]], [[2.2639, 48.73], [2.2629, 48.7296], [2.2628, 48.7295], [2.2627, 48.7295], [2.2626, 48.7294], [2.2625, 48.7293], [2.2623, 48.7293], [2.2622, 48.7292], [2.2621, 48.7291], [2.2619, 48.7289], [2.2616, 48.7287], [2.2612, 48.7284]], [[2.2612, 48.7284], [2.2604, 48.7277], [2.2601, 48.7275], [2.2596, 48.727], [2.258, 48.7257]], [[2.273, 48.7348], [2.2733, 48.7349], [2.2734, 48.7349], [2.2736, 48.735], [2.2737, 48.735], [2.2738, 48.735], [2.2741, 48.7351], [2.2753, 48.7355], [2.273, 48.7347], [2.273, 48.7348]], [[2.2728, 48.7347], [2.273, 48.7348], [2.273, 48.7347], [2.2729, 48.7347], [2.2728, 48.7347]], [[2.2728, 48.7347], [2.2729, 48.7347], [2.2726, 48.7346], [2.2728, 48.7347]], [[2.3126, 48.748], [2.3124, 48.748], [2.3121, 48.748], [2.3116, 48.748], [2.3111, 48.7479], [2.3111, 48.7478], [2.3114, 48.7479], [2.3116, 48.7479], [2.3119, 48.7479], [2.3121, 48.7479], [2.3123, 48.748], [2.3126, 48.748], [2.3128, 48.748], [2.313, 48.748], [2.3133, 48.748], [2.3136, 48.7479], [2.3139, 48.7479], [2.3142, 48.7479], [2.3139, 48.748], [2.3137, 48.748], [2.3135, 48.748], [2.3134, 48.748], [2.3132, 48.748], [2.3129, 48.748], [2.3128, 48.748], [2.3127, 48.748], [2.3126, 48.748]], [[2.4176, 48.746], [2.4176, 48.7459], [2.4176, 48.7457], [2.4175, 48.7455], [2.4175, 48.7453], [2.4175, 48.745], [2.4174, 48.7448], [2.4174, 48.7443], [2.4173, 48.7439], [2.4173, 48.7441], [2.4173, 48.7442], [2.4174, 48.7448], [2.4174, 48.745], [2.4174, 48.7454], [2.4174, 48.7455], [2.4175, 48.7455], [2.4175, 48.7456], [2.4175, 48.7457], [2.4175, 48.7459], [2.4176, 48.7459], [2.4176, 48.746]], [[2.2579, 48.7257], [2.261, 48.7283]], [[2.261, 48.7283], [2.2613, 48.7285], [2.2615, 48.7287]], [[2.2615, 48.7287], [2.262, 48.7291], [2.2621, 48.7292], [2.2623, 48.7293], [2.2624, 48.7293], [2.2625, 48.7294], [2.2626, 48.7295], [2.2628, 48.7295], [2.2629, 48.7296], [2.2631, 48.7297], [2.2635, 48.7298], [2.2637, 48.7299], [2.2638, 48.73]], [[2.2638, 48.73], [2.2639, 48.73], [2.264, 48.7301], [2.2642, 48.7302], [2.2644, 48.7303], [2.2646, 48.7304], [2.2649, 48.7305], [2.2651, 48.7307], [2.2653, 48.7307], [2.2656, 48.731], [2.2658, 48.7311], [2.2661, 48.7312], [2.2664, 48.7314], [2.2668, 48.7317]], [[2.267, 48.7318], [2.2675, 48.7322], [2.2679, 48.7325], [2.2681, 48.7327], [2.2683, 48.7328], [2.2684, 48.7328], [2.2685, 48.7329], [2.2687, 48.733], [2.2688, 48.7331], [2.269, 48.7331], [2.2691, 48.7332], [2.2693, 48.7333], [2.2695, 48.7333], [2.2699, 48.7335], [2.2701, 48.7336], [2.2703, 48.7336], [2.2705, 48.7337], [2.2706, 48.7337], [2.271, 48.7339]], [[2.2715, 48.7341], [2.2717, 48.7342], [2.2718, 48.7343], [2.272, 48.7344], [2.2722, 48.7344], [2.2724, 48.7345], [2.2726, 48.7346], [2.2729, 48.7347]], [[2.2729, 48.7347], [2.273, 48.7347]], [[2.273, 48.7347], [2.2736, 48.7349], [2.2743, 48.7351], [2.2749, 48.7353], [2.2755, 48.7355], [2.2761, 48.7357], [2.2765, 48.7358], [2.2768, 48.7359], [2.277, 48.736]], [[2.2771, 48.736], [2.2774, 48.7362], [2.2779, 48.7363], [2.2783, 48.7365], [2.2789, 48.7367], [2.2794, 48.7369], [2.2796, 48.7369], [2.2798, 48.737], [2.28, 48.737], [2.2802, 48.7371], [2.2804, 48.7371], [2.2805, 48.7372], [2.2807, 48.7372], [2.2808, 48.7372], [2.281, 48.7372], [2.2811, 48.7373], [2.2812, 48.7373], [2.2813, 48.7373], [2.2814, 48.7373]], [[2.2814, 48.7373], [2.2818, 48.7373]], [[2.2818, 48.7373], [2.2819, 48.7373]], [[2.2819, 48.7373], [2.2822, 48.7374]], [[2.2822, 48.7374], [2.2823, 48.7374], [2.2825, 48.7374], [2.2827, 48.7374], [2.2829, 48.7375], [2.283, 48.7375], [2.2833, 48.7375], [2.2835, 48.7376], [2.2837, 48.7376], [2.2839, 48.7377], [2.2842, 48.7378], [2.2844, 48.7378], [2.2846, 48.7379], [2.2848, 48.738], [2.285, 48.7381], [2.2853, 48.7382], [2.2856, 48.7383], [2.2865, 48.7387], [2.2868, 48.7388], [2.2873, 48.739], [2.2881, 48.7394], [2.2894, 48.7399]], [[2.2894, 48.7399], [2.2896, 48.74], [2.2903, 48.7403], [2.2908, 48.7405], [2.2913, 48.7407], [2.2917, 48.7408], [2.2922, 48.741], [2.2929, 48.7412], [2.2936, 48.7414]], [[2.2936, 48.7414], [2.2943, 48.7416], [2.2948, 48.7417], [2.2954, 48.7419], [2.296, 48.7421], [2.2963, 48.7423], [2.2969, 48.7424], [2.2973, 48.7425], [2.2977, 48.7426], [2.2982, 48.7427], [2.2988, 48.7428], [2.2993, 48.7429]], [[2.2993, 48.7429], [2.2997, 48.743], [2.3, 48.7431], [2.3003, 48.7432], [2.301, 48.7434], [2.3017, 48.7436], [2.3023, 48.7438], [2.3028, 48.744], [2.3033, 48.7441], [2.3035, 48.7442], [2.3038, 48.7443], [2.3041, 48.7444], [2.3043, 48.7445], [2.3047, 48.7447], [2.3049, 48.7448], [2.3052, 48.7449], [2.3055, 48.7451], [2.3058, 48.7452], [2.306, 48.7454], [2.3063, 48.7456], [2.3066, 48.7457]], [[2.3066, 48.7457], [2.3068, 48.7459], [2.3071, 48.7461], [2.3073, 48.7462], [2.3076, 48.7464], [2.3078, 48.7465], [2.308, 48.7467], [2.3082, 48.7468], [2.3084, 48.7469], [2.3085, 48.747], [2.3087, 48.7471], [2.3089, 48.7472], [2.309, 48.7472], [2.3092, 48.7473], [2.3094, 48.7474], [2.3095, 48.7474]], [[2.3095, 48.7474], [2.3096, 48.7474]], [[2.3096, 48.7474], [2.3098, 48.7475], [2.3099, 48.7476], [2.3101, 48.7476], [2.3102, 48.7476], [2.3104, 48.7477]], [[2.3104, 48.7477], [2.3105, 48.7477], [2.3107, 48.7477]], [[2.3107, 48.7477], [2.3108, 48.7478], [2.311, 48.7478], [2.3112, 48.7478], [2.3114, 48.7479], [2.3117, 48.7479], [2.3119, 48.7479], [2.3121, 48.7479], [2.3124, 48.748], [2.3126, 48.748], [2.3127, 48.748], [2.3129, 48.748], [2.3131, 48.748], [2.3133, 48.7479], [2.3136, 48.7479], [2.3138, 48.7479], [2.3141, 48.7479], [2.3143, 48.7479], [2.3146, 48.7478], [2.3148, 48.7478], [2.315, 48.7477], [2.3152, 48.7477], [2.3155, 48.7476], [2.3157, 48.7475], [2.3159, 48.7475], [2.3161, 48.7474], [2.3163, 48.7473], [2.3166, 48.7472], [2.3168, 48.7471], [2.3173, 48.7469], [2.3179, 48.7466], [2.3185, 48.7464], [2.3191, 48.7461], [2.3197, 48.7458], [2.3203, 48.7456], [2.3209, 48.7453], [2.3215, 48.745], [2.3221, 48.7447], [2.3225, 48.7446]], [[2.324, 48.7439], [2.3243, 48.7438], [2.3247, 48.7436], [2.3252, 48.7434], [2.3257, 48.7431], [2.3262, 48.7429], [2.3267, 48.7427], [2.327, 48.7426], [2.3273, 48.7424], [2.3276, 48.7423], [2.3281, 48.7421], [2.3284, 48.742], [2.3288, 48.7419], [2.3291, 48.7418], [2.3296, 48.7416], [2.3303, 48.7414], [2.3311, 48.7411], [2.3324, 48.7407], [2.3329, 48.7406], [2.3334, 48.7404]], [[2.3334, 48.7404], [2.3335, 48.7404]], [[2.3335, 48.7404], [2.3338, 48.7403], [2.3345, 48.7401], [2.3353, 48.7399], [2.3359, 48.7396], [2.3362, 48.7396], [2.3368, 48.7394], [2.3375, 48.7392], [2.3377, 48.7391], [2.338, 48.739], [2.3383, 48.739], [2.3385, 48.7389], [2.3387, 48.7389], [2.3389, 48.7389], [2.3391, 48.7388], [2.3393, 48.7388], [2.3395, 48.7388], [2.3397, 48.7388], [2.3399, 48.7388], [2.3402, 48.7388], [2.3404, 48.7388], [2.3407, 48.7388], [2.3409, 48.7388], [2.3411, 48.7388], [2.3414, 48.7388], [2.3416, 48.7388], [2.3422, 48.7389], [2.3425, 48.7389], [2.3429, 48.739], [2.3433, 48.739], [2.3438, 48.7391], [2.3446, 48.7392], [2.3453, 48.7393], [2.3459, 48.7394], [2.3467, 48.7395], [2.3472, 48.7395], [2.3479, 48.7396], [2.3482, 48.7397], [2.3487, 48.7397], [2.3491, 48.7398], [2.3495, 48.7398], [2.3499, 48.7399], [2.3502, 48.7399], [2.3506, 48.74], [2.3511, 48.7401], [2.3515, 48.7402], [2.3518, 48.7402], [2.3525, 48.7404], [2.3526, 48.7404], [2.3531, 48.7405]], [[2.3534, 48.7406], [2.3538, 48.7407], [2.3542, 48.7408], [2.3545, 48.7409], [2.3549, 48.741], [2.3552, 48.7411], [2.3555, 48.7412], [2.3558, 48.7414], [2.3562, 48.7415], [2.3565, 48.7416], [2.3568, 48.7417], [2.3574, 48.7419], [2.3583, 48.7423], [2.3588, 48.7425], [2.3593, 48.7427], [2.36, 48.743], [2.3605, 48.7432], [2.3609, 48.7433], [2.3613, 48.7435], [2.3618, 48.7437], [2.3622, 48.7439], [2.3625, 48.744], [2.3628, 48.7441], [2.3651, 48.7451], [2.3658, 48.7454], [2.3662, 48.7455], [2.3668, 48.7458], [2.369, 48.7467], [2.3694, 48.7468], [2.3697, 48.747], [2.3704, 48.7472], [2.3705, 48.7473], [2.3706, 48.7473], [2.3707, 48.7474], [2.3708, 48.7474], [2.3717, 48.7478], [2.3721, 48.748], [2.3723, 48.748]], [[2.3723, 48.748], [2.3731, 48.7484]], [[2.3731, 48.7484], [2.3732, 48.7484], [2.3736, 48.7486], [2.3739, 48.7487], [2.3746, 48.749], [2.375, 48.7491], [2.3762, 48.7496], [2.3767, 48.7498], [2.377, 48.7499], [2.3776, 48.7502], [2.3783, 48.7505], [2.3791, 48.7508], [2.3803, 48.7513], [2.3813, 48.7517], [2.3825, 48.7522], [2.3827, 48.7523], [2.383, 48.7523], [2.3834, 48.7525], [2.3837, 48.7526], [2.3839, 48.7527], [2.3841, 48.7527], [2.3843, 48.7527], [2.3844, 48.7528], [2.3846, 48.7528], [2.3848, 48.7529], [2.3851, 48.7529], [2.3854, 48.7529], [2.3855, 48.753], [2.3858, 48.753], [2.386, 48.753], [2.3862, 48.753], [2.3865, 48.753], [2.3867, 48.753], [2.3869, 48.753], [2.3872, 48.753], [2.3874, 48.753], [2.3876, 48.753], [2.3878, 48.753], [2.388, 48.753], [2.3882, 48.753], [2.3885, 48.7529], [2.3888, 48.7529], [2.3891, 48.7529], [2.3893, 48.7528], [2.3894, 48.7528], [2.3897, 48.7527], [2.3899, 48.7527], [2.3902, 48.7526], [2.3904, 48.7525], [2.3906, 48.7525], [2.3909, 48.7524], [2.3911, 48.7523], [2.3913, 48.7522], [2.3915, 48.7521], [2.3917, 48.752], [2.3919, 48.7519], [2.3921, 48.7518], [2.3922, 48.7517], [2.3924, 48.7516], [2.3926, 48.7515], [2.3928, 48.7514], [2.393, 48.7512], [2.3931, 48.7511], [2.3933, 48.751], [2.3935, 48.7509], [2.3936, 48.7508], [2.3937, 48.7506], [2.3938, 48.7505], [2.394, 48.7503], [2.3944, 48.7498], [2.3947, 48.7496], [2.3949, 48.7493], [2.3952, 48.7489], [2.3955, 48.7486], [2.3957, 48.7483], [2.3959, 48.7481], [2.3963, 48.7476], [2.3968, 48.747], [2.397, 48.7468], [2.3974, 48.7464], [2.3976, 48.7461], [2.3978, 48.746], [2.3981, 48.7457], [2.3984, 48.7455], [2.3987, 48.7452], [2.399, 48.7449]], [[2.399, 48.7449], [2.3992, 48.7448]], [[2.3992, 48.7448], [2.4004, 48.7438]], [[2.4005, 48.7438], [2.4008, 48.7435]], [[2.4008, 48.7435], [2.4009, 48.7435]], [[2.4009, 48.7435], [2.4012, 48.7432], [2.4014, 48.7431]], [[2.4014, 48.7431], [2.4014, 48.743]], [[2.4014, 48.743], [2.4015, 48.743], [2.4017, 48.7429], [2.4019, 48.7426], [2.4022, 48.7424]], [[2.4022, 48.7424], [2.4026, 48.7421], [2.4029, 48.7419], [2.4032, 48.7416], [2.4035, 48.7415], [2.4037, 48.7413], [2.404, 48.7411], [2.4044, 48.7409], [2.4047, 48.7407], [2.405, 48.7405], [2.4054, 48.7404], [2.4058, 48.7402], [2.4061, 48.74], [2.4065, 48.7399], [2.4067, 48.7398], [2.4069, 48.7397], [2.4071, 48.7396], [2.4073, 48.7396], [2.4075, 48.7395], [2.4077, 48.7395], [2.4081, 48.7394], [2.4084, 48.7394], [2.4085, 48.7393], [2.4087, 48.7393], [2.4089, 48.7393], [2.4096, 48.7392], [2.4097, 48.7392], [2.4099, 48.7392], [2.4101, 48.7392], [2.4103, 48.7392], [2.4105, 48.7392], [2.4107, 48.7392]], [[2.4107, 48.7392], [2.4109, 48.7392]], [[2.4109, 48.7392], [2.4111, 48.7393], [2.4112, 48.7393], [2.4113, 48.7393], [2.4115, 48.7393], [2.4117, 48.7393], [2.4118, 48.7393], [2.4118, 48.7394], [2.412, 48.7394], [2.4121, 48.7394], [2.4122, 48.7394], [2.4123, 48.7395], [2.4125, 48.7395], [2.4126, 48.7395], [2.4128, 48.7396], [2.4129, 48.7396], [2.4131, 48.7397], [2.4132, 48.7397], [2.4133, 48.7397], [2.4135, 48.7398], [2.4137, 48.7399], [2.4138, 48.7399], [2.4139, 48.74], [2.414, 48.74], [2.4141, 48.7401], [2.4142, 48.7401], [2.4144, 48.7402], [2.4146, 48.7403], [2.4146, 48.7404], [2.4147, 48.7404], [2.4148, 48.7405], [2.4149, 48.7405], [2.415, 48.7406], [2.4151, 48.7406], [2.4151, 48.7407], [2.4152, 48.7407], [2.4152, 48.7408], [2.4153, 48.7408], [2.4154, 48.7409], [2.4155, 48.741], [2.4156, 48.741], [2.4156, 48.7411], [2.4158, 48.7412], [2.4158, 48.7413], [2.4159, 48.7414], [2.416, 48.7415], [2.4161, 48.7416], [2.4161, 48.7417], [2.4162, 48.7418], [2.4163, 48.7419], [2.4163, 48.742], [2.4164, 48.7421], [2.4165, 48.7421], [2.4165, 48.7422], [2.4166, 48.7423], [2.4167, 48.7424], [2.4167, 48.7425], [2.4168, 48.7426], [2.4168, 48.7427], [2.4169, 48.7428], [2.417, 48.7429], [2.417, 48.743], [2.4171, 48.7431], [2.4171, 48.7432], [2.4172, 48.7433], [2.4172, 48.7434], [2.4173, 48.7436], [2.4174, 48.7438], [2.4174, 48.7439], [2.4174, 48.744], [2.4174, 48.7441], [2.4174, 48.7442], [2.4175, 48.7448], [2.4175, 48.7453], [2.4175, 48.7455], [2.4176, 48.7456], [2.4176, 48.7459], [2.4177, 48.7462]], [[2.4177, 48.7462], [2.4179, 48.7466], [2.4179, 48.7468], [2.418, 48.747], [2.4182, 48.7473], [2.4182, 48.7474]], [[2.4182, 48.7474], [2.4183, 48.7474]], [[2.4183, 48.7474], [2.4184, 48.7478], [2.4186, 48.748]], [[2.4186, 48.748], [2.4187, 48.7481]], [[2.4187, 48.7481], [2.4189, 48.7485], [2.419, 48.7486], [2.419, 48.7487], [2.4191, 48.7489], [2.4192, 48.749], [2.4192, 48.7491], [2.4192, 48.7492], [2.4192, 48.7493], [2.4193, 48.7495], [2.4193, 48.7496], [2.4193, 48.7497], [2.4193, 48.7498], [2.4193, 48.75], [2.4193, 48.7501], [2.4193, 48.7502], [2.4193, 48.7504], [2.4192, 48.7506], [2.4191, 48.7508], [2.4191, 48.7509], [2.419, 48.7511], [2.4189, 48.7512], [2.4189, 48.7513], [2.4184, 48.752], [2.4179, 48.7528], [2.417, 48.7542], [2.4155, 48.7566], [2.4153, 48.757], [2.415, 48.7574], [2.4148, 48.7578], [2.4145, 48.7583]], [[2.4145, 48.7583], [2.4143, 48.7585], [2.4143, 48.7586], [2.4141, 48.7589], [2.4139, 48.7592], [2.4138, 48.7593], [2.4137, 48.7595], [2.4135, 48.7598], [2.4133, 48.7601], [2.4129, 48.7607], [2.4128, 48.7608], [2.4125, 48.7613], [2.4122, 48.7617], [2.4119, 48.7621], [2.4116, 48.7625]], [[2.4116, 48.7625], [2.4114, 48.7628], [2.4112, 48.7632], [2.4111, 48.7634], [2.4111, 48.7637], [2.411, 48.7639], [2.411, 48.764], [2.411, 48.7642], [2.4109, 48.7647], [2.4109, 48.7648]], [[2.4109, 48.7648], [2.4109, 48.7654], [2.4109, 48.7656], [2.4109, 48.7662], [2.4109, 48.7664], [2.4109, 48.7667]], [[2.1274, 49.0348], [2.1292, 49.0332], [2.1293, 49.0332], [2.1289, 49.0335], [2.1286, 49.0338], [2.1286, 49.0339], [2.1285, 49.0339], [2.1284, 49.034], [2.1284, 49.0341], [2.1283, 49.0341], [2.1282, 49.0342], [2.1275, 49.0349], [2.1274, 49.0348]], [[2.2586, 48.9846], [2.2572, 48.9851], [2.2557, 48.9857], [2.2558, 48.9857], [2.2564, 48.9855], [2.2564, 48.9854], [2.2567, 48.9854], [2.2568, 48.9853], [2.257, 48.9852], [2.257, 48.9853], [2.2571, 48.9852], [2.2572, 48.9852], [2.2575, 48.9851], [2.2577, 48.985], [2.2586, 48.9846]], [[2.2844, 48.9641], [2.2848, 48.964], [2.2859, 48.9636], [2.2872, 48.9633], [2.2861, 48.9636], [2.2858, 48.9637], [2.2859, 48.9637], [2.2858, 48.9638], [2.2858, 48.9637], [2.2856, 48.9638], [2.2855, 48.9639], [2.2854, 48.9639], [2.2853, 48.9639], [2.2852, 48.9639], [2.2852, 48.964], [2.2851, 48.964], [2.285, 48.964], [2.2849, 48.964], [2.2845, 48.9641], [2.2844, 48.9641]], [[2.3023, 48.9526], [2.3023, 48.9525], [2.3022, 48.9525], [2.3023, 48.9528], [2.3023, 48.9529], [2.3024, 48.9531], [2.3024, 48.9532], [2.3024, 48.9533], [2.3024, 48.9534], [2.3024, 48.9535], [2.3024, 48.9537], [2.3024, 48.9538], [2.3024, 48.9539], [2.3024, 48.9541], [2.3024, 48.9542], [2.3023, 48.9544], [2.3024, 48.9544], [2.3025, 48.9543], [2.3024, 48.9543], [2.3025, 48.9543], [2.3025, 48.9542], [2.3025, 48.954], [2.3024, 48.954], [2.3025, 48.954], [2.3025, 48.9539], [2.3025, 48.9537], [2.3025, 48.9534], [2.3024, 48.9534], [2.3024, 48.9533], [2.3024, 48.9532], [2.3024, 48.9531], [2.3024, 48.9529], [2.3023, 48.9528], [2.3023, 48.9526]], [[2.3076, 48.9339], [2.3077, 48.9338], [2.308, 48.9331], [2.3082, 48.9327], [2.3086, 48.9318], [2.3085, 48.9318], [2.3083, 48.9322], [2.3079, 48.9331], [2.3076, 48.9336], [2.3077, 48.9336], [2.3077, 48.9337], [2.3076, 48.9337], [2.3076, 48.9339]], [[2.3134, 48.9219], [2.3134, 48.922], [2.314, 48.9207], [2.3142, 48.9204], [2.3142, 48.9203], [2.3142, 48.9202], [2.3143, 48.9202], [2.3143, 48.9201], [2.3143, 48.92], [2.3142, 48.9203], [2.314, 48.9207], [2.3134, 48.9219]], [[2.0965, 49.0465], [2.0957, 49.0467], [2.0952, 49.0468], [2.095, 49.0468], [2.0945, 49.0469], [2.094, 49.047], [2.0938, 49.0471], [2.0935, 49.0471], [2.0934, 49.0472]], [[2.0974, 49.0464], [2.0972, 49.0464], [2.0968, 49.0465], [2.0965, 49.0465]], [[2.0974, 49.0464], [2.0979, 49.0463], [2.0984, 49.0462]], [[2.0984, 49.0462], [2.0986, 49.0461], [2.0992, 49.046]], [[2.0993, 49.046], [2.0992, 49.046]], [[2.0993, 49.046], [2.1001, 49.0459]], [[2.1001, 49.0459], [2.1012, 49.0457], [2.1012, 49.0456]], [[2.1032, 49.0454], [2.1029, 49.0454], [2.1028, 49.0454], [2.1025, 49.0455], [2.1024, 49.0455], [2.1022, 49.0455], [2.1021, 49.0455], [2.102, 49.0455], [2.1018, 49.0455], [2.1017, 49.0456], [2.1016, 49.0456], [2.1012, 49.0456]], [[2.1032, 49.0454], [2.1038, 49.0454], [2.1041, 49.0453], [2.1043, 49.0453]], [[2.1043, 49.0453], [2.1045, 49.0453]], [[2.1068, 49.0454], [2.1065, 49.0454], [2.1063, 49.0453], [2.1061, 49.0453], [2.1059, 49.0453], [2.1057, 49.0453], [2.1055, 49.0453], [2.1054, 49.0453], [2.1052, 49.0453], [2.105, 49.0453], [2.1048, 49.0453], [2.1047, 49.0453], [2.1045, 49.0453]], [[2.1072, 49.0454], [2.1068, 49.0454]], [[2.1073, 49.0454], [2.1072, 49.0454]], [[2.1086, 49.0455], [2.1082, 49.0455], [2.1078, 49.0454], [2.1077, 49.0454], [2.1073, 49.0454]], [[2.1106, 49.0456], [2.1104, 49.0456], [2.11, 49.0456], [2.1099, 49.0456], [2.1097, 49.0456], [2.1095, 49.0456], [2.1092, 49.0455], [2.109, 49.0455], [2.1086, 49.0455]], [[2.1106, 49.0456], [2.1107, 49.0456], [2.1108, 49.0456], [2.1111, 49.0456], [2.1112, 49.0456], [2.1114, 49.0456], [2.1116, 49.0456], [2.1118, 49.0456], [2.1119, 49.0455], [2.1122, 49.0455], [2.1124, 49.0455], [2.1126, 49.0455], [2.1128, 49.0455], [2.113, 49.0454], [2.1132, 49.0454], [2.1134, 49.0454], [2.1136, 49.0453], [2.1138, 49.0453], [2.114, 49.0453], [2.1142, 49.0452], [2.1144, 49.0452], [2.1146, 49.0451], [2.1149, 49.0451], [2.115, 49.045], [2.1151, 49.045], [2.1152, 49.045], [2.1153, 49.045], [2.1154, 49.0449], [2.1155, 49.0449], [2.1156, 49.0449], [2.1157, 49.0448], [2.1158, 49.0448], [2.1159, 49.0448], [2.116, 49.0447], [2.1161, 49.0447], [2.1162, 49.0447], [2.1163, 49.0446], [2.1164, 49.0446], [2.1165, 49.0446], [2.1167, 49.0445], [2.1168, 49.0445], [2.117, 49.0444], [2.1171, 49.0444], [2.1171, 49.0443], [2.1173, 49.0443], [2.1175, 49.0442], [2.1176, 49.0441], [2.1178, 49.0441], [2.1181, 49.044], [2.1183, 49.0438], [2.1185, 49.0437], [2.1187, 49.0436], [2.119, 49.0435], [2.1192, 49.0434], [2.1194, 49.0433], [2.1196, 49.0431], [2.1199, 49.043], [2.1201, 49.0428], [2.1203, 49.0427], [2.1204, 49.0426], [2.1206, 49.0425], [2.1207, 49.0424], [2.1209, 49.0422], [2.1211, 49.042], [2.1214, 49.0418], [2.1216, 49.0416], [2.1218, 49.0414], [2.1219, 49.0413], [2.122, 49.0411], [2.1223, 49.0409], [2.1225, 49.0407], [2.1227, 49.0404], [2.1229, 49.0401], [2.1231, 49.0399], [2.1233, 49.0396], [2.1234, 49.0395], [2.1235, 49.0393], [2.1236, 49.0392], [2.1237, 49.039], [2.1238, 49.0388], [2.124, 49.0386]], [[2.1241, 49.0384], [2.124, 49.0386]], [[2.1241, 49.0384], [2.1244, 49.038], [2.1244, 49.0379], [2.1245, 49.0378], [2.1246, 49.0377], [2.1247, 49.0375], [2.1248, 49.0374], [2.1249, 49.0373], [2.125, 49.0372], [2.125, 49.0371], [2.1251, 49.037], [2.1252, 49.0369]], [[2.1252, 49.0369], [2.1253, 49.0368]], [[2.1253, 49.0368], [2.1254, 49.0367], [2.1255, 49.0366], [2.1257, 49.0364], [2.1258, 49.0363], [2.1259, 49.0362], [2.1261, 49.036], [2.1263, 49.0359], [2.1264, 49.0358], [2.1265, 49.0356], [2.1267, 49.0355], [2.1269, 49.0353], [2.127, 49.0352], [2.1272, 49.035], [2.1273, 49.0349], [2.1274, 49.0348], [2.1276, 49.0347], [2.1278, 49.0345], [2.1279, 49.0343], [2.128, 49.0343], [2.128, 49.0342], [2.1282, 49.0341], [2.1283, 49.034], [2.1285, 49.0339], [2.1288, 49.0336], [2.1295, 49.0329], [2.1297, 49.0327], [2.1299, 49.0325], [2.13, 49.0324], [2.1302, 49.0323], [2.1303, 49.0321], [2.1305, 49.032], [2.1306, 49.0319], [2.1308, 49.0317], [2.1309, 49.0316], [2.1311, 49.0314], [2.1314, 49.0312], [2.1315, 49.0311], [2.1317, 49.0309], [2.1319, 49.0307], [2.1321, 49.0306], [2.1323, 49.0303], [2.1325, 49.0301], [2.1328, 49.0299], [2.133, 49.0297], [2.1332, 49.0295], [2.1333, 49.0294], [2.1335, 49.0292], [2.1336, 49.0292], [2.1338, 49.029], [2.1339, 49.0289], [2.134, 49.0288], [2.1344, 49.0284], [2.1348, 49.0281], [2.1351, 49.0278], [2.1354, 49.0276], [2.1357, 49.0274], [2.1363, 49.027], [2.1367, 49.0267], [2.1371, 49.0265], [2.1375, 49.0262], [2.1379, 49.026], [2.1383, 49.0258], [2.1389, 49.0255], [2.1408, 49.0246], [2.1422, 49.0239], [2.1439, 49.023], [2.145, 49.0225], [2.1457, 49.0222], [2.1464, 49.0218], [2.1468, 49.0216], [2.1475, 49.0214], [2.1481, 49.0211], [2.1485, 49.021]], [[2.1485, 49.021], [2.149, 49.0208]], [[2.149, 49.0208], [2.1497, 49.0206], [2.1503, 49.0204], [2.1514, 49.02], [2.1525, 49.0197], [2.1536, 49.0194], [2.1538, 49.0194], [2.156, 49.0188], [2.1591, 49.018], [2.1608, 49.0175], [2.1609, 49.0175], [2.1628, 49.017], [2.1631, 49.0169], [2.1646, 49.0165], [2.1663, 49.016], [2.1694, 49.0151], [2.1716, 49.0145], [2.1747, 49.0137], [2.1768, 49.0131], [2.1792, 49.0125], [2.1813, 49.0119], [2.1832, 49.0114], [2.1841, 49.0112], [2.1851, 49.0109], [2.1863, 49.0106], [2.1883, 49.01], [2.1908, 49.0093], [2.1919, 49.0091], [2.194, 49.0085], [2.1945, 49.0083], [2.195, 49.0082], [2.1955, 49.0081], [2.1963, 49.0079], [2.1971, 49.0076], [2.1975, 49.0075], [2.1976, 49.0074]], [[2.1976, 49.0074], [2.1982, 49.0073], [2.1987, 49.0071], [2.1992, 49.0069], [2.1997, 49.0067], [2.2, 49.0066], [2.2009, 49.0062], [2.2019, 49.0058], [2.2032, 49.0054], [2.2037, 49.0052], [2.2059, 49.0044], [2.2064, 49.0042], [2.2077, 49.0037], [2.2079, 49.0036], [2.2091, 49.0032], [2.2106, 49.0026], [2.212, 49.0021], [2.2129, 49.0017], [2.2132, 49.0016], [2.2156, 49.0007], [2.2196, 48.9992], [2.2222, 48.9983], [2.2305, 48.9952], [2.2335, 48.994], [2.2351, 48.9934], [2.2352, 48.9934], [2.2361, 48.9931], [2.2365, 48.9929], [2.2368, 48.9928], [2.2372, 48.9927], [2.2378, 48.9924], [2.2393, 48.9919], [2.2406, 48.9914], [2.2419, 48.9909], [2.2429, 48.9905], [2.2435, 48.9903], [2.2485, 48.9884]], [[2.2485, 48.9884], [2.2488, 48.9883]], [[2.2488, 48.9883], [2.2506, 48.9876], [2.2557, 48.9857], [2.2564, 48.9854]], [[2.2564, 48.9854], [2.2567, 48.9853]], [[2.2567, 48.9853], [2.257, 48.9852], [2.2591, 48.9844]], [[2.2591, 48.9844], [2.2593, 48.9843], [2.261, 48.9837], [2.2613, 48.9836]], [[2.2613, 48.9836], [2.2622, 48.9833], [2.2626, 48.9831], [2.2638, 48.9828], [2.2644, 48.9826], [2.265, 48.9824]], [[2.265, 48.9824], [2.2657, 48.9821]], [[2.2657, 48.9821], [2.266, 48.982], [2.2662, 48.9819], [2.267, 48.9816], [2.2674, 48.9815], [2.2676, 48.9814], [2.2679, 48.9813], [2.2681, 48.9812], [2.2684, 48.9811], [2.2687, 48.9811], [2.2691, 48.981], [2.2697, 48.9808], [2.2703, 48.9807]], [[2.2707, 48.9807], [2.2703, 48.9807]], [[2.2767, 48.9803], [2.2764, 48.9804], [2.2762, 48.9804], [2.2761, 48.9804], [2.2759, 48.9804], [2.2754, 48.9804], [2.2752, 48.9804], [2.2743, 48.9805], [2.2736, 48.9805], [2.2725, 48.9805], [2.2719, 48.9805], [2.2714, 48.9806], [2.271, 48.9806], [2.2707, 48.9807]], [[2.2767, 48.9803], [2.2769, 48.9803], [2.2771, 48.9803], [2.2773, 48.9803]], [[2.2773, 48.9803], [2.2775, 48.9802], [2.2778, 48.9802], [2.2779, 48.9801], [2.2781, 48.9801], [2.2782, 48.9801], [2.2784, 48.98], [2.2787, 48.9799], [2.279, 48.9798], [2.2792, 48.9797], [2.2794, 48.9796], [2.2796, 48.9796], [2.2797, 48.9795], [2.2799, 48.9794], [2.2801, 48.9793], [2.2803, 48.9792], [2.2804, 48.9791], [2.2806, 48.979], [2.2808, 48.9789], [2.2809, 48.9788], [2.2809, 48.9787], [2.2811, 48.9786], [2.2812, 48.9785], [2.2813, 48.9784]], [[2.2813, 48.9784], [2.2814, 48.9783]], [[2.2814, 48.9783], [2.2815, 48.9782], [2.2816, 48.9781], [2.2817, 48.978], [2.2818, 48.9778], [2.2819, 48.9777], [2.282, 48.9775], [2.2821, 48.9773], [2.2822, 48.9772]], [[2.2822, 48.9772], [2.2823, 48.977], [2.2823, 48.9769], [2.2824, 48.9768], [2.2824, 48.9766]], [[2.2824, 48.9766], [2.2825, 48.9764], [2.2825, 48.9763], [2.2825, 48.9761], [2.2825, 48.976], [2.2825, 48.9759], [2.2825, 48.9757], [2.2825, 48.9755], [2.2825, 48.9754], [2.2824, 48.9752], [2.2824, 48.9751], [2.2824, 48.9749], [2.2823, 48.9748], [2.2822, 48.9746], [2.2821, 48.9744], [2.2821, 48.9743], [2.282, 48.9742], [2.2819, 48.9741], [2.2818, 48.9739], [2.2817, 48.9737], [2.2816, 48.9736], [2.2812, 48.9732], [2.2808, 48.9728], [2.2797, 48.9716]], [[2.2797, 48.9716], [2.2793, 48.9711], [2.2792, 48.9709], [2.279, 48.9707], [2.279, 48.9706], [2.2789, 48.9705], [2.2788, 48.9703], [2.2787, 48.9702], [2.2786, 48.97], [2.2786, 48.9699], [2.2785, 48.9697], [2.2785, 48.9695], [2.2785, 48.9694], [2.2784, 48.9692], [2.2784, 48.969], [2.2784, 48.9689], [2.2784, 48.9688], [2.2784, 48.9686], [2.2785, 48.9684], [2.2785, 48.9683], [2.2785, 48.9681], [2.2786, 48.968], [2.2786, 48.9678], [2.2787, 48.9676], [2.2788, 48.9674], [2.2789, 48.9672], [2.279, 48.9671], [2.2791, 48.967], [2.2792, 48.9668], [2.2793, 48.9667], [2.2794, 48.9665], [2.2796, 48.9664], [2.2797, 48.9663], [2.2799, 48.9661]], [[2.2799, 48.9661], [2.28, 48.966], [2.2802, 48.9659]], [[2.2802, 48.9659], [2.2803, 48.9658], [2.2805, 48.9657], [2.2806, 48.9656], [2.2808, 48.9655], [2.281, 48.9654], [2.2812, 48.9653], [2.2813, 48.9652], [2.2815, 48.9651], [2.2817, 48.965], [2.282, 48.9649], [2.2822, 48.9648], [2.2825, 48.9647], [2.2826, 48.9646]], [[2.2826, 48.9646], [2.2829, 48.9645]], [[2.2829, 48.9645], [2.2831, 48.9645], [2.2833, 48.9644], [2.2835, 48.9643], [2.2844, 48.9641], [2.2848, 48.964], [2.285, 48.9639], [2.2859, 48.9636], [2.2874, 48.9632], [2.2939, 48.9611]], [[2.2939, 48.9611], [2.2949, 48.9609], [2.2951, 48.9608], [2.2954, 48.9607], [2.2956, 48.9606], [2.2958, 48.9605], [2.2961, 48.9604], [2.2963, 48.9603], [2.2966, 48.9602], [2.2969, 48.9601], [2.2971, 48.96], [2.2973, 48.9599], [2.2975, 48.9598], [2.2977, 48.9597], [2.2978, 48.9596], [2.2981, 48.9594], [2.2989, 48.9589], [2.2991, 48.9588], [2.2992, 48.9587], [2.2993, 48.9586], [2.2995, 48.9585], [2.2997, 48.9584], [2.2999, 48.9583], [2.3, 48.9582], [2.3002, 48.9581], [2.3003, 48.958], [2.3004, 48.9579], [2.3005, 48.9578], [2.3006, 48.9577], [2.3007, 48.9577], [2.3009, 48.9576], [2.301, 48.9574], [2.3011, 48.9573], [2.3012, 48.9572], [2.3013, 48.9571], [2.3014, 48.957], [2.3015, 48.9568], [2.3016, 48.9567], [2.3017, 48.9566], [2.3018, 48.9565], [2.3019, 48.9564], [2.3019, 48.9563], [2.302, 48.9561], [2.302, 48.956], [2.3021, 48.9559], [2.3021, 48.9558], [2.3021, 48.9557], [2.3022, 48.9556], [2.3022, 48.9555], [2.3022, 48.9554], [2.3022, 48.9552], [2.3023, 48.9551], [2.3023, 48.955], [2.3023, 48.9549], [2.3023, 48.9547], [2.3023, 48.9546]], [[2.3023, 48.9546], [2.3023, 48.9542], [2.3023, 48.9541], [2.3024, 48.9539], [2.3024, 48.9538], [2.3024, 48.9537], [2.3024, 48.9535], [2.3024, 48.9534], [2.3024, 48.9533], [2.3023, 48.9532], [2.3023, 48.9531], [2.3023, 48.9529], [2.3023, 48.9528], [2.3022, 48.9526]], [[2.3022, 48.9526], [2.3022, 48.9523], [2.3021, 48.952], [2.3017, 48.9502], [2.3016, 48.9498], [2.3015, 48.9493]], [[2.3015, 48.9493], [2.3015, 48.9492], [2.3014, 48.9491], [2.3014, 48.9489], [2.3013, 48.9485], [2.3013, 48.9481], [2.3013, 48.9479], [2.3013, 48.9477], [2.3014, 48.9472], [2.3014, 48.9468], [2.3015, 48.9466], [2.3015, 48.9464]], [[2.3015, 48.9464], [2.3016, 48.9461]], [[2.3016, 48.9461], [2.3017, 48.946], [2.3017, 48.9458], [2.3018, 48.9455], [2.302, 48.9452], [2.3022, 48.9447], [2.3024, 48.9443], [2.3025, 48.9441], [2.3028, 48.9436], [2.3029, 48.9433], [2.303, 48.9431]], [[2.303, 48.9431], [2.3032, 48.9427]], [[2.3032, 48.9427], [2.3033, 48.9425], [2.3034, 48.9423], [2.3036, 48.9418], [2.3039, 48.9413]], [[2.3039, 48.9413], [2.3039, 48.9412]], [[2.3039, 48.9412], [2.304, 48.941], [2.3042, 48.9406], [2.3043, 48.9405], [2.3044, 48.9402], [2.3045, 48.9401], [2.3045, 48.94], [2.3046, 48.9399], [2.3048, 48.9395], [2.3048, 48.9393], [2.3049, 48.9393]], [[2.3049, 48.9393], [2.3049, 48.9391], [2.3051, 48.9388]], [[2.3051, 48.9388], [2.3052, 48.9385], [2.3054, 48.9382], [2.3056, 48.9377], [2.3057, 48.9376], [2.3057, 48.9375], [2.3058, 48.9373], [2.3059, 48.9372], [2.3061, 48.9368], [2.3061, 48.9367], [2.3062, 48.9366], [2.3063, 48.9363], [2.3065, 48.9359], [2.3067, 48.9355], [2.3067, 48.9354], [2.3069, 48.935], [2.307, 48.9349], [2.3071, 48.9347], [2.3072, 48.9345], [2.3073, 48.9342], [2.3074, 48.934], [2.3076, 48.9337], [2.3076, 48.9336]], [[2.3076, 48.9336], [2.3078, 48.9332]], [[2.3078, 48.9332], [2.308, 48.9329], [2.3085, 48.9317], [2.3088, 48.9313], [2.3089, 48.9309], [2.3095, 48.9297]], [[2.3095, 48.9297], [2.3098, 48.9292]], [[2.3098, 48.9292], [2.3104, 48.928], [2.3111, 48.9266], [2.3114, 48.9259], [2.3124, 48.924], [2.3129, 48.9228]], [[2.3129, 48.9228], [2.3131, 48.9224]], [[2.3131, 48.9224], [2.3132, 48.9222], [2.3133, 48.9219], [2.3138, 48.9209], [2.3143, 48.92]], [[2.3143, 48.92], [2.3144, 48.9198]], [[2.3144, 48.9198], [2.3144, 48.9197], [2.3145, 48.9196], [2.3146, 48.9194], [2.3147, 48.9192], [2.3149, 48.9187], [2.3151, 48.9183], [2.3153, 48.918], [2.3154, 48.9178], [2.3156, 48.9176]], [[2.3156, 48.9176], [2.3157, 48.9175]], [[2.3157, 48.9175], [2.3159, 48.9171], [2.3163, 48.9165], [2.3167, 48.916]], [[2.3167, 48.916], [2.3172, 48.9153], [2.3175, 48.9149], [2.318, 48.9142]], [[2.318, 48.9142], [2.3181, 48.9141], [2.3182, 48.9139], [2.3183, 48.9138], [2.3184, 48.9136], [2.3185, 48.9135]], [[2.3185, 48.9135], [2.3186, 48.9132], [2.3187, 48.9129]], [[2.3187, 48.9129], [2.3187, 48.9128], [2.319, 48.9121]], [[2.319, 48.9121], [2.3191, 48.9119], [2.3192, 48.9117], [2.3192, 48.9116], [2.3193, 48.9114], [2.3194, 48.9113], [2.3195, 48.9111], [2.3196, 48.9109]], [[2.3196, 48.9109], [2.3197, 48.9107], [2.3198, 48.9106], [2.3199, 48.9104], [2.3201, 48.9102], [2.3203, 48.91], [2.3204, 48.9098], [2.3205, 48.9096], [2.3207, 48.9095]], [[2.3207, 48.9095], [2.3208, 48.9093], [2.3209, 48.909], [2.3213, 48.9084], [2.3218, 48.9072], [2.3225, 48.9057], [2.3226, 48.9053], [2.3227, 48.9049], [2.3229, 48.9045], [2.323, 48.9042], [2.323, 48.904], [2.323, 48.9038], [2.3231, 48.9033], [2.3235, 48.9008], [2.3238, 48.8991]], [[2.3238, 48.8991], [2.3237, 48.898], [2.3236, 48.8979], [2.3236, 48.8978], [2.323, 48.8971], [2.3229, 48.8969], [2.3228, 48.8968], [2.3226, 48.8967], [2.322, 48.8962], [2.3218, 48.896], [2.3215, 48.8959], [2.3208, 48.8956], [2.3206, 48.8955], [2.3198, 48.8953], [2.3186, 48.8949], [2.3173, 48.8945], [2.3164, 48.8943], [2.3155, 48.8941], [2.3141, 48.8939], [2.3132, 48.8937], [2.3117, 48.8933], [2.3109, 48.893], [2.3104, 48.8928], [2.31, 48.8926], [2.309, 48.8922]], [[2.309, 48.8922], [2.3089, 48.8921]], [[2.3089, 48.8921], [2.3073, 48.8914], [2.3048, 48.8901], [2.3038, 48.8896], [2.3036, 48.8895], [2.3035, 48.8894], [2.3033, 48.8893], [2.3031, 48.8892], [2.3029, 48.889], [2.3027, 48.8888], [2.3025, 48.8886]], [[2.3004, 48.8865], [2.3005, 48.8865], [2.3007, 48.8865], [2.3008, 48.8866], [2.301, 48.8867], [2.3011, 48.8868], [2.3013, 48.887], [2.3015, 48.8871], [2.3016, 48.8873], [2.3018, 48.8876], [2.3023, 48.8883], [2.3025, 48.8886]], [[2.2838, 48.8773], [2.2841, 48.8776], [2.2845, 48.8778], [2.2846, 48.8779], [2.2853, 48.8784], [2.2858, 48.8786], [2.2872, 48.8794], [2.2888, 48.8804], [2.2905, 48.8813], [2.2915, 48.8818], [2.2945, 48.8834], [2.2964, 48.8845], [2.2972, 48.885], [2.2982, 48.8855], [2.2988, 48.8857], [2.299, 48.8859], [2.2991, 48.8859], [2.2996, 48.8861], [2.3001, 48.8863], [2.3004, 48.8865]], [[2.2838, 48.8773], [2.2833, 48.8768], [2.283, 48.8765], [2.2827, 48.8763], [2.2824, 48.8761], [2.282, 48.8759], [2.2815, 48.8758], [2.2807, 48.8755], [2.2803, 48.8754], [2.2799, 48.8752], [2.2796, 48.8751], [2.2793, 48.8749], [2.2789, 48.8747], [2.2786, 48.8744], [2.2783, 48.8742], [2.278, 48.8738], [2.2763, 48.8719], [2.2758, 48.8712], [2.2757, 48.871], [2.2755, 48.8707], [2.2748, 48.8698], [2.2741, 48.8688]], [[2.2723, 48.8638], [2.2723, 48.864], [2.2723, 48.8642], [2.2723, 48.8643], [2.2723, 48.8644], [2.2723, 48.8645], [2.2723, 48.8647], [2.2723, 48.8648], [2.2723, 48.8649], [2.2723, 48.865], [2.2723, 48.8651], [2.2724, 48.8653], [2.2724, 48.8655], [2.2724, 48.8656], [2.2724, 48.8658], [2.2725, 48.8659], [2.2725, 48.866], [2.2725, 48.8662], [2.2726, 48.8664], [2.2726, 48.8665], [2.2727, 48.8666], [2.2727, 48.8667], [2.2728, 48.8669], [2.2729, 48.8671], [2.2731, 48.8674], [2.2732, 48.8675], [2.2734, 48.8678], [2.2737, 48.8682], [2.2738, 48.8684], [2.2739, 48.8684], [2.2741, 48.8688]], [[2.2723, 48.8638], [2.2723, 48.8637], [2.2723, 48.8635], [2.2724, 48.8633], [2.2725, 48.8631], [2.2725, 48.8629], [2.2727, 48.8626], [2.2728, 48.8625], [2.2728, 48.8623], [2.2729, 48.8622]], [[2.2729, 48.8622], [2.2731, 48.862], [2.2732, 48.8619], [2.2733, 48.8618], [2.2734, 48.8616], [2.2735, 48.8614], [2.2736, 48.8613], [2.2737, 48.8611], [2.2738, 48.861]], [[2.2738, 48.861], [2.2739, 48.8609], [2.274, 48.8607], [2.2741, 48.8605], [2.2742, 48.8604], [2.2743, 48.8602], [2.2744, 48.8601], [2.2745, 48.8599], [2.2745, 48.8598]], [[2.2745, 48.8598], [2.2746, 48.8597], [2.2746, 48.8595], [2.2746, 48.8594], [2.2746, 48.8593], [2.2746, 48.8592], [2.2745, 48.859], [2.2745, 48.8588], [2.2744, 48.8585], [2.2743, 48.8583], [2.2743, 48.8582], [2.2743, 48.8581], [2.2744, 48.858], [2.2744, 48.8578], [2.2745, 48.8577], [2.2746, 48.8575], [2.2747, 48.8572], [2.2748, 48.857], [2.2749, 48.8569], [2.275, 48.8568], [2.2751, 48.8567], [2.2752, 48.8566], [2.2753, 48.8565], [2.2754, 48.8564], [2.2755, 48.8562], [2.2756, 48.8561], [2.2758, 48.856], [2.2759, 48.8559]], [[2.2759, 48.8559], [2.2767, 48.8554], [2.2777, 48.8547], [2.2782, 48.8545], [2.2787, 48.8542]], [[2.2787, 48.8542], [2.2802, 48.8533], [2.2804, 48.8531]], [[2.2804, 48.8531], [2.2806, 48.853], [2.2809, 48.8529], [2.281, 48.8528], [2.2812, 48.8527], [2.2813, 48.8527], [2.2816, 48.8526], [2.2819, 48.8526], [2.2827, 48.8524], [2.2829, 48.8523], [2.283, 48.8523], [2.2832, 48.8523], [2.2834, 48.8523], [2.2836, 48.8523], [2.2838, 48.8523], [2.284, 48.8523], [2.2842, 48.8523], [2.2844, 48.8523], [2.2845, 48.8523], [2.2847, 48.8523], [2.2849, 48.8523], [2.285, 48.8524], [2.2851, 48.8524], [2.2853, 48.8525], [2.2854, 48.8525], [2.2855, 48.8526], [2.2856, 48.8526], [2.2858, 48.8527], [2.2859, 48.8528]], [[2.2859, 48.8528], [2.2863, 48.8531]], [[2.2863, 48.8531], [2.2871, 48.8536]], [[2.2904, 48.8575], [2.2902, 48.8573], [2.2901, 48.8572], [2.29, 48.8571], [2.2898, 48.8569], [2.2897, 48.8567], [2.2892, 48.8556], [2.2888, 48.855], [2.2885, 48.8547], [2.2882, 48.8544], [2.2876, 48.8539], [2.2871, 48.8536]], [[2.2801, 48.8531], [2.2801, 48.8532], [2.28, 48.8532], [2.2799, 48.8533], [2.2798, 48.8533], [2.2794, 48.8536], [2.2793, 48.8537], [2.2791, 48.8538], [2.279, 48.8539], [2.2788, 48.854], [2.2786, 48.8541], [2.2786, 48.8542], [2.2792, 48.8538], [2.2796, 48.8535], [2.2802, 48.8532], [2.2803, 48.8531], [2.2804, 48.853], [2.2806, 48.8529], [2.2808, 48.8529], [2.2807, 48.8528], [2.2807, 48.8529], [2.2806, 48.8529], [2.2805, 48.853], [2.2804, 48.853], [2.2803, 48.853], [2.2802, 48.8531], [2.2801, 48.8531]], [[2.3074, 48.9338], [2.3075, 48.9337], [2.3075, 48.9336], [2.3076, 48.9336], [2.3078, 48.9332], [2.3084, 48.9318], [2.3077, 48.9331], [2.3074, 48.9338]], [[2.3021, 48.9526], [2.3022, 48.9526], [2.3022, 48.9528], [2.3022, 48.9529], [2.3023, 48.9531], [2.3023, 48.9532], [2.3023, 48.9533], [2.3023, 48.9534], [2.3023, 48.9535], [2.3023, 48.9537], [2.3023, 48.9538], [2.3023, 48.9539], [2.3023, 48.9541], [2.3023, 48.9542], [2.3023, 48.9543], [2.3022, 48.9543], [2.3022, 48.9542], [2.3022, 48.9541], [2.3021, 48.9541], [2.3021, 48.9542], [2.3021, 48.9541], [2.3022, 48.954], [2.3022, 48.9539], [2.3022, 48.9537], [2.3022, 48.9534], [2.3022, 48.9533], [2.3022, 48.9532], [2.3022, 48.9531], [2.3022, 48.9529], [2.3022, 48.9528], [2.3021, 48.9526]], [[2.2847, 48.9639], [2.2853, 48.9637], [2.2854, 48.9637], [2.2854, 48.9636], [2.2855, 48.9636], [2.2857, 48.9636], [2.2861, 48.9635], [2.2862, 48.9634], [2.2873, 48.9631], [2.2862, 48.9635], [2.2859, 48.9636], [2.2847, 48.9639]], [[2.2586, 48.9845], [2.2574, 48.985], [2.2571, 48.9851], [2.257, 48.9851], [2.2568, 48.9852], [2.2566, 48.9852], [2.2564, 48.9853], [2.2563, 48.9854], [2.2557, 48.9856], [2.2586, 48.9845]], [[2.1563, 49.0186], [2.1544, 49.0191], [2.1537, 49.0193], [2.1536, 49.0193], [2.1535, 49.0193], [2.1535, 49.0194], [2.1533, 49.0194], [2.1532, 49.0195], [2.1533, 49.0195], [2.1542, 49.0192], [2.1549, 49.019], [2.1555, 49.0189], [2.1563, 49.0186]], [[2.1291, 49.0332], [2.1284, 49.0338], [2.1273, 49.0348], [2.1281, 49.0341], [2.1281, 49.034], [2.1282, 49.034], [2.1282, 49.0339], [2.1283, 49.0338], [2.1284, 49.0337], [2.1291, 49.0331], [2.1291, 49.0332]], [[2.2905, 48.8574], [2.2903, 48.8573], [2.2902, 48.8572], [2.2901, 48.8571], [2.2899, 48.8569], [2.2898, 48.8566], [2.2897, 48.8564], [2.2895, 48.8561], [2.2893, 48.8556], [2.2892, 48.8554], [2.2889, 48.855], [2.2886, 48.8546], [2.2882, 48.8544], [2.2872, 48.8536]], [[2.2872, 48.8536], [2.2868, 48.8532], [2.2865, 48.853]], [[2.2865, 48.853], [2.2863, 48.8528], [2.2861, 48.8528], [2.286, 48.8527]], [[2.286, 48.8527], [2.2859, 48.8526], [2.2858, 48.8526], [2.2856, 48.8525], [2.2855, 48.8524], [2.2853, 48.8524], [2.2851, 48.8523], [2.285, 48.8523], [2.2849, 48.8523], [2.2847, 48.8523], [2.2845, 48.8523], [2.2844, 48.8522], [2.2842, 48.8522], [2.284, 48.8522], [2.2837, 48.8522], [2.2836, 48.8522], [2.2834, 48.8523], [2.2832, 48.8523], [2.283, 48.8523], [2.2829, 48.8523], [2.2827, 48.8523], [2.2819, 48.8525], [2.2816, 48.8526], [2.2813, 48.8527], [2.2812, 48.8527], [2.2811, 48.8527], [2.281, 48.8528], [2.2808, 48.8528], [2.2807, 48.8529], [2.2806, 48.853], [2.2804, 48.853], [2.2804, 48.8531]], [[2.2804, 48.8531], [2.2801, 48.8532], [2.2786, 48.8542]], [[2.2786, 48.8542], [2.2782, 48.8544], [2.2779, 48.8546], [2.2776, 48.8547], [2.2774, 48.8549], [2.277, 48.8552], [2.2766, 48.8554], [2.2764, 48.8556], [2.276, 48.8558], [2.2758, 48.8559], [2.2755, 48.8562], [2.2752, 48.8565], [2.2751, 48.8566], [2.275, 48.8567], [2.2748, 48.8569], [2.2748, 48.857], [2.2747, 48.8571], [2.2747, 48.8572], [2.2745, 48.8576], [2.2744, 48.8577], [2.2744, 48.8579], [2.2743, 48.858], [2.2743, 48.8581], [2.2743, 48.8582], [2.2743, 48.8584], [2.2743, 48.8585], [2.2744, 48.8587], [2.2744, 48.8589], [2.2745, 48.8591], [2.2745, 48.8592], [2.2745, 48.8593], [2.2745, 48.8595], [2.2745, 48.8596], [2.2745, 48.8597], [2.2744, 48.8598], [2.2744, 48.8599], [2.2743, 48.86], [2.2743, 48.8602], [2.2742, 48.8603], [2.274, 48.8605], [2.2739, 48.8606], [2.2738, 48.8608], [2.2737, 48.861], [2.2735, 48.8612], [2.2733, 48.8614], [2.2732, 48.8616], [2.273, 48.8618], [2.2728, 48.862], [2.2727, 48.8622], [2.2726, 48.8623], [2.2725, 48.8624], [2.2725, 48.8625], [2.2724, 48.8626], [2.2724, 48.8628], [2.2723, 48.8629], [2.2723, 48.8631], [2.2722, 48.8632], [2.2722, 48.8636], [2.2721, 48.8638], [2.2721, 48.8639], [2.2721, 48.864], [2.272, 48.8641], [2.272, 48.8642], [2.272, 48.8643], [2.272, 48.8644]], [[2.272, 48.8644], [2.272, 48.8645], [2.272, 48.8646], [2.272, 48.8647], [2.272, 48.8648], [2.272, 48.865], [2.272, 48.8651], [2.2721, 48.8652], [2.2721, 48.8653], [2.2721, 48.8654], [2.2721, 48.8655], [2.2721, 48.8656], [2.2721, 48.8657], [2.2722, 48.8658], [2.2722, 48.8659], [2.2722, 48.866], [2.2723, 48.8662], [2.2723, 48.8663], [2.2724, 48.8664], [2.2724, 48.8665], [2.2725, 48.8666], [2.2726, 48.8667], [2.2726, 48.8668], [2.2727, 48.867], [2.2728, 48.8671]], [[2.2738, 48.8684], [2.2737, 48.8683], [2.2735, 48.8681], [2.2734, 48.8679], [2.2732, 48.8676], [2.2729, 48.8672], [2.2728, 48.8671]], [[2.2738, 48.8684], [2.274, 48.8688], [2.2747, 48.8698], [2.2753, 48.8708], [2.2755, 48.871], [2.2758, 48.8714]], [[2.2758, 48.8714], [2.2762, 48.8719], [2.2779, 48.8738], [2.2783, 48.8742], [2.2786, 48.8745], [2.2789, 48.8747], [2.2792, 48.8749], [2.2795, 48.8751], [2.2799, 48.8753], [2.2803, 48.8754], [2.2807, 48.8756], [2.2815, 48.8758], [2.2819, 48.876], [2.2823, 48.8761], [2.2826, 48.8763], [2.2829, 48.8766], [2.2832, 48.8768], [2.2837, 48.8773]], [[2.2879, 48.88], [2.287, 48.8796], [2.2856, 48.8788], [2.285, 48.8785], [2.2844, 48.878], [2.2843, 48.8779], [2.2841, 48.8778], [2.284, 48.8776], [2.2839, 48.8775], [2.2837, 48.8773]], [[2.3004, 48.8865], [2.3002, 48.8864], [2.2999, 48.8863], [2.2996, 48.8862], [2.2993, 48.8861], [2.2989, 48.8859], [2.2988, 48.8858], [2.2984, 48.8856], [2.298, 48.8854], [2.2972, 48.885], [2.2965, 48.8846], [2.2956, 48.8841], [2.2937, 48.883], [2.2917, 48.882], [2.29, 48.8811], [2.2887, 48.8804], [2.2879, 48.88]], [[2.3008, 48.8867], [2.3007, 48.8866], [2.3006, 48.8865], [2.3004, 48.8865]], [[2.3024, 48.8886], [2.3023, 48.8884], [2.3018, 48.8876], [2.3016, 48.8873], [2.3014, 48.8871], [2.3013, 48.887], [2.3011, 48.8868], [2.3009, 48.8867], [2.3008, 48.8867]], [[2.3024, 48.8886], [2.3027, 48.8888], [2.3029, 48.889], [2.3031, 48.8892], [2.3032, 48.8893], [2.3034, 48.8895], [2.3036, 48.8896], [2.3038, 48.8897], [2.3047, 48.8901], [2.3073, 48.8914], [2.3088, 48.8921]], [[2.3088, 48.8921], [2.309, 48.8922]], [[2.309, 48.8922], [2.3099, 48.8927], [2.3108, 48.8931], [2.3117, 48.8934], [2.3132, 48.8937], [2.3141, 48.8939], [2.3155, 48.8942], [2.3164, 48.8943], [2.3173, 48.8945], [2.3186, 48.895], [2.3202, 48.8955], [2.3209, 48.8957], [2.3211, 48.8958], [2.3214, 48.896], [2.3218, 48.8961], [2.3225, 48.8967], [2.3227, 48.8969], [2.3228, 48.897], [2.323, 48.8972], [2.3235, 48.8978], [2.3235, 48.8979], [2.3235, 48.898], [2.3237, 48.899], [2.3237, 48.8991]], [[2.3237, 48.8991], [2.3237, 48.8992], [2.3234, 48.9008], [2.323, 48.9032], [2.3229, 48.9037], [2.3228, 48.9041], [2.3227, 48.9045], [2.3227, 48.9046], [2.3226, 48.9048], [2.3224, 48.9053], [2.3223, 48.9058], [2.3217, 48.9072], [2.3212, 48.9085], [2.3209, 48.909], [2.3207, 48.9093], [2.3206, 48.9095]], [[2.3206, 48.9095], [2.3205, 48.9096], [2.3204, 48.9097], [2.3202, 48.91], [2.32, 48.9102], [2.3199, 48.9104], [2.3198, 48.9106], [2.3197, 48.9107], [2.3195, 48.9109], [2.3195, 48.911], [2.3194, 48.9112]], [[2.3194, 48.9112], [2.3193, 48.9114], [2.3192, 48.9115], [2.3191, 48.9117], [2.3191, 48.9118], [2.319, 48.9121]], [[2.319, 48.9121], [2.3189, 48.9121], [2.3187, 48.9128], [2.3187, 48.9129]], [[2.3187, 48.9129], [2.3186, 48.913], [2.3185, 48.9132], [2.3184, 48.9134], [2.3183, 48.9137], [2.3181, 48.914], [2.318, 48.9141]], [[2.318, 48.9141], [2.3177, 48.9146], [2.3174, 48.9149], [2.3172, 48.9153], [2.3166, 48.916]], [[2.3166, 48.916], [2.3166, 48.9161], [2.3163, 48.9165], [2.3159, 48.9171], [2.3156, 48.9175]], [[2.3156, 48.9175], [2.3155, 48.9176]], [[2.3155, 48.9176], [2.3154, 48.9178], [2.3153, 48.9179], [2.3151, 48.9183], [2.3149, 48.9187], [2.3146, 48.9192], [2.3144, 48.9196], [2.3144, 48.9197], [2.3143, 48.9198]], [[2.3143, 48.9198], [2.3142, 48.92]], [[2.3142, 48.92], [2.3138, 48.9209], [2.3133, 48.9219], [2.3132, 48.9222], [2.3131, 48.9224]], [[2.3129, 48.9228], [2.3123, 48.924], [2.311, 48.9266], [2.3103, 48.928], [2.3097, 48.9293]], [[2.3097, 48.9293], [2.3095, 48.9297]], [[2.3095, 48.9297], [2.3091, 48.9305], [2.309, 48.9307], [2.3086, 48.9316], [2.3085, 48.9316], [2.3084, 48.932], [2.3082, 48.9323], [2.3081, 48.9326], [2.3079, 48.9329], [2.3078, 48.9332]], [[2.3076, 48.9336], [2.3071, 48.9345], [2.3067, 48.9354], [2.3052, 48.9385], [2.305, 48.9388]], [[2.305, 48.9388], [2.3049, 48.9391], [2.3048, 48.9393]], [[2.3048, 48.9393], [2.3044, 48.9401], [2.3044, 48.9402], [2.3039, 48.9412]], [[2.3039, 48.9412], [2.3038, 48.9412]], [[2.3038, 48.9412], [2.3036, 48.9418], [2.3032, 48.9425], [2.3031, 48.9427]], [[2.3031, 48.9427], [2.303, 48.943]], [[2.303, 48.943], [2.3029, 48.9431], [2.3028, 48.9433], [2.3027, 48.9435], [2.3024, 48.9441], [2.3022, 48.9446], [2.3019, 48.9452], [2.3018, 48.9455], [2.3017, 48.9458], [2.3016, 48.946], [2.3016, 48.9461]], [[2.3015, 48.9464], [2.3014, 48.9466], [2.3014, 48.9468], [2.3013, 48.9472], [2.3013, 48.9476], [2.3013, 48.9481], [2.3013, 48.9483], [2.3013, 48.9485], [2.3013, 48.9487], [2.3014, 48.9491], [2.3014, 48.9493]], [[2.3014, 48.9493], [2.3016, 48.95], [2.3016, 48.9502], [2.3021, 48.952], [2.3021, 48.9523], [2.3022, 48.9526]], [[2.3022, 48.9526], [2.3022, 48.9528], [2.3023, 48.9529], [2.3023, 48.9531], [2.3023, 48.9532], [2.3023, 48.9533], [2.3023, 48.9534], [2.3023, 48.9535], [2.3023, 48.9537], [2.3023, 48.9538], [2.3023, 48.9539], [2.3023, 48.9541], [2.3023, 48.9542], [2.3023, 48.9546]], [[2.3023, 48.9546], [2.3022, 48.9547], [2.3022, 48.9549], [2.3022, 48.955], [2.3022, 48.9551], [2.3022, 48.9552], [2.3022, 48.9554], [2.3021, 48.9554], [2.3021, 48.9555], [2.3021, 48.9556], [2.3021, 48.9557], [2.3021, 48.9558], [2.302, 48.9558], [2.302, 48.9559], [2.302, 48.956], [2.3019, 48.9561], [2.3019, 48.9562], [2.3018, 48.9563], [2.3017, 48.9565], [2.3017, 48.9566], [2.3016, 48.9567], [2.3015, 48.9568], [2.3014, 48.957], [2.3013, 48.9571], [2.3012, 48.9572], [2.3011, 48.9573], [2.301, 48.9574], [2.3008, 48.9575], [2.3007, 48.9576], [2.3006, 48.9577], [2.3005, 48.9578], [2.3004, 48.9579], [2.3003, 48.958], [2.3002, 48.958], [2.3, 48.9582], [2.2998, 48.9583], [2.2996, 48.9584], [2.2994, 48.9585], [2.2993, 48.9586], [2.2992, 48.9587], [2.2991, 48.9588], [2.2989, 48.9589], [2.2981, 48.9594], [2.2978, 48.9596], [2.2976, 48.9597], [2.2975, 48.9598], [2.2973, 48.9599], [2.2971, 48.96], [2.2968, 48.9601], [2.2966, 48.9602], [2.2963, 48.9603], [2.2961, 48.9604], [2.2958, 48.9605], [2.2956, 48.9606], [2.2953, 48.9607], [2.2951, 48.9607], [2.2949, 48.9608], [2.2939, 48.9611]], [[2.2939, 48.9611], [2.2874, 48.9631], [2.2859, 48.9636], [2.285, 48.9639], [2.2848, 48.9639], [2.2844, 48.964], [2.2835, 48.9643], [2.2833, 48.9644], [2.2831, 48.9644], [2.2829, 48.9645]], [[2.2826, 48.9646], [2.2824, 48.9647], [2.2822, 48.9648], [2.282, 48.9648], [2.2817, 48.965], [2.2815, 48.965], [2.2813, 48.9652], [2.2811, 48.9652], [2.2809, 48.9653], [2.2807, 48.9654], [2.2805, 48.9656], [2.2804, 48.9657], [2.2802, 48.9658], [2.2801, 48.9659]], [[2.2801, 48.9659], [2.2799, 48.966], [2.2797, 48.9661]], [[2.2797, 48.9661], [2.2796, 48.9663], [2.2795, 48.9664], [2.2794, 48.9665], [2.2792, 48.9666], [2.2791, 48.9668], [2.279, 48.9669], [2.2789, 48.9671], [2.2788, 48.9672], [2.2787, 48.9674], [2.2786, 48.9676], [2.2786, 48.9678], [2.2785, 48.968], [2.2785, 48.9681], [2.2784, 48.9683], [2.2784, 48.9684], [2.2784, 48.9686], [2.2784, 48.9688], [2.2784, 48.9689], [2.2784, 48.969], [2.2784, 48.9692], [2.2784, 48.9694], [2.2784, 48.9696], [2.2785, 48.9697], [2.2785, 48.9699], [2.2786, 48.97], [2.2786, 48.9702], [2.2787, 48.9703], [2.2788, 48.9705], [2.2789, 48.9706], [2.279, 48.9708], [2.2791, 48.9709], [2.2793, 48.9711], [2.2797, 48.9716]], [[2.2797, 48.9716], [2.2808, 48.9728], [2.2812, 48.9733], [2.2815, 48.9736], [2.2816, 48.9738], [2.2818, 48.9739], [2.2819, 48.9741], [2.282, 48.9742], [2.282, 48.9743], [2.2821, 48.9744], [2.2822, 48.9746], [2.2822, 48.9747], [2.2823, 48.975], [2.2824, 48.9751], [2.2824, 48.9752], [2.2824, 48.9754], [2.2824, 48.9755], [2.2824, 48.9757], [2.2824, 48.9759], [2.2824, 48.976], [2.2824, 48.9761], [2.2824, 48.9763], [2.2824, 48.9764], [2.2824, 48.9766]], [[2.2824, 48.9766], [2.2823, 48.9767], [2.2823, 48.9769], [2.2822, 48.977], [2.2822, 48.9772]], [[2.2822, 48.9772], [2.2821, 48.9773], [2.282, 48.9775], [2.2819, 48.9777], [2.2818, 48.9778], [2.2817, 48.9779], [2.2816, 48.9781], [2.2814, 48.9782], [2.2813, 48.9783]], [[2.2813, 48.9783], [2.2813, 48.9784]], [[2.2813, 48.9784], [2.2811, 48.9785], [2.281, 48.9786], [2.2809, 48.9787], [2.2808, 48.9788], [2.2807, 48.9789], [2.2806, 48.979], [2.2804, 48.9791], [2.2802, 48.9792], [2.28, 48.9793], [2.2799, 48.9794], [2.2796, 48.9795], [2.2793, 48.9796], [2.2792, 48.9797], [2.279, 48.9798], [2.2787, 48.9799], [2.2786, 48.9799], [2.2784, 48.98], [2.2783, 48.98], [2.2781, 48.9801], [2.2779, 48.9801], [2.2778, 48.9801], [2.2776, 48.9802], [2.2775, 48.9802], [2.2773, 48.9802]], [[2.2773, 48.9802], [2.277, 48.9803], [2.2769, 48.9803], [2.2767, 48.9803]], [[2.2767, 48.9803], [2.2764, 48.9803], [2.2763, 48.9803], [2.2762, 48.9803], [2.2761, 48.9804], [2.2753, 48.9804], [2.2744, 48.9804], [2.2743, 48.9804]], [[2.2743, 48.9804], [2.2736, 48.9804], [2.2725, 48.9805], [2.2722, 48.9805], [2.2719, 48.9805], [2.2714, 48.9805], [2.271, 48.9806], [2.2707, 48.9806]], [[2.2707, 48.9806], [2.2703, 48.9807]], [[2.2703, 48.9807], [2.2695, 48.9808], [2.2692, 48.9809], [2.2687, 48.981], [2.2681, 48.9811], [2.2676, 48.9813], [2.2673, 48.9813], [2.267, 48.9814], [2.2668, 48.9815], [2.2663, 48.9817], [2.2657, 48.9819], [2.2651, 48.9821], [2.2621, 48.9832]], [[2.2621, 48.9832], [2.2612, 48.9836], [2.2603, 48.9839], [2.2601, 48.984], [2.259, 48.9844]], [[2.259, 48.9844], [2.257, 48.9852], [2.2567, 48.9853]], [[2.2564, 48.9854], [2.2556, 48.9857], [2.2549, 48.9859], [2.2541, 48.9863], [2.2534, 48.9865], [2.2527, 48.9868], [2.251, 48.9874], [2.2488, 48.9882]], [[2.2488, 48.9882], [2.2485, 48.9883]], [[2.2485, 48.9883], [2.2435, 48.9902], [2.2425, 48.9906], [2.2371, 48.9926], [2.2361, 48.993], [2.2351, 48.9934], [2.2335, 48.994], [2.2305, 48.9951], [2.2222, 48.9982], [2.2196, 48.9992], [2.2183, 48.9997], [2.2164, 49.0004], [2.2132, 49.0016], [2.2112, 49.0023], [2.2107, 49.0026], [2.2101, 49.0028], [2.2095, 49.003], [2.2086, 49.0033], [2.207, 49.0039], [2.2064, 49.0042], [2.2037, 49.0052], [2.2027, 49.0055], [2.2008, 49.0062], [2.2004, 49.0064], [2.2001, 49.0065]], [[2.2001, 49.0065], [2.1994, 49.0067], [2.199, 49.0069], [2.1987, 49.007], [2.1981, 49.0072], [2.1976, 49.0073]], [[2.1976, 49.0073], [2.1962, 49.0077], [2.1955, 49.008], [2.1949, 49.0081], [2.1946, 49.0082], [2.1937, 49.0084], [2.1934, 49.0085], [2.193, 49.0086], [2.1922, 49.0089]], [[2.1922, 49.0089], [2.1908, 49.0092], [2.189, 49.0097], [2.1882, 49.0099], [2.1862, 49.0104], [2.185, 49.0108], [2.1841, 49.011], [2.1831, 49.0113], [2.1812, 49.0119], [2.1791, 49.0125], [2.1768, 49.0131], [2.1747, 49.0137], [2.1716, 49.0145], [2.1692, 49.0152], [2.1691, 49.0152], [2.1682, 49.0154], [2.1662, 49.016], [2.1657, 49.0161], [2.1646, 49.0164], [2.1642, 49.0165], [2.1631, 49.0168], [2.1623, 49.017], [2.1608, 49.0175], [2.1603, 49.0176], [2.1591, 49.0179], [2.1585, 49.0181], [2.1574, 49.0184], [2.1556, 49.0189], [2.1536, 49.0194], [2.1524, 49.0197], [2.1508, 49.0202], [2.1502, 49.0203], [2.1496, 49.0205], [2.149, 49.0208]], [[2.149, 49.0208], [2.1485, 49.0209]], [[2.1485, 49.0209], [2.148, 49.0211], [2.1474, 49.0214], [2.1468, 49.0216], [2.1463, 49.0219], [2.1457, 49.0221], [2.145, 49.0225], [2.1439, 49.023], [2.1422, 49.0239], [2.1407, 49.0246], [2.1389, 49.0255], [2.1382, 49.0258], [2.1379, 49.026], [2.1375, 49.0262], [2.137, 49.0264], [2.1367, 49.0267], [2.1362, 49.0269], [2.1356, 49.0274], [2.1354, 49.0275], [2.135, 49.0278], [2.1348, 49.028], [2.1343, 49.0284], [2.134, 49.0288], [2.1334, 49.0293], [2.133, 49.0296], [2.1327, 49.0299], [2.1323, 49.0303], [2.1319, 49.0306], [2.1316, 49.0309], [2.1311, 49.0314], [2.1307, 49.0317], [2.1304, 49.032], [2.1301, 49.0323], [2.1294, 49.0329], [2.1285, 49.0338], [2.1282, 49.034], [2.1281, 49.0341], [2.128, 49.0342], [2.1279, 49.0343], [2.1277, 49.0345], [2.1274, 49.0348], [2.1271, 49.035], [2.1269, 49.0353], [2.1266, 49.0356], [2.1263, 49.0358], [2.126, 49.036], [2.1258, 49.0363], [2.1255, 49.0365], [2.1254, 49.0366], [2.1252, 49.0368]], [[2.1252, 49.0368], [2.1251, 49.037], [2.125, 49.0371], [2.1248, 49.0373], [2.1247, 49.0375], [2.1245, 49.0377], [2.1244, 49.0379], [2.1241, 49.0384]], [[2.1241, 49.0384], [2.124, 49.0385]], [[2.124, 49.0385], [2.1237, 49.0389], [2.1236, 49.039], [2.1234, 49.0393], [2.1233, 49.0395], [2.1232, 49.0396], [2.1231, 49.0398], [2.1231, 49.0399], [2.1229, 49.0401], [2.1227, 49.0403], [2.1226, 49.0404], [2.1224, 49.0407], [2.1222, 49.0409], [2.1221, 49.041], [2.1218, 49.0413], [2.1218, 49.0414], [2.1217, 49.0415], [2.1216, 49.0415], [2.1215, 49.0416], [2.1215, 49.0417], [2.1213, 49.0418], [2.1211, 49.042], [2.121, 49.0421], [2.1209, 49.0422], [2.1207, 49.0423], [2.1205, 49.0425], [2.1203, 49.0426], [2.1202, 49.0427], [2.1201, 49.0428], [2.12, 49.0428], [2.1199, 49.0429], [2.1197, 49.043], [2.1195, 49.0431], [2.1194, 49.0432], [2.1192, 49.0433], [2.119, 49.0434], [2.1188, 49.0435], [2.1186, 49.0436], [2.1184, 49.0438], [2.1181, 49.0439], [2.118, 49.044], [2.1178, 49.044], [2.1177, 49.0441], [2.1175, 49.0442], [2.1174, 49.0442], [2.1172, 49.0443], [2.1171, 49.0443], [2.117, 49.0444], [2.1168, 49.0444], [2.1167, 49.0445], [2.1166, 49.0445], [2.1164, 49.0446], [2.1163, 49.0446], [2.1162, 49.0446], [2.1161, 49.0447], [2.116, 49.0447], [2.1159, 49.0448], [2.1157, 49.0448], [2.1156, 49.0448], [2.1155, 49.0449], [2.1154, 49.0449], [2.1152, 49.0449], [2.1152, 49.045], [2.1151, 49.045], [2.115, 49.045], [2.1146, 49.0451], [2.1144, 49.0451], [2.1142, 49.0452], [2.114, 49.0452], [2.1139, 49.0452], [2.1138, 49.0453], [2.1136, 49.0453], [2.1134, 49.0453], [2.1133, 49.0454], [2.1131, 49.0454], [2.1129, 49.0454], [2.1127, 49.0454], [2.1125, 49.0455], [2.1124, 49.0455], [2.1123, 49.0455], [2.1121, 49.0455], [2.1119, 49.0455], [2.1117, 49.0455], [2.1116, 49.0455], [2.1115, 49.0455], [2.1114, 49.0456], [2.1112, 49.0456], [2.1111, 49.0456], [2.1109, 49.0456], [2.1107, 49.0456], [2.1105, 49.0456], [2.1104, 49.0456], [2.1102, 49.0456], [2.1099, 49.0455], [2.1097, 49.0455], [2.1095, 49.0455]], [[2.1095, 49.0455], [2.1093, 49.0455], [2.1091, 49.0455], [2.109, 49.0455], [2.1088, 49.0455], [2.1086, 49.0454], [2.1085, 49.0454], [2.1084, 49.0454], [2.1083, 49.0454], [2.1079, 49.0454], [2.1076, 49.0454], [2.1073, 49.0453]], [[2.1073, 49.0453], [2.1069, 49.0453]], [[2.1069, 49.0453], [2.1064, 49.0453], [2.1062, 49.0453], [2.106, 49.0452], [2.1059, 49.0452], [2.1057, 49.0452], [2.1056, 49.0452], [2.1054, 49.0452], [2.1052, 49.0452], [2.105, 49.0452], [2.1049, 49.0452], [2.1047, 49.0452], [2.1045, 49.0452]], [[2.1045, 49.0452], [2.1044, 49.0452]], [[2.1044, 49.0452], [2.1042, 49.0453], [2.1041, 49.0453], [2.1038, 49.0453], [2.1035, 49.0453], [2.1033, 49.0453], [2.103, 49.0453], [2.1029, 49.0453], [2.1027, 49.0454], [2.1026, 49.0454], [2.1024, 49.0454], [2.1023, 49.0454], [2.1022, 49.0454], [2.1021, 49.0454], [2.102, 49.0455], [2.1018, 49.0455], [2.1012, 49.0456]], [[2.1012, 49.0456], [2.1001, 49.0458]], [[2.1001, 49.0458], [2.0993, 49.046]], [[2.0992, 49.046], [2.0986, 49.0461], [2.0984, 49.0462], [2.0979, 49.0463], [2.0974, 49.0464]], [[2.4099, 48.7812], [2.4097, 48.7823], [2.4097, 48.7824], [2.4096, 48.7826], [2.4096, 48.7829], [2.4095, 48.7832], [2.4096, 48.7832], [2.4097, 48.7828], [2.4098, 48.7826], [2.4097, 48.7826], [2.4097, 48.7824], [2.4098, 48.7824], [2.4098, 48.7823], [2.4097, 48.7823], [2.4098, 48.7821], [2.4099, 48.7821], [2.4099, 48.7816], [2.41, 48.7812], [2.4099, 48.7812]], [[2.3084, 48.8628], [2.3059, 48.8627], [2.3045, 48.8627], [2.3034, 48.8627], [2.3024, 48.8627], [2.302, 48.8627], [2.3012, 48.8627], [2.3009, 48.8626], [2.3007, 48.8626], [2.3004, 48.8626], [2.3001, 48.8626], [2.3, 48.8626], [2.2998, 48.8625], [2.2996, 48.8625], [2.2994, 48.8625], [2.2992, 48.8624], [2.2988, 48.8624], [2.2983, 48.8622], [2.2979, 48.8621], [2.2978, 48.8621], [2.2972, 48.8619], [2.2969, 48.8617], [2.2965, 48.8616], [2.2962, 48.8614], [2.2958, 48.8612], [2.2951, 48.8607], [2.2926, 48.859], [2.2908, 48.8578], [2.2904, 48.8575]], [[2.3134, 48.8627], [2.3128, 48.8627], [2.3122, 48.8627], [2.311, 48.8627], [2.3084, 48.8628]], [[2.317, 48.8629], [2.3141, 48.8628], [2.3134, 48.8627]], [[2.3233, 48.8614], [2.3216, 48.8619], [2.3208, 48.8621], [2.3204, 48.8623], [2.3202, 48.8623], [2.32, 48.8624], [2.3198, 48.8624], [2.3196, 48.8625], [2.3192, 48.8625], [2.3182, 48.8627], [2.3177, 48.8628], [2.3173, 48.8629], [2.317, 48.8629]], [[2.3233, 48.8614], [2.3255, 48.8607], [2.3261, 48.8606]], [[2.3261, 48.8606], [2.328, 48.86], [2.3282, 48.8599], [2.3303, 48.8593]], [[2.3436, 48.8541], [2.3432, 48.8544], [2.3425, 48.8547], [2.3403, 48.8563], [2.3392, 48.857], [2.3386, 48.8573], [2.3383, 48.8574], [2.338, 48.8575], [2.3376, 48.8576], [2.3372, 48.8577], [2.3367, 48.8578], [2.3363, 48.8579], [2.3359, 48.8579], [2.3354, 48.8579], [2.335, 48.8579], [2.3346, 48.858], [2.3338, 48.8582], [2.3335, 48.8583], [2.333, 48.8584], [2.3316, 48.8589], [2.3312, 48.859], [2.3303, 48.8593]], [[2.3581, 48.849], [2.3579, 48.8491], [2.3577, 48.8492], [2.3574, 48.8493], [2.3567, 48.8495], [2.3546, 48.8502], [2.3517, 48.8511], [2.3513, 48.8512], [2.3511, 48.8513], [2.3501, 48.8517], [2.3482, 48.8524], [2.348, 48.8525], [2.3471, 48.853], [2.3469, 48.853]], [[2.3655, 48.8424], [2.3659, 48.8419]], [[2.3659, 48.8419], [2.3662, 48.8415], [2.3666, 48.8411], [2.367, 48.8406]], [[2.3687, 48.8387], [2.3682, 48.8392], [2.3679, 48.8397], [2.3675, 48.8401], [2.367, 48.8406]], [[2.3687, 48.8387], [2.3689, 48.8384], [2.3694, 48.8379], [2.3697, 48.8375], [2.3706, 48.8366], [2.3714, 48.8358], [2.3722, 48.835]], [[2.3722, 48.835], [2.3724, 48.8347], [2.3726, 48.8345], [2.3729, 48.8342], [2.3731, 48.834], [2.3734, 48.8336], [2.3736, 48.8332], [2.3738, 48.833]], [[2.3738, 48.833], [2.3741, 48.8326], [2.3748, 48.8319], [2.3751, 48.8315]], [[2.3751, 48.8315], [2.3753, 48.8313]], [[2.3753, 48.8313], [2.3763, 48.8305], [2.3767, 48.8301]], [[2.3767, 48.8301], [2.3771, 48.8297], [2.3775, 48.8293], [2.3778, 48.829], [2.3779, 48.8289], [2.3781, 48.8286]], [[2.3781, 48.8286], [2.3786, 48.8281]], [[2.3786, 48.8281], [2.3792, 48.8275], [2.3797, 48.827], [2.3797, 48.8269], [2.3799, 48.8267], [2.3802, 48.8263], [2.3804, 48.826], [2.3807, 48.8257]], [[2.3807, 48.8257], [2.3812, 48.8253]], [[2.3812, 48.8253], [2.3813, 48.8252], [2.3814, 48.8251], [2.3816, 48.8249], [2.3818, 48.8247], [2.382, 48.8245], [2.3823, 48.8241], [2.3825, 48.8239]], [[2.3825, 48.8239], [2.3827, 48.8236]], [[2.3827, 48.8236], [2.3828, 48.8235], [2.3829, 48.8234], [2.3831, 48.8232], [2.3834, 48.8229], [2.3841, 48.8221]], [[2.3841, 48.8221], [2.3842, 48.822], [2.3855, 48.8207], [2.3864, 48.8197], [2.3872, 48.8189], [2.3873, 48.8187], [2.3875, 48.8185], [2.388, 48.818], [2.3884, 48.8176], [2.3891, 48.8168], [2.39, 48.8158], [2.3902, 48.8156], [2.3904, 48.8154], [2.3906, 48.8153], [2.3911, 48.8147], [2.3913, 48.8145], [2.3917, 48.8141], [2.3929, 48.8128]], [[2.3929, 48.8128], [2.3929, 48.8127]], [[2.3929, 48.8127], [2.3937, 48.812], [2.3939, 48.8118], [2.394, 48.8117], [2.3945, 48.8111], [2.395, 48.8106], [2.3951, 48.8105], [2.3963, 48.8092], [2.3968, 48.8087], [2.3972, 48.8083], [2.3976, 48.8078], [2.3983, 48.807], [2.3988, 48.8063], [2.3992, 48.8059], [2.3994, 48.8056], [2.3996, 48.8053], [2.4001, 48.8047], [2.4002, 48.8045]], [[2.4002, 48.8045], [2.4002, 48.8044]], [[2.4002, 48.8044], [2.4008, 48.8036], [2.4013, 48.8029], [2.4015, 48.8025], [2.4017, 48.8022], [2.4021, 48.8014]], [[2.4021, 48.8014], [2.4024, 48.801]], [[2.4024, 48.801], [2.4026, 48.8006], [2.4029, 48.8], [2.4034, 48.7992], [2.4034, 48.7991], [2.4037, 48.7987], [2.404, 48.7982], [2.4044, 48.7974], [2.4046, 48.7971], [2.4048, 48.7968], [2.4052, 48.796], [2.4053, 48.7958], [2.4054, 48.7955], [2.4056, 48.7952], [2.4057, 48.7951], [2.4057, 48.795], [2.4058, 48.7949], [2.4059, 48.7946], [2.4061, 48.7942], [2.4064, 48.7934], [2.4067, 48.7927], [2.4068, 48.7924], [2.407, 48.7919], [2.4072, 48.7916], [2.4074, 48.791], [2.4076, 48.7905], [2.4077, 48.79], [2.4078, 48.7896], [2.4079, 48.7894], [2.4081, 48.7889], [2.4083, 48.7883], [2.4084, 48.7879], [2.4086, 48.7872], [2.4088, 48.7866], [2.4089, 48.7861], [2.409, 48.7856], [2.4092, 48.7848], [2.4094, 48.7836], [2.4095, 48.7832]], [[2.4095, 48.7832], [2.4095, 48.783], [2.4096, 48.7826], [2.4097, 48.7822], [2.4097, 48.7818], [2.4098, 48.7812]], [[2.4098, 48.7812], [2.4099, 48.781], [2.4099, 48.7807], [2.4099, 48.7805], [2.4099, 48.7803], [2.41, 48.7799], [2.41, 48.7795], [2.4101, 48.7787], [2.4101, 48.7782], [2.4102, 48.7777], [2.4102, 48.7771], [2.4103, 48.7766], [2.4103, 48.7761], [2.4103, 48.7759], [2.4104, 48.7752], [2.4104, 48.7748], [2.4104, 48.7743], [2.4105, 48.7742], [2.4105, 48.774], [2.4105, 48.7739], [2.4105, 48.7734], [2.4106, 48.773], [2.4106, 48.7723], [2.4106, 48.7718], [2.4107, 48.7713], [2.4107, 48.7708], [2.4107, 48.7703], [2.4107, 48.7699], [2.4107, 48.7697], [2.4108, 48.7693], [2.4108, 48.7688], [2.4109, 48.7684], [2.4109, 48.7675], [2.411, 48.7673], [2.411, 48.7669], [2.411, 48.7666], [2.4111, 48.7664], [2.4111, 48.7658], [2.4111, 48.7655], [2.4112, 48.7653]], [[2.4112, 48.7653], [2.4112, 48.7651], [2.4112, 48.7648], [2.4113, 48.7646], [2.4113, 48.7642]], [[2.4092, 48.7832], [2.4092, 48.7831], [2.4093, 48.7829], [2.4093, 48.7828], [2.4093, 48.7826], [2.4094, 48.7826], [2.4094, 48.7824], [2.4094, 48.7823], [2.4095, 48.7821], [2.4094, 48.7821], [2.4094, 48.7819], [2.4095, 48.7813], [2.4095, 48.7812], [2.4096, 48.7812], [2.4095, 48.7824], [2.4094, 48.7829], [2.4093, 48.7832], [2.4092, 48.7832]], [[2.4032, 48.7991], [2.4029, 48.7997], [2.4024, 48.8006], [2.402, 48.8013], [2.4022, 48.8009], [2.4022, 48.8008], [2.4022, 48.8007], [2.4023, 48.8007], [2.4023, 48.8006], [2.4023, 48.8005], [2.4024, 48.8005], [2.4024, 48.8004], [2.4024, 48.8003], [2.4025, 48.8003], [2.4025, 48.8002], [2.4026, 48.8], [2.4027, 48.7999], [2.4031, 48.7992], [2.4032, 48.7992], [2.4032, 48.7991]], [[2.4112, 48.7642], [2.4111, 48.7646], [2.4111, 48.7648], [2.411, 48.7653]], [[2.411, 48.7653], [2.4109, 48.7659], [2.4109, 48.7667], [2.4108, 48.767], [2.4108, 48.7677], [2.4107, 48.768], [2.4107, 48.7684], [2.4107, 48.7688], [2.4106, 48.7693], [2.4106, 48.7699], [2.4105, 48.7703], [2.4105, 48.7708], [2.4105, 48.771], [2.4105, 48.7713], [2.4105, 48.7718], [2.4104, 48.7723], [2.4104, 48.773], [2.4104, 48.7734], [2.4103, 48.774], [2.4103, 48.7742], [2.4102, 48.7747], [2.4102, 48.775], [2.4102, 48.7755], [2.4102, 48.7758], [2.4101, 48.7761], [2.4101, 48.7771], [2.41, 48.7775], [2.41, 48.7778], [2.41, 48.7783], [2.4099, 48.7787], [2.4099, 48.7795], [2.4098, 48.7799], [2.4098, 48.7803], [2.4097, 48.7807], [2.4097, 48.781], [2.4097, 48.7812]], [[2.4097, 48.7812], [2.4096, 48.7818], [2.4095, 48.7821], [2.4094, 48.7826], [2.4094, 48.783], [2.4093, 48.7832]], [[2.4093, 48.7832], [2.4093, 48.7834], [2.4093, 48.7836], [2.409, 48.7847], [2.4088, 48.7855], [2.4087, 48.7861], [2.4086, 48.7866], [2.4084, 48.7871], [2.4082, 48.7878], [2.4081, 48.7883], [2.4079, 48.7889], [2.4078, 48.7893], [2.4077, 48.7896], [2.4076, 48.7899], [2.4074, 48.7904], [2.4072, 48.791], [2.407, 48.7915], [2.4069, 48.7919], [2.4068, 48.7922], [2.4067, 48.7923], [2.4066, 48.7926], [2.4064, 48.793], [2.4063, 48.7933], [2.4061, 48.7936], [2.4059, 48.7941], [2.4058, 48.7943], [2.4056, 48.7948], [2.4055, 48.795], [2.4055, 48.7952], [2.4053, 48.7954], [2.4051, 48.7958], [2.405, 48.796], [2.4049, 48.7962], [2.4048, 48.7964], [2.4042, 48.7975], [2.4038, 48.7982], [2.4036, 48.7986], [2.4033, 48.7991], [2.4028, 48.8], [2.4024, 48.8006], [2.4023, 48.8009]], [[2.4023, 48.8009], [2.402, 48.8014]], [[2.402, 48.8014], [2.4018, 48.8017], [2.4015, 48.8021], [2.4012, 48.8025], [2.401, 48.8028], [2.4009, 48.803], [2.4007, 48.8032], [2.4005, 48.8035], [2.3999, 48.8044]], [[2.3999, 48.8044], [2.3998, 48.8045], [2.3994, 48.8051], [2.3992, 48.8054], [2.3989, 48.8057], [2.3985, 48.8062], [2.3981, 48.8068], [2.3976, 48.8073], [2.3973, 48.8077], [2.3969, 48.8082], [2.3966, 48.8085], [2.3961, 48.8091], [2.3956, 48.8097], [2.3951, 48.8102], [2.3948, 48.8105], [2.3938, 48.8117], [2.3934, 48.8121], [2.3928, 48.8127]], [[2.3928, 48.8127], [2.3927, 48.8128]], [[2.3927, 48.8128], [2.3919, 48.8137], [2.3915, 48.8141], [2.3912, 48.8145], [2.3909, 48.8147], [2.3905, 48.8152], [2.3899, 48.8158], [2.3891, 48.8166], [2.3887, 48.817], [2.3879, 48.8179], [2.3872, 48.8187], [2.3866, 48.8192], [2.3861, 48.8198], [2.386, 48.82], [2.3841, 48.8219]], [[2.3841, 48.8219], [2.3832, 48.8229], [2.383, 48.8232], [2.3828, 48.8233], [2.3827, 48.8234], [2.3826, 48.8235]], [[2.3826, 48.8235], [2.3824, 48.8238]], [[2.3824, 48.8238], [2.3822, 48.8241], [2.3819, 48.8244], [2.3817, 48.8246], [2.3815, 48.8248], [2.3813, 48.825], [2.3811, 48.8251], [2.381, 48.8252]], [[2.381, 48.8252], [2.3805, 48.8256]], [[2.3805, 48.8256], [2.3804, 48.8258], [2.38, 48.8262], [2.3796, 48.8267], [2.3795, 48.8269], [2.3791, 48.8272], [2.379, 48.8273], [2.3784, 48.828]], [[2.3784, 48.828], [2.3779, 48.8286]], [[2.3779, 48.8286], [2.3777, 48.8288], [2.3774, 48.8291], [2.3769, 48.8296], [2.3765, 48.83]], [[2.3765, 48.83], [2.376, 48.8304], [2.375, 48.8314]], [[2.375, 48.8314], [2.3746, 48.8319], [2.3742, 48.8323]], [[2.3742, 48.8323], [2.3739, 48.8326], [2.3735, 48.833]], [[2.3735, 48.833], [2.3734, 48.8331], [2.3731, 48.8334], [2.3728, 48.8337], [2.3725, 48.834], [2.3725, 48.8341], [2.3722, 48.8344], [2.3719, 48.8348]], [[2.3719, 48.8348], [2.3712, 48.8357], [2.3696, 48.8375], [2.3693, 48.8378], [2.3688, 48.8384], [2.3686, 48.8387]], [[2.3658, 48.8419], [2.3663, 48.8414], [2.367, 48.8406], [2.3671, 48.8405], [2.3678, 48.8397], [2.3686, 48.8387]], [[2.3654, 48.8423], [2.3658, 48.8419]], [[2.3581, 48.849], [2.3579, 48.8491], [2.3577, 48.8492], [2.3574, 48.8493], [2.3567, 48.8495], [2.3546, 48.8501], [2.3516, 48.8511], [2.3513, 48.8512], [2.3511, 48.8513], [2.3501, 48.8516], [2.3481, 48.8524], [2.3479, 48.8525], [2.3471, 48.8529], [2.3469, 48.853]], [[2.3436, 48.8541], [2.3432, 48.8544], [2.3425, 48.8547], [2.3402, 48.8563], [2.3392, 48.8569], [2.3386, 48.8573], [2.3383, 48.8574], [2.338, 48.8575], [2.3379, 48.8575], [2.3376, 48.8576], [2.3371, 48.8577], [2.3367, 48.8578], [2.3363, 48.8579], [2.3359, 48.8579], [2.3354, 48.8579], [2.335, 48.8579], [2.3346, 48.858], [2.3338, 48.8582], [2.333, 48.8584], [2.3316, 48.8588], [2.3304, 48.8593], [2.3303, 48.8593]], [[2.3303, 48.8593], [2.3289, 48.8597], [2.3279, 48.8599], [2.3261, 48.8605]], [[2.3261, 48.8605], [2.3255, 48.8607], [2.3233, 48.8614]], [[2.3233, 48.8614], [2.3216, 48.8619], [2.3201, 48.8623], [2.3197, 48.8624], [2.3193, 48.8625], [2.3184, 48.8627], [2.3178, 48.8627], [2.3174, 48.8628], [2.3154, 48.8628]], [[2.3154, 48.8628], [2.3141, 48.8627], [2.3134, 48.8627]], [[2.3134, 48.8627], [2.3128, 48.8627], [2.3122, 48.8627], [2.311, 48.8627], [2.3104, 48.8627]], [[2.3104, 48.8627], [2.3078, 48.8627], [2.3072, 48.8627], [2.3059, 48.8627], [2.3045, 48.8627], [2.3023, 48.8626], [2.302, 48.8626], [2.3009, 48.8626], [2.3008, 48.8626], [2.3003, 48.8626], [2.3001, 48.8625], [2.3, 48.8625], [2.2999, 48.8625], [2.2997, 48.8625], [2.2995, 48.8625], [2.2991, 48.8624], [2.2987, 48.8623], [2.2982, 48.8622], [2.2979, 48.8621], [2.2972, 48.8618], [2.2969, 48.8617], [2.2966, 48.8616], [2.2962, 48.8614], [2.2958, 48.8611], [2.2955, 48.8609], [2.2949, 48.8605], [2.2942, 48.86], [2.2936, 48.8596], [2.2931, 48.8593], [2.2925, 48.8588], [2.2919, 48.8584], [2.2912, 48.858], [2.2909, 48.8577], [2.2905, 48.8574]], [[2.2676, 48.5917], [2.2675, 48.5917], [2.2671, 48.5915], [2.2667, 48.5913], [2.2664, 48.5912], [2.2661, 48.591], [2.2656, 48.5908], [2.2652, 48.5907], [2.2648, 48.5906], [2.2648, 48.5905], [2.2653, 48.5907], [2.2656, 48.5908], [2.2661, 48.591], [2.2666, 48.5912], [2.2671, 48.5915], [2.2672, 48.5915], [2.2673, 48.5916], [2.2675, 48.5917], [2.2676, 48.5917]], [[2.222, 48.5824], [2.2222, 48.5824], [2.2232, 48.5826], [2.2242, 48.5829], [2.2245, 48.5829], [2.2249, 48.583], [2.2244, 48.5829], [2.224, 48.5828], [2.2228, 48.5825], [2.2227, 48.5825], [2.2224, 48.5824], [2.2223, 48.5824], [2.2222, 48.5824], [2.2222, 48.5823], [2.2221, 48.5823], [2.222, 48.5823], [2.222, 48.5824]], [[2.1909, 48.5769], [2.1911, 48.577], [2.1915, 48.5771], [2.1916, 48.5771], [2.1915, 48.5772], [2.1916, 48.5772], [2.1917, 48.5772], [2.1918, 48.5773], [2.1919, 48.5773], [2.192, 48.5774], [2.1921, 48.5775], [2.1936, 48.5782], [2.1909, 48.5769]], [[2.1716, 48.5648], [2.1715, 48.5647], [2.1711, 48.5646], [2.171, 48.5645], [2.1709, 48.5645], [2.1702, 48.5642], [2.1701, 48.5641], [2.17, 48.5641], [2.1697, 48.564], [2.1691, 48.5637], [2.169, 48.5637], [2.1716, 48.5648]], [[2.1266, 48.5512], [2.1259, 48.5511], [2.1258, 48.551], [2.1257, 48.551], [2.1256, 48.551], [2.1245, 48.5508], [2.1234, 48.5505], [2.1234, 48.5506], [2.1266, 48.5513], [2.1266, 48.5512]], [[2.0679, 48.5351], [2.0682, 48.5352], [2.0686, 48.5354], [2.0688, 48.5355], [2.0689, 48.5355], [2.0694, 48.5358], [2.0705, 48.5364], [2.07, 48.5361], [2.0694, 48.5358], [2.0692, 48.5357], [2.0691, 48.5356], [2.0689, 48.5355], [2.0687, 48.5354], [2.0685, 48.5353], [2.0682, 48.5352], [2.0679, 48.5351]], [[1.9975, 48.5352], [1.9964, 48.5353], [1.9961, 48.5353], [1.9958, 48.5353], [1.9954, 48.5354], [1.9952, 48.5354], [1.9951, 48.5354], [1.995, 48.5354], [1.9949, 48.5353], [1.9947, 48.5354], [1.9957, 48.5354], [1.9963, 48.5354], [1.9966, 48.5353], [1.9969, 48.5353], [1.9974, 48.5352], [1.9975, 48.5352]], [[2.303, 48.6082], [2.3029, 48.6081], [2.3028, 48.6079], [2.3028, 48.6077], [2.3027, 48.6076], [2.3027, 48.6075], [2.3025, 48.6071], [2.3023, 48.6067], [2.302, 48.6063], [2.3018, 48.6059], [2.3016, 48.6055], [2.3015, 48.6054], [2.3014, 48.6053]], [[2.3014, 48.6053], [2.3014, 48.6051], [2.3013, 48.605], [2.3013, 48.6048], [2.3012, 48.6047], [2.3011, 48.6043], [2.301, 48.6041], [2.3009, 48.6038], [2.3008, 48.6037], [2.3008, 48.6036], [2.3007, 48.6034], [2.3004, 48.6028], [2.3002, 48.6024], [2.3001, 48.6023], [2.3, 48.602], [2.2999, 48.6018], [2.2997, 48.6015], [2.2995, 48.6011], [2.2993, 48.6008], [2.2992, 48.6006], [2.2991, 48.6004], [2.299, 48.6002], [2.2989, 48.5999], [2.2988, 48.5996], [2.2987, 48.5995], [2.2987, 48.5994], [2.2986, 48.5993], [2.2985, 48.5992], [2.2985, 48.5991], [2.2984, 48.599], [2.2984, 48.5989], [2.2983, 48.5989], [2.2982, 48.5988], [2.2981, 48.5987], [2.298, 48.5986], [2.2979, 48.5985]], [[2.2979, 48.5985], [2.2978, 48.5984], [2.2977, 48.5983], [2.2976, 48.5983], [2.2975, 48.5982], [2.2973, 48.5981], [2.297, 48.5979]], [[2.297, 48.5979], [2.2968, 48.5978], [2.2967, 48.5977], [2.2962, 48.5975], [2.296, 48.5974], [2.2958, 48.5973], [2.2956, 48.5972], [2.2954, 48.5972], [2.2952, 48.5971], [2.295, 48.597], [2.2947, 48.5969], [2.2945, 48.5969], [2.2944, 48.5968], [2.2942, 48.5968], [2.294, 48.5967], [2.2938, 48.5967], [2.2937, 48.5967], [2.2935, 48.5967], [2.2934, 48.5966], [2.2932, 48.5966], [2.293, 48.5966], [2.2929, 48.5966], [2.2923, 48.5966], [2.292, 48.5965], [2.2913, 48.5965], [2.2911, 48.5965], [2.2897, 48.5964], [2.2871, 48.5962], [2.2865, 48.5962], [2.2859, 48.5962], [2.2856, 48.5961], [2.2845, 48.5961], [2.2839, 48.596], [2.2831, 48.596], [2.2828, 48.596], [2.2824, 48.5959], [2.282, 48.5959], [2.2812, 48.5959], [2.2807, 48.5958], [2.2802, 48.5958], [2.2796, 48.5958], [2.2786, 48.5957], [2.2782, 48.5957], [2.278, 48.5957], [2.2778, 48.5956], [2.2776, 48.5956], [2.2773, 48.5956], [2.277, 48.5955], [2.2767, 48.5955], [2.2764, 48.5955], [2.2762, 48.5954], [2.276, 48.5954], [2.2757, 48.5953], [2.2755, 48.5953], [2.2752, 48.5952], [2.2749, 48.5951], [2.2745, 48.595], [2.2742, 48.595], [2.2739, 48.5949], [2.2736, 48.5948], [2.2734, 48.5947], [2.2731, 48.5946], [2.2729, 48.5945], [2.2726, 48.5944], [2.2723, 48.5943], [2.2722, 48.5942], [2.2719, 48.5941], [2.2717, 48.594], [2.2715, 48.5939], [2.2711, 48.5937], [2.2708, 48.5935], [2.2705, 48.5933], [2.2699, 48.593], [2.2692, 48.5927], [2.2689, 48.5925]], [[2.2689, 48.5925], [2.2687, 48.5924]], [[2.2687, 48.5924], [2.2682, 48.5921], [2.2677, 48.5918], [2.267, 48.5915], [2.2668, 48.5914], [2.2666, 48.5913], [2.2664, 48.5912], [2.266, 48.591], [2.2657, 48.5909], [2.2654, 48.5908], [2.265, 48.5906], [2.2647, 48.5905], [2.263, 48.59], [2.2616, 48.5895], [2.2608, 48.5893], [2.2593, 48.5888], [2.258, 48.5884], [2.2567, 48.5879], [2.2555, 48.5876], [2.2545, 48.5872], [2.2535, 48.5869], [2.2526, 48.5866]], [[2.2526, 48.5866], [2.2525, 48.5866]], [[2.2525, 48.5866], [2.2514, 48.5862], [2.251, 48.5861], [2.2508, 48.586], [2.2504, 48.586], [2.2501, 48.5859], [2.2498, 48.5858], [2.2495, 48.5858], [2.2494, 48.5857], [2.2491, 48.5857], [2.2489, 48.5857]], [[2.2488, 48.5857], [2.2486, 48.5857], [2.2484, 48.5857], [2.2481, 48.5856], [2.2479, 48.5856], [2.2476, 48.5856], [2.2473, 48.5856], [2.2469, 48.5856], [2.2465, 48.5857], [2.246, 48.5857], [2.2455, 48.5857]], [[2.2455, 48.5857], [2.2453, 48.5857]], [[2.2453, 48.5857], [2.2412, 48.586]], [[2.2412, 48.586], [2.2371, 48.5862], [2.2368, 48.5862], [2.2358, 48.5863], [2.2355, 48.5863], [2.2351, 48.5863], [2.2348, 48.5863], [2.2345, 48.5863], [2.2343, 48.5863]], [[2.2343, 48.5863], [2.2342, 48.5863], [2.234, 48.5862], [2.2337, 48.5862]], [[2.2337, 48.5862], [2.2335, 48.5862], [2.2333, 48.5861], [2.2329, 48.586], [2.2326, 48.5859], [2.2323, 48.5858], [2.2321, 48.5858], [2.2318, 48.5857], [2.2314, 48.5855], [2.2308, 48.5853], [2.2301, 48.585], [2.2284, 48.5843]], [[2.2284, 48.5843], [2.2283, 48.5843]], [[2.2283, 48.5843], [2.2278, 48.5841], [2.2273, 48.5839], [2.2269, 48.5837], [2.2264, 48.5835], [2.2261, 48.5834], [2.2257, 48.5833], [2.2253, 48.5832], [2.2249, 48.5831], [2.2246, 48.583], [2.2242, 48.5829], [2.2238, 48.5828], [2.2232, 48.5826], [2.2226, 48.5825], [2.2219, 48.5823], [2.2201, 48.5819], [2.2193, 48.5817], [2.2187, 48.5816], [2.2182, 48.5815], [2.2176, 48.5814], [2.217, 48.5813], [2.2165, 48.5812], [2.216, 48.5811], [2.2156, 48.581], [2.2151, 48.5809], [2.2146, 48.5809], [2.214, 48.5808], [2.2135, 48.5808], [2.2128, 48.5807], [2.2116, 48.5806]], [[2.2115, 48.5806], [2.2106, 48.5805], [2.2091, 48.5804]], [[2.2089, 48.5804], [2.2075, 48.5803], [2.2068, 48.5802], [2.2054, 48.5801], [2.2043, 48.58], [2.2026, 48.5799], [2.2017, 48.5798], [2.2007, 48.5797], [2.1992, 48.5796], [2.1988, 48.5796], [2.1983, 48.5795], [2.1981, 48.5795], [2.1977, 48.5795], [2.1974, 48.5794], [2.1969, 48.5793], [2.1965, 48.5792], [2.1962, 48.5792], [2.1958, 48.5791], [2.1955, 48.579], [2.1952, 48.5789], [2.195, 48.5788], [2.1948, 48.5787], [2.1945, 48.5786], [2.1942, 48.5785], [2.1939, 48.5784], [2.1936, 48.5782], [2.1931, 48.578], [2.1925, 48.5777], [2.1918, 48.5774], [2.1909, 48.5769], [2.19, 48.5765], [2.1891, 48.576], [2.1883, 48.5756], [2.1877, 48.5753], [2.1868, 48.5749], [2.1859, 48.5745], [2.1854, 48.5742], [2.1849, 48.574], [2.1845, 48.5738], [2.1839, 48.5735], [2.1835, 48.5733], [2.1832, 48.5732], [2.1829, 48.573], [2.1826, 48.5728], [2.1824, 48.5726], [2.182, 48.5724], [2.1818, 48.5723], [2.1816, 48.5721], [2.1813, 48.5719], [2.1809, 48.5716], [2.1807, 48.5714], [2.1805, 48.5712], [2.1803, 48.571], [2.1799, 48.5707], [2.1791, 48.57], [2.1782, 48.5693], [2.1776, 48.5687], [2.1773, 48.5684], [2.1767, 48.5679], [2.1762, 48.5674], [2.1758, 48.5672], [2.1756, 48.5669], [2.1753, 48.5668], [2.1751, 48.5666], [2.1749, 48.5665], [2.1747, 48.5663], [2.1745, 48.5662], [2.1742, 48.5661], [2.174, 48.5659], [2.1736, 48.5657], [2.1731, 48.5655], [2.1722, 48.5651], [2.1717, 48.5649], [2.1708, 48.5645], [2.169, 48.5637], [2.166, 48.5624], [2.1652, 48.562], [2.1633, 48.5611], [2.1621, 48.5606], [2.1609, 48.5601], [2.1598, 48.5596], [2.1594, 48.5594], [2.1591, 48.5593], [2.1589, 48.5592], [2.1587, 48.5591], [2.1585, 48.5591], [2.1583, 48.559]], [[2.1582, 48.559], [2.1578, 48.5589], [2.1569, 48.5586], [2.1558, 48.5583], [2.1552, 48.5581], [2.1547, 48.558], [2.1527, 48.5574], [2.1512, 48.557], [2.1476, 48.556], [2.1458, 48.5555], [2.1452, 48.5553], [2.1446, 48.5552], [2.1438, 48.555], [2.1426, 48.5547], [2.1412, 48.5544], [2.1396, 48.5541], [2.1378, 48.5537], [2.1357, 48.5532], [2.1336, 48.5528], [2.132, 48.5524], [2.1316, 48.5523], [2.1306, 48.5521], [2.1298, 48.552], [2.1287, 48.5517], [2.1278, 48.5515], [2.127, 48.5514], [2.1257, 48.5511], [2.1232, 48.5505], [2.1226, 48.5504], [2.1216, 48.5502], [2.121, 48.5501], [2.1203, 48.5499], [2.12, 48.5498], [2.1198, 48.5498], [2.1195, 48.5497], [2.1192, 48.5496], [2.119, 48.5495], [2.1187, 48.5494], [2.1184, 48.5493], [2.1182, 48.5492], [2.1178, 48.549], [2.1176, 48.5489], [2.1173, 48.5488], [2.1171, 48.5487], [2.1166, 48.5484], [2.1162, 48.5481], [2.1159, 48.5479], [2.1155, 48.5477], [2.115, 48.5474], [2.1146, 48.5471], [2.1142, 48.5469], [2.1139, 48.5467], [2.1136, 48.5466], [2.1134, 48.5464], [2.1131, 48.5463], [2.1129, 48.5462], [2.1127, 48.5461], [2.1124, 48.546], [2.1122, 48.5459], [2.112, 48.5458], [2.1115, 48.5457], [2.1111, 48.5456], [2.1109, 48.5455], [2.1105, 48.5454], [2.1101, 48.5453], [2.1096, 48.5452], [2.1087, 48.5451], [2.1081, 48.5449], [2.1066, 48.5446], [2.1055, 48.5444], [2.1044, 48.5442], [2.1038, 48.544], [2.103, 48.5439], [2.1021, 48.5437], [2.1013, 48.5435], [2.1002, 48.5433], [2.0994, 48.5431]], [[2.0994, 48.5431], [2.0989, 48.543]], [[2.0989, 48.543], [2.0981, 48.5429], [2.097, 48.5427], [2.0961, 48.5425], [2.0957, 48.5424], [2.0952, 48.5423], [2.0948, 48.5422], [2.0943, 48.5421], [2.0936, 48.542], [2.0926, 48.5419], [2.0918, 48.5418], [2.0908, 48.5416], [2.09, 48.5415], [2.0893, 48.5414], [2.0882, 48.5413], [2.0869, 48.5411], [2.0858, 48.5409], [2.0849, 48.5408], [2.0841, 48.5407], [2.0828, 48.5405], [2.0818, 48.5404], [2.0808, 48.5402], [2.0803, 48.5402], [2.0798, 48.5401], [2.0794, 48.54], [2.0789, 48.5399]], [[2.0789, 48.5399], [2.0785, 48.5398], [2.078, 48.5397], [2.0776, 48.5396], [2.077, 48.5394], [2.0765, 48.5392], [2.0761, 48.5391], [2.0757, 48.5389], [2.0753, 48.5388], [2.0749, 48.5386], [2.0746, 48.5385], [2.0743, 48.5383], [2.0737, 48.5381], [2.073, 48.5377], [2.0723, 48.5373], [2.0718, 48.537], [2.0712, 48.5368], [2.0705, 48.5364], [2.0699, 48.5361], [2.0692, 48.5357], [2.0688, 48.5355], [2.0685, 48.5353], [2.0681, 48.5352], [2.0677, 48.535], [2.0673, 48.5349], [2.067, 48.5348], [2.0667, 48.5347], [2.0663, 48.5346], [2.0659, 48.5345], [2.0656, 48.5345], [2.0652, 48.5344], [2.0648, 48.5343], [2.0645, 48.5343], [2.064, 48.5342], [2.0636, 48.5342], [2.0628, 48.5341], [2.0618, 48.534], [2.061, 48.5339], [2.0605, 48.5339], [2.06, 48.5338]], [[2.06, 48.5338], [2.0599, 48.5338]], [[2.0599, 48.5338], [2.0592, 48.5338], [2.0585, 48.5337], [2.0577, 48.5336], [2.0563, 48.5335], [2.0553, 48.5334], [2.0544, 48.5333], [2.053, 48.5331], [2.0518, 48.533], [2.0503, 48.5329], [2.0489, 48.5327], [2.048, 48.5327], [2.0471, 48.5326], [2.046, 48.5325], [2.0457, 48.5324]], [[2.0457, 48.5324], [2.0455, 48.5324]], [[2.0455, 48.5324], [2.0448, 48.5323], [2.0438, 48.5322], [2.0431, 48.5322], [2.0424, 48.5321], [2.0414, 48.532], [2.0404, 48.5319], [2.0392, 48.5317]], [[2.0392, 48.5317], [2.0391, 48.5317]], [[2.0391, 48.5317], [2.0383, 48.5316], [2.0374, 48.5315], [2.036, 48.5314], [2.0351, 48.5313], [2.0348, 48.5312], [2.0345, 48.5312], [2.0342, 48.5312], [2.0339, 48.5311], [2.0336, 48.5311], [2.0333, 48.5311], [2.0328, 48.5311], [2.0324, 48.5311], [2.0321, 48.531], [2.0318, 48.531], [2.0313, 48.5311], [2.0309, 48.5311], [2.0301, 48.5311], [2.0293, 48.5311], [2.0286, 48.5312], [2.0275, 48.5312]], [[2.0274, 48.5312], [2.0266, 48.5312], [2.0257, 48.5313], [2.0251, 48.5313], [2.0248, 48.5313], [2.0244, 48.5314], [2.024, 48.5314], [2.0235, 48.5315], [2.0227, 48.5316], [2.0219, 48.5317], [2.0195, 48.5321], [2.0177, 48.5323], [2.0159, 48.5326], [2.0147, 48.5328], [2.0136, 48.533], [2.0133, 48.533], [2.0128, 48.5331], [2.0123, 48.5332], [2.0122, 48.5332]], [[2.0121, 48.5332], [2.012, 48.5332], [2.011, 48.5334], [2.0103, 48.5335]], [[2.0103, 48.5335], [2.0098, 48.5335], [2.0096, 48.5336]], [[2.0096, 48.5336], [2.0094, 48.5336], [2.0071, 48.534], [2.0069, 48.534], [2.0064, 48.5341], [2.0051, 48.5343], [2.0036, 48.5345], [2.002, 48.5347], [2.0018, 48.5348]], [[2.0016, 48.5348], [2.0011, 48.5349], [2.0, 48.5351]], [[2.2803, 48.8533], [2.2804, 48.8533], [2.2805, 48.8531], [2.2807, 48.853], [2.2808, 48.8529], [2.2806, 48.853], [2.2805, 48.8531], [2.2803, 48.8532], [2.2798, 48.8535], [2.2787, 48.8542], [2.2788, 48.8543], [2.2789, 48.8541], [2.279, 48.854], [2.2791, 48.854], [2.2794, 48.8538], [2.2797, 48.8536], [2.2801, 48.8534], [2.2802, 48.8534], [2.2802, 48.8533], [2.2801, 48.8533], [2.2803, 48.8533]], [[2.1821, 48.8001], [2.1822, 48.8002], [2.1826, 48.8001], [2.1829, 48.8], [2.1832, 48.7999], [2.1836, 48.7998], [2.1836, 48.7999], [2.1836, 48.7998], [2.1837, 48.7998], [2.1838, 48.7998], [2.184, 48.7998], [2.1841, 48.7997], [2.1843, 48.7997], [2.1843, 48.7996], [2.1843, 48.7997], [2.1844, 48.7997], [2.1845, 48.7996], [2.1847, 48.7996], [2.1849, 48.7995], [2.1846, 48.7996], [2.1836, 48.7998], [2.1821, 48.8001]], [[2.2415, 48.8084], [2.2402, 48.8067], [2.2401, 48.8067], [2.2405, 48.8071], [2.2409, 48.8077], [2.2409, 48.8078], [2.241, 48.8078], [2.2411, 48.8079], [2.2412, 48.808], [2.2413, 48.8081], [2.2413, 48.8082], [2.2414, 48.8082], [2.2415, 48.8084]], [[2.259, 48.8199], [2.2588, 48.8198], [2.2587, 48.8197], [2.2585, 48.8197], [2.2583, 48.8196], [2.2576, 48.8193], [2.2575, 48.8193], [2.2568, 48.819], [2.2564, 48.8188], [2.2576, 48.8193], [2.258, 48.8194], [2.2583, 48.8195], [2.2587, 48.8197], [2.2589, 48.8198], [2.2591, 48.8199], [2.259, 48.8199]], [[2.2647, 48.8315], [2.2643, 48.8311], [2.2643, 48.831], [2.2638, 48.8304], [2.2637, 48.8302], [2.2636, 48.8302], [2.2634, 48.8299], [2.2634, 48.8298], [2.2633, 48.8298], [2.2634, 48.8298], [2.2637, 48.8303], [2.2649, 48.8317], [2.2649, 48.8318], [2.2648, 48.8317], [2.2647, 48.8315]], [[2.277, 48.8465], [2.2773, 48.8467], [2.2774, 48.8468], [2.2775, 48.8468], [2.2778, 48.8471], [2.2779, 48.8471], [2.278, 48.8472], [2.2782, 48.8473], [2.2784, 48.8475], [2.2785, 48.8475], [2.2786, 48.8476], [2.2785, 48.8476], [2.2786, 48.8476], [2.279, 48.8479], [2.2791, 48.848], [2.2792, 48.848], [2.279, 48.8479], [2.2782, 48.8473], [2.278, 48.8472], [2.2774, 48.8468], [2.277, 48.8464], [2.277, 48.8465]], [[2.0472, 48.7889], [2.0469, 48.7888], [2.0466, 48.7886], [2.0456, 48.7881], [2.0455, 48.7881], [2.043, 48.7868]], [[2.0494, 48.79], [2.0492, 48.7899], [2.0489, 48.7897], [2.0486, 48.7896], [2.0484, 48.7895], [2.0472, 48.7889]], [[2.0494, 48.79], [2.0498, 48.7902], [2.0501, 48.7903], [2.0504, 48.7904], [2.0508, 48.7906], [2.0511, 48.7908], [2.0519, 48.7912], [2.0529, 48.7917], [2.0536, 48.792], [2.0544, 48.7924], [2.0555, 48.7929], [2.0563, 48.7933], [2.0589, 48.7946], [2.0596, 48.795], [2.0602, 48.7953], [2.0608, 48.7956], [2.0614, 48.7959], [2.0617, 48.796], [2.0619, 48.7962], [2.0622, 48.7963], [2.0624, 48.7963], [2.0625, 48.7964], [2.0627, 48.7965], [2.063, 48.7966], [2.0632, 48.7967], [2.0635, 48.7968], [2.0637, 48.7969], [2.0639, 48.797], [2.0641, 48.797], [2.0643, 48.7971], [2.0645, 48.7971], [2.0648, 48.7972], [2.0654, 48.7974], [2.0656, 48.7974], [2.0658, 48.7975], [2.0661, 48.7975]], [[2.0661, 48.7975], [2.0673, 48.7978], [2.0676, 48.7979]], [[2.0676, 48.7979], [2.0677, 48.7979]], [[2.0677, 48.7979], [2.0688, 48.7982], [2.0692, 48.7983], [2.0696, 48.7984], [2.07, 48.7984]], [[2.07, 48.7984], [2.0704, 48.7985], [2.0708, 48.7986], [2.0711, 48.7986], [2.0715, 48.7987], [2.0717, 48.7987], [2.0719, 48.7987]], [[2.0719, 48.7987], [2.0721, 48.7987]], [[2.0721, 48.7987], [2.0723, 48.7988], [2.0726, 48.7988], [2.0729, 48.7988], [2.0733, 48.7988]], [[2.0733, 48.7988], [2.0734, 48.7988]], [[2.0734, 48.7988], [2.0737, 48.7988], [2.0739, 48.7988], [2.0743, 48.7988]], [[2.0743, 48.7988], [2.0745, 48.7988], [2.0747, 48.7988], [2.075, 48.7987], [2.0756, 48.7987], [2.076, 48.7986], [2.0763, 48.7986], [2.0766, 48.7985], [2.077, 48.7985], [2.0774, 48.7984], [2.078, 48.7983], [2.0786, 48.7981], [2.0792, 48.798], [2.0797, 48.7978], [2.0803, 48.7976], [2.0808, 48.7974], [2.0814, 48.7971], [2.0821, 48.7968], [2.0835, 48.7963], [2.0847, 48.7958], [2.0852, 48.7956], [2.0858, 48.7954], [2.0864, 48.7952], [2.0869, 48.7951], [2.0875, 48.795], [2.0881, 48.7949], [2.0884, 48.7948], [2.0887, 48.7948], [2.0893, 48.7947], [2.0899, 48.7946], [2.0905, 48.7946], [2.0911, 48.7946], [2.0917, 48.7946], [2.0923, 48.7946], [2.0931, 48.7947], [2.0934, 48.7947], [2.0939, 48.7948], [2.0947, 48.7949], [2.0964, 48.795], [2.0998, 48.7954], [2.1014, 48.7956], [2.103, 48.7957], [2.104, 48.7958], [2.1044, 48.7958], [2.1049, 48.7958], [2.1054, 48.7958], [2.1059, 48.7957], [2.1064, 48.7957], [2.1069, 48.7956], [2.1074, 48.7955], [2.1078, 48.7954], [2.1083, 48.7953], [2.1087, 48.7952], [2.1092, 48.795], [2.1096, 48.7949], [2.1099, 48.7948], [2.1102, 48.7946], [2.111, 48.7943], [2.1115, 48.7941], [2.112, 48.7939], [2.1125, 48.7938], [2.1128, 48.7937], [2.1131, 48.7936], [2.1135, 48.7935], [2.1143, 48.7933], [2.1147, 48.7932]], [[2.1147, 48.7932], [2.1152, 48.7931]], [[2.1152, 48.7931], [2.1153, 48.7931]], [[2.1153, 48.7931], [2.1156, 48.793], [2.1161, 48.7929], [2.1167, 48.7929], [2.1182, 48.7927]], [[2.1182, 48.7927], [2.1193, 48.7926], [2.1203, 48.7924], [2.1208, 48.7924], [2.1218, 48.7923], [2.1228, 48.7921], [2.1234, 48.7921], [2.1236, 48.7921], [2.1239, 48.7921], [2.1242, 48.7921], [2.1246, 48.7921], [2.1247, 48.7921]], [[2.1247, 48.7921], [2.125, 48.7921], [2.1254, 48.7921], [2.1259, 48.7921], [2.1264, 48.7922], [2.127, 48.7923], [2.1274, 48.7924], [2.1277, 48.7924], [2.1279, 48.7925], [2.1281, 48.7925], [2.1283, 48.7926], [2.1284, 48.7926], [2.1287, 48.7927], [2.1288, 48.7928], [2.1294, 48.793], [2.1295, 48.793], [2.1299, 48.7932], [2.1301, 48.7933], [2.1302, 48.7933]], [[2.1302, 48.7933], [2.1306, 48.7935], [2.1309, 48.7937], [2.1315, 48.794], [2.1319, 48.7942], [2.1322, 48.7944], [2.1324, 48.7945], [2.1327, 48.7946], [2.1331, 48.7948], [2.1333, 48.7949], [2.1335, 48.795], [2.1337, 48.795], [2.1339, 48.7951], [2.1341, 48.7951], [2.1346, 48.7953], [2.1348, 48.7953], [2.135, 48.7954], [2.1352, 48.7954], [2.1355, 48.7954], [2.1357, 48.7955], [2.1359, 48.7955], [2.1362, 48.7956], [2.1363, 48.7956], [2.1365, 48.7956], [2.1367, 48.7956], [2.1369, 48.7956], [2.1371, 48.7956], [2.1373, 48.7956], [2.1377, 48.7956], [2.1382, 48.7956]], [[2.1382, 48.7956], [2.1386, 48.7957], [2.1387, 48.7957]], [[2.1387, 48.7957], [2.1392, 48.7957]], [[2.1392, 48.7957], [2.1393, 48.7957]], [[2.1393, 48.7957], [2.14, 48.7957], [2.1411, 48.7958], [2.1418, 48.7958], [2.1427, 48.7958], [2.1432, 48.7959], [2.1436, 48.7959], [2.144, 48.7959], [2.1447, 48.7959], [2.1454, 48.796]], [[2.1454, 48.796], [2.1465, 48.796], [2.1494, 48.7961], [2.1506, 48.7962], [2.151, 48.7962], [2.1514, 48.7963], [2.1516, 48.7963], [2.152, 48.7964], [2.1522, 48.7964], [2.1525, 48.7964], [2.1527, 48.7965], [2.1528, 48.7965], [2.1531, 48.7966], [2.1533, 48.7966]], [[2.1533, 48.7966], [2.154, 48.7968]], [[2.154, 48.7968], [2.1541, 48.7968]], [[2.1541, 48.7968], [2.1542, 48.7968]], [[2.1542, 48.7968], [2.1542, 48.7969], [2.1543, 48.7969]], [[2.1543, 48.7969], [2.1545, 48.7969], [2.1547, 48.797], [2.1549, 48.797], [2.1552, 48.7971], [2.1555, 48.7971], [2.1559, 48.7972]], [[2.1561, 48.7973], [2.1559, 48.7972]], [[2.1576, 48.7977], [2.1575, 48.7976], [2.1573, 48.7976], [2.1572, 48.7976], [2.1569, 48.7975], [2.1565, 48.7974], [2.1563, 48.7974], [2.1561, 48.7973]], [[2.1576, 48.7977], [2.1581, 48.7978], [2.1582, 48.7978]], [[2.1606, 48.7984], [2.1602, 48.7983], [2.1598, 48.7982], [2.1591, 48.798], [2.1584, 48.7979], [2.1582, 48.7978]], [[2.1609, 48.7985], [2.1606, 48.7984]], [[2.1609, 48.7985], [2.1614, 48.7987], [2.1622, 48.7989], [2.1631, 48.7992], [2.1633, 48.7993], [2.1636, 48.7994], [2.1642, 48.7996], [2.1646, 48.7997], [2.1649, 48.7997], [2.1654, 48.7999], [2.166, 48.8], [2.1667, 48.8002], [2.1672, 48.8003]], [[2.1672, 48.8003], [2.1678, 48.8004], [2.1683, 48.8005], [2.1689, 48.8006], [2.1694, 48.8006], [2.1695, 48.8006], [2.1699, 48.8007], [2.17, 48.8007]], [[2.17, 48.8007], [2.1703, 48.8007], [2.1706, 48.8007], [2.1709, 48.8007]], [[2.1709, 48.8007], [2.1713, 48.8008], [2.1717, 48.8008]], [[2.1717, 48.8008], [2.172, 48.8008], [2.1726, 48.8007], [2.173, 48.8007]], [[2.173, 48.8007], [2.1733, 48.8007], [2.1746, 48.8007], [2.1757, 48.8007], [2.177, 48.8008], [2.1776, 48.8008], [2.1781, 48.8008]], [[2.1781, 48.8008], [2.1785, 48.8007], [2.1787, 48.8007], [2.179, 48.8007], [2.1792, 48.8007], [2.1796, 48.8006], [2.1799, 48.8006], [2.1802, 48.8005], [2.1803, 48.8005], [2.1804, 48.8005], [2.181, 48.8003], [2.182, 48.8001]], [[2.182, 48.8001], [2.1824, 48.8], [2.1841, 48.7996]], [[2.1841, 48.7996], [2.1853, 48.7994]], [[2.1853, 48.7994], [2.1855, 48.7993]], [[2.1855, 48.7993], [2.1864, 48.7991], [2.1871, 48.799], [2.1875, 48.7989], [2.1883, 48.7988], [2.1885, 48.7987], [2.1888, 48.7987], [2.1894, 48.7987], [2.1899, 48.7987], [2.1905, 48.7986], [2.191, 48.7987], [2.1916, 48.7987], [2.1921, 48.7988], [2.1925, 48.7988], [2.193, 48.7989], [2.1934, 48.7989], [2.1941, 48.799], [2.1947, 48.7991], [2.196, 48.7992], [2.1966, 48.7993], [2.1972, 48.7993]], [[2.1972, 48.7993], [2.2077, 48.8002], [2.2182, 48.801], [2.2316, 48.8021], [2.232, 48.8021], [2.2324, 48.8022], [2.2327, 48.8022], [2.233, 48.8023], [2.2331, 48.8023], [2.2335, 48.8024], [2.2339, 48.8025], [2.2342, 48.8025], [2.2346, 48.8026], [2.2349, 48.8028], [2.2352, 48.8029], [2.2356, 48.803], [2.2359, 48.8031], [2.2362, 48.8033], [2.2365, 48.8034], [2.2368, 48.8036], [2.2371, 48.8038], [2.2374, 48.8039], [2.2377, 48.8041], [2.2379, 48.8043], [2.2382, 48.8045], [2.2384, 48.8047], [2.2387, 48.8049], [2.2389, 48.8051], [2.2391, 48.8053], [2.2393, 48.8055], [2.2401, 48.8065]], [[2.2401, 48.8065], [2.2408, 48.8074], [2.2411, 48.8079], [2.2415, 48.8083], [2.2417, 48.8086], [2.2419, 48.8088], [2.242, 48.8089], [2.2422, 48.8091], [2.2424, 48.8093], [2.2425, 48.8093], [2.2426, 48.8094], [2.2427, 48.8096], [2.2431, 48.8099], [2.2435, 48.8101], [2.2439, 48.8105], [2.2445, 48.8108], [2.2449, 48.8112], [2.2451, 48.8114], [2.2454, 48.8115], [2.2455, 48.8117]], [[2.2455, 48.8117], [2.2457, 48.8118]], [[2.2457, 48.8118], [2.2459, 48.8121], [2.246, 48.8122], [2.2461, 48.8123], [2.2462, 48.8125], [2.2463, 48.8126], [2.2465, 48.8128], [2.2466, 48.813]], [[2.2466, 48.813], [2.2467, 48.8132]], [[2.2467, 48.8132], [2.2468, 48.8134], [2.247, 48.8139], [2.2472, 48.8142], [2.2474, 48.8146], [2.2474, 48.8147]], [[2.2474, 48.8147], [2.2476, 48.8149], [2.2477, 48.815], [2.2478, 48.8152], [2.2479, 48.8154], [2.2481, 48.8156], [2.2482, 48.8157], [2.2485, 48.8159], [2.2487, 48.8162], [2.2489, 48.8163], [2.249, 48.8164]], [[2.249, 48.8164], [2.2491, 48.8165], [2.2493, 48.8166], [2.2495, 48.8168], [2.2498, 48.8169], [2.2499, 48.817], [2.2501, 48.8171]], [[2.2501, 48.8171], [2.2503, 48.8172], [2.2505, 48.8173], [2.2508, 48.8174], [2.251, 48.8175], [2.2513, 48.8176], [2.2515, 48.8176], [2.2516, 48.8177], [2.2517, 48.8177], [2.252, 48.8178], [2.2524, 48.8179], [2.2527, 48.8179], [2.253, 48.818], [2.2532, 48.818], [2.2535, 48.8181], [2.2538, 48.8182], [2.2543, 48.8183], [2.2546, 48.8183], [2.2549, 48.8184], [2.2551, 48.8184]], [[2.2551, 48.8184], [2.2555, 48.8186], [2.2557, 48.8186], [2.2559, 48.8187], [2.2562, 48.8188], [2.2564, 48.8188], [2.2566, 48.8189], [2.2571, 48.8191], [2.2574, 48.8192], [2.2579, 48.8194], [2.258, 48.8194], [2.2582, 48.8195], [2.2584, 48.8196], [2.2586, 48.8196], [2.2588, 48.8197], [2.259, 48.8198], [2.2591, 48.8198], [2.2592, 48.8199], [2.2593, 48.8199]], [[2.2593, 48.8199], [2.2593, 48.82], [2.2595, 48.82], [2.2597, 48.8202], [2.2599, 48.8203], [2.2601, 48.8204], [2.2604, 48.8206], [2.2606, 48.8208], [2.2608, 48.8209], [2.2611, 48.8212], [2.2613, 48.8214], [2.2615, 48.8216], [2.2617, 48.8219], [2.2619, 48.8221], [2.262, 48.8224], [2.2621, 48.8225], [2.2622, 48.8228], [2.2623, 48.8229], [2.2623, 48.8231], [2.2624, 48.8232], [2.2624, 48.8233], [2.2624, 48.8235], [2.2625, 48.8236], [2.2625, 48.8237], [2.2625, 48.8239], [2.2625, 48.8242]], [[2.2625, 48.8242], [2.2625, 48.8244], [2.2625, 48.8246], [2.2625, 48.8247], [2.2624, 48.8249], [2.2624, 48.8253], [2.2623, 48.8257], [2.2622, 48.8259], [2.2622, 48.8261], [2.2622, 48.8262], [2.2622, 48.8263], [2.2622, 48.8265]], [[2.2622, 48.8265], [2.2622, 48.8266]], [[2.2622, 48.8266], [2.2622, 48.8267], [2.2622, 48.8269], [2.2622, 48.827], [2.2622, 48.8271], [2.2622, 48.8274], [2.2622, 48.8275], [2.2623, 48.8276]], [[2.2623, 48.8276], [2.2623, 48.8278], [2.2623, 48.8279], [2.2624, 48.8282], [2.2625, 48.8283], [2.2625, 48.8284], [2.2626, 48.8285], [2.2626, 48.8286]], [[2.2626, 48.8286], [2.2627, 48.8288], [2.2628, 48.8289], [2.2629, 48.8291]], [[2.2629, 48.8291], [2.2631, 48.8294]], [[2.2631, 48.8294], [2.2632, 48.8295], [2.2635, 48.8299], [2.2642, 48.8308], [2.2649, 48.8316], [2.2652, 48.832], [2.2655, 48.8324], [2.2657, 48.8326], [2.2658, 48.8328], [2.266, 48.8329], [2.2663, 48.8332], [2.2666, 48.8336], [2.2668, 48.8337]], [[2.2668, 48.8337], [2.2671, 48.8341]], [[2.2671, 48.8341], [2.2673, 48.8343], [2.2674, 48.8345]], [[2.2674, 48.8345], [2.2675, 48.8347], [2.2676, 48.8349], [2.2678, 48.8352], [2.2678, 48.8354]], [[2.2678, 48.8354], [2.2682, 48.8362], [2.2684, 48.8366], [2.2686, 48.8368], [2.2687, 48.8371], [2.2689, 48.8374], [2.2692, 48.8377], [2.2693, 48.8379], [2.2695, 48.838], [2.2695, 48.8381], [2.2696, 48.8382], [2.2698, 48.8385]], [[2.2698, 48.8385], [2.2704, 48.8391], [2.2707, 48.8394], [2.2708, 48.8395]], [[2.2708, 48.8395], [2.2709, 48.8396], [2.2709, 48.8397], [2.2711, 48.84]], [[2.2711, 48.84], [2.2714, 48.8406]], [[2.2714, 48.8406], [2.2716, 48.8408], [2.2717, 48.841], [2.2721, 48.8414]], [[2.2721, 48.8414], [2.2731, 48.8424]], [[2.2731, 48.8424], [2.2738, 48.8431]], [[2.2738, 48.8431], [2.2741, 48.8434], [2.2741, 48.8435], [2.2743, 48.8436]], [[2.2743, 48.8436], [2.2743, 48.8437]], [[2.2743, 48.8437], [2.2746, 48.844], [2.2749, 48.8443], [2.2752, 48.8446], [2.2755, 48.845], [2.2757, 48.8452], [2.276, 48.8455], [2.2761, 48.8457], [2.2763, 48.8458], [2.2764, 48.8459], [2.2766, 48.8461]], [[2.2766, 48.8461], [2.2769, 48.8463]], [[2.2769, 48.8463], [2.2772, 48.8466], [2.2776, 48.8469], [2.2788, 48.8477], [2.2791, 48.8479], [2.2798, 48.8484], [2.2806, 48.849], [2.2811, 48.8493], [2.2812, 48.8494]], [[2.2812, 48.8494], [2.2815, 48.8496]], [[2.2815, 48.8496], [2.2816, 48.8497], [2.2827, 48.8504], [2.2839, 48.8513], [2.2849, 48.852]], [[2.2849, 48.852], [2.2871, 48.8536]], [[2.2793, 48.8479], [2.2792, 48.8479], [2.2791, 48.8478], [2.279, 48.8477], [2.2788, 48.8476], [2.2787, 48.8475], [2.2786, 48.8475], [2.2786, 48.8474], [2.278, 48.847], [2.2779, 48.847], [2.2778, 48.8469], [2.2776, 48.8467], [2.2774, 48.8466], [2.2771, 48.8464], [2.2774, 48.8466], [2.2775, 48.8467], [2.2777, 48.8469], [2.2781, 48.8471], [2.2787, 48.8476], [2.2791, 48.8478], [2.2792, 48.8479], [2.2793, 48.8479]], [[2.2648, 48.8314], [2.2647, 48.8314], [2.264, 48.8304], [2.2633, 48.8296], [2.2634, 48.8296], [2.2634, 48.8297], [2.2635, 48.8297], [2.2635, 48.8298], [2.2635, 48.8297], [2.2636, 48.8298], [2.2635, 48.8298], [2.2636, 48.8298], [2.2635, 48.8298], [2.2638, 48.8301], [2.2638, 48.8302], [2.2639, 48.8302], [2.264, 48.8303], [2.264, 48.8304], [2.2645, 48.831], [2.2648, 48.8313], [2.2648, 48.8314]], [[2.2594, 48.8199], [2.2594, 48.8198], [2.2593, 48.8198], [2.2592, 48.8197], [2.2591, 48.8197], [2.2592, 48.8197], [2.2591, 48.8196], [2.259, 48.8196], [2.2589, 48.8196], [2.2588, 48.8196], [2.2588, 48.8195], [2.2586, 48.8195], [2.2585, 48.8195], [2.2576, 48.8192], [2.2571, 48.819], [2.2564, 48.8187], [2.2564, 48.8188], [2.2571, 48.819], [2.2576, 48.8192], [2.2584, 48.8195], [2.2588, 48.8196], [2.2592, 48.8198], [2.2594, 48.8199]], [[2.2417, 48.8085], [2.2418, 48.8085], [2.2414, 48.808], [2.2414, 48.8079], [2.2412, 48.8077], [2.2411, 48.8076], [2.2408, 48.8073], [2.2404, 48.8067], [2.2403, 48.8067], [2.2417, 48.8085]], [[2.1841, 48.7994], [2.1842, 48.7994], [2.184, 48.7994], [2.1839, 48.7994], [2.1835, 48.7995], [2.183, 48.7996], [2.1825, 48.7998], [2.1819, 48.7999], [2.1819, 48.8], [2.1825, 48.7998], [2.183, 48.7997], [2.1835, 48.7996], [2.1841, 48.7994], [2.1843, 48.7994], [2.1846, 48.7994], [2.1849, 48.7993], [2.1845, 48.7993], [2.1843, 48.7994], [2.1843, 48.7993], [2.1841, 48.7994]], [[2.0458, 48.7878], [2.0453, 48.7876], [2.0446, 48.7872], [2.0442, 48.787], [2.0433, 48.7866], [2.043, 48.7864], [2.0429, 48.7865], [2.0457, 48.7879], [2.0458, 48.7878]], [[2.2872, 48.8536], [2.285, 48.852]], [[2.285, 48.852], [2.2839, 48.8513], [2.2827, 48.8504], [2.2816, 48.8496]], [[2.2816, 48.8496], [2.2815, 48.8496]], [[2.2812, 48.8494], [2.2811, 48.8493], [2.2807, 48.849], [2.2798, 48.8484], [2.2791, 48.8479], [2.2788, 48.8477], [2.2776, 48.8468], [2.2775, 48.8467], [2.2773, 48.8466], [2.277, 48.8463]], [[2.277, 48.8463], [2.2767, 48.8461]], [[2.2767, 48.8461], [2.2765, 48.8459], [2.2763, 48.8458], [2.2762, 48.8457], [2.276, 48.8455], [2.2758, 48.8452], [2.275, 48.8444], [2.2749, 48.8443], [2.2743, 48.8437]], [[2.2743, 48.8436], [2.2742, 48.8435], [2.2738, 48.843], [2.2735, 48.8428], [2.2731, 48.8424]], [[2.2731, 48.8424], [2.2722, 48.8414]], [[2.2722, 48.8414], [2.2718, 48.841], [2.2716, 48.8408], [2.2715, 48.8406]], [[2.2715, 48.8406], [2.2712, 48.84]], [[2.2712, 48.84], [2.2711, 48.8398], [2.271, 48.8397], [2.2709, 48.8396], [2.2709, 48.8395]], [[2.2709, 48.8395], [2.2708, 48.8394], [2.2705, 48.8391], [2.2699, 48.8384]], [[2.2699, 48.8384], [2.2697, 48.8382], [2.2695, 48.838], [2.2695, 48.8379], [2.2694, 48.8378], [2.2692, 48.8375]], [[2.2692, 48.8375], [2.2689, 48.8371], [2.2687, 48.8369], [2.2686, 48.8367], [2.2684, 48.8364], [2.2681, 48.8358], [2.268, 48.8354]], [[2.268, 48.8354], [2.2679, 48.8352], [2.2676, 48.8346], [2.2675, 48.8345]], [[2.2675, 48.8345], [2.2674, 48.8344], [2.2673, 48.8343], [2.2671, 48.834]], [[2.2671, 48.834], [2.267, 48.8339], [2.2669, 48.8337]], [[2.2669, 48.8337], [2.2658, 48.8327], [2.2657, 48.8325], [2.2654, 48.8322], [2.2647, 48.8314], [2.2642, 48.8308], [2.2635, 48.8299], [2.2633, 48.8295], [2.2631, 48.8293]], [[2.2631, 48.8293], [2.263, 48.8291]], [[2.263, 48.8291], [2.2628, 48.8289], [2.2628, 48.8288], [2.2627, 48.8286]], [[2.2627, 48.8286], [2.2626, 48.8285], [2.2626, 48.8284], [2.2625, 48.8282], [2.2624, 48.828], [2.2623, 48.8278], [2.2623, 48.8276]], [[2.2623, 48.8276], [2.2623, 48.8275], [2.2623, 48.8274], [2.2622, 48.8271], [2.2622, 48.827], [2.2622, 48.8269], [2.2622, 48.8267], [2.2622, 48.8266]], [[2.2622, 48.8265], [2.2622, 48.8263], [2.2622, 48.8262], [2.2623, 48.8261], [2.2623, 48.826], [2.2623, 48.8257], [2.2625, 48.825], [2.2625, 48.8246], [2.2626, 48.8242]], [[2.2626, 48.8242], [2.2625, 48.8239], [2.2625, 48.8237], [2.2625, 48.8236], [2.2625, 48.8235], [2.2625, 48.8233], [2.2624, 48.8232], [2.2624, 48.823], [2.2623, 48.8229], [2.2623, 48.8228], [2.2622, 48.8225], [2.2621, 48.8224], [2.2619, 48.8221], [2.2618, 48.8219], [2.2615, 48.8216], [2.2613, 48.8214], [2.2612, 48.8212], [2.2609, 48.8209], [2.2607, 48.8207], [2.2604, 48.8206], [2.2602, 48.8204], [2.26, 48.8203], [2.2597, 48.8201], [2.2595, 48.82], [2.2593, 48.8199]], [[2.2593, 48.8199], [2.2591, 48.8198], [2.259, 48.8198], [2.2589, 48.8197], [2.2586, 48.8196], [2.2584, 48.8195]], [[2.2584, 48.8195], [2.2582, 48.8194], [2.2579, 48.8193], [2.2576, 48.8192], [2.2572, 48.8191], [2.2566, 48.8189], [2.2562, 48.8187], [2.2559, 48.8187], [2.2555, 48.8185], [2.2551, 48.8184]], [[2.2551, 48.8184], [2.2548, 48.8184], [2.2547, 48.8183], [2.254, 48.8182], [2.2535, 48.8181], [2.2523, 48.8178], [2.2517, 48.8177], [2.2514, 48.8176], [2.2511, 48.8175], [2.2507, 48.8173], [2.2504, 48.8172], [2.2502, 48.8171]], [[2.2502, 48.8171], [2.2499, 48.817], [2.2497, 48.8168], [2.2494, 48.8167], [2.2491, 48.8165], [2.249, 48.8164]], [[2.249, 48.8164], [2.2489, 48.8162], [2.2486, 48.816], [2.2484, 48.8158], [2.2481, 48.8156], [2.2479, 48.8153], [2.2478, 48.8152], [2.2477, 48.815], [2.2475, 48.8146]], [[2.2475, 48.8146], [2.2473, 48.8143], [2.2471, 48.8139]], [[2.2471, 48.8139], [2.2468, 48.8132]], [[2.2468, 48.8132], [2.2466, 48.813]], [[2.2466, 48.813], [2.2464, 48.8126], [2.2461, 48.8123], [2.246, 48.8121], [2.2457, 48.8118]], [[2.2457, 48.8118], [2.2456, 48.8117]], [[2.2456, 48.8117], [2.2454, 48.8115], [2.2452, 48.8113], [2.2449, 48.8111], [2.2447, 48.811], [2.2442, 48.8107], [2.2434, 48.81], [2.2432, 48.8099], [2.2429, 48.8096], [2.2426, 48.8094], [2.2424, 48.8093], [2.2423, 48.8091], [2.2421, 48.8089], [2.242, 48.8088], [2.2416, 48.8083], [2.2412, 48.8078], [2.2404, 48.8068], [2.2401, 48.8065]], [[2.2401, 48.8065], [2.2393, 48.8055], [2.2391, 48.8053], [2.2389, 48.8051], [2.2387, 48.8049], [2.2385, 48.8047], [2.2382, 48.8045], [2.238, 48.8043], [2.2377, 48.8041], [2.2374, 48.8039], [2.2372, 48.8037], [2.2369, 48.8036], [2.2366, 48.8034], [2.2363, 48.8033], [2.2359, 48.8031], [2.2356, 48.803], [2.2353, 48.8028], [2.2349, 48.8027], [2.2346, 48.8026], [2.2342, 48.8025], [2.2339, 48.8024], [2.2335, 48.8023], [2.2331, 48.8023], [2.233, 48.8022], [2.2328, 48.8022], [2.2324, 48.8021], [2.232, 48.8021], [2.2316, 48.8021], [2.2182, 48.801], [2.2077, 48.8001], [2.1972, 48.7993]], [[2.1972, 48.7993], [2.1967, 48.7993], [2.1961, 48.7992], [2.1947, 48.799], [2.1941, 48.799], [2.1935, 48.7989], [2.193, 48.7988], [2.1925, 48.7988], [2.1921, 48.7987], [2.1916, 48.7987], [2.191, 48.7986], [2.1905, 48.7986], [2.1899, 48.7986], [2.1894, 48.7986], [2.1888, 48.7987], [2.1885, 48.7987], [2.1883, 48.7987], [2.1879, 48.7988], [2.1878, 48.7988]], [[2.1878, 48.7988], [2.1873, 48.7989], [2.1868, 48.799], [2.1866, 48.799], [2.1861, 48.7991], [2.1855, 48.7992]], [[2.1855, 48.7992], [2.1851, 48.7993]], [[2.1851, 48.7993], [2.1841, 48.7995]], [[2.1841, 48.7995], [2.1838, 48.7995], [2.1833, 48.7996], [2.1828, 48.7997], [2.1825, 48.7998], [2.1821, 48.7999], [2.1819, 48.8]], [[2.1819, 48.8], [2.1814, 48.8002], [2.1808, 48.8003]], [[2.1808, 48.8003], [2.1804, 48.8004], [2.1801, 48.8005], [2.1796, 48.8006], [2.1792, 48.8007], [2.1789, 48.8007], [2.1786, 48.8007], [2.1783, 48.8007], [2.178, 48.8007], [2.1776, 48.8007], [2.177, 48.8007], [2.176, 48.8007], [2.1757, 48.8007], [2.175, 48.8007], [2.1744, 48.8007], [2.1739, 48.8007], [2.173, 48.8007]], [[2.173, 48.8007], [2.1728, 48.8007], [2.172, 48.8007], [2.1717, 48.8007]], [[2.1717, 48.8007], [2.1713, 48.8007], [2.1709, 48.8007]], [[2.1709, 48.8007], [2.1701, 48.8007]], [[2.1701, 48.8007], [2.1698, 48.8006], [2.1695, 48.8006], [2.1686, 48.8005], [2.168, 48.8004], [2.1676, 48.8003], [2.1672, 48.8003], [2.1667, 48.8002], [2.166, 48.8], [2.1654, 48.7999], [2.1649, 48.7997], [2.1643, 48.7995], [2.1636, 48.7993], [2.1634, 48.7993], [2.1633, 48.7992], [2.1628, 48.799], [2.1622, 48.7988], [2.1616, 48.7987], [2.1611, 48.7985]], [[2.1611, 48.7985], [2.1608, 48.7984]], [[2.1608, 48.7984], [2.1605, 48.7983], [2.1603, 48.7982], [2.1599, 48.7981], [2.1597, 48.7981], [2.1595, 48.798], [2.159, 48.7979], [2.1585, 48.7978], [2.1582, 48.7977], [2.1579, 48.7976]], [[2.1579, 48.7976], [2.1575, 48.7975], [2.1572, 48.7974], [2.1567, 48.7973]], [[2.1567, 48.7973], [2.1562, 48.7971], [2.1559, 48.797], [2.1555, 48.7969], [2.1552, 48.7969], [2.1547, 48.7968]], [[2.1547, 48.7968], [2.1547, 48.7967]], [[2.1547, 48.7967], [2.1545, 48.7967], [2.1543, 48.7967]], [[2.1543, 48.7967], [2.1542, 48.7966]], [[2.1542, 48.7966], [2.154, 48.7966], [2.1531, 48.7963], [2.1529, 48.7963], [2.1526, 48.7962], [2.1524, 48.7962], [2.1522, 48.7962], [2.152, 48.7961], [2.1517, 48.7961]], [[2.1517, 48.7961], [2.1516, 48.7961], [2.1513, 48.796], [2.151, 48.796], [2.1508, 48.796], [2.1507, 48.796], [2.15, 48.7959], [2.1487, 48.7959], [2.1482, 48.7959], [2.1465, 48.7959], [2.1454, 48.7958]], [[2.1454, 48.7958], [2.1447, 48.7958], [2.144, 48.7958], [2.1439, 48.7958], [2.1431, 48.7957], [2.1423, 48.7957]], [[2.1423, 48.7957], [2.1411, 48.7957], [2.141, 48.7956], [2.1401, 48.7956], [2.1394, 48.7956]], [[2.1394, 48.7956], [2.1387, 48.7955]], [[2.1387, 48.7955], [2.1385, 48.7955]], [[2.1385, 48.7955], [2.1383, 48.7955], [2.1382, 48.7955], [2.1381, 48.7955], [2.1379, 48.7955], [2.1374, 48.7955], [2.1372, 48.7954], [2.1371, 48.7954], [2.1367, 48.7954], [2.1356, 48.7952], [2.1353, 48.7951], [2.1351, 48.7951], [2.1348, 48.7951], [2.1346, 48.795], [2.1344, 48.795], [2.1343, 48.7949], [2.134, 48.7949], [2.1338, 48.7948], [2.1335, 48.7947], [2.1333, 48.7946], [2.1331, 48.7945], [2.133, 48.7945], [2.1329, 48.7944], [2.1328, 48.7944]], [[2.1328, 48.7944], [2.1318, 48.794]], [[2.1318, 48.794], [2.1316, 48.7939], [2.131, 48.7935], [2.1306, 48.7934], [2.1301, 48.7931]], [[2.1301, 48.7931], [2.1297, 48.793], [2.1295, 48.7929], [2.1293, 48.7928], [2.1291, 48.7927], [2.1288, 48.7926], [2.1284, 48.7925], [2.1283, 48.7925], [2.128, 48.7924], [2.1277, 48.7923], [2.1275, 48.7923], [2.1273, 48.7922], [2.1272, 48.7922], [2.1271, 48.7922]], [[2.1271, 48.7922], [2.1269, 48.7922], [2.1265, 48.7921], [2.126, 48.7921], [2.1254, 48.792], [2.125, 48.792], [2.1247, 48.792], [2.1245, 48.792], [2.1243, 48.792], [2.1241, 48.792], [2.1239, 48.792], [2.1236, 48.792], [2.1234, 48.792], [2.1227, 48.792], [2.1221, 48.7921], [2.1205, 48.7923]], [[2.1205, 48.7923], [2.1204, 48.7923]], [[2.1204, 48.7923], [2.119, 48.7925], [2.1185, 48.7925]], [[2.1185, 48.7925], [2.1181, 48.7926], [2.1166, 48.7927], [2.116, 48.7928], [2.1156, 48.7929], [2.1154, 48.7929], [2.1153, 48.793]], [[2.1153, 48.793], [2.115, 48.793]], [[2.115, 48.793], [2.1148, 48.793], [2.1142, 48.7932], [2.1136, 48.7933], [2.1131, 48.7935], [2.1124, 48.7937], [2.1119, 48.7938], [2.1115, 48.794], [2.1109, 48.7942], [2.1096, 48.7947], [2.1091, 48.7949], [2.1087, 48.7951], [2.1082, 48.7952], [2.1078, 48.7953], [2.1073, 48.7954], [2.1069, 48.7955], [2.1065, 48.7956], [2.1064, 48.7956], [2.1059, 48.7956], [2.1054, 48.7957], [2.1049, 48.7957], [2.1044, 48.7957], [2.104, 48.7957], [2.1035, 48.7956], [2.103, 48.7956], [2.1015, 48.7954], [2.1008, 48.7954], [2.0999, 48.7953], [2.0977, 48.7951], [2.0965, 48.7949], [2.0948, 48.7948], [2.0939, 48.7947], [2.0931, 48.7946], [2.0924, 48.7945], [2.092, 48.7945], [2.0917, 48.7945], [2.0911, 48.7945], [2.0905, 48.7945], [2.0899, 48.7945], [2.0893, 48.7946], [2.0887, 48.7947], [2.0886, 48.7947], [2.0881, 48.7948], [2.0875, 48.7949], [2.0869, 48.795], [2.0863, 48.7951], [2.0857, 48.7953], [2.0852, 48.7955], [2.0846, 48.7957], [2.084, 48.7959], [2.0834, 48.7962], [2.082, 48.7967], [2.0816, 48.7969], [2.0813, 48.797], [2.0807, 48.7973], [2.0802, 48.7975], [2.0796, 48.7977], [2.0791, 48.7979], [2.0785, 48.798], [2.0779, 48.7982], [2.0774, 48.7983], [2.0772, 48.7983], [2.0769, 48.7984], [2.0766, 48.7984], [2.0764, 48.7984], [2.0762, 48.7985], [2.0756, 48.7985], [2.0753, 48.7986], [2.075, 48.7986], [2.0743, 48.7986], [2.0739, 48.7986], [2.0737, 48.7987], [2.0732, 48.7987], [2.0729, 48.7986]], [[2.0729, 48.7986], [2.0727, 48.7986], [2.0725, 48.7986], [2.0722, 48.7986]], [[2.0722, 48.7986], [2.072, 48.7986]], [[2.072, 48.7986], [2.0718, 48.7986]], [[2.0718, 48.7986], [2.0715, 48.7985], [2.0711, 48.7985], [2.0706, 48.7984], [2.0699, 48.7983], [2.0694, 48.7982], [2.069, 48.7981], [2.0687, 48.798], [2.068, 48.7979], [2.0679, 48.7978]], [[2.0679, 48.7978], [2.0674, 48.7977], [2.0671, 48.7977], [2.0668, 48.7976], [2.0664, 48.7975], [2.0661, 48.7974], [2.066, 48.7974], [2.0659, 48.7974], [2.0656, 48.7973], [2.0655, 48.7973], [2.0653, 48.7972], [2.0652, 48.7972], [2.065, 48.7971], [2.0648, 48.7971], [2.0646, 48.7971], [2.0644, 48.797], [2.0643, 48.7969], [2.0641, 48.7969], [2.0639, 48.7968], [2.0637, 48.7968], [2.0635, 48.7967], [2.0633, 48.7966], [2.063, 48.7965], [2.0628, 48.7964], [2.0626, 48.7963], [2.0624, 48.7962], [2.0622, 48.7961], [2.062, 48.796], [2.0618, 48.796], [2.0615, 48.7958], [2.0609, 48.7955], [2.0603, 48.7952], [2.0596, 48.7949], [2.0589, 48.7945], [2.0563, 48.7932], [2.0556, 48.7929], [2.0547, 48.7924], [2.0538, 48.792], [2.053, 48.7916], [2.0523, 48.7912], [2.0516, 48.7908], [2.0506, 48.7903], [2.0498, 48.7899], [2.0487, 48.7893], [2.0479, 48.7889], [2.0473, 48.7886], [2.0468, 48.7883], [2.0458, 48.7878]], [[2.0458, 48.7878], [2.0434, 48.7866], [2.0433, 48.7865]], [[2.1567, 48.7973], [2.1564, 48.7972], [2.1562, 48.7971], [2.156, 48.7971], [2.1559, 48.7971], [2.1557, 48.797], [2.1555, 48.797], [2.1554, 48.7969], [2.1552, 48.7969], [2.1551, 48.7969], [2.155, 48.7969], [2.1548, 48.7969], [2.1542, 48.7968]], [[2.1541, 48.7968], [2.1533, 48.7967], [2.1514, 48.7964]], [[2.1514, 48.7964], [2.1511, 48.7964], [2.1507, 48.7963], [2.1503, 48.7963], [2.1496, 48.7962], [2.1489, 48.7962], [2.1482, 48.7962], [2.1474, 48.7962], [2.1467, 48.7962], [2.146, 48.7962], [2.145, 48.7963], [2.144, 48.7964], [2.1431, 48.7966]], [[2.1431, 48.7966], [2.1427, 48.7967]], [[2.1427, 48.7967], [2.1418, 48.7969], [2.141, 48.797], [2.1379, 48.7979], [2.1365, 48.7983], [2.1353, 48.7986]], [[2.1353, 48.7986], [2.1348, 48.7987]], [[2.1348, 48.7987], [2.1344, 48.7988], [2.1342, 48.7989]], [[2.1342, 48.7989], [2.1333, 48.7991]], [[2.1333, 48.7991], [2.133, 48.7992]], [[2.133, 48.7992], [2.1327, 48.7993]], [[2.1327, 48.7993], [2.1321, 48.7994], [2.132, 48.7994]], [[2.132, 48.7994], [2.1319, 48.7995]], [[2.1319, 48.7995], [2.1318, 48.7995], [2.1314, 48.7996], [2.1301, 48.7999], [2.1291, 48.8002], [2.129, 48.8002]], [[2.1317, 48.7996], [2.1314, 48.7997], [2.1309, 48.7998], [2.1304, 48.8], [2.1301, 48.8], [2.1291, 48.8003], [2.129, 48.8003], [2.1309, 48.7998], [2.1313, 48.7996], [2.1319, 48.7995], [2.1317, 48.7996]], [[2.1535, 48.7967], [2.1535, 48.7968], [2.1532, 48.7967], [2.1527, 48.7967], [2.1521, 48.7966], [2.1514, 48.7965], [2.1509, 48.7964], [2.1505, 48.7964], [2.1505, 48.7963], [2.1506, 48.7963], [2.1512, 48.7964], [2.1524, 48.7966], [2.1529, 48.7966], [2.1529, 48.7967], [2.153, 48.7967], [2.1531, 48.7967], [2.1532, 48.7967], [2.1534, 48.7967], [2.1535, 48.7967]], [[2.1291, 48.8003], [2.1301, 48.8], [2.1309, 48.7998], [2.1315, 48.7997], [2.1318, 48.7996], [2.1319, 48.7995]], [[2.1319, 48.7995], [2.1321, 48.7995]], [[2.1321, 48.7995], [2.1326, 48.7994]], [[2.1326, 48.7994], [2.133, 48.7992]], [[2.133, 48.7992], [2.1333, 48.7992]], [[2.1333, 48.7992], [2.1342, 48.7989]], [[2.1342, 48.7989], [2.1344, 48.7989], [2.1348, 48.7987]], [[2.1353, 48.7986], [2.1365, 48.7983], [2.1379, 48.7979], [2.1396, 48.7975], [2.1411, 48.7971], [2.1418, 48.7969], [2.1427, 48.7967]], [[2.1431, 48.7966], [2.1434, 48.7966], [2.1441, 48.7965], [2.145, 48.7964], [2.146, 48.7963], [2.1467, 48.7962], [2.1474, 48.7962], [2.148, 48.7962], [2.1487, 48.7962], [2.1496, 48.7963], [2.1504, 48.7964]], [[2.1504, 48.7964], [2.1506, 48.7964], [2.151, 48.7964], [2.1514, 48.7965], [2.1527, 48.7967], [2.1534, 48.7968], [2.1538, 48.7968], [2.154, 48.7969]], [[2.154, 48.7969], [2.1542, 48.7969]], [[2.1542, 48.7969], [2.1543, 48.7969], [2.1546, 48.797], [2.1551, 48.7971], [2.1556, 48.7972]], [[2.1556, 48.7972], [2.156, 48.7973], [2.1561, 48.7974]], [[2.1576, 48.7977], [2.1575, 48.7977], [2.1573, 48.7976], [2.1572, 48.7976], [2.1569, 48.7975], [2.1567, 48.7975], [2.1561, 48.7974]]]}, "properties": {"ref": "C", "opened_year": 1979, "is_central_tunnel": false, "segment_count": 838}}, {"type": "Feature", "geometry": {"type": "MultiLineString", "coordinates": [[[2.3455, 48.8534], [2.3448, 48.8536], [2.3446, 48.8537], [2.3445, 48.8537], [2.3444, 48.8538], [2.3443, 48.8538], [2.3441, 48.8539], [2.3436, 48.8541]], [[2.3469, 48.853], [2.3468, 48.8531], [2.3467, 48.8531], [2.3465, 48.8532], [2.3456, 48.8534], [2.3455, 48.8534]], [[2.3581, 48.849], [2.3583, 48.8489]], [[2.3583, 48.8489], [2.3584, 48.8488], [2.3586, 48.8487], [2.3588, 48.8486]], [[2.3588, 48.8486], [2.3589, 48.8485]], [[2.3589, 48.8485], [2.3591, 48.8484]], [[2.3591, 48.8484], [2.3592, 48.8483]], [[2.3592, 48.8483], [2.3597, 48.848]], [[2.3597, 48.848], [2.3598, 48.8479]], [[2.3598, 48.8479], [2.3614, 48.8468]], [[2.3614, 48.8468], [2.3626, 48.846], [2.3629, 48.8458]], [[2.3629, 48.8458], [2.3639, 48.8451], [2.3642, 48.8449]], [[2.3642, 48.8449], [2.3643, 48.8449], [2.3645, 48.8447], [2.3647, 48.8445], [2.3648, 48.8443], [2.3649, 48.8442], [2.365, 48.844], [2.365, 48.8438], [2.3651, 48.8437], [2.3651, 48.8432], [2.3651, 48.843], [2.3652, 48.8428], [2.3653, 48.8426], [2.3655, 48.8424]], [[2.3654, 48.8423], [2.3654, 48.8424], [2.3651, 48.8429], [2.365, 48.843], [2.365, 48.8432], [2.3649, 48.8437], [2.3649, 48.8439], [2.3649, 48.8441], [2.3647, 48.8444], [2.3645, 48.8446], [2.3644, 48.8447], [2.3642, 48.8448], [2.3641, 48.8449]], [[2.3641, 48.8449], [2.3633, 48.8455], [2.3632, 48.8456], [2.3629, 48.8458]], [[2.3629, 48.8458], [2.3614, 48.8468]], [[2.3614, 48.8468], [2.3597, 48.8479]], [[2.3597, 48.8479], [2.3596, 48.8479]], [[2.3596, 48.8479], [2.3592, 48.8482]], [[2.3592, 48.8482], [2.359, 48.8483]], [[2.359, 48.8483], [2.3589, 48.8485]], [[2.3589, 48.8485], [2.3587, 48.8486]], [[2.3587, 48.8486], [2.3585, 48.8487], [2.3584, 48.8488], [2.3583, 48.8489]], [[2.3469, 48.853], [2.3468, 48.8531], [2.3466, 48.8531], [2.3464, 48.8532], [2.3456, 48.8534], [2.3447, 48.8536], [2.3445, 48.8537], [2.3444, 48.8537], [2.3442, 48.8538], [2.3441, 48.8539], [2.3436, 48.8541]]]}, "properties": {"ref": "C", "opened_year": 1979, "is_central_tunnel": true, "segment_count": 24}}, {"type": "Feature", "geometry": {"type": "MultiLineString", "coordinates": [[[2.4745, 48.6156], [2.4744, 48.6154], [2.4744, 48.6152], [2.4743, 48.6151], [2.4743, 48.615], [2.4742, 48.6148], [2.4741, 48.6147], [2.4741, 48.6146], [2.474, 48.6146], [2.4738, 48.6144], [2.4737, 48.6143], [2.4736, 48.6141], [2.4734, 48.614], [2.4731, 48.6138], [2.4724, 48.6132]], [[2.4745, 48.6161], [2.4745, 48.6159], [2.4745, 48.6158], [2.4745, 48.6157], [2.4745, 48.6156]], [[2.4745, 48.6161], [2.4745, 48.6162]], [[2.4745, 48.6162], [2.4745, 48.6163], [2.4745, 48.6164], [2.4745, 48.6165]], [[2.4745, 48.6165], [2.4744, 48.6167], [2.4744, 48.6169], [2.4743, 48.617]], [[2.4743, 48.617], [2.4742, 48.6173], [2.4741, 48.6174], [2.474, 48.6176], [2.4739, 48.6178], [2.4737, 48.6179], [2.4736, 48.6181], [2.4734, 48.6182], [2.4732, 48.6184], [2.473, 48.6185], [2.4728, 48.6187], [2.4723, 48.619], [2.4717, 48.6194], [2.4709, 48.6199], [2.4703, 48.6202], [2.4701, 48.6203], [2.4699, 48.6205], [2.4698, 48.6205]], [[2.4698, 48.6205], [2.4696, 48.6206], [2.4694, 48.6207], [2.4693, 48.6207], [2.4691, 48.6209], [2.4688, 48.621], [2.4686, 48.6211], [2.4684, 48.6212], [2.4681, 48.6213], [2.4678, 48.6213], [2.4677, 48.6214], [2.4674, 48.6215], [2.4671, 48.6216], [2.4668, 48.6216], [2.4665, 48.6217], [2.4664, 48.6217], [2.4663, 48.6217], [2.4662, 48.6217], [2.4661, 48.6218], [2.4624, 48.6225]], [[2.4624, 48.6225], [2.4591, 48.6232], [2.4586, 48.6233], [2.458, 48.6234], [2.4572, 48.6235]], [[2.4572, 48.6235], [2.4563, 48.6235]], [[2.4563, 48.6235], [2.4558, 48.6235], [2.4552, 48.6235], [2.4541, 48.6234]], [[2.4541, 48.6234], [2.4508, 48.6233], [2.4476, 48.6231], [2.4473, 48.6231]], [[2.4473, 48.6231], [2.4469, 48.6231], [2.4466, 48.6232], [2.4458, 48.6232], [2.4448, 48.6234], [2.4441, 48.6235], [2.443, 48.6239], [2.4416, 48.6244], [2.4404, 48.6248]], [[2.4404, 48.6248], [2.4402, 48.6248], [2.4392, 48.6251], [2.4384, 48.6252], [2.4373, 48.6253], [2.4358, 48.6254], [2.4339, 48.6256]], [[2.4339, 48.6256], [2.4329, 48.6257], [2.4318, 48.6258]], [[2.4318, 48.6258], [2.4299, 48.6259], [2.4274, 48.6261]], [[2.4274, 48.6261], [2.4261, 48.6262], [2.4256, 48.6262], [2.4252, 48.6263], [2.4248, 48.6263], [2.4243, 48.6264], [2.424, 48.6264], [2.4238, 48.6265]], [[2.4238, 48.6265], [2.4236, 48.6265], [2.4233, 48.6266], [2.4231, 48.6266], [2.4228, 48.6267], [2.4224, 48.6269], [2.4221, 48.627], [2.4219, 48.6271], [2.4217, 48.6272], [2.4215, 48.6273], [2.4213, 48.6274], [2.4211, 48.6275], [2.4208, 48.6276], [2.4206, 48.6277], [2.4204, 48.6279], [2.4202, 48.628], [2.4201, 48.6281], [2.4199, 48.6282], [2.4197, 48.6284], [2.4195, 48.6286], [2.4194, 48.6287], [2.4192, 48.6289], [2.4191, 48.6291], [2.419, 48.6292], [2.4189, 48.6293], [2.4188, 48.6294], [2.4187, 48.6295], [2.4187, 48.6296], [2.4186, 48.6298], [2.4185, 48.63], [2.4184, 48.6302], [2.4183, 48.6304], [2.4183, 48.6306], [2.4181, 48.631], [2.418, 48.6313], [2.418, 48.6315], [2.4178, 48.6319], [2.4178, 48.6321], [2.4178, 48.6322], [2.4177, 48.6324], [2.4176, 48.6326], [2.4174, 48.6329], [2.4173, 48.633], [2.4172, 48.6333], [2.417, 48.6335], [2.4169, 48.6336], [2.4168, 48.6338], [2.4165, 48.634], [2.4164, 48.6341], [2.4161, 48.6343], [2.416, 48.6345], [2.4157, 48.6347], [2.4155, 48.6348], [2.4152, 48.635], [2.415, 48.6351], [2.4148, 48.6352], [2.4144, 48.6354], [2.4141, 48.6355], [2.4135, 48.6358], [2.4134, 48.6358]], [[2.4134, 48.6358], [2.4131, 48.6359], [2.4129, 48.6359], [2.4128, 48.636]], [[2.4128, 48.636], [2.4123, 48.6361], [2.4119, 48.6362], [2.4111, 48.6363], [2.4107, 48.6363], [2.4103, 48.6363], [2.4097, 48.6363], [2.4087, 48.6363], [2.4079, 48.6363]], [[2.4079, 48.6363], [2.4077, 48.6363], [2.4076, 48.6363]], [[2.4076, 48.6363], [2.4064, 48.6363], [2.4059, 48.6363], [2.4052, 48.6363], [2.4047, 48.6363], [2.4044, 48.6364], [2.4041, 48.6364], [2.4039, 48.6364], [2.4037, 48.6364], [2.4034, 48.6365], [2.403, 48.6365], [2.4027, 48.6366], [2.4022, 48.6367], [2.4017, 48.6368], [2.4013, 48.6369], [2.401, 48.6371], [2.4006, 48.6372], [2.4003, 48.6374], [2.3999, 48.6376], [2.3996, 48.6378], [2.3992, 48.638], [2.3988, 48.6382], [2.3985, 48.6384], [2.3981, 48.6387], [2.3975, 48.6391], [2.397, 48.6395]], [[2.397, 48.6395], [2.3964, 48.64], [2.3958, 48.6405], [2.394, 48.6422], [2.3935, 48.6426], [2.3931, 48.6431], [2.3928, 48.6434], [2.3925, 48.6437], [2.3923, 48.644], [2.3921, 48.6443], [2.392, 48.6447], [2.3919, 48.6449], [2.3918, 48.6452], [2.3917, 48.6455], [2.3917, 48.6457], [2.3917, 48.646], [2.3917, 48.6463], [2.3917, 48.6465], [2.3917, 48.6468]], [[2.3917, 48.6468], [2.3918, 48.6471], [2.392, 48.6475], [2.3925, 48.6484], [2.3951, 48.6523], [2.3959, 48.6535]], [[2.3959, 48.6535], [2.3964, 48.6542], [2.3976, 48.6561], [2.3981, 48.6569], [2.3984, 48.6573]], [[2.3984, 48.6573], [2.3991, 48.6583], [2.3997, 48.6592], [2.4002, 48.6601], [2.4005, 48.6606], [2.4007, 48.6611], [2.4009, 48.6616], [2.401, 48.6622]], [[2.401, 48.6622], [2.401, 48.6626], [2.401, 48.6627], [2.401, 48.663]], [[2.401, 48.663], [2.4009, 48.6636], [2.4007, 48.6643], [2.4005, 48.6648], [2.4004, 48.665], [2.4002, 48.6653]], [[2.4002, 48.6653], [2.3999, 48.6657], [2.3998, 48.6658], [2.3997, 48.666], [2.3996, 48.6661], [2.3994, 48.6663], [2.3988, 48.6669], [2.3982, 48.6673], [2.3977, 48.6678]], [[2.3977, 48.6678], [2.3976, 48.6678]], [[2.3976, 48.6678], [2.3973, 48.6681]], [[2.3973, 48.6681], [2.3969, 48.6683], [2.3965, 48.6686], [2.3958, 48.6692], [2.3949, 48.6699], [2.3945, 48.6702], [2.3943, 48.6703], [2.3938, 48.6707], [2.3936, 48.6708]], [[2.3936, 48.6708], [2.3926, 48.6717], [2.3918, 48.6722]], [[2.3918, 48.6722], [2.3916, 48.6724], [2.3912, 48.6727], [2.3909, 48.6729], [2.3903, 48.6734], [2.3899, 48.6737], [2.3895, 48.674], [2.3891, 48.6743], [2.3885, 48.6747], [2.3882, 48.675], [2.3878, 48.6753], [2.3875, 48.6756], [2.3872, 48.6758], [2.3871, 48.6758], [2.3868, 48.6761], [2.3866, 48.6762]], [[2.3866, 48.6762], [2.3863, 48.6765]], [[2.3863, 48.6765], [2.3861, 48.6766]], [[2.3861, 48.6766], [2.3858, 48.6768], [2.3853, 48.6772]], [[2.3853, 48.6772], [2.3847, 48.6777], [2.3845, 48.6779], [2.3843, 48.678], [2.3842, 48.6781], [2.384, 48.6784], [2.3838, 48.6786], [2.3836, 48.6787], [2.3835, 48.6789]], [[2.3835, 48.6789], [2.3834, 48.679]], [[2.3834, 48.679], [2.3832, 48.6792], [2.3831, 48.6794], [2.3829, 48.6796], [2.3827, 48.6799], [2.3825, 48.6802], [2.3824, 48.6804], [2.3823, 48.6807], [2.3821, 48.681], [2.382, 48.6813], [2.3818, 48.6817], [2.3817, 48.6819], [2.3817, 48.6821], [2.3816, 48.6823], [2.3816, 48.6825], [2.3815, 48.6827], [2.3815, 48.6831], [2.3815, 48.6833], [2.3815, 48.6835], [2.3815, 48.6837], [2.3815, 48.6843], [2.3815, 48.6844]], [[2.3815, 48.6844], [2.3815, 48.6845]], [[2.3815, 48.6845], [2.3815, 48.6849], [2.3815, 48.6852], [2.3816, 48.6853], [2.3816, 48.6855], [2.3817, 48.6859]], [[2.3817, 48.6859], [2.3818, 48.6862], [2.3819, 48.6866], [2.3821, 48.687]], [[2.3821, 48.687], [2.3824, 48.6877], [2.3825, 48.6879], [2.3827, 48.6882], [2.3828, 48.6884]], [[2.3828, 48.6884], [2.3829, 48.6886], [2.3831, 48.6888], [2.3832, 48.6891], [2.3836, 48.6895]], [[2.3836, 48.6895], [2.3837, 48.6896], [2.384, 48.69], [2.3846, 48.6906], [2.3849, 48.6908], [2.3853, 48.6912]], [[2.3853, 48.6912], [2.3864, 48.6922], [2.3865, 48.6923], [2.3867, 48.6925]], [[2.3867, 48.6925], [2.3868, 48.6926], [2.3872, 48.6931], [2.3878, 48.6938], [2.3881, 48.6941], [2.3888, 48.6948], [2.3897, 48.6959], [2.3906, 48.6968], [2.3911, 48.6974], [2.3916, 48.698], [2.3923, 48.6987], [2.3931, 48.6997], [2.3938, 48.7005], [2.3945, 48.7014], [2.3951, 48.7019], [2.3953, 48.7023], [2.3957, 48.7026], [2.3959, 48.7028], [2.3961, 48.7029], [2.3963, 48.703], [2.3965, 48.7032], [2.3967, 48.7033], [2.3969, 48.7034], [2.3971, 48.7035], [2.3973, 48.7036], [2.3975, 48.7037], [2.3977, 48.7038], [2.3979, 48.7039], [2.3982, 48.7039], [2.3984, 48.704], [2.3987, 48.7041], [2.399, 48.7042], [2.3993, 48.7042], [2.3996, 48.7043], [2.3999, 48.7043], [2.4002, 48.7044], [2.4005, 48.7044]], [[2.4005, 48.7044], [2.4037, 48.7047]], [[2.4037, 48.7047], [2.4041, 48.7047], [2.4044, 48.7047], [2.4047, 48.7048], [2.405, 48.7048], [2.4053, 48.7048], [2.4056, 48.7049], [2.4059, 48.7049], [2.4062, 48.705], [2.4065, 48.705], [2.4067, 48.7051], [2.4069, 48.7051], [2.4072, 48.7052], [2.4075, 48.7053], [2.4077, 48.7054], [2.408, 48.7054], [2.4082, 48.7055], [2.4085, 48.7056], [2.4087, 48.7057], [2.409, 48.7058], [2.4092, 48.7058], [2.4094, 48.7059], [2.4097, 48.706], [2.4099, 48.7061], [2.4101, 48.7063], [2.4103, 48.7063], [2.4105, 48.7064], [2.411, 48.7067], [2.4114, 48.7069], [2.4132, 48.7078], [2.4136, 48.708], [2.4143, 48.7084], [2.4147, 48.7086], [2.416, 48.7092], [2.4169, 48.7097], [2.4175, 48.71], [2.4179, 48.7102], [2.4188, 48.7107]], [[2.4188, 48.7107], [2.4197, 48.7112], [2.4202, 48.7114], [2.4206, 48.7116], [2.4209, 48.7118], [2.4219, 48.7123], [2.4225, 48.7126], [2.4241, 48.7134], [2.4244, 48.7135], [2.4247, 48.7137], [2.425, 48.7139], [2.4253, 48.714], [2.4256, 48.7142]], [[2.4256, 48.7142], [2.4261, 48.7145]], [[2.4261, 48.7145], [2.4264, 48.7147], [2.4267, 48.7149], [2.4271, 48.7151], [2.4273, 48.7152], [2.4276, 48.7154], [2.4282, 48.7157], [2.429, 48.7161], [2.4294, 48.7163], [2.4299, 48.7166], [2.4305, 48.7169]], [[2.4305, 48.7169], [2.4306, 48.7169], [2.4312, 48.7172], [2.4319, 48.7175]], [[2.4319, 48.7175], [2.4321, 48.7176]], [[2.4321, 48.7176], [2.4324, 48.7177], [2.4327, 48.7179], [2.433, 48.718], [2.4335, 48.7183], [2.4347, 48.719], [2.435, 48.7192], [2.4354, 48.7194], [2.436, 48.7197], [2.4363, 48.7199], [2.4367, 48.7201], [2.4371, 48.7203], [2.4375, 48.7206], [2.4378, 48.7207], [2.438, 48.7209], [2.4384, 48.7211], [2.4387, 48.7213], [2.4389, 48.7215], [2.4391, 48.7216], [2.4395, 48.7218], [2.4399, 48.7221]], [[2.4399, 48.7221], [2.4404, 48.7223], [2.4407, 48.7225], [2.4411, 48.7227], [2.4413, 48.7229], [2.4414, 48.723], [2.4418, 48.7232], [2.442, 48.7234], [2.4423, 48.7236], [2.4425, 48.7238], [2.4426, 48.724], [2.4428, 48.7242], [2.4429, 48.7244], [2.4431, 48.7246], [2.4432, 48.7248]], [[2.4432, 48.7248], [2.4433, 48.7249], [2.4435, 48.7252], [2.4436, 48.7255], [2.4438, 48.7258]], [[2.4438, 48.7258], [2.444, 48.7262], [2.4442, 48.7265]], [[2.4442, 48.7265], [2.4442, 48.7266], [2.4443, 48.7268], [2.4444, 48.7269], [2.4446, 48.7272], [2.4447, 48.7273], [2.4449, 48.7276], [2.445, 48.7278], [2.4452, 48.7282], [2.4453, 48.7284], [2.4454, 48.7285], [2.4455, 48.7287]], [[2.4455, 48.7287], [2.4455, 48.7288], [2.4456, 48.7289], [2.4456, 48.729], [2.4457, 48.7292]], [[2.4457, 48.7292], [2.4458, 48.7294], [2.4459, 48.7297], [2.4459, 48.7299], [2.446, 48.7302]], [[2.446, 48.7302], [2.4461, 48.7305], [2.4461, 48.7307], [2.4461, 48.7309], [2.4461, 48.731]], [[2.4461, 48.731], [2.4461, 48.7311]], [[2.4461, 48.7311], [2.4461, 48.7312], [2.4462, 48.7314], [2.4462, 48.7317], [2.4462, 48.7321], [2.4462, 48.7324], [2.4461, 48.7327], [2.4461, 48.7332], [2.4461, 48.7334], [2.4461, 48.7335], [2.4461, 48.7338]], [[2.4461, 48.7338], [2.4461, 48.7343], [2.446, 48.7347], [2.446, 48.7349], [2.446, 48.7352], [2.446, 48.7353], [2.4459, 48.7356], [2.4459, 48.7359], [2.4458, 48.7362], [2.4457, 48.7365], [2.4456, 48.737], [2.4456, 48.7372], [2.4455, 48.7373], [2.4455, 48.7374], [2.4454, 48.7376], [2.4454, 48.7377], [2.4453, 48.7379], [2.4452, 48.738], [2.4452, 48.7381], [2.4451, 48.7383], [2.445, 48.7384], [2.4449, 48.7385], [2.4448, 48.7387], [2.4447, 48.7388], [2.4445, 48.739], [2.4444, 48.7391], [2.4442, 48.7393], [2.444, 48.7394], [2.4439, 48.7395], [2.4437, 48.7396], [2.4436, 48.7398], [2.4433, 48.7399], [2.443, 48.7402], [2.4428, 48.7404], [2.4422, 48.7408], [2.4416, 48.7412], [2.4414, 48.7413], [2.4413, 48.7414], [2.4411, 48.7415], [2.441, 48.7416], [2.4409, 48.7418], [2.4407, 48.742], [2.4405, 48.7421], [2.4404, 48.7422], [2.4402, 48.7424], [2.4402, 48.7425], [2.4401, 48.7426], [2.4399, 48.7428], [2.4398, 48.743], [2.4396, 48.7432]], [[2.4396, 48.7432], [2.4394, 48.7435], [2.4392, 48.7437], [2.4391, 48.7438], [2.4389, 48.7441], [2.4389, 48.7442], [2.4388, 48.7443], [2.4387, 48.7444], [2.4386, 48.7446], [2.4385, 48.7447], [2.4385, 48.7448], [2.4384, 48.7449], [2.4384, 48.7451], [2.4383, 48.7452], [2.4383, 48.7453], [2.4382, 48.7455], [2.4382, 48.7456]], [[2.4382, 48.7456], [2.4381, 48.7459]], [[2.4381, 48.7459], [2.4381, 48.746]], [[2.4381, 48.746], [2.438, 48.7462]], [[2.438, 48.7462], [2.438, 48.7464], [2.4379, 48.7467], [2.4378, 48.7471], [2.4377, 48.7474], [2.4376, 48.7476], [2.4374, 48.7479], [2.4374, 48.748], [2.4373, 48.7481], [2.4372, 48.7483], [2.4371, 48.7485], [2.437, 48.7487], [2.4369, 48.7488], [2.4368, 48.7489], [2.4367, 48.7491], [2.4366, 48.7492], [2.4364, 48.7494], [2.4361, 48.7497], [2.4358, 48.7501], [2.4355, 48.7504], [2.4353, 48.7507], [2.4352, 48.7507]], [[2.4352, 48.7507], [2.4351, 48.7509]], [[2.4351, 48.7509], [2.4349, 48.7511], [2.4347, 48.7513], [2.4346, 48.7514], [2.4346, 48.7515], [2.4345, 48.7516], [2.4344, 48.7518], [2.4343, 48.7519], [2.4342, 48.752], [2.4342, 48.7521], [2.4341, 48.7522], [2.4341, 48.7523], [2.434, 48.7525], [2.434, 48.7526], [2.4339, 48.7527], [2.4339, 48.7528], [2.4339, 48.753], [2.4339, 48.7531], [2.4338, 48.7532], [2.4338, 48.7533], [2.4338, 48.7535], [2.4338, 48.7536], [2.4338, 48.754], [2.4338, 48.7544], [2.4338, 48.7547], [2.4338, 48.7551], [2.4339, 48.7553], [2.4339, 48.7557], [2.4339, 48.7559], [2.4339, 48.7562], [2.4338, 48.7565], [2.4338, 48.7569], [2.4338, 48.7571], [2.4338, 48.7575], [2.4338, 48.7578], [2.4337, 48.7584], [2.4337, 48.7588], [2.4337, 48.7592], [2.4337, 48.7595], [2.4336, 48.76], [2.4336, 48.7601], [2.4336, 48.7605], [2.4336, 48.7611], [2.4336, 48.7615], [2.4336, 48.7619], [2.4336, 48.7623], [2.4335, 48.7629], [2.4335, 48.7633], [2.4335, 48.7639]], [[2.4335, 48.7639], [2.4335, 48.7643], [2.4335, 48.7649], [2.4335, 48.7651], [2.4335, 48.7654], [2.4334, 48.766], [2.4334, 48.7662], [2.4334, 48.7664], [2.4334, 48.7668], [2.4334, 48.767], [2.4334, 48.7672], [2.4334, 48.7674], [2.4334, 48.7675], [2.4334, 48.7677], [2.4335, 48.7678], [2.4335, 48.7679], [2.4335, 48.7681], [2.4335, 48.7682], [2.4336, 48.7683], [2.4336, 48.7684], [2.4336, 48.7685], [2.4337, 48.7686], [2.4337, 48.7687], [2.4337, 48.7688], [2.4338, 48.769], [2.4339, 48.7691], [2.4339, 48.7692], [2.434, 48.7694], [2.4341, 48.7695], [2.4342, 48.7697], [2.4343, 48.7699], [2.4344, 48.7701], [2.4345, 48.7702], [2.4346, 48.7704], [2.4347, 48.7706], [2.4348, 48.7707], [2.4349, 48.7709], [2.4351, 48.7711], [2.4352, 48.7714], [2.4353, 48.7715], [2.4354, 48.7717], [2.4355, 48.7719], [2.4356, 48.7721], [2.4357, 48.7722], [2.4357, 48.7723], [2.4358, 48.7724], [2.4358, 48.7725], [2.4359, 48.7726], [2.4359, 48.7727], [2.4359, 48.7728], [2.436, 48.7729], [2.436, 48.7731], [2.436, 48.7732], [2.436, 48.7734], [2.436, 48.7736], [2.4361, 48.7737], [2.4361, 48.7739], [2.4361, 48.7741], [2.4361, 48.7745], [2.436, 48.7747], [2.436, 48.7749], [2.436, 48.7751], [2.436, 48.7753], [2.436, 48.7755], [2.4359, 48.7758], [2.4359, 48.776], [2.4358, 48.7765], [2.4357, 48.7768], [2.4356, 48.7771], [2.4355, 48.7778], [2.4354, 48.778], [2.4354, 48.7782], [2.4353, 48.7784], [2.4353, 48.7785], [2.4353, 48.7786], [2.4353, 48.7787], [2.4352, 48.7789], [2.4352, 48.779], [2.4352, 48.7792], [2.4352, 48.7794], [2.4351, 48.7795], [2.4351, 48.7801], [2.4351, 48.7803], [2.435, 48.7804], [2.435, 48.7806], [2.435, 48.7808], [2.435, 48.781], [2.4349, 48.7812], [2.4349, 48.7813], [2.4348, 48.7815], [2.4348, 48.7817], [2.4347, 48.782], [2.4346, 48.7823], [2.4344, 48.7828], [2.4343, 48.7831], [2.4342, 48.7834], [2.434, 48.7839], [2.4338, 48.7843], [2.4337, 48.7847], [2.4336, 48.785], [2.4335, 48.7852], [2.4332, 48.786], [2.433, 48.7864], [2.4328, 48.7868], [2.4327, 48.7872], [2.4326, 48.7874], [2.4325, 48.7877], [2.4323, 48.7881], [2.4322, 48.7884], [2.4321, 48.7886], [2.4319, 48.789], [2.4318, 48.7895], [2.4317, 48.7898], [2.4314, 48.7903], [2.4313, 48.7906], [2.4312, 48.7909], [2.431, 48.7913], [2.4308, 48.7918], [2.4306, 48.7924], [2.4305, 48.7928], [2.4304, 48.793], [2.4303, 48.7931], [2.4303, 48.7933], [2.4303, 48.7934], [2.4302, 48.7935], [2.4302, 48.7938], [2.4301, 48.794], [2.4301, 48.7941], [2.4301, 48.7943], [2.4301, 48.7944], [2.4301, 48.7948], [2.4301, 48.7953], [2.43, 48.7955], [2.43, 48.7958], [2.43, 48.796], [2.43, 48.7962], [2.4299, 48.7964], [2.4299, 48.7966], [2.4298, 48.7967], [2.4298, 48.7968], [2.4297, 48.797], [2.4297, 48.7971], [2.4296, 48.7973], [2.4295, 48.7975], [2.4295, 48.7976], [2.4293, 48.7978], [2.4292, 48.798], [2.4291, 48.7982], [2.429, 48.7983], [2.4289, 48.7985], [2.4287, 48.7987], [2.4285, 48.799], [2.4283, 48.7992], [2.428, 48.7996], [2.4279, 48.7998], [2.4278, 48.7999], [2.4276, 48.8001], [2.4275, 48.8003], [2.4274, 48.8005], [2.4273, 48.8006], [2.4272, 48.8008], [2.4271, 48.801], [2.427, 48.8012], [2.4269, 48.8013], [2.4268, 48.8015], [2.4267, 48.8017], [2.4266, 48.8019], [2.4265, 48.8023], [2.4264, 48.8024], [2.4262, 48.803], [2.426, 48.8035], [2.4258, 48.8039], [2.4257, 48.8043], [2.4256, 48.8046], [2.4253, 48.8052], [2.4251, 48.8056], [2.4249, 48.8061], [2.4247, 48.8066], [2.4245, 48.8071], [2.4243, 48.8076], [2.4242, 48.8078], [2.4241, 48.808], [2.424, 48.8083], [2.4239, 48.8084], [2.4238, 48.8086], [2.4236, 48.8088], [2.4235, 48.809], [2.4234, 48.8092], [2.4233, 48.8093], [2.4232, 48.8094], [2.4231, 48.8095], [2.4229, 48.8097], [2.4226, 48.81], [2.4224, 48.8101], [2.4222, 48.8103], [2.422, 48.8105], [2.4216, 48.8108], [2.4206, 48.8115], [2.42, 48.8119], [2.4196, 48.8122], [2.4191, 48.8127], [2.4187, 48.813], [2.4182, 48.8136], [2.4176, 48.8141], [2.4175, 48.8143], [2.4174, 48.8144], [2.4173, 48.8146], [2.4172, 48.8147]], [[2.4172, 48.8147], [2.417, 48.8149]], [[2.417, 48.8149], [2.4169, 48.8151], [2.4167, 48.8153], [2.4164, 48.8158], [2.4163, 48.8159]], [[2.4163, 48.8159], [2.4157, 48.8167]], [[2.4157, 48.8167], [2.4156, 48.8169], [2.4155, 48.8171], [2.4154, 48.8172]], [[2.4154, 48.8172], [2.4152, 48.8174], [2.415, 48.8177], [2.4149, 48.8179], [2.4147, 48.8181]], [[2.4147, 48.8181], [2.4146, 48.8183], [2.4144, 48.8185], [2.4143, 48.8187], [2.4142, 48.8189], [2.414, 48.819], [2.4139, 48.8192], [2.4137, 48.8194], [2.4132, 48.8198], [2.413, 48.82], [2.4128, 48.8202], [2.4125, 48.8204], [2.4121, 48.8207], [2.4119, 48.8209], [2.4117, 48.8211], [2.4114, 48.8213], [2.4112, 48.8214], [2.411, 48.8215], [2.4108, 48.8217], [2.4106, 48.8218], [2.4104, 48.822], [2.4101, 48.8222], [2.4098, 48.8223], [2.4096, 48.8224], [2.4094, 48.8226], [2.4092, 48.8226], [2.4091, 48.8227], [2.4088, 48.8229], [2.4086, 48.823], [2.4084, 48.8231], [2.4081, 48.8232], [2.4078, 48.8233], [2.4076, 48.8235], [2.4074, 48.8236], [2.4071, 48.8237], [2.4068, 48.8238], [2.4065, 48.8239], [2.406, 48.824], [2.4055, 48.8242], [2.4051, 48.8244], [2.4048, 48.8245], [2.4045, 48.8246], [2.4042, 48.8248], [2.4039, 48.8249], [2.4036, 48.8251], [2.4033, 48.8252], [2.403, 48.8254], [2.4027, 48.8255], [2.4025, 48.8257], [2.4022, 48.8259], [2.4019, 48.826], [2.4017, 48.8262], [2.4015, 48.8263], [2.4014, 48.8265], [2.401, 48.8267], [2.4007, 48.827], [2.4004, 48.8272], [2.4001, 48.8275], [2.3999, 48.8276], [2.3997, 48.8278], [2.3996, 48.8279], [2.3994, 48.828], [2.3993, 48.8281], [2.3992, 48.8283], [2.3991, 48.8284], [2.3989, 48.8286], [2.3987, 48.8289], [2.3987, 48.829], [2.3986, 48.8291], [2.3985, 48.8293], [2.3984, 48.8294], [2.3983, 48.8297], [2.3982, 48.8301], [2.3981, 48.8303], [2.398, 48.8305], [2.3979, 48.8306], [2.3978, 48.8307], [2.3978, 48.8309], [2.3977, 48.831], [2.3976, 48.8311], [2.3975, 48.8312]], [[2.3975, 48.8312], [2.3974, 48.8314], [2.3972, 48.8315], [2.3971, 48.8316]], [[2.3971, 48.8316], [2.397, 48.8318], [2.3969, 48.8318], [2.3968, 48.8319], [2.3966, 48.8321], [2.3964, 48.8322], [2.3959, 48.8325], [2.3954, 48.8328], [2.3954, 48.8329], [2.3951, 48.833], [2.3949, 48.8332], [2.3945, 48.8334], [2.3944, 48.8335], [2.3942, 48.8336], [2.394, 48.8337], [2.3938, 48.8338], [2.3934, 48.834], [2.3933, 48.8341], [2.3928, 48.8343], [2.3927, 48.8344], [2.3924, 48.8346], [2.3922, 48.8347], [2.3921, 48.8348], [2.3919, 48.8349], [2.3917, 48.8351], [2.3914, 48.8353], [2.3912, 48.8355], [2.391, 48.8358], [2.3907, 48.836], [2.3906, 48.8361], [2.3905, 48.8362], [2.3903, 48.8363]], [[2.3903, 48.8363], [2.3897, 48.8369]], [[2.3897, 48.8369], [2.3895, 48.8371], [2.3893, 48.8373], [2.389, 48.8375], [2.3888, 48.8377], [2.3886, 48.8378], [2.3884, 48.8379], [2.3882, 48.838], [2.3878, 48.8383]], [[2.3878, 48.8383], [2.3875, 48.8384]], [[2.3875, 48.8384], [2.3871, 48.8387], [2.3864, 48.839], [2.3863, 48.8391]], [[2.3863, 48.8391], [2.3854, 48.8396]], [[2.3854, 48.8396], [2.3852, 48.8397], [2.3851, 48.8398], [2.385, 48.8398], [2.3849, 48.8399], [2.3848, 48.8399], [2.3846, 48.84], [2.3845, 48.84], [2.3843, 48.8401], [2.3841, 48.8401], [2.384, 48.8402], [2.3838, 48.8402]], [[2.3838, 48.8402], [2.3835, 48.8403], [2.383, 48.8403], [2.382, 48.8404], [2.3817, 48.8405], [2.3815, 48.8405], [2.3814, 48.8405], [2.3812, 48.8406], [2.381, 48.8406], [2.3801, 48.8409], [2.3796, 48.8411]], [[2.3579, 48.8864], [2.3577, 48.8883], [2.3575, 48.8898]], [[2.3575, 48.8898], [2.3575, 48.8901], [2.3574, 48.8903], [2.3573, 48.8905], [2.3572, 48.8908], [2.3571, 48.8911], [2.3569, 48.8915]], [[2.3569, 48.8915], [2.3566, 48.8921], [2.3565, 48.8923], [2.3564, 48.8926], [2.3561, 48.8931], [2.3559, 48.8936], [2.3557, 48.8939], [2.3556, 48.8943], [2.3554, 48.8947], [2.3554, 48.8948], [2.3553, 48.8949], [2.3552, 48.8952]], [[2.3552, 48.8952], [2.3552, 48.8954], [2.3551, 48.8955], [2.3549, 48.8962], [2.3548, 48.8965], [2.3547, 48.8968]], [[2.3547, 48.8968], [2.3547, 48.897], [2.3546, 48.8972], [2.3546, 48.8974], [2.3545, 48.8976], [2.3545, 48.8979], [2.3545, 48.8981]], [[2.3545, 48.8981], [2.3545, 48.8986]], [[2.3545, 48.8986], [2.3545, 48.899], [2.3544, 48.8997], [2.3544, 48.8999], [2.3544, 48.9001], [2.3542, 48.9009], [2.3541, 48.9013], [2.354, 48.9015], [2.3539, 48.9018], [2.3538, 48.9021], [2.3536, 48.9026], [2.3535, 48.903], [2.3534, 48.9035], [2.3534, 48.9036], [2.3533, 48.9042], [2.3532, 48.9045]], [[2.3532, 48.9045], [2.3531, 48.9052]], [[2.3531, 48.9052], [2.3531, 48.9053], [2.353, 48.9059], [2.353, 48.906]], [[2.353, 48.906], [2.353, 48.9064], [2.3529, 48.9067], [2.3529, 48.9073], [2.3528, 48.9076], [2.3527, 48.9079], [2.3526, 48.9083], [2.3526, 48.9084], [2.3526, 48.9085], [2.3525, 48.9088], [2.3524, 48.909]], [[2.3524, 48.909], [2.3523, 48.9094]], [[2.3523, 48.9094], [2.3522, 48.9096], [2.3522, 48.9098], [2.3521, 48.91], [2.3521, 48.9102], [2.3521, 48.9104], [2.352, 48.9105], [2.352, 48.9106], [2.352, 48.9107], [2.352, 48.9108]], [[2.352, 48.9108], [2.352, 48.911]], [[2.352, 48.911], [2.352, 48.9111], [2.352, 48.9114], [2.352, 48.9116], [2.352, 48.9118], [2.352, 48.9119]], [[2.352, 48.9119], [2.3519, 48.9122], [2.3518, 48.9124], [2.3518, 48.9126], [2.3517, 48.9127], [2.3517, 48.9128], [2.3515, 48.9133], [2.3513, 48.9138], [2.3512, 48.9141]], [[2.3512, 48.9141], [2.351, 48.9146], [2.351, 48.9148], [2.3509, 48.9152]], [[2.3509, 48.9152], [2.3508, 48.9153]], [[2.3508, 48.9153], [2.3507, 48.9157], [2.3506, 48.9162], [2.3505, 48.9166], [2.3504, 48.917], [2.3503, 48.9174], [2.3502, 48.9179], [2.3501, 48.9181], [2.3501, 48.9184], [2.35, 48.9187], [2.3499, 48.919]], [[2.3499, 48.919], [2.3499, 48.9191], [2.3498, 48.9195], [2.3497, 48.9199], [2.3496, 48.9201], [2.3496, 48.9202], [2.3495, 48.9204], [2.3495, 48.9205], [2.3494, 48.9206], [2.3494, 48.9208], [2.3492, 48.9211], [2.3491, 48.9214], [2.349, 48.9216], [2.349, 48.9218], [2.3489, 48.922]], [[2.3489, 48.922], [2.3488, 48.9225], [2.3487, 48.9229], [2.3486, 48.9233], [2.3485, 48.9236], [2.3484, 48.9242], [2.3482, 48.9247], [2.3481, 48.9252], [2.3479, 48.9259], [2.3478, 48.9263], [2.3476, 48.9268], [2.3475, 48.9274], [2.3473, 48.9279], [2.3472, 48.9284], [2.3472, 48.9285], [2.3471, 48.9289], [2.347, 48.9292], [2.347, 48.9293], [2.3467, 48.9302], [2.3466, 48.9306], [2.3465, 48.931], [2.3464, 48.9315], [2.3463, 48.9319], [2.3463, 48.9322], [2.3462, 48.9324], [2.3461, 48.9327], [2.3461, 48.9328], [2.346, 48.9332], [2.346, 48.9333]], [[2.346, 48.9333], [2.3457, 48.9342], [2.3457, 48.9345], [2.3455, 48.935], [2.3454, 48.9354], [2.3454, 48.9356], [2.3454, 48.9358], [2.3453, 48.9359]], [[2.3453, 48.9359], [2.3453, 48.9361]], [[2.3453, 48.9361], [2.3453, 48.9362], [2.3452, 48.9366], [2.3451, 48.9369], [2.3451, 48.9371]], [[2.3451, 48.9371], [2.345, 48.9375], [2.3449, 48.9378]], [[2.3449, 48.9378], [2.3449, 48.938], [2.3447, 48.9385], [2.3446, 48.9389], [2.3445, 48.9392], [2.3445, 48.9394], [2.3445, 48.9396], [2.3444, 48.9398], [2.3444, 48.94], [2.3444, 48.9401], [2.3443, 48.9403]], [[2.3443, 48.9403], [2.3443, 48.9405]], [[2.3443, 48.9405], [2.3443, 48.9406], [2.3443, 48.9408], [2.3443, 48.9409], [2.3443, 48.9411], [2.3443, 48.9413], [2.3443, 48.9416], [2.3443, 48.9418], [2.3444, 48.942]], [[2.3444, 48.942], [2.3444, 48.9421], [2.3444, 48.9422], [2.3445, 48.9425]], [[2.3445, 48.9425], [2.3445, 48.9426]], [[2.3445, 48.9426], [2.3446, 48.9428], [2.3446, 48.943], [2.3447, 48.9431], [2.3447, 48.9433], [2.3449, 48.9435], [2.3449, 48.9437], [2.3451, 48.9439], [2.3452, 48.9441], [2.3453, 48.9443], [2.3454, 48.9444], [2.3454, 48.9445], [2.3456, 48.9447], [2.3457, 48.9448], [2.3458, 48.945], [2.3459, 48.9451], [2.346, 48.9453], [2.3461, 48.9454], [2.3462, 48.9455], [2.3463, 48.9456], [2.3465, 48.9458], [2.3467, 48.946], [2.3469, 48.9461]], [[2.3469, 48.9461], [2.3471, 48.9463]], [[2.3471, 48.9463], [2.3473, 48.9465], [2.3476, 48.9467], [2.3479, 48.947], [2.3483, 48.9472], [2.3487, 48.9475], [2.349, 48.9478], [2.3496, 48.9481], [2.3503, 48.9487], [2.3507, 48.9489]], [[2.3507, 48.9489], [2.3512, 48.9493], [2.3518, 48.9497], [2.3526, 48.9503], [2.3533, 48.9508], [2.3538, 48.9511], [2.3545, 48.9516], [2.3551, 48.9521], [2.3555, 48.9523], [2.356, 48.9527], [2.3561, 48.9528], [2.3566, 48.9531], [2.357, 48.9534], [2.3574, 48.9537], [2.358, 48.9541], [2.3583, 48.9544], [2.3588, 48.9547], [2.3591, 48.9549], [2.3597, 48.9553]], [[2.3597, 48.9553], [2.3599, 48.9554], [2.3601, 48.9556], [2.3605, 48.9558], [2.3623, 48.9571], [2.365, 48.959], [2.3661, 48.9598], [2.3667, 48.9602], [2.3671, 48.9605], [2.3674, 48.9607], [2.3677, 48.9609], [2.368, 48.9612], [2.3684, 48.9614], [2.3687, 48.9617], [2.3691, 48.9619], [2.3698, 48.9624], [2.3701, 48.9626], [2.3703, 48.9627]], [[2.3703, 48.9627], [2.3709, 48.9631], [2.3713, 48.9633], [2.3717, 48.9636], [2.3726, 48.9642], [2.373, 48.9645]], [[2.373, 48.9645], [2.3733, 48.9647], [2.3738, 48.9651], [2.3741, 48.9653], [2.3745, 48.9656], [2.3752, 48.9661], [2.3756, 48.9664], [2.3762, 48.9668], [2.3767, 48.9672], [2.3773, 48.9675], [2.3778, 48.9679]], [[2.3778, 48.9679], [2.3783, 48.9682], [2.3788, 48.9686], [2.3797, 48.9693], [2.3809, 48.9701], [2.382, 48.9709], [2.3832, 48.9717], [2.3846, 48.9727], [2.3862, 48.9737], [2.3874, 48.9746], [2.3876, 48.9748]], [[2.3876, 48.9748], [2.3882, 48.9751], [2.3885, 48.9754], [2.389, 48.9757], [2.3894, 48.976], [2.3898, 48.9763], [2.3901, 48.9765], [2.3903, 48.9767]], [[2.3903, 48.9767], [2.391, 48.9772]], [[2.391, 48.9772], [2.3914, 48.9775], [2.3918, 48.9777], [2.3921, 48.9779], [2.3923, 48.9781], [2.3927, 48.9783], [2.393, 48.9785], [2.3933, 48.9788], [2.3939, 48.9791], [2.3947, 48.9797], [2.3954, 48.9802], [2.3958, 48.9805]], [[2.3958, 48.9805], [2.3965, 48.981]], [[2.3965, 48.981], [2.3971, 48.9814], [2.3978, 48.9819]], [[2.3978, 48.9819], [2.3983, 48.9822]], [[2.3983, 48.9822], [2.3989, 48.9827], [2.3995, 48.9831], [2.4003, 48.9837], [2.4012, 48.9843], [2.4019, 48.9848], [2.4026, 48.9852], [2.4032, 48.9856], [2.4037, 48.9861], [2.4041, 48.9863], [2.4044, 48.9865], [2.4051, 48.9869], [2.4057, 48.9873], [2.4066, 48.9879], [2.4075, 48.9884], [2.4086, 48.9891], [2.4091, 48.9895], [2.4105, 48.9904], [2.4111, 48.9907], [2.4114, 48.991], [2.412, 48.9913]], [[2.412, 48.9913], [2.4125, 48.9917], [2.413, 48.9919], [2.4133, 48.9921], [2.4135, 48.9923], [2.414, 48.9926], [2.4143, 48.9928], [2.4145, 48.9929]], [[2.4145, 48.9929], [2.4157, 48.9937], [2.4163, 48.994], [2.4169, 48.9944], [2.4173, 48.9947]], [[2.4173, 48.9947], [2.4176, 48.9949], [2.4184, 48.9954], [2.4188, 48.9956], [2.4197, 48.9962], [2.4204, 48.9967], [2.4209, 48.997], [2.4212, 48.9972], [2.4217, 48.9975], [2.4222, 48.9978], [2.4227, 48.9981], [2.4234, 48.9986], [2.4239, 48.9989], [2.4246, 48.9994], [2.4254, 48.9998], [2.4258, 49.0001], [2.4264, 49.0005], [2.4269, 49.0008], [2.4286, 49.0019], [2.4294, 49.0024], [2.4303, 49.0029], [2.431, 49.0034], [2.4325, 49.0044], [2.4328, 49.0046], [2.4332, 49.0048], [2.434, 49.0053], [2.4344, 49.0056], [2.4351, 49.006], [2.4356, 49.0063], [2.4366, 49.0069], [2.4371, 49.0072], [2.4379, 49.0078], [2.4383, 49.0081], [2.4389, 49.0084], [2.4392, 49.0086], [2.4397, 49.0089], [2.4404, 49.0094], [2.4411, 49.0098], [2.4416, 49.0101], [2.4423, 49.0106], [2.443, 49.0111], [2.4434, 49.0113]], [[2.4434, 49.0113], [2.4435, 49.0113]], [[2.4435, 49.0113], [2.4445, 49.012], [2.4453, 49.0125], [2.4461, 49.013], [2.4468, 49.0134]], [[2.4468, 49.0134], [2.4469, 49.0135]], [[2.4469, 49.0135], [2.4478, 49.0141], [2.4485, 49.0145], [2.4492, 49.015], [2.4499, 49.0154], [2.4503, 49.0157], [2.4509, 49.0161], [2.4515, 49.0164], [2.4522, 49.0168], [2.453, 49.0173], [2.4534, 49.0176], [2.4541, 49.0181], [2.4547, 49.0185], [2.455, 49.0186], [2.4553, 49.0188], [2.4557, 49.0191], [2.4561, 49.0193], [2.4566, 49.0196], [2.4569, 49.0199], [2.4571, 49.02], [2.4574, 49.0202], [2.4579, 49.0205], [2.4581, 49.0206], [2.4583, 49.0207], [2.4584, 49.0208]], [[2.4584, 49.0208], [2.459, 49.0212], [2.4599, 49.0217], [2.4603, 49.022], [2.4607, 49.0222]], [[2.4607, 49.0222], [2.462, 49.0231]], [[2.462, 49.0231], [2.4624, 49.0233], [2.4634, 49.024], [2.4636, 49.0241]], [[2.4636, 49.0241], [2.464, 49.0244], [2.4644, 49.0246]], [[2.4644, 49.0246], [2.4645, 49.0247]], [[2.4645, 49.0247], [2.4648, 49.0248], [2.4648, 49.0249], [2.4649, 49.0249], [2.4654, 49.0252], [2.4666, 49.026], [2.4672, 49.0264], [2.4678, 49.0268], [2.4683, 49.0271], [2.4686, 49.0273], [2.4689, 49.0275], [2.4694, 49.0278], [2.47, 49.0282], [2.4706, 49.0285], [2.4713, 49.029], [2.4718, 49.0293], [2.4726, 49.0298], [2.4733, 49.0303], [2.4742, 49.0308], [2.475, 49.0314], [2.4755, 49.0316], [2.476, 49.032], [2.4762, 49.0321], [2.4764, 49.0322], [2.4766, 49.0324]], [[2.4766, 49.0324], [2.4768, 49.0325], [2.477, 49.0327], [2.4776, 49.033], [2.4781, 49.0333], [2.4785, 49.0336], [2.479, 49.0339], [2.4794, 49.0342]], [[2.4794, 49.0342], [2.4795, 49.0343], [2.4799, 49.0345], [2.4804, 49.0348], [2.4809, 49.0351], [2.4818, 49.0356], [2.483, 49.0364], [2.4843, 49.0372], [2.485, 49.0377]], [[2.485, 49.0377], [2.4854, 49.0379]], [[2.4854, 49.0379], [2.4866, 49.0387], [2.4878, 49.0395], [2.489, 49.0402], [2.4906, 49.0412], [2.491, 49.0415], [2.4914, 49.0417], [2.4918, 49.0421], [2.4929, 49.0428], [2.494, 49.0436], [2.4947, 49.0442], [2.4961, 49.0452]], [[2.4961, 49.0452], [2.4963, 49.0453]], [[2.4963, 49.0453], [2.4965, 49.0455], [2.4973, 49.0461], [2.4978, 49.0464], [2.4983, 49.0468], [2.4988, 49.0472], [2.4993, 49.0476], [2.5001, 49.0481]], [[2.5001, 49.0481], [2.5015, 49.0492], [2.5021, 49.0496], [2.5028, 49.0501]], [[2.5028, 49.0501], [2.5029, 49.0502]], [[2.5029, 49.0502], [2.5034, 49.0506], [2.504, 49.051], [2.5046, 49.0514], [2.5053, 49.052], [2.5057, 49.0523], [2.5062, 49.0526], [2.5067, 49.053], [2.5074, 49.0535], [2.5082, 49.0541], [2.5089, 49.0546], [2.5102, 49.0555], [2.5109, 49.056], [2.512, 49.0569], [2.513, 49.0576], [2.5141, 49.0584], [2.5152, 49.0593], [2.5164, 49.0601], [2.5175, 49.0609], [2.5181, 49.0614], [2.5189, 49.062], [2.5192, 49.0622], [2.5195, 49.0624], [2.5197, 49.0626], [2.5199, 49.0628], [2.5201, 49.0629], [2.5203, 49.0631], [2.5205, 49.0633], [2.5206, 49.0635], [2.5207, 49.0637], [2.5209, 49.0639], [2.5212, 49.0642], [2.5213, 49.0644], [2.5214, 49.0646], [2.5216, 49.0648], [2.5217, 49.065], [2.5218, 49.0653], [2.5219, 49.0655], [2.522, 49.0657], [2.522, 49.0659], [2.5221, 49.0661], [2.5222, 49.0663], [2.5222, 49.0665], [2.5223, 49.0667], [2.5223, 49.0669], [2.5224, 49.0672], [2.5224, 49.0675], [2.5224, 49.0679], [2.5225, 49.0684], [2.5225, 49.069], [2.5226, 49.0697], [2.5227, 49.0704], [2.5227, 49.0711], [2.5228, 49.0716], [2.5229, 49.0726], [2.523, 49.0737], [2.5231, 49.0752], [2.5233, 49.0768], [2.5234, 49.0779], [2.5235, 49.0792], [2.5237, 49.0807], [2.5238, 49.0827], [2.5241, 49.0851], [2.5241, 49.0858], [2.5242, 49.0869], [2.5245, 49.0892], [2.5246, 49.0903], [2.5247, 49.0916], [2.5247, 49.092], [2.5248, 49.0924], [2.5248, 49.0928], [2.5249, 49.0932], [2.5249, 49.0935], [2.525, 49.0938], [2.525, 49.0943], [2.525, 49.0947], [2.5251, 49.0952], [2.5251, 49.0958], [2.5252, 49.0962], [2.5252, 49.0967], [2.5253, 49.0972], [2.5253, 49.0977], [2.5254, 49.0982], [2.5254, 49.0987]], [[2.5254, 49.0987], [2.5255, 49.0992], [2.5255, 49.0996], [2.5256, 49.1002], [2.5256, 49.1007], [2.5257, 49.1013], [2.5257, 49.1017], [2.5258, 49.1023], [2.5258, 49.103], [2.5259, 49.1036], [2.526, 49.1045], [2.5261, 49.1054], [2.5262, 49.1063], [2.5262, 49.1073], [2.5263, 49.1079], [2.5263, 49.1083], [2.5264, 49.1088], [2.5264, 49.1092], [2.5264, 49.1095], [2.5264, 49.1098], [2.5264, 49.1099], [2.5264, 49.1102], [2.5264, 49.1103], [2.5264, 49.1105], [2.5264, 49.1108], [2.5263, 49.1109], [2.5263, 49.1111], [2.5262, 49.1113], [2.5262, 49.1114], [2.5261, 49.1116], [2.5261, 49.1118], [2.526, 49.1121], [2.5259, 49.1122], [2.5258, 49.1124], [2.5258, 49.1125]], [[2.5258, 49.1125], [2.5257, 49.1126]], [[2.5257, 49.1126], [2.5256, 49.1127], [2.5255, 49.113], [2.5254, 49.1132], [2.5253, 49.1133], [2.5252, 49.1135], [2.525, 49.1137], [2.5249, 49.1138], [2.5248, 49.114], [2.5246, 49.1142], [2.5245, 49.1143], [2.5244, 49.1145], [2.5242, 49.1146], [2.5241, 49.1148], [2.5239, 49.1149], [2.5238, 49.1151], [2.5236, 49.1152], [2.5235, 49.1153], [2.5233, 49.1155], [2.5231, 49.1157], [2.5229, 49.1158], [2.5227, 49.116], [2.5225, 49.1161], [2.5224, 49.1163], [2.5222, 49.1164], [2.522, 49.1165], [2.5218, 49.1166], [2.5214, 49.1169], [2.5213, 49.117], [2.521, 49.1172], [2.5208, 49.1173], [2.5204, 49.1176], [2.5199, 49.1179], [2.5193, 49.1182], [2.5188, 49.1185]], [[2.5188, 49.1185], [2.5187, 49.1186]], [[2.5187, 49.1186], [2.5178, 49.1191], [2.5173, 49.1194], [2.5168, 49.1197], [2.5164, 49.12], [2.5161, 49.1202], [2.5155, 49.1205], [2.5153, 49.1207], [2.5146, 49.1211], [2.5143, 49.1213], [2.514, 49.1215], [2.5134, 49.1219], [2.5127, 49.1224], [2.5124, 49.1226], [2.5118, 49.123], [2.5109, 49.1235], [2.5105, 49.1238], [2.5099, 49.1242], [2.509, 49.1248], [2.5085, 49.1251], [2.5083, 49.1253]], [[2.5083, 49.1253], [2.5079, 49.1255], [2.506, 49.1268], [2.5056, 49.127]], [[2.5056, 49.127], [2.5051, 49.1274], [2.5048, 49.1276], [2.5034, 49.1285], [2.5032, 49.1287], [2.502, 49.1294], [2.5018, 49.1296]], [[2.4994, 49.1311], [2.5, 49.1307], [2.5007, 49.1303], [2.5011, 49.13], [2.5018, 49.1296]], [[2.4994, 49.1311], [2.4987, 49.1315], [2.4976, 49.1322], [2.4968, 49.1328], [2.4961, 49.1332], [2.4954, 49.1337], [2.4949, 49.1341], [2.4946, 49.1342], [2.4943, 49.1344], [2.4941, 49.1346], [2.4938, 49.1348], [2.4937, 49.1349], [2.4935, 49.135], [2.4932, 49.1352], [2.493, 49.1354], [2.4927, 49.1356], [2.4925, 49.1359], [2.4921, 49.1361], [2.4921, 49.1362], [2.4919, 49.1363], [2.4917, 49.1365], [2.4915, 49.1367], [2.4913, 49.137]], [[2.4913, 49.137], [2.491, 49.1372], [2.4904, 49.1378], [2.49, 49.1383], [2.4895, 49.1388], [2.4891, 49.1393], [2.489, 49.1395]], [[2.489, 49.1395], [2.4888, 49.1396]], [[2.4888, 49.1396], [2.4881, 49.1405], [2.4876, 49.1411], [2.4873, 49.1414], [2.4872, 49.1415], [2.4871, 49.1417]], [[2.4871, 49.1417], [2.4866, 49.1423], [2.4863, 49.1427], [2.4859, 49.1431], [2.4854, 49.1436], [2.485, 49.1442]], [[2.485, 49.1442], [2.4849, 49.1443]], [[2.4849, 49.1443], [2.4843, 49.1449], [2.4835, 49.1458], [2.483, 49.1464], [2.4827, 49.1467], [2.4823, 49.1471], [2.4822, 49.1473], [2.4819, 49.1475], [2.4818, 49.1477], [2.4813, 49.1481], [2.4807, 49.1486], [2.4804, 49.149], [2.4799, 49.1494], [2.4791, 49.1501], [2.4784, 49.1508], [2.4762, 49.1528]], [[2.4762, 49.1528], [2.4751, 49.1539], [2.474, 49.1548], [2.4729, 49.1559]], [[2.4729, 49.1559], [2.4727, 49.1561], [2.4723, 49.1565], [2.4721, 49.1566], [2.4718, 49.1569], [2.4717, 49.1571], [2.4716, 49.1572], [2.4715, 49.1574], [2.4714, 49.1575], [2.4713, 49.1576], [2.4711, 49.1578], [2.471, 49.158], [2.4708, 49.1582], [2.4707, 49.1584], [2.4706, 49.1586], [2.4705, 49.1588], [2.4703, 49.159], [2.4702, 49.1592], [2.4701, 49.1594], [2.47, 49.1596], [2.4699, 49.1599], [2.4698, 49.1601], [2.4695, 49.1608], [2.4693, 49.1614], [2.469, 49.1619], [2.4688, 49.1626], [2.4683, 49.1637], [2.4682, 49.1641], [2.468, 49.1645], [2.4679, 49.1649], [2.4677, 49.1652], [2.4676, 49.1655], [2.4674, 49.1659], [2.4673, 49.1663], [2.4672, 49.1665], [2.467, 49.1668], [2.4669, 49.1671], [2.4668, 49.1674], [2.4667, 49.1678], [2.4665, 49.1681], [2.4665, 49.1682], [2.4664, 49.1685], [2.4662, 49.1688], [2.466, 49.1693], [2.4656, 49.1703], [2.465, 49.1718], [2.4648, 49.1724], [2.4647, 49.1726], [2.4646, 49.1729], [2.4644, 49.1734], [2.4639, 49.1744], [2.4635, 49.1756], [2.4633, 49.1759], [2.4628, 49.1771], [2.4626, 49.1777], [2.4624, 49.1782], [2.4622, 49.1787], [2.4621, 49.1789], [2.462, 49.1791], [2.4619, 49.1795], [2.4617, 49.1798], [2.4615, 49.1803], [2.4613, 49.1809], [2.461, 49.1815], [2.4608, 49.1821], [2.4607, 49.1824], [2.4606, 49.1826], [2.4602, 49.1836], [2.4601, 49.1839], [2.46, 49.1841], [2.46, 49.1842]], [[2.46, 49.1842], [2.4599, 49.1846]], [[2.4599, 49.1846], [2.4598, 49.1849], [2.4598, 49.185], [2.4597, 49.1853], [2.4596, 49.1857], [2.4596, 49.1859], [2.4596, 49.186], [2.4595, 49.1862], [2.4595, 49.1865], [2.4594, 49.187], [2.4594, 49.1871], [2.4593, 49.1878], [2.4592, 49.1885], [2.4591, 49.1892], [2.4591, 49.1896], [2.459, 49.19], [2.4589, 49.1914], [2.4588, 49.1917], [2.4588, 49.1918]], [[2.4588, 49.1919], [2.4588, 49.1918]], [[2.4588, 49.1919], [2.4587, 49.193], [2.4585, 49.194]], [[2.4585, 49.194], [2.4585, 49.1943], [2.4584, 49.1951], [2.4581, 49.197], [2.4579, 49.198]], [[2.4579, 49.198], [2.4579, 49.1983], [2.4579, 49.1987], [2.4578, 49.199], [2.4578, 49.1992], [2.4578, 49.1993]], [[2.4578, 49.1993], [2.4577, 49.1998], [2.4577, 49.2001], [2.4577, 49.2002], [2.4577, 49.2004], [2.4576, 49.2007], [2.4574, 49.2022], [2.4571, 49.2045], [2.457, 49.2051], [2.4569, 49.2056], [2.4569, 49.206], [2.4568, 49.2061], [2.4568, 49.2063], [2.4568, 49.2064], [2.4568, 49.2065], [2.4567, 49.2066], [2.4567, 49.2067], [2.4567, 49.2068], [2.4567, 49.2069], [2.4566, 49.2071], [2.4566, 49.2074], [2.4565, 49.2075], [2.4565, 49.2076], [2.4565, 49.2077], [2.4564, 49.2079], [2.4563, 49.208], [2.4563, 49.2082], [2.4563, 49.2083], [2.4562, 49.2084], [2.4562, 49.2085], [2.4562, 49.2086], [2.4561, 49.2087], [2.4561, 49.2088], [2.456, 49.2089], [2.456, 49.209], [2.4559, 49.2091], [2.4559, 49.2092], [2.4558, 49.2093], [2.4558, 49.2094], [2.4558, 49.2095], [2.4557, 49.2096], [2.4557, 49.2097], [2.4556, 49.2098], [2.4556, 49.2099], [2.4555, 49.21], [2.4554, 49.2101], [2.4554, 49.2102], [2.4553, 49.2103], [2.4552, 49.2105], [2.4548, 49.2112], [2.4501, 49.2193], [2.4494, 49.2205], [2.4465, 49.2255]], [[2.4465, 49.2255], [2.4463, 49.2258]], [[2.4463, 49.2258], [2.4456, 49.227], [2.4452, 49.2276], [2.4449, 49.2281]], [[2.4449, 49.2281], [2.4448, 49.2284], [2.4447, 49.2285], [2.4446, 49.2287], [2.4445, 49.2289]], [[2.4445, 49.2289], [2.4443, 49.2291], [2.4442, 49.2293], [2.4441, 49.2296], [2.4434, 49.2306]], [[2.4434, 49.2306], [2.4428, 49.2318]], [[2.4428, 49.2318], [2.4426, 49.2321], [2.4426, 49.2322], [2.4425, 49.2323], [2.4425, 49.2324], [2.4424, 49.2325], [2.4424, 49.2326], [2.4423, 49.2327], [2.4423, 49.2328], [2.4422, 49.2329], [2.4422, 49.233], [2.4421, 49.2333], [2.4421, 49.2334], [2.442, 49.2335], [2.442, 49.2337], [2.442, 49.2339], [2.4419, 49.234], [2.4419, 49.2341], [2.4419, 49.2342], [2.4419, 49.2343], [2.4419, 49.2344], [2.4419, 49.2345], [2.4419, 49.2346], [2.4419, 49.2347], [2.4419, 49.2349], [2.4419, 49.235], [2.4419, 49.2351], [2.4419, 49.2352], [2.4419, 49.2353], [2.4419, 49.2354], [2.4419, 49.2355], [2.4419, 49.2356], [2.4419, 49.2357], [2.442, 49.2358], [2.442, 49.2359], [2.442, 49.236], [2.442, 49.2361], [2.4421, 49.2362], [2.4421, 49.2363], [2.4421, 49.2364], [2.4421, 49.2365], [2.4422, 49.2366], [2.4422, 49.2367], [2.4423, 49.2368], [2.4423, 49.2369], [2.4424, 49.237], [2.4424, 49.2371], [2.4425, 49.2372], [2.4425, 49.2373], [2.4425, 49.2374], [2.4426, 49.2375], [2.4427, 49.2376], [2.4427, 49.2377], [2.4428, 49.2378], [2.4428, 49.2379], [2.4429, 49.2379], [2.4429, 49.238], [2.443, 49.2381], [2.4431, 49.2382], [2.4432, 49.2383], [2.4432, 49.2384], [2.4433, 49.2385], [2.4434, 49.2386], [2.4435, 49.2387], [2.4436, 49.2388], [2.444, 49.2392], [2.4442, 49.2394], [2.4443, 49.2396], [2.4444, 49.2397], [2.4446, 49.2399], [2.4448, 49.2401], [2.4452, 49.2406], [2.4457, 49.2411], [2.4466, 49.2421], [2.4475, 49.2432], [2.4481, 49.2438], [2.4486, 49.2444], [2.4491, 49.245], [2.4495, 49.2455], [2.4503, 49.2465], [2.4507, 49.2469], [2.4509, 49.2472], [2.451, 49.2474], [2.4511, 49.2475], [2.4515, 49.2479], [2.4519, 49.2483], [2.4521, 49.2486]], [[2.4521, 49.2486], [2.4522, 49.2487]], [[2.4522, 49.2487], [2.4525, 49.249], [2.4528, 49.2494], [2.4533, 49.2499], [2.4536, 49.2502], [2.4537, 49.2504], [2.4541, 49.2507], [2.4543, 49.2509], [2.4544, 49.251], [2.4545, 49.2511], [2.4546, 49.2512], [2.4548, 49.2514], [2.4552, 49.2518], [2.4554, 49.252], [2.4556, 49.2522], [2.4561, 49.2526], [2.4563, 49.2528], [2.4565, 49.253], [2.4572, 49.2536], [2.4574, 49.2538], [2.4579, 49.2542], [2.4586, 49.2548], [2.4593, 49.2554], [2.4602, 49.2562], [2.4606, 49.2566], [2.4611, 49.257], [2.4615, 49.2574], [2.4623, 49.2581], [2.4627, 49.2584], [2.4634, 49.2591], [2.4642, 49.2598], [2.4651, 49.2606], [2.4658, 49.2612]], [[2.4658, 49.2612], [2.466, 49.2614]], [[2.466, 49.2614], [2.4661, 49.2615], [2.4662, 49.2616], [2.4663, 49.2617], [2.4664, 49.2618]], [[2.4664, 49.2618], [2.4665, 49.262], [2.4667, 49.2621]], [[2.4667, 49.2621], [2.4669, 49.2624], [2.467, 49.2624], [2.4671, 49.2625], [2.4672, 49.2626], [2.4673, 49.2627], [2.4673, 49.2628], [2.4674, 49.2628], [2.4675, 49.2629], [2.4675, 49.263], [2.4676, 49.263], [2.4678, 49.2632], [2.4684, 49.2638], [2.4686, 49.2639]], [[2.4653, 49.2607], [2.4655, 49.2609], [2.4656, 49.261], [2.4656, 49.2611], [2.4658, 49.2612]], [[2.4653, 49.2607], [2.4648, 49.2603], [2.4642, 49.2597], [2.4636, 49.2592], [2.4633, 49.2589], [2.4629, 49.2586], [2.4627, 49.2584], [2.4621, 49.2578], [2.4617, 49.2575], [2.4613, 49.2571], [2.4607, 49.2566], [2.4596, 49.2557], [2.4574, 49.2538], [2.457, 49.2534], [2.4568, 49.2532], [2.4567, 49.2531], [2.4566, 49.253], [2.4565, 49.253], [2.456, 49.2525], [2.4558, 49.2523], [2.4556, 49.2521], [2.4555, 49.252], [2.4554, 49.2519], [2.4552, 49.2517], [2.4547, 49.2512], [2.4541, 49.2507], [2.4538, 49.2503], [2.4535, 49.25], [2.4529, 49.2494], [2.4523, 49.2487]], [[2.4523, 49.2487], [2.4522, 49.2486]], [[2.4522, 49.2486], [2.4519, 49.2483], [2.4517, 49.248], [2.4515, 49.2479], [2.4514, 49.2477], [2.4513, 49.2476], [2.4512, 49.2474], [2.451, 49.2472], [2.4506, 49.2468], [2.4499, 49.2458], [2.4497, 49.2455], [2.4494, 49.2452], [2.4489, 49.2445], [2.4484, 49.244], [2.448, 49.2434], [2.4477, 49.243], [2.4472, 49.2425], [2.4471, 49.2423], [2.4469, 49.2422], [2.4464, 49.2415], [2.4459, 49.241], [2.4455, 49.2406], [2.4451, 49.2401], [2.4448, 49.2399], [2.4446, 49.2397], [2.4445, 49.2395], [2.4444, 49.2393], [2.4442, 49.2391], [2.4441, 49.239], [2.444, 49.2389], [2.4439, 49.2388], [2.4439, 49.2387], [2.4438, 49.2386], [2.4437, 49.2386], [2.4436, 49.2384], [2.4436, 49.2383], [2.4435, 49.2382], [2.4434, 49.2381], [2.4433, 49.238], [2.4433, 49.2379], [2.4432, 49.2378], [2.4432, 49.2377], [2.4431, 49.2376], [2.4431, 49.2375], [2.443, 49.2374], [2.4429, 49.2373], [2.4429, 49.2372], [2.4428, 49.2371], [2.4428, 49.2369], [2.4427, 49.2368], [2.4427, 49.2367], [2.4426, 49.2366], [2.4426, 49.2365], [2.4425, 49.2364], [2.4425, 49.2363], [2.4425, 49.2362], [2.4424, 49.2361], [2.4424, 49.2359], [2.4424, 49.2357], [2.4423, 49.2356], [2.4423, 49.2355], [2.4423, 49.2354], [2.4423, 49.2353], [2.4423, 49.2352], [2.4422, 49.2351], [2.4422, 49.2349], [2.4422, 49.2348], [2.4422, 49.2347], [2.4422, 49.2346], [2.4422, 49.2345], [2.4422, 49.2344], [2.4422, 49.2342], [2.4422, 49.2341], [2.4423, 49.2339], [2.4423, 49.2338], [2.4423, 49.2337], [2.4423, 49.2336], [2.4423, 49.2335], [2.4423, 49.2334], [2.4424, 49.2333], [2.4424, 49.2331], [2.4424, 49.233], [2.4424, 49.2329], [2.4425, 49.2328], [2.4425, 49.2327], [2.4425, 49.2326], [2.4426, 49.2325], [2.4426, 49.2324], [2.4426, 49.2323], [2.4427, 49.2322], [2.4428, 49.232], [2.4428, 49.2319], [2.4429, 49.2318]], [[2.4429, 49.2318], [2.4435, 49.2307]], [[2.4435, 49.2307], [2.4442, 49.2296], [2.4443, 49.2294], [2.4444, 49.2292], [2.4445, 49.2289]], [[2.4445, 49.2289], [2.4446, 49.2288], [2.4447, 49.2287], [2.4448, 49.2285], [2.445, 49.2281]], [[2.445, 49.2281], [2.4453, 49.2276], [2.4456, 49.227], [2.4463, 49.2258]], [[2.4465, 49.2255], [2.4488, 49.2216], [2.4494, 49.2205], [2.4501, 49.2193], [2.451, 49.2178], [2.4511, 49.2176], [2.4552, 49.2107], [2.4554, 49.2103], [2.4554, 49.2102], [2.4555, 49.2101], [2.4556, 49.21], [2.4556, 49.2099], [2.4556, 49.2098], [2.4557, 49.2097], [2.4558, 49.2094], [2.4559, 49.2093], [2.4559, 49.2092], [2.456, 49.2091], [2.456, 49.209], [2.4561, 49.2089], [2.4561, 49.2088], [2.4562, 49.2086], [2.4562, 49.2085], [2.4563, 49.2084], [2.4563, 49.2083], [2.4564, 49.2082], [2.4564, 49.208], [2.4564, 49.2079], [2.4565, 49.2078], [2.4565, 49.2077], [2.4566, 49.2074], [2.4567, 49.2071], [2.4568, 49.2069], [2.4568, 49.2067], [2.4568, 49.2065], [2.4569, 49.2064], [2.4569, 49.2063], [2.4569, 49.2062], [2.4569, 49.206], [2.457, 49.2056], [2.457, 49.2051], [2.4571, 49.2045], [2.4573, 49.2034], [2.4575, 49.2022], [2.4578, 49.1998], [2.4578, 49.1996], [2.4579, 49.1994]], [[2.458, 49.198], [2.4579, 49.1986], [2.4579, 49.1987], [2.4579, 49.1988], [2.4579, 49.1989], [2.4579, 49.1991], [2.4579, 49.1994]], [[2.4586, 49.194], [2.4585, 49.1943], [2.4584, 49.1951], [2.4581, 49.197], [2.458, 49.198]], [[2.4589, 49.1919], [2.4587, 49.193], [2.4586, 49.194]], [[2.4589, 49.1919], [2.4589, 49.1918]], [[2.46, 49.1846], [2.4599, 49.1848], [2.4599, 49.185], [2.4598, 49.1853], [2.4598, 49.1855], [2.4597, 49.1856], [2.4597, 49.1859], [2.4596, 49.1862], [2.4596, 49.1865], [2.4595, 49.1871], [2.4595, 49.1872], [2.4595, 49.1873], [2.4594, 49.188], [2.4593, 49.1884], [2.4593, 49.1888], [2.4593, 49.189], [2.4592, 49.1898], [2.4591, 49.19], [2.4591, 49.1902], [2.459, 49.1907], [2.4589, 49.1918]], [[2.4601, 49.1842], [2.46, 49.1843], [2.46, 49.1844], [2.46, 49.1846]], [[2.4729, 49.1559], [2.4728, 49.1561], [2.4724, 49.1565], [2.4722, 49.1566], [2.4719, 49.1569], [2.4718, 49.1571], [2.4717, 49.1572], [2.4715, 49.1574], [2.4714, 49.1575], [2.4713, 49.1576], [2.4712, 49.1578], [2.471, 49.158], [2.4709, 49.1582], [2.4707, 49.1585], [2.4706, 49.1587], [2.4705, 49.1588], [2.4704, 49.159], [2.4703, 49.1593], [2.4702, 49.1594], [2.4701, 49.1596], [2.47, 49.1599], [2.4699, 49.1602], [2.4696, 49.1608], [2.4693, 49.1614], [2.4691, 49.1619], [2.4689, 49.1626], [2.4684, 49.1637], [2.4682, 49.1641], [2.4681, 49.1645], [2.4679, 49.1649], [2.4678, 49.1652], [2.4677, 49.1655], [2.4675, 49.166], [2.4673, 49.1663], [2.4672, 49.1665], [2.4671, 49.1668], [2.467, 49.1671], [2.4669, 49.1674], [2.4667, 49.1678], [2.4666, 49.1681], [2.4665, 49.1682], [2.4665, 49.1684], [2.4665, 49.1685], [2.4663, 49.1688], [2.4661, 49.1693], [2.4657, 49.1703], [2.4651, 49.1718], [2.4648, 49.1724], [2.4648, 49.1726], [2.4645, 49.1732], [2.4641, 49.1742], [2.464, 49.1745], [2.4638, 49.175], [2.4635, 49.1756], [2.4634, 49.1759], [2.4633, 49.1762], [2.4629, 49.1771], [2.4627, 49.1777], [2.4625, 49.1782], [2.4623, 49.1787], [2.4621, 49.1791], [2.4619, 49.1795], [2.4618, 49.1798], [2.4616, 49.1803], [2.4614, 49.1809], [2.4611, 49.1815], [2.4609, 49.1822], [2.4606, 49.1828], [2.4605, 49.1831], [2.4603, 49.1836], [2.4602, 49.1838], [2.4602, 49.1839], [2.4601, 49.1841], [2.4601, 49.1842]], [[2.4762, 49.1529], [2.4759, 49.1532], [2.4757, 49.1533], [2.4755, 49.1535], [2.4751, 49.1539], [2.4741, 49.1549], [2.4729, 49.1559]], [[2.4849, 49.1443], [2.4847, 49.1446], [2.4838, 49.1456], [2.4836, 49.1458], [2.4834, 49.146], [2.483, 49.1464], [2.4828, 49.1468], [2.4824, 49.1471], [2.4822, 49.1473], [2.482, 49.1475], [2.4818, 49.1477], [2.4816, 49.1479], [2.4813, 49.1482], [2.4808, 49.1486], [2.48, 49.1494], [2.4791, 49.1502], [2.4784, 49.1508], [2.4772, 49.152], [2.4762, 49.1529]], [[2.4866, 49.1424], [2.4864, 49.1427], [2.4863, 49.1428], [2.486, 49.1431], [2.4855, 49.1437], [2.4853, 49.1439], [2.485, 49.1442]], [[2.4889, 49.1398], [2.4887, 49.14], [2.4884, 49.1404], [2.4882, 49.1406], [2.4877, 49.1412], [2.4873, 49.1416], [2.4866, 49.1424]], [[2.489, 49.1397], [2.4889, 49.1398]], [[2.4892, 49.1395], [2.489, 49.1397]], [[2.4911, 49.1374], [2.4908, 49.1377], [2.4906, 49.1379], [2.4902, 49.1384], [2.4899, 49.1387], [2.4896, 49.1391], [2.4893, 49.1394], [2.4892, 49.1395]], [[2.4972, 49.1327], [2.4955, 49.1339], [2.4951, 49.1341], [2.4947, 49.1344], [2.4944, 49.1346], [2.4942, 49.1347], [2.494, 49.1349], [2.4938, 49.135], [2.4936, 49.1352], [2.4934, 49.1353], [2.4932, 49.1355], [2.4929, 49.1357], [2.4927, 49.1359], [2.4925, 49.136], [2.4923, 49.1362], [2.4921, 49.1364], [2.4918, 49.1367], [2.4914, 49.1371], [2.4913, 49.1372], [2.4912, 49.1373], [2.4911, 49.1374]], [[2.5061, 49.1268], [2.5052, 49.1275], [2.504, 49.1283], [2.5025, 49.1292], [2.5014, 49.13], [2.4996, 49.1312], [2.4992, 49.1314], [2.4988, 49.1317], [2.4973, 49.1326], [2.4972, 49.1327]], [[2.5084, 49.1253], [2.5077, 49.1258], [2.5061, 49.1268]], [[2.5188, 49.1186], [2.5178, 49.1192], [2.5174, 49.1195], [2.5169, 49.1197], [2.5165, 49.12], [2.5161, 49.1202], [2.5156, 49.1206], [2.5146, 49.1213], [2.514, 49.1216], [2.5135, 49.122], [2.5127, 49.1225], [2.5118, 49.1231], [2.5112, 49.1235], [2.5105, 49.124], [2.51, 49.1243], [2.509, 49.125], [2.5087, 49.1252], [2.5084, 49.1253]], [[2.5189, 49.1186], [2.5188, 49.1186]], [[2.5258, 49.1126], [2.5257, 49.1127], [2.5256, 49.113], [2.5254, 49.1132], [2.5253, 49.1134], [2.5252, 49.1135], [2.5251, 49.1137], [2.525, 49.1138], [2.5248, 49.114], [2.5247, 49.1142], [2.5245, 49.1144], [2.5244, 49.1145], [2.5243, 49.1147], [2.5241, 49.1148], [2.5239, 49.115], [2.5238, 49.1151], [2.5237, 49.1152], [2.5235, 49.1154], [2.5233, 49.1156], [2.5231, 49.1157], [2.5229, 49.1159], [2.5227, 49.116], [2.5226, 49.1162], [2.5224, 49.1163], [2.5222, 49.1164], [2.522, 49.1166], [2.5219, 49.1167], [2.5215, 49.1169], [2.5213, 49.1171], [2.5211, 49.1172], [2.5208, 49.1174], [2.5204, 49.1176], [2.5199, 49.1179], [2.5194, 49.1182], [2.5189, 49.1186]], [[2.5258, 49.1125], [2.5258, 49.1126]], [[2.5035, 49.0506], [2.504, 49.051], [2.5046, 49.0514], [2.5053, 49.0519], [2.5058, 49.0523], [2.5062, 49.0526], [2.5068, 49.053], [2.5074, 49.0535], [2.5082, 49.0541], [2.5089, 49.0546], [2.5102, 49.0555], [2.5109, 49.056], [2.512, 49.0569], [2.513, 49.0576], [2.5141, 49.0584], [2.5153, 49.0592], [2.5164, 49.0601], [2.5175, 49.0609], [2.5182, 49.0614], [2.519, 49.062], [2.5192, 49.0622], [2.5195, 49.0624], [2.5197, 49.0626], [2.5199, 49.0628], [2.5201, 49.0629], [2.5203, 49.0631], [2.5205, 49.0633], [2.5206, 49.0635], [2.5208, 49.0636], [2.521, 49.0639], [2.5212, 49.0642], [2.5213, 49.0644], [2.5215, 49.0646], [2.5216, 49.0648], [2.5217, 49.065], [2.5218, 49.0653], [2.5219, 49.0655], [2.522, 49.0657], [2.5221, 49.0659], [2.5222, 49.0661], [2.5222, 49.0663], [2.5223, 49.0665], [2.5223, 49.0667], [2.5224, 49.0669], [2.5224, 49.0672], [2.5224, 49.0675], [2.5225, 49.0679], [2.5225, 49.0684], [2.5226, 49.069], [2.5227, 49.0697], [2.5227, 49.0704], [2.5228, 49.0711], [2.5228, 49.0716], [2.5229, 49.0726], [2.523, 49.0737], [2.5232, 49.0752], [2.5233, 49.0768], [2.5234, 49.0779], [2.5236, 49.0792], [2.5237, 49.0807], [2.5239, 49.0827], [2.5239, 49.0833], [2.5241, 49.0849], [2.5241, 49.085], [2.5243, 49.0869], [2.5245, 49.0892], [2.5246, 49.0903], [2.5247, 49.0916], [2.5248, 49.0925], [2.5249, 49.0931], [2.525, 49.0934], [2.525, 49.0941], [2.5251, 49.0947], [2.5253, 49.097], [2.5254, 49.0977], [2.5255, 49.0987], [2.5256, 49.0996], [2.5256, 49.1005], [2.5257, 49.1007], [2.5257, 49.1009], [2.5257, 49.1013], [2.5258, 49.1017], [2.5258, 49.1023], [2.5259, 49.103], [2.5259, 49.1036], [2.526, 49.1045], [2.5261, 49.1054], [2.5262, 49.1063], [2.5263, 49.1073], [2.5264, 49.1079], [2.5264, 49.1083], [2.5264, 49.1088], [2.5265, 49.1092], [2.5265, 49.1095], [2.5265, 49.1098], [2.5265, 49.1099], [2.5265, 49.1102], [2.5265, 49.1103], [2.5264, 49.1105], [2.5264, 49.1108], [2.5264, 49.1109], [2.5263, 49.1111], [2.5263, 49.1113], [2.5262, 49.1115], [2.5262, 49.1116], [2.5261, 49.1118], [2.526, 49.1121], [2.526, 49.1122], [2.5259, 49.1124], [2.5258, 49.1125]], [[2.503, 49.0502], [2.5035, 49.0506]], [[2.5028, 49.0501], [2.503, 49.0502]], [[2.5008, 49.0486], [2.5021, 49.0496], [2.5028, 49.0501]], [[2.4963, 49.0453], [2.4965, 49.0455], [2.4974, 49.0461], [2.4978, 49.0464], [2.4983, 49.0468], [2.4989, 49.0472], [2.4994, 49.0476], [2.5001, 49.0481], [2.5008, 49.0486]], [[2.4962, 49.0452], [2.4963, 49.0453]], [[2.4854, 49.0379], [2.4866, 49.0387], [2.4878, 49.0394], [2.489, 49.0402], [2.4906, 49.0412], [2.491, 49.0415], [2.4914, 49.0417], [2.4919, 49.042], [2.4934, 49.0432], [2.494, 49.0436], [2.4948, 49.0442], [2.4962, 49.0452]], [[2.485, 49.0376], [2.4854, 49.0379]], [[2.4795, 49.0341], [2.4799, 49.0344], [2.4805, 49.0347], [2.481, 49.0351], [2.4818, 49.0356], [2.4831, 49.0364], [2.4843, 49.0372], [2.485, 49.0376]], [[2.4795, 49.0341], [2.4789, 49.0338], [2.4782, 49.0333], [2.4775, 49.0328], [2.4769, 49.0325], [2.4767, 49.0324]], [[2.4767, 49.0324], [2.4763, 49.0321], [2.4755, 49.0316], [2.4751, 49.0313], [2.4742, 49.0308], [2.4733, 49.0302], [2.4726, 49.0298], [2.4719, 49.0293], [2.4713, 49.0289], [2.4706, 49.0285], [2.4701, 49.0282], [2.4695, 49.0278], [2.469, 49.0275], [2.4687, 49.0273], [2.4685, 49.0271], [2.4679, 49.0267], [2.4676, 49.0265], [2.4672, 49.0262], [2.467, 49.0261], [2.4666, 49.0258], [2.4663, 49.0256], [2.466, 49.0254], [2.4657, 49.0252], [2.4653, 49.025], [2.4647, 49.0246]], [[2.4647, 49.0246], [2.4646, 49.0245]], [[2.4646, 49.0245], [2.4645, 49.0245], [2.464, 49.0242], [2.4635, 49.0238]], [[2.4635, 49.0238], [2.4632, 49.0236], [2.4621, 49.0229], [2.4615, 49.0225], [2.4609, 49.0222]], [[2.4609, 49.0222], [2.4604, 49.0219], [2.46, 49.0216], [2.4596, 49.0214], [2.4587, 49.0209], [2.4582, 49.0206]], [[2.4582, 49.0206], [2.4577, 49.0203], [2.4575, 49.0202], [2.4571, 49.0199], [2.457, 49.0198], [2.4566, 49.0196], [2.4561, 49.0193], [2.4556, 49.019], [2.4547, 49.0184], [2.4535, 49.0176], [2.4529, 49.0172], [2.4522, 49.0168], [2.4515, 49.0164], [2.451, 49.016], [2.4504, 49.0157], [2.4499, 49.0154], [2.4493, 49.015], [2.4485, 49.0145], [2.4479, 49.0141], [2.4469, 49.0135]], [[2.4469, 49.0135], [2.4469, 49.0134]], [[2.4469, 49.0134], [2.4462, 49.013], [2.4453, 49.0125], [2.4445, 49.0119], [2.4435, 49.0113]], [[2.4435, 49.0113], [2.4434, 49.0112]], [[2.4434, 49.0112], [2.4431, 49.011], [2.4423, 49.0105], [2.4416, 49.0101], [2.4412, 49.0098], [2.4405, 49.0094], [2.4397, 49.0089], [2.4392, 49.0086], [2.4389, 49.0084], [2.4379, 49.0078], [2.4371, 49.0072], [2.4366, 49.0069], [2.4356, 49.0063], [2.4351, 49.006], [2.4344, 49.0055], [2.434, 49.0053], [2.4332, 49.0048], [2.4329, 49.0045], [2.4326, 49.0043], [2.4311, 49.0034], [2.4303, 49.0029], [2.4294, 49.0023], [2.4286, 49.0018], [2.4275, 49.0011], [2.4269, 49.0007], [2.4265, 49.0005], [2.4259, 49.0001], [2.4254, 48.9998], [2.4247, 48.9993], [2.424, 48.9989], [2.4234, 48.9985], [2.4227, 48.9981], [2.4223, 48.9978], [2.4217, 48.9975], [2.4213, 48.9971], [2.4209, 48.9969], [2.4205, 48.9966], [2.4198, 48.9961], [2.4189, 48.9955], [2.4178, 48.9948], [2.4175, 48.9946]], [[2.4175, 48.9946], [2.4168, 48.9942], [2.4165, 48.9939], [2.416, 48.9936], [2.4155, 48.9933], [2.4148, 48.9929], [2.4147, 48.9928]], [[2.4147, 48.9928], [2.4143, 48.9926], [2.4137, 48.9922], [2.4131, 48.9919], [2.4126, 48.9916]], [[2.4126, 48.9916], [2.4122, 48.9914], [2.4115, 48.9909], [2.4111, 48.9907], [2.4106, 48.9904], [2.4091, 48.9894], [2.4086, 48.9891], [2.4075, 48.9884], [2.4066, 48.9879], [2.4058, 48.9873], [2.4051, 48.9869], [2.4043, 48.9864], [2.4041, 48.9863], [2.4038, 48.986], [2.4032, 48.9856], [2.4026, 48.9852], [2.4019, 48.9847], [2.4012, 48.9842], [2.4004, 48.9837], [2.3996, 48.9831], [2.399, 48.9826], [2.3983, 48.9822]], [[2.3983, 48.9822], [2.3978, 48.9818]], [[2.3978, 48.9818], [2.3972, 48.9814], [2.3966, 48.981]], [[2.3966, 48.981], [2.3959, 48.9805]], [[2.3922, 48.9779], [2.3927, 48.9783], [2.3934, 48.9787], [2.3939, 48.9791], [2.3947, 48.9797], [2.3954, 48.9802], [2.3959, 48.9805]], [[2.3922, 48.9779], [2.3917, 48.9776], [2.3911, 48.9772]], [[2.3911, 48.9772], [2.3904, 48.9766]], [[2.3904, 48.9766], [2.3902, 48.9765], [2.3896, 48.9761]], [[2.3896, 48.9761], [2.389, 48.9757], [2.3885, 48.9753], [2.3877, 48.9747], [2.3874, 48.9745], [2.3862, 48.9737], [2.3846, 48.9727], [2.3832, 48.9717], [2.382, 48.9708], [2.3809, 48.9701], [2.3798, 48.9693], [2.3788, 48.9686], [2.3783, 48.9682], [2.3779, 48.9679]], [[2.3779, 48.9679], [2.3778, 48.9679]], [[2.3778, 48.9679], [2.3768, 48.9672], [2.3762, 48.9667], [2.3756, 48.9663], [2.3753, 48.9661]], [[2.3753, 48.9661], [2.3745, 48.9656], [2.3739, 48.9651], [2.3733, 48.9647]], [[2.3733, 48.9647], [2.3732, 48.9646], [2.3727, 48.9643], [2.3721, 48.9638], [2.3717, 48.9635], [2.3707, 48.9628], [2.3703, 48.9626]], [[2.3703, 48.9626], [2.3699, 48.9623], [2.3697, 48.9622], [2.3692, 48.9619], [2.368, 48.961], [2.3676, 48.9608], [2.3651, 48.959], [2.3648, 48.9588], [2.3624, 48.9571], [2.3612, 48.9563], [2.3605, 48.9558], [2.3597, 48.9553], [2.359, 48.9548], [2.3583, 48.9543], [2.358, 48.954], [2.3574, 48.9537], [2.3569, 48.9533], [2.3564, 48.953], [2.356, 48.9526], [2.3557, 48.9524], [2.3552, 48.952], [2.3545, 48.9516], [2.3537, 48.951], [2.3527, 48.9503], [2.3518, 48.9497]], [[2.3518, 48.9497], [2.3515, 48.9494], [2.3502, 48.9485], [2.3496, 48.9481], [2.3489, 48.9476], [2.3481, 48.9471], [2.348, 48.947], [2.3476, 48.9467], [2.3473, 48.9465], [2.3471, 48.9463]], [[2.3469, 48.9461], [2.3466, 48.9458], [2.3463, 48.9455], [2.346, 48.9452], [2.3458, 48.9449], [2.3454, 48.9444], [2.3453, 48.9442], [2.3451, 48.9439], [2.3449, 48.9435], [2.3448, 48.9432], [2.3447, 48.943], [2.3446, 48.9428], [2.3446, 48.9426]], [[2.3446, 48.9426], [2.3446, 48.9425]], [[2.3446, 48.9425], [2.3445, 48.9422], [2.3444, 48.942]], [[2.3444, 48.942], [2.3444, 48.9416], [2.3444, 48.9413], [2.3443, 48.9409], [2.3444, 48.9406], [2.3444, 48.9405]], [[2.3444, 48.9405], [2.3444, 48.9404], [2.3444, 48.9403], [2.3444, 48.9402]], [[2.3444, 48.9402], [2.3444, 48.9401], [2.3444, 48.94], [2.3444, 48.9399], [2.3445, 48.9398], [2.3445, 48.9396], [2.3446, 48.9392], [2.3448, 48.9386], [2.3449, 48.9382], [2.345, 48.9377]], [[2.345, 48.9377], [2.345, 48.9376], [2.3451, 48.9374], [2.3452, 48.9371]], [[2.3452, 48.9371], [2.3452, 48.937], [2.3454, 48.9361]], [[2.3454, 48.9361], [2.3454, 48.936]], [[2.3454, 48.936], [2.3455, 48.9358], [2.3455, 48.9357], [2.3457, 48.935], [2.3458, 48.9345], [2.3459, 48.9342], [2.346, 48.9338], [2.3461, 48.9334], [2.3461, 48.9333]], [[2.3461, 48.9333], [2.3462, 48.9328], [2.3462, 48.9327], [2.3463, 48.9323], [2.3464, 48.9319], [2.3465, 48.9315], [2.3466, 48.9311], [2.3467, 48.9306], [2.3468, 48.9302], [2.347, 48.9296], [2.3471, 48.9292], [2.3472, 48.9289], [2.3473, 48.9282], [2.3475, 48.9277], [2.3476, 48.9272], [2.3478, 48.9267], [2.348, 48.926], [2.3481, 48.9255], [2.3482, 48.925], [2.3484, 48.9244], [2.3486, 48.9236], [2.3487, 48.9232], [2.3487, 48.9231], [2.3488, 48.9225], [2.349, 48.922], [2.349, 48.9218], [2.3491, 48.9215], [2.3492, 48.9213], [2.3493, 48.9211], [2.3494, 48.9208], [2.3496, 48.9205], [2.3497, 48.9203], [2.3499, 48.92], [2.3499, 48.9199], [2.3501, 48.9196], [2.3501, 48.9195], [2.3502, 48.9195], [2.3502, 48.9194], [2.3502, 48.9193], [2.3503, 48.9192], [2.3503, 48.9191], [2.3503, 48.919]], [[2.3503, 48.919], [2.3504, 48.9189], [2.3504, 48.9187], [2.3505, 48.9186], [2.3505, 48.9184], [2.3506, 48.9182], [2.3506, 48.918], [2.3507, 48.9179], [2.3507, 48.9177], [2.3508, 48.9172], [2.3508, 48.9171], [2.3509, 48.9169], [2.3509, 48.9168], [2.3509, 48.9166], [2.3509, 48.9165], [2.3509, 48.9164], [2.3509, 48.916], [2.3509, 48.9158], [2.3509, 48.9157], [2.3509, 48.9155], [2.351, 48.9154]], [[2.351, 48.9154], [2.351, 48.9152]], [[2.351, 48.9152], [2.351, 48.915], [2.3511, 48.9149], [2.3511, 48.9147], [2.3512, 48.9146], [2.3512, 48.9143], [2.3513, 48.9141], [2.3514, 48.914], [2.3516, 48.9134], [2.3517, 48.9133], [2.3517, 48.9132], [2.3517, 48.9131], [2.3518, 48.913], [2.3518, 48.9129], [2.3518, 48.9128], [2.3518, 48.9126], [2.3519, 48.9125], [2.3519, 48.9123], [2.352, 48.9122], [2.352, 48.9121], [2.3521, 48.9119], [2.3522, 48.9118], [2.3522, 48.9117], [2.3524, 48.9113]], [[2.3524, 48.9113], [2.3526, 48.9111], [2.3528, 48.9109]], [[2.3528, 48.9109], [2.3529, 48.9107], [2.3529, 48.9106], [2.353, 48.9105], [2.3531, 48.9103], [2.3531, 48.9101], [2.3532, 48.91], [2.3532, 48.9099], [2.3532, 48.9098], [2.3532, 48.9097], [2.3532, 48.9096], [2.3533, 48.9094]], [[2.3533, 48.9094], [2.3533, 48.9092], [2.3532, 48.9091], [2.3532, 48.909], [2.3532, 48.9089], [2.3532, 48.9088], [2.3532, 48.9086], [2.3531, 48.9083], [2.3531, 48.9082]], [[2.3531, 48.9082], [2.353, 48.908], [2.353, 48.9078]], [[2.353, 48.9078], [2.353, 48.9077], [2.353, 48.9076], [2.353, 48.9073], [2.353, 48.9069], [2.3531, 48.9064], [2.3531, 48.9062], [2.3531, 48.9059], [2.3532, 48.9055], [2.3534, 48.905], [2.3534, 48.9047], [2.3535, 48.9044], [2.3536, 48.9042], [2.3537, 48.9037], [2.3537, 48.9035], [2.3538, 48.9035], [2.3538, 48.9033], [2.354, 48.9025], [2.354, 48.9023], [2.354, 48.902], [2.3541, 48.9018], [2.3541, 48.9016], [2.3542, 48.9013], [2.3543, 48.9009], [2.3544, 48.9002], [2.3545, 48.9], [2.3545, 48.8997], [2.3546, 48.8993], [2.3546, 48.899], [2.3546, 48.8986]], [[2.3546, 48.8986], [2.3546, 48.8981]], [[2.3546, 48.8981], [2.3546, 48.8979], [2.3547, 48.8976], [2.3547, 48.8975], [2.3547, 48.8974], [2.3547, 48.8972], [2.3548, 48.897], [2.3548, 48.8968], [2.3548, 48.8967], [2.3549, 48.8966], [2.3549, 48.8963], [2.3551, 48.8958], [2.3553, 48.8954], [2.3553, 48.8952]], [[2.3553, 48.8952], [2.3554, 48.895], [2.3555, 48.8948], [2.3556, 48.8946], [2.3557, 48.8944], [2.3559, 48.8938], [2.3562, 48.8933], [2.3565, 48.8926], [2.3566, 48.8924], [2.3568, 48.892]], [[2.3568, 48.892], [2.357, 48.8915]], [[2.357, 48.8915], [2.3572, 48.8912], [2.3573, 48.8909], [2.3574, 48.8906], [2.3575, 48.8903], [2.3575, 48.8901], [2.3576, 48.8898]], [[2.3576, 48.8898], [2.3578, 48.8883], [2.3579, 48.8875], [2.358, 48.8864]], [[2.3797, 48.8412], [2.38, 48.8411], [2.3802, 48.8411], [2.3808, 48.8409], [2.3814, 48.8406], [2.3816, 48.8406], [2.3818, 48.8405], [2.382, 48.8405], [2.3822, 48.8405], [2.3828, 48.8404], [2.3831, 48.8404], [2.3835, 48.8403]], [[2.3835, 48.8403], [2.3836, 48.8403], [2.3837, 48.8403], [2.3838, 48.8403], [2.3839, 48.8402], [2.384, 48.8402], [2.3842, 48.8402], [2.3844, 48.8401], [2.3845, 48.8401], [2.3847, 48.84], [2.3849, 48.8399], [2.385, 48.8399], [2.3852, 48.8398], [2.3853, 48.8397], [2.3856, 48.8396]], [[2.3856, 48.8396], [2.3863, 48.8391], [2.3864, 48.8391]], [[2.3864, 48.8391], [2.3873, 48.8386], [2.3879, 48.8383]], [[2.3879, 48.8383], [2.3881, 48.8382], [2.3883, 48.8381], [2.3885, 48.8379], [2.3887, 48.8378], [2.3888, 48.8377], [2.389, 48.8376], [2.3892, 48.8375], [2.3893, 48.8374], [2.3895, 48.8372], [2.3896, 48.8372]], [[2.3896, 48.8372], [2.3901, 48.8367]], [[2.3901, 48.8367], [2.3906, 48.8362], [2.3907, 48.8361], [2.3913, 48.8356], [2.3915, 48.8354], [2.3916, 48.8352], [2.3918, 48.8351], [2.3919, 48.8349], [2.3921, 48.8348], [2.3923, 48.8347], [2.3924, 48.8346], [2.3928, 48.8344], [2.3933, 48.8341], [2.3935, 48.834], [2.3939, 48.8338], [2.394, 48.8337], [2.3942, 48.8337], [2.3944, 48.8335], [2.3947, 48.8334], [2.3949, 48.8333], [2.3955, 48.8329], [2.396, 48.8326], [2.3964, 48.8324], [2.3965, 48.8323], [2.3967, 48.8321], [2.3968, 48.832], [2.3969, 48.832], [2.397, 48.8319], [2.397, 48.8318], [2.3972, 48.8317]], [[2.3972, 48.8317], [2.3973, 48.8316], [2.3975, 48.8314], [2.3976, 48.8313]], [[2.3976, 48.8313], [2.3977, 48.8312], [2.3977, 48.831], [2.3978, 48.831], [2.3979, 48.8308], [2.3979, 48.8307], [2.398, 48.8306], [2.3981, 48.8304], [2.3982, 48.8302], [2.3982, 48.83], [2.3984, 48.8296], [2.3985, 48.8294], [2.3986, 48.8292], [2.3986, 48.8291], [2.3987, 48.829], [2.3988, 48.8289], [2.399, 48.8286], [2.3991, 48.8284], [2.3992, 48.8283], [2.3994, 48.8282], [2.3995, 48.8281], [2.3996, 48.8279], [2.3998, 48.8278], [2.3999, 48.8276], [2.4001, 48.8275], [2.4004, 48.8272], [2.4008, 48.827], [2.4011, 48.8267], [2.4014, 48.8265], [2.4016, 48.8264], [2.4017, 48.8262], [2.402, 48.8261], [2.4023, 48.8259], [2.4025, 48.8257], [2.4028, 48.8256], [2.4031, 48.8254], [2.4034, 48.8252], [2.4037, 48.8251], [2.404, 48.8249], [2.4043, 48.8248], [2.4046, 48.8247], [2.4048, 48.8245], [2.4052, 48.8244], [2.4055, 48.8243], [2.4061, 48.8241], [2.4066, 48.8239], [2.4068, 48.8238], [2.4071, 48.8237], [2.4074, 48.8236], [2.4076, 48.8235], [2.4079, 48.8234], [2.4081, 48.8232], [2.4084, 48.8231], [2.4085, 48.8231], [2.4087, 48.823], [2.4089, 48.8229], [2.4092, 48.8227], [2.4093, 48.8227], [2.4094, 48.8226], [2.4096, 48.8225], [2.4098, 48.8223], [2.4101, 48.8222], [2.4104, 48.822], [2.4107, 48.8218], [2.4109, 48.8217], [2.4111, 48.8215], [2.4113, 48.8214], [2.4115, 48.8213], [2.4119, 48.8209], [2.4122, 48.8207], [2.4126, 48.8204], [2.413, 48.8201], [2.4133, 48.8198], [2.4137, 48.8195], [2.4139, 48.8193], [2.414, 48.8191], [2.4141, 48.8191], [2.4142, 48.8189], [2.4144, 48.8187], [2.4145, 48.8186], [2.4147, 48.8183], [2.4147, 48.8182], [2.4148, 48.8181]], [[2.4148, 48.8181], [2.4149, 48.818], [2.4151, 48.8177], [2.4153, 48.8174], [2.4155, 48.8172]], [[2.4155, 48.8172], [2.4155, 48.8171], [2.4156, 48.8169], [2.4158, 48.8167]], [[2.4158, 48.8167], [2.4163, 48.8159]], [[2.4163, 48.8159], [2.4164, 48.8158], [2.4168, 48.8153], [2.4169, 48.8151], [2.417, 48.815]], [[2.417, 48.815], [2.4172, 48.8147]], [[2.4172, 48.8147], [2.4173, 48.8146], [2.4175, 48.8144], [2.4176, 48.8142], [2.4178, 48.814], [2.4181, 48.8137], [2.4182, 48.8136], [2.4184, 48.8134], [2.4188, 48.813], [2.4192, 48.8126], [2.4197, 48.8122], [2.42, 48.812], [2.4207, 48.8115], [2.4216, 48.8108], [2.4221, 48.8105], [2.4222, 48.8103], [2.4224, 48.8102], [2.4227, 48.81], [2.4229, 48.8097], [2.4231, 48.8095], [2.4232, 48.8094], [2.4233, 48.8093], [2.4234, 48.8092], [2.4236, 48.809], [2.4237, 48.8088], [2.4238, 48.8087], [2.4239, 48.8084], [2.424, 48.8082], [2.4241, 48.808], [2.4242, 48.8079], [2.4243, 48.8076], [2.4245, 48.8071], [2.4248, 48.8066], [2.425, 48.8061], [2.4252, 48.8056], [2.4254, 48.8052], [2.4255, 48.8048], [2.4256, 48.8047], [2.4257, 48.8043], [2.4259, 48.8039], [2.426, 48.8035], [2.4262, 48.803], [2.4264, 48.8025], [2.4265, 48.8023], [2.4267, 48.8019], [2.4268, 48.8016], [2.4269, 48.8014], [2.427, 48.8012], [2.4271, 48.801], [2.4272, 48.8009], [2.4273, 48.8008], [2.4274, 48.8006], [2.4275, 48.8004], [2.4276, 48.8003], [2.4277, 48.8001], [2.4279, 48.7999], [2.4281, 48.7996], [2.4283, 48.7994], [2.4284, 48.7992], [2.4286, 48.799], [2.4288, 48.7988], [2.4289, 48.7986], [2.4291, 48.7984], [2.4292, 48.7982], [2.4293, 48.798], [2.4294, 48.7979], [2.4295, 48.7977], [2.4296, 48.7976], [2.4297, 48.7973], [2.4298, 48.7971], [2.4298, 48.797], [2.4299, 48.7968], [2.4299, 48.7966], [2.43, 48.7963], [2.43, 48.7962], [2.4301, 48.796], [2.4301, 48.7958], [2.4301, 48.7955], [2.4301, 48.7953], [2.4301, 48.7948], [2.4301, 48.7945], [2.4302, 48.7943], [2.4302, 48.7941], [2.4302, 48.7939], [2.4302, 48.7938], [2.4302, 48.7937], [2.4303, 48.7935], [2.4303, 48.7933], [2.4304, 48.7932], [2.4304, 48.793], [2.4305, 48.7928], [2.4306, 48.7924], [2.4309, 48.7918], [2.4311, 48.7913], [2.4312, 48.7909], [2.4316, 48.7902], [2.4317, 48.7899], [2.4318, 48.7897], [2.4319, 48.7895], [2.432, 48.7892], [2.4321, 48.789], [2.4322, 48.789], [2.4322, 48.7888], [2.4323, 48.7886], [2.4324, 48.7884], [2.4324, 48.7883], [2.4324, 48.7882], [2.4326, 48.7877], [2.4328, 48.7872], [2.4328, 48.7871], [2.4329, 48.7868], [2.433, 48.7867], [2.4331, 48.7863], [2.4332, 48.7859], [2.4333, 48.7857], [2.4335, 48.7853], [2.4335, 48.7852], [2.4338, 48.7847], [2.4339, 48.7843], [2.4341, 48.7839], [2.4343, 48.7834], [2.4343, 48.7831], [2.4345, 48.7828], [2.4346, 48.7823], [2.4347, 48.782], [2.4348, 48.7817], [2.4349, 48.7816], [2.4349, 48.7814], [2.435, 48.7812], [2.435, 48.781], [2.435, 48.7808], [2.4351, 48.7806], [2.4351, 48.7804], [2.4351, 48.7803], [2.4351, 48.7801], [2.4352, 48.7796], [2.4352, 48.7794], [2.4352, 48.7792], [2.4353, 48.779], [2.4353, 48.7788], [2.4353, 48.7787], [2.4353, 48.7786], [2.4354, 48.7784], [2.4354, 48.7782], [2.4355, 48.778], [2.4355, 48.7778], [2.4358, 48.7768]], [[2.4358, 48.7768], [2.4358, 48.7766], [2.4359, 48.7763], [2.4359, 48.776], [2.436, 48.7758], [2.436, 48.7755], [2.436, 48.7753], [2.4361, 48.7751], [2.4361, 48.7749], [2.4361, 48.7747], [2.4361, 48.7745], [2.4361, 48.7741], [2.4361, 48.7738], [2.4361, 48.7737], [2.4361, 48.7736], [2.4361, 48.7732], [2.436, 48.7731], [2.436, 48.7729], [2.436, 48.7728], [2.4359, 48.7726], [2.4359, 48.7725], [2.4358, 48.7723], [2.4358, 48.7722], [2.4357, 48.772], [2.4357, 48.7719], [2.4356, 48.7717], [2.4355, 48.7716], [2.4354, 48.7714], [2.4353, 48.7713], [2.4352, 48.7711], [2.4351, 48.7709], [2.4349, 48.7707], [2.4347, 48.7703], [2.4346, 48.7702], [2.4345, 48.77], [2.4343, 48.7698], [2.4342, 48.7696], [2.4341, 48.7695], [2.4341, 48.7694], [2.434, 48.7692], [2.4339, 48.7691], [2.4338, 48.7689], [2.4338, 48.7687], [2.4337, 48.7685], [2.4336, 48.7683], [2.4336, 48.7681], [2.4336, 48.768], [2.4335, 48.7679], [2.4335, 48.7678], [2.4335, 48.7677], [2.4335, 48.7676], [2.4335, 48.7675], [2.4335, 48.7673], [2.4335, 48.7672], [2.4335, 48.767], [2.4335, 48.7668], [2.4335, 48.7664], [2.4335, 48.7662], [2.4335, 48.766], [2.4335, 48.7654], [2.4335, 48.7651], [2.4335, 48.7649], [2.4335, 48.7643], [2.4336, 48.7639]], [[2.4336, 48.7639], [2.4336, 48.7633], [2.4336, 48.7629], [2.4336, 48.7623], [2.4336, 48.7618], [2.4336, 48.7615], [2.4336, 48.7611], [2.4337, 48.7607], [2.4337, 48.7605], [2.4337, 48.7601], [2.4337, 48.76], [2.4337, 48.7595], [2.4337, 48.7592], [2.4338, 48.7588], [2.4338, 48.7584], [2.4338, 48.7578], [2.4338, 48.7575], [2.4339, 48.7571], [2.4339, 48.7569], [2.4339, 48.7565], [2.4339, 48.7562], [2.4339, 48.7559], [2.4339, 48.7557], [2.4339, 48.7553], [2.4339, 48.7551], [2.4339, 48.7547], [2.4339, 48.7544], [2.4339, 48.754], [2.4339, 48.7536], [2.4339, 48.7535], [2.4339, 48.7533], [2.4339, 48.7532], [2.4339, 48.7531], [2.4339, 48.753], [2.434, 48.7528], [2.434, 48.7527], [2.434, 48.7526], [2.4341, 48.7525], [2.4341, 48.7523], [2.4342, 48.7522], [2.4342, 48.7521], [2.4343, 48.752], [2.4343, 48.7519], [2.4344, 48.7518], [2.4345, 48.7517], [2.4346, 48.7515], [2.4347, 48.7514], [2.4348, 48.7513], [2.435, 48.7511], [2.4351, 48.7509]], [[2.4351, 48.7509], [2.4352, 48.7508]], [[2.4352, 48.7508], [2.4353, 48.7507], [2.4356, 48.7504], [2.4358, 48.7501], [2.4362, 48.7497], [2.4365, 48.7494], [2.4366, 48.7492], [2.4367, 48.7491], [2.4368, 48.7489], [2.4369, 48.7489], [2.4369, 48.7488], [2.437, 48.7487], [2.4372, 48.7485], [2.4373, 48.7483], [2.4374, 48.7481], [2.4374, 48.748], [2.4375, 48.7479], [2.4376, 48.7477], [2.4376, 48.7476], [2.4377, 48.7474], [2.4378, 48.7471], [2.4379, 48.7467], [2.438, 48.7464], [2.4381, 48.7462]], [[2.4381, 48.7462], [2.4381, 48.746]], [[2.4381, 48.746], [2.4382, 48.7459]], [[2.4382, 48.7459], [2.4382, 48.7457], [2.4383, 48.7456], [2.4383, 48.7455], [2.4383, 48.7454], [2.4384, 48.7452], [2.4384, 48.7451], [2.4385, 48.7449], [2.4385, 48.7448], [2.4386, 48.7447], [2.4387, 48.7446], [2.4387, 48.7444], [2.4388, 48.7443], [2.4389, 48.7442], [2.439, 48.7441], [2.4391, 48.744], [2.4391, 48.7439], [2.4393, 48.7437], [2.4394, 48.7435], [2.4395, 48.7435]], [[2.4395, 48.7435], [2.4396, 48.7432], [2.4398, 48.743], [2.44, 48.7428], [2.4401, 48.7426], [2.4402, 48.7425], [2.4403, 48.7425], [2.4404, 48.7423], [2.4406, 48.7421], [2.4407, 48.742], [2.4409, 48.7418], [2.4411, 48.7417], [2.4412, 48.7416], [2.4413, 48.7415], [2.4415, 48.7413], [2.4416, 48.7412], [2.4422, 48.7408], [2.4428, 48.7404], [2.4431, 48.7402], [2.4435, 48.7399], [2.4436, 48.7398], [2.4438, 48.7397], [2.4439, 48.7396], [2.444, 48.7395], [2.4441, 48.7394], [2.4443, 48.7393], [2.4445, 48.7391], [2.4446, 48.739], [2.4447, 48.7388], [2.4448, 48.7387], [2.4449, 48.7386], [2.445, 48.7384], [2.4451, 48.7383], [2.4452, 48.7382], [2.4453, 48.738], [2.4454, 48.7379], [2.4454, 48.7377], [2.4455, 48.7376], [2.4455, 48.7374], [2.4456, 48.7373], [2.4456, 48.7371], [2.4457, 48.737], [2.4458, 48.7365], [2.4458, 48.7363], [2.4459, 48.7359], [2.4459, 48.7358], [2.446, 48.7356], [2.446, 48.7353], [2.446, 48.7352], [2.4461, 48.7349], [2.4461, 48.7347], [2.4461, 48.7346], [2.4461, 48.7342], [2.4461, 48.7339], [2.4461, 48.7337], [2.4462, 48.7335], [2.4462, 48.7334], [2.4462, 48.7333], [2.4462, 48.7331], [2.4463, 48.7329], [2.4463, 48.7328]], [[2.4463, 48.7328], [2.4463, 48.7325], [2.4463, 48.7323], [2.4464, 48.7322], [2.4464, 48.7321], [2.4464, 48.7318], [2.4464, 48.7316], [2.4464, 48.7315], [2.4464, 48.7314], [2.4464, 48.7312], [2.4464, 48.7311]], [[2.4464, 48.7311], [2.4464, 48.731]], [[2.4464, 48.731], [2.4464, 48.7308], [2.4464, 48.7306], [2.4463, 48.7303], [2.4463, 48.7301]], [[2.4463, 48.7301], [2.4463, 48.7299], [2.4462, 48.7298], [2.4462, 48.7297], [2.4461, 48.7296], [2.4461, 48.7294], [2.446, 48.7292], [2.446, 48.7291]], [[2.446, 48.7291], [2.4459, 48.7289], [2.4458, 48.7288], [2.4457, 48.7286], [2.4456, 48.7285], [2.4456, 48.7284], [2.4454, 48.7281], [2.4453, 48.728], [2.4451, 48.7277], [2.4448, 48.7273], [2.4447, 48.7271], [2.4446, 48.7269], [2.4445, 48.7269], [2.4444, 48.7267], [2.4442, 48.7264]], [[2.4442, 48.7264], [2.4441, 48.7261], [2.444, 48.7259], [2.4439, 48.7258]], [[2.4439, 48.7258], [2.4438, 48.7256], [2.4437, 48.7254], [2.4435, 48.7251], [2.4435, 48.725]], [[2.4435, 48.725], [2.4433, 48.7248], [2.4431, 48.7244], [2.4431, 48.7243], [2.443, 48.7242], [2.4429, 48.724], [2.4428, 48.7239], [2.4427, 48.7237], [2.4425, 48.7235], [2.4423, 48.7234], [2.4423, 48.7233], [2.442, 48.7231], [2.4417, 48.7228], [2.4413, 48.7225], [2.4408, 48.7222], [2.4406, 48.722], [2.4403, 48.7218], [2.4401, 48.7216], [2.4398, 48.7214], [2.4393, 48.721], [2.439, 48.7207], [2.4388, 48.7206], [2.4387, 48.7205]], [[2.4387, 48.7205], [2.4384, 48.7203]], [[2.4384, 48.7203], [2.4382, 48.7202], [2.4379, 48.7201], [2.4375, 48.7198], [2.4371, 48.7196], [2.4369, 48.7196], [2.4366, 48.7194], [2.436, 48.7192], [2.4354, 48.7189], [2.4345, 48.7185], [2.4333, 48.718], [2.4323, 48.7175], [2.4322, 48.7175]], [[2.4322, 48.7175], [2.4321, 48.7174]], [[2.4321, 48.7174], [2.4309, 48.7169], [2.4307, 48.7168], [2.4304, 48.7167], [2.4294, 48.7162], [2.4281, 48.7156], [2.4278, 48.7155], [2.4275, 48.7153], [2.4272, 48.7151], [2.4269, 48.715], [2.4265, 48.7147], [2.4262, 48.7145]], [[2.4262, 48.7145], [2.4256, 48.7142]], [[2.4256, 48.7142], [2.4254, 48.714], [2.4251, 48.7139], [2.4248, 48.7137], [2.4245, 48.7135], [2.4242, 48.7134], [2.4225, 48.7126], [2.4222, 48.7124], [2.4216, 48.7121], [2.4214, 48.7119], [2.421, 48.7117], [2.4205, 48.7115], [2.4199, 48.7112], [2.4192, 48.7108]], [[2.4192, 48.7108], [2.4182, 48.7103], [2.417, 48.7097], [2.416, 48.7092], [2.4148, 48.7086], [2.4143, 48.7083], [2.4134, 48.7079], [2.412, 48.7072], [2.4115, 48.7069], [2.4111, 48.7067], [2.4106, 48.7064], [2.4103, 48.7063], [2.41, 48.7062], [2.4097, 48.706], [2.4094, 48.7059], [2.4091, 48.7058], [2.4085, 48.7056], [2.4082, 48.7055], [2.4078, 48.7053], [2.4073, 48.7052], [2.4069, 48.7051], [2.4065, 48.705], [2.406, 48.7049], [2.4056, 48.7049], [2.4052, 48.7048], [2.4048, 48.7047], [2.4045, 48.7047], [2.4041, 48.7047], [2.4037, 48.7046]], [[2.4037, 48.7046], [2.4005, 48.7044]], [[2.4005, 48.7044], [2.4002, 48.7043], [2.3999, 48.7043], [2.3996, 48.7042], [2.3993, 48.7042], [2.399, 48.7041], [2.3988, 48.7041], [2.3985, 48.704], [2.3983, 48.7039], [2.398, 48.7039], [2.3978, 48.7038], [2.3976, 48.7037], [2.3974, 48.7036], [2.3971, 48.7035], [2.3969, 48.7034], [2.3967, 48.7033], [2.3965, 48.7031], [2.3963, 48.703], [2.3961, 48.7029], [2.396, 48.7028], [2.3958, 48.7026], [2.3956, 48.7025], [2.3954, 48.7022], [2.3952, 48.7021], [2.395, 48.7018], [2.3946, 48.7013], [2.3937, 48.7003], [2.3916, 48.6979], [2.3876, 48.6934], [2.3871, 48.6928]], [[2.3871, 48.6928], [2.3867, 48.6924], [2.3865, 48.6922], [2.3853, 48.6911]], [[2.3853, 48.6911], [2.3848, 48.6906], [2.3842, 48.6899], [2.3839, 48.6896], [2.3837, 48.6894]], [[2.3837, 48.6894], [2.3834, 48.689], [2.3832, 48.6888], [2.3829, 48.6884]], [[2.3829, 48.6884], [2.3827, 48.6881], [2.3826, 48.6879], [2.3823, 48.6875], [2.3822, 48.6872], [2.3821, 48.687], [2.382, 48.6866], [2.3818, 48.6861]], [[2.3818, 48.6861], [2.3817, 48.6859], [2.3816, 48.6855], [2.3816, 48.6853], [2.3816, 48.6852], [2.3816, 48.6849], [2.3815, 48.6845]], [[2.3815, 48.6844], [2.3815, 48.6842], [2.3815, 48.6837], [2.3815, 48.6835], [2.3815, 48.6833], [2.3815, 48.6832], [2.3816, 48.6828], [2.3816, 48.6825], [2.3817, 48.6823], [2.3817, 48.6821], [2.3818, 48.6819], [2.3819, 48.6817], [2.382, 48.6813], [2.3822, 48.681], [2.3823, 48.6807], [2.3824, 48.6805], [2.3826, 48.6802], [2.3828, 48.6799], [2.383, 48.6796], [2.3832, 48.6794], [2.3835, 48.679]], [[2.3835, 48.679], [2.3835, 48.6789]], [[2.3835, 48.6789], [2.3837, 48.6788], [2.3838, 48.6786], [2.384, 48.6784], [2.3842, 48.6782], [2.3845, 48.6779], [2.3847, 48.6777], [2.385, 48.6775], [2.3853, 48.6772]], [[2.3853, 48.6772], [2.3854, 48.6772]], [[2.3854, 48.6772], [2.3861, 48.6766]], [[2.3863, 48.6765], [2.3867, 48.6762]], [[2.3867, 48.6762], [2.3868, 48.6761], [2.3869, 48.676], [2.3872, 48.6758], [2.3877, 48.6754], [2.3886, 48.6748], [2.3899, 48.6737], [2.3912, 48.6727], [2.3919, 48.6722], [2.3926, 48.6717]], [[2.3926, 48.6717], [2.3927, 48.6716], [2.393, 48.6714]], [[2.393, 48.6714], [2.3934, 48.6711]], [[2.3934, 48.6711], [2.394, 48.6706], [2.3946, 48.6702], [2.3952, 48.6698], [2.3959, 48.6693], [2.3971, 48.6684], [2.3978, 48.6679]], [[2.3978, 48.6679], [2.3979, 48.6679]], [[2.3979, 48.6679], [2.3987, 48.6673], [2.3989, 48.6671], [2.3991, 48.6669], [2.3993, 48.6668], [2.3994, 48.6667], [2.3995, 48.6666], [2.3997, 48.6664], [2.3998, 48.6663]], [[2.3998, 48.6663], [2.3999, 48.6661], [2.4, 48.666], [2.4001, 48.6659], [2.4004, 48.6655]], [[2.4004, 48.6655], [2.4004, 48.6654], [2.4006, 48.665], [2.4008, 48.6645], [2.4009, 48.664], [2.401, 48.6636], [2.401, 48.663]], [[2.401, 48.6622], [2.4009, 48.6616], [2.4007, 48.6611], [2.4005, 48.6606], [2.4003, 48.6601], [2.3997, 48.6592], [2.3991, 48.6583], [2.3985, 48.6573]], [[2.3985, 48.6573], [2.3977, 48.6561], [2.3964, 48.6542], [2.3959, 48.6535]], [[2.3959, 48.6535], [2.3925, 48.6484], [2.392, 48.6474], [2.3919, 48.6471], [2.3918, 48.6467]], [[2.3918, 48.6467], [2.3917, 48.6465], [2.3917, 48.6463], [2.3917, 48.646], [2.3917, 48.6457], [2.3918, 48.6455], [2.3918, 48.6452], [2.3919, 48.6449], [2.392, 48.6447], [2.3922, 48.6443], [2.3924, 48.644], [2.3926, 48.6437], [2.3928, 48.6434], [2.3931, 48.6431], [2.3936, 48.6426], [2.394, 48.6422], [2.3959, 48.6405], [2.3964, 48.64], [2.397, 48.6395]], [[2.397, 48.6395], [2.3975, 48.6391], [2.3981, 48.6387], [2.3985, 48.6385], [2.3989, 48.6382], [2.3992, 48.638], [2.3996, 48.6378], [2.3999, 48.6376], [2.4003, 48.6374], [2.4006, 48.6372], [2.401, 48.6371], [2.4014, 48.637], [2.4018, 48.6368], [2.4022, 48.6367], [2.4027, 48.6366], [2.403, 48.6366], [2.4034, 48.6365], [2.4036, 48.6365], [2.4041, 48.6364], [2.4044, 48.6364], [2.4049, 48.6364], [2.4052, 48.6364], [2.4059, 48.6364], [2.4064, 48.6364], [2.4076, 48.6364]], [[2.4076, 48.6364], [2.4077, 48.6364], [2.4079, 48.6364]], [[2.4079, 48.6364], [2.4087, 48.6364], [2.4097, 48.6364], [2.4102, 48.6364], [2.4107, 48.6363], [2.4111, 48.6363], [2.4119, 48.6362], [2.4123, 48.6361], [2.4128, 48.636]], [[2.4128, 48.636], [2.4129, 48.636], [2.4132, 48.6359], [2.4133, 48.6359], [2.4134, 48.6358]], [[2.4134, 48.6358], [2.4135, 48.6358], [2.4137, 48.6357], [2.414, 48.6356], [2.4142, 48.6355], [2.4144, 48.6355], [2.4146, 48.6353], [2.4149, 48.6352], [2.4151, 48.6351], [2.4153, 48.635], [2.4154, 48.6349], [2.4156, 48.6348], [2.4158, 48.6347], [2.416, 48.6345], [2.4162, 48.6344], [2.4164, 48.6342], [2.4165, 48.6341], [2.4167, 48.634], [2.4168, 48.6338], [2.417, 48.6336], [2.4171, 48.6335], [2.4172, 48.6333], [2.4173, 48.6332], [2.4174, 48.6331], [2.4175, 48.6329], [2.4175, 48.6328], [2.4177, 48.6325], [2.4178, 48.6323], [2.4178, 48.6321], [2.4179, 48.6319], [2.418, 48.6317], [2.418, 48.6315], [2.4181, 48.6313], [2.4182, 48.6309], [2.4183, 48.6306], [2.4184, 48.6304], [2.4184, 48.6302], [2.4185, 48.63], [2.4186, 48.6298], [2.4187, 48.6297], [2.4188, 48.6296], [2.4188, 48.6295], [2.4189, 48.6294], [2.419, 48.6292], [2.4191, 48.6291], [2.4193, 48.6289], [2.4194, 48.6288], [2.4196, 48.6286], [2.4198, 48.6284], [2.4199, 48.6283], [2.4201, 48.6282], [2.4202, 48.6281], [2.4204, 48.6279], [2.4206, 48.6278], [2.4209, 48.6276], [2.4211, 48.6275], [2.4213, 48.6274], [2.4215, 48.6273], [2.4217, 48.6272], [2.4219, 48.6271], [2.4221, 48.627], [2.4224, 48.6269], [2.4228, 48.6268], [2.4231, 48.6267], [2.4233, 48.6266], [2.4236, 48.6266], [2.4238, 48.6265]], [[2.4238, 48.6265], [2.424, 48.6265], [2.4242, 48.6264], [2.4248, 48.6264], [2.4252, 48.6263], [2.4256, 48.6263], [2.4261, 48.6262], [2.4274, 48.6261]], [[2.4339, 48.6256], [2.4358, 48.6254], [2.4373, 48.6253], [2.4384, 48.6252], [2.4392, 48.6251], [2.4402, 48.6249], [2.4405, 48.6248]], [[2.4405, 48.6248], [2.4416, 48.6245], [2.443, 48.6239], [2.4441, 48.6236], [2.4448, 48.6234], [2.4458, 48.6233], [2.4466, 48.6232], [2.4468, 48.6232], [2.4473, 48.6232]], [[2.4473, 48.6232], [2.4476, 48.6232], [2.4508, 48.6233], [2.4541, 48.6235]], [[2.4541, 48.6235], [2.4552, 48.6235], [2.4558, 48.6235], [2.4563, 48.6235]], [[2.4572, 48.6235], [2.458, 48.6234], [2.4586, 48.6233], [2.4592, 48.6232], [2.4624, 48.6226]], [[2.4624, 48.6226], [2.4651, 48.622], [2.4661, 48.6218], [2.4663, 48.6218], [2.4665, 48.6217], [2.4666, 48.6217], [2.4669, 48.6216], [2.4672, 48.6216], [2.4674, 48.6215], [2.4677, 48.6214], [2.468, 48.6213], [2.4683, 48.6212], [2.4686, 48.6211], [2.4689, 48.621], [2.4695, 48.6207], [2.4698, 48.6206], [2.4698, 48.6205]], [[2.4698, 48.6205], [2.4701, 48.6204], [2.4703, 48.6203], [2.4718, 48.6194], [2.4725, 48.6189], [2.4727, 48.6188], [2.4731, 48.6185], [2.4734, 48.6183], [2.4736, 48.6181], [2.4737, 48.618], [2.4738, 48.6179], [2.4739, 48.6178], [2.474, 48.6177], [2.4741, 48.6176], [2.4741, 48.6175], [2.4742, 48.6174], [2.4743, 48.6172], [2.4744, 48.6169]], [[2.4744, 48.6169], [2.4745, 48.6168], [2.4746, 48.6165], [2.4746, 48.6164], [2.4746, 48.6163], [2.4746, 48.6162]], [[2.4746, 48.6162], [2.4746, 48.6161]], [[2.4746, 48.6161], [2.4746, 48.6159], [2.4746, 48.6158], [2.4746, 48.6157], [2.4745, 48.6156], [2.4745, 48.6153], [2.4744, 48.6152], [2.4744, 48.6151], [2.4744, 48.615], [2.4743, 48.6149], [2.4742, 48.6148], [2.4742, 48.6147], [2.4741, 48.6146], [2.4741, 48.6145], [2.474, 48.6144], [2.4739, 48.6143], [2.4738, 48.6142], [2.4736, 48.614], [2.4731, 48.6136], [2.4727, 48.6132], [2.4725, 48.6131]], [[2.4909, 49.1374], [2.4905, 49.1378], [2.49, 49.1383]], [[2.4911, 49.1372], [2.4909, 49.1374]], [[2.4955, 49.1337], [2.4954, 49.1337], [2.4949, 49.1341], [2.4944, 49.1344], [2.4941, 49.1346], [2.4939, 49.1348], [2.4937, 49.1349], [2.4936, 49.1351], [2.4931, 49.1354], [2.4928, 49.1357], [2.4925, 49.1359], [2.4922, 49.1362], [2.492, 49.1364], [2.4918, 49.1366], [2.4916, 49.1367], [2.4911, 49.1372]], [[2.4972, 49.1327], [2.497, 49.1329], [2.4969, 49.1329], [2.4967, 49.133], [2.4962, 49.1333], [2.496, 49.1334], [2.4957, 49.1335], [2.4956, 49.1336], [2.4955, 49.1337]], [[2.5018, 49.1296], [2.4995, 49.1311], [2.4987, 49.1316], [2.4968, 49.1328], [2.4962, 49.1332], [2.4955, 49.1337]], [[2.4607, 49.0222], [2.4616, 49.0228], [2.4625, 49.0233]], [[2.4592, 49.0212], [2.4596, 49.0215], [2.4599, 49.0217], [2.4603, 49.022], [2.4607, 49.0222]], [[2.4582, 49.0206], [2.4584, 49.0207], [2.4586, 49.0208], [2.4588, 49.021], [2.4589, 49.0211], [2.459, 49.0211], [2.4592, 49.0212]], [[2.4435, 48.725], [2.4433, 48.7248], [2.4433, 48.7247], [2.4432, 48.7246], [2.4432, 48.7245], [2.443, 48.7243], [2.4429, 48.7241], [2.4428, 48.724], [2.4426, 48.7238], [2.4423, 48.7235], [2.4423, 48.7234], [2.4422, 48.7234], [2.4421, 48.7232], [2.4419, 48.7231], [2.4418, 48.723], [2.4416, 48.7228], [2.4414, 48.7227], [2.4411, 48.7225], [2.4408, 48.7223], [2.4404, 48.7221], [2.4402, 48.7219], [2.4401, 48.7218], [2.4399, 48.7217]], [[2.4399, 48.7217], [2.4397, 48.7216], [2.4395, 48.7214], [2.4393, 48.7212], [2.439, 48.721], [2.4389, 48.7209], [2.4388, 48.7207], [2.4387, 48.7206]], [[2.4387, 48.7206], [2.4385, 48.7204], [2.4384, 48.7202], [2.4383, 48.7201], [2.4383, 48.7199], [2.4382, 48.7198]], [[2.4382, 48.7198], [2.4381, 48.7196], [2.4381, 48.7195], [2.438, 48.7193], [2.438, 48.7192], [2.438, 48.719], [2.438, 48.7189], [2.4379, 48.7187], [2.4379, 48.7186], [2.438, 48.7184], [2.438, 48.7183], [2.438, 48.7182], [2.438, 48.718], [2.438, 48.7179], [2.438, 48.7178], [2.4381, 48.7177], [2.4381, 48.7176], [2.4382, 48.7174], [2.4382, 48.7173]], [[2.4382, 48.7173], [2.4383, 48.7172]], [[2.4383, 48.7172], [2.4384, 48.717], [2.4385, 48.7168], [2.4386, 48.7166], [2.4387, 48.7165], [2.4388, 48.7164], [2.4389, 48.7162], [2.439, 48.7161], [2.4392, 48.716], [2.4393, 48.7158], [2.4395, 48.7157], [2.4396, 48.7156], [2.4398, 48.7154], [2.4399, 48.7153], [2.4401, 48.7152], [2.4403, 48.7151], [2.4405, 48.715], [2.4409, 48.7148], [2.4411, 48.7147], [2.4413, 48.7147], [2.4415, 48.7146], [2.4417, 48.7145], [2.442, 48.7144], [2.4422, 48.7143]], [[2.4422, 48.7143], [2.4424, 48.7143], [2.4426, 48.7143]], [[2.4426, 48.7143], [2.4429, 48.7142], [2.4432, 48.7142]], [[2.4432, 48.7142], [2.4433, 48.7141]], [[2.4433, 48.7141], [2.4436, 48.7141], [2.4438, 48.7141], [2.4441, 48.7141], [2.4443, 48.714], [2.4446, 48.714], [2.445, 48.714], [2.4463, 48.7141], [2.4469, 48.7141], [2.4472, 48.7141], [2.4473, 48.7141], [2.4476, 48.7141], [2.4478, 48.7141], [2.448, 48.7141]], [[2.448, 48.7141], [2.4481, 48.7141], [2.4482, 48.7141], [2.4483, 48.7141], [2.4484, 48.7141]], [[2.4484, 48.7141], [2.4487, 48.7141], [2.4489, 48.714], [2.4491, 48.714], [2.4493, 48.714], [2.4495, 48.7139], [2.4497, 48.7139], [2.4499, 48.7139], [2.4501, 48.7138], [2.4502, 48.7138]], [[2.4502, 48.7138], [2.4503, 48.7138]], [[2.4503, 48.7138], [2.4505, 48.7137], [2.4509, 48.7136], [2.4513, 48.7134], [2.4519, 48.7132], [2.4521, 48.7131]], [[2.4521, 48.7131], [2.4525, 48.7129], [2.4538, 48.7125], [2.4544, 48.7122], [2.4549, 48.712], [2.4552, 48.7119], [2.4556, 48.7117], [2.456, 48.7115], [2.4566, 48.7113], [2.4568, 48.7111], [2.4571, 48.711], [2.4572, 48.7109], [2.4575, 48.7107], [2.4578, 48.7105], [2.4582, 48.7103], [2.4584, 48.7101], [2.4587, 48.71], [2.4589, 48.7098], [2.4592, 48.7097], [2.4594, 48.7095], [2.4596, 48.7094], [2.4599, 48.7093], [2.4602, 48.7092], [2.4605, 48.709], [2.4608, 48.7089], [2.4613, 48.7087], [2.4617, 48.7085], [2.4621, 48.7083], [2.4623, 48.7082], [2.4626, 48.7081], [2.463, 48.708], [2.4633, 48.7079], [2.4636, 48.7078]], [[2.4636, 48.7078], [2.4641, 48.7076], [2.4644, 48.7075], [2.4649, 48.7074], [2.466, 48.7071], [2.4671, 48.7068], [2.4682, 48.7066], [2.4692, 48.7063], [2.4694, 48.7063], [2.4698, 48.7062], [2.4702, 48.7061], [2.4705, 48.7061], [2.4709, 48.706], [2.4713, 48.7059], [2.4716, 48.7059], [2.472, 48.7059], [2.4724, 48.7058], [2.4727, 48.7058], [2.4731, 48.7057], [2.4735, 48.7057], [2.4738, 48.7057], [2.4742, 48.7057], [2.4746, 48.7056], [2.4749, 48.7056], [2.4753, 48.7056], [2.4757, 48.7056], [2.476, 48.7056], [2.4765, 48.7056], [2.4768, 48.7056], [2.4772, 48.7057], [2.4775, 48.7057], [2.4779, 48.7057], [2.4783, 48.7057], [2.4787, 48.7058], [2.479, 48.7058], [2.4794, 48.7058], [2.4797, 48.7059], [2.4801, 48.7059], [2.4805, 48.706], [2.4809, 48.7061], [2.4812, 48.7061], [2.4823, 48.7063], [2.4824, 48.7063], [2.4827, 48.7064], [2.4834, 48.7065], [2.4837, 48.7065], [2.4841, 48.7066], [2.4844, 48.7066], [2.4855, 48.7068], [2.4859, 48.7068], [2.4862, 48.7068], [2.4866, 48.7069], [2.487, 48.7069], [2.4875, 48.7069], [2.4879, 48.7069], [2.4882, 48.7069], [2.4884, 48.7069], [2.4886, 48.7069], [2.4889, 48.7069], [2.4893, 48.7069], [2.4897, 48.7069], [2.49, 48.7068], [2.4904, 48.7068], [2.4908, 48.7068], [2.4911, 48.7068], [2.4915, 48.7067], [2.4919, 48.7067], [2.4922, 48.7066], [2.4926, 48.7065], [2.493, 48.7065], [2.4935, 48.7063], [2.4941, 48.7062], [2.4945, 48.7061], [2.495, 48.706], [2.4954, 48.7059], [2.4958, 48.7058]], [[2.4958, 48.7058], [2.4961, 48.7057], [2.4969, 48.7055], [2.4973, 48.7054]], [[2.4973, 48.7054], [2.4974, 48.7053], [2.4979, 48.7052], [2.4986, 48.7049], [2.4988, 48.7048]], [[2.4988, 48.7048], [2.4989, 48.7047]], [[2.4989, 48.7047], [2.4991, 48.7047], [2.4997, 48.7044], [2.4999, 48.7043], [2.5005, 48.704], [2.5009, 48.7038], [2.5012, 48.7036], [2.5016, 48.7034], [2.5021, 48.7032], [2.5025, 48.7029], [2.5029, 48.7027], [2.5032, 48.7025], [2.5035, 48.7022], [2.5038, 48.702], [2.5042, 48.7017], [2.5047, 48.7012], [2.505, 48.7009], [2.5052, 48.7007], [2.5056, 48.7002], [2.5059, 48.7], [2.5061, 48.6997], [2.5066, 48.6992], [2.507, 48.6988], [2.5075, 48.6983]], [[2.5075, 48.6983], [2.5077, 48.6981]], [[2.5077, 48.6981], [2.5081, 48.6976], [2.5084, 48.6973], [2.5088, 48.6969]], [[2.5088, 48.6969], [2.5101, 48.6954], [2.5115, 48.694]], [[2.5115, 48.694], [2.5119, 48.6936], [2.5124, 48.6931], [2.5132, 48.6924], [2.5166, 48.6893], [2.5175, 48.6885], [2.518, 48.6881], [2.5184, 48.6877], [2.5189, 48.6873], [2.5194, 48.6869], [2.5199, 48.6866], [2.5204, 48.6863], [2.521, 48.6859], [2.5216, 48.6856]], [[2.5216, 48.6856], [2.5217, 48.6856]], [[2.5217, 48.6856], [2.5219, 48.6855], [2.5228, 48.6851], [2.5234, 48.6848], [2.5247, 48.6843], [2.5256, 48.6839], [2.5298, 48.6823], [2.5307, 48.6819]], [[2.5307, 48.6819], [2.531, 48.6818]], [[2.531, 48.6818], [2.5316, 48.6815], [2.5326, 48.6811], [2.5332, 48.6809], [2.5334, 48.6808], [2.5341, 48.6805], [2.5347, 48.6802], [2.5351, 48.68], [2.5353, 48.6799], [2.5358, 48.6797], [2.5363, 48.6794], [2.5366, 48.6792], [2.5371, 48.6789], [2.5374, 48.6787], [2.5377, 48.6785], [2.5382, 48.6782], [2.5387, 48.6778], [2.5393, 48.6774], [2.5398, 48.6769], [2.5403, 48.6765], [2.5408, 48.676], [2.5411, 48.6758], [2.5413, 48.6755], [2.5417, 48.6751], [2.5422, 48.6746], [2.5425, 48.6742], [2.5434, 48.6731], [2.5436, 48.6728]], [[2.5436, 48.6728], [2.5437, 48.6727]], [[2.5437, 48.6727], [2.5442, 48.6721], [2.5445, 48.6716], [2.5449, 48.6711], [2.5453, 48.6706], [2.5455, 48.6704], [2.5456, 48.6702], [2.546, 48.6697], [2.5464, 48.6693], [2.5465, 48.6692], [2.5468, 48.6689], [2.547, 48.6686], [2.5472, 48.6684], [2.5477, 48.6678], [2.548, 48.6674], [2.5482, 48.667], [2.5486, 48.6666], [2.5486, 48.6665], [2.5488, 48.6662], [2.5489, 48.666], [2.5491, 48.6658]], [[2.5491, 48.6658], [2.5493, 48.6655], [2.5495, 48.6652], [2.5498, 48.6649], [2.5499, 48.6647], [2.5503, 48.6643], [2.5504, 48.6641]], [[2.5504, 48.6641], [2.551, 48.6635], [2.5513, 48.6631], [2.5516, 48.6627], [2.5539, 48.6598], [2.5551, 48.6583], [2.5557, 48.6576], [2.5561, 48.657], [2.5565, 48.6565], [2.5569, 48.6559], [2.5572, 48.6554], [2.5575, 48.6548], [2.5578, 48.6543], [2.5581, 48.6537], [2.5582, 48.6535], [2.5593, 48.6511], [2.5598, 48.6499], [2.5601, 48.6493], [2.5603, 48.6488], [2.5605, 48.6482], [2.5607, 48.6477], [2.5609, 48.6472], [2.5611, 48.6466], [2.5613, 48.6461], [2.5615, 48.6455], [2.5618, 48.6448], [2.5619, 48.6445], [2.562, 48.644], [2.5622, 48.6437], [2.5623, 48.6434], [2.5624, 48.6432], [2.5625, 48.6429], [2.5627, 48.6426], [2.5628, 48.6424], [2.563, 48.6422]], [[2.563, 48.6422], [2.563, 48.6421]], [[2.563, 48.6421], [2.5633, 48.6417], [2.5636, 48.6412], [2.5639, 48.6406], [2.5641, 48.6404], [2.5642, 48.6401], [2.5643, 48.6398], [2.5645, 48.6393], [2.5648, 48.6388], [2.565, 48.6382], [2.5653, 48.6377], [2.5655, 48.6371], [2.5656, 48.6369]], [[2.5656, 48.6369], [2.5657, 48.6368]], [[2.5657, 48.6368], [2.5658, 48.6366], [2.5661, 48.6358], [2.5664, 48.6351], [2.5667, 48.6347], [2.5668, 48.6344], [2.5669, 48.6341], [2.5671, 48.6337], [2.5672, 48.6336], [2.5673, 48.6334], [2.5674, 48.6331], [2.5676, 48.6329], [2.5677, 48.6326], [2.5678, 48.6323], [2.5683, 48.6314], [2.5685, 48.6311], [2.5686, 48.631], [2.5688, 48.6305], [2.5689, 48.6302], [2.569, 48.63], [2.5691, 48.6298], [2.5692, 48.6294], [2.5693, 48.6292], [2.5694, 48.6289], [2.5695, 48.6287], [2.5695, 48.6286], [2.5696, 48.6284]], [[2.5696, 48.6284], [2.5696, 48.6283]], [[2.5696, 48.6283], [2.5697, 48.6281], [2.5698, 48.6277], [2.5699, 48.6276], [2.57, 48.6272], [2.57, 48.6271], [2.5703, 48.6266], [2.5705, 48.6262], [2.5707, 48.6256], [2.5714, 48.624], [2.5753, 48.6153], [2.5754, 48.6152], [2.5762, 48.6132], [2.5767, 48.6121], [2.5772, 48.6109], [2.5773, 48.6107], [2.5775, 48.6104], [2.5777, 48.6099], [2.5783, 48.6085], [2.5788, 48.6074], [2.5791, 48.6067], [2.5798, 48.6052], [2.5803, 48.6041], [2.5809, 48.6028], [2.5813, 48.6019], [2.5818, 48.6008], [2.5822, 48.5997], [2.5827, 48.5986], [2.5829, 48.598], [2.5831, 48.5975], [2.5833, 48.597], [2.5836, 48.5963], [2.584, 48.5956], [2.5841, 48.5953], [2.5846, 48.5941], [2.5852, 48.593], [2.5855, 48.5924], [2.5857, 48.5919], [2.5862, 48.5907], [2.5864, 48.5903], [2.5866, 48.59], [2.5867, 48.5894], [2.587, 48.5885], [2.5874, 48.5873], [2.5877, 48.5862], [2.5879, 48.5856], [2.5881, 48.5851], [2.5884, 48.5839], [2.5888, 48.5828], [2.5891, 48.5818], [2.5894, 48.5806], [2.5898, 48.5795], [2.59, 48.5788], [2.5904, 48.5773], [2.591, 48.5756], [2.5911, 48.575], [2.5915, 48.5739], [2.5916, 48.5737]], [[2.5916, 48.5737], [2.5916, 48.5735]], [[2.5916, 48.5735], [2.592, 48.5722], [2.5921, 48.5718], [2.5923, 48.5711], [2.5927, 48.5701], [2.593, 48.5692], [2.5934, 48.5679], [2.5938, 48.5669], [2.594, 48.5665], [2.5941, 48.5661], [2.5942, 48.5658], [2.5944, 48.5655], [2.5944, 48.5654], [2.5945, 48.5651], [2.5948, 48.5647], [2.595, 48.5643], [2.5954, 48.5636], [2.5957, 48.5631], [2.5957, 48.563], [2.596, 48.5627], [2.5962, 48.5624], [2.5965, 48.562], [2.5968, 48.5616], [2.5972, 48.5612], [2.5977, 48.5607], [2.5982, 48.5602], [2.5988, 48.5596], [2.6001, 48.5586], [2.6012, 48.5576], [2.6023, 48.5565], [2.6033, 48.5557], [2.6047, 48.5545], [2.6057, 48.5535], [2.6069, 48.5524], [2.6081, 48.5514], [2.6093, 48.5504], [2.6106, 48.5492], [2.6111, 48.5488], [2.6114, 48.5485], [2.6116, 48.5483], [2.6121, 48.5479], [2.6125, 48.5476], [2.6129, 48.5473], [2.6133, 48.547], [2.6139, 48.5466], [2.6145, 48.5462], [2.6161, 48.5451], [2.6176, 48.5442], [2.6193, 48.543], [2.6204, 48.5423], [2.6207, 48.5421], [2.6224, 48.5409], [2.623, 48.5405], [2.6237, 48.54], [2.6251, 48.5391], [2.6253, 48.539], [2.6267, 48.538], [2.6271, 48.5378], [2.6272, 48.5377], [2.6275, 48.5375], [2.6283, 48.537], [2.6289, 48.5366], [2.6295, 48.5363], [2.6302, 48.536], [2.6305, 48.5358], [2.6306, 48.5358], [2.6309, 48.5356], [2.6315, 48.5354], [2.6319, 48.5353], [2.6324, 48.535], [2.6331, 48.5348], [2.6347, 48.5342], [2.6355, 48.5338]], [[2.6355, 48.5338], [2.6363, 48.5335], [2.6368, 48.5333], [2.6374, 48.533], [2.6386, 48.5324]], [[2.6386, 48.5324], [2.6393, 48.5321]], [[2.6393, 48.5321], [2.6406, 48.5315]], [[2.6406, 48.5315], [2.6409, 48.5313], [2.6416, 48.531], [2.6418, 48.5309], [2.6423, 48.5307], [2.6426, 48.5305], [2.6429, 48.5304], [2.6433, 48.5303], [2.6436, 48.5301], [2.644, 48.53], [2.6443, 48.5299], [2.6449, 48.5298], [2.6454, 48.5296], [2.6459, 48.5295], [2.6464, 48.5293], [2.6476, 48.529], [2.6478, 48.529], [2.6488, 48.5288], [2.6495, 48.5286], [2.6502, 48.5284], [2.6514, 48.5282], [2.6516, 48.5282]], [[2.6516, 48.5282], [2.6524, 48.528], [2.6536, 48.5278]], [[2.6536, 48.5278], [2.6539, 48.5277]], [[2.6539, 48.5277], [2.6543, 48.5276], [2.6548, 48.5275], [2.6552, 48.5275], [2.6556, 48.5274], [2.6562, 48.5272], [2.6566, 48.5271]], [[2.6571, 48.5267], [2.6568, 48.5268], [2.6565, 48.5269], [2.6562, 48.527], [2.6558, 48.5271], [2.6555, 48.5272], [2.6553, 48.5273], [2.6551, 48.5273], [2.6548, 48.5274], [2.6542, 48.5275], [2.6539, 48.5276]], [[2.6539, 48.5276], [2.6536, 48.5277]], [[2.6536, 48.5277], [2.6529, 48.5278], [2.6521, 48.528]], [[2.6521, 48.528], [2.6512, 48.5282], [2.65, 48.5284], [2.6494, 48.5285], [2.6488, 48.5287], [2.6482, 48.5288], [2.6473, 48.529], [2.647, 48.5291], [2.6459, 48.5294], [2.6451, 48.5296], [2.6443, 48.5299], [2.6441, 48.5299], [2.6436, 48.5301], [2.6432, 48.5302], [2.6429, 48.5304], [2.6426, 48.5305], [2.6423, 48.5306], [2.6418, 48.5308], [2.6416, 48.5309], [2.6409, 48.5313], [2.6406, 48.5314]], [[2.6406, 48.5314], [2.6385, 48.5324]], [[2.6385, 48.5324], [2.6373, 48.533], [2.6368, 48.5332], [2.6362, 48.5335], [2.6355, 48.5338]], [[2.6355, 48.5338], [2.6354, 48.5338]], [[2.6354, 48.5338], [2.6348, 48.534], [2.633, 48.5347], [2.6315, 48.5353], [2.6309, 48.5356], [2.6304, 48.5358], [2.6302, 48.5359], [2.6295, 48.5363], [2.6289, 48.5366], [2.6282, 48.537], [2.6274, 48.5375], [2.6267, 48.538], [2.6258, 48.5386], [2.625, 48.5391], [2.6239, 48.5398], [2.6236, 48.54], [2.623, 48.5404], [2.6223, 48.5409], [2.6207, 48.542], [2.6203, 48.5423], [2.6193, 48.543], [2.6176, 48.5441], [2.6161, 48.5451], [2.6145, 48.5461], [2.6139, 48.5465], [2.6133, 48.5469], [2.6129, 48.5472], [2.6125, 48.5475], [2.6121, 48.5478], [2.6116, 48.5482], [2.6113, 48.5485], [2.611, 48.5488], [2.6105, 48.5492], [2.6092, 48.5503], [2.6081, 48.5514], [2.6068, 48.5525], [2.6057, 48.5535], [2.6046, 48.5544], [2.6038, 48.5552], [2.6032, 48.5557], [2.6023, 48.5565], [2.6011, 48.5575], [2.6, 48.5586], [2.5993, 48.5592], [2.5988, 48.5597], [2.5982, 48.5602], [2.5976, 48.5607], [2.5971, 48.5612], [2.5968, 48.5615], [2.5964, 48.562], [2.5962, 48.5623], [2.5959, 48.5627], [2.5956, 48.5631], [2.5953, 48.5636], [2.5949, 48.5643], [2.5947, 48.5647], [2.5945, 48.565], [2.5943, 48.5655], [2.5942, 48.5658], [2.5937, 48.5669], [2.5935, 48.5674], [2.5935, 48.5675], [2.5933, 48.5679], [2.5931, 48.5685], [2.5929, 48.569], [2.5926, 48.5701], [2.5923, 48.5711], [2.5921, 48.5718], [2.5919, 48.5722], [2.5916, 48.5735]], [[2.5916, 48.5735], [2.5915, 48.5736]], [[2.5915, 48.5736], [2.5914, 48.5739], [2.5911, 48.575], [2.5909, 48.5756], [2.5904, 48.5773], [2.5899, 48.5788], [2.5897, 48.5796], [2.5895, 48.5802], [2.5894, 48.5806], [2.589, 48.5818], [2.5887, 48.5828], [2.5884, 48.5839], [2.588, 48.5851], [2.5879, 48.5855], [2.5877, 48.5862], [2.5873, 48.5874], [2.587, 48.5884], [2.5867, 48.5894], [2.5865, 48.59], [2.5863, 48.5903], [2.5862, 48.5907], [2.5856, 48.5919], [2.5854, 48.5924], [2.5851, 48.593], [2.5846, 48.5941], [2.5839, 48.5956]], [[2.5839, 48.5956], [2.5836, 48.5963], [2.5833, 48.597], [2.5831, 48.5975], [2.5829, 48.598], [2.5827, 48.5986], [2.5822, 48.5997], [2.5817, 48.6008], [2.5812, 48.6019], [2.5808, 48.6028], [2.5802, 48.6041], [2.5797, 48.6052], [2.5791, 48.6067], [2.5788, 48.6074], [2.5783, 48.6085], [2.5777, 48.6099], [2.5774, 48.6104], [2.5773, 48.6107], [2.5772, 48.6109], [2.5767, 48.6121], [2.5762, 48.6132], [2.5753, 48.6152], [2.5753, 48.6153], [2.5734, 48.6195], [2.5722, 48.6221], [2.5714, 48.624], [2.5706, 48.6256], [2.5704, 48.6262], [2.57, 48.6272], [2.5698, 48.6276], [2.5696, 48.6281], [2.5696, 48.6282]], [[2.5696, 48.6282], [2.5696, 48.6283]], [[2.5696, 48.6283], [2.5695, 48.6284]], [[2.5695, 48.6284], [2.5694, 48.6287], [2.5694, 48.6289], [2.5692, 48.6292], [2.5692, 48.6293], [2.5691, 48.6295], [2.5688, 48.63], [2.5687, 48.6303], [2.5686, 48.6305], [2.5684, 48.6309], [2.568, 48.6316], [2.5679, 48.6319], [2.5677, 48.6323], [2.5676, 48.6326], [2.5674, 48.633], [2.5673, 48.6332], [2.5665, 48.6349], [2.5656, 48.6368]], [[2.5656, 48.6368], [2.5656, 48.6369]], [[2.5656, 48.6369], [2.5652, 48.6377], [2.565, 48.6382], [2.5647, 48.6388], [2.5645, 48.6393], [2.5642, 48.6398], [2.5641, 48.6401], [2.564, 48.6403], [2.5638, 48.6406], [2.5637, 48.6409], [2.5635, 48.6412], [2.5632, 48.6417], [2.563, 48.642], [2.5629, 48.6421]], [[2.5629, 48.6421], [2.5629, 48.6422]], [[2.5629, 48.6422], [2.5628, 48.6424], [2.5626, 48.6426], [2.5625, 48.6429], [2.5624, 48.6431], [2.5622, 48.6434], [2.5621, 48.6437], [2.562, 48.644], [2.5618, 48.6445], [2.5617, 48.6448], [2.5614, 48.6455], [2.5613, 48.646], [2.561, 48.6467]], [[2.561, 48.6467], [2.5608, 48.6472], [2.5606, 48.6478], [2.5605, 48.6482], [2.5603, 48.6487], [2.56, 48.6494], [2.5598, 48.6499], [2.5582, 48.6535], [2.558, 48.6539], [2.5578, 48.6543], [2.5575, 48.6549], [2.5571, 48.6555], [2.5569, 48.6558], [2.5568, 48.656], [2.5567, 48.6562], [2.5565, 48.6564], [2.5563, 48.6566], [2.5558, 48.6573], [2.5551, 48.6583], [2.5548, 48.6586], [2.5545, 48.6589], [2.5542, 48.6592], [2.5537, 48.6597], [2.5534, 48.6601], [2.5531, 48.6603], [2.5529, 48.6606], [2.5527, 48.6608], [2.5524, 48.6611], [2.5517, 48.662], [2.5515, 48.6623], [2.5513, 48.6626], [2.5511, 48.6628], [2.551, 48.663], [2.5501, 48.6643], [2.55, 48.6644], [2.5499, 48.6646], [2.5496, 48.665], [2.5495, 48.6652], [2.5494, 48.6653], [2.5493, 48.6654]], [[2.5493, 48.6654], [2.549, 48.6658], [2.5487, 48.6662], [2.5484, 48.6666], [2.5481, 48.667], [2.5478, 48.6673], [2.5475, 48.6678], [2.5471, 48.6683], [2.5467, 48.6688], [2.5464, 48.6692], [2.5463, 48.6693], [2.5461, 48.6696], [2.5455, 48.6702], [2.5452, 48.6706], [2.5449, 48.6711], [2.5445, 48.6716], [2.5441, 48.6721], [2.5436, 48.6727]], [[2.5436, 48.6727], [2.5436, 48.6728]], [[2.5436, 48.6728], [2.5433, 48.6731], [2.5424, 48.6742], [2.5421, 48.6746], [2.5417, 48.6751], [2.5413, 48.6755], [2.5411, 48.6757], [2.5408, 48.676], [2.5403, 48.6765], [2.5398, 48.6769], [2.5392, 48.6774], [2.5387, 48.6778], [2.5381, 48.6782], [2.5376, 48.6785], [2.5373, 48.6787], [2.5371, 48.6789], [2.5366, 48.6792], [2.5362, 48.6794], [2.5358, 48.6796], [2.5353, 48.6799], [2.5351, 48.68], [2.5347, 48.6802], [2.5341, 48.6804], [2.5334, 48.6807], [2.5332, 48.6808], [2.5324, 48.6812], [2.5316, 48.6815], [2.531, 48.6818]], [[2.5307, 48.6819], [2.5298, 48.6822], [2.5255, 48.6839], [2.5246, 48.6843], [2.5233, 48.6848], [2.5228, 48.685], [2.5218, 48.6855], [2.5217, 48.6856]], [[2.5216, 48.6856], [2.521, 48.6859], [2.5204, 48.6863], [2.5198, 48.6866], [2.5194, 48.6869], [2.5189, 48.6873], [2.5184, 48.6877], [2.5179, 48.6881], [2.5175, 48.6885], [2.5165, 48.6893], [2.5131, 48.6924], [2.5124, 48.6931], [2.5118, 48.6936], [2.5115, 48.694], [2.5114, 48.694]], [[2.5114, 48.694], [2.5101, 48.6954], [2.5088, 48.6969]], [[2.5088, 48.6969], [2.5084, 48.6973], [2.5081, 48.6976], [2.5076, 48.6981]], [[2.5076, 48.6981], [2.5074, 48.6983]], [[2.5074, 48.6983], [2.5071, 48.6986], [2.5066, 48.6992]], [[2.5066, 48.6992], [2.5063, 48.6995], [2.5058, 48.6999], [2.5057, 48.7001], [2.5052, 48.7006], [2.505, 48.7009], [2.5046, 48.7012], [2.5041, 48.7017], [2.5037, 48.702], [2.5034, 48.7022], [2.5031, 48.7025], [2.5029, 48.7026], [2.5027, 48.7027], [2.5022, 48.703], [2.5019, 48.7032], [2.5015, 48.7034], [2.5006, 48.7039], [2.4997, 48.7044], [2.4991, 48.7046], [2.4989, 48.7047]], [[2.4988, 48.7048], [2.4986, 48.7048], [2.4978, 48.7051], [2.4974, 48.7053], [2.4973, 48.7053]], [[2.4973, 48.7053], [2.4969, 48.7055], [2.4961, 48.7057], [2.4958, 48.7058], [2.4957, 48.7058]], [[2.4957, 48.7058], [2.4954, 48.7059], [2.4949, 48.706], [2.4945, 48.7061], [2.4941, 48.7062], [2.4937, 48.7063], [2.4933, 48.7064], [2.493, 48.7064], [2.4926, 48.7065], [2.4922, 48.7066], [2.4919, 48.7066], [2.4915, 48.7067], [2.4912, 48.7067], [2.4908, 48.7068], [2.4904, 48.7068], [2.49, 48.7068], [2.4896, 48.7068], [2.4893, 48.7069], [2.4889, 48.7069], [2.4885, 48.7069], [2.4884, 48.7069], [2.4882, 48.7069], [2.4879, 48.7069], [2.4875, 48.7069], [2.487, 48.7069], [2.4866, 48.7068], [2.4862, 48.7068], [2.4855, 48.7067], [2.4848, 48.7066], [2.4844, 48.7066], [2.4838, 48.7065], [2.4834, 48.7065], [2.4828, 48.7064], [2.4824, 48.7063], [2.4823, 48.7063], [2.482, 48.7062], [2.4816, 48.7062], [2.4812, 48.7061], [2.4809, 48.706], [2.4805, 48.706], [2.4801, 48.7059], [2.4798, 48.7059], [2.4794, 48.7058], [2.479, 48.7058], [2.4787, 48.7057], [2.4783, 48.7057], [2.4779, 48.7057], [2.4775, 48.7056], [2.4772, 48.7056], [2.4768, 48.7056], [2.4764, 48.7056], [2.4761, 48.7056], [2.4757, 48.7056], [2.4753, 48.7056], [2.4749, 48.7056], [2.4745, 48.7056], [2.4742, 48.7056], [2.4738, 48.7056], [2.4735, 48.7057], [2.4731, 48.7057], [2.4727, 48.7057], [2.4724, 48.7058], [2.472, 48.7058], [2.4716, 48.7059], [2.4713, 48.7059], [2.4709, 48.706], [2.4705, 48.706], [2.4702, 48.7061], [2.4698, 48.7062], [2.4695, 48.7062], [2.4692, 48.7063], [2.4682, 48.7065], [2.467, 48.7068], [2.4662, 48.707], [2.4652, 48.7073], [2.4647, 48.7074], [2.4641, 48.7076], [2.4639, 48.7076], [2.4636, 48.7077], [2.463, 48.7079], [2.4626, 48.7081], [2.4623, 48.7082]], [[2.4623, 48.7082], [2.4621, 48.7083], [2.4618, 48.7084], [2.4614, 48.7086], [2.4611, 48.7087], [2.4607, 48.7089], [2.4604, 48.709], [2.46, 48.7092], [2.4597, 48.7093], [2.4594, 48.7095], [2.4592, 48.7096], [2.4589, 48.7098], [2.4587, 48.7099], [2.4582, 48.7102], [2.4576, 48.7106], [2.4575, 48.7107], [2.457, 48.711], [2.4565, 48.7112], [2.4562, 48.7114], [2.4559, 48.7115], [2.4554, 48.7117], [2.4552, 48.7118], [2.4549, 48.712], [2.4544, 48.7122], [2.4537, 48.7124], [2.4525, 48.7129], [2.4521, 48.7131]], [[2.4521, 48.7131], [2.4518, 48.7132]], [[2.4518, 48.7132], [2.4513, 48.7134], [2.4511, 48.7134], [2.4509, 48.7135], [2.4504, 48.7136], [2.4502, 48.7137]], [[2.4502, 48.7137], [2.4501, 48.7137]], [[2.4501, 48.7137], [2.4498, 48.7138], [2.4496, 48.7138], [2.4494, 48.7139], [2.4492, 48.7139], [2.449, 48.7139], [2.4489, 48.714], [2.4487, 48.714], [2.4485, 48.714]], [[2.4485, 48.714], [2.4481, 48.714]], [[2.4481, 48.714], [2.4478, 48.714], [2.4475, 48.714], [2.4472, 48.714], [2.4469, 48.714], [2.4466, 48.714], [2.4465, 48.714], [2.4463, 48.714], [2.4457, 48.714], [2.445, 48.714], [2.4446, 48.714], [2.4443, 48.714], [2.4441, 48.714], [2.4438, 48.714], [2.4436, 48.7141], [2.4433, 48.7141]], [[2.4433, 48.7141], [2.4432, 48.7141]], [[2.4432, 48.7141], [2.4429, 48.7142], [2.4425, 48.7142]], [[2.4425, 48.7142], [2.4424, 48.7143], [2.4422, 48.7143]], [[2.4422, 48.7143], [2.442, 48.7144], [2.4417, 48.7145], [2.4415, 48.7145], [2.4413, 48.7146], [2.4411, 48.7147], [2.4408, 48.7148], [2.4405, 48.715], [2.4403, 48.7151], [2.4401, 48.7152], [2.4399, 48.7153], [2.4397, 48.7154], [2.4396, 48.7156], [2.4394, 48.7157], [2.4392, 48.7158], [2.4391, 48.7159], [2.439, 48.7161], [2.4389, 48.7162], [2.4387, 48.7164], [2.4386, 48.7165], [2.4385, 48.7166], [2.4384, 48.7168], [2.4383, 48.7169], [2.4382, 48.7171]], [[2.4382, 48.7171], [2.4382, 48.7173]], [[2.4382, 48.7173], [2.4381, 48.7174], [2.4381, 48.7176], [2.438, 48.7177], [2.438, 48.7179], [2.4379, 48.718], [2.4379, 48.7181], [2.4379, 48.7182], [2.4379, 48.7184], [2.4379, 48.7185], [2.4379, 48.7187], [2.4379, 48.7189], [2.4379, 48.719], [2.438, 48.7192], [2.438, 48.7193], [2.438, 48.7195], [2.4381, 48.7197], [2.4381, 48.7198]], [[2.4381, 48.7198], [2.4382, 48.7199], [2.4383, 48.7201], [2.4384, 48.7202], [2.4385, 48.7204], [2.4386, 48.7205]], [[2.4386, 48.7205], [2.4387, 48.7207], [2.4388, 48.7208], [2.439, 48.721], [2.4391, 48.7212], [2.4392, 48.7213], [2.4393, 48.7213]], [[2.4393, 48.7213], [2.4395, 48.7214], [2.4397, 48.7216], [2.4399, 48.7217]], [[2.4399, 48.7217], [2.44, 48.7219], [2.4403, 48.7221], [2.4407, 48.7223], [2.4411, 48.7226], [2.4413, 48.7228], [2.4416, 48.723]], [[2.4416, 48.723], [2.4417, 48.723], [2.4418, 48.7232], [2.4421, 48.7234], [2.4422, 48.7235], [2.4423, 48.7236], [2.4424, 48.7238], [2.4426, 48.7239], [2.4427, 48.724], [2.4428, 48.7242], [2.4429, 48.7243], [2.4431, 48.7246], [2.4432, 48.7248]], [[2.4584, 49.0208], [2.4592, 49.0212]], [[2.4147, 48.9928], [2.4149, 48.993], [2.4158, 48.9936], [2.4164, 48.994], [2.4168, 48.9942], [2.4174, 48.9946]], [[2.4144, 48.9927], [2.4147, 48.9928]], [[2.4144, 48.9927], [2.414, 48.9924], [2.4136, 48.9922], [2.4133, 48.992], [2.4131, 48.9919], [2.4129, 48.9918], [2.4126, 48.9916]], [[2.3934, 48.6711], [2.394, 48.6706], [2.3944, 48.6704], [2.3945, 48.6702], [2.395, 48.6698], [2.3952, 48.6697], [2.3959, 48.6692], [2.3963, 48.6689], [2.3968, 48.6685], [2.397, 48.6683], [2.3974, 48.6681], [2.3976, 48.6678]], [[2.3977, 48.6678], [2.3979, 48.6676], [2.3984, 48.6673], [2.3987, 48.667], [2.3991, 48.6668], [2.3992, 48.6666], [2.3995, 48.6664], [2.3998, 48.6662]], [[2.3998, 48.6662], [2.4002, 48.6659]], [[2.4002, 48.6659], [2.4005, 48.6657], [2.4007, 48.6655], [2.4011, 48.6652], [2.4014, 48.665], [2.4017, 48.6649], [2.4021, 48.6646], [2.4025, 48.6643], [2.403, 48.664], [2.4033, 48.6639], [2.4039, 48.6635]], [[2.4039, 48.6635], [2.4055, 48.6627], [2.4058, 48.6626], [2.4117, 48.6603], [2.413, 48.6598], [2.4143, 48.6593], [2.4149, 48.6591], [2.4186, 48.6577], [2.4196, 48.6573], [2.4209, 48.6567], [2.4221, 48.6561], [2.4244, 48.655], [2.4265, 48.654], [2.4286, 48.6529], [2.4296, 48.6523], [2.4304, 48.6518], [2.4321, 48.6507], [2.4338, 48.6495], [2.436, 48.6481], [2.4364, 48.6478], [2.4373, 48.6472], [2.438, 48.6467], [2.4386, 48.6462], [2.4392, 48.6456], [2.4401, 48.6449], [2.4413, 48.6439], [2.4439, 48.6415], [2.4485, 48.6376], [2.4503, 48.636], [2.4523, 48.6345], [2.4533, 48.6337], [2.4541, 48.6332], [2.457, 48.6312], [2.4594, 48.6297], [2.4599, 48.6293], [2.4611, 48.6285], [2.4623, 48.6276], [2.4632, 48.6266], [2.4642, 48.6257], [2.4651, 48.6246], [2.4653, 48.6244]], [[2.4653, 48.6244], [2.4657, 48.624], [2.4661, 48.6236], [2.4662, 48.6234], [2.4664, 48.6232]], [[2.4664, 48.6232], [2.4665, 48.6231], [2.4667, 48.6229]], [[2.4667, 48.6229], [2.467, 48.6226], [2.4672, 48.6224], [2.4674, 48.6223], [2.4676, 48.6221], [2.4678, 48.6219], [2.468, 48.6218], [2.4683, 48.6216], [2.4686, 48.6214], [2.4689, 48.6212], [2.4696, 48.6208], [2.4703, 48.6203], [2.4709, 48.62], [2.4718, 48.6194], [2.4722, 48.6192], [2.4725, 48.619], [2.4729, 48.6188], [2.4731, 48.6186], [2.4733, 48.6185], [2.4734, 48.6183], [2.4736, 48.6182], [2.4737, 48.6181], [2.4738, 48.618], [2.4739, 48.6179]], [[2.4739, 48.6179], [2.474, 48.6178], [2.4741, 48.6177], [2.4742, 48.6175], [2.4742, 48.6174], [2.4743, 48.6171], [2.4744, 48.6169]], [[2.412, 48.9913], [2.4123, 48.9915], [2.4125, 48.9916], [2.4128, 48.9918]], [[2.4132, 48.992], [2.4128, 48.9918]], [[2.4144, 48.9927], [2.4141, 48.9925], [2.4139, 48.9924], [2.4136, 48.9922], [2.4134, 48.9921], [2.4132, 48.992]], [[2.4012, 48.2934], [2.4011, 48.2937], [2.4009, 48.294], [2.4008, 48.2942], [2.4007, 48.2945], [2.4004, 48.2949], [2.4002, 48.2952], [2.3999, 48.2955], [2.3996, 48.2959], [2.3994, 48.2961], [2.399, 48.2965]], [[2.399, 48.2965], [2.3987, 48.2968]], [[2.3987, 48.2968], [2.3986, 48.2968]], [[2.3986, 48.2968], [2.3982, 48.2971], [2.3981, 48.2972], [2.3979, 48.2974], [2.3977, 48.2975], [2.3973, 48.2978], [2.3968, 48.298], [2.3964, 48.2983], [2.3959, 48.2985], [2.3954, 48.2988], [2.3926, 48.3], [2.392, 48.3003], [2.3915, 48.3005], [2.391, 48.3008], [2.3905, 48.301], [2.3901, 48.3013], [2.3896, 48.3016], [2.3892, 48.3019], [2.3889, 48.3022], [2.3885, 48.3025], [2.3882, 48.3029], [2.3879, 48.3032], [2.3876, 48.3036], [2.3874, 48.3039], [2.3871, 48.3043], [2.3869, 48.3047], [2.3868, 48.3051], [2.3866, 48.3055], [2.3865, 48.306], [2.3863, 48.3065], [2.3862, 48.3071], [2.386, 48.3076], [2.3859, 48.308], [2.3857, 48.3083], [2.3856, 48.3087], [2.3854, 48.309], [2.3852, 48.3094], [2.3849, 48.3097], [2.3847, 48.31], [2.3844, 48.3103], [2.3841, 48.3106], [2.3838, 48.3109], [2.3834, 48.3112], [2.3832, 48.3113]], [[2.3832, 48.3113], [2.383, 48.3114], [2.3826, 48.3117], [2.3808, 48.3128], [2.3795, 48.3135], [2.3782, 48.3143], [2.3764, 48.3154], [2.3751, 48.3161], [2.3746, 48.3164], [2.3742, 48.3167], [2.3739, 48.317], [2.3735, 48.3172], [2.3732, 48.3175], [2.3729, 48.3178], [2.3727, 48.3182], [2.3724, 48.3185], [2.3722, 48.3188], [2.372, 48.3192], [2.3719, 48.3195], [2.3718, 48.3199], [2.3717, 48.3202], [2.3717, 48.3206], [2.3716, 48.321], [2.3716, 48.3215], [2.3716, 48.3226], [2.3716, 48.3237], [2.3716, 48.326], [2.3716, 48.3266], [2.3716, 48.327], [2.3716, 48.3274], [2.3717, 48.3278], [2.3717, 48.3282], [2.3719, 48.3286], [2.372, 48.329], [2.3722, 48.3294], [2.3724, 48.3298], [2.3726, 48.3301], [2.3728, 48.3305], [2.3741, 48.3325], [2.3755, 48.3346], [2.3762, 48.3355], [2.3764, 48.3359], [2.3766, 48.3363], [2.3768, 48.3367], [2.3769, 48.337], [2.3771, 48.3376], [2.3773, 48.3378]], [[2.3773, 48.3378], [2.3773, 48.338]], [[2.3773, 48.338], [2.3774, 48.3381], [2.3777, 48.3391], [2.3779, 48.3396], [2.3781, 48.34], [2.379, 48.3421], [2.3791, 48.3424], [2.3791, 48.3425], [2.3793, 48.343], [2.3795, 48.3434], [2.3796, 48.3439], [2.3797, 48.3442], [2.3798, 48.3446], [2.3798, 48.3453], [2.3799, 48.3458], [2.3799, 48.3462], [2.38, 48.3465], [2.38, 48.3469], [2.3802, 48.3472], [2.3803, 48.3475], [2.3805, 48.3478], [2.3807, 48.3482], [2.381, 48.3487], [2.3812, 48.3492], [2.3814, 48.3495], [2.3815, 48.3499], [2.3816, 48.3502], [2.3817, 48.3506], [2.3818, 48.3509], [2.3818, 48.3513], [2.3818, 48.3517], [2.3817, 48.352], [2.3816, 48.3524], [2.3815, 48.3527], [2.3814, 48.3531], [2.3812, 48.3535], [2.3809, 48.354], [2.3804, 48.3551], [2.3798, 48.3561], [2.3797, 48.3565], [2.3795, 48.3568], [2.3794, 48.3572], [2.3793, 48.3576], [2.3793, 48.3579], [2.3793, 48.3582], [2.3793, 48.3585], [2.3793, 48.3588], [2.3793, 48.3592], [2.3794, 48.3596], [2.3795, 48.3599], [2.3796, 48.3603], [2.3797, 48.3605], [2.3799, 48.361], [2.3801, 48.3613], [2.3804, 48.3616], [2.3806, 48.362], [2.3809, 48.3623], [2.3812, 48.3626], [2.3815, 48.3629], [2.382, 48.3632], [2.3825, 48.3637], [2.3831, 48.3641], [2.3842, 48.365]], [[2.3842, 48.365], [2.3846, 48.3653]], [[2.3846, 48.3653], [2.3849, 48.3655], [2.3852, 48.3658], [2.3854, 48.3661], [2.3857, 48.3664], [2.3859, 48.3667], [2.386, 48.367], [2.3862, 48.3673], [2.3863, 48.3676], [2.3864, 48.3679], [2.3865, 48.3683], [2.3866, 48.3689], [2.3869, 48.3702], [2.387, 48.3707], [2.3872, 48.3713], [2.3873, 48.3716], [2.3874, 48.372], [2.3875, 48.3724], [2.3877, 48.3727], [2.3879, 48.373], [2.3882, 48.3734], [2.3889, 48.3745], [2.3896, 48.3755], [2.3903, 48.3765], [2.3906, 48.3769], [2.3908, 48.3773], [2.391, 48.3777], [2.3911, 48.3781], [2.3913, 48.3785], [2.3914, 48.3787], [2.3915, 48.379], [2.3915, 48.3793], [2.3916, 48.3797], [2.3916, 48.38], [2.3916, 48.3804], [2.3916, 48.3808], [2.3916, 48.3811], [2.3915, 48.3815], [2.3915, 48.3818], [2.3913, 48.3823], [2.391, 48.3834], [2.3908, 48.3844], [2.3906, 48.3849], [2.3904, 48.3857], [2.3902, 48.3865], [2.3901, 48.3869], [2.39, 48.3873], [2.39, 48.3877], [2.39, 48.388], [2.39, 48.3884], [2.3901, 48.3888], [2.3902, 48.3891], [2.3903, 48.3895], [2.3904, 48.3898], [2.3906, 48.3902], [2.3908, 48.3905], [2.391, 48.3909], [2.3913, 48.3912], [2.3915, 48.3915], [2.3919, 48.3919], [2.3923, 48.3924], [2.393, 48.3932]], [[2.393, 48.3932], [2.3934, 48.3937], [2.394, 48.3943], [2.3945, 48.3949], [2.3949, 48.3954], [2.3955, 48.396], [2.3962, 48.3969], [2.3971, 48.3979], [2.3979, 48.3989], [2.3983, 48.3993], [2.3986, 48.3996], [2.3988, 48.4], [2.399, 48.4003], [2.3992, 48.4006], [2.3993, 48.401], [2.3995, 48.4013], [2.3996, 48.4017], [2.3996, 48.4021], [2.3997, 48.4024], [2.3997, 48.4028], [2.3997, 48.4031], [2.3997, 48.4035], [2.3996, 48.4039], [2.3995, 48.4042], [2.3994, 48.4046], [2.3992, 48.4049], [2.3991, 48.4053], [2.3989, 48.4056], [2.3986, 48.4059], [2.3984, 48.4062], [2.3981, 48.4067], [2.3974, 48.4075], [2.3963, 48.4088], [2.396, 48.4092], [2.3949, 48.4105], [2.394, 48.4115], [2.3935, 48.4121], [2.3897, 48.4168], [2.3888, 48.4179], [2.3887, 48.418], [2.3886, 48.4182], [2.3884, 48.4184], [2.3883, 48.4186], [2.3881, 48.4188], [2.388, 48.4191], [2.3879, 48.4192], [2.3878, 48.4194], [2.3875, 48.4199], [2.3873, 48.4201], [2.3872, 48.4203], [2.3871, 48.4205], [2.387, 48.4207], [2.3867, 48.4211], [2.3866, 48.4213], [2.3865, 48.4215], [2.3863, 48.4217], [2.3862, 48.422], [2.386, 48.4222], [2.3859, 48.4224], [2.3858, 48.4226], [2.3857, 48.4227], [2.3856, 48.4229], [2.3854, 48.4231], [2.3853, 48.4233], [2.3853, 48.4234], [2.3852, 48.4235], [2.3851, 48.4237], [2.3849, 48.424], [2.3847, 48.4243], [2.3845, 48.4245], [2.384, 48.4252], [2.3839, 48.4255], [2.3837, 48.4257], [2.3836, 48.4258], [2.3835, 48.426], [2.3834, 48.4261], [2.3834, 48.4262], [2.3829, 48.4269], [2.3827, 48.4271], [2.3822, 48.4278], [2.3821, 48.428], [2.3819, 48.4283], [2.3816, 48.4287], [2.3813, 48.4291], [2.3811, 48.4294], [2.3793, 48.4319], [2.3791, 48.4323], [2.3788, 48.4327], [2.3786, 48.4328], [2.3785, 48.4329], [2.3784, 48.433], [2.378, 48.4334], [2.3778, 48.4336], [2.3776, 48.4337], [2.3762, 48.4349], [2.3753, 48.4356], [2.3752, 48.4356], [2.3751, 48.4358], [2.3749, 48.4359], [2.3747, 48.436], [2.3746, 48.4361], [2.3744, 48.4362], [2.3743, 48.4363], [2.3741, 48.4364], [2.374, 48.4365], [2.3739, 48.4366], [2.3737, 48.4366], [2.3736, 48.4367], [2.3734, 48.4368], [2.3729, 48.437], [2.3723, 48.4372], [2.3721, 48.4373], [2.3718, 48.4374], [2.3715, 48.4375], [2.3709, 48.4377], [2.3703, 48.4378], [2.3674, 48.4383], [2.3667, 48.4384], [2.3666, 48.4384], [2.3664, 48.4385], [2.3661, 48.4386], [2.3659, 48.4387], [2.3655, 48.4388], [2.3653, 48.4389], [2.3651, 48.439], [2.3649, 48.4391], [2.3647, 48.4391], [2.3646, 48.4392], [2.3644, 48.4393], [2.3642, 48.4395], [2.364, 48.4396], [2.3638, 48.4397], [2.3637, 48.4398], [2.3636, 48.4399], [2.3634, 48.4401], [2.3633, 48.4402], [2.3631, 48.4404], [2.3629, 48.4406], [2.3628, 48.4407], [2.3627, 48.4409], [2.3626, 48.4411], [2.3625, 48.4413], [2.3623, 48.4418], [2.3623, 48.4419], [2.3623, 48.442], [2.3622, 48.4422], [2.3622, 48.4423], [2.3622, 48.4425], [2.3622, 48.4426], [2.3622, 48.4428], [2.3622, 48.4429], [2.3622, 48.4431], [2.3622, 48.4433], [2.3623, 48.4434], [2.3623, 48.4436], [2.3624, 48.4437], [2.3624, 48.4439], [2.3625, 48.4441], [2.3626, 48.4443], [2.3634, 48.4455], [2.3636, 48.4458], [2.3643, 48.447], [2.3646, 48.4476], [2.3647, 48.4477], [2.3647, 48.4478], [2.3648, 48.448], [2.3649, 48.4481], [2.3649, 48.4482], [2.365, 48.4484], [2.365, 48.4485], [2.365, 48.4487], [2.365, 48.4488], [2.3651, 48.449], [2.3651, 48.4491], [2.3651, 48.4493], [2.3651, 48.4494], [2.3651, 48.4496], [2.3651, 48.4497], [2.365, 48.4498], [2.365, 48.4499], [2.365, 48.4501], [2.365, 48.4502], [2.3649, 48.4504], [2.3649, 48.4505], [2.3648, 48.4507], [2.3647, 48.4509], [2.3647, 48.451], [2.3646, 48.4512], [2.3645, 48.4514], [2.3644, 48.4516], [2.3642, 48.4517], [2.3641, 48.4519], [2.364, 48.452], [2.3639, 48.4522], [2.3638, 48.4523], [2.3636, 48.4524], [2.3635, 48.4525], [2.3633, 48.4527], [2.3632, 48.4528], [2.3631, 48.4529], [2.3629, 48.453], [2.3627, 48.4531], [2.3625, 48.4533], [2.3624, 48.4534], [2.3622, 48.4535], [2.362, 48.4536], [2.3618, 48.4537], [2.3616, 48.4537]], [[2.3616, 48.4537], [2.3616, 48.4538]], [[2.3616, 48.4538], [2.3613, 48.4539], [2.3601, 48.4545], [2.3588, 48.455], [2.358, 48.4554], [2.3575, 48.4556], [2.357, 48.4558], [2.3567, 48.456], [2.3564, 48.4561], [2.3562, 48.4562], [2.356, 48.4563], [2.3558, 48.4564], [2.3557, 48.4565], [2.3555, 48.4566], [2.3553, 48.4567], [2.3551, 48.4569], [2.3549, 48.457], [2.3547, 48.4572], [2.3545, 48.4573], [2.3544, 48.4574], [2.3543, 48.4575], [2.3541, 48.4577], [2.3539, 48.4579], [2.3537, 48.4581], [2.3535, 48.4583], [2.3534, 48.4584], [2.3532, 48.4586], [2.3531, 48.4587], [2.353, 48.4589], [2.353, 48.459], [2.3528, 48.4592], [2.3527, 48.4594], [2.3526, 48.4596], [2.3525, 48.4598], [2.3525, 48.4599], [2.3524, 48.4601], [2.3523, 48.4603], [2.3523, 48.4604], [2.3522, 48.4606], [2.3522, 48.4607], [2.3522, 48.4608], [2.3521, 48.4609], [2.3521, 48.4611], [2.3521, 48.4612], [2.3521, 48.4614], [2.3521, 48.4616], [2.352, 48.4617], [2.352, 48.4619], [2.352, 48.462], [2.352, 48.4622], [2.3521, 48.4623], [2.3521, 48.4628], [2.3522, 48.4634], [2.3523, 48.464], [2.3528, 48.4675], [2.3531, 48.4702], [2.3533, 48.4711], [2.3534, 48.4719], [2.3534, 48.4722], [2.3534, 48.4727], [2.3534, 48.4732], [2.3533, 48.4737], [2.3532, 48.4741], [2.3532, 48.4745], [2.353, 48.4748], [2.3529, 48.4752], [2.3521, 48.4772], [2.3519, 48.4778]], [[2.3519, 48.4778], [2.3518, 48.478], [2.3515, 48.4788], [2.3512, 48.4796], [2.3511, 48.4798], [2.351, 48.4801], [2.3509, 48.4802], [2.3508, 48.4806], [2.3508, 48.4807], [2.3508, 48.481], [2.3507, 48.4813], [2.3507, 48.4814], [2.3507, 48.4818], [2.3507, 48.4819], [2.3507, 48.4821]], [[2.3507, 48.4821], [2.3508, 48.4825], [2.3508, 48.4827], [2.3509, 48.4828]], [[2.3509, 48.4828], [2.351, 48.4832], [2.351, 48.4834], [2.3511, 48.4836], [2.3512, 48.4838], [2.3514, 48.4841], [2.3515, 48.4843], [2.3517, 48.4848], [2.3518, 48.4849]], [[2.3518, 48.4849], [2.352, 48.4852], [2.3521, 48.4854], [2.3523, 48.4856], [2.3525, 48.486], [2.3527, 48.4863], [2.3529, 48.4865], [2.353, 48.4867], [2.3533, 48.487], [2.3536, 48.4873], [2.3538, 48.4875], [2.3541, 48.4877]], [[2.3541, 48.4877], [2.3542, 48.4879], [2.3544, 48.488], [2.3547, 48.4883], [2.355, 48.4885], [2.3556, 48.489], [2.3561, 48.4893]], [[2.3561, 48.4893], [2.3572, 48.4902], [2.3578, 48.4906], [2.3583, 48.491], [2.3593, 48.4918], [2.3605, 48.4927], [2.3612, 48.4932], [2.3623, 48.494], [2.3628, 48.4944], [2.3633, 48.4948], [2.3636, 48.4951], [2.3639, 48.4953], [2.3641, 48.4955], [2.3643, 48.4957], [2.3645, 48.4959], [2.3647, 48.4961], [2.3649, 48.4963], [2.365, 48.4965], [2.3653, 48.4967], [2.3654, 48.497], [2.3656, 48.4971], [2.3657, 48.4973], [2.3658, 48.4975], [2.3659, 48.4976], [2.366, 48.4978]], [[2.366, 48.4978], [2.3661, 48.4978]], [[2.3661, 48.4978], [2.3662, 48.4981], [2.3663, 48.4982], [2.3664, 48.4984], [2.3665, 48.4986], [2.3667, 48.4989]], [[2.3667, 48.4989], [2.3668, 48.4991], [2.3669, 48.4993], [2.367, 48.4996], [2.3671, 48.4999], [2.3672, 48.5001], [2.3673, 48.5005], [2.3675, 48.5011], [2.3678, 48.502], [2.368, 48.5027], [2.3681, 48.503], [2.3683, 48.5035], [2.3684, 48.5041], [2.3686, 48.5045], [2.3687, 48.5048], [2.3689, 48.5055], [2.3689, 48.5057], [2.369, 48.5058], [2.369, 48.506], [2.3691, 48.5062], [2.3691, 48.5064], [2.3692, 48.5066], [2.3693, 48.5069], [2.3694, 48.5072], [2.3695, 48.5075], [2.3696, 48.5077], [2.3696, 48.5079], [2.3697, 48.5081], [2.3698, 48.5083], [2.3698, 48.5085], [2.3698, 48.5087], [2.3699, 48.5088], [2.3699, 48.509], [2.3699, 48.5091], [2.3699, 48.5093], [2.37, 48.5094], [2.37, 48.5096], [2.37, 48.5099], [2.37, 48.5101], [2.37, 48.5103], [2.3699, 48.5111], [2.3698, 48.5118], [2.3697, 48.5131], [2.3697, 48.5134], [2.3697, 48.5136], [2.3696, 48.5137], [2.3696, 48.514], [2.3695, 48.5142], [2.3695, 48.5144], [2.3694, 48.5146], [2.3693, 48.5148], [2.3692, 48.515], [2.3692, 48.5152], [2.3691, 48.5154], [2.3689, 48.5156], [2.3688, 48.5158], [2.3687, 48.5161], [2.3681, 48.5171], [2.3676, 48.5178], [2.3671, 48.5186], [2.366, 48.5203], [2.3658, 48.5206], [2.3657, 48.5209], [2.3656, 48.5211], [2.3655, 48.5213], [2.3654, 48.5215], [2.3653, 48.5217], [2.3652, 48.5219], [2.3651, 48.5221], [2.3651, 48.5223], [2.365, 48.5225], [2.365, 48.5227], [2.365, 48.523], [2.3649, 48.5231], [2.3649, 48.5233], [2.3649, 48.5235], [2.3649, 48.5237], [2.3649, 48.5238], [2.365, 48.524], [2.365, 48.5241], [2.365, 48.5243], [2.365, 48.5244], [2.365, 48.5246], [2.3651, 48.5247], [2.3651, 48.5249], [2.3652, 48.525], [2.3652, 48.5252], [2.3653, 48.5253], [2.3653, 48.5255], [2.3654, 48.5256], [2.3655, 48.5258], [2.3655, 48.5259], [2.3656, 48.526], [2.3657, 48.5262], [2.3658, 48.5263], [2.3658, 48.5264], [2.3659, 48.5265], [2.366, 48.5266], [2.3661, 48.5268], [2.3662, 48.5269], [2.3663, 48.5271], [2.3665, 48.5273], [2.3667, 48.5275], [2.3683, 48.5291]], [[2.3683, 48.5291], [2.3684, 48.5291]], [[2.3684, 48.5291], [2.3686, 48.5294], [2.3689, 48.5297], [2.3692, 48.53], [2.3698, 48.5307], [2.3702, 48.5311], [2.3705, 48.5315], [2.3711, 48.5322], [2.3715, 48.5327], [2.3722, 48.5335], [2.3727, 48.534], [2.3729, 48.5342], [2.373, 48.5344], [2.3732, 48.5346], [2.3734, 48.5349], [2.3735, 48.535], [2.3736, 48.5352], [2.3737, 48.5353], [2.3738, 48.5355], [2.3738, 48.5356], [2.3739, 48.5358], [2.374, 48.536], [2.3741, 48.5362], [2.3742, 48.5363], [2.3742, 48.5364], [2.3742, 48.5365], [2.3743, 48.5367], [2.3743, 48.5368], [2.3744, 48.537], [2.3746, 48.5378], [2.3748, 48.5387], [2.375, 48.5393], [2.3751, 48.5398], [2.3752, 48.5401], [2.3753, 48.5403], [2.3753, 48.5405], [2.3754, 48.5408], [2.3755, 48.541], [2.3756, 48.5412], [2.3757, 48.5414], [2.3758, 48.5416], [2.376, 48.5419], [2.3761, 48.542], [2.3763, 48.5423], [2.3764, 48.5424], [2.3766, 48.5427], [2.3767, 48.5428], [2.3769, 48.543], [2.3771, 48.5432], [2.3772, 48.5434], [2.3774, 48.5436], [2.3777, 48.5438], [2.3778, 48.5439], [2.3781, 48.5441], [2.3783, 48.5444], [2.3794, 48.5452], [2.3803, 48.5459], [2.3817, 48.547], [2.3822, 48.5475], [2.3827, 48.5478], [2.3829, 48.548], [2.3831, 48.5481], [2.3833, 48.5483], [2.3835, 48.5484], [2.3837, 48.5485], [2.3839, 48.5487], [2.3841, 48.5488], [2.3843, 48.5489], [2.3846, 48.549], [2.3848, 48.5491], [2.3851, 48.5492], [2.3853, 48.5493], [2.3856, 48.5494], [2.3859, 48.5495], [2.3862, 48.5496], [2.3864, 48.5497], [2.3867, 48.5498], [2.387, 48.5499]], [[2.387, 48.5499], [2.3871, 48.5499]], [[2.3871, 48.5499], [2.3876, 48.55], [2.3879, 48.5501], [2.3882, 48.5501], [2.3885, 48.5502], [2.3888, 48.5502], [2.389, 48.5502]], [[2.389, 48.5502], [2.3893, 48.5503], [2.3897, 48.5503], [2.39, 48.5503], [2.3908, 48.5504], [2.3924, 48.5505], [2.393, 48.5506], [2.3934, 48.5506], [2.3936, 48.5506], [2.3939, 48.5507], [2.3942, 48.5507], [2.3945, 48.5508], [2.3948, 48.5508], [2.3951, 48.5509], [2.3954, 48.5509], [2.3955, 48.551]], [[2.3955, 48.551], [2.3956, 48.551]], [[2.3956, 48.551], [2.396, 48.5511], [2.3962, 48.5512], [2.3965, 48.5513], [2.3968, 48.5514], [2.397, 48.5515], [2.3973, 48.5515], [2.3975, 48.5516], [2.3977, 48.5517], [2.398, 48.5518], [2.3982, 48.552], [2.3985, 48.5521], [2.3987, 48.5523], [2.3991, 48.5524], [2.4003, 48.5532], [2.4029, 48.5546], [2.4042, 48.5554], [2.4046, 48.5556], [2.4051, 48.5559], [2.4061, 48.5564], [2.4064, 48.5566], [2.4067, 48.5568], [2.407, 48.557], [2.4072, 48.5571], [2.4075, 48.5573], [2.4077, 48.5575], [2.4079, 48.5577], [2.4082, 48.5579], [2.4084, 48.5581], [2.4086, 48.5583], [2.4096, 48.5592], [2.4107, 48.5601], [2.4122, 48.5614], [2.4132, 48.5623], [2.4137, 48.5628], [2.4142, 48.5632], [2.4145, 48.5634], [2.4147, 48.5636], [2.4148, 48.5636]], [[2.4148, 48.5636], [2.4148, 48.5637]], [[2.4148, 48.5637], [2.4151, 48.5639], [2.4156, 48.5642], [2.4158, 48.5643], [2.416, 48.5645], [2.4163, 48.5646], [2.4165, 48.5647], [2.4168, 48.5649], [2.417, 48.565], [2.4173, 48.5651], [2.4176, 48.5653], [2.4179, 48.5654], [2.4182, 48.5655], [2.4185, 48.5656], [2.4189, 48.5658], [2.4196, 48.566], [2.42, 48.5662], [2.4205, 48.5663], [2.4239, 48.5675], [2.4254, 48.5681], [2.4269, 48.5686], [2.4283, 48.5691], [2.4289, 48.5693], [2.4297, 48.5696], [2.4299, 48.5697], [2.4302, 48.5698], [2.4303, 48.5698], [2.4305, 48.5699]], [[2.4305, 48.5699], [2.4306, 48.57]], [[2.4306, 48.57], [2.4308, 48.57], [2.4312, 48.5702], [2.4322, 48.5707], [2.4331, 48.5711], [2.434, 48.5715]], [[2.434, 48.5715], [2.4342, 48.5716]], [[2.4342, 48.5716], [2.435, 48.572], [2.4364, 48.5726], [2.4371, 48.573], [2.4378, 48.5733], [2.4382, 48.5735], [2.4385, 48.5736], [2.4389, 48.5738], [2.4392, 48.5739], [2.4394, 48.574], [2.4397, 48.5741], [2.44, 48.5742], [2.4402, 48.5743], [2.4405, 48.5744], [2.4408, 48.5745], [2.4411, 48.5745], [2.4413, 48.5746], [2.4417, 48.5747], [2.4419, 48.5747], [2.4423, 48.5748], [2.4425, 48.5748], [2.4428, 48.5749], [2.4431, 48.5749], [2.4434, 48.5749], [2.4437, 48.575], [2.4439, 48.575], [2.4441, 48.575], [2.4444, 48.575], [2.4448, 48.575], [2.4451, 48.575], [2.4455, 48.575], [2.4458, 48.575], [2.4461, 48.575], [2.4464, 48.575], [2.4467, 48.575], [2.447, 48.575], [2.4473, 48.575], [2.4476, 48.575], [2.4479, 48.5749], [2.4482, 48.5749], [2.4484, 48.5749]], [[2.4484, 48.5749], [2.4486, 48.5749], [2.4488, 48.5748], [2.4491, 48.5748], [2.4494, 48.5747], [2.4496, 48.5747], [2.4498, 48.5746], [2.4501, 48.5745], [2.4503, 48.5745], [2.4505, 48.5744], [2.4508, 48.5743], [2.4512, 48.5742], [2.4526, 48.5737], [2.4529, 48.5736], [2.4534, 48.5734], [2.4544, 48.5731], [2.4548, 48.5729], [2.4553, 48.5728], [2.4554, 48.5727], [2.4556, 48.5727], [2.4557, 48.5727], [2.456, 48.5726], [2.4564, 48.5725], [2.4567, 48.5724], [2.4569, 48.5724], [2.4572, 48.5724], [2.4573, 48.5724], [2.4575, 48.5723], [2.4577, 48.5723], [2.4579, 48.5723], [2.4581, 48.5723], [2.4583, 48.5723], [2.4585, 48.5723], [2.4587, 48.5723], [2.4588, 48.5723], [2.459, 48.5723], [2.4593, 48.5723], [2.4595, 48.5723], [2.4599, 48.5723], [2.4606, 48.5724], [2.4614, 48.5725], [2.4621, 48.5725], [2.4625, 48.5726], [2.4628, 48.5726], [2.463, 48.5726], [2.4632, 48.5727], [2.4634, 48.5727], [2.4635, 48.5727], [2.4637, 48.5728], [2.4638, 48.5728], [2.4641, 48.5728], [2.4643, 48.5729], [2.4645, 48.573], [2.4647, 48.573], [2.465, 48.5731], [2.4652, 48.5732], [2.4654, 48.5733], [2.4655, 48.5733], [2.4657, 48.5734], [2.4659, 48.5735], [2.466, 48.5736], [2.4662, 48.5736], [2.4664, 48.5737], [2.4666, 48.5738], [2.4667, 48.5739], [2.467, 48.5741], [2.4672, 48.5742], [2.4674, 48.5743], [2.4675, 48.5744], [2.4677, 48.5745], [2.4679, 48.5747], [2.4681, 48.5749], [2.4683, 48.575], [2.4685, 48.5752], [2.4687, 48.5754], [2.4688, 48.5755], [2.4689, 48.5756], [2.469, 48.5758], [2.4692, 48.5759], [2.4693, 48.576], [2.4693, 48.5761], [2.4694, 48.5763], [2.4695, 48.5763], [2.4695, 48.5764], [2.4696, 48.5766], [2.4697, 48.5766], [2.4698, 48.5768], [2.47, 48.5772], [2.4708, 48.579]], [[2.4708, 48.579], [2.4712, 48.5798], [2.4714, 48.5803], [2.4715, 48.5804], [2.4716, 48.5806]], [[2.4716, 48.5806], [2.4716, 48.5807]], [[2.4716, 48.5807], [2.4717, 48.5809], [2.4718, 48.5812], [2.4719, 48.5814], [2.4721, 48.582], [2.4724, 48.5825], [2.4726, 48.5831], [2.4728, 48.5836], [2.4729, 48.5839], [2.473, 48.5842], [2.4731, 48.5844], [2.4732, 48.5847], [2.4733, 48.5849], [2.4733, 48.5851], [2.4733, 48.5852], [2.4733, 48.5853], [2.4734, 48.5854]], [[2.4734, 48.5854], [2.4734, 48.5855], [2.4734, 48.5858], [2.4734, 48.586], [2.4735, 48.5861], [2.4735, 48.5864], [2.4735, 48.5866], [2.4735, 48.5868], [2.4735, 48.5871], [2.4735, 48.5872], [2.4734, 48.5874], [2.4734, 48.5876], [2.4734, 48.5878], [2.4734, 48.588], [2.4733, 48.5882], [2.4733, 48.5883], [2.4733, 48.5885], [2.4732, 48.5887], [2.4731, 48.5889], [2.4731, 48.5891], [2.473, 48.5893], [2.4729, 48.5896], [2.4727, 48.59], [2.4726, 48.5903], [2.4723, 48.5907], [2.4718, 48.5916], [2.4717, 48.5918], [2.4716, 48.592], [2.4715, 48.5922], [2.4713, 48.5923], [2.4712, 48.5925], [2.4711, 48.5926], [2.471, 48.5928], [2.4709, 48.5929], [2.4708, 48.5931], [2.4706, 48.5933], [2.4704, 48.5935]], [[2.4704, 48.5935], [2.47, 48.594], [2.4695, 48.5945], [2.4675, 48.5967], [2.4669, 48.5973], [2.4653, 48.5991], [2.4652, 48.5992], [2.4651, 48.5994], [2.465, 48.5995], [2.4649, 48.5996], [2.4648, 48.5997], [2.4647, 48.5998], [2.4646, 48.6], [2.4645, 48.6002], [2.4644, 48.6003], [2.4643, 48.6005], [2.4642, 48.6006], [2.4642, 48.6007], [2.4641, 48.6009], [2.464, 48.601], [2.464, 48.6012], [2.4639, 48.6013]], [[2.4639, 48.6013], [2.4639, 48.6014]], [[2.4639, 48.6014], [2.4638, 48.6015], [2.4638, 48.6016], [2.4638, 48.6018], [2.4637, 48.602]], [[2.4637, 48.602], [2.4637, 48.6022]], [[2.4637, 48.6022], [2.4637, 48.6023], [2.4637, 48.6025], [2.4636, 48.6027], [2.4636, 48.6028], [2.4636, 48.603], [2.4636, 48.6031], [2.4636, 48.6033]], [[2.4636, 48.6033], [2.4637, 48.6034]], [[2.4637, 48.6034], [2.4637, 48.6035], [2.4637, 48.6037], [2.4637, 48.6038], [2.4638, 48.604], [2.4638, 48.6041], [2.4638, 48.6043], [2.4639, 48.6044], [2.4639, 48.6045], [2.4639, 48.6046], [2.464, 48.6048], [2.464, 48.6049], [2.4641, 48.605], [2.4642, 48.6052], [2.4643, 48.6053], [2.4643, 48.6054], [2.4644, 48.6055], [2.4644, 48.6057]], [[2.4644, 48.6057], [2.4646, 48.6059]], [[2.4646, 48.6059], [2.4649, 48.6063], [2.465, 48.6064], [2.4651, 48.6065], [2.4652, 48.6066], [2.4653, 48.6067], [2.4654, 48.6068], [2.4656, 48.6071], [2.4659, 48.6073], [2.4662, 48.6076], [2.4668, 48.6082]], [[2.4668, 48.6082], [2.4669, 48.6082]], [[2.4669, 48.6082], [2.4671, 48.6084], [2.4673, 48.6086], [2.4677, 48.609]], [[2.4683, 48.6096], [2.4677, 48.609]], [[2.4689, 48.6101], [2.4686, 48.6099], [2.4686, 48.6098], [2.4683, 48.6096]], [[2.4689, 48.6101], [2.4692, 48.6104], [2.4694, 48.6106]], [[2.4723, 48.6132], [2.4708, 48.6119], [2.4707, 48.6118], [2.4706, 48.6117], [2.4703, 48.6114], [2.4698, 48.611], [2.4694, 48.6106]], [[2.4743, 48.6153], [2.4743, 48.6152], [2.4742, 48.6151], [2.4742, 48.615], [2.4741, 48.6149], [2.474, 48.6148], [2.4739, 48.6147], [2.4736, 48.6144], [2.4732, 48.6141], [2.4726, 48.6134], [2.4723, 48.6132]], [[2.4745, 48.6161], [2.4745, 48.616], [2.4745, 48.6159], [2.4745, 48.6158], [2.4744, 48.6157], [2.4744, 48.6156], [2.4744, 48.6155], [2.4743, 48.6153]], [[2.4745, 48.6162], [2.4745, 48.6163], [2.4745, 48.6164], [2.4744, 48.6165], [2.4744, 48.6166], [2.4744, 48.6168], [2.4743, 48.6169], [2.4743, 48.617]], [[2.4743, 48.617], [2.4742, 48.6171]], [[2.4742, 48.6171], [2.4742, 48.6172], [2.4741, 48.6174], [2.4739, 48.6176]], [[2.4739, 48.6176], [2.4737, 48.6178], [2.4734, 48.6182], [2.4733, 48.6182], [2.4732, 48.6183], [2.473, 48.6184], [2.4729, 48.6185], [2.4726, 48.6187], [2.4722, 48.619], [2.4717, 48.6193], [2.4708, 48.6198], [2.4702, 48.6202], [2.4696, 48.6206], [2.4687, 48.6212], [2.4684, 48.6214], [2.4681, 48.6216], [2.4678, 48.6218], [2.4675, 48.6221], [2.4671, 48.6224], [2.4666, 48.6229], [2.466, 48.6236]], [[2.466, 48.6236], [2.4658, 48.6238], [2.4653, 48.6244]], [[2.4653, 48.6244], [2.4641, 48.6257], [2.4632, 48.6266], [2.4622, 48.6275], [2.4611, 48.6285], [2.4599, 48.6293], [2.4593, 48.6297], [2.457, 48.6312], [2.454, 48.6332], [2.4533, 48.6337], [2.4526, 48.6342], [2.4522, 48.6345], [2.4503, 48.636], [2.4484, 48.6376], [2.4462, 48.6395], [2.4439, 48.6415], [2.4412, 48.6438], [2.4401, 48.6449], [2.4392, 48.6456], [2.4386, 48.6461], [2.438, 48.6466], [2.4372, 48.6472], [2.4364, 48.6478], [2.4359, 48.6481], [2.4348, 48.6488], [2.4338, 48.6495], [2.4333, 48.6498], [2.4321, 48.6506], [2.4304, 48.6518], [2.4296, 48.6523], [2.4286, 48.6528], [2.4265, 48.6539], [2.4244, 48.6549], [2.422, 48.6561], [2.4209, 48.6567], [2.4196, 48.6573], [2.4186, 48.6577], [2.4158, 48.6588], [2.4143, 48.6593], [2.4136, 48.6596], [2.4133, 48.6597], [2.413, 48.6598], [2.4058, 48.6625], [2.4056, 48.6626], [2.404, 48.6634], [2.4033, 48.6638], [2.4029, 48.664], [2.4025, 48.6643], [2.4021, 48.6645], [2.4016, 48.6648], [2.4014, 48.665], [2.401, 48.6652], [2.4006, 48.6655], [2.4001, 48.6659]], [[2.4001, 48.6659], [2.3997, 48.6662]], [[2.3997, 48.6662], [2.3995, 48.6664], [2.3992, 48.6666], [2.3984, 48.6672], [2.3977, 48.6678]], [[2.4667, 48.6229], [2.4668, 48.6228], [2.4669, 48.6227], [2.4671, 48.6226], [2.4673, 48.6224], [2.4675, 48.6223], [2.4677, 48.6221], [2.468, 48.6219], [2.468, 48.6218], [2.4683, 48.6217], [2.4685, 48.6215], [2.4695, 48.6209], [2.4719, 48.6195], [2.4725, 48.6191], [2.4727, 48.619], [2.4729, 48.6188], [2.4731, 48.6187], [2.4733, 48.6185], [2.4734, 48.6185], [2.4736, 48.6183], [2.4737, 48.6182], [2.4738, 48.6181], [2.4739, 48.618], [2.474, 48.6179], [2.4741, 48.6178], [2.4742, 48.6177], [2.4743, 48.6175], [2.4744, 48.6174], [2.4745, 48.6172], [2.4745, 48.6171], [2.4746, 48.617], [2.4746, 48.6169], [2.4746, 48.6167], [2.4747, 48.6166], [2.4747, 48.6164], [2.4747, 48.6162]], [[2.4747, 48.6162], [2.4747, 48.6161]], [[2.4747, 48.6161], [2.4747, 48.6159], [2.4746, 48.6158]], [[2.4726, 48.6131], [2.4731, 48.6136], [2.4735, 48.6139], [2.4737, 48.6141], [2.4739, 48.6142], [2.474, 48.6144], [2.4742, 48.6146], [2.4743, 48.6147], [2.4743, 48.6149], [2.4744, 48.615], [2.4744, 48.6151], [2.4745, 48.6152], [2.4745, 48.6153], [2.4746, 48.6154], [2.4746, 48.6155], [2.4746, 48.6156], [2.4746, 48.6158]], [[2.4685, 48.6095], [2.4688, 48.6098], [2.469, 48.61], [2.4695, 48.6104], [2.4698, 48.6106], [2.4701, 48.6109], [2.4707, 48.6114], [2.471, 48.6116], [2.4712, 48.6119], [2.4718, 48.6124], [2.4726, 48.6131]], [[2.4685, 48.6095], [2.4669, 48.6081], [2.4662, 48.6076]], [[2.4662, 48.6076], [2.4659, 48.6073], [2.4658, 48.6072], [2.4656, 48.607], [2.4655, 48.6069], [2.4653, 48.6067], [2.4652, 48.6066], [2.465, 48.6064], [2.4649, 48.6062], [2.4648, 48.6061], [2.4647, 48.6059]], [[2.4647, 48.6059], [2.4645, 48.6057]], [[2.4645, 48.6057], [2.4644, 48.6055], [2.4644, 48.6054], [2.4643, 48.6053], [2.4642, 48.6052], [2.4642, 48.6051], [2.4642, 48.605], [2.4641, 48.605], [2.464, 48.6048], [2.464, 48.6046], [2.4639, 48.6045], [2.4639, 48.6044], [2.4639, 48.6042], [2.4638, 48.6041], [2.4638, 48.604], [2.4638, 48.6038], [2.4637, 48.6037], [2.4637, 48.6035], [2.4637, 48.6034]], [[2.4637, 48.6034], [2.4637, 48.6033]], [[2.4637, 48.6033], [2.4637, 48.6031], [2.4637, 48.603], [2.4637, 48.6028], [2.4637, 48.6027], [2.4637, 48.6025], [2.4637, 48.6023], [2.4637, 48.6022]], [[2.4637, 48.6022], [2.4638, 48.602]], [[2.4638, 48.602], [2.4638, 48.6019], [2.4638, 48.6018], [2.4639, 48.6016], [2.4639, 48.6015], [2.4639, 48.6014]], [[2.4639, 48.6014], [2.464, 48.6013]], [[2.464, 48.6013], [2.464, 48.6012], [2.4641, 48.601], [2.4641, 48.6009], [2.4642, 48.6007], [2.4643, 48.6006], [2.4643, 48.6005], [2.4644, 48.6003], [2.4645, 48.6002], [2.4646, 48.6], [2.4647, 48.5999], [2.4648, 48.5997], [2.4649, 48.5996], [2.465, 48.5995], [2.4651, 48.5994], [2.4652, 48.5992], [2.467, 48.5973], [2.4675, 48.5967], [2.4683, 48.5959], [2.4689, 48.5952], [2.4695, 48.5945], [2.4698, 48.5943], [2.4704, 48.5936]], [[2.4704, 48.5936], [2.4705, 48.5935]], [[2.4705, 48.5935], [2.4706, 48.5933], [2.4708, 48.5931], [2.4709, 48.593], [2.4712, 48.5926], [2.4713, 48.5924], [2.4715, 48.5922], [2.4716, 48.592], [2.4718, 48.5918], [2.4718, 48.5917], [2.4722, 48.591], [2.4724, 48.5906], [2.4726, 48.5903], [2.4727, 48.5901], [2.4728, 48.5899], [2.4729, 48.5897], [2.4729, 48.5896], [2.473, 48.5894], [2.4731, 48.5893], [2.4731, 48.5891], [2.4732, 48.5889], [2.4732, 48.5887], [2.4733, 48.5885], [2.4733, 48.5883], [2.4734, 48.5882], [2.4734, 48.588], [2.4734, 48.5878], [2.4735, 48.5876], [2.4735, 48.5874], [2.4735, 48.5872], [2.4735, 48.5871], [2.4735, 48.5868], [2.4735, 48.5866], [2.4735, 48.5864], [2.4735, 48.5862], [2.4735, 48.586], [2.4735, 48.5858], [2.4734, 48.5855], [2.4734, 48.5854]], [[2.4734, 48.5854], [2.4734, 48.5853], [2.4733, 48.5851], [2.4733, 48.5849], [2.4733, 48.5848], [2.4732, 48.5846], [2.4731, 48.5844], [2.4731, 48.5842], [2.473, 48.5839], [2.4728, 48.5836], [2.4726, 48.5831], [2.4724, 48.5825], [2.4722, 48.582], [2.472, 48.5814], [2.4719, 48.5812], [2.4717, 48.5809], [2.4716, 48.5807]], [[2.4716, 48.5806], [2.4715, 48.5803], [2.4712, 48.5798], [2.4709, 48.579]], [[2.4709, 48.579], [2.4708, 48.579]], [[2.4708, 48.579], [2.4705, 48.5782], [2.4702, 48.5776], [2.47, 48.5772], [2.47, 48.577], [2.4699, 48.5769], [2.4698, 48.5768], [2.4697, 48.5766], [2.4696, 48.5765], [2.4695, 48.5763], [2.4695, 48.5762], [2.4693, 48.5761], [2.4692, 48.5759], [2.4692, 48.5758], [2.4691, 48.5757], [2.4689, 48.5756], [2.4688, 48.5755], [2.4687, 48.5753], [2.4686, 48.5752], [2.4684, 48.575], [2.4682, 48.5749], [2.468, 48.5747], [2.4677, 48.5745], [2.4676, 48.5744], [2.4674, 48.5743], [2.4672, 48.5742], [2.467, 48.574], [2.4667, 48.5739], [2.4666, 48.5738], [2.4664, 48.5737], [2.4663, 48.5736], [2.4661, 48.5735], [2.4659, 48.5734], [2.4657, 48.5734], [2.4655, 48.5733], [2.4654, 48.5732], [2.4652, 48.5732], [2.465, 48.5731], [2.4647, 48.573], [2.4645, 48.5729], [2.4643, 48.5729], [2.4641, 48.5728], [2.4639, 48.5728], [2.4637, 48.5727], [2.4635, 48.5727], [2.4634, 48.5727], [2.4632, 48.5726], [2.463, 48.5726], [2.4628, 48.5726], [2.4625, 48.5725], [2.4622, 48.5725], [2.4614, 48.5724], [2.4606, 48.5724], [2.4599, 48.5723], [2.4596, 48.5723], [2.4592, 48.5723], [2.4589, 48.5723], [2.4587, 48.5722], [2.4584, 48.5723], [2.4582, 48.5723], [2.4581, 48.5723], [2.4579, 48.5723], [2.4577, 48.5723], [2.4575, 48.5723], [2.4572, 48.5723], [2.457, 48.5724], [2.4568, 48.5724], [2.4566, 48.5724], [2.4564, 48.5725], [2.4562, 48.5725], [2.456, 48.5725], [2.4558, 48.5726], [2.4557, 48.5726], [2.4555, 48.5727], [2.4553, 48.5727], [2.4552, 48.5728], [2.4548, 48.5729], [2.4543, 48.5731], [2.4535, 48.5733], [2.4512, 48.5742], [2.4507, 48.5743], [2.4505, 48.5744], [2.45, 48.5745], [2.4499, 48.5746], [2.4497, 48.5746], [2.4495, 48.5746], [2.4494, 48.5747], [2.4491, 48.5747], [2.4488, 48.5748], [2.4486, 48.5748], [2.4484, 48.5748]], [[2.4484, 48.5748], [2.4482, 48.5749], [2.4479, 48.5749], [2.4476, 48.5749], [2.4473, 48.575], [2.447, 48.575], [2.4467, 48.575], [2.4464, 48.575], [2.4461, 48.575], [2.4458, 48.575], [2.4454, 48.575], [2.4451, 48.575], [2.4448, 48.575], [2.4444, 48.575], [2.4441, 48.575], [2.4439, 48.5749], [2.4437, 48.5749], [2.4435, 48.5749], [2.4431, 48.5749], [2.4428, 48.5748], [2.4425, 48.5748], [2.4423, 48.5748], [2.4419, 48.5747], [2.4417, 48.5746], [2.4413, 48.5746], [2.4411, 48.5745], [2.4408, 48.5744], [2.4405, 48.5743], [2.4402, 48.5743], [2.44, 48.5742], [2.4397, 48.5741], [2.4394, 48.574], [2.4392, 48.5739], [2.4389, 48.5737], [2.4386, 48.5736], [2.4382, 48.5734], [2.4379, 48.5733], [2.4372, 48.5729], [2.4365, 48.5726], [2.4351, 48.572], [2.4342, 48.5716]], [[2.434, 48.5715], [2.4331, 48.5711], [2.4322, 48.5706], [2.4313, 48.5702], [2.4308, 48.57], [2.4306, 48.5699]], [[2.4306, 48.5699], [2.4305, 48.5698]], [[2.4305, 48.5698], [2.4303, 48.5698], [2.4302, 48.5697], [2.4299, 48.5696], [2.4297, 48.5695], [2.429, 48.5693], [2.4283, 48.5691], [2.427, 48.5686], [2.4254, 48.568], [2.4239, 48.5675], [2.4205, 48.5663], [2.42, 48.5661], [2.4196, 48.566], [2.4189, 48.5657], [2.4185, 48.5656], [2.4182, 48.5655], [2.4179, 48.5654], [2.4176, 48.5652], [2.4173, 48.5651], [2.4171, 48.565], [2.4168, 48.5649], [2.4165, 48.5647], [2.4163, 48.5646], [2.4161, 48.5645], [2.4159, 48.5643], [2.4156, 48.5642], [2.4152, 48.5639], [2.4148, 48.5636]], [[2.4148, 48.5636], [2.4147, 48.5635], [2.4145, 48.5634], [2.4143, 48.5632], [2.4138, 48.5627], [2.4133, 48.5623], [2.4123, 48.5614], [2.4107, 48.5601], [2.4097, 48.5591], [2.4087, 48.5582], [2.4084, 48.5581], [2.4082, 48.5579], [2.408, 48.5577], [2.4077, 48.5575], [2.4075, 48.5573], [2.4072, 48.5571], [2.407, 48.5569], [2.4067, 48.5568], [2.4064, 48.5566], [2.4061, 48.5564], [2.4051, 48.5558], [2.4046, 48.5556], [2.4043, 48.5554], [2.403, 48.5546], [2.4004, 48.5531], [2.3991, 48.5524], [2.3988, 48.5522], [2.3985, 48.5521], [2.3983, 48.552], [2.398, 48.5518], [2.3978, 48.5517], [2.3975, 48.5516], [2.3973, 48.5515], [2.3971, 48.5514], [2.3968, 48.5513], [2.3965, 48.5512], [2.3963, 48.5511], [2.396, 48.5511], [2.3956, 48.551]], [[2.3956, 48.551], [2.3956, 48.5509]], [[2.3956, 48.5509], [2.3954, 48.5509], [2.3951, 48.5508], [2.3948, 48.5508], [2.3945, 48.5507], [2.3942, 48.5507], [2.3939, 48.5506], [2.3936, 48.5506], [2.3934, 48.5506], [2.393, 48.5505], [2.3924, 48.5505], [2.3908, 48.5504], [2.39, 48.5503], [2.3897, 48.5503], [2.3894, 48.5502], [2.3891, 48.5502]], [[2.3891, 48.5502], [2.389, 48.5502]], [[2.389, 48.5502], [2.3888, 48.5502], [2.3885, 48.5501], [2.3882, 48.5501], [2.3879, 48.55], [2.3876, 48.55], [2.3872, 48.5499]], [[2.3872, 48.5499], [2.3871, 48.5499]], [[2.3871, 48.5499], [2.3868, 48.5498], [2.3864, 48.5497], [2.3862, 48.5496], [2.3859, 48.5495], [2.3856, 48.5494], [2.3854, 48.5493], [2.3851, 48.5492], [2.3849, 48.5491], [2.3846, 48.549], [2.3844, 48.5489], [2.3842, 48.5488], [2.3839, 48.5486], [2.3838, 48.5485], [2.3835, 48.5484], [2.3833, 48.5483], [2.3831, 48.5481], [2.3829, 48.548], [2.3827, 48.5478], [2.3822, 48.5474], [2.3817, 48.547], [2.3803, 48.5459], [2.3795, 48.5452], [2.3784, 48.5443], [2.3781, 48.5441], [2.3779, 48.5439], [2.3777, 48.5438], [2.3774, 48.5435], [2.3773, 48.5434], [2.3771, 48.5432], [2.3769, 48.543], [2.3767, 48.5428], [2.3766, 48.5427], [2.3764, 48.5424], [2.3763, 48.5423], [2.3761, 48.542], [2.376, 48.5418], [2.3759, 48.5416], [2.3758, 48.5414], [2.3757, 48.5412], [2.3756, 48.541], [2.3755, 48.5408], [2.3754, 48.5405], [2.3753, 48.5403], [2.3752, 48.5401], [2.3751, 48.5398], [2.375, 48.5393], [2.3749, 48.5387], [2.3746, 48.5378], [2.3745, 48.5374], [2.3744, 48.537], [2.3743, 48.5367], [2.3743, 48.5365], [2.3742, 48.5363], [2.3741, 48.5361], [2.3741, 48.536], [2.374, 48.5358], [2.3739, 48.5356], [2.3738, 48.5355], [2.3737, 48.5354], [2.3736, 48.5352], [2.3735, 48.535], [2.3734, 48.5349], [2.3732, 48.5346], [2.3731, 48.5344], [2.3729, 48.5342], [2.3728, 48.534], [2.3722, 48.5334], [2.3716, 48.5327], [2.3711, 48.5322], [2.3702, 48.5311], [2.3698, 48.5307], [2.3692, 48.53], [2.3689, 48.5297], [2.3687, 48.5294], [2.3684, 48.5291]], [[2.3684, 48.5291], [2.3669, 48.5277], [2.3666, 48.5273], [2.3664, 48.5271], [2.3663, 48.527], [2.3662, 48.5268], [2.3661, 48.5267], [2.366, 48.5266], [2.3659, 48.5264], [2.3658, 48.5263], [2.3657, 48.5261], [2.3656, 48.526], [2.3656, 48.5259], [2.3655, 48.5257], [2.3654, 48.5256], [2.3654, 48.5254], [2.3653, 48.5253], [2.3653, 48.5252], [2.3652, 48.525], [2.3652, 48.5249], [2.3651, 48.5247], [2.3651, 48.5246], [2.3651, 48.5244], [2.365, 48.5243], [2.365, 48.5241], [2.365, 48.524], [2.365, 48.5238], [2.365, 48.5237], [2.365, 48.5235], [2.365, 48.5233], [2.365, 48.5231], [2.365, 48.523], [2.3651, 48.5227], [2.3651, 48.5225], [2.3651, 48.5223], [2.3652, 48.5221], [2.3653, 48.5219], [2.3653, 48.5217], [2.3654, 48.5215], [2.3655, 48.5213], [2.3656, 48.5211], [2.3657, 48.5209], [2.3659, 48.5206], [2.3661, 48.5204], [2.3672, 48.5186], [2.3676, 48.5178], [2.3681, 48.5171], [2.3687, 48.5161], [2.3689, 48.5159], [2.369, 48.5156], [2.3691, 48.5154], [2.3692, 48.5152], [2.3693, 48.515], [2.3694, 48.5149], [2.3694, 48.5146], [2.3695, 48.5144], [2.3696, 48.5142], [2.3696, 48.514], [2.3697, 48.5138], [2.3697, 48.5136], [2.3697, 48.5134], [2.3698, 48.5131], [2.3699, 48.5118], [2.37, 48.5111], [2.37, 48.5103], [2.37, 48.5101], [2.37, 48.5099], [2.37, 48.5096], [2.37, 48.5094], [2.37, 48.5093], [2.37, 48.5091], [2.3699, 48.509], [2.3699, 48.5088], [2.3699, 48.5087], [2.3699, 48.5085], [2.3698, 48.5083], [2.3697, 48.5081], [2.3697, 48.5079], [2.3696, 48.5077], [2.3695, 48.5075], [2.3695, 48.5072], [2.3694, 48.5069], [2.3693, 48.5066], [2.3692, 48.5064], [2.3691, 48.5062], [2.3691, 48.506], [2.369, 48.5058], [2.3689, 48.5055], [2.3687, 48.5048], [2.3686, 48.5045], [2.3685, 48.5041], [2.3683, 48.5036], [2.3683, 48.5034], [2.3682, 48.503], [2.368, 48.5027], [2.3678, 48.502], [2.3675, 48.5011], [2.3674, 48.5005], [2.3672, 48.5001], [2.3672, 48.4999], [2.367, 48.4996], [2.3669, 48.4993], [2.3668, 48.4991], [2.3667, 48.4989]], [[2.3667, 48.4989], [2.3666, 48.4987], [2.3666, 48.4986], [2.3665, 48.4984], [2.3663, 48.4982], [2.3662, 48.498], [2.3661, 48.4978]], [[2.3661, 48.4978], [2.366, 48.4976], [2.3659, 48.4975], [2.3658, 48.4973], [2.3656, 48.4971], [2.3655, 48.497], [2.3653, 48.4968], [2.3651, 48.4965], [2.3649, 48.4963], [2.3647, 48.4961], [2.3645, 48.4959], [2.3644, 48.4957], [2.3642, 48.4955], [2.3641, 48.4954], [2.3639, 48.4953], [2.3637, 48.495], [2.3635, 48.4949], [2.3632, 48.4947], [2.3629, 48.4944], [2.3623, 48.494], [2.3613, 48.4932], [2.3606, 48.4926], [2.3584, 48.491], [2.3579, 48.4906], [2.3572, 48.4901], [2.3555, 48.4888]], [[2.3555, 48.4888], [2.355, 48.4885], [2.3547, 48.4882], [2.3543, 48.4879], [2.3541, 48.4877]], [[2.3541, 48.4877], [2.3538, 48.4874], [2.3536, 48.4872], [2.3533, 48.487], [2.3531, 48.4867], [2.3529, 48.4865], [2.3527, 48.4862], [2.3526, 48.486], [2.3523, 48.4856], [2.3521, 48.4854], [2.352, 48.4852], [2.3519, 48.4849]], [[2.3519, 48.4849], [2.3518, 48.4848], [2.3515, 48.4843], [2.3514, 48.4841], [2.3513, 48.4838], [2.3512, 48.4836], [2.3511, 48.4835], [2.3511, 48.4833], [2.351, 48.4832], [2.351, 48.4831], [2.3509, 48.4828]], [[2.3509, 48.4828], [2.3508, 48.4825], [2.3508, 48.4823], [2.3508, 48.4821], [2.3508, 48.4819], [2.3508, 48.4818], [2.3508, 48.4817], [2.3508, 48.4815], [2.3508, 48.4811], [2.3509, 48.4807], [2.3509, 48.4806], [2.351, 48.4801], [2.3512, 48.4796], [2.3517, 48.4786], [2.352, 48.4778]], [[2.352, 48.4778], [2.3522, 48.4772], [2.3529, 48.4753], [2.3531, 48.4749], [2.3532, 48.4745], [2.3533, 48.4741], [2.3534, 48.4737], [2.3534, 48.4732], [2.3534, 48.4727], [2.3534, 48.4722], [2.3534, 48.4718], [2.3533, 48.471], [2.3532, 48.4702], [2.3528, 48.4675], [2.3523, 48.464], [2.3522, 48.4634], [2.3522, 48.4628], [2.3521, 48.4623], [2.3521, 48.4622], [2.3521, 48.462], [2.3521, 48.4619], [2.3521, 48.4617], [2.3521, 48.4616], [2.3521, 48.4614], [2.3521, 48.4613], [2.3522, 48.4611], [2.3522, 48.4609], [2.3522, 48.4608], [2.3522, 48.4607], [2.3523, 48.4606], [2.3523, 48.4604], [2.3524, 48.4603], [2.3524, 48.4601], [2.3525, 48.4599], [2.3526, 48.4598], [2.3527, 48.4596], [2.3528, 48.4594], [2.3529, 48.4592], [2.353, 48.459], [2.3531, 48.4589], [2.3532, 48.4587], [2.3533, 48.4586], [2.3534, 48.4584], [2.3536, 48.4583], [2.3537, 48.4581], [2.3539, 48.4579], [2.3541, 48.4577], [2.3543, 48.4575], [2.3545, 48.4574], [2.3546, 48.4573], [2.3547, 48.4572], [2.3549, 48.4571], [2.3551, 48.4569], [2.3554, 48.4568], [2.3555, 48.4566], [2.3557, 48.4565], [2.3559, 48.4564], [2.3561, 48.4563], [2.3562, 48.4563], [2.3565, 48.4561], [2.3567, 48.456], [2.3571, 48.4559], [2.3575, 48.4557], [2.3581, 48.4554], [2.3589, 48.455], [2.3601, 48.4545], [2.3613, 48.4539], [2.3616, 48.4538]], [[2.3616, 48.4538], [2.3617, 48.4538]], [[2.3617, 48.4538], [2.3618, 48.4537], [2.362, 48.4536], [2.3622, 48.4535], [2.3624, 48.4534], [2.3625, 48.4533], [2.3626, 48.4533], [2.3628, 48.4531], [2.3629, 48.453], [2.3631, 48.4529], [2.3632, 48.4528], [2.3634, 48.4527], [2.3635, 48.4526], [2.3636, 48.4525], [2.3638, 48.4523], [2.3639, 48.4522], [2.364, 48.452], [2.3642, 48.4519], [2.3643, 48.4517], [2.3644, 48.4516], [2.3645, 48.4514], [2.3646, 48.4512], [2.3647, 48.451], [2.3648, 48.4509], [2.3649, 48.4507], [2.3649, 48.4505], [2.365, 48.4504], [2.365, 48.4502], [2.365, 48.4501], [2.3651, 48.45], [2.3651, 48.4498], [2.3651, 48.4497], [2.3651, 48.4496], [2.3651, 48.4494], [2.3651, 48.4493], [2.3651, 48.4491], [2.3651, 48.449], [2.3651, 48.4489], [2.3651, 48.4487], [2.365, 48.4486], [2.365, 48.4484], [2.365, 48.4483], [2.3649, 48.4481], [2.3649, 48.448], [2.3648, 48.4478], [2.3647, 48.4477], [2.3647, 48.4476], [2.3644, 48.4471], [2.3629, 48.4447], [2.3628, 48.4444], [2.3626, 48.4442], [2.3626, 48.4441], [2.3624, 48.4437], [2.3623, 48.4435], [2.3623, 48.4432], [2.3623, 48.4431], [2.3622, 48.4429], [2.3622, 48.4424], [2.3622, 48.4423], [2.3623, 48.4421], [2.3623, 48.442], [2.3624, 48.4418], [2.3625, 48.4414], [2.3627, 48.4411], [2.3628, 48.4409], [2.3629, 48.4407], [2.363, 48.4406], [2.3631, 48.4404], [2.3633, 48.4403], [2.3634, 48.4402], [2.3636, 48.44], [2.3637, 48.4399], [2.3638, 48.4398], [2.364, 48.4396], [2.3642, 48.4395], [2.3644, 48.4394], [2.3646, 48.4393], [2.3648, 48.4392], [2.365, 48.4391], [2.3652, 48.439], [2.3653, 48.4389], [2.3655, 48.4388], [2.3657, 48.4388], [2.3659, 48.4387], [2.3661, 48.4386], [2.3663, 48.4386], [2.3666, 48.4385], [2.3668, 48.4384], [2.3669, 48.4384], [2.3674, 48.4383], [2.3696, 48.4379], [2.3709, 48.4377], [2.3711, 48.4376], [2.3713, 48.4376], [2.3715, 48.4375], [2.3718, 48.4375], [2.3718, 48.4374], [2.3721, 48.4374], [2.3723, 48.4373], [2.3725, 48.4372], [2.3727, 48.4371], [2.3729, 48.437], [2.3732, 48.4369], [2.3735, 48.4368], [2.3736, 48.4368], [2.3737, 48.4367], [2.3739, 48.4366], [2.3742, 48.4364], [2.3744, 48.4363], [2.3746, 48.4362], [2.3747, 48.4361], [2.3749, 48.436], [2.3753, 48.4356], [2.3754, 48.4356], [2.3762, 48.4349], [2.3764, 48.4347], [2.3773, 48.434], [2.378, 48.4334], [2.3784, 48.433], [2.3786, 48.4329], [2.3787, 48.4328], [2.3791, 48.4323], [2.3793, 48.4321], [2.3794, 48.4319], [2.3812, 48.4294], [2.3813, 48.4292], [2.3815, 48.4289], [2.3819, 48.4283], [2.3821, 48.4281], [2.3823, 48.4278], [2.3824, 48.4277], [2.3825, 48.4275], [2.3827, 48.4273], [2.3828, 48.4271], [2.383, 48.4269], [2.383, 48.4267], [2.3832, 48.4265], [2.3833, 48.4263], [2.3835, 48.4261], [2.3835, 48.426], [2.3836, 48.4259], [2.3837, 48.4258], [2.3839, 48.4256], [2.3841, 48.4252], [2.3843, 48.4249], [2.3844, 48.4247], [2.3845, 48.4246], [2.3846, 48.4245], [2.3846, 48.4244], [2.3849, 48.4241], [2.385, 48.4239], [2.3852, 48.4235], [2.3853, 48.4235], [2.3853, 48.4234], [2.3854, 48.4233], [2.3854, 48.4232], [2.3856, 48.423], [2.3857, 48.4227], [2.3858, 48.4226], [2.3859, 48.4224], [2.386, 48.4223], [2.3862, 48.4221], [2.3863, 48.4219], [2.3863, 48.4218], [2.3865, 48.4216], [2.3866, 48.4213], [2.3867, 48.4212], [2.3868, 48.4211], [2.3869, 48.4208], [2.3871, 48.4206], [2.3872, 48.4204], [2.3874, 48.4201], [2.3875, 48.4199], [2.3876, 48.4198], [2.3878, 48.4194], [2.388, 48.4192], [2.3881, 48.419], [2.3883, 48.4187], [2.3883, 48.4186], [2.3884, 48.4186], [2.3886, 48.4182], [2.3891, 48.4176], [2.3897, 48.4169], [2.3913, 48.4149], [2.3915, 48.4147], [2.3926, 48.4134], [2.3936, 48.4121], [2.3941, 48.4116]], [[2.3941, 48.4116], [2.3949, 48.4106], [2.396, 48.4092], [2.3964, 48.4088], [2.3974, 48.4075], [2.3981, 48.4067], [2.3984, 48.4063], [2.3987, 48.4059], [2.3989, 48.4056], [2.3991, 48.4053], [2.3993, 48.4049], [2.3994, 48.4046], [2.3996, 48.4042], [2.3996, 48.4039], [2.3997, 48.4035], [2.3998, 48.4031], [2.3998, 48.4028], [2.3997, 48.4024], [2.3997, 48.402], [2.3996, 48.4017], [2.3995, 48.4013], [2.3994, 48.401], [2.3992, 48.4006], [2.3991, 48.4003], [2.3988, 48.3999], [2.3986, 48.3996], [2.3984, 48.3993], [2.398, 48.3989], [2.3971, 48.3979], [2.3963, 48.3969], [2.3955, 48.396], [2.395, 48.3954], [2.3946, 48.3949], [2.394, 48.3943], [2.3935, 48.3937], [2.393, 48.3931]], [[2.393, 48.3931], [2.3924, 48.3924], [2.3919, 48.3919], [2.3916, 48.3915], [2.3913, 48.3912], [2.3911, 48.3908], [2.3908, 48.3905], [2.3907, 48.3902], [2.3905, 48.3898], [2.3904, 48.3895], [2.3902, 48.3891], [2.3902, 48.3888], [2.3901, 48.3884], [2.3901, 48.388], [2.3901, 48.3877], [2.3901, 48.3873], [2.3902, 48.3869], [2.3902, 48.3865], [2.3905, 48.3857], [2.3907, 48.3849], [2.3908, 48.3844], [2.3911, 48.3834], [2.3914, 48.3823], [2.3915, 48.3818], [2.3916, 48.3815], [2.3916, 48.3811], [2.3917, 48.3808], [2.3917, 48.3804], [2.3917, 48.38], [2.3916, 48.3797], [2.3916, 48.3793], [2.3915, 48.379], [2.3914, 48.3787], [2.3913, 48.3785], [2.3912, 48.3781], [2.391, 48.3777], [2.3908, 48.3773], [2.3906, 48.3769], [2.3903, 48.3765], [2.3896, 48.3755], [2.3889, 48.3745], [2.3882, 48.3734], [2.3879, 48.373], [2.3877, 48.3727], [2.3876, 48.3723], [2.3874, 48.372], [2.3873, 48.3716], [2.3872, 48.3713], [2.3871, 48.3707], [2.387, 48.3702], [2.3867, 48.3688], [2.3866, 48.3683], [2.3865, 48.3679], [2.3864, 48.3676], [2.3862, 48.3673], [2.3861, 48.3669], [2.3859, 48.3666], [2.3857, 48.3663], [2.3855, 48.3661], [2.3852, 48.3658], [2.3849, 48.3655], [2.3846, 48.3653]], [[2.3846, 48.3653], [2.3843, 48.365]], [[2.3843, 48.365], [2.3831, 48.3641], [2.3826, 48.3637], [2.382, 48.3632], [2.3816, 48.3628], [2.3812, 48.3626], [2.3809, 48.3623], [2.3807, 48.3619], [2.3804, 48.3616], [2.3802, 48.3613], [2.38, 48.361], [2.3798, 48.3605], [2.3797, 48.3603], [2.3795, 48.3599], [2.3794, 48.3596], [2.3794, 48.3592], [2.3793, 48.3588], [2.3793, 48.3585], [2.3793, 48.3582], [2.3793, 48.3579], [2.3794, 48.3576], [2.3795, 48.3572], [2.3796, 48.3568], [2.3797, 48.3565], [2.3799, 48.3561], [2.3804, 48.3551], [2.381, 48.354], [2.3813, 48.3535], [2.3814, 48.3531], [2.3816, 48.3527], [2.3817, 48.3524], [2.3818, 48.352], [2.3818, 48.3517], [2.3818, 48.3513], [2.3818, 48.3509], [2.3818, 48.3506], [2.3817, 48.3502], [2.3816, 48.3498], [2.3814, 48.3495], [2.3813, 48.3491], [2.381, 48.3487], [2.3807, 48.3482], [2.3805, 48.3478], [2.3803, 48.3475], [2.3802, 48.3472], [2.3801, 48.3468], [2.38, 48.3465], [2.38, 48.3462], [2.3799, 48.3458], [2.3799, 48.3453], [2.3798, 48.3446], [2.3797, 48.3442], [2.3797, 48.3439], [2.3795, 48.3434], [2.3794, 48.343], [2.3792, 48.3425], [2.3791, 48.3424], [2.379, 48.3421], [2.3782, 48.34], [2.378, 48.3396], [2.3778, 48.3391], [2.3774, 48.3381], [2.3774, 48.338]], [[2.3774, 48.338], [2.3773, 48.3378]], [[2.3773, 48.3378], [2.3772, 48.3376], [2.377, 48.337], [2.3768, 48.3367], [2.3766, 48.3363], [2.3764, 48.3359], [2.3762, 48.3355], [2.3756, 48.3346], [2.3742, 48.3325], [2.3729, 48.3305], [2.3726, 48.3301], [2.3724, 48.3297], [2.3722, 48.3293], [2.3721, 48.329], [2.3719, 48.3286], [2.3718, 48.3282], [2.3717, 48.3278], [2.3717, 48.3274], [2.3716, 48.327], [2.3716, 48.3266], [2.3716, 48.326], [2.3716, 48.3237], [2.3717, 48.3226], [2.3717, 48.3215], [2.3717, 48.321], [2.3717, 48.3206], [2.3718, 48.3202], [2.3718, 48.3199], [2.3719, 48.3197], [2.3719, 48.3195], [2.3721, 48.3192], [2.3723, 48.3188], [2.3725, 48.3185], [2.3727, 48.3182], [2.373, 48.3178], [2.3732, 48.3176], [2.3736, 48.3173], [2.3739, 48.317], [2.3743, 48.3167], [2.3746, 48.3165], [2.3751, 48.3162], [2.3764, 48.3154], [2.3782, 48.3143], [2.3796, 48.3135], [2.3808, 48.3128], [2.3827, 48.3117], [2.3831, 48.3115], [2.3832, 48.3114]], [[2.3832, 48.3114], [2.3833, 48.3113]], [[2.3833, 48.3113], [2.3834, 48.3112], [2.3838, 48.3109], [2.3841, 48.3106], [2.3844, 48.3103], [2.3847, 48.31], [2.385, 48.3097], [2.3852, 48.3094], [2.3854, 48.309], [2.3856, 48.3087], [2.3858, 48.3083], [2.3859, 48.308], [2.3861, 48.3076], [2.3862, 48.3071], [2.3864, 48.3065], [2.3865, 48.306], [2.3867, 48.3055], [2.3868, 48.3051], [2.387, 48.3047], [2.3872, 48.3043], [2.3874, 48.304], [2.3876, 48.3036], [2.3879, 48.3032], [2.3882, 48.3029], [2.3885, 48.3025], [2.3889, 48.3022], [2.3893, 48.3019], [2.3897, 48.3016], [2.3901, 48.3013], [2.3905, 48.301], [2.391, 48.3008], [2.3915, 48.3005], [2.392, 48.3003], [2.3926, 48.3], [2.3954, 48.2988], [2.3959, 48.2986], [2.3964, 48.2983], [2.3969, 48.2981], [2.3973, 48.2978], [2.3977, 48.2975], [2.3979, 48.2974]], [[2.3979, 48.2974], [2.3982, 48.2972], [2.3985, 48.297], [2.3987, 48.2968], [2.3989, 48.2966], [2.3991, 48.2964], [2.3993, 48.2963], [2.3998, 48.2958]], [[2.3998, 48.2958], [2.4, 48.2956], [2.4003, 48.2952], [2.4005, 48.2949], [2.4007, 48.2945], [2.4009, 48.2942], [2.401, 48.294], [2.4011, 48.2937], [2.4012, 48.2934]], [[2.655, 48.5271], [2.6548, 48.5272], [2.6546, 48.5272], [2.6541, 48.5273], [2.6538, 48.5274]], [[2.6538, 48.5274], [2.6535, 48.5275]], [[2.6535, 48.5275], [2.653, 48.5276], [2.6525, 48.5277], [2.6523, 48.5277], [2.6521, 48.5278]], [[2.6462, 48.5276], [2.6464, 48.5276], [2.6468, 48.5278], [2.6471, 48.5279], [2.6473, 48.5279], [2.6475, 48.528], [2.6477, 48.528], [2.6479, 48.5281], [2.648, 48.5281], [2.6482, 48.5281], [2.6483, 48.5281], [2.6487, 48.5282], [2.6488, 48.5282], [2.649, 48.5282], [2.6492, 48.5282], [2.6494, 48.5282], [2.6495, 48.5282], [2.6497, 48.5282], [2.6498, 48.5282], [2.65, 48.5282], [2.6501, 48.5282], [2.6505, 48.5281], [2.6509, 48.528], [2.6514, 48.528], [2.6516, 48.5279], [2.6518, 48.5279], [2.6519, 48.5278], [2.6521, 48.5278]], [[2.6459, 48.5274], [2.6462, 48.5276]], [[2.6441, 48.5263], [2.6444, 48.5265], [2.6445, 48.5266], [2.6447, 48.5268], [2.6449, 48.5269], [2.645, 48.527], [2.6452, 48.5271], [2.6454, 48.5272], [2.6456, 48.5273], [2.6457, 48.5274], [2.6459, 48.5274]], [[2.6093, 48.5159], [2.6105, 48.5161], [2.6121, 48.5163], [2.6129, 48.5164], [2.6133, 48.5165], [2.6136, 48.5165], [2.614, 48.5166], [2.6143, 48.5167], [2.6147, 48.5168], [2.615, 48.5168], [2.6154, 48.5169], [2.6157, 48.517], [2.616, 48.5171], [2.6164, 48.5172], [2.6167, 48.5173], [2.6171, 48.5174], [2.6174, 48.5175], [2.6177, 48.5176], [2.6179, 48.5178], [2.6185, 48.518], [2.6189, 48.5182], [2.6201, 48.5187], [2.6215, 48.5193], [2.6235, 48.5202], [2.6243, 48.5205], [2.625, 48.5208], [2.6254, 48.521], [2.6257, 48.5211], [2.626, 48.5212], [2.6263, 48.5214], [2.6267, 48.5215], [2.627, 48.5216], [2.6273, 48.5217], [2.6277, 48.5218], [2.628, 48.5219], [2.6283, 48.522], [2.6287, 48.522], [2.629, 48.5221], [2.6294, 48.5222], [2.6298, 48.5223], [2.6301, 48.5223], [2.6304, 48.5224], [2.6312, 48.5225], [2.6321, 48.5226], [2.6328, 48.5227], [2.6335, 48.5228], [2.6353, 48.5231], [2.6364, 48.5233], [2.6369, 48.5233], [2.6372, 48.5234], [2.6374, 48.5234], [2.6377, 48.5235], [2.638, 48.5236], [2.6383, 48.5236], [2.6386, 48.5237], [2.639, 48.5238], [2.6393, 48.5239], [2.6396, 48.524], [2.6399, 48.5241], [2.6403, 48.5243], [2.6408, 48.5245], [2.6413, 48.5247], [2.6417, 48.5248], [2.642, 48.5249], [2.6423, 48.5251], [2.6425, 48.5252], [2.6427, 48.5253], [2.6429, 48.5254], [2.6431, 48.5255], [2.6432, 48.5256], [2.6434, 48.5257], [2.6436, 48.5259], [2.6441, 48.5263]], [[2.6081, 48.5157], [2.6093, 48.5159]], [[2.6079, 48.5157], [2.6081, 48.5157]], [[2.6042, 48.5151], [2.6047, 48.5152], [2.605, 48.5152], [2.6054, 48.5153], [2.606, 48.5154], [2.6068, 48.5155], [2.6079, 48.5157]], [[2.58, 48.5258], [2.5804, 48.5255], [2.5811, 48.5251], [2.5814, 48.5249], [2.5816, 48.5247], [2.5819, 48.5245], [2.5822, 48.5243], [2.5829, 48.5238], [2.5836, 48.5233], [2.5839, 48.523], [2.5842, 48.5227], [2.5846, 48.5222], [2.585, 48.5218], [2.5855, 48.5213], [2.5857, 48.521], [2.586, 48.5208], [2.5862, 48.5206], [2.5864, 48.5204], [2.5866, 48.5202], [2.5869, 48.52], [2.5872, 48.5197], [2.5876, 48.5195], [2.5879, 48.5192], [2.5883, 48.519], [2.5898, 48.5181], [2.5911, 48.5173], [2.5916, 48.5171], [2.592, 48.5168], [2.5922, 48.5167], [2.5925, 48.5166], [2.5927, 48.5165], [2.593, 48.5163], [2.5934, 48.5162], [2.5937, 48.5161], [2.5939, 48.5161], [2.5942, 48.516], [2.5947, 48.5158], [2.5953, 48.5157], [2.5958, 48.5156], [2.5961, 48.5155], [2.5965, 48.5154], [2.5969, 48.5153], [2.5972, 48.5153], [2.5975, 48.5153], [2.5978, 48.5152], [2.5982, 48.5152], [2.5984, 48.5152], [2.5988, 48.5152], [2.5991, 48.5151], [2.6011, 48.5151], [2.6019, 48.5151], [2.6024, 48.5151], [2.6026, 48.515], [2.6028, 48.515], [2.603, 48.5151], [2.6032, 48.5151], [2.6035, 48.5151], [2.6039, 48.5151], [2.6042, 48.5151]], [[2.5799, 48.5258], [2.58, 48.5258]], [[2.5614, 48.5326], [2.562, 48.5325], [2.5624, 48.5324], [2.563, 48.5323], [2.5634, 48.5323], [2.5638, 48.5322], [2.5647, 48.532], [2.5654, 48.5319], [2.5659, 48.5317], [2.5664, 48.5316], [2.5671, 48.5314], [2.5678, 48.5312], [2.5683, 48.5311], [2.5687, 48.531], [2.5692, 48.5308], [2.5697, 48.5306], [2.5703, 48.5304], [2.5706, 48.5303], [2.571, 48.5302], [2.5713, 48.53], [2.5717, 48.5299], [2.5723, 48.5296], [2.5729, 48.5294], [2.5734, 48.5292], [2.5745, 48.5287], [2.5756, 48.5282], [2.5761, 48.528], [2.5766, 48.5278], [2.5771, 48.5275], [2.5775, 48.5273], [2.5785, 48.5267], [2.5795, 48.5261], [2.5799, 48.5258]], [[2.5613, 48.5326], [2.5614, 48.5326]], [[2.5508, 48.5339], [2.5515, 48.5339], [2.5553, 48.5334], [2.559, 48.5329], [2.5605, 48.5327], [2.5613, 48.5326]], [[2.55, 48.5341], [2.5508, 48.5339]], [[2.5465, 48.5346], [2.5467, 48.5346], [2.5474, 48.5344], [2.5479, 48.5344], [2.5483, 48.5343], [2.5491, 48.5342], [2.55, 48.5341]], [[2.5464, 48.5346], [2.5465, 48.5346]], [[2.545, 48.535], [2.5456, 48.5348], [2.5461, 48.5347], [2.5464, 48.5346]], [[2.5287, 48.5444], [2.5288, 48.5443], [2.529, 48.5441], [2.5291, 48.5439], [2.5292, 48.5437], [2.5294, 48.5434], [2.5296, 48.5432], [2.5298, 48.5429], [2.5301, 48.5427], [2.5303, 48.5425], [2.5305, 48.5423], [2.5309, 48.5419], [2.5313, 48.5415], [2.5317, 48.5411], [2.5321, 48.5408], [2.5322, 48.5406], [2.5324, 48.5405], [2.5325, 48.5404], [2.5327, 48.5403], [2.5329, 48.5401], [2.5331, 48.54], [2.5332, 48.5399], [2.5335, 48.5398], [2.5337, 48.5397], [2.534, 48.5395], [2.5344, 48.5393], [2.5354, 48.5388], [2.5371, 48.538], [2.5385, 48.5374], [2.5389, 48.5371], [2.5394, 48.5369], [2.5399, 48.5367], [2.5405, 48.5364], [2.5412, 48.5362], [2.5413, 48.5361], [2.542, 48.5359], [2.5426, 48.5357], [2.5432, 48.5355], [2.544, 48.5352], [2.545, 48.535]], [[2.5287, 48.5445], [2.5287, 48.5444]], [[2.5001, 48.5656], [2.5011, 48.5657], [2.5019, 48.5658], [2.5032, 48.5661], [2.5044, 48.5663], [2.5051, 48.5664], [2.5058, 48.5665], [2.5063, 48.5666], [2.5068, 48.5667], [2.5071, 48.5668], [2.5075, 48.5669], [2.508, 48.567], [2.5085, 48.5671], [2.5089, 48.5673], [2.5103, 48.5677], [2.5123, 48.5683], [2.5138, 48.5687], [2.5159, 48.5694], [2.5166, 48.5696], [2.5173, 48.5698], [2.5177, 48.5699], [2.5181, 48.57], [2.5186, 48.5702], [2.5189, 48.5702], [2.5194, 48.5703], [2.5197, 48.5704], [2.52, 48.5705], [2.5204, 48.5705], [2.5209, 48.5706], [2.5213, 48.5707], [2.5218, 48.5708], [2.5222, 48.5708], [2.5226, 48.5709], [2.5229, 48.5709], [2.5232, 48.5709], [2.5236, 48.571], [2.5242, 48.571], [2.5247, 48.5711], [2.5252, 48.5711], [2.5255, 48.5711], [2.5257, 48.5711], [2.5261, 48.5711], [2.5267, 48.5711], [2.5271, 48.5711], [2.5276, 48.5711], [2.5281, 48.5711], [2.5285, 48.5711], [2.529, 48.5711], [2.5293, 48.5711], [2.5296, 48.571], [2.5301, 48.571], [2.5304, 48.571], [2.5308, 48.5709], [2.5314, 48.5708], [2.5318, 48.5708], [2.5322, 48.5707], [2.5326, 48.5707], [2.5329, 48.5706], [2.5332, 48.5706], [2.5336, 48.5705], [2.5339, 48.5705], [2.5345, 48.5703], [2.5351, 48.5702], [2.5358, 48.57], [2.5364, 48.5699], [2.537, 48.5697], [2.5373, 48.5696], [2.5376, 48.5695], [2.5382, 48.5693], [2.5386, 48.5691], [2.5388, 48.5691], [2.539, 48.569], [2.5392, 48.5689], [2.5394, 48.5688], [2.5396, 48.5687], [2.5398, 48.5686], [2.54, 48.5685], [2.5401, 48.5684], [2.5403, 48.5683], [2.5405, 48.5681], [2.5407, 48.568], [2.5408, 48.5679], [2.5409, 48.5678], [2.541, 48.5677], [2.5412, 48.5675], [2.5414, 48.5674], [2.5415, 48.5672], [2.5416, 48.5671], [2.5418, 48.5669], [2.5419, 48.5667], [2.542, 48.5666], [2.5421, 48.5663], [2.5422, 48.5662], [2.5423, 48.566], [2.5423, 48.5659], [2.5424, 48.5658], [2.5425, 48.5656], [2.5425, 48.5654], [2.5426, 48.5652], [2.5426, 48.565], [2.5426, 48.5649], [2.5426, 48.5647], [2.5426, 48.5645], [2.5426, 48.5644], [2.5426, 48.5642], [2.5426, 48.5641], [2.5426, 48.5639], [2.5426, 48.5638], [2.5425, 48.5636], [2.5425, 48.5634], [2.5424, 48.5632], [2.5423, 48.563], [2.5423, 48.5629], [2.5422, 48.5627], [2.5421, 48.5626], [2.542, 48.5624], [2.5419, 48.5622], [2.5418, 48.5621], [2.5417, 48.562], [2.5415, 48.5617], [2.5413, 48.5615], [2.5412, 48.5614], [2.541, 48.5612], [2.5407, 48.561], [2.5405, 48.5608], [2.54, 48.5605], [2.5381, 48.5592], [2.5368, 48.5583], [2.5362, 48.5579], [2.5358, 48.5577], [2.5355, 48.5575], [2.5353, 48.5573], [2.5351, 48.5571], [2.5348, 48.557], [2.5346, 48.5568], [2.5343, 48.5566], [2.5341, 48.5563], [2.5334, 48.5558], [2.5327, 48.5553], [2.5317, 48.5545], [2.5308, 48.5537], [2.5303, 48.5533], [2.53, 48.5531], [2.5298, 48.5529], [2.5297, 48.5528], [2.5294, 48.5525], [2.5292, 48.5522], [2.5291, 48.552], [2.5289, 48.5518], [2.5288, 48.5517], [2.5288, 48.5516], [2.5286, 48.5513], [2.5286, 48.5512], [2.5285, 48.551], [2.5284, 48.5508], [2.5284, 48.5507], [2.5283, 48.5505], [2.5283, 48.5503], [2.5282, 48.5497], [2.5282, 48.5491], [2.5281, 48.5478], [2.5281, 48.5471], [2.5281, 48.5467], [2.5281, 48.5465], [2.5281, 48.5463], [2.5281, 48.5462], [2.5281, 48.546], [2.5281, 48.5459], [2.5281, 48.5457], [2.5282, 48.5456], [2.5282, 48.5454], [2.5283, 48.5453], [2.5284, 48.5451], [2.5285, 48.5449], [2.5286, 48.5447], [2.5287, 48.5445]], [[2.5001, 48.5655], [2.5001, 48.5656]], [[2.4878, 48.5674], [2.4882, 48.5673], [2.4886, 48.5672], [2.4888, 48.5671], [2.4894, 48.567], [2.4899, 48.5668], [2.4925, 48.5662], [2.493, 48.566], [2.4935, 48.5659], [2.4944, 48.5658], [2.4949, 48.5657], [2.4954, 48.5656], [2.4958, 48.5655], [2.4962, 48.5655], [2.4967, 48.5654], [2.497, 48.5654], [2.4973, 48.5654], [2.4975, 48.5654], [2.4977, 48.5654], [2.498, 48.5654], [2.4982, 48.5654], [2.4985, 48.5654], [2.4987, 48.5654], [2.4991, 48.5654], [2.4992, 48.5654], [2.4994, 48.5655], [2.4997, 48.5655], [2.5001, 48.5655]], [[2.4877, 48.5675], [2.4878, 48.5674]], [[2.4809, 48.5721], [2.4814, 48.5716], [2.4818, 48.5712], [2.4819, 48.5711], [2.4821, 48.5709], [2.4824, 48.5707], [2.4833, 48.57], [2.4843, 48.5692], [2.4845, 48.5691], [2.4847, 48.569], [2.4849, 48.5688], [2.4851, 48.5687], [2.4853, 48.5686], [2.4855, 48.5685], [2.4858, 48.5683], [2.486, 48.5682], [2.4864, 48.568], [2.4868, 48.5678], [2.4871, 48.5677], [2.4874, 48.5676], [2.4877, 48.5675]], [[2.4796, 48.5736], [2.4798, 48.5732], [2.4799, 48.5731], [2.4801, 48.5729], [2.4809, 48.5721]], [[2.4781, 48.5777], [2.4783, 48.5774], [2.4784, 48.5772], [2.4785, 48.577], [2.4785, 48.5769], [2.4786, 48.5767], [2.4787, 48.5766], [2.4787, 48.5763], [2.4788, 48.5761], [2.4788, 48.5757], [2.479, 48.5752], [2.479, 48.5749], [2.4791, 48.5747], [2.4792, 48.5744], [2.4792, 48.5742], [2.4794, 48.574], [2.4796, 48.5736]], [[2.472, 48.5806], [2.4726, 48.5804], [2.4732, 48.5802], [2.474, 48.58], [2.4747, 48.5798], [2.4753, 48.5796], [2.4759, 48.5793], [2.4763, 48.5792], [2.4766, 48.579], [2.4772, 48.5786], [2.4776, 48.5782], [2.4779, 48.5779], [2.4781, 48.5777]], [[2.471, 48.5808], [2.472, 48.5806]], [[2.4703, 48.581], [2.4706, 48.5809], [2.471, 48.5808]], [[2.4681, 48.5821], [2.4682, 48.582], [2.4684, 48.5819], [2.4685, 48.5818], [2.4686, 48.5817], [2.4688, 48.5817], [2.4689, 48.5816], [2.469, 48.5815], [2.4691, 48.5815], [2.4692, 48.5814], [2.4693, 48.5814], [2.4695, 48.5813], [2.4696, 48.5813], [2.4697, 48.5812], [2.4699, 48.5811], [2.4701, 48.5811], [2.4702, 48.5811], [2.4703, 48.581]], [[2.4679, 48.5823], [2.4681, 48.5821]], [[2.4667, 48.5879], [2.4667, 48.5878], [2.4667, 48.5877], [2.4667, 48.5876], [2.4667, 48.5875], [2.4667, 48.5874], [2.4667, 48.5872], [2.4667, 48.5871], [2.4667, 48.587], [2.4667, 48.5869], [2.4666, 48.5866], [2.4664, 48.5858], [2.4664, 48.5856], [2.4664, 48.5854], [2.4664, 48.5853], [2.4664, 48.5852], [2.4664, 48.5851], [2.4664, 48.585], [2.4664, 48.5849], [2.4664, 48.5848], [2.4664, 48.5847], [2.4664, 48.5845], [2.4664, 48.5844], [2.4665, 48.5843], [2.4665, 48.5842], [2.4665, 48.5841], [2.4666, 48.584], [2.4666, 48.5839], [2.4667, 48.5837], [2.4668, 48.5836], [2.4668, 48.5835], [2.467, 48.5832], [2.467, 48.5831], [2.4671, 48.583], [2.4672, 48.5829], [2.4673, 48.5828], [2.4674, 48.5827], [2.4676, 48.5826], [2.4677, 48.5824], [2.4679, 48.5823]], [[2.4667, 48.588], [2.4667, 48.5879]], [[2.4597, 48.5957], [2.4597, 48.5955], [2.4597, 48.5954], [2.4597, 48.5952], [2.4598, 48.5951], [2.4598, 48.595], [2.4599, 48.5948], [2.4599, 48.5947], [2.46, 48.5946], [2.46, 48.5945], [2.4601, 48.5944], [2.4601, 48.5943], [2.4602, 48.5941], [2.4603, 48.5939], [2.4604, 48.5938], [2.4605, 48.5937], [2.4607, 48.5935], [2.4608, 48.5934], [2.4609, 48.5933], [2.461, 48.5932], [2.4611, 48.5931], [2.4612, 48.593], [2.4614, 48.5929], [2.4615, 48.5928], [2.4619, 48.5925], [2.4633, 48.5916], [2.464, 48.5911], [2.4647, 48.5906], [2.4649, 48.5905], [2.465, 48.5904], [2.4651, 48.5903], [2.4653, 48.5902], [2.4654, 48.5901], [2.4655, 48.59], [2.4656, 48.5899], [2.4657, 48.5898], [2.4658, 48.5897], [2.4658, 48.5896], [2.4659, 48.5895], [2.466, 48.5894], [2.4661, 48.5893], [2.4662, 48.5892], [2.4662, 48.5891], [2.4663, 48.5889], [2.4664, 48.5888], [2.4664, 48.5887], [2.4665, 48.5886], [2.4665, 48.5885], [2.4665, 48.5884], [2.4666, 48.5882], [2.4666, 48.5881], [2.4667, 48.588]], [[2.466, 48.6076], [2.4656, 48.6074], [2.4655, 48.6073], [2.4652, 48.6071], [2.4648, 48.6068], [2.4645, 48.6066], [2.4643, 48.6065], [2.4641, 48.6064], [2.464, 48.6063], [2.4638, 48.6062], [2.4635, 48.606], [2.4626, 48.6056], [2.4624, 48.6055], [2.4622, 48.6054], [2.4618, 48.6053], [2.4617, 48.6052], [2.4616, 48.6051], [2.4615, 48.6051], [2.4613, 48.605], [2.4612, 48.6049], [2.4611, 48.6048], [2.461, 48.6047], [2.4608, 48.6046], [2.4607, 48.6045], [2.4606, 48.6045], [2.4605, 48.6044], [2.4604, 48.6043], [2.4603, 48.6042], [2.4602, 48.6041], [2.4601, 48.604], [2.46, 48.6039], [2.46, 48.6038], [2.4599, 48.6037], [2.4598, 48.6035], [2.4597, 48.6033], [2.4596, 48.6032], [2.4595, 48.603], [2.4595, 48.6029], [2.4594, 48.6028], [2.4594, 48.6027], [2.4594, 48.6026], [2.4593, 48.6025], [2.4593, 48.6024], [2.4593, 48.6023], [2.4593, 48.6021], [2.4593, 48.602], [2.4592, 48.6019], [2.4592, 48.6017], [2.4593, 48.6012], [2.4595, 48.5984], [2.4596, 48.5962], [2.4597, 48.5957]], [[2.4683, 48.6096], [2.4669, 48.6084], [2.4665, 48.6081], [2.466, 48.6076]], [[2.4724, 48.6132], [2.4721, 48.6129], [2.471, 48.612], [2.4706, 48.6116], [2.4703, 48.6113]], [[2.4703, 48.6113], [2.4701, 48.6112], [2.47, 48.611], [2.4698, 48.6108], [2.4696, 48.6107], [2.4694, 48.6105]], [[2.4694, 48.6105], [2.4692, 48.6103], [2.4689, 48.6101], [2.4687, 48.6098], [2.4677, 48.609]], [[2.4677, 48.609], [2.4672, 48.6086], [2.4668, 48.6082]], [[2.4668, 48.6082], [2.4664, 48.6079], [2.4661, 48.6077], [2.4658, 48.6074], [2.4655, 48.6072], [2.4653, 48.607], [2.4651, 48.6069], [2.4648, 48.6067], [2.4646, 48.6066], [2.4643, 48.6064], [2.4642, 48.6063], [2.464, 48.6063], [2.4639, 48.6062], [2.4635, 48.606], [2.4626, 48.6056], [2.4622, 48.6054], [2.4618, 48.6052], [2.4616, 48.6051], [2.4615, 48.605], [2.4614, 48.605], [2.4612, 48.6049], [2.4611, 48.6048], [2.461, 48.6047], [2.4609, 48.6046], [2.4608, 48.6045], [2.4606, 48.6044], [2.4605, 48.6043], [2.4604, 48.6042], [2.4603, 48.6041], [2.4602, 48.604], [2.4602, 48.6039], [2.4601, 48.6039], [2.46, 48.6038], [2.4599, 48.6037], [2.4598, 48.6035], [2.4597, 48.6033], [2.4596, 48.6032], [2.4596, 48.603], [2.4595, 48.6029], [2.4595, 48.6028], [2.4594, 48.6027], [2.4594, 48.6026], [2.4594, 48.6024], [2.4593, 48.6023], [2.4593, 48.6021], [2.4593, 48.602], [2.4593, 48.6019], [2.4593, 48.6017], [2.4593, 48.6012], [2.4594, 48.6003], [2.4595, 48.5984], [2.4597, 48.5962], [2.4597, 48.5957]], [[2.4597, 48.5957], [2.4597, 48.5955], [2.4598, 48.5954], [2.4598, 48.5952], [2.4598, 48.5951], [2.4599, 48.5949], [2.4599, 48.5948], [2.4599, 48.5947], [2.46, 48.5946], [2.4601, 48.5945], [2.4601, 48.5944], [2.4602, 48.5943], [2.4603, 48.5941], [2.4604, 48.5939], [2.4605, 48.5938], [2.4606, 48.5937], [2.4608, 48.5934], [2.461, 48.5932], [2.4613, 48.593], [2.4614, 48.5929], [2.4616, 48.5928], [2.462, 48.5925], [2.4629, 48.5919], [2.4633, 48.5916], [2.464, 48.5911], [2.4647, 48.5906], [2.4649, 48.5905], [2.4651, 48.5904], [2.4652, 48.5903], [2.4653, 48.5902], [2.4654, 48.5901], [2.4656, 48.5899], [2.4657, 48.5898], [2.4658, 48.5897], [2.4659, 48.5896], [2.466, 48.5895], [2.4661, 48.5894], [2.4661, 48.5893], [2.4662, 48.5892], [2.4663, 48.5891], [2.4663, 48.589], [2.4664, 48.5889], [2.4664, 48.5888], [2.4665, 48.5887], [2.4665, 48.5886], [2.4666, 48.5885], [2.4666, 48.5884], [2.4666, 48.5883], [2.4666, 48.5882], [2.4667, 48.5881], [2.4667, 48.588]], [[2.4667, 48.5879], [2.4667, 48.5878], [2.4667, 48.5877], [2.4668, 48.5876], [2.4668, 48.5875], [2.4668, 48.5874], [2.4667, 48.587], [2.4667, 48.5868], [2.4667, 48.5866], [2.4665, 48.5858], [2.4665, 48.5855], [2.4664, 48.5853], [2.4664, 48.5852], [2.4664, 48.5851], [2.4664, 48.585], [2.4664, 48.5849], [2.4664, 48.5848], [2.4665, 48.5847], [2.4665, 48.5845], [2.4665, 48.5844], [2.4665, 48.5842], [2.4666, 48.5841], [2.4666, 48.584], [2.4667, 48.5839], [2.4667, 48.5837], [2.4668, 48.5836], [2.4669, 48.5835], [2.4669, 48.5834], [2.467, 48.5833], [2.4671, 48.5831], [2.4672, 48.583], [2.4673, 48.5829], [2.4674, 48.5828], [2.4674, 48.5827], [2.4676, 48.5826], [2.4677, 48.5825], [2.4679, 48.5823]], [[2.4681, 48.5821], [2.4682, 48.582], [2.4684, 48.582], [2.4685, 48.5819], [2.4686, 48.5818], [2.4687, 48.5817], [2.4689, 48.5816], [2.469, 48.5816], [2.4691, 48.5815], [2.4693, 48.5814], [2.4694, 48.5814], [2.4696, 48.5813], [2.4697, 48.5813], [2.4699, 48.5812], [2.47, 48.5811], [2.4702, 48.5811], [2.4703, 48.581]], [[2.4703, 48.581], [2.4706, 48.5809], [2.471, 48.5809]], [[2.471, 48.5809], [2.472, 48.5806]], [[2.472, 48.5806], [2.4726, 48.5804], [2.4733, 48.5802], [2.474, 48.58], [2.4747, 48.5798], [2.4754, 48.5796], [2.4757, 48.5795], [2.476, 48.5794], [2.4764, 48.5792], [2.4767, 48.579], [2.4772, 48.5786], [2.4777, 48.5782], [2.4779, 48.5779], [2.4782, 48.5777]], [[2.4782, 48.5777], [2.4783, 48.5774], [2.4784, 48.5772], [2.4785, 48.5771], [2.4786, 48.5769], [2.4787, 48.5767], [2.4787, 48.5766], [2.4788, 48.5764], [2.4788, 48.5761], [2.4789, 48.5757], [2.479, 48.5752], [2.4791, 48.5749], [2.4791, 48.5747], [2.4792, 48.5745], [2.4793, 48.5742], [2.4794, 48.574], [2.4796, 48.5736]], [[2.4796, 48.5736], [2.4798, 48.5733], [2.48, 48.5731], [2.4801, 48.5729], [2.4809, 48.5721]], [[2.4809, 48.5721], [2.4814, 48.5716], [2.4818, 48.5712], [2.4819, 48.5711], [2.4821, 48.571], [2.4824, 48.5707], [2.4833, 48.57], [2.4843, 48.5693], [2.4845, 48.5691], [2.4847, 48.569], [2.4849, 48.5689], [2.4851, 48.5688], [2.4853, 48.5686], [2.4855, 48.5685], [2.4858, 48.5684], [2.4861, 48.5682], [2.4864, 48.568], [2.4868, 48.5679], [2.4871, 48.5677], [2.4875, 48.5676], [2.4878, 48.5675]], [[2.4878, 48.5675], [2.4883, 48.5673], [2.4886, 48.5672], [2.4889, 48.5671], [2.4894, 48.567], [2.4899, 48.5669], [2.4925, 48.5662], [2.493, 48.5661], [2.4936, 48.5659], [2.4944, 48.5658], [2.4949, 48.5657], [2.4954, 48.5656], [2.4958, 48.5656], [2.4962, 48.5655], [2.4967, 48.5655], [2.497, 48.5655], [2.4973, 48.5654], [2.4975, 48.5654], [2.4976, 48.5654], [2.498, 48.5654], [2.4982, 48.5654], [2.4985, 48.5654], [2.4987, 48.5654], [2.4991, 48.5655], [2.4992, 48.5655], [2.4994, 48.5655], [2.4997, 48.5655], [2.5, 48.5656]], [[2.5, 48.5656], [2.5001, 48.5656]], [[2.5001, 48.5656], [2.5011, 48.5657], [2.5019, 48.5659], [2.5032, 48.5661], [2.5044, 48.5663], [2.5051, 48.5664], [2.5058, 48.5665], [2.5062, 48.5666], [2.5068, 48.5667], [2.5071, 48.5668], [2.5074, 48.5669], [2.508, 48.5671], [2.5084, 48.5672], [2.5089, 48.5673], [2.5103, 48.5677], [2.5123, 48.5683], [2.5137, 48.5688], [2.5159, 48.5694], [2.5166, 48.5697], [2.5173, 48.5699], [2.5177, 48.57], [2.5181, 48.5701], [2.5185, 48.5702], [2.5189, 48.5703], [2.5194, 48.5704], [2.5197, 48.5704], [2.52, 48.5705], [2.5204, 48.5706], [2.5209, 48.5707], [2.5213, 48.5707], [2.5217, 48.5708], [2.5222, 48.5709], [2.5226, 48.5709], [2.5229, 48.5709], [2.5232, 48.571], [2.5236, 48.571], [2.5242, 48.5711], [2.5247, 48.5711], [2.5252, 48.5711], [2.5255, 48.5711], [2.5258, 48.5711], [2.5261, 48.5712], [2.5267, 48.5712], [2.5271, 48.5712], [2.5276, 48.5712], [2.5281, 48.5711], [2.5285, 48.5711], [2.529, 48.5711], [2.5293, 48.5711], [2.5296, 48.5711], [2.5301, 48.571], [2.5304, 48.571], [2.5308, 48.5709], [2.5314, 48.5709], [2.5318, 48.5708], [2.5322, 48.5708], [2.5326, 48.5707], [2.5329, 48.5707], [2.5332, 48.5706], [2.5336, 48.5705], [2.5339, 48.5705], [2.5345, 48.5703], [2.5352, 48.5702], [2.5358, 48.57], [2.5364, 48.5699], [2.537, 48.5697], [2.5373, 48.5696], [2.5376, 48.5695], [2.5382, 48.5693], [2.5386, 48.5692], [2.5388, 48.5691], [2.539, 48.569], [2.5392, 48.5689], [2.5394, 48.5688], [2.5396, 48.5687], [2.5398, 48.5686], [2.54, 48.5685], [2.5402, 48.5684], [2.5403, 48.5683], [2.5405, 48.5682], [2.5407, 48.568], [2.5408, 48.5679], [2.541, 48.5678], [2.5411, 48.5677], [2.5412, 48.5676], [2.5414, 48.5674], [2.5416, 48.5672], [2.5417, 48.567], [2.5418, 48.5669], [2.5419, 48.5667], [2.542, 48.5666], [2.5422, 48.5663], [2.5423, 48.5662], [2.5423, 48.5661], [2.5424, 48.5659], [2.5424, 48.5658], [2.5425, 48.5656], [2.5426, 48.5654], [2.5426, 48.5652], [2.5426, 48.5651], [2.5427, 48.5649], [2.5427, 48.5647], [2.5427, 48.5645], [2.5427, 48.5644], [2.5427, 48.5642], [2.5427, 48.5641], [2.5426, 48.5639], [2.5426, 48.5638], [2.5426, 48.5636], [2.5425, 48.5634], [2.5425, 48.5632], [2.5424, 48.563], [2.5423, 48.5628], [2.5422, 48.5627], [2.5422, 48.5625], [2.5421, 48.5624], [2.5419, 48.5622], [2.5419, 48.5621], [2.5417, 48.5619], [2.5415, 48.5617], [2.5413, 48.5615], [2.5412, 48.5614], [2.541, 48.5612], [2.5408, 48.561], [2.5405, 48.5608], [2.5401, 48.5605], [2.5381, 48.5592], [2.5368, 48.5583], [2.5362, 48.5579], [2.5359, 48.5577], [2.5356, 48.5575], [2.5353, 48.5573], [2.5351, 48.5571], [2.5349, 48.5569], [2.5347, 48.5568], [2.5344, 48.5565], [2.5341, 48.5563], [2.5334, 48.5558], [2.5328, 48.5552], [2.5317, 48.5544], [2.5308, 48.5537], [2.5303, 48.5533], [2.5301, 48.5531], [2.5299, 48.5529], [2.5297, 48.5527], [2.5295, 48.5525], [2.5292, 48.5522], [2.5291, 48.552], [2.529, 48.5518], [2.5289, 48.5517], [2.5288, 48.5515], [2.5287, 48.5513], [2.5286, 48.5512], [2.5285, 48.551], [2.5285, 48.5508], [2.5284, 48.5507], [2.5284, 48.5505], [2.5284, 48.5503], [2.5283, 48.5497], [2.5283, 48.5491], [2.5282, 48.5478], [2.5281, 48.5471], [2.5281, 48.5467], [2.5281, 48.5465], [2.5281, 48.5463], [2.5281, 48.5462], [2.5281, 48.546], [2.5282, 48.5459], [2.5282, 48.5458], [2.5282, 48.5456], [2.5283, 48.5455], [2.5283, 48.5453], [2.5284, 48.5451], [2.5285, 48.5449], [2.5286, 48.5447], [2.5288, 48.5445]], [[2.5288, 48.5445], [2.5289, 48.5443], [2.529, 48.5441], [2.5292, 48.5439], [2.5293, 48.5437], [2.5296, 48.5432], [2.5299, 48.543], [2.5301, 48.5427], [2.5303, 48.5425], [2.5305, 48.5423], [2.5309, 48.5419], [2.5314, 48.5415], [2.5317, 48.5412], [2.5321, 48.5408], [2.5323, 48.5407], [2.5324, 48.5405], [2.5326, 48.5404], [2.5327, 48.5403], [2.5329, 48.5402], [2.5331, 48.54], [2.5333, 48.5399], [2.5335, 48.5398], [2.5337, 48.5397], [2.5341, 48.5395], [2.5344, 48.5394], [2.5354, 48.5389], [2.5372, 48.538], [2.5385, 48.5374], [2.5389, 48.5372], [2.5394, 48.537], [2.5399, 48.5367], [2.5405, 48.5365], [2.5412, 48.5362], [2.542, 48.5359], [2.5426, 48.5357], [2.5432, 48.5355], [2.5441, 48.5353], [2.545, 48.535]], [[2.545, 48.535], [2.5456, 48.5348], [2.5462, 48.5347], [2.5464, 48.5347]], [[2.5464, 48.5347], [2.5465, 48.5347]], [[2.5465, 48.5347], [2.5469, 48.5346], [2.5475, 48.5345], [2.5479, 48.5344], [2.5483, 48.5343], [2.5491, 48.5342], [2.55, 48.5341]], [[2.55, 48.5341], [2.5509, 48.534]], [[2.5509, 48.534], [2.5516, 48.5339], [2.5553, 48.5334], [2.559, 48.5329], [2.5605, 48.5328], [2.5613, 48.5326]], [[2.5614, 48.5326], [2.562, 48.5325], [2.5624, 48.5325], [2.563, 48.5324], [2.5634, 48.5323], [2.5638, 48.5322], [2.5647, 48.532], [2.5654, 48.5319], [2.5659, 48.5318], [2.5664, 48.5316], [2.5672, 48.5314], [2.5678, 48.5313], [2.5683, 48.5311], [2.5687, 48.531], [2.5692, 48.5308], [2.5698, 48.5306], [2.5703, 48.5305], [2.5707, 48.5303], [2.571, 48.5302], [2.5714, 48.5301], [2.5717, 48.5299], [2.5724, 48.5296], [2.573, 48.5294], [2.5734, 48.5292], [2.5745, 48.5287], [2.5756, 48.5282], [2.5761, 48.528], [2.5766, 48.5278], [2.5771, 48.5275], [2.5776, 48.5273], [2.5781, 48.527], [2.5786, 48.5267], [2.5795, 48.5261], [2.58, 48.5258]], [[2.58, 48.5258], [2.5805, 48.5255], [2.5811, 48.5251], [2.5814, 48.5249], [2.5816, 48.5248], [2.5819, 48.5246], [2.5823, 48.5243], [2.5826, 48.5241], [2.583, 48.5238], [2.5836, 48.5233], [2.5842, 48.5227], [2.5846, 48.5222], [2.5851, 48.5218], [2.5855, 48.5213], [2.5858, 48.521], [2.586, 48.5208], [2.5862, 48.5206], [2.5864, 48.5204], [2.5867, 48.5202], [2.5869, 48.52], [2.5872, 48.5198], [2.5876, 48.5195], [2.5879, 48.5193], [2.5883, 48.519], [2.5899, 48.5181], [2.5911, 48.5174], [2.5916, 48.5171], [2.592, 48.5169], [2.5923, 48.5167], [2.5925, 48.5166], [2.5927, 48.5165], [2.593, 48.5164], [2.5934, 48.5163], [2.5937, 48.5161], [2.5939, 48.5161], [2.5942, 48.516], [2.5948, 48.5159], [2.5953, 48.5157], [2.5958, 48.5156], [2.5962, 48.5155], [2.5966, 48.5154], [2.5969, 48.5154], [2.5972, 48.5153], [2.5975, 48.5153], [2.5978, 48.5153], [2.5982, 48.5152], [2.5984, 48.5152], [2.5988, 48.5152], [2.5991, 48.5152], [2.6011, 48.5151], [2.6019, 48.5151], [2.6024, 48.5151], [2.6026, 48.5151], [2.6028, 48.5151], [2.603, 48.5151], [2.6032, 48.5151], [2.6035, 48.5151], [2.6038, 48.5151], [2.6042, 48.5152]], [[2.6042, 48.5152], [2.6046, 48.5152], [2.605, 48.5153], [2.6053, 48.5153], [2.606, 48.5154], [2.6068, 48.5155], [2.6079, 48.5157]], [[2.6079, 48.5157], [2.608, 48.5157]], [[2.608, 48.5157], [2.6092, 48.5159]], [[2.6092, 48.5159], [2.6093, 48.5159]], [[2.6093, 48.5159], [2.6105, 48.5161], [2.6121, 48.5163], [2.6128, 48.5165], [2.6133, 48.5165], [2.6136, 48.5166], [2.614, 48.5166], [2.6143, 48.5167], [2.6147, 48.5168], [2.615, 48.5169], [2.6154, 48.517], [2.6157, 48.517], [2.616, 48.5171], [2.6164, 48.5172], [2.6167, 48.5173], [2.617, 48.5175], [2.6173, 48.5176], [2.6176, 48.5177], [2.6179, 48.5178], [2.6185, 48.518], [2.6189, 48.5182], [2.6201, 48.5187], [2.6214, 48.5193], [2.6235, 48.5202], [2.6243, 48.5206], [2.625, 48.5209], [2.6254, 48.521], [2.6257, 48.5211], [2.626, 48.5213], [2.6263, 48.5214], [2.6267, 48.5215], [2.627, 48.5216], [2.6273, 48.5217], [2.6276, 48.5218], [2.6279, 48.5219], [2.6283, 48.522], [2.6286, 48.5221], [2.629, 48.5222], [2.6294, 48.5222], [2.6298, 48.5223], [2.6301, 48.5224], [2.6304, 48.5224], [2.6311, 48.5225], [2.6321, 48.5227], [2.6328, 48.5228], [2.6335, 48.5229], [2.6353, 48.5231], [2.6364, 48.5233], [2.6369, 48.5234], [2.6372, 48.5234], [2.6374, 48.5235], [2.6377, 48.5235], [2.638, 48.5236], [2.6383, 48.5237], [2.6386, 48.5237], [2.639, 48.5238], [2.6393, 48.5239], [2.6395, 48.524], [2.6399, 48.5242], [2.6403, 48.5243], [2.6408, 48.5245], [2.6413, 48.5247], [2.6416, 48.5248], [2.642, 48.525], [2.6423, 48.5251], [2.6424, 48.5252], [2.6427, 48.5253], [2.6428, 48.5254], [2.643, 48.5255], [2.6432, 48.5257], [2.6434, 48.5258], [2.6435, 48.5259], [2.6438, 48.5261], [2.6441, 48.5263]], [[2.6441, 48.5263], [2.6443, 48.5265], [2.6445, 48.5267], [2.6447, 48.5268], [2.6449, 48.5269], [2.645, 48.527], [2.6452, 48.5271], [2.6454, 48.5272], [2.6456, 48.5273], [2.6457, 48.5274], [2.6459, 48.5275]], [[2.6459, 48.5275], [2.6462, 48.5276]], [[2.6462, 48.5276], [2.6464, 48.5277], [2.6466, 48.5277], [2.6467, 48.5278], [2.6469, 48.5279], [2.6471, 48.5279], [2.6473, 48.528], [2.6474, 48.528], [2.6475, 48.528], [2.6477, 48.5281], [2.6478, 48.5281], [2.648, 48.5281], [2.6482, 48.5282], [2.6484, 48.5282], [2.6486, 48.5282], [2.6487, 48.5282], [2.6489, 48.5282], [2.649, 48.5282], [2.6492, 48.5283], [2.6493, 48.5283], [2.6495, 48.5283], [2.6497, 48.5282], [2.6499, 48.5282], [2.6501, 48.5282], [2.6504, 48.5282], [2.6506, 48.5281], [2.6508, 48.5281], [2.651, 48.5281], [2.6515, 48.528], [2.652, 48.5279], [2.6523, 48.5278], [2.6535, 48.5275]], [[2.6535, 48.5275], [2.6538, 48.5275]], [[2.6538, 48.5275], [2.6542, 48.5274], [2.6547, 48.5273], [2.6549, 48.5272], [2.6551, 48.5272]]]}, "properties": {"ref": "D", "opened_year": 1987, "is_central_tunnel": false, "segment_count": 671}}, {"type": "Feature", "geometry": {"type": "MultiLineString", "coordinates": [[[2.3796, 48.8411], [2.3791, 48.8412], [2.3788, 48.8413], [2.3785, 48.8414], [2.3781, 48.8415], [2.3777, 48.8416]], [[2.3777, 48.8416], [2.3772, 48.8418], [2.3768, 48.842], [2.3761, 48.8423]], [[2.3761, 48.8423], [2.3759, 48.8425], [2.3753, 48.8428], [2.3747, 48.8431], [2.3744, 48.8433], [2.3742, 48.8434], [2.3734, 48.8438]], [[2.3734, 48.8438], [2.3728, 48.8442], [2.3725, 48.8444], [2.3721, 48.8446], [2.372, 48.8447], [2.3707, 48.8458]], [[2.3707, 48.8458], [2.3703, 48.8461]], [[2.3703, 48.8461], [2.3696, 48.8466]], [[2.3696, 48.8466], [2.3689, 48.8471], [2.3677, 48.8481]], [[2.3677, 48.8481], [2.3666, 48.8489]], [[2.3666, 48.8489], [2.3651, 48.85], [2.3634, 48.8514], [2.3624, 48.852], [2.3616, 48.8525], [2.3609, 48.853], [2.3601, 48.8535], [2.3592, 48.8539], [2.3583, 48.8542], [2.3568, 48.8547], [2.3557, 48.8551], [2.354, 48.8557], [2.3525, 48.8561], [2.3511, 48.8565]], [[2.3511, 48.8565], [2.3503, 48.8569], [2.3499, 48.8572], [2.3494, 48.8575], [2.349, 48.8579]], [[2.349, 48.8579], [2.3487, 48.8582], [2.3484, 48.8585], [2.3483, 48.8586]], [[2.3483, 48.8586], [2.3479, 48.8592], [2.3477, 48.8596]], [[2.3477, 48.8596], [2.3476, 48.8598], [2.3475, 48.8602], [2.3468, 48.8617], [2.3464, 48.8628], [2.3464, 48.8629]], [[2.3464, 48.8629], [2.3459, 48.864]], [[2.3459, 48.864], [2.3458, 48.8643], [2.3456, 48.865], [2.3454, 48.866]], [[2.3454, 48.866], [2.3454, 48.8665], [2.3453, 48.8669], [2.3453, 48.8674], [2.3454, 48.8677], [2.3454, 48.8679]], [[2.3454, 48.8679], [2.3455, 48.8683], [2.3456, 48.8686], [2.3457, 48.869], [2.3459, 48.8693], [2.3461, 48.8697], [2.3498, 48.8749]], [[2.3498, 48.8749], [2.3501, 48.8752], [2.3504, 48.8755], [2.3507, 48.8758], [2.3512, 48.8761]], [[2.3512, 48.8761], [2.3519, 48.8765]], [[2.3519, 48.8765], [2.353, 48.8771], [2.3536, 48.8774]], [[2.3536, 48.8774], [2.3542, 48.8779], [2.3547, 48.8783], [2.3563, 48.8801]], [[2.3563, 48.8801], [2.3566, 48.8803], [2.3567, 48.8806]], [[2.3567, 48.8806], [2.3568, 48.8807], [2.3569, 48.8809], [2.3571, 48.8815]], [[2.3571, 48.8815], [2.3573, 48.8817], [2.3574, 48.882], [2.3574, 48.8821], [2.3575, 48.8823], [2.3575, 48.8824], [2.3576, 48.8826], [2.3576, 48.8828], [2.3577, 48.8829], [2.3577, 48.8831]], [[2.3577, 48.8831], [2.3577, 48.8834], [2.3578, 48.8838], [2.3578, 48.8843], [2.3578, 48.8845], [2.3579, 48.8847], [2.3579, 48.8864]], [[2.358, 48.8864], [2.358, 48.8858], [2.358, 48.8857], [2.358, 48.8852], [2.358, 48.8845], [2.358, 48.8843], [2.358, 48.8836]], [[2.358, 48.8836], [2.358, 48.8831]], [[2.358, 48.8831], [2.358, 48.883], [2.358, 48.8828], [2.3578, 48.8823], [2.3578, 48.8821], [2.3577, 48.882], [2.3577, 48.8819], [2.3575, 48.8814]], [[2.3575, 48.8814], [2.3572, 48.8808], [2.3572, 48.8807], [2.3571, 48.8805]], [[2.3571, 48.8805], [2.3569, 48.8803], [2.3568, 48.8802], [2.3567, 48.8801], [2.3566, 48.88]], [[2.3566, 48.88], [2.3562, 48.8796], [2.3555, 48.8789], [2.3548, 48.8783], [2.3542, 48.8778], [2.3536, 48.8774]], [[2.3536, 48.8774], [2.3531, 48.8771], [2.3519, 48.8764]], [[2.3519, 48.8764], [2.3512, 48.876]], [[2.3512, 48.876], [2.3508, 48.8757], [2.3505, 48.8755], [2.3501, 48.8752], [2.3498, 48.8749], [2.3462, 48.8697], [2.346, 48.8693], [2.3458, 48.8689], [2.3457, 48.8686], [2.3456, 48.8682], [2.3455, 48.8679]], [[2.3455, 48.8679], [2.3454, 48.8677], [2.3454, 48.8674], [2.3454, 48.8669], [2.3454, 48.8665], [2.3455, 48.866]], [[2.3455, 48.866], [2.3456, 48.8656], [2.3461, 48.8642]], [[2.3461, 48.8642], [2.3464, 48.8636], [2.3467, 48.8629], [2.3468, 48.8625]], [[2.3468, 48.8625], [2.3476, 48.8607], [2.3478, 48.8602], [2.348, 48.8599]], [[2.348, 48.8599], [2.3481, 48.8598], [2.3482, 48.8595], [2.3484, 48.8591], [2.3485, 48.8591]], [[2.3485, 48.8591], [2.3486, 48.8588], [2.3489, 48.8584], [2.3492, 48.858]], [[2.3492, 48.858], [2.3498, 48.8573], [2.3504, 48.857], [2.3512, 48.8566]], [[2.3512, 48.8566], [2.3515, 48.8565], [2.354, 48.8557], [2.3557, 48.8552], [2.3565, 48.8549], [2.3569, 48.8548], [2.3583, 48.8543], [2.3593, 48.854], [2.3601, 48.8536], [2.3609, 48.8532], [2.3616, 48.8528], [2.3622, 48.8523], [2.3636, 48.8513], [2.3652, 48.8502], [2.3665, 48.8491]], [[2.3665, 48.8491], [2.3677, 48.8482]], [[2.3677, 48.8482], [2.3697, 48.8466]], [[2.3697, 48.8466], [2.3703, 48.8461]], [[2.3703, 48.8461], [2.3725, 48.8448], [2.3726, 48.8447], [2.3733, 48.8443], [2.3738, 48.8441]], [[2.3738, 48.8441], [2.3745, 48.8437], [2.3746, 48.8436], [2.3763, 48.8427]], [[2.3763, 48.8427], [2.3769, 48.8423], [2.3775, 48.842], [2.3776, 48.8419], [2.3777, 48.8418], [2.3779, 48.8418], [2.3783, 48.8416]], [[2.3783, 48.8416], [2.3785, 48.8416], [2.3786, 48.8415], [2.3788, 48.8415], [2.379, 48.8414], [2.3791, 48.8414], [2.3794, 48.8413], [2.3797, 48.8412]]]}, "properties": {"ref": "D", "opened_year": 1987, "is_central_tunnel": true, "segment_count": 49}}, {"type": "Feature", "geometry": {"type": "MultiLineString", "coordinates": [[[2.225, 48.8977], [2.2252, 48.8977], [2.227, 48.8976], [2.2281, 48.8975]], [[2.2281, 48.8975], [2.2287, 48.8974], [2.2291, 48.8974], [2.2299, 48.8973], [2.2304, 48.8973], [2.2306, 48.8973], [2.2307, 48.8972], [2.2311, 48.8972], [2.2312, 48.8971], [2.2314, 48.8971], [2.2317, 48.897], [2.232, 48.8969], [2.2323, 48.8968], [2.2326, 48.8967]], [[2.2326, 48.8967], [2.2328, 48.8966]], [[2.2328, 48.8966], [2.2333, 48.8964], [2.2336, 48.8962], [2.234, 48.8959], [2.2344, 48.8956], [2.2347, 48.8954], [2.2352, 48.8949], [2.2355, 48.8946], [2.2359, 48.8943], [2.2362, 48.8941], [2.2363, 48.894], [2.2365, 48.8938], [2.2368, 48.8937], [2.237, 48.8936], [2.2372, 48.8935], [2.2381, 48.8932]], [[2.2381, 48.8932], [2.2395, 48.8928], [2.2409, 48.8923]], [[2.2409, 48.8923], [2.2413, 48.8922], [2.2415, 48.8922], [2.2417, 48.8921], [2.2419, 48.8921], [2.2421, 48.892], [2.2423, 48.892], [2.2425, 48.892], [2.2428, 48.892], [2.243, 48.892], [2.2432, 48.892], [2.2434, 48.892], [2.2436, 48.8921], [2.2438, 48.8921], [2.244, 48.8922], [2.2442, 48.8922], [2.2444, 48.8923], [2.2451, 48.8926]], [[2.2451, 48.8926], [2.247, 48.8934], [2.2475, 48.8935], [2.248, 48.8936], [2.2485, 48.8937], [2.249, 48.8938], [2.2495, 48.8938], [2.25, 48.8938], [2.2506, 48.8937], [2.2511, 48.8936], [2.2516, 48.8935], [2.252, 48.8934], [2.2525, 48.8932], [2.2529, 48.8929], [2.2532, 48.8927]], [[2.2532, 48.8927], [2.2534, 48.8925], [2.2557, 48.8905], [2.256, 48.8902], [2.2582, 48.8888], [2.2593, 48.8882], [2.26, 48.8876], [2.2637, 48.8846], [2.264, 48.8843], [2.2646, 48.8839], [2.2652, 48.8836], [2.2659, 48.8833], [2.2666, 48.883], [2.2673, 48.8828], [2.276, 48.88], [2.2765, 48.8799], [2.2774, 48.8796]], [[2.2774, 48.8796], [2.2781, 48.8794], [2.2805, 48.8787], [2.2813, 48.8785]], [[2.2813, 48.8785], [2.2824, 48.8781], [2.2834, 48.8778], [2.2844, 48.8775]], [[2.3335, 48.8749], [2.334, 48.8749]], [[2.334, 48.8749], [2.3346, 48.8749], [2.3355, 48.8749], [2.3413, 48.875], [2.3419, 48.875], [2.3511, 48.876]], [[2.3624, 48.8848], [2.3631, 48.8853], [2.3636, 48.8858], [2.3643, 48.8866], [2.3646, 48.887], [2.3649, 48.8874], [2.365, 48.8876], [2.3652, 48.8879], [2.3653, 48.8881], [2.3655, 48.8885], [2.3657, 48.8889]], [[2.3657, 48.8889], [2.3659, 48.8893], [2.3661, 48.8896]], [[2.3661, 48.8896], [2.3667, 48.8905], [2.367, 48.891], [2.3672, 48.8913], [2.3675, 48.8918]], [[2.3675, 48.8918], [2.3677, 48.8922], [2.3678, 48.8924], [2.368, 48.8926], [2.3682, 48.8929], [2.3683, 48.893], [2.3684, 48.8932], [2.3687, 48.8935], [2.3689, 48.8936], [2.3692, 48.8939], [2.3695, 48.8942], [2.3696, 48.8943], [2.3697, 48.8944], [2.37, 48.8946], [2.3702, 48.8947], [2.3704, 48.8949], [2.3706, 48.895], [2.3707, 48.8951], [2.371, 48.8953]], [[2.371, 48.8953], [2.3715, 48.8955]], [[2.3715, 48.8955], [2.3717, 48.8956], [2.3719, 48.8957]], [[2.3719, 48.8957], [2.3723, 48.8959], [2.3729, 48.8962], [2.3735, 48.8964], [2.374, 48.8966], [2.3745, 48.8967], [2.375, 48.8968], [2.3754, 48.8969]], [[2.3754, 48.8969], [2.3757, 48.897], [2.376, 48.8971], [2.3766, 48.8972], [2.377, 48.8973]], [[2.377, 48.8973], [2.3772, 48.8973], [2.3776, 48.8974], [2.3781, 48.8975], [2.3786, 48.8975], [2.379, 48.8976]], [[2.379, 48.8976], [2.3792, 48.8976], [2.38, 48.8976], [2.3805, 48.8976], [2.3822, 48.8977]], [[2.3822, 48.8977], [2.3833, 48.8978]], [[2.3833, 48.8978], [2.3842, 48.8978], [2.3847, 48.8978], [2.3853, 48.8978]], [[2.3853, 48.8978], [2.3863, 48.8978]], [[2.3863, 48.8978], [2.3875, 48.8978]], [[2.3875, 48.8978], [2.3881, 48.8978], [2.3888, 48.8978], [2.3904, 48.8978], [2.3916, 48.8978], [2.3926, 48.8978], [2.3935, 48.8978], [2.3941, 48.8978], [2.3955, 48.8979], [2.3965, 48.8979], [2.3972, 48.8979], [2.3979, 48.8979], [2.3985, 48.8979], [2.3991, 48.8979], [2.3996, 48.898], [2.3998, 48.898], [2.4007, 48.898], [2.4013, 48.8981], [2.4024, 48.8982], [2.4029, 48.8982], [2.4034, 48.8983], [2.4043, 48.8983], [2.4047, 48.8984], [2.4051, 48.8984], [2.4055, 48.8984], [2.4059, 48.8985], [2.4062, 48.8985], [2.4066, 48.8985]], [[2.4066, 48.8985], [2.4074, 48.8985]], [[2.4074, 48.8985], [2.4076, 48.8985], [2.4079, 48.8985], [2.4085, 48.8985], [2.4093, 48.8985], [2.4099, 48.8985], [2.4105, 48.8985], [2.4119, 48.8985], [2.413, 48.8985], [2.4135, 48.8985], [2.414, 48.8985], [2.4147, 48.8986]], [[2.4147, 48.8986], [2.4155, 48.8986]], [[2.4155, 48.8986], [2.4162, 48.8987]], [[2.4162, 48.8987], [2.4181, 48.8988]], [[2.4181, 48.8988], [2.4184, 48.8988], [2.4187, 48.8988], [2.4191, 48.8988]], [[2.4191, 48.8988], [2.4197, 48.8989], [2.42, 48.8989], [2.4203, 48.8989], [2.421, 48.8989], [2.4238, 48.8989]], [[2.4238, 48.8989], [2.4247, 48.8989], [2.4257, 48.899], [2.4266, 48.899], [2.4274, 48.899], [2.4279, 48.899], [2.4283, 48.8991], [2.4292, 48.8991]], [[2.4292, 48.8991], [2.4299, 48.8991], [2.4301, 48.8991], [2.4304, 48.8991], [2.4306, 48.8991], [2.4308, 48.8991], [2.4311, 48.8991], [2.4313, 48.8991], [2.4315, 48.8991], [2.4317, 48.899], [2.4319, 48.899], [2.4321, 48.899], [2.4323, 48.899], [2.4326, 48.8989]], [[2.4326, 48.8989], [2.4328, 48.8989], [2.433, 48.8988], [2.4333, 48.8988], [2.4336, 48.8987], [2.434, 48.8986], [2.4343, 48.8985], [2.4346, 48.8984], [2.4348, 48.8984], [2.4352, 48.8982]], [[2.4352, 48.8982], [2.4356, 48.8981]], [[2.4356, 48.8981], [2.436, 48.898], [2.4368, 48.8977], [2.4375, 48.8975], [2.4378, 48.8974], [2.4381, 48.8973], [2.4385, 48.8972], [2.4389, 48.8971], [2.4391, 48.897], [2.4393, 48.8969], [2.4395, 48.8969], [2.4397, 48.8968], [2.44, 48.8967], [2.4403, 48.8967], [2.4405, 48.8966], [2.4409, 48.8966], [2.4413, 48.8965], [2.4416, 48.8965], [2.4418, 48.8965], [2.4421, 48.8965], [2.4425, 48.8964], [2.4428, 48.8964], [2.4432, 48.8964], [2.4436, 48.8964], [2.4448, 48.8964], [2.4457, 48.8964], [2.446, 48.8964], [2.4462, 48.8964], [2.4464, 48.8964], [2.4467, 48.8964], [2.447, 48.8964], [2.4473, 48.8964], [2.4477, 48.8965], [2.4479, 48.8965], [2.4484, 48.8965], [2.4491, 48.8965], [2.4493, 48.8966], [2.4496, 48.8966], [2.4498, 48.8966], [2.4501, 48.8966], [2.4506, 48.8966], [2.4513, 48.8966], [2.4518, 48.8967]], [[2.4518, 48.8967], [2.4524, 48.8967], [2.4534, 48.8967], [2.454, 48.8967], [2.4543, 48.8968], [2.4547, 48.8968], [2.4553, 48.8968], [2.4557, 48.8968], [2.456, 48.8968], [2.4566, 48.8969], [2.4569, 48.8969], [2.4571, 48.8969], [2.4573, 48.8969], [2.4574, 48.8969], [2.4577, 48.8969], [2.4579, 48.8969], [2.4583, 48.8969], [2.4587, 48.8969], [2.459, 48.8969], [2.4592, 48.8969], [2.4593, 48.8969], [2.4595, 48.8969], [2.4599, 48.8969], [2.4602, 48.8968], [2.4604, 48.8968], [2.4607, 48.8968], [2.4611, 48.8968], [2.4616, 48.8967], [2.4622, 48.8966], [2.4627, 48.8966], [2.4633, 48.8965], [2.4638, 48.8964], [2.4643, 48.8963], [2.4648, 48.8963], [2.4675, 48.8959], [2.4691, 48.8956]], [[2.4691, 48.8956], [2.47, 48.8955], [2.4714, 48.8953], [2.4724, 48.8951]], [[2.4724, 48.8951], [2.4726, 48.8951]], [[2.4726, 48.8951], [2.4742, 48.8949], [2.4748, 48.8948], [2.4749, 48.8948], [2.4758, 48.8946], [2.4765, 48.8945], [2.4771, 48.8944], [2.4777, 48.8943], [2.4783, 48.8942], [2.4794, 48.8941], [2.4813, 48.8938]], [[2.4813, 48.8938], [2.4818, 48.8937], [2.4829, 48.8936], [2.4839, 48.8935], [2.4848, 48.8933], [2.4854, 48.8933], [2.4874, 48.893], [2.4882, 48.8929], [2.4893, 48.8927], [2.4921, 48.8923], [2.4925, 48.8923], [2.4944, 48.892]], [[2.4944, 48.892], [2.4966, 48.8917], [2.4971, 48.8916], [2.4997, 48.8913], [2.501, 48.8911], [2.5016, 48.891], [2.5024, 48.8909], [2.503, 48.8908], [2.5043, 48.8907], [2.5056, 48.8905]], [[2.5056, 48.8905], [2.5057, 48.8905]], [[2.5057, 48.8905], [2.5066, 48.8903], [2.507, 48.8903], [2.5076, 48.8902], [2.5082, 48.8901], [2.5087, 48.89], [2.5092, 48.8899], [2.5098, 48.8898], [2.5103, 48.8897], [2.5108, 48.8897], [2.5111, 48.8896]], [[2.5111, 48.8896], [2.5115, 48.8895], [2.5117, 48.8895]], [[2.5117, 48.8895], [2.5119, 48.8894], [2.5122, 48.8893], [2.5124, 48.8892], [2.5126, 48.8892], [2.5129, 48.8891], [2.5131, 48.889], [2.5133, 48.8889], [2.5136, 48.8888], [2.514, 48.8886], [2.5146, 48.8883], [2.5147, 48.8883]], [[2.5147, 48.8883], [2.5148, 48.8883], [2.5157, 48.8879], [2.517, 48.8873]], [[2.517, 48.8873], [2.5171, 48.8873]], [[2.5171, 48.8873], [2.5177, 48.8871], [2.5183, 48.8868], [2.5189, 48.8865], [2.5202, 48.886], [2.5209, 48.8857], [2.5211, 48.8856]], [[2.5211, 48.8856], [2.5212, 48.8856]], [[2.5212, 48.8856], [2.5213, 48.8855], [2.5215, 48.8854], [2.5223, 48.8851], [2.5231, 48.8848], [2.5235, 48.8846], [2.5247, 48.8841], [2.5255, 48.8838], [2.5273, 48.8831]], [[2.5273, 48.8831], [2.5275, 48.883]], [[2.5275, 48.883], [2.5278, 48.8829]], [[2.5278, 48.8829], [2.5282, 48.8827], [2.5285, 48.8826], [2.5296, 48.8821], [2.531, 48.8816], [2.5313, 48.8815]], [[2.5313, 48.8815], [2.5319, 48.8812], [2.5328, 48.8808], [2.5332, 48.8806], [2.5335, 48.8805], [2.5339, 48.8804], [2.5341, 48.8803]], [[2.5341, 48.8803], [2.5342, 48.8803]], [[2.5342, 48.8803], [2.5346, 48.8801], [2.5349, 48.88], [2.5353, 48.8799], [2.5356, 48.8798], [2.5361, 48.8797], [2.5364, 48.8796], [2.537, 48.8794], [2.5377, 48.8792], [2.5379, 48.8792], [2.5382, 48.8791], [2.5388, 48.879]], [[2.5388, 48.879], [2.5393, 48.8789]], [[2.5393, 48.8789], [2.5399, 48.8787], [2.5404, 48.8786], [2.5407, 48.8786], [2.541, 48.8785], [2.5414, 48.8785], [2.5417, 48.8784], [2.5422, 48.8783], [2.5427, 48.8783], [2.543, 48.8782], [2.5437, 48.8781], [2.5443, 48.8781], [2.5447, 48.878], [2.5454, 48.878], [2.5467, 48.8778], [2.547, 48.8778], [2.5475, 48.8778], [2.548, 48.8777], [2.549, 48.8776], [2.55, 48.8775], [2.5507, 48.8775], [2.5513, 48.8774], [2.5515, 48.8774], [2.552, 48.8773], [2.5524, 48.8773], [2.5532, 48.8772], [2.5537, 48.8772], [2.5543, 48.8771], [2.5547, 48.8771]], [[2.5547, 48.8771], [2.5553, 48.877], [2.556, 48.8769], [2.5566, 48.8769], [2.5572, 48.8768], [2.5579, 48.8767], [2.5599, 48.8765], [2.5615, 48.8764], [2.5634, 48.8762], [2.5647, 48.876], [2.5662, 48.8759], [2.5664, 48.8759], [2.5681, 48.8757], [2.5695, 48.8755]], [[2.5695, 48.8755], [2.5696, 48.8755]], [[2.5696, 48.8755], [2.5706, 48.8754], [2.5716, 48.8753], [2.5741, 48.8751], [2.5752, 48.875], [2.5761, 48.8749], [2.5766, 48.8748]], [[2.5766, 48.8748], [2.5782, 48.8747], [2.5787, 48.8747], [2.5804, 48.8746], [2.5807, 48.8745], [2.5812, 48.8745], [2.5815, 48.8745]], [[2.5815, 48.8745], [2.5818, 48.8744]], [[2.5818, 48.8744], [2.5824, 48.8744], [2.583, 48.8743], [2.5833, 48.8743], [2.5837, 48.8743], [2.5844, 48.8742], [2.5849, 48.8742], [2.5852, 48.8741]], [[2.4162, 48.8987], [2.4175, 48.8987], [2.4181, 48.8987]], [[2.4181, 48.8987], [2.4187, 48.8987], [2.4196, 48.8987], [2.4212, 48.8987], [2.4213, 48.8987], [2.4221, 48.8987], [2.4238, 48.8988], [2.4249, 48.8988], [2.4262, 48.8989], [2.4285, 48.8989], [2.4298, 48.899], [2.4302, 48.899], [2.4304, 48.899], [2.4306, 48.899], [2.4308, 48.899], [2.431, 48.8989], [2.4313, 48.8989], [2.4315, 48.8989], [2.4318, 48.8989], [2.432, 48.8989], [2.4321, 48.8989], [2.4325, 48.8988]], [[2.4325, 48.8988], [2.4327, 48.8988], [2.4329, 48.8987], [2.433, 48.8987], [2.4333, 48.8987], [2.4337, 48.8986], [2.434, 48.8985], [2.4342, 48.8985], [2.4345, 48.8984], [2.4347, 48.8983], [2.435, 48.8982]], [[2.435, 48.8982], [2.4354, 48.8981]], [[2.4354, 48.8981], [2.4361, 48.8979], [2.4364, 48.8978], [2.4367, 48.8977], [2.4374, 48.8974], [2.4382, 48.8972], [2.4388, 48.897], [2.4391, 48.8969], [2.4394, 48.8968], [2.4397, 48.8967], [2.44, 48.8967], [2.4403, 48.8966], [2.4406, 48.8966], [2.4408, 48.8965], [2.4411, 48.8965], [2.4415, 48.8964], [2.4418, 48.8964], [2.4422, 48.8964], [2.4424, 48.8964], [2.4428, 48.8964], [2.4432, 48.8963], [2.4437, 48.8963], [2.445, 48.8963], [2.4457, 48.8963], [2.446, 48.8963], [2.4462, 48.8963], [2.4465, 48.8963], [2.4467, 48.8963], [2.447, 48.8963], [2.4473, 48.8964], [2.4477, 48.8964], [2.4479, 48.8964], [2.4484, 48.8964], [2.4489, 48.8964], [2.4493, 48.8965], [2.4497, 48.8965], [2.45, 48.8965], [2.4508, 48.8965], [2.451, 48.8965], [2.4514, 48.8966], [2.4519, 48.8966], [2.4529, 48.8966], [2.4545, 48.8967]], [[2.4545, 48.8967], [2.4557, 48.8967]], [[2.4557, 48.8967], [2.4558, 48.8967], [2.4559, 48.8967], [2.4566, 48.8967], [2.4567, 48.8968], [2.457, 48.8968], [2.4572, 48.8968], [2.4575, 48.8968], [2.4578, 48.8968], [2.4583, 48.8968], [2.4587, 48.8968], [2.4591, 48.8968], [2.4593, 48.8968], [2.4596, 48.8968], [2.4598, 48.8968], [2.46, 48.8967], [2.4602, 48.8967], [2.4604, 48.8967], [2.4605, 48.8967], [2.4607, 48.8967], [2.461, 48.8967], [2.4612, 48.8967], [2.4614, 48.8967], [2.4616, 48.8966], [2.4618, 48.8966], [2.4619, 48.8966], [2.4622, 48.8966], [2.4628, 48.8965], [2.4634, 48.8964]], [[2.4634, 48.8964], [2.4639, 48.8963], [2.4644, 48.8962], [2.4648, 48.8962], [2.4652, 48.8961], [2.4655, 48.896], [2.4657, 48.896], [2.4659, 48.896], [2.4662, 48.8959], [2.4664, 48.8958], [2.4666, 48.8958], [2.4669, 48.8957], [2.4671, 48.8957], [2.4673, 48.8956], [2.4675, 48.8955], [2.4677, 48.8955], [2.4679, 48.8954], [2.4681, 48.8953], [2.4683, 48.8953], [2.4685, 48.8952], [2.4686, 48.8951], [2.4688, 48.8951], [2.469, 48.895], [2.4692, 48.8949], [2.4693, 48.8949], [2.4694, 48.8948], [2.4696, 48.8947], [2.4698, 48.8946], [2.4701, 48.8944]], [[2.4701, 48.8944], [2.4702, 48.8943]], [[2.4702, 48.8943], [2.4703, 48.8943], [2.4705, 48.8942], [2.4707, 48.894], [2.4708, 48.8939], [2.4711, 48.8937], [2.4712, 48.8936], [2.4713, 48.8935], [2.4715, 48.8934], [2.4716, 48.8933], [2.4718, 48.8932], [2.4719, 48.893], [2.4721, 48.8928], [2.4723, 48.8926], [2.4725, 48.8924], [2.4726, 48.8922]], [[2.4726, 48.8922], [2.4728, 48.892], [2.4736, 48.891]], [[2.4736, 48.891], [2.4739, 48.8907], [2.4744, 48.8902], [2.4746, 48.8899], [2.4747, 48.8898], [2.4751, 48.8894], [2.4754, 48.8891], [2.4757, 48.8887], [2.4761, 48.8883], [2.4763, 48.8881], [2.4768, 48.8875], [2.477, 48.8873], [2.4772, 48.8871], [2.4779, 48.8863], [2.4781, 48.8861], [2.4783, 48.8858]], [[2.4783, 48.8858], [2.479, 48.8851], [2.4791, 48.885]], [[2.4791, 48.885], [2.4795, 48.8846], [2.4797, 48.8843], [2.4798, 48.8842], [2.48, 48.884], [2.4802, 48.8838], [2.4805, 48.8835]], [[2.4805, 48.8835], [2.4808, 48.8832], [2.4811, 48.8829], [2.4814, 48.8826], [2.4817, 48.8822], [2.4819, 48.8819], [2.4822, 48.8816], [2.4823, 48.8815], [2.4824, 48.8814], [2.4826, 48.8812]], [[2.4826, 48.8812], [2.4828, 48.8809], [2.483, 48.8806], [2.4833, 48.8804], [2.4835, 48.8801], [2.4837, 48.8799], [2.4839, 48.8797], [2.4842, 48.8794], [2.4843, 48.8792], [2.4844, 48.8791], [2.4845, 48.879], [2.4847, 48.8788], [2.4848, 48.8786], [2.485, 48.8784], [2.485, 48.8783], [2.4851, 48.8782], [2.4852, 48.878], [2.4853, 48.8779], [2.4854, 48.8777], [2.4856, 48.8774], [2.4856, 48.8772], [2.4857, 48.877], [2.4858, 48.8768], [2.4859, 48.8765]], [[2.4859, 48.8765], [2.4859, 48.8764], [2.486, 48.8762], [2.486, 48.8761], [2.4861, 48.8758], [2.4861, 48.8756], [2.4862, 48.8754], [2.4862, 48.8752], [2.4863, 48.875], [2.4863, 48.8748], [2.4863, 48.8747], [2.4863, 48.8745], [2.4863, 48.8743], [2.4863, 48.8741], [2.4863, 48.8739], [2.4863, 48.8737], [2.4863, 48.8733], [2.4863, 48.8729], [2.4862, 48.8725], [2.4862, 48.8722], [2.4862, 48.8719], [2.4861, 48.8714]], [[2.4861, 48.8714], [2.4861, 48.8712], [2.4861, 48.8711], [2.4861, 48.8708], [2.4861, 48.8707], [2.4861, 48.8706], [2.486, 48.8703], [2.4859, 48.8699], [2.4858, 48.8693], [2.4857, 48.8689], [2.4857, 48.8686], [2.4856, 48.8682], [2.4855, 48.8679], [2.4854, 48.8676], [2.4854, 48.8673]], [[2.4854, 48.8673], [2.4854, 48.8672], [2.4853, 48.8671], [2.4853, 48.867], [2.4853, 48.8669], [2.4853, 48.8668], [2.4853, 48.8667], [2.4853, 48.8666], [2.4853, 48.8664], [2.4853, 48.8662], [2.4853, 48.866], [2.4853, 48.8659], [2.4853, 48.8656], [2.4854, 48.8655], [2.4854, 48.8654], [2.4854, 48.8652], [2.4855, 48.865], [2.4855, 48.8649], [2.4855, 48.8648], [2.4856, 48.8647], [2.4856, 48.8644], [2.4859, 48.8636], [2.486, 48.8634], [2.4861, 48.8633], [2.4862, 48.8627], [2.4865, 48.8621], [2.4866, 48.8617], [2.4867, 48.8614], [2.4868, 48.8611], [2.4869, 48.8608]], [[2.4869, 48.8608], [2.4872, 48.8602]], [[2.4872, 48.8602], [2.4873, 48.8596], [2.4875, 48.8591], [2.4877, 48.8585]], [[2.4877, 48.8585], [2.4878, 48.8585], [2.4878, 48.8583]], [[2.4878, 48.8583], [2.4879, 48.858], [2.4881, 48.8575], [2.4882, 48.8572], [2.4884, 48.8568], [2.4885, 48.8566], [2.4886, 48.8561], [2.4888, 48.8558], [2.4889, 48.8555], [2.489, 48.8553], [2.4891, 48.8549], [2.4892, 48.8547], [2.4893, 48.8542], [2.4896, 48.8534], [2.4897, 48.8532], [2.4899, 48.8527]], [[2.4899, 48.8527], [2.49, 48.8524]], [[2.49, 48.8524], [2.4902, 48.8517], [2.4904, 48.8512], [2.4905, 48.8508], [2.4907, 48.8504], [2.4909, 48.8497], [2.491, 48.8495], [2.4912, 48.849], [2.4913, 48.8485], [2.4915, 48.8481], [2.4916, 48.8478], [2.4917, 48.8475], [2.492, 48.8467], [2.4921, 48.8464], [2.4922, 48.8461], [2.4924, 48.8456], [2.4926, 48.845], [2.4928, 48.8445], [2.4929, 48.8444], [2.4931, 48.8439], [2.4932, 48.8437], [2.4933, 48.8433], [2.4935, 48.8429], [2.4935, 48.8426], [2.4936, 48.8424], [2.4937, 48.8421], [2.4938, 48.8417], [2.4939, 48.8415], [2.494, 48.8412], [2.494, 48.8409], [2.4941, 48.8406], [2.4941, 48.8405], [2.4942, 48.8402], [2.4943, 48.8399], [2.4943, 48.8396], [2.4943, 48.8394], [2.4944, 48.8391], [2.4944, 48.8387], [2.4944, 48.8386], [2.4945, 48.8384]], [[2.4945, 48.8384], [2.4945, 48.8383], [2.4945, 48.8381], [2.4945, 48.8379]], [[2.4945, 48.8379], [2.4945, 48.8378], [2.4945, 48.8377], [2.4945, 48.8375], [2.4945, 48.8373], [2.4945, 48.8372], [2.4945, 48.8371], [2.4945, 48.837], [2.4945, 48.8369], [2.4945, 48.8367], [2.4945, 48.8364]], [[2.4945, 48.8364], [2.4946, 48.8363], [2.4946, 48.8362], [2.4946, 48.836], [2.4947, 48.8358], [2.4948, 48.8356], [2.4948, 48.8354], [2.4949, 48.8352], [2.495, 48.835], [2.4951, 48.8348], [2.4952, 48.8346], [2.4953, 48.8345], [2.4953, 48.8344], [2.4954, 48.8342], [2.4955, 48.8342], [2.4957, 48.8338], [2.4959, 48.8335], [2.4961, 48.8332], [2.4963, 48.8329], [2.4965, 48.8325], [2.4967, 48.8323], [2.4967, 48.8322], [2.497, 48.8318], [2.4972, 48.8315], [2.4974, 48.8312], [2.4976, 48.8309], [2.4978, 48.8306], [2.4978, 48.8305], [2.4979, 48.8305], [2.498, 48.8303], [2.4981, 48.8301], [2.4984, 48.8298], [2.4985, 48.8296], [2.4987, 48.8295], [2.4988, 48.8294], [2.4989, 48.8292]], [[2.4989, 48.8292], [2.4991, 48.829]], [[2.4991, 48.829], [2.4994, 48.8288], [2.4995, 48.8287], [2.4996, 48.8286], [2.4997, 48.8285], [2.5, 48.8283], [2.5001, 48.8282], [2.5003, 48.828], [2.5005, 48.8279], [2.5007, 48.8278], [2.501, 48.8276], [2.5012, 48.8274], [2.5014, 48.8273], [2.5016, 48.8272], [2.5018, 48.8271], [2.502, 48.827], [2.5024, 48.8268], [2.5027, 48.8267], [2.503, 48.8266], [2.5033, 48.8264], [2.5035, 48.8263], [2.5036, 48.8263], [2.5037, 48.8263], [2.5041, 48.8261]], [[2.5041, 48.8261], [2.5044, 48.826], [2.5047, 48.8259]], [[2.5047, 48.8259], [2.505, 48.8259], [2.5052, 48.8258], [2.5055, 48.8257], [2.5057, 48.8257], [2.5059, 48.8256], [2.5061, 48.8256], [2.5063, 48.8255], [2.5065, 48.8255], [2.5068, 48.8254], [2.5069, 48.8254], [2.5071, 48.8254], [2.5073, 48.8253], [2.5076, 48.8253], [2.5078, 48.8253], [2.5079, 48.8252], [2.5082, 48.8252], [2.5086, 48.8252], [2.509, 48.8251], [2.5096, 48.8251], [2.5098, 48.8251]], [[2.5098, 48.8251], [2.5101, 48.825]], [[2.5101, 48.825], [2.5116, 48.8249], [2.5139, 48.8247], [2.5145, 48.8246], [2.5159, 48.8245]], [[2.5159, 48.8245], [2.5161, 48.8244]], [[2.5161, 48.8244], [2.5168, 48.8244], [2.5189, 48.8242], [2.5202, 48.8241], [2.5236, 48.8237], [2.53, 48.8231], [2.5309, 48.823]], [[2.5309, 48.823], [2.5323, 48.8229], [2.5325, 48.8229], [2.533, 48.8228]], [[2.533, 48.8228], [2.5333, 48.8228]], [[2.5333, 48.8228], [2.5335, 48.8228], [2.5337, 48.8228], [2.5339, 48.8227], [2.5342, 48.8227], [2.5344, 48.8227], [2.5347, 48.8227], [2.535, 48.8227], [2.5353, 48.8227], [2.5356, 48.8227], [2.5359, 48.8227], [2.5362, 48.8226], [2.5366, 48.8226], [2.5368, 48.8226], [2.5372, 48.8227], [2.5375, 48.8227], [2.5379, 48.8227], [2.5383, 48.8227], [2.5385, 48.8227], [2.5389, 48.8227]], [[2.5389, 48.8227], [2.5393, 48.8228], [2.5399, 48.8228], [2.5402, 48.8229], [2.5404, 48.8229], [2.5406, 48.8229], [2.5409, 48.823]], [[2.5409, 48.823], [2.541, 48.823]], [[2.541, 48.823], [2.5412, 48.823]], [[2.5412, 48.823], [2.5415, 48.8231], [2.5418, 48.8231], [2.5422, 48.8232]], [[2.5422, 48.8232], [2.5425, 48.8232], [2.5429, 48.8233], [2.5432, 48.8234], [2.5437, 48.8235], [2.544, 48.8236], [2.5443, 48.8237], [2.5444, 48.8237]], [[2.5444, 48.8237], [2.5446, 48.8237], [2.5446, 48.8238], [2.5447, 48.8238]], [[2.5447, 48.8238], [2.5448, 48.8238]], [[2.5448, 48.8238], [2.545, 48.8239], [2.5454, 48.824], [2.5456, 48.8241], [2.5457, 48.8241]], [[2.5457, 48.8241], [2.5459, 48.8242], [2.5462, 48.8243], [2.5464, 48.8243]], [[2.5464, 48.8243], [2.5464, 48.8244]], [[2.5464, 48.8244], [2.5466, 48.8244], [2.5469, 48.8245], [2.5475, 48.8248], [2.5483, 48.8251]], [[2.5483, 48.8251], [2.5488, 48.8253], [2.5489, 48.8253]], [[2.5489, 48.8253], [2.5491, 48.8254], [2.5498, 48.8256], [2.5503, 48.8258], [2.551, 48.8261]], [[2.551, 48.8261], [2.5511, 48.8261], [2.5516, 48.8263]], [[2.5516, 48.8263], [2.5522, 48.8266], [2.5524, 48.8266]], [[2.5524, 48.8266], [2.5531, 48.8269], [2.5538, 48.8272], [2.5542, 48.8273], [2.5544, 48.8274], [2.5549, 48.8276], [2.5554, 48.8277], [2.5557, 48.8279], [2.556, 48.8279], [2.5563, 48.828], [2.5566, 48.8281], [2.5568, 48.8282], [2.5571, 48.8282], [2.5575, 48.8283], [2.5578, 48.8284], [2.5582, 48.8285], [2.5585, 48.8285], [2.5589, 48.8286], [2.5592, 48.8287], [2.5598, 48.8287], [2.5601, 48.8288], [2.5604, 48.8288], [2.5607, 48.8288]], [[2.5607, 48.8288], [2.561, 48.8289], [2.5613, 48.8289], [2.5615, 48.8289], [2.5618, 48.8289], [2.562, 48.8289], [2.5623, 48.8289], [2.5625, 48.8289], [2.5628, 48.8289], [2.563, 48.8289], [2.5635, 48.8289], [2.5638, 48.8289], [2.564, 48.8289], [2.5643, 48.8289], [2.5646, 48.8289], [2.5648, 48.8288], [2.5651, 48.8288], [2.5654, 48.8288], [2.5657, 48.8288], [2.5661, 48.8287], [2.5664, 48.8287], [2.5668, 48.8286], [2.5672, 48.8285], [2.5676, 48.8285], [2.5678, 48.8284], [2.5681, 48.8284], [2.5685, 48.8283], [2.5687, 48.8282], [2.5691, 48.8281], [2.5693, 48.828], [2.5695, 48.828], [2.5698, 48.8279], [2.5702, 48.8278], [2.5704, 48.8277], [2.5707, 48.8276], [2.571, 48.8275], [2.5713, 48.8274], [2.5715, 48.8273], [2.5718, 48.8272], [2.5722, 48.827], [2.5728, 48.8267], [2.5734, 48.8264], [2.5742, 48.826], [2.5775, 48.8244], [2.5789, 48.8236], [2.5796, 48.8233]], [[2.5796, 48.8233], [2.5798, 48.8232], [2.5801, 48.8231]], [[2.5801, 48.8231], [2.5817, 48.8222], [2.5822, 48.822], [2.5855, 48.8203], [2.5886, 48.8188], [2.589, 48.8186], [2.5913, 48.8174], [2.5926, 48.8168], [2.5945, 48.8158], [2.5977, 48.8142], [2.5987, 48.8137]], [[2.5987, 48.8137], [2.6003, 48.8129], [2.6018, 48.8122], [2.6023, 48.8119], [2.6029, 48.8116], [2.6034, 48.8114], [2.6035, 48.8113], [2.6037, 48.8112], [2.6044, 48.8109], [2.6047, 48.8108], [2.6052, 48.8106], [2.6057, 48.8104], [2.6058, 48.8104], [2.6058, 48.8103], [2.6061, 48.8102], [2.6063, 48.8101], [2.6066, 48.81], [2.607, 48.8099], [2.6074, 48.8097], [2.6078, 48.8096], [2.6082, 48.8095], [2.6088, 48.8093], [2.6099, 48.8089], [2.6107, 48.8087], [2.6122, 48.8081], [2.6152, 48.8072], [2.6155, 48.8071], [2.6156, 48.807], [2.6157, 48.807]], [[2.6157, 48.807], [2.6172, 48.8065], [2.6176, 48.8064], [2.6205, 48.8054], [2.625, 48.804], [2.6271, 48.8033], [2.6277, 48.8031], [2.63, 48.8024], [2.6329, 48.8014], [2.6369, 48.8001], [2.6399, 48.7991], [2.64, 48.7991], [2.6433, 48.798], [2.6454, 48.7973], [2.6472, 48.7967], [2.648, 48.7965]], [[2.648, 48.7965], [2.6483, 48.7963]], [[2.6483, 48.7963], [2.6488, 48.7962], [2.6504, 48.7957], [2.6518, 48.7952], [2.6521, 48.7951], [2.6522, 48.7951], [2.655, 48.7942]], [[2.655, 48.7942], [2.6552, 48.7941]], [[2.6552, 48.7941], [2.6563, 48.7937], [2.6585, 48.793], [2.6601, 48.7925], [2.6641, 48.7912], [2.6645, 48.791], [2.6651, 48.7909], [2.6672, 48.7902], [2.6713, 48.7888], [2.6728, 48.7883], [2.6741, 48.7879], [2.6762, 48.7872], [2.6776, 48.7868], [2.6784, 48.7865], [2.6789, 48.7863], [2.6792, 48.7862], [2.6796, 48.7861], [2.6799, 48.786], [2.6802, 48.7858], [2.6805, 48.7857], [2.6808, 48.7856], [2.6811, 48.7854], [2.6813, 48.7853], [2.6815, 48.7852], [2.6817, 48.7851], [2.6819, 48.785], [2.6822, 48.7848], [2.6824, 48.7847], [2.6826, 48.7845], [2.6828, 48.7844], [2.6829, 48.7843], [2.6831, 48.7842], [2.6832, 48.7841], [2.6834, 48.7839], [2.6836, 48.7838], [2.6838, 48.7836], [2.684, 48.7834], [2.6842, 48.7832], [2.6844, 48.783], [2.6845, 48.7829], [2.6846, 48.7828], [2.6847, 48.7827], [2.6849, 48.7825], [2.6849, 48.7824], [2.6851, 48.7822], [2.6853, 48.7819], [2.6854, 48.7818], [2.6856, 48.7814], [2.6857, 48.7812], [2.6859, 48.7808], [2.6862, 48.7802], [2.6864, 48.7797], [2.6868, 48.7787], [2.6873, 48.7776], [2.6888, 48.7741], [2.689, 48.7738], [2.6895, 48.7726], [2.6898, 48.772], [2.6903, 48.7708], [2.6908, 48.7697], [2.691, 48.7693], [2.6912, 48.7688], [2.6913, 48.7686], [2.6914, 48.7684], [2.6915, 48.7682], [2.6917, 48.768], [2.6918, 48.7679], [2.692, 48.7676], [2.6922, 48.7674], [2.6923, 48.7672], [2.6925, 48.767], [2.6928, 48.7668], [2.6931, 48.7665], [2.6934, 48.7662], [2.6952, 48.7646], [2.7025, 48.758], [2.7028, 48.7577], [2.7029, 48.7576], [2.7032, 48.7574], [2.7033, 48.7573], [2.7034, 48.7572], [2.7036, 48.757], [2.7038, 48.7569], [2.7039, 48.7568], [2.7042, 48.7566], [2.7044, 48.7565], [2.7047, 48.7563], [2.7052, 48.756], [2.7055, 48.7558], [2.7059, 48.7557], [2.7062, 48.7555], [2.7064, 48.7554], [2.7065, 48.7554], [2.7068, 48.7552], [2.7072, 48.7551], [2.7074, 48.755], [2.7077, 48.7549], [2.708, 48.7548], [2.7086, 48.7546], [2.7096, 48.7543], [2.7121, 48.7535], [2.7148, 48.7527], [2.7176, 48.7519], [2.7185, 48.7516], [2.7191, 48.7514], [2.7194, 48.7513], [2.7197, 48.7512], [2.72, 48.7511], [2.7203, 48.751], [2.7206, 48.7509], [2.7207, 48.7508], [2.721, 48.7507], [2.7211, 48.7506], [2.7214, 48.7505], [2.7218, 48.7503], [2.722, 48.7502], [2.7221, 48.7502], [2.7225, 48.7499], [2.7228, 48.7497], [2.7231, 48.7496], [2.7232, 48.7495], [2.7235, 48.7493], [2.7237, 48.7491], [2.724, 48.7489], [2.7242, 48.7488], [2.7244, 48.7486], [2.7245, 48.7485], [2.7247, 48.7484], [2.725, 48.7482], [2.7254, 48.7479], [2.7257, 48.7476], [2.7258, 48.7476], [2.7259, 48.7475], [2.7264, 48.7471], [2.727, 48.7467], [2.7274, 48.7463], [2.7284, 48.7456], [2.7287, 48.7454], [2.7288, 48.7453], [2.729, 48.7451], [2.7293, 48.7449]], [[2.7293, 48.7449], [2.7295, 48.7447], [2.7297, 48.7446]], [[2.7297, 48.7446], [2.73, 48.7444], [2.7301, 48.7443], [2.7303, 48.7442], [2.7303, 48.7441], [2.7305, 48.7441], [2.7306, 48.744], [2.7307, 48.744], [2.7308, 48.7439], [2.7309, 48.7439], [2.7312, 48.7438], [2.7313, 48.7438]], [[2.7313, 48.7438], [2.7315, 48.7437], [2.7316, 48.7437], [2.7317, 48.7437], [2.7318, 48.7436], [2.732, 48.7436], [2.7324, 48.7435], [2.7327, 48.7434], [2.733, 48.7434], [2.7332, 48.7433], [2.7335, 48.7433], [2.7337, 48.7432], [2.734, 48.7432], [2.7342, 48.7432], [2.7346, 48.7431], [2.7348, 48.7431], [2.735, 48.7431], [2.7351, 48.7431], [2.7353, 48.7431], [2.7355, 48.7431], [2.7358, 48.7431], [2.736, 48.7431], [2.7363, 48.7431], [2.7366, 48.7431], [2.7368, 48.7431], [2.7371, 48.7432]], [[2.7371, 48.7432], [2.7372, 48.7432]], [[2.7372, 48.7432], [2.7374, 48.7432], [2.7382, 48.7432], [2.7387, 48.7433], [2.7398, 48.7433], [2.741, 48.7434], [2.7415, 48.7434], [2.7418, 48.7435], [2.7421, 48.7435], [2.7423, 48.7435], [2.7424, 48.7435], [2.7426, 48.7435], [2.7428, 48.7435], [2.743, 48.7435], [2.7432, 48.7435], [2.7435, 48.7435], [2.7438, 48.7435], [2.744, 48.7435], [2.7442, 48.7435], [2.7444, 48.7435], [2.7448, 48.7434], [2.7451, 48.7434], [2.7454, 48.7434], [2.7457, 48.7433], [2.746, 48.7433], [2.7463, 48.7433], [2.7466, 48.7432], [2.7469, 48.7432], [2.7471, 48.7431], [2.7474, 48.7431], [2.7478, 48.743], [2.7481, 48.7429], [2.7485, 48.7428], [2.7488, 48.7427], [2.7491, 48.7426], [2.7493, 48.7425], [2.75, 48.7423], [2.7521, 48.7417], [2.7537, 48.7411], [2.7538, 48.7411], [2.7539, 48.7411]], [[2.7539, 48.7411], [2.754, 48.741], [2.7542, 48.7409], [2.7544, 48.7409], [2.7547, 48.7408]], [[2.7556, 48.7405], [2.755, 48.7407], [2.7547, 48.7408]], [[2.7556, 48.7405], [2.7558, 48.7404], [2.7559, 48.7404], [2.756, 48.7404], [2.756, 48.7403], [2.7562, 48.7403], [2.7563, 48.7402], [2.7564, 48.7402], [2.7565, 48.7401], [2.7567, 48.7401], [2.7573, 48.7399], [2.7587, 48.7394]], [[2.7547, 48.7408], [2.7538, 48.7411], [2.7521, 48.7416], [2.75, 48.7423], [2.7497, 48.7424], [2.7493, 48.7425], [2.7491, 48.7426], [2.7488, 48.7427], [2.7484, 48.7428], [2.7481, 48.7429], [2.7478, 48.7429], [2.7474, 48.743], [2.7471, 48.7431], [2.7469, 48.7431], [2.7466, 48.7432], [2.7463, 48.7432], [2.746, 48.7433], [2.7457, 48.7433], [2.7454, 48.7433], [2.7451, 48.7434], [2.7448, 48.7434], [2.7444, 48.7434], [2.7441, 48.7434], [2.7439, 48.7435], [2.7438, 48.7435], [2.7435, 48.7435], [2.7433, 48.7435], [2.743, 48.7435], [2.7428, 48.7435], [2.7426, 48.7435], [2.7425, 48.7435], [2.7423, 48.7434], [2.7421, 48.7434], [2.7418, 48.7434], [2.7414, 48.7434], [2.7413, 48.7434], [2.741, 48.7434], [2.7398, 48.7433], [2.7387, 48.7432], [2.7382, 48.7432], [2.7374, 48.7431], [2.7372, 48.7431]], [[2.7372, 48.7431], [2.7365, 48.7431], [2.7363, 48.7431], [2.736, 48.7431], [2.7358, 48.7431], [2.7356, 48.7431], [2.7354, 48.7431], [2.7353, 48.7431], [2.7351, 48.7431], [2.7349, 48.7431], [2.7347, 48.7431], [2.7346, 48.7431], [2.7342, 48.7431], [2.7339, 48.7432], [2.7337, 48.7432], [2.7334, 48.7433], [2.7332, 48.7433], [2.7329, 48.7433], [2.7327, 48.7434], [2.7324, 48.7434], [2.7321, 48.7435], [2.7316, 48.7436], [2.7315, 48.7437], [2.7314, 48.7437]], [[2.7314, 48.7437], [2.7312, 48.7438], [2.731, 48.7438], [2.7308, 48.7439], [2.7307, 48.7439], [2.7306, 48.744], [2.7304, 48.7441], [2.7303, 48.7441], [2.7302, 48.7442], [2.7301, 48.7442], [2.73, 48.7443], [2.7299, 48.7443], [2.7298, 48.7444], [2.7297, 48.7445], [2.7295, 48.7446]], [[2.7289, 48.7451], [2.729, 48.745], [2.7291, 48.7449], [2.7292, 48.7448], [2.7294, 48.7448], [2.7294, 48.7447], [2.7295, 48.7446]], [[2.7289, 48.7451], [2.7286, 48.7453], [2.7283, 48.7455], [2.7283, 48.7456], [2.7273, 48.7463], [2.727, 48.7465], [2.7266, 48.7468], [2.7257, 48.7475], [2.7256, 48.7476], [2.7253, 48.7478], [2.7251, 48.748], [2.7249, 48.7481], [2.7247, 48.7483], [2.7243, 48.7486], [2.7242, 48.7487], [2.7239, 48.7489], [2.7238, 48.749], [2.7237, 48.7491], [2.7235, 48.7492], [2.7234, 48.7493], [2.7232, 48.7495], [2.7228, 48.7497], [2.7225, 48.7499], [2.7222, 48.7501], [2.722, 48.7502], [2.7216, 48.7504], [2.7211, 48.7506], [2.721, 48.7507], [2.7206, 48.7508], [2.7204, 48.7509], [2.7203, 48.7509], [2.72, 48.751], [2.7197, 48.7511], [2.7194, 48.7512], [2.7192, 48.7513], [2.7185, 48.7515], [2.7175, 48.7518], [2.7148, 48.7527], [2.7121, 48.7535], [2.7096, 48.7543], [2.7085, 48.7546], [2.7082, 48.7547], [2.708, 48.7548], [2.7077, 48.7549], [2.7072, 48.755], [2.707, 48.7551], [2.7068, 48.7552], [2.7066, 48.7553], [2.7064, 48.7554], [2.7062, 48.7555], [2.706, 48.7555], [2.7058, 48.7556], [2.7055, 48.7558], [2.7053, 48.7559], [2.705, 48.7561], [2.7048, 48.7562], [2.7047, 48.7563], [2.7044, 48.7564], [2.7041, 48.7566], [2.7039, 48.7568], [2.7038, 48.7569], [2.7036, 48.757], [2.7034, 48.7572], [2.7033, 48.7573], [2.7032, 48.7573], [2.7029, 48.7576], [2.7027, 48.7577], [2.7024, 48.758], [2.6954, 48.7643], [2.6952, 48.7645], [2.6933, 48.7662], [2.693, 48.7665], [2.6928, 48.7667], [2.6925, 48.767], [2.6923, 48.7672], [2.6921, 48.7674], [2.692, 48.7676], [2.6918, 48.7678], [2.6916, 48.768], [2.6915, 48.7682], [2.6914, 48.7684], [2.6913, 48.7686], [2.6911, 48.7688], [2.6909, 48.7693], [2.6907, 48.7697], [2.6902, 48.7708], [2.6897, 48.7719], [2.6894, 48.7726], [2.6888, 48.7741], [2.6874, 48.7773], [2.6873, 48.7776], [2.6868, 48.7787], [2.6864, 48.7796], [2.6861, 48.7802], [2.6859, 48.7808], [2.6857, 48.7812], [2.6855, 48.7814], [2.6853, 48.7818], [2.6852, 48.7819], [2.685, 48.7822], [2.6848, 48.7824], [2.6846, 48.7827], [2.6845, 48.7829], [2.6843, 48.783], [2.6842, 48.7832], [2.684, 48.7834], [2.6837, 48.7836], [2.6836, 48.7838], [2.6834, 48.7839], [2.6832, 48.7841], [2.6831, 48.7842], [2.6829, 48.7843], [2.6828, 48.7844], [2.6826, 48.7845], [2.6824, 48.7847], [2.6822, 48.7848], [2.6819, 48.7849], [2.6817, 48.7851], [2.6815, 48.7852], [2.6813, 48.7853], [2.681, 48.7854], [2.6808, 48.7855], [2.6805, 48.7857], [2.6802, 48.7858], [2.6799, 48.7859], [2.6796, 48.7861], [2.6792, 48.7862], [2.6789, 48.7863], [2.6784, 48.7865], [2.6776, 48.7867], [2.6762, 48.7872], [2.6751, 48.7876], [2.6741, 48.7879], [2.6728, 48.7883], [2.6672, 48.7902], [2.6652, 48.7908], [2.6645, 48.791], [2.6641, 48.7912], [2.6601, 48.7925], [2.6585, 48.793], [2.6579, 48.7932], [2.6563, 48.7937], [2.6552, 48.7941]], [[2.6552, 48.7941], [2.6551, 48.7941]], [[2.6551, 48.7941], [2.6549, 48.7942]], [[2.6549, 48.7942], [2.6537, 48.7946], [2.6521, 48.7951], [2.6518, 48.7952], [2.6504, 48.7956], [2.6488, 48.7962], [2.6483, 48.7963]], [[2.6483, 48.7963], [2.648, 48.7964]], [[2.648, 48.7964], [2.6471, 48.7967], [2.6454, 48.7973], [2.6433, 48.798], [2.6399, 48.7991], [2.6369, 48.8], [2.6329, 48.8014], [2.63, 48.8023], [2.6277, 48.8031], [2.625, 48.8039], [2.6205, 48.8054], [2.618, 48.8062], [2.6176, 48.8064], [2.6167, 48.8066], [2.6154, 48.8071], [2.615, 48.8072]], [[2.615, 48.8072], [2.6143, 48.8074], [2.6122, 48.8081], [2.6107, 48.8086], [2.6098, 48.8089], [2.6087, 48.8092], [2.6087, 48.8093], [2.6082, 48.8094], [2.6078, 48.8096], [2.6074, 48.8097], [2.607, 48.8098], [2.6066, 48.81], [2.6063, 48.8101], [2.6061, 48.8102], [2.6058, 48.8103], [2.6057, 48.8103], [2.6056, 48.8104], [2.6052, 48.8106], [2.6047, 48.8108], [2.6043, 48.8109], [2.6037, 48.8112], [2.6034, 48.8113], [2.6029, 48.8116], [2.6027, 48.8117], [2.6024, 48.8118], [2.6018, 48.8121], [2.6003, 48.8129], [2.5991, 48.8135], [2.5989, 48.8136], [2.5976, 48.8142], [2.5945, 48.8158], [2.5925, 48.8168], [2.5912, 48.8174], [2.5889, 48.8186], [2.5886, 48.8187], [2.5855, 48.8203], [2.5817, 48.8222], [2.58, 48.823]], [[2.58, 48.823], [2.5798, 48.8232], [2.5796, 48.8232]], [[2.5796, 48.8232], [2.5788, 48.8236], [2.5774, 48.8243], [2.5741, 48.826], [2.5734, 48.8264], [2.5727, 48.8267], [2.5721, 48.827], [2.5718, 48.8271], [2.5715, 48.8272], [2.5712, 48.8273], [2.571, 48.8275], [2.5707, 48.8276], [2.5704, 48.8277], [2.5701, 48.8278], [2.5698, 48.8279], [2.5695, 48.8279], [2.5693, 48.828], [2.5691, 48.8281], [2.5687, 48.8282], [2.5685, 48.8282], [2.5681, 48.8283], [2.5678, 48.8284], [2.5676, 48.8284], [2.5672, 48.8285], [2.5668, 48.8286], [2.5664, 48.8286], [2.566, 48.8287], [2.5657, 48.8287], [2.5654, 48.8288], [2.5651, 48.8288], [2.5648, 48.8288], [2.5646, 48.8288], [2.5643, 48.8288], [2.564, 48.8289], [2.5638, 48.8289], [2.5635, 48.8289], [2.563, 48.8289], [2.5628, 48.8289], [2.5625, 48.8289], [2.5623, 48.8289], [2.562, 48.8289], [2.5618, 48.8289], [2.5615, 48.8289], [2.5613, 48.8288], [2.561, 48.8288], [2.5607, 48.8288], [2.5604, 48.8288], [2.5601, 48.8287], [2.5598, 48.8287], [2.5592, 48.8286], [2.5589, 48.8286], [2.5585, 48.8285], [2.5582, 48.8284], [2.5578, 48.8284], [2.5576, 48.8283], [2.5571, 48.8282], [2.5568, 48.8281], [2.5566, 48.8281], [2.5563, 48.828], [2.5561, 48.8279], [2.5557, 48.8278], [2.5554, 48.8277], [2.5549, 48.8275], [2.5544, 48.8273], [2.5539, 48.8271], [2.5531, 48.8268], [2.5525, 48.8266]], [[2.5525, 48.8266], [2.5522, 48.8265], [2.5516, 48.8263], [2.5512, 48.8261], [2.5506, 48.8259], [2.5503, 48.8258]], [[2.5503, 48.8258], [2.5498, 48.8256], [2.5491, 48.8253], [2.5489, 48.8252], [2.5483, 48.825], [2.5478, 48.8248]], [[2.5478, 48.8248], [2.5475, 48.8247], [2.5469, 48.8245], [2.5466, 48.8244], [2.5465, 48.8243]], [[2.5465, 48.8243], [2.5464, 48.8243]], [[2.5464, 48.8243], [2.5463, 48.8243], [2.546, 48.8242], [2.5456, 48.824], [2.5453, 48.8239], [2.5451, 48.8238], [2.5449, 48.8237]], [[2.5449, 48.8237], [2.5448, 48.8237]], [[2.5448, 48.8237], [2.5446, 48.8236], [2.544, 48.8235], [2.5438, 48.8234], [2.5436, 48.8234], [2.5435, 48.8233], [2.5432, 48.8233], [2.5429, 48.8232], [2.5428, 48.8232], [2.5426, 48.8231], [2.5421, 48.823], [2.5418, 48.823], [2.5415, 48.8229], [2.5413, 48.8229], [2.5412, 48.8229]], [[2.5412, 48.8229], [2.541, 48.8229]], [[2.541, 48.8229], [2.5408, 48.8228], [2.5406, 48.8228], [2.5405, 48.8228], [2.5403, 48.8228], [2.5399, 48.8228], [2.5397, 48.8227], [2.5394, 48.8227], [2.5393, 48.8227], [2.5392, 48.8227], [2.539, 48.8227]], [[2.539, 48.8227], [2.5383, 48.8227], [2.5377, 48.8226], [2.5376, 48.8226], [2.5375, 48.8226], [2.5372, 48.8226], [2.5368, 48.8226], [2.5366, 48.8226]], [[2.5366, 48.8226], [2.5362, 48.8226], [2.5359, 48.8226], [2.5356, 48.8226], [2.5353, 48.8226], [2.535, 48.8226], [2.5347, 48.8227], [2.5344, 48.8227], [2.5342, 48.8227], [2.5339, 48.8227], [2.5337, 48.8227], [2.5335, 48.8228], [2.5333, 48.8228]], [[2.533, 48.8228], [2.5324, 48.8229], [2.5323, 48.8229], [2.5309, 48.823]], [[2.5309, 48.823], [2.53, 48.8231], [2.5236, 48.8237], [2.5204, 48.824], [2.5202, 48.824], [2.5189, 48.8242], [2.5168, 48.8244], [2.5161, 48.8244]], [[2.5161, 48.8244], [2.5159, 48.8244]], [[2.5159, 48.8244], [2.5145, 48.8246], [2.5139, 48.8246], [2.5117, 48.8248], [2.5116, 48.8249], [2.5101, 48.825]], [[2.5101, 48.825], [2.5098, 48.825]], [[2.5098, 48.825], [2.5097, 48.825], [2.5096, 48.825], [2.509, 48.8251], [2.5086, 48.8251], [2.5082, 48.8252], [2.5079, 48.8252], [2.5078, 48.8252], [2.5075, 48.8253], [2.5073, 48.8253], [2.5071, 48.8253], [2.5069, 48.8254], [2.5067, 48.8254], [2.5065, 48.8254], [2.5063, 48.8255], [2.5061, 48.8255], [2.5059, 48.8256], [2.5057, 48.8256], [2.5055, 48.8257], [2.5052, 48.8257], [2.5049, 48.8258], [2.5046, 48.8259]], [[2.5046, 48.8259], [2.5044, 48.826], [2.504, 48.8261]], [[2.504, 48.8261], [2.5036, 48.8262], [2.5036, 48.8263], [2.5035, 48.8263], [2.5032, 48.8264], [2.5029, 48.8265], [2.5026, 48.8267], [2.5023, 48.8268], [2.502, 48.827], [2.5018, 48.8271], [2.5016, 48.8272], [2.5014, 48.8273], [2.5012, 48.8274], [2.501, 48.8275], [2.5009, 48.8276], [2.5006, 48.8278], [2.5005, 48.8278], [2.5004, 48.8279], [2.5003, 48.828], [2.5001, 48.8282], [2.4999, 48.8283], [2.4997, 48.8285], [2.4995, 48.8286], [2.4994, 48.8287], [2.4993, 48.8288], [2.4991, 48.829], [2.499, 48.829]], [[2.499, 48.829], [2.4989, 48.8292]], [[2.4989, 48.8292], [2.4987, 48.8293], [2.4986, 48.8295], [2.4985, 48.8296], [2.4983, 48.8298], [2.4981, 48.8301], [2.4978, 48.8305], [2.4978, 48.8306], [2.4976, 48.8308], [2.4974, 48.8312], [2.4972, 48.8315], [2.497, 48.8318], [2.4967, 48.8322], [2.4965, 48.8325], [2.4962, 48.8329], [2.4958, 48.8335], [2.4956, 48.8338], [2.4955, 48.834], [2.4954, 48.8341], [2.4953, 48.8344], [2.4951, 48.8346], [2.495, 48.8348], [2.495, 48.835], [2.4949, 48.8351], [2.4948, 48.8354], [2.4947, 48.8356], [2.4947, 48.8358], [2.4946, 48.836], [2.4945, 48.8361], [2.4945, 48.8363], [2.4945, 48.8364], [2.4945, 48.8365]], [[2.4942, 48.8379], [2.4942, 48.8378], [2.4943, 48.8377], [2.4943, 48.8375], [2.4943, 48.8374], [2.4944, 48.8371], [2.4944, 48.837], [2.4944, 48.8368], [2.4945, 48.8365]], [[2.4942, 48.8384], [2.4942, 48.8379]], [[2.4897, 48.8524], [2.4898, 48.8521], [2.49, 48.8517], [2.4902, 48.8511], [2.4904, 48.8504], [2.4906, 48.85], [2.4907, 48.8497], [2.4908, 48.8495], [2.491, 48.849], [2.4912, 48.8484], [2.4913, 48.8481], [2.4914, 48.8478], [2.4916, 48.8473], [2.4916, 48.8472], [2.4918, 48.8467], [2.4919, 48.8463], [2.492, 48.8461], [2.4921, 48.8455], [2.4924, 48.8449], [2.4925, 48.8445], [2.4927, 48.8439], [2.4928, 48.8437], [2.4929, 48.8433], [2.4931, 48.843], [2.4933, 48.8424], [2.4933, 48.8423], [2.4935, 48.8419], [2.4935, 48.8417], [2.4936, 48.8415], [2.4937, 48.8412], [2.4938, 48.8409], [2.4938, 48.8407], [2.4939, 48.8402], [2.494, 48.8397], [2.4941, 48.8387], [2.4942, 48.8384]], [[2.4896, 48.8526], [2.4897, 48.8524]], [[2.4876, 48.8585], [2.4877, 48.858], [2.4879, 48.8575], [2.488, 48.8571], [2.4881, 48.8568], [2.4882, 48.8566], [2.4884, 48.8561], [2.4885, 48.8558], [2.4886, 48.8553], [2.4887, 48.855], [2.4888, 48.8547], [2.4889, 48.8544], [2.489, 48.8541], [2.4891, 48.854], [2.4892, 48.8537], [2.4894, 48.8532], [2.4896, 48.8526]], [[2.4874, 48.8588], [2.4876, 48.8585]], [[2.487, 48.8602], [2.4871, 48.8596], [2.4873, 48.8591], [2.4874, 48.8588]], [[2.4867, 48.8608], [2.487, 48.8602]], [[2.4851, 48.8673], [2.4851, 48.8672], [2.4851, 48.867], [2.4851, 48.8669], [2.4851, 48.8668], [2.4851, 48.8666], [2.4851, 48.8664], [2.4851, 48.8662], [2.4851, 48.866], [2.4851, 48.8659], [2.4851, 48.8657], [2.4852, 48.8655], [2.4852, 48.8653], [2.4852, 48.8652], [2.4852, 48.8651], [2.4853, 48.865], [2.4853, 48.8649], [2.4853, 48.8647], [2.4854, 48.8646], [2.4854, 48.8645], [2.4854, 48.8644], [2.4855, 48.8642], [2.4859, 48.8633], [2.486, 48.8627], [2.4863, 48.862], [2.4864, 48.8617], [2.4865, 48.8614], [2.4866, 48.8612], [2.4867, 48.8608]], [[2.4859, 48.8715], [2.4859, 48.8713], [2.4858, 48.8711], [2.4858, 48.8709], [2.4857, 48.8703], [2.4856, 48.8698], [2.4855, 48.8694], [2.4854, 48.8686], [2.4853, 48.8684], [2.4853, 48.8683], [2.4852, 48.8679], [2.4852, 48.8676], [2.4851, 48.8673]], [[2.4857, 48.8765], [2.4857, 48.8764], [2.4858, 48.8762], [2.4858, 48.8761], [2.4859, 48.8758], [2.4859, 48.8756], [2.486, 48.8754], [2.486, 48.8752], [2.4861, 48.875], [2.4861, 48.8748], [2.4861, 48.8747], [2.4861, 48.8745], [2.4861, 48.8743], [2.4861, 48.8741], [2.4861, 48.8739], [2.4861, 48.8737], [2.4861, 48.8734], [2.4861, 48.8729], [2.486, 48.8725], [2.486, 48.8722], [2.486, 48.872], [2.486, 48.8719], [2.4859, 48.8717], [2.4859, 48.8716], [2.4859, 48.8715]], [[2.4824, 48.8811], [2.4827, 48.8808], [2.4829, 48.8806], [2.4831, 48.8803], [2.4833, 48.8801], [2.4836, 48.8798], [2.4837, 48.8796], [2.484, 48.8794], [2.4841, 48.8792], [2.4843, 48.8791], [2.4844, 48.8789], [2.4845, 48.8787], [2.4847, 48.8785], [2.4848, 48.8784], [2.4848, 48.8783], [2.4849, 48.8781], [2.485, 48.878], [2.4851, 48.8778], [2.4852, 48.8776], [2.4854, 48.8773], [2.4854, 48.8772], [2.4855, 48.877], [2.4856, 48.8767], [2.4857, 48.8765]], [[2.4802, 48.8834], [2.4805, 48.8831], [2.4808, 48.8828], [2.4809, 48.8827], [2.4811, 48.8825], [2.4814, 48.8822], [2.4816, 48.8819], [2.4817, 48.8818], [2.4819, 48.8816], [2.4821, 48.8814], [2.4824, 48.8811]], [[2.4786, 48.8853], [2.4789, 48.8849], [2.4791, 48.8847], [2.4793, 48.8845], [2.4795, 48.8843], [2.4796, 48.8842], [2.4797, 48.884], [2.48, 48.8838], [2.4802, 48.8834]], [[2.4781, 48.8858], [2.4786, 48.8853]], [[2.4737, 48.8907], [2.4742, 48.8901], [2.4746, 48.8897], [2.4748, 48.8894], [2.4751, 48.8891], [2.4754, 48.8888], [2.4757, 48.8885], [2.4759, 48.8883], [2.4765, 48.8876], [2.4768, 48.8873], [2.4775, 48.8865], [2.4777, 48.8863], [2.4778, 48.8861], [2.4781, 48.8858]], [[2.4727, 48.8918], [2.4737, 48.8907]], [[2.4624, 48.8963], [2.4626, 48.8963], [2.4629, 48.8962], [2.4633, 48.8962], [2.4637, 48.8961], [2.464, 48.896], [2.4643, 48.896], [2.4646, 48.8959], [2.4648, 48.8959], [2.465, 48.8958], [2.4651, 48.8958], [2.4653, 48.8957], [2.4655, 48.8957], [2.4657, 48.8956], [2.4658, 48.8956], [2.4659, 48.8956], [2.466, 48.8955], [2.4661, 48.8955], [2.4662, 48.8954], [2.4665, 48.8954], [2.4667, 48.8953], [2.4671, 48.8951], [2.4678, 48.8949], [2.4681, 48.8947], [2.4685, 48.8946], [2.4687, 48.8945], [2.4689, 48.8944], [2.4692, 48.8943], [2.4694, 48.8942], [2.4697, 48.894], [2.47, 48.8939], [2.4703, 48.8937], [2.4706, 48.8935], [2.4709, 48.8933], [2.4712, 48.8932], [2.4713, 48.8931], [2.4714, 48.893], [2.4715, 48.8929], [2.4717, 48.8928], [2.4718, 48.8927], [2.4719, 48.8926], [2.4721, 48.8924], [2.4722, 48.8923], [2.4723, 48.8922], [2.4724, 48.8921], [2.4726, 48.8919], [2.4727, 48.8918]], [[2.4541, 48.8965], [2.4546, 48.8965], [2.4548, 48.8965], [2.4551, 48.8965], [2.4557, 48.8965], [2.456, 48.8965], [2.4561, 48.8965], [2.4562, 48.8965], [2.4568, 48.8965], [2.457, 48.8965], [2.4574, 48.8965], [2.4587, 48.8964], [2.4594, 48.8964], [2.4599, 48.8964], [2.4603, 48.8964], [2.4607, 48.8964], [2.461, 48.8964], [2.4612, 48.8964], [2.4615, 48.8964], [2.4616, 48.8964], [2.4618, 48.8964], [2.4619, 48.8964], [2.4621, 48.8963], [2.4623, 48.8963], [2.4624, 48.8963]], [[2.4539, 48.8965], [2.4541, 48.8965]], [[2.4351, 48.898], [2.4356, 48.8978], [2.4362, 48.8977], [2.437, 48.8974], [2.4383, 48.8969], [2.4389, 48.8968], [2.4394, 48.8966], [2.4396, 48.8966], [2.4398, 48.8965], [2.4401, 48.8965], [2.4403, 48.8964], [2.4405, 48.8964], [2.4407, 48.8964], [2.441, 48.8963], [2.4414, 48.8963], [2.4416, 48.8962], [2.4419, 48.8962], [2.4421, 48.8962], [2.4423, 48.8962], [2.4425, 48.8962], [2.4427, 48.8962], [2.4429, 48.8962], [2.4435, 48.8962], [2.4438, 48.8962], [2.4443, 48.8962], [2.4458, 48.8962], [2.4462, 48.8962], [2.4465, 48.8962], [2.4467, 48.8962], [2.447, 48.8962], [2.4473, 48.8962], [2.4477, 48.8962], [2.4479, 48.8962], [2.4484, 48.8963], [2.4485, 48.8963], [2.4488, 48.8963], [2.4491, 48.8963], [2.4498, 48.8963], [2.4501, 48.8964], [2.4504, 48.8964], [2.4508, 48.8964], [2.4515, 48.8964], [2.4521, 48.8964], [2.4527, 48.8964], [2.4533, 48.8965], [2.4539, 48.8965]], [[2.4351, 48.898], [2.4347, 48.8981]], [[2.4347, 48.8981], [2.4344, 48.8982], [2.4341, 48.8983], [2.4339, 48.8984], [2.4336, 48.8984], [2.4334, 48.8985], [2.4332, 48.8985], [2.4329, 48.8986]], [[2.4329, 48.8986], [2.4327, 48.8986], [2.4325, 48.8986], [2.4323, 48.8986], [2.4321, 48.8987], [2.4317, 48.8987], [2.4312, 48.8987], [2.4308, 48.8987], [2.4304, 48.8987], [2.4296, 48.8987], [2.4282, 48.8986], [2.4269, 48.8986], [2.4253, 48.8985], [2.4238, 48.8985], [2.422, 48.8984], [2.4209, 48.8983], [2.4201, 48.8983], [2.4186, 48.8983], [2.4178, 48.8983], [2.417, 48.8983], [2.4163, 48.8983], [2.4157, 48.8984]], [[2.4157, 48.8984], [2.4149, 48.8984]], [[2.4149, 48.8984], [2.4135, 48.8985]], [[2.4135, 48.8985], [2.4119, 48.8985], [2.411, 48.8985], [2.41, 48.8985], [2.4093, 48.8985], [2.4086, 48.8985], [2.4082, 48.8985], [2.4076, 48.8985], [2.4075, 48.8985], [2.4073, 48.8985]], [[2.4073, 48.8985], [2.4065, 48.8984]], [[2.4065, 48.8984], [2.4062, 48.8984], [2.4059, 48.8984], [2.4055, 48.8984], [2.4051, 48.8984], [2.4047, 48.8983], [2.4043, 48.8983], [2.4035, 48.8982], [2.4029, 48.8982], [2.4024, 48.8981], [2.4013, 48.8981], [2.4007, 48.898], [2.3998, 48.8979], [2.3996, 48.8979], [2.3991, 48.8979], [2.3985, 48.8979], [2.398, 48.8978], [2.3965, 48.8978], [2.3954, 48.8978], [2.3941, 48.8978], [2.3936, 48.8978], [2.3934, 48.8978], [2.3926, 48.8978], [2.3918, 48.8977], [2.3909, 48.8977], [2.3897, 48.8977], [2.3896, 48.8977], [2.3883, 48.8978], [2.387, 48.8978], [2.3862, 48.8978]], [[2.3862, 48.8978], [2.3852, 48.8978]], [[2.3852, 48.8978], [2.3848, 48.8978]], [[2.3848, 48.8978], [2.3843, 48.8978], [2.3838, 48.8977], [2.3833, 48.8977]], [[2.3833, 48.8977], [2.3823, 48.8976]], [[2.3823, 48.8976], [2.382, 48.8976], [2.3815, 48.8976], [2.38, 48.8975], [2.3794, 48.8975], [2.3788, 48.8974], [2.3784, 48.8974]], [[2.3784, 48.8974], [2.378, 48.8973], [2.3776, 48.8973], [2.3773, 48.8972], [2.3765, 48.8971], [2.3761, 48.897], [2.3756, 48.8969], [2.3754, 48.8968], [2.3753, 48.8967], [2.3744, 48.8965], [2.3741, 48.8964]], [[2.3741, 48.8964], [2.3736, 48.8962], [2.373, 48.8961], [2.3727, 48.8959], [2.3724, 48.8958], [2.3722, 48.8957]], [[2.3722, 48.8957], [2.3719, 48.8956]], [[2.3719, 48.8956], [2.3716, 48.8955]], [[2.3716, 48.8955], [2.3715, 48.8954], [2.371, 48.8952]], [[2.371, 48.8952], [2.3708, 48.895], [2.3705, 48.8948], [2.3702, 48.8947], [2.37, 48.8945], [2.3698, 48.8944], [2.3695, 48.8941], [2.3694, 48.894], [2.3693, 48.8939], [2.3691, 48.8937], [2.3689, 48.8936], [2.3688, 48.8934], [2.3687, 48.8932], [2.3685, 48.893], [2.3684, 48.8928], [2.3683, 48.8926], [2.3681, 48.8923]], [[2.3681, 48.8923], [2.3678, 48.8918], [2.367, 48.8905], [2.3665, 48.8896]], [[2.3665, 48.8896], [2.366, 48.8889]], [[2.366, 48.8889], [2.3654, 48.888], [2.3651, 48.8875], [2.3647, 48.887], [2.3643, 48.8866], [2.3636, 48.8858], [2.3631, 48.8853], [2.3625, 48.8848]], [[2.3511, 48.8759], [2.3399, 48.8747], [2.3395, 48.8747], [2.339, 48.8747], [2.3386, 48.8747], [2.3346, 48.8749], [2.334, 48.8749]], [[2.2906, 48.8756], [2.29, 48.8757], [2.2895, 48.8759], [2.2844, 48.8775]], [[2.2844, 48.8775], [2.2824, 48.8781], [2.2812, 48.8785]], [[2.2812, 48.8785], [2.2805, 48.8787], [2.2781, 48.8794], [2.2774, 48.8796]], [[2.2774, 48.8796], [2.277, 48.8797], [2.2754, 48.8802], [2.2672, 48.8827], [2.2665, 48.883], [2.2658, 48.8833], [2.2652, 48.8836], [2.2646, 48.8839], [2.264, 48.8843], [2.2636, 48.8846], [2.26, 48.8876], [2.2592, 48.8881], [2.2582, 48.8888], [2.256, 48.8902], [2.2556, 48.8905]], [[2.2556, 48.8905], [2.2534, 48.8925], [2.2532, 48.8927], [2.2528, 48.8929], [2.2524, 48.8931], [2.252, 48.8933], [2.2515, 48.8935], [2.2511, 48.8936], [2.2506, 48.8937], [2.25, 48.8938], [2.2495, 48.8938], [2.249, 48.8938], [2.2485, 48.8937], [2.248, 48.8936], [2.2475, 48.8935], [2.247, 48.8933], [2.2457, 48.8928]], [[2.2457, 48.8928], [2.244, 48.8921], [2.2439, 48.8921], [2.2437, 48.892], [2.2435, 48.8919], [2.2433, 48.8919], [2.2431, 48.8919], [2.2428, 48.8918], [2.2426, 48.8918], [2.2424, 48.8918], [2.2422, 48.8918], [2.242, 48.8918], [2.2418, 48.8919], [2.2416, 48.8919], [2.2414, 48.8919], [2.2412, 48.892], [2.241, 48.892], [2.2407, 48.8921]], [[2.2407, 48.8921], [2.2393, 48.8926], [2.238, 48.893]], [[2.238, 48.893], [2.2374, 48.8932], [2.2372, 48.8932], [2.2371, 48.8933], [2.2369, 48.8934], [2.2367, 48.8935], [2.2366, 48.8937], [2.2364, 48.8938], [2.2355, 48.8946], [2.2352, 48.8949], [2.2347, 48.8954], [2.2344, 48.8956], [2.234, 48.8959], [2.2336, 48.8961], [2.2333, 48.8963], [2.2329, 48.8965]], [[2.2329, 48.8965], [2.2328, 48.8966]], [[2.2328, 48.8966], [2.2324, 48.8967], [2.2322, 48.8968], [2.232, 48.8969], [2.2317, 48.897], [2.2314, 48.8971], [2.2311, 48.8972], [2.2307, 48.8972], [2.2304, 48.8972], [2.2299, 48.8973], [2.2291, 48.8974], [2.2287, 48.8974], [2.2281, 48.8974]], [[2.2281, 48.8974], [2.227, 48.8975], [2.2264, 48.8976], [2.2253, 48.8977], [2.225, 48.8977]], [[2.5815, 48.8742], [2.5832, 48.874], [2.584, 48.8739], [2.5848, 48.8738]], [[2.5811, 48.8742], [2.5815, 48.8742]], [[2.5774, 48.8746], [2.5782, 48.8746], [2.5785, 48.8745], [2.5787, 48.8745], [2.5791, 48.8744], [2.5796, 48.8744], [2.5799, 48.8743], [2.5801, 48.8743], [2.5807, 48.8742], [2.5811, 48.8742]], [[2.5695, 48.8754], [2.5706, 48.8753], [2.5716, 48.8752], [2.574, 48.875], [2.5751, 48.8749], [2.5761, 48.8748], [2.5767, 48.8747], [2.5774, 48.8746]], [[2.5694, 48.8754], [2.5695, 48.8754]], [[2.5546, 48.8769], [2.5555, 48.8768], [2.5566, 48.8767], [2.5578, 48.8766], [2.5599, 48.8764], [2.5615, 48.8762], [2.564, 48.876], [2.5647, 48.8759], [2.5656, 48.8758], [2.5681, 48.8756], [2.5694, 48.8754]], [[2.5387, 48.8788], [2.5392, 48.8787], [2.5398, 48.8786], [2.5403, 48.8785], [2.5407, 48.8784], [2.541, 48.8784], [2.5412, 48.8783], [2.5417, 48.8783], [2.5423, 48.8782], [2.5429, 48.8781], [2.5433, 48.8781], [2.5439, 48.878], [2.5445, 48.8779], [2.5447, 48.8779], [2.5453, 48.8778], [2.5458, 48.8778], [2.5464, 48.8777], [2.5469, 48.8777], [2.5479, 48.8776], [2.5485, 48.8775], [2.5494, 48.8774], [2.55, 48.8774], [2.5505, 48.8773], [2.5512, 48.8772], [2.5516, 48.8772], [2.5523, 48.8771], [2.5531, 48.877], [2.5538, 48.877], [2.5541, 48.8769], [2.5546, 48.8769]], [[2.5383, 48.8789], [2.5387, 48.8788]], [[2.5341, 48.8801], [2.5345, 48.88], [2.5348, 48.8799], [2.5351, 48.8798], [2.5355, 48.8797], [2.5363, 48.8794], [2.5369, 48.8793], [2.5376, 48.8791], [2.5378, 48.879], [2.5383, 48.8789]], [[2.534, 48.8802], [2.5341, 48.8801]], [[2.5298, 48.8819], [2.5308, 48.8814], [2.5318, 48.881], [2.5322, 48.8809], [2.5325, 48.8808], [2.5329, 48.8806], [2.5334, 48.8804], [2.5337, 48.8803], [2.534, 48.8802]], [[2.5272, 48.883], [2.5274, 48.8829], [2.5277, 48.8828], [2.528, 48.8826], [2.5285, 48.8824], [2.5291, 48.8821], [2.5298, 48.8819]], [[2.527, 48.883], [2.5272, 48.883]], [[2.5211, 48.8854], [2.5214, 48.8853], [2.5218, 48.8851], [2.5223, 48.8849], [2.523, 48.8847], [2.5237, 48.8844], [2.5246, 48.884], [2.5254, 48.8837], [2.527, 48.883]], [[2.521, 48.8855], [2.5211, 48.8854]], [[2.517, 48.8872], [2.5172, 48.8871], [2.5176, 48.8869], [2.5182, 48.8867], [2.5201, 48.8859], [2.5208, 48.8856], [2.521, 48.8855]], [[2.5169, 48.8872], [2.517, 48.8872]], [[2.5146, 48.8882], [2.5152, 48.8879], [2.5157, 48.8877], [2.5169, 48.8872]], [[2.5116, 48.8893], [2.5119, 48.8892], [2.5121, 48.8891], [2.5122, 48.8891], [2.5124, 48.889], [2.5128, 48.8889], [2.5134, 48.8886], [2.5139, 48.8885], [2.5145, 48.8882], [2.5146, 48.8882]], [[2.511, 48.8894], [2.5113, 48.8894], [2.5116, 48.8893]], [[2.5056, 48.8903], [2.5069, 48.8902], [2.5079, 48.89], [2.5083, 48.89], [2.5087, 48.8899], [2.5091, 48.8898], [2.5095, 48.8898], [2.5098, 48.8897], [2.5102, 48.8896], [2.5105, 48.8896], [2.5108, 48.8895], [2.511, 48.8894]], [[2.4839, 48.8933], [2.4862, 48.893], [2.4874, 48.8928], [2.4882, 48.8927], [2.4893, 48.8926], [2.4916, 48.8923], [2.4924, 48.8922], [2.4942, 48.8919], [2.4945, 48.8919], [2.4965, 48.8916], [2.4971, 48.8915], [2.4998, 48.8911], [2.5012, 48.8909], [2.5016, 48.8909], [2.5024, 48.8908], [2.5033, 48.8907], [2.5042, 48.8905], [2.5056, 48.8903]], [[2.4783, 48.8941], [2.4794, 48.8939], [2.4807, 48.8937], [2.4818, 48.8936], [2.4824, 48.8935], [2.4835, 48.8934], [2.4839, 48.8933]], [[2.4629, 48.8963], [2.4631, 48.8963], [2.4632, 48.8962], [2.4635, 48.8962], [2.4637, 48.8962], [2.464, 48.8961], [2.4643, 48.896], [2.4646, 48.896], [2.4649, 48.8959], [2.4652, 48.8958], [2.4655, 48.8958], [2.4657, 48.8957], [2.466, 48.8956], [2.4664, 48.8954], [2.4671, 48.8952], [2.4677, 48.895], [2.4682, 48.8949], [2.4686, 48.8947], [2.469, 48.8946], [2.4693, 48.8946], [2.4696, 48.8945], [2.4698, 48.8944], [2.4701, 48.8944], [2.4702, 48.8944], [2.4705, 48.8943], [2.471, 48.8943], [2.4713, 48.8942], [2.4715, 48.8942], [2.4719, 48.8942], [2.4721, 48.8942], [2.4725, 48.8942], [2.4728, 48.8942], [2.4731, 48.8942], [2.4735, 48.8942], [2.4737, 48.8942], [2.4753, 48.8942], [2.4755, 48.8942], [2.4759, 48.8942], [2.4763, 48.8942], [2.4766, 48.8942], [2.4768, 48.8942], [2.477, 48.8942], [2.4772, 48.8942], [2.4774, 48.8942], [2.4776, 48.8942], [2.4778, 48.8942], [2.4779, 48.8941], [2.4781, 48.8941], [2.4783, 48.8941]], [[2.4569, 48.8965], [2.4574, 48.8965], [2.4575, 48.8965], [2.4587, 48.8965], [2.46, 48.8965], [2.4602, 48.8965], [2.4603, 48.8965], [2.4605, 48.8965], [2.4606, 48.8965], [2.4608, 48.8965], [2.461, 48.8965], [2.4612, 48.8965], [2.4615, 48.8965], [2.4617, 48.8964], [2.4619, 48.8964], [2.4622, 48.8964], [2.4624, 48.8964], [2.4626, 48.8963], [2.4629, 48.8963]], [[2.4541, 48.8965], [2.4549, 48.8965], [2.4554, 48.8965], [2.4559, 48.8965], [2.4561, 48.8965], [2.4569, 48.8965]]]}, "properties": {"ref": "E", "opened_year": 1999, "is_central_tunnel": false, "segment_count": 255}}, {"type": "Feature", "geometry": {"type": "MultiLineString", "coordinates": [[[2.2844, 48.8775], [2.2895, 48.8759], [2.2901, 48.8758], [2.2907, 48.8756], [2.2913, 48.8755], [2.2919, 48.8755]], [[2.2919, 48.8755], [2.2925, 48.8754], [2.296, 48.8754], [2.2965, 48.8754], [2.297, 48.8754], [2.3013, 48.8749], [2.3018, 48.8749], [2.3023, 48.8749], [2.3028, 48.8749], [2.3033, 48.8749], [2.3037, 48.8749], [2.3071, 48.8752], [2.3077, 48.8753], [2.3143, 48.8756], [2.3149, 48.8756], [2.3155, 48.8756], [2.3162, 48.8756], [2.3184, 48.8753], [2.3191, 48.8753], [2.3198, 48.8753], [2.3219, 48.8752], [2.3222, 48.8752], [2.324, 48.8751]], [[2.324, 48.8751], [2.327, 48.8751]], [[2.327, 48.8751], [2.3287, 48.875]], [[2.3287, 48.875], [2.3303, 48.875], [2.3313, 48.8749], [2.3322, 48.8749], [2.3335, 48.8749]], [[2.3511, 48.876], [2.3515, 48.876], [2.3522, 48.8761], [2.3528, 48.8763], [2.3534, 48.8765], [2.3541, 48.8767], [2.3546, 48.877], [2.3552, 48.8773], [2.3557, 48.8776], [2.3561, 48.8779], [2.3566, 48.8783], [2.3568, 48.8785]], [[2.3568, 48.8785], [2.3574, 48.8792], [2.3575, 48.8793]], [[2.3575, 48.8793], [2.3578, 48.8796], [2.358, 48.8799], [2.3581, 48.88], [2.3582, 48.8802], [2.3584, 48.8804], [2.3586, 48.8806], [2.3588, 48.8809], [2.3591, 48.8814], [2.3593, 48.8817], [2.3596, 48.8821]], [[2.3596, 48.8821], [2.3599, 48.8825], [2.3599, 48.8826], [2.36, 48.8826], [2.3601, 48.8828], [2.3604, 48.8832], [2.3606, 48.8835], [2.3608, 48.8837], [2.3611, 48.8839], [2.3624, 48.8848]], [[2.3625, 48.8848], [2.3611, 48.8839], [2.3608, 48.8837], [2.3606, 48.8834], [2.3604, 48.8832], [2.3601, 48.8828], [2.3601, 48.8827], [2.3599, 48.8825], [2.3599, 48.8824], [2.3597, 48.8821]], [[2.3597, 48.8821], [2.3594, 48.8817], [2.3592, 48.8815], [2.3584, 48.8803], [2.3582, 48.88], [2.3581, 48.8799], [2.358, 48.8797], [2.3579, 48.8796], [2.3576, 48.8793]], [[2.3576, 48.8793], [2.3575, 48.8791], [2.3568, 48.8785]], [[2.3568, 48.8785], [2.3566, 48.8782], [2.3561, 48.8778], [2.3557, 48.8775], [2.3552, 48.8771], [2.3546, 48.8769], [2.3541, 48.8766], [2.3534, 48.8764], [2.3528, 48.8762], [2.3522, 48.876], [2.3515, 48.8759], [2.3511, 48.8759]], [[2.334, 48.8749], [2.3328, 48.8749], [2.3325, 48.8749]], [[2.3287, 48.875], [2.3303, 48.8749], [2.3307, 48.8749], [2.3325, 48.8749]], [[2.327, 48.875], [2.3287, 48.875]], [[2.327, 48.875], [2.3247, 48.8751]], [[2.3247, 48.8751], [2.3233, 48.8751], [2.3206, 48.8752], [2.3198, 48.8752], [2.3191, 48.8753], [2.3184, 48.8753], [2.3162, 48.8755], [2.3155, 48.8756], [2.3149, 48.8756], [2.3143, 48.8756], [2.3077, 48.8753], [2.3071, 48.8752], [2.3037, 48.8749], [2.3033, 48.8749], [2.3028, 48.8748], [2.3023, 48.8748], [2.3018, 48.8749], [2.3013, 48.8749], [2.297, 48.8754], [2.2965, 48.8754], [2.296, 48.8754], [2.2925, 48.8754], [2.2919, 48.8754], [2.2913, 48.8755], [2.2906, 48.8756]]]}, "properties": {"ref": "E", "opened_year": 1999, "is_central_tunnel": true, "segment_count": 18}}]}