{"type": "FeatureCollection", "features": [{"type": "Feature", "geometry": {"type": "MultiLineString", "coordinates": [[[9.374, 48.6737], [9.374, 48.6738], [9.3743, 48.6741], [9.3746, 48.6745], [9.3746, 48.6746], [9.3752, 48.6754], [9.3753, 48.6754], [9.3749, 48.6748], [9.3747, 48.6746], [9.3747, 48.6745], [9.3742, 48.6739], [9.3741, 48.6738], [9.3741, 48.6737], [9.374, 48.6737]], [[9.4121, 48.6933], [9.4137, 48.6941], [9.4138, 48.6942], [9.4139, 48.6943], [9.4144, 48.6945], [9.4143, 48.6944], [9.4142, 48.6944], [9.4139, 48.6943], [9.4139, 48.6942], [9.414, 48.6942], [9.4139, 48.6942], [9.4138, 48.6942], [9.4137, 48.6941], [9.4136, 48.6941], [9.4132, 48.6938], [9.4131, 48.6938], [9.4121, 48.6933]], [[9.2673, 48.7625], [9.2674, 48.7626], [9.268, 48.7618], [9.2681, 48.7617], [9.2683, 48.7614], [9.2688, 48.7609], [9.2687, 48.7609], [9.2686, 48.761], [9.2684, 48.7611], [9.2683, 48.7613], [9.268, 48.7616], [9.2679, 48.7617], [9.2677, 48.762], [9.2675, 48.7623], [9.2673, 48.7625]], [[9.2497, 48.7805], [9.25, 48.7801], [9.2503, 48.7798], [9.2504, 48.7796], [9.2506, 48.7794], [9.2509, 48.7792], [9.2513, 48.7789], [9.2514, 48.7789], [9.2512, 48.7791], [9.2509, 48.7793], [9.2508, 48.7794], [9.2506, 48.7797], [9.2505, 48.7798], [9.2504, 48.7798], [9.2502, 48.7801], [9.2498, 48.7805], [9.2497, 48.7805]], [[9.2404, 48.7928], [9.2405, 48.7928], [9.2409, 48.7923], [9.241, 48.7921], [9.2411, 48.792], [9.2413, 48.7918], [9.2418, 48.7911], [9.2417, 48.7911], [9.2416, 48.7913], [9.2413, 48.7915], [9.2412, 48.7917], [9.241, 48.7919], [9.2409, 48.7921], [9.2408, 48.7922], [9.2406, 48.7925], [9.2404, 48.7928]], [[9.1551, 48.7698], [9.1553, 48.7698], [9.1563, 48.7701], [9.1564, 48.7701], [9.1576, 48.7704], [9.1577, 48.7704], [9.1577, 48.7705], [9.1576, 48.7705], [9.1575, 48.7704], [9.1573, 48.7704], [9.1569, 48.7703], [9.1568, 48.7703], [9.1561, 48.7701], [9.1554, 48.7699], [9.1553, 48.7699], [9.1551, 48.7698]], [[9.1053, 48.7459], [9.1054, 48.7458], [9.1055, 48.7456], [9.1057, 48.7453], [9.106, 48.7449], [9.1061, 48.7448], [9.1064, 48.7444], [9.1063, 48.7444], [9.1062, 48.7445], [9.1062, 48.7446], [9.106, 48.7447], [9.1059, 48.7448], [9.1056, 48.7453], [9.1053, 48.7457], [9.1053, 48.7458], [9.1053, 48.7459]], [[9.1157, 48.7384], [9.1157, 48.7383], [9.1176, 48.7369], [9.1176, 48.7368], [9.1175, 48.7369], [9.1157, 48.7383], [9.1156, 48.7383], [9.1157, 48.7384]], [[9.0206, 48.6972], [9.0207, 48.6971], [9.0207, 48.6972], [9.0207, 48.6971], [9.0201, 48.6967], [9.0196, 48.6965], [9.0191, 48.6962], [9.0186, 48.6959], [9.0185, 48.6959], [9.0186, 48.6959], [9.0186, 48.696], [9.0187, 48.696], [9.019, 48.6962], [9.0196, 48.6965], [9.02, 48.6968], [9.0206, 48.6971], [9.0205, 48.6971], [9.0206, 48.6972]], [[8.9079, 48.64], [8.9078, 48.64], [8.9079, 48.64], [8.908, 48.6402], [8.9082, 48.6403], [8.9084, 48.6405], [8.9085, 48.6406], [8.9088, 48.6408], [8.9092, 48.6412], [8.9093, 48.6413], [8.9094, 48.6414], [8.9096, 48.6415], [8.9094, 48.6414], [8.9093, 48.6413], [8.9092, 48.6412], [8.9088, 48.6408], [8.9084, 48.6405], [8.9082, 48.6403], [8.908, 48.6401], [8.9079, 48.64]], [[9.4414, 48.6448], [9.4429, 48.6445], [9.4438, 48.6443]], [[9.4381, 48.6455], [9.4388, 48.6453], [9.4391, 48.6453], [9.4396, 48.6452], [9.44, 48.6451], [9.4407, 48.645], [9.4414, 48.6448]], [[9.4373, 48.6457], [9.4375, 48.6456], [9.4377, 48.6456], [9.438, 48.6455], [9.4381, 48.6455]], [[9.4308, 48.6473], [9.4314, 48.6471], [9.4315, 48.6471], [9.432, 48.6469], [9.4326, 48.6468], [9.4336, 48.6465], [9.4349, 48.6462], [9.4368, 48.6458], [9.4373, 48.6457]], [[9.4303, 48.6476], [9.4305, 48.6475], [9.4308, 48.6473]], [[9.4201, 48.6557], [9.4205, 48.6555], [9.4232, 48.6539], [9.4236, 48.6538], [9.4239, 48.6536], [9.4244, 48.6532], [9.4245, 48.6532], [9.4251, 48.6527], [9.4256, 48.6523], [9.4259, 48.652], [9.4263, 48.6515], [9.427, 48.6508], [9.4279, 48.6496], [9.4283, 48.6492], [9.4285, 48.649], [9.4287, 48.6488], [9.4288, 48.6486], [9.4292, 48.6483], [9.4295, 48.6481], [9.4299, 48.6478], [9.4302, 48.6476], [9.4303, 48.6476]], [[9.413, 48.6597], [9.4135, 48.6594], [9.4136, 48.6593], [9.4144, 48.6589], [9.4148, 48.6587], [9.4151, 48.6585], [9.4153, 48.6584], [9.4155, 48.6583], [9.4157, 48.6582], [9.4158, 48.6582], [9.4161, 48.658], [9.4163, 48.6578], [9.4164, 48.6578], [9.4167, 48.6576], [9.4168, 48.6576], [9.4171, 48.6574], [9.4175, 48.6572], [9.4177, 48.6571], [9.4194, 48.6561], [9.4201, 48.6557]], [[9.4106, 48.661], [9.4126, 48.6599], [9.413, 48.6597]], [[9.4103, 48.6612], [9.4106, 48.661]], [[9.3772, 48.6701], [9.3778, 48.67], [9.379, 48.6699], [9.3799, 48.6698], [9.3805, 48.6697], [9.3809, 48.6696], [9.3817, 48.6695], [9.3822, 48.6694], [9.3838, 48.669], [9.3847, 48.6688], [9.3858, 48.6686], [9.3873, 48.6682], [9.3932, 48.6669], [9.3956, 48.6664], [9.3963, 48.6662], [9.3993, 48.6655], [9.4007, 48.6652], [9.4025, 48.6648], [9.4032, 48.6647], [9.4038, 48.6645], [9.4042, 48.6644], [9.4045, 48.6643], [9.4049, 48.6642], [9.4058, 48.6637], [9.4078, 48.6626], [9.4086, 48.6622], [9.4091, 48.6619], [9.4096, 48.6616], [9.4103, 48.6612]], [[9.3766, 48.6702], [9.3768, 48.6701], [9.377, 48.6701], [9.3772, 48.6701]], [[9.3735, 48.6725], [9.3735, 48.6724], [9.3736, 48.6722], [9.3736, 48.672], [9.3737, 48.6719], [9.3738, 48.6717], [9.3739, 48.6716], [9.374, 48.6714], [9.3741, 48.6713], [9.3743, 48.6711], [9.3745, 48.671], [9.3746, 48.6709], [9.3747, 48.6708], [9.3749, 48.6707], [9.3751, 48.6706], [9.3754, 48.6705], [9.3757, 48.6704], [9.3759, 48.6703], [9.3762, 48.6703], [9.3764, 48.6702], [9.3766, 48.6702]], [[9.3736, 48.6731], [9.3736, 48.673], [9.3735, 48.6729], [9.3735, 48.6727], [9.3735, 48.6726], [9.3735, 48.6725]], [[9.3736, 48.6731], [9.3737, 48.6734], [9.3738, 48.6735], [9.3739, 48.6737], [9.374, 48.6737], [9.3741, 48.6739]], [[9.3741, 48.6739], [9.3745, 48.6744], [9.3746, 48.6745], [9.3748, 48.6748], [9.375, 48.675], [9.3752, 48.6754], [9.3753, 48.6754], [9.3753, 48.6755], [9.3758, 48.6762], [9.3763, 48.6767], [9.3769, 48.6776], [9.3771, 48.6779], [9.3772, 48.6781], [9.3776, 48.6786]], [[9.3776, 48.6786], [9.3776, 48.6787]], [[9.3776, 48.6787], [9.3777, 48.6788]], [[9.3791, 48.6806], [9.3788, 48.6803], [9.3787, 48.6802], [9.3777, 48.6788]], [[9.3794, 48.6811], [9.3791, 48.6806]], [[9.3794, 48.6811], [9.3795, 48.6812], [9.3806, 48.6826], [9.381, 48.683], [9.3813, 48.6834], [9.3815, 48.6835], [9.3818, 48.6838], [9.3821, 48.684], [9.3825, 48.6842], [9.3828, 48.6844], [9.3832, 48.6846], [9.3835, 48.6848], [9.3839, 48.6849], [9.3842, 48.685], [9.3845, 48.6851], [9.3848, 48.6852], [9.3851, 48.6852], [9.3854, 48.6853], [9.3856, 48.6853], [9.3858, 48.6854], [9.386, 48.6854], [9.3865, 48.6855], [9.3869, 48.6855], [9.3874, 48.6855], [9.3885, 48.6856], [9.3897, 48.6857], [9.3909, 48.6858], [9.392, 48.686], [9.3931, 48.6862], [9.3936, 48.6862], [9.3945, 48.6864], [9.3955, 48.6867], [9.3958, 48.6867], [9.3964, 48.6869], [9.3972, 48.6871], [9.3981, 48.6874], [9.3983, 48.6874], [9.399, 48.6877], [9.3993, 48.6878], [9.4003, 48.6882], [9.4029, 48.6892], [9.4035, 48.6894], [9.4047, 48.6899], [9.405, 48.69], [9.4079, 48.6912], [9.4087, 48.6915], [9.4093, 48.6918], [9.4096, 48.692], [9.4107, 48.6925], [9.4116, 48.693], [9.4133, 48.694], [9.4137, 48.6942], [9.4146, 48.6947], [9.4149, 48.6949], [9.4152, 48.695], [9.4155, 48.6953], [9.4157, 48.6954], [9.4159, 48.6956], [9.4162, 48.6959], [9.4169, 48.6965], [9.4172, 48.697], [9.4176, 48.6975], [9.4179, 48.6981], [9.4182, 48.6987], [9.4185, 48.6992], [9.4189, 48.7], [9.4191, 48.7002], [9.4192, 48.7005], [9.4196, 48.701], [9.42, 48.7015], [9.4204, 48.7019], [9.4208, 48.7023], [9.4209, 48.7024]], [[9.4209, 48.7024], [9.421, 48.7025]], [[9.421, 48.7025], [9.4213, 48.7028], [9.4216, 48.7032], [9.4219, 48.7036], [9.4219, 48.7038], [9.422, 48.7038], [9.422, 48.7041], [9.4221, 48.7043], [9.4221, 48.7045], [9.4221, 48.7048]], [[9.4221, 48.7048], [9.4221, 48.705], [9.422, 48.7051]], [[9.422, 48.7051], [9.422, 48.7053]], [[9.422, 48.7053], [9.4219, 48.7055], [9.4218, 48.7057]], [[9.4218, 48.7057], [9.4217, 48.7059], [9.4216, 48.706], [9.4214, 48.7062], [9.4213, 48.7064], [9.421, 48.7066], [9.4208, 48.7068], [9.4207, 48.7069], [9.4205, 48.707], [9.4203, 48.7071], [9.4201, 48.7072], [9.4199, 48.7073], [9.4198, 48.7073], [9.4196, 48.7074]], [[9.4196, 48.7074], [9.4195, 48.7075], [9.419, 48.7077], [9.4187, 48.7078], [9.4183, 48.7079], [9.4175, 48.7083], [9.4173, 48.7084], [9.417, 48.7085], [9.4167, 48.7087]], [[9.4167, 48.7087], [9.4166, 48.7087], [9.4164, 48.7088], [9.4161, 48.7089], [9.4161, 48.709]], [[9.4157, 48.7092], [9.4161, 48.709]], [[9.4149, 48.7095], [9.4153, 48.7094], [9.4155, 48.7093], [9.4157, 48.7092]], [[9.4146, 48.7098], [9.4147, 48.7097], [9.4149, 48.7095]], [[9.4146, 48.7098], [9.4143, 48.7099]], [[9.4143, 48.7099], [9.4139, 48.7101], [9.4137, 48.7103], [9.4135, 48.7104], [9.4133, 48.7106], [9.4132, 48.7106], [9.4129, 48.7108], [9.4129, 48.7109], [9.4127, 48.711], [9.4125, 48.7112], [9.4124, 48.7113], [9.4123, 48.7115], [9.4116, 48.7122], [9.4114, 48.7123], [9.4112, 48.7125], [9.4111, 48.7127], [9.411, 48.7128]], [[9.411, 48.7128], [9.4109, 48.7129], [9.4107, 48.7131], [9.4105, 48.7133], [9.4104, 48.7134]], [[9.4104, 48.7134], [9.4103, 48.7134], [9.4101, 48.7137], [9.41, 48.7138], [9.4099, 48.7138]], [[9.4099, 48.7138], [9.4096, 48.7141], [9.4095, 48.7142], [9.4094, 48.7143], [9.409, 48.7146], [9.4087, 48.7148], [9.4085, 48.715], [9.408, 48.7154], [9.4077, 48.7156], [9.4074, 48.7159], [9.4069, 48.7163], [9.4061, 48.7168], [9.406, 48.7169], [9.4058, 48.717], [9.4056, 48.7172], [9.4053, 48.7174], [9.405, 48.7176], [9.4045, 48.7178], [9.4042, 48.718], [9.4038, 48.7182]], [[9.4038, 48.7182], [9.4037, 48.7182]], [[9.4037, 48.7182], [9.4035, 48.7183], [9.4033, 48.7183], [9.4028, 48.7185], [9.4023, 48.7187], [9.4019, 48.7188], [9.4014, 48.7189], [9.4009, 48.719], [9.4008, 48.719], [9.4003, 48.7191], [9.3998, 48.7191], [9.3992, 48.7192], [9.399, 48.7192], [9.3989, 48.7192], [9.3983, 48.7192], [9.398, 48.7192], [9.3978, 48.7192], [9.3974, 48.7192], [9.3971, 48.7191], [9.3963, 48.719], [9.3955, 48.7189], [9.3949, 48.7188], [9.3942, 48.7187], [9.3939, 48.7187], [9.3936, 48.7186], [9.3934, 48.7186], [9.3931, 48.7186], [9.3927, 48.7186]], [[9.3927, 48.7186], [9.3926, 48.7186]], [[9.3926, 48.7186], [9.3924, 48.7186], [9.3923, 48.7185]], [[9.3923, 48.7185], [9.392, 48.7185], [9.3916, 48.7185], [9.3912, 48.7185]], [[9.3912, 48.7185], [9.3906, 48.7185], [9.39, 48.7186], [9.3894, 48.7186], [9.3889, 48.7187], [9.3883, 48.7187], [9.3878, 48.7188], [9.3873, 48.7189], [9.3867, 48.719], [9.3861, 48.7191], [9.3855, 48.7193], [9.3853, 48.7194], [9.3851, 48.7194], [9.385, 48.7194], [9.3845, 48.7196], [9.3841, 48.7197], [9.3833, 48.72], [9.3828, 48.7202], [9.3825, 48.7203], [9.382, 48.7206], [9.3818, 48.7206], [9.3817, 48.7207], [9.3815, 48.7208], [9.3811, 48.721], [9.3809, 48.7211], [9.3797, 48.7219], [9.3796, 48.7219], [9.3786, 48.7225], [9.3781, 48.7228], [9.3775, 48.7231], [9.3769, 48.7233], [9.3763, 48.7236], [9.3756, 48.7238], [9.3748, 48.724], [9.3742, 48.7241], [9.374, 48.7242], [9.3735, 48.7243], [9.373, 48.7244], [9.3727, 48.7244], [9.3722, 48.7245], [9.372, 48.7245], [9.3718, 48.7245], [9.3714, 48.7245], [9.3708, 48.7246], [9.3702, 48.7246], [9.3697, 48.7245], [9.3691, 48.7245], [9.3673, 48.7244], [9.3666, 48.7244], [9.3662, 48.7244], [9.3661, 48.7244], [9.3656, 48.7243], [9.364, 48.7242], [9.3635, 48.7242], [9.363, 48.7242], [9.3624, 48.7242], [9.3619, 48.7242], [9.3614, 48.7242], [9.3609, 48.7242], [9.3607, 48.7243], [9.3604, 48.7243], [9.36, 48.7243], [9.3598, 48.7243], [9.3595, 48.7244], [9.3592, 48.7244], [9.3589, 48.7244], [9.3587, 48.7245], [9.3582, 48.7245], [9.3579, 48.7246], [9.3576, 48.7246], [9.3569, 48.7247], [9.3563, 48.7248], [9.3555, 48.725], [9.3552, 48.725], [9.3549, 48.725], [9.3541, 48.7251], [9.353, 48.7253], [9.3522, 48.7254], [9.3509, 48.7256], [9.3489, 48.7259], [9.3472, 48.7261], [9.3458, 48.7263], [9.345, 48.7264], [9.3444, 48.7265], [9.344, 48.7265], [9.3435, 48.7265], [9.3431, 48.7265], [9.3427, 48.7265], [9.3418, 48.7265], [9.3408, 48.7265], [9.3397, 48.7265], [9.3391, 48.7265], [9.3387, 48.7266], [9.3384, 48.7266], [9.338, 48.7266], [9.3377, 48.7266], [9.3373, 48.7267], [9.3368, 48.7268], [9.3363, 48.7268], [9.3359, 48.7269], [9.3354, 48.727], [9.3348, 48.7272], [9.3343, 48.7273], [9.3338, 48.7275], [9.3333, 48.7277], [9.3327, 48.7279], [9.3318, 48.7282], [9.331, 48.7285], [9.3304, 48.7288], [9.3301, 48.7289], [9.3295, 48.7291], [9.3293, 48.7292], [9.3287, 48.7294], [9.3282, 48.7296], [9.3271, 48.7299], [9.327, 48.73], [9.3266, 48.7301], [9.3261, 48.7303], [9.3259, 48.7303], [9.3256, 48.7304], [9.3247, 48.7307], [9.3245, 48.7308], [9.3239, 48.731], [9.3231, 48.7312], [9.3224, 48.7314], [9.3205, 48.7321], [9.3199, 48.7323], [9.3176, 48.733], [9.3162, 48.7335], [9.315, 48.7339], [9.3136, 48.7344]], [[9.3136, 48.7344], [9.3133, 48.7345]], [[9.3133, 48.7345], [9.313, 48.7346], [9.3129, 48.7346], [9.3121, 48.7349]], [[9.3121, 48.7349], [9.3117, 48.7351]], [[9.3117, 48.7351], [9.3106, 48.7355], [9.3097, 48.7358], [9.3094, 48.7359], [9.3085, 48.7361], [9.3078, 48.7364], [9.3074, 48.7365], [9.3067, 48.7367], [9.3061, 48.7369]], [[9.3061, 48.7369], [9.3055, 48.737], [9.3051, 48.7372]], [[9.3051, 48.7372], [9.3046, 48.7373], [9.3038, 48.7375], [9.3031, 48.7377], [9.3027, 48.7378], [9.3025, 48.7379], [9.3023, 48.7379]], [[9.3023, 48.7379], [9.3019, 48.738], [9.3016, 48.7381]], [[9.3016, 48.7381], [9.3009, 48.7383], [9.3002, 48.7385], [9.3001, 48.7386], [9.2997, 48.7387], [9.2992, 48.7388], [9.299, 48.7389], [9.2986, 48.739]], [[9.2986, 48.739], [9.2982, 48.7391], [9.2979, 48.7392], [9.2978, 48.7392], [9.2977, 48.7393]], [[9.2977, 48.7393], [9.2976, 48.7393], [9.297, 48.7394], [9.2963, 48.7396], [9.2955, 48.7398], [9.2952, 48.7398], [9.2948, 48.7399], [9.2946, 48.74], [9.2939, 48.7401], [9.2935, 48.7402]], [[9.2935, 48.7402], [9.2924, 48.7404], [9.292, 48.7405], [9.2903, 48.7408], [9.2899, 48.7409], [9.2895, 48.741], [9.2891, 48.741]], [[9.2891, 48.741], [9.2886, 48.7411]], [[9.2886, 48.7411], [9.2883, 48.7411], [9.2873, 48.7412]], [[9.2873, 48.7412], [9.2863, 48.7414]], [[9.2863, 48.7414], [9.2862, 48.7414], [9.2859, 48.7414]], [[9.2859, 48.7414], [9.2858, 48.7414], [9.2855, 48.7415]], [[9.2855, 48.7415], [9.2849, 48.7415], [9.2845, 48.7416], [9.284, 48.7417]], [[9.284, 48.7417], [9.2838, 48.7417], [9.2833, 48.7418], [9.2829, 48.7419], [9.2825, 48.7421], [9.2821, 48.7422], [9.2818, 48.7423], [9.2814, 48.7424], [9.2811, 48.7426], [9.2806, 48.7428], [9.2803, 48.7429], [9.2801, 48.743], [9.2797, 48.7432], [9.2795, 48.7434], [9.2793, 48.7434], [9.2791, 48.7436], [9.2789, 48.7437]], [[9.2789, 48.7437], [9.2787, 48.7438]], [[9.2787, 48.7438], [9.2786, 48.7439], [9.2782, 48.7442], [9.2778, 48.7445], [9.2775, 48.7448], [9.2772, 48.745], [9.2769, 48.7453], [9.2767, 48.7456], [9.2765, 48.7458], [9.2763, 48.746], [9.2762, 48.7462], [9.276, 48.7465], [9.2758, 48.7469], [9.2757, 48.7471], [9.2756, 48.7473], [9.2755, 48.7475], [9.2755, 48.7476], [9.2755, 48.7478], [9.2754, 48.7479], [9.2754, 48.7482], [9.2753, 48.7482], [9.2753, 48.7485], [9.2752, 48.7487]], [[9.2752, 48.7487], [9.2752, 48.7489]], [[9.2752, 48.7489], [9.2751, 48.7496], [9.2751, 48.7497]], [[9.2751, 48.7497], [9.275, 48.7499], [9.2749, 48.7504], [9.2747, 48.7509], [9.2746, 48.7512], [9.2744, 48.7518], [9.2741, 48.7526], [9.274, 48.753], [9.2739, 48.7532], [9.2738, 48.7533], [9.2738, 48.7535], [9.2735, 48.754], [9.2733, 48.7545], [9.273, 48.755], [9.2725, 48.7558]], [[9.2725, 48.7558], [9.2722, 48.7563]], [[9.2722, 48.7563], [9.2721, 48.7565]], [[9.2721, 48.7565], [9.2719, 48.7568], [9.2717, 48.7572], [9.2715, 48.7575], [9.2714, 48.7577], [9.2712, 48.758], [9.2711, 48.7581], [9.2709, 48.7584], [9.2707, 48.7585], [9.2707, 48.7586], [9.2697, 48.7598], [9.2681, 48.7617], [9.2681, 48.7618], [9.2678, 48.7621], [9.2676, 48.7624], [9.2674, 48.7626], [9.2667, 48.7634], [9.2666, 48.7636], [9.2658, 48.7645], [9.2654, 48.765], [9.2651, 48.7654], [9.2646, 48.766], [9.2644, 48.7663]], [[9.2644, 48.7663], [9.2641, 48.7667]], [[9.2641, 48.7667], [9.2639, 48.7669]], [[9.2639, 48.7669], [9.2638, 48.767]], [[9.2617, 48.7695], [9.262, 48.7692], [9.2622, 48.7689], [9.2626, 48.7684], [9.2629, 48.768], [9.2631, 48.7678], [9.2632, 48.7677], [9.2635, 48.7673], [9.2637, 48.7672], [9.2638, 48.767]], [[9.2597, 48.7724], [9.2599, 48.7721], [9.26, 48.7719], [9.2602, 48.7716], [9.2603, 48.7713], [9.2606, 48.7709], [9.2607, 48.7707], [9.2608, 48.7706], [9.2609, 48.7704], [9.2611, 48.7701], [9.2614, 48.7698], [9.2617, 48.7695]], [[9.2597, 48.7724], [9.2596, 48.7725]], [[9.2596, 48.7725], [9.2594, 48.7727]], [[9.2594, 48.7727], [9.2589, 48.7734], [9.2583, 48.7741], [9.2581, 48.7743]], [[9.2581, 48.7743], [9.2577, 48.7747], [9.2575, 48.7749], [9.2571, 48.7752], [9.2568, 48.7755], [9.2566, 48.7756], [9.2564, 48.7758], [9.2558, 48.7761], [9.2551, 48.7765], [9.2543, 48.777], [9.2538, 48.7772], [9.2534, 48.7775], [9.2529, 48.7777], [9.2525, 48.778], [9.2524, 48.7781], [9.2519, 48.7784]], [[9.2519, 48.7784], [9.2516, 48.7786]], [[9.2516, 48.7786], [9.2511, 48.7789], [9.2509, 48.7792], [9.2506, 48.7794], [9.2504, 48.7797], [9.2502, 48.7799], [9.2498, 48.7803], [9.2498, 48.7804], [9.2497, 48.7805]], [[9.2497, 48.7805], [9.2496, 48.7806]], [[9.2496, 48.7806], [9.2492, 48.7811], [9.2492, 48.7812]], [[9.2492, 48.7812], [9.2489, 48.7816], [9.2487, 48.7819], [9.2484, 48.7824], [9.2482, 48.7826], [9.248, 48.7829], [9.2475, 48.7835]], [[9.2475, 48.7835], [9.2474, 48.7836]], [[9.2474, 48.7836], [9.2469, 48.7843], [9.2465, 48.7849], [9.2461, 48.7854], [9.2457, 48.7858], [9.2453, 48.7863], [9.2448, 48.787]], [[9.2448, 48.787], [9.2445, 48.7873], [9.2443, 48.7876], [9.2441, 48.7878]], [[9.2441, 48.7878], [9.2437, 48.7885], [9.2436, 48.7887], [9.2435, 48.7889]], [[9.2435, 48.7889], [9.2433, 48.7892], [9.2432, 48.7893], [9.2431, 48.7896], [9.2427, 48.79], [9.2426, 48.7902], [9.2423, 48.7905]], [[9.2423, 48.7905], [9.2422, 48.7907], [9.242, 48.791], [9.2419, 48.7911], [9.2413, 48.7918], [9.2411, 48.7919]], [[9.2411, 48.7919], [9.2409, 48.7923], [9.2408, 48.7923], [9.2406, 48.7926], [9.2405, 48.7927], [9.2405, 48.7928], [9.2402, 48.7931], [9.2401, 48.7932], [9.2394, 48.7942], [9.2392, 48.7944], [9.239, 48.7946], [9.2389, 48.7947], [9.2388, 48.7948], [9.2387, 48.795], [9.2385, 48.7951], [9.2382, 48.7953], [9.2381, 48.7954], [9.2379, 48.7956], [9.2377, 48.7957], [9.2373, 48.7959], [9.2369, 48.7962], [9.2367, 48.7963]], [[9.2367, 48.7963], [9.2365, 48.7964]], [[9.2365, 48.7964], [9.2364, 48.7964], [9.2356, 48.7968], [9.2344, 48.7975], [9.2342, 48.7976], [9.234, 48.7977]], [[9.234, 48.7977], [9.2329, 48.7982]], [[9.232, 48.7986], [9.2316, 48.7987], [9.2312, 48.7988], [9.2298, 48.7991], [9.229, 48.7993], [9.2289, 48.7993]], [[9.2289, 48.7993], [9.2286, 48.7994], [9.2281, 48.7995], [9.228, 48.7995], [9.2277, 48.7996], [9.227, 48.7997], [9.2265, 48.7998], [9.2262, 48.7999], [9.2259, 48.7999], [9.2256, 48.8], [9.2253, 48.8001], [9.2252, 48.8001], [9.2248, 48.8002], [9.2245, 48.8002], [9.2243, 48.8003], [9.2239, 48.8003], [9.2235, 48.8004], [9.2232, 48.8005], [9.2231, 48.8005], [9.2226, 48.8006], [9.2223, 48.8006], [9.2222, 48.8007], [9.2221, 48.8007], [9.222, 48.8007]], [[9.222, 48.8007], [9.2217, 48.8007], [9.221, 48.8008], [9.2207, 48.8009]], [[9.2207, 48.8009], [9.2205, 48.8009], [9.2202, 48.801], [9.2199, 48.801], [9.2195, 48.8011]], [[9.2195, 48.8011], [9.2194, 48.8011]], [[9.2194, 48.8011], [9.2191, 48.8012], [9.2178, 48.8015], [9.2168, 48.8016], [9.2165, 48.8017], [9.2162, 48.8018], [9.2161, 48.8018], [9.2159, 48.8018], [9.2158, 48.8019], [9.2156, 48.8019]], [[9.2156, 48.8019], [9.2153, 48.8019], [9.215, 48.802], [9.2149, 48.802]], [[9.2149, 48.802], [9.2147, 48.802], [9.2145, 48.802]], [[9.2145, 48.802], [9.2143, 48.802], [9.214, 48.802], [9.2138, 48.802], [9.2136, 48.802], [9.2133, 48.802], [9.2131, 48.802], [9.2128, 48.802], [9.2123, 48.8019], [9.2121, 48.8019], [9.2119, 48.8018], [9.2118, 48.8018]], [[9.2118, 48.8018], [9.2116, 48.8018]], [[9.2116, 48.8018], [9.2114, 48.8017], [9.2113, 48.8017], [9.2108, 48.8016], [9.2105, 48.8016], [9.2102, 48.8015]], [[9.2102, 48.8015], [9.21, 48.8014], [9.2096, 48.8013], [9.2094, 48.8013], [9.2092, 48.8012], [9.209, 48.8011], [9.2088, 48.801], [9.2085, 48.8009], [9.208, 48.8007], [9.2078, 48.8006]], [[9.2078, 48.8006], [9.2077, 48.8006]], [[9.2077, 48.8006], [9.2075, 48.8005]], [[9.2035, 48.7986], [9.2034, 48.7985], [9.2027, 48.7982], [9.2021, 48.798], [9.2015, 48.7976], [9.2012, 48.7975], [9.2012, 48.7974], [9.2005, 48.797], [9.2002, 48.7968], [9.1997, 48.7965], [9.1983, 48.7956], [9.1972, 48.795], [9.1969, 48.7948], [9.1968, 48.7947], [9.1966, 48.7946], [9.1963, 48.7944], [9.1955, 48.794]], [[9.1941, 48.7934], [9.194, 48.7933], [9.1939, 48.7932], [9.1936, 48.7931], [9.1935, 48.793]], [[9.1919, 48.7922], [9.1915, 48.792], [9.1912, 48.7919], [9.1911, 48.7918], [9.1907, 48.7916], [9.1897, 48.7912], [9.1892, 48.791], [9.1885, 48.7907]], [[9.1885, 48.7907], [9.1881, 48.7905]], [[9.1881, 48.7905], [9.1879, 48.7904], [9.1874, 48.7901]], [[9.1874, 48.7901], [9.1873, 48.7901]], [[9.1873, 48.7901], [9.187, 48.7899]], [[9.187, 48.7899], [9.1869, 48.7898]], [[9.1869, 48.7898], [9.1865, 48.7896]], [[9.1865, 48.7896], [9.1863, 48.7895], [9.1861, 48.7893], [9.1859, 48.7891]], [[9.1859, 48.7891], [9.1856, 48.7888], [9.185, 48.7883]], [[9.185, 48.7883], [9.1848, 48.788], [9.1847, 48.7879]], [[9.1136, 48.7399], [9.1138, 48.7397], [9.1143, 48.7394], [9.1146, 48.7391], [9.1149, 48.7389], [9.1151, 48.7387], [9.1156, 48.7383], [9.1162, 48.7379], [9.1165, 48.7376], [9.1168, 48.7374], [9.1175, 48.7369], [9.1179, 48.7365], [9.1182, 48.7363], [9.1184, 48.7361], [9.1185, 48.736], [9.1188, 48.7357], [9.1189, 48.7356], [9.119, 48.7355], [9.1191, 48.7353], [9.1193, 48.735], [9.1194, 48.7348], [9.1194, 48.7346], [9.1195, 48.7344], [9.1195, 48.7341]], [[9.1195, 48.7341], [9.1196, 48.7335], [9.1197, 48.7329]], [[9.1197, 48.7329], [9.1197, 48.7326], [9.1196, 48.7325], [9.1196, 48.7324], [9.1196, 48.7321], [9.1195, 48.732], [9.1195, 48.7319], [9.1194, 48.7316], [9.1193, 48.7314], [9.1192, 48.7312], [9.1191, 48.731], [9.1188, 48.7304], [9.1186, 48.7302], [9.1183, 48.73], [9.118, 48.7297], [9.1178, 48.7295], [9.1174, 48.7292], [9.1173, 48.7291], [9.1169, 48.7289], [9.1166, 48.7287], [9.1164, 48.7285]], [[9.1164, 48.7285], [9.1152, 48.7279]], [[9.1152, 48.7279], [9.1152, 48.7278], [9.1151, 48.7278], [9.1148, 48.7276], [9.1145, 48.7274], [9.1137, 48.727], [9.1132, 48.7266], [9.113, 48.7265], [9.1129, 48.7265], [9.1128, 48.7264], [9.1126, 48.7263], [9.1125, 48.7262], [9.1122, 48.7261], [9.1118, 48.7259]], [[9.1118, 48.7259], [9.1114, 48.7257], [9.111, 48.7255]], [[9.111, 48.7255], [9.1109, 48.7255], [9.1104, 48.7252], [9.1099, 48.725], [9.1097, 48.7249], [9.1095, 48.7248], [9.1093, 48.7247], [9.1091, 48.7246], [9.1089, 48.7244], [9.1088, 48.7243]], [[9.1088, 48.7243], [9.1083, 48.7238], [9.1079, 48.7233]], [[9.1079, 48.7233], [9.1078, 48.7232], [9.1077, 48.7231], [9.1073, 48.7226], [9.1072, 48.7224], [9.1071, 48.7223], [9.107, 48.722], [9.1069, 48.7218]], [[9.1069, 48.7218], [9.1069, 48.7216], [9.1069, 48.7215]], [[9.1069, 48.7215], [9.1068, 48.7212], [9.1068, 48.721], [9.1068, 48.7207], [9.1069, 48.7204], [9.1069, 48.7201], [9.107, 48.7197], [9.1071, 48.7194], [9.1073, 48.719], [9.1074, 48.719], [9.1074, 48.7189]], [[9.1074, 48.7189], [9.1076, 48.7186], [9.1078, 48.7184], [9.1079, 48.7182], [9.108, 48.7181], [9.1082, 48.7179], [9.1082, 48.7178], [9.1084, 48.7176], [9.1086, 48.7174], [9.1086, 48.7173], [9.1088, 48.7172], [9.1089, 48.717]], [[9.1089, 48.717], [9.1092, 48.7166], [9.1093, 48.7164], [9.1095, 48.7161]], [[9.1095, 48.7161], [9.1096, 48.7161]], [[9.1096, 48.7161], [9.1096, 48.716], [9.1097, 48.7158], [9.1098, 48.7157], [9.1099, 48.7155], [9.1099, 48.7154], [9.11, 48.7152], [9.11, 48.7151], [9.1101, 48.715], [9.1101, 48.7149], [9.1101, 48.7146], [9.1101, 48.7145], [9.1101, 48.7143], [9.1101, 48.7142], [9.1101, 48.7141], [9.1101, 48.7139], [9.1101, 48.7138], [9.1101, 48.7137], [9.11, 48.7135], [9.11, 48.7134], [9.1099, 48.7132], [9.1099, 48.7131], [9.1098, 48.713], [9.1097, 48.713], [9.1097, 48.7129], [9.1096, 48.7128], [9.1096, 48.7127], [9.1095, 48.7126], [9.1094, 48.7125], [9.1093, 48.7124], [9.1091, 48.7123], [9.1089, 48.7121], [9.1087, 48.712], [9.1085, 48.7119], [9.1084, 48.7118]], [[9.1084, 48.7118], [9.1081, 48.7116], [9.1079, 48.7116]], [[9.1079, 48.7116], [9.1077, 48.7115], [9.1074, 48.7113]], [[9.105, 48.7104], [9.1048, 48.7103], [9.1047, 48.7103], [9.1043, 48.7101], [9.1039, 48.71], [9.1036, 48.7098], [9.1029, 48.7096], [9.1024, 48.7094], [9.1021, 48.7092], [9.1013, 48.7089], [9.1006, 48.7086], [9.1002, 48.7085], [9.0991, 48.708]], [[9.0991, 48.708], [9.099, 48.708]], [[9.099, 48.708], [9.0989, 48.708], [9.0984, 48.7078], [9.0981, 48.7076], [9.0974, 48.7074], [9.0974, 48.7073], [9.0962, 48.7069], [9.0957, 48.7067], [9.0955, 48.7066], [9.0952, 48.7065], [9.0949, 48.7064], [9.0946, 48.7063], [9.0944, 48.7062], [9.094, 48.7061], [9.0931, 48.7058], [9.0924, 48.7056], [9.0911, 48.7052], [9.0898, 48.7048], [9.0895, 48.7047], [9.0891, 48.7046], [9.0888, 48.7045], [9.0885, 48.7045], [9.0883, 48.7044], [9.0881, 48.7044], [9.0878, 48.7043], [9.0876, 48.7043], [9.0873, 48.7042], [9.0872, 48.7042], [9.087, 48.7042], [9.0864, 48.7041], [9.0862, 48.7041], [9.0852, 48.704], [9.0844, 48.7039], [9.0833, 48.7038], [9.0824, 48.7037], [9.0816, 48.7036], [9.081, 48.7035], [9.0801, 48.7034], [9.0792, 48.7033], [9.078, 48.7032], [9.0775, 48.7031], [9.0772, 48.7031], [9.077, 48.7031], [9.0768, 48.703], [9.0766, 48.703], [9.0763, 48.703], [9.0756, 48.703], [9.0751, 48.7029], [9.0742, 48.7029], [9.0729, 48.7028], [9.0719, 48.7028], [9.0715, 48.7028], [9.0707, 48.7027], [9.0697, 48.7027], [9.0689, 48.7026], [9.0686, 48.7026], [9.0684, 48.7026], [9.0682, 48.7026], [9.068, 48.7026], [9.0678, 48.7026], [9.0676, 48.7025], [9.0674, 48.7025], [9.0672, 48.7025], [9.0671, 48.7025], [9.067, 48.7025], [9.0669, 48.7024], [9.0667, 48.7024], [9.0665, 48.7024], [9.0664, 48.7023], [9.0661, 48.7023], [9.0659, 48.7022], [9.0657, 48.7022], [9.0655, 48.7021], [9.065, 48.702], [9.0644, 48.7018], [9.0643, 48.7018], [9.0637, 48.7016], [9.063, 48.7014], [9.0629, 48.7014], [9.062, 48.7012], [9.0616, 48.7011], [9.0612, 48.7009], [9.0609, 48.7008], [9.0606, 48.7008], [9.0602, 48.7007], [9.0599, 48.7006], [9.0595, 48.7005], [9.0593, 48.7005], [9.0591, 48.7005], [9.0586, 48.7004], [9.0584, 48.7004], [9.0582, 48.7003], [9.058, 48.7003], [9.0578, 48.7003], [9.0575, 48.7003], [9.0572, 48.7003], [9.0569, 48.7003], [9.0567, 48.7003], [9.0566, 48.7003], [9.0562, 48.7003], [9.0559, 48.7003], [9.0558, 48.7003], [9.0557, 48.7003], [9.0554, 48.7003], [9.055, 48.7003], [9.0543, 48.7004], [9.0531, 48.7005], [9.0519, 48.7007], [9.0512, 48.7007], [9.0503, 48.7008], [9.0492, 48.7009], [9.0492, 48.701], [9.0474, 48.7011]], [[9.0474, 48.7011], [9.0473, 48.7012]], [[9.0473, 48.7012], [9.0465, 48.7012], [9.0461, 48.7013], [9.0439, 48.7015], [9.0432, 48.7016]], [[9.0432, 48.7016], [9.0426, 48.7017], [9.0425, 48.7017], [9.0422, 48.7017], [9.0419, 48.7017], [9.0417, 48.7017], [9.0415, 48.7017], [9.0413, 48.7018], [9.0411, 48.7017], [9.041, 48.7017], [9.0409, 48.7017], [9.0407, 48.7017], [9.0406, 48.7017], [9.0404, 48.7017], [9.0403, 48.7017], [9.0401, 48.7017], [9.0399, 48.7017], [9.0396, 48.7016], [9.0394, 48.7016], [9.039, 48.7015], [9.0379, 48.7013], [9.0376, 48.7013], [9.0368, 48.7011], [9.0356, 48.7009], [9.0339, 48.7006], [9.0334, 48.7005], [9.0333, 48.7005]], [[9.0333, 48.7005], [9.0329, 48.7004]], [[9.0329, 48.7004], [9.0327, 48.7004], [9.0326, 48.7004]], [[9.0326, 48.7004], [9.032, 48.7003]], [[9.032, 48.7003], [9.0297, 48.6998], [9.0277, 48.6995], [9.027, 48.6993], [9.0253, 48.699], [9.0252, 48.699], [9.0249, 48.6989], [9.0246, 48.6989], [9.0244, 48.6988], [9.0242, 48.6988], [9.0241, 48.6987], [9.0239, 48.6987], [9.0238, 48.6987], [9.0237, 48.6986], [9.0235, 48.6986], [9.0234, 48.6985]], [[9.0234, 48.6985], [9.0233, 48.6985], [9.0232, 48.6984], [9.023, 48.6983]], [[9.023, 48.6983], [9.0228, 48.6983], [9.0227, 48.6982], [9.0226, 48.6982], [9.0225, 48.6981], [9.0222, 48.698], [9.022, 48.6978], [9.0216, 48.6976], [9.0215, 48.6976], [9.0214, 48.6975], [9.0211, 48.6973], [9.0207, 48.6971]], [[9.0207, 48.6971], [9.0204, 48.6969], [9.02, 48.6967], [9.0199, 48.6966], [9.0197, 48.6965], [9.0193, 48.6963], [9.0189, 48.6961], [9.0186, 48.6959], [9.0181, 48.6956], [9.0172, 48.6951], [9.0164, 48.6946], [9.015, 48.6938], [9.0142, 48.6934], [9.013, 48.6927], [9.0124, 48.6923], [9.0119, 48.692], [9.0117, 48.6919], [9.0109, 48.6914], [9.0102, 48.691], [9.0099, 48.6908], [9.0098, 48.6908], [9.0094, 48.6906], [9.0091, 48.6904], [9.009, 48.6904], [9.009, 48.6903]], [[9.009, 48.6903], [9.0083, 48.6899], [9.0078, 48.6896], [9.0077, 48.6896], [9.0072, 48.6894], [9.007, 48.6892]], [[9.007, 48.6892], [9.0069, 48.6892], [9.0067, 48.6891]], [[9.0067, 48.6891], [9.0061, 48.6888]], [[9.0061, 48.6888], [9.0056, 48.6886]], [[9.0056, 48.6886], [9.0054, 48.6885], [9.0051, 48.6883], [9.0047, 48.6881], [9.0042, 48.6877], [9.004, 48.6876], [9.0036, 48.6874], [9.0033, 48.6872], [9.0032, 48.6872], [9.0031, 48.6871], [9.0025, 48.6868], [9.0021, 48.6865], [9.0015, 48.6862], [9.0013, 48.6861], [9.0011, 48.6859], [9.0005, 48.6856]], [[9.0005, 48.6856], [9.0001, 48.6853], [8.9997, 48.6851], [8.9995, 48.685], [8.9992, 48.6848]], [[8.9992, 48.6848], [8.9987, 48.6845], [8.9982, 48.6841], [8.9979, 48.684], [8.9978, 48.6839]], [[8.9978, 48.6839], [8.9975, 48.6838], [8.9971, 48.6836], [8.9968, 48.6834], [8.9964, 48.6832], [8.9962, 48.6831], [8.9961, 48.6831], [8.9959, 48.683], [8.9958, 48.6829], [8.9956, 48.6829], [8.9953, 48.6828], [8.9951, 48.6827], [8.9949, 48.6826], [8.9948, 48.6826], [8.9947, 48.6826]], [[8.9947, 48.6826], [8.9945, 48.6825], [8.9944, 48.6825], [8.9943, 48.6824], [8.994, 48.6824], [8.9936, 48.6823], [8.9931, 48.6821], [8.9928, 48.682], [8.9926, 48.682], [8.992, 48.6818], [8.9912, 48.6816], [8.9908, 48.6815], [8.9904, 48.6814], [8.9899, 48.6813], [8.9894, 48.6811], [8.9884, 48.6808], [8.988, 48.6807], [8.9876, 48.6806], [8.9872, 48.6805], [8.9867, 48.6804], [8.9855, 48.6801], [8.9846, 48.6798], [8.9837, 48.6796], [8.9829, 48.6794], [8.9824, 48.6792], [8.9818, 48.6791], [8.9811, 48.6789], [8.9805, 48.6787], [8.9802, 48.6786], [8.9801, 48.6786], [8.9795, 48.6784], [8.9789, 48.6783], [8.9781, 48.6781], [8.9777, 48.678], [8.9768, 48.6777], [8.976, 48.6775], [8.9758, 48.6774]], [[8.9758, 48.6774], [8.9753, 48.6773]], [[8.9753, 48.6773], [8.9751, 48.6772], [8.9749, 48.6772], [8.9747, 48.6771], [8.9744, 48.677], [8.9741, 48.6769], [8.9737, 48.6768], [8.9734, 48.6766], [8.973, 48.6765], [8.9727, 48.6764], [8.9723, 48.6762]], [[8.9723, 48.6762], [8.9719, 48.676]], [[8.9719, 48.676], [8.971, 48.6757], [8.9683, 48.6744], [8.9642, 48.6723], [8.9639, 48.6722]], [[8.9639, 48.6722], [8.963, 48.6718]], [[8.963, 48.6718], [8.9626, 48.6716], [8.9602, 48.6704], [8.9578, 48.6692], [8.9559, 48.6683], [8.9556, 48.6681], [8.9555, 48.6681], [8.9532, 48.667], [8.953, 48.6669]], [[8.953, 48.6669], [8.9528, 48.6668]], [[8.9528, 48.6668], [8.9521, 48.6665], [8.9515, 48.6662], [8.951, 48.6659], [8.9503, 48.6656], [8.9486, 48.6648], [8.9478, 48.6644], [8.9468, 48.664], [8.9456, 48.6634], [8.9445, 48.6629], [8.9433, 48.6623], [8.9424, 48.6619], [8.942, 48.6617], [8.9415, 48.6615], [8.9409, 48.6613], [8.9402, 48.6611], [8.94, 48.6611], [8.9395, 48.661], [8.9373, 48.6605], [8.9365, 48.6603]], [[8.9365, 48.6603], [8.936, 48.6602]], [[8.936, 48.6602], [8.9355, 48.6601], [8.9351, 48.66], [8.9346, 48.6599], [8.9342, 48.6597], [8.9337, 48.6595], [8.9329, 48.6592]], [[8.9329, 48.6592], [8.9319, 48.6587]], [[8.9319, 48.6587], [8.9317, 48.6586], [8.9312, 48.6583], [8.9308, 48.6581], [8.9303, 48.6578], [8.9302, 48.6577], [8.9299, 48.6575], [8.9297, 48.6572], [8.9295, 48.6571], [8.929, 48.6565], [8.9287, 48.6562]], [[8.9287, 48.6562], [8.9285, 48.6559]], [[8.9285, 48.6559], [8.9284, 48.6558]], [[8.9284, 48.6558], [8.9274, 48.6547], [8.9271, 48.6542], [8.9261, 48.653], [8.9258, 48.6527], [8.9254, 48.6522], [8.9252, 48.652], [8.9248, 48.6516], [8.9245, 48.6514], [8.9238, 48.6508], [8.9234, 48.6506], [8.923, 48.6503], [8.9225, 48.65], [8.9208, 48.6492], [8.9185, 48.6481], [8.9182, 48.6479], [8.918, 48.6478], [8.9167, 48.6472], [8.9166, 48.6471], [8.916, 48.6468], [8.9158, 48.6467], [8.9154, 48.6464], [8.9151, 48.6462], [8.9147, 48.6459], [8.9146, 48.6458]], [[8.9146, 48.6458], [8.9143, 48.6455]], [[8.9143, 48.6455], [8.9141, 48.6454]], [[8.9141, 48.6454], [8.9137, 48.6451], [8.9131, 48.6445], [8.9127, 48.6442], [8.9114, 48.643], [8.911, 48.6428], [8.9109, 48.6426], [8.9099, 48.6418], [8.9096, 48.6415], [8.9088, 48.6408], [8.9086, 48.6406], [8.9083, 48.6404], [8.908, 48.6401], [8.9079, 48.64], [8.9076, 48.6397], [8.9075, 48.6396]], [[8.9075, 48.6396], [8.9073, 48.6394]], [[8.9073, 48.6394], [8.907, 48.6391], [8.9067, 48.6388], [8.9064, 48.6384], [8.9063, 48.6383], [8.9061, 48.6381], [8.9057, 48.6375], [8.9056, 48.6373]], [[8.9056, 48.6373], [8.9053, 48.6367], [8.9052, 48.6365]], [[8.9052, 48.6365], [8.905, 48.636], [8.9045, 48.6351], [8.9044, 48.6349], [8.9041, 48.6344], [8.9039, 48.634], [8.9033, 48.6331], [8.9028, 48.6325], [8.9024, 48.6319], [8.9016, 48.6309], [8.8996, 48.6288], [8.898, 48.627], [8.8979, 48.6269], [8.8977, 48.6267], [8.8971, 48.6261], [8.8968, 48.6257], [8.8966, 48.6255], [8.8964, 48.6253], [8.8961, 48.6249], [8.8957, 48.6246], [8.8954, 48.6242], [8.8952, 48.6241], [8.895, 48.6239]], [[8.895, 48.6239], [8.8949, 48.6237], [8.8948, 48.6236]], [[8.8948, 48.6236], [8.8946, 48.6235], [8.8944, 48.6233], [8.8941, 48.6231], [8.8939, 48.6229]], [[8.8939, 48.6229], [8.8937, 48.6227]], [[8.8937, 48.6227], [8.8934, 48.6225], [8.8932, 48.6223], [8.893, 48.6222], [8.8923, 48.6217], [8.8917, 48.6213], [8.8912, 48.6211], [8.8902, 48.6204], [8.89, 48.6203], [8.8894, 48.6199], [8.8891, 48.6197], [8.8889, 48.6196], [8.8888, 48.6195], [8.8883, 48.6192], [8.8881, 48.6191], [8.888, 48.619], [8.8875, 48.6188], [8.8871, 48.6185], [8.8866, 48.6182], [8.8864, 48.6181], [8.8862, 48.618]], [[8.8862, 48.618], [8.8861, 48.6179]], [[8.8861, 48.6179], [8.8859, 48.6178], [8.8857, 48.6177], [8.8854, 48.6174], [8.8851, 48.6172], [8.8848, 48.6171], [8.8845, 48.6169], [8.8843, 48.6167], [8.884, 48.6165], [8.884, 48.6164], [8.8838, 48.6163], [8.8836, 48.6162], [8.8835, 48.6161], [8.8833, 48.6158], [8.8832, 48.6157], [8.8831, 48.6156], [8.8829, 48.6155], [8.8828, 48.6153], [8.8826, 48.6151], [8.8824, 48.6149], [8.8823, 48.6147], [8.882, 48.6143], [8.8818, 48.614], [8.8816, 48.6137], [8.8815, 48.6136], [8.8814, 48.6134]], [[8.8814, 48.6134], [8.8812, 48.6132], [8.8812, 48.6131], [8.8811, 48.613], [8.8809, 48.6127], [8.8807, 48.6126], [8.8806, 48.6124], [8.8804, 48.6122], [8.8803, 48.6121], [8.8802, 48.612], [8.88, 48.6118], [8.8798, 48.6117], [8.8796, 48.6116], [8.8794, 48.6115], [8.8792, 48.6113], [8.8789, 48.6112], [8.8787, 48.6111], [8.8786, 48.611], [8.8782, 48.6108], [8.8779, 48.6107], [8.8777, 48.6106], [8.8773, 48.6105], [8.8769, 48.6104], [8.8766, 48.6103], [8.8762, 48.6102], [8.8758, 48.6101], [8.8756, 48.6101], [8.8739, 48.6098]], [[8.8739, 48.6098], [8.8736, 48.6097]], [[8.8736, 48.6097], [8.8731, 48.6096], [8.8711, 48.6093], [8.8703, 48.6091], [8.87, 48.609], [8.8699, 48.609], [8.8696, 48.6089], [8.8692, 48.6088], [8.8686, 48.6085], [8.8681, 48.6083], [8.8675, 48.608], [8.8672, 48.6078], [8.8671, 48.6077], [8.8667, 48.6074], [8.8664, 48.6072], [8.8662, 48.607], [8.8661, 48.6069], [8.866, 48.6068], [8.8657, 48.6064], [8.8654, 48.606], [8.8653, 48.6058], [8.8651, 48.6056], [8.8651, 48.6054], [8.865, 48.6053], [8.8649, 48.6051], [8.8648, 48.6048], [8.8647, 48.6044], [8.8646, 48.6041], [8.8646, 48.6038], [8.8646, 48.6036], [8.8646, 48.6032], [8.8647, 48.6028], [8.8647, 48.6027], [8.8648, 48.6025], [8.8651, 48.6017], [8.8651, 48.6016], [8.8652, 48.6016], [8.8654, 48.6012], [8.8659, 48.6001], [8.866, 48.6]], [[8.866, 48.6], [8.8661, 48.5997]], [[8.8661, 48.5997], [8.8663, 48.5994]], [[8.8663, 48.5994], [8.8664, 48.5993], [8.8664, 48.5992], [8.8664, 48.5991], [8.8668, 48.5984], [8.8668, 48.5983], [8.8668, 48.5981], [8.8669, 48.5978], [8.8669, 48.5974], [8.8668, 48.5971], [8.8668, 48.5969], [8.8667, 48.5967], [8.8666, 48.5964], [8.8664, 48.5961], [8.8662, 48.5958]], [[8.8662, 48.5958], [8.866, 48.5956]], [[8.866, 48.5956], [8.8659, 48.5955]], [[8.8658, 48.5954], [8.8659, 48.5955]], [[8.8652, 48.595], [8.8655, 48.5952], [8.8658, 48.5954]], [[8.8652, 48.595], [8.8649, 48.5948], [8.8646, 48.5947], [8.8645, 48.5947]], [[8.8645, 48.5947], [8.8644, 48.5946], [8.864, 48.5945], [8.863, 48.5942], [8.8629, 48.5941]], [[8.9097, 48.6414], [8.9098, 48.6414], [8.9093, 48.641], [8.9092, 48.6409], [8.9091, 48.6409], [8.9091, 48.6408], [8.909, 48.6408], [8.909, 48.6407], [8.9089, 48.6407], [8.9088, 48.6406], [8.9086, 48.6405], [8.9087, 48.6405], [8.9085, 48.6403], [8.9084, 48.6402], [8.9083, 48.6402], [8.908, 48.6399], [8.908, 48.64], [8.9083, 48.6403], [8.9086, 48.6405], [8.9089, 48.6408], [8.9092, 48.641], [8.9095, 48.6412], [8.9097, 48.6414]], [[8.9834, 48.6794], [8.9838, 48.6795], [8.9837, 48.6795], [8.9834, 48.6795], [8.9829, 48.6793], [8.9827, 48.6793], [8.9825, 48.6792], [8.9823, 48.6792], [8.9814, 48.6789], [8.9811, 48.6788], [8.9815, 48.6789], [8.9823, 48.6791], [8.9824, 48.6791], [8.9825, 48.6792], [8.9829, 48.6793], [8.983, 48.6793], [8.9834, 48.6794]], [[9.0188, 48.6959], [9.0194, 48.6963], [9.0195, 48.6962], [9.0195, 48.6963], [9.0198, 48.6965], [9.0201, 48.6966], [9.0207, 48.697], [9.0207, 48.6969], [9.0208, 48.697], [9.0208, 48.6971], [9.0207, 48.697], [9.0201, 48.6966], [9.0198, 48.6965], [9.0186, 48.6958], [9.0187, 48.6958], [9.0188, 48.6959]], [[9.1054, 48.7459], [9.1056, 48.7457], [9.1058, 48.7453], [9.1061, 48.7449], [9.1062, 48.7448], [9.1064, 48.7446], [9.1065, 48.7445], [9.1064, 48.7446], [9.1064, 48.7447], [9.1062, 48.7448], [9.1059, 48.7453], [9.1056, 48.7457], [9.1056, 48.7458], [9.1055, 48.7458], [9.1055, 48.746], [9.1054, 48.7459]], [[9.1577, 48.7705], [9.1577, 48.7704], [9.1575, 48.7704], [9.1568, 48.7702], [9.1562, 48.77], [9.1554, 48.7698], [9.1553, 48.7698], [9.1552, 48.7697], [9.1551, 48.7697], [9.1551, 48.7698], [9.1552, 48.7698], [9.1551, 48.7698], [9.1553, 48.7698], [9.1563, 48.7701], [9.1564, 48.7701], [9.1576, 48.7704], [9.1577, 48.7704], [9.1577, 48.7705]], [[9.2496, 48.7804], [9.2499, 48.78], [9.2502, 48.7797], [9.2501, 48.7797], [9.2502, 48.7795], [9.2503, 48.7796], [9.2505, 48.7793], [9.2507, 48.7792], [9.2509, 48.779], [9.2512, 48.7788], [9.251, 48.7789], [9.2507, 48.7792], [9.2505, 48.7794], [9.2502, 48.7797], [9.25, 48.78], [9.2497, 48.7804], [9.2496, 48.7804]], [[9.413, 48.6939], [9.4131, 48.6939], [9.4133, 48.694], [9.4135, 48.6941], [9.4136, 48.6942], [9.4141, 48.6945], [9.4145, 48.6947], [9.4147, 48.6948], [9.4148, 48.6949], [9.4151, 48.6951], [9.4153, 48.6952], [9.4152, 48.6952], [9.4149, 48.695], [9.4145, 48.6947], [9.4141, 48.6945], [9.4138, 48.6943], [9.4138, 48.6944], [9.4137, 48.6943], [9.4136, 48.6942], [9.4135, 48.6942], [9.4135, 48.6941], [9.4134, 48.6941], [9.4132, 48.694], [9.413, 48.6939], [9.4131, 48.6939], [9.413, 48.6939]], [[9.4152, 48.6584], [9.4154, 48.6583], [9.4161, 48.6578], [9.4162, 48.6578], [9.4163, 48.6578], [9.4163, 48.6577], [9.4164, 48.6577], [9.417, 48.6574], [9.4172, 48.6573], [9.4174, 48.6571], [9.4176, 48.657], [9.4176, 48.6571], [9.4162, 48.6578], [9.4152, 48.6584]], [[8.8629, 48.594], [8.8631, 48.5941], [8.8634, 48.5942], [8.8637, 48.5943], [8.864, 48.5944], [8.8643, 48.5945], [8.8644, 48.5946]], [[8.8644, 48.5946], [8.8649, 48.5948], [8.8652, 48.595], [8.8655, 48.5952]], [[8.8655, 48.5952], [8.8656, 48.5952], [8.8657, 48.5953]], [[8.8657, 48.5953], [8.8658, 48.5954]], [[8.8658, 48.5954], [8.8659, 48.5955], [8.8662, 48.5958]], [[8.8662, 48.5958], [8.8664, 48.5961], [8.8665, 48.5961], [8.8666, 48.5964], [8.8668, 48.5967], [8.8669, 48.5969], [8.8669, 48.5971], [8.8669, 48.5974], [8.8669, 48.5978], [8.8669, 48.5981], [8.8668, 48.5983]], [[8.8668, 48.5983], [8.8668, 48.5984], [8.8666, 48.5989], [8.8665, 48.5991], [8.8664, 48.5993], [8.8663, 48.5994]], [[8.8663, 48.5994], [8.8662, 48.5997]], [[8.8662, 48.5997], [8.866, 48.6]], [[8.866, 48.6], [8.866, 48.6001], [8.8654, 48.6012], [8.8652, 48.6017], [8.8651, 48.6017], [8.865, 48.6021], [8.8648, 48.6025], [8.8648, 48.6026], [8.8648, 48.6027], [8.8647, 48.6028], [8.8647, 48.6032], [8.8647, 48.6036], [8.8647, 48.6038], [8.8647, 48.6041], [8.8647, 48.6044], [8.8648, 48.6047], [8.8649, 48.6051], [8.865, 48.6053], [8.8651, 48.6054], [8.8652, 48.6056], [8.8653, 48.6058], [8.8654, 48.606], [8.8657, 48.6064], [8.866, 48.6067], [8.8661, 48.6069], [8.8662, 48.607], [8.8665, 48.6072], [8.8667, 48.6074], [8.8671, 48.6076], [8.8673, 48.6078], [8.8674, 48.6079], [8.8675, 48.608], [8.8681, 48.6083], [8.8686, 48.6085], [8.8692, 48.6087], [8.8696, 48.6089], [8.8699, 48.609], [8.87, 48.609], [8.8704, 48.6091], [8.8713, 48.6093], [8.8715, 48.6093], [8.8731, 48.6096], [8.8736, 48.6097]], [[8.8736, 48.6097], [8.8739, 48.6097]], [[8.8739, 48.6097], [8.8756, 48.61], [8.8758, 48.6101], [8.8762, 48.6102], [8.8766, 48.6102], [8.877, 48.6103], [8.8773, 48.6104], [8.8777, 48.6106], [8.8779, 48.6107], [8.8782, 48.6108], [8.8786, 48.611], [8.8788, 48.611], [8.879, 48.6111], [8.8792, 48.6113], [8.8795, 48.6114], [8.8797, 48.6116], [8.8799, 48.6117], [8.88, 48.6118], [8.8802, 48.612], [8.8803, 48.6121], [8.8804, 48.6122], [8.8806, 48.6124], [8.8808, 48.6125], [8.8809, 48.6127], [8.8811, 48.6129], [8.8812, 48.613], [8.8813, 48.6132], [8.8815, 48.6134], [8.8815, 48.6135], [8.8816, 48.6135], [8.8816, 48.6136]], [[8.8816, 48.6136], [8.8817, 48.6137], [8.8819, 48.614], [8.8821, 48.6143], [8.8823, 48.6145], [8.8823, 48.6147], [8.8825, 48.6148], [8.8826, 48.6151], [8.8828, 48.6153], [8.883, 48.6155], [8.8831, 48.6156], [8.8832, 48.6157], [8.8833, 48.6158], [8.8836, 48.616], [8.8837, 48.6162], [8.8838, 48.6163], [8.884, 48.6164], [8.8841, 48.6165], [8.8843, 48.6167], [8.8845, 48.6168], [8.8848, 48.617], [8.8851, 48.6172], [8.8854, 48.6174], [8.8857, 48.6176], [8.886, 48.6177], [8.8861, 48.6179]], [[8.8861, 48.6179], [8.8862, 48.6179]], [[8.8862, 48.6179], [8.8864, 48.618], [8.8867, 48.6182], [8.8872, 48.6185], [8.8877, 48.6188], [8.8882, 48.6191], [8.8886, 48.6193], [8.889, 48.6196], [8.8892, 48.6197], [8.8895, 48.6198], [8.8897, 48.6199], [8.8899, 48.6201], [8.8902, 48.6202], [8.8903, 48.6203], [8.8903, 48.6204], [8.8905, 48.6205], [8.8908, 48.6207], [8.8909, 48.6207], [8.8911, 48.6208], [8.8913, 48.621], [8.8915, 48.6211], [8.8917, 48.6213], [8.8923, 48.6217], [8.8931, 48.6222], [8.8932, 48.6223], [8.8934, 48.6224], [8.8936, 48.6226], [8.8938, 48.6227]], [[8.8938, 48.6227], [8.8939, 48.6229]], [[8.8939, 48.6229], [8.8942, 48.623], [8.8944, 48.6232], [8.8946, 48.6234], [8.8948, 48.6236]], [[8.8948, 48.6236], [8.895, 48.6237], [8.8951, 48.6239]], [[8.8951, 48.6239], [8.8953, 48.624], [8.8954, 48.6242], [8.8958, 48.6246], [8.8961, 48.6249], [8.8965, 48.6253], [8.8966, 48.6255], [8.8968, 48.6257], [8.8975, 48.6264], [8.8978, 48.6267], [8.898, 48.6269], [8.8996, 48.6287], [8.8997, 48.6288], [8.9016, 48.6309], [8.9025, 48.6319], [8.9029, 48.6325], [8.9034, 48.6331], [8.9039, 48.634], [8.9042, 48.6344], [8.9045, 48.6349], [8.9046, 48.6351], [8.905, 48.636], [8.9053, 48.6365], [8.9053, 48.6366]], [[8.9053, 48.6366], [8.9053, 48.6367], [8.9056, 48.6371], [8.9058, 48.6375], [8.9061, 48.6379], [8.9065, 48.6385], [8.9066, 48.6386], [8.9067, 48.6388], [8.907, 48.6391], [8.9073, 48.6394]], [[8.9075, 48.6396], [8.9077, 48.6397], [8.9081, 48.6401], [8.9083, 48.6403], [8.9085, 48.6405], [8.9089, 48.6408], [8.9091, 48.6409], [8.9094, 48.6412], [8.9097, 48.6415], [8.9103, 48.642], [8.9108, 48.6424], [8.9111, 48.6427], [8.9125, 48.6439], [8.9127, 48.6441], [8.9139, 48.6452], [8.9143, 48.6455]], [[8.9143, 48.6455], [8.9147, 48.6458]], [[8.9147, 48.6458], [8.9147, 48.6459], [8.9148, 48.6459]], [[8.9268, 48.6538], [8.9261, 48.653], [8.9258, 48.6526], [8.9254, 48.6522], [8.9251, 48.6518], [8.9249, 48.6516], [8.9246, 48.6513], [8.9239, 48.6508], [8.9235, 48.6505], [8.923, 48.6503], [8.9226, 48.65], [8.9208, 48.6492], [8.9185, 48.648], [8.9182, 48.6479], [8.918, 48.6478], [8.9168, 48.6472], [8.9167, 48.6471], [8.9161, 48.6468], [8.9159, 48.6466], [8.9154, 48.6463], [8.9151, 48.6462], [8.9151, 48.6461], [8.9148, 48.6459]], [[8.9284, 48.6558], [8.9279, 48.6551], [8.9275, 48.6546], [8.9271, 48.6542], [8.9268, 48.6538]], [[8.9285, 48.6559], [8.9289, 48.6563]], [[8.9289, 48.6563], [8.929, 48.6564], [8.9295, 48.657], [8.9297, 48.6572], [8.9299, 48.6574], [8.9302, 48.6576], [8.9303, 48.6577], [8.9308, 48.658], [8.9312, 48.6583], [8.9318, 48.6586], [8.9319, 48.6587]], [[8.9319, 48.6587], [8.9329, 48.6591]], [[8.9329, 48.6591], [8.9332, 48.6593], [8.9335, 48.6594], [8.9337, 48.6595], [8.9343, 48.6597], [8.9346, 48.6598], [8.9352, 48.66], [8.9359, 48.6602]], [[8.9359, 48.6602], [8.9363, 48.6602], [8.9365, 48.6603]], [[8.9365, 48.6603], [8.9373, 48.6604], [8.9386, 48.6607], [8.9392, 48.6608], [8.9396, 48.6609], [8.94, 48.661], [8.9402, 48.6611], [8.941, 48.6613], [8.9416, 48.6615], [8.942, 48.6617], [8.9425, 48.6618], [8.943, 48.6621], [8.9434, 48.6622], [8.944, 48.6625], [8.9441, 48.6626], [8.9446, 48.6628], [8.9449, 48.663], [8.9457, 48.6633], [8.946, 48.6635], [8.9463, 48.6636], [8.9469, 48.6639], [8.9473, 48.6641], [8.9483, 48.6646], [8.9504, 48.6656], [8.9506, 48.6657], [8.951, 48.6659], [8.9516, 48.6662], [8.9521, 48.6664], [8.9527, 48.6667], [8.9529, 48.6668]], [[8.9529, 48.6668], [8.9531, 48.6669]], [[8.9531, 48.6669], [8.9533, 48.667], [8.9555, 48.6681], [8.9579, 48.6692], [8.9602, 48.6704], [8.9627, 48.6716], [8.963, 48.6717]], [[8.963, 48.6717], [8.9639, 48.6722]], [[8.9639, 48.6722], [8.9642, 48.6723], [8.9684, 48.6743], [8.9705, 48.6754], [8.971, 48.6756], [8.9719, 48.676]], [[8.9719, 48.676], [8.9724, 48.6762]], [[8.9724, 48.6762], [8.9727, 48.6764], [8.973, 48.6765], [8.9734, 48.6766], [8.9738, 48.6767], [8.9741, 48.6769], [8.9744, 48.677], [8.9747, 48.6771], [8.9751, 48.6772], [8.9753, 48.6773]], [[8.9758, 48.6774], [8.976, 48.6775], [8.9769, 48.6777], [8.9777, 48.6779], [8.9789, 48.6783], [8.9795, 48.6784], [8.9801, 48.6786], [8.9802, 48.6786], [8.9805, 48.6787], [8.981, 48.6788], [8.9811, 48.6788], [8.9818, 48.679], [8.9824, 48.6792], [8.9829, 48.6793], [8.9831, 48.6794], [8.9836, 48.6795], [8.9838, 48.6796], [8.9843, 48.6797], [8.9849, 48.6799], [8.9855, 48.68], [8.987, 48.6804], [8.9877, 48.6806], [8.9884, 48.6808], [8.9894, 48.6811], [8.9899, 48.6812], [8.9904, 48.6814], [8.9908, 48.6815], [8.9912, 48.6816], [8.992, 48.6818], [8.9927, 48.682], [8.9928, 48.682], [8.9931, 48.6821], [8.9936, 48.6822], [8.994, 48.6823], [8.9943, 48.6824]], [[8.9943, 48.6824], [8.9945, 48.6825], [8.9947, 48.6825], [8.9948, 48.6826], [8.995, 48.6826], [8.9951, 48.6826], [8.9953, 48.6827], [8.9954, 48.6828], [8.9956, 48.6828], [8.9958, 48.6829], [8.996, 48.683], [8.9961, 48.683], [8.9962, 48.683], [8.9963, 48.6831], [8.9964, 48.6831], [8.9964, 48.6832], [8.9966, 48.6832], [8.9968, 48.6833], [8.9974, 48.6837], [8.9975, 48.6837], [8.9982, 48.6841]], [[8.9982, 48.6841], [8.9983, 48.6842], [8.9988, 48.6845], [8.9989, 48.6845], [8.9992, 48.6847], [8.9996, 48.6849], [9.0002, 48.6853], [9.0005, 48.6854], [9.0005, 48.6855]], [[9.0005, 48.6855], [9.0008, 48.6856], [9.0011, 48.6858], [9.0012, 48.6859], [9.0014, 48.686], [9.0015, 48.686], [9.0017, 48.6862], [9.0019, 48.6863], [9.002, 48.6864], [9.0021, 48.6865], [9.0023, 48.6866], [9.0025, 48.6867], [9.0031, 48.6871]], [[9.0031, 48.6871], [9.0032, 48.6871], [9.0036, 48.6874], [9.004, 48.6876], [9.0043, 48.6878], [9.0046, 48.6879], [9.0048, 48.688], [9.0052, 48.6883], [9.0055, 48.6884], [9.0057, 48.6885], [9.0062, 48.6888]], [[9.0062, 48.6888], [9.0067, 48.6891]], [[9.0067, 48.6891], [9.007, 48.6892]], [[9.007, 48.6892], [9.0073, 48.6893], [9.0076, 48.6895], [9.0078, 48.6896]], [[9.0078, 48.6896], [9.0079, 48.6897], [9.0083, 48.6899], [9.0087, 48.6901], [9.009, 48.6903], [9.0092, 48.6904], [9.0095, 48.6905], [9.0098, 48.6908], [9.01, 48.6909], [9.0109, 48.6914], [9.011, 48.6914], [9.0116, 48.6918], [9.0118, 48.6919], [9.0119, 48.692], [9.012, 48.692], [9.0124, 48.6923], [9.0131, 48.6926], [9.0143, 48.6933], [9.015, 48.6938], [9.0165, 48.6946], [9.0172, 48.695], [9.0181, 48.6956], [9.0182, 48.6956], [9.0187, 48.6959], [9.019, 48.696], [9.0194, 48.6963], [9.0197, 48.6965], [9.0199, 48.6966], [9.0201, 48.6967], [9.0204, 48.6969], [9.0208, 48.6971]], [[9.0208, 48.6971], [9.0212, 48.6973], [9.0212, 48.6974], [9.0215, 48.6975], [9.0216, 48.6975], [9.0221, 48.6978], [9.0223, 48.6979], [9.0225, 48.6981], [9.0226, 48.6981], [9.0227, 48.6982], [9.0228, 48.6982], [9.023, 48.6983]], [[9.023, 48.6983], [9.0232, 48.6984], [9.0233, 48.6984], [9.0234, 48.6985]], [[9.0234, 48.6985], [9.0235, 48.6985], [9.0237, 48.6986], [9.0238, 48.6986], [9.0239, 48.6987], [9.0241, 48.6987], [9.0243, 48.6988], [9.0244, 48.6988], [9.0246, 48.6989], [9.0249, 48.6989], [9.0252, 48.699], [9.0253, 48.699], [9.0267, 48.6993], [9.0277, 48.6994], [9.0297, 48.6998], [9.032, 48.7002]], [[9.032, 48.7002], [9.0325, 48.7003]], [[9.0325, 48.7003], [9.0327, 48.7004], [9.0329, 48.7004]], [[9.0329, 48.7004], [9.0333, 48.7004]], [[9.0333, 48.7004], [9.0339, 48.7006], [9.0346, 48.7007], [9.0356, 48.7009], [9.0368, 48.7011], [9.0376, 48.7012], [9.0379, 48.7013], [9.0392, 48.7015], [9.0394, 48.7016], [9.0397, 48.7016], [9.0399, 48.7016], [9.0401, 48.7016], [9.0403, 48.7017], [9.0404, 48.7017], [9.0406, 48.7017], [9.0407, 48.7017], [9.0409, 48.7017], [9.041, 48.7017], [9.0411, 48.7017], [9.0413, 48.7017], [9.0415, 48.7017], [9.0417, 48.7017], [9.0419, 48.7017], [9.0422, 48.7017], [9.0425, 48.7017], [9.0429, 48.7016], [9.0432, 48.7016]], [[9.0432, 48.7016], [9.0439, 48.7015], [9.046, 48.7013], [9.0465, 48.7012], [9.0473, 48.7011]], [[9.0473, 48.7011], [9.0474, 48.7011]], [[9.0474, 48.7011], [9.0492, 48.7009], [9.0512, 48.7007], [9.0524, 48.7006], [9.0531, 48.7005], [9.0542, 48.7004], [9.055, 48.7003], [9.0554, 48.7003], [9.0557, 48.7003], [9.0559, 48.7002], [9.0562, 48.7002], [9.0566, 48.7002], [9.0567, 48.7002], [9.0569, 48.7002], [9.0572, 48.7002], [9.0575, 48.7002], [9.0578, 48.7003], [9.058, 48.7003], [9.0582, 48.7003], [9.0585, 48.7003], [9.0587, 48.7004], [9.0591, 48.7004], [9.0593, 48.7005], [9.0596, 48.7005], [9.0599, 48.7006], [9.0602, 48.7006], [9.0606, 48.7007], [9.0609, 48.7008], [9.0612, 48.7009], [9.0616, 48.701], [9.0629, 48.7014], [9.0631, 48.7014], [9.0637, 48.7016], [9.0643, 48.7018], [9.0646, 48.7018], [9.065, 48.702], [9.0655, 48.7021], [9.0657, 48.7021], [9.0659, 48.7022], [9.0662, 48.7023], [9.0664, 48.7023], [9.0665, 48.7023], [9.0667, 48.7024], [9.0669, 48.7024], [9.067, 48.7024], [9.0671, 48.7024], [9.0672, 48.7024], [9.0673, 48.7025], [9.0674, 48.7025], [9.0676, 48.7025], [9.0678, 48.7025], [9.068, 48.7025], [9.0682, 48.7026], [9.0684, 48.7026], [9.0686, 48.7026], [9.069, 48.7026], [9.0697, 48.7027], [9.0707, 48.7027], [9.0712, 48.7027], [9.0719, 48.7028], [9.0729, 48.7028], [9.0742, 48.7029], [9.0751, 48.7029], [9.0756, 48.7029], [9.0763, 48.703], [9.0766, 48.703], [9.0768, 48.703], [9.077, 48.703], [9.0772, 48.703], [9.0775, 48.7031], [9.078, 48.7031], [9.0792, 48.7033], [9.0801, 48.7034], [9.081, 48.7035], [9.0816, 48.7035], [9.0833, 48.7037], [9.0844, 48.7038], [9.0852, 48.7039], [9.0862, 48.704], [9.0864, 48.7041], [9.0871, 48.7042], [9.0872, 48.7042], [9.0873, 48.7042], [9.0876, 48.7042], [9.0879, 48.7043], [9.0881, 48.7043], [9.0883, 48.7044], [9.0886, 48.7044], [9.0889, 48.7045], [9.0891, 48.7046], [9.0895, 48.7047], [9.0898, 48.7048], [9.0911, 48.7052], [9.0924, 48.7055], [9.0933, 48.7058], [9.094, 48.706], [9.0945, 48.7062], [9.0946, 48.7062], [9.095, 48.7063], [9.0953, 48.7065], [9.0955, 48.7066], [9.0958, 48.7067], [9.0962, 48.7068], [9.0974, 48.7073], [9.0981, 48.7076], [9.0984, 48.7077], [9.099, 48.7079]], [[9.099, 48.7079], [9.0992, 48.708]], [[9.0992, 48.708], [9.1003, 48.7085], [9.1006, 48.7086], [9.1014, 48.7089], [9.1017, 48.709], [9.1024, 48.7093], [9.1029, 48.7095], [9.1036, 48.7098], [9.1041, 48.71], [9.1043, 48.7101], [9.1046, 48.7102], [9.1047, 48.7102], [9.1049, 48.7103], [9.1051, 48.7104]], [[9.1074, 48.7113], [9.1078, 48.7115]], [[9.1078, 48.7115], [9.1079, 48.7115], [9.1081, 48.7116], [9.1083, 48.7117], [9.1085, 48.7118]], [[9.1085, 48.7118], [9.1086, 48.7119], [9.1087, 48.7119], [9.1088, 48.712], [9.109, 48.7121], [9.1091, 48.7122], [9.1092, 48.7122], [9.1093, 48.7123], [9.1094, 48.7124], [9.1095, 48.7125], [9.1096, 48.7125], [9.1096, 48.7126], [9.1098, 48.7128], [9.1099, 48.7129], [9.11, 48.713], [9.1101, 48.7132], [9.1102, 48.7133], [9.1102, 48.7134], [9.1103, 48.7135], [9.1103, 48.7136], [9.1103, 48.7137], [9.1104, 48.7138], [9.1104, 48.714], [9.1104, 48.7141], [9.1104, 48.7142], [9.1105, 48.7143], [9.1105, 48.7144], [9.1105, 48.7145], [9.1104, 48.7147], [9.1104, 48.7148], [9.1104, 48.7149], [9.1104, 48.715], [9.1103, 48.7152]], [[9.1103, 48.7152], [9.1101, 48.7157], [9.11, 48.7158], [9.1099, 48.7159], [9.1097, 48.7162], [9.1095, 48.7164], [9.1092, 48.7169]], [[9.1092, 48.7169], [9.1091, 48.717]], [[9.1091, 48.717], [9.109, 48.7171], [9.1089, 48.7172], [9.1088, 48.7173], [9.1086, 48.7176], [9.1085, 48.7177], [9.1084, 48.7178], [9.1081, 48.7182], [9.1079, 48.7184], [9.1077, 48.7187], [9.1075, 48.7189]], [[9.1075, 48.7189], [9.1075, 48.719], [9.1074, 48.719], [9.1074, 48.7191]], [[9.1074, 48.7191], [9.1072, 48.7194], [9.1071, 48.7197], [9.107, 48.7201], [9.1069, 48.7205], [9.1069, 48.7207], [9.1069, 48.7208], [9.1069, 48.7211], [9.1069, 48.7214]], [[9.1069, 48.7214], [9.107, 48.7216], [9.107, 48.7218]], [[9.107, 48.7218], [9.1071, 48.7219], [9.1071, 48.722], [9.1073, 48.7223], [9.1074, 48.7225], [9.1076, 48.7228], [9.1077, 48.723], [9.1079, 48.7232], [9.1081, 48.7234], [9.1083, 48.7235], [9.1084, 48.7236], [9.1086, 48.7237], [9.1089, 48.7239], [9.1091, 48.724], [9.1094, 48.7242], [9.1105, 48.7248], [9.1109, 48.7251], [9.1111, 48.7252], [9.112, 48.7257], [9.1127, 48.7261], [9.1131, 48.7264]], [[9.1131, 48.7264], [9.1132, 48.7264], [9.1133, 48.7265], [9.1136, 48.7266], [9.1138, 48.7268], [9.1147, 48.7273], [9.1153, 48.7277], [9.1154, 48.7278], [9.1155, 48.7279], [9.1161, 48.7283], [9.1162, 48.7283], [9.117, 48.7288]], [[9.117, 48.7288], [9.1171, 48.7289], [9.1173, 48.7291], [9.1176, 48.7292], [9.1178, 48.7294], [9.1181, 48.7296], [9.1183, 48.7299], [9.1186, 48.7302], [9.1188, 48.7304], [9.119, 48.7307], [9.1192, 48.7309], [9.1193, 48.7311], [9.1194, 48.7313], [9.1194, 48.7314], [9.1195, 48.7316], [9.1196, 48.7319], [9.1197, 48.7321], [9.1197, 48.7324], [9.1197, 48.7325], [9.1197, 48.7326], [9.1197, 48.7329]], [[9.1197, 48.7329], [9.1197, 48.7335], [9.1196, 48.7342]], [[9.1196, 48.7342], [9.1196, 48.7344], [9.1195, 48.7346], [9.1194, 48.735], [9.1192, 48.7353], [9.1191, 48.7355], [9.119, 48.7356], [9.1189, 48.7358], [9.1187, 48.736]], [[9.1187, 48.736], [9.1185, 48.7362], [9.1183, 48.7363], [9.1179, 48.7366], [9.1178, 48.7368], [9.1176, 48.7369], [9.117, 48.7374], [9.1166, 48.7376], [9.1163, 48.7379], [9.1158, 48.7383], [9.1155, 48.7385], [9.115, 48.7389], [9.1148, 48.739], [9.1144, 48.7394], [9.114, 48.7396], [9.1138, 48.7398], [9.1136, 48.7399]], [[9.1848, 48.7879], [9.1849, 48.788]], [[9.1849, 48.788], [9.1852, 48.7883]], [[9.1852, 48.7883], [9.1852, 48.7884], [9.1855, 48.7886], [9.1859, 48.7889], [9.1859, 48.789]], [[9.1871, 48.7898], [9.1868, 48.7896], [9.1866, 48.7895], [9.1859, 48.789]], [[9.1871, 48.7898], [9.1872, 48.7899], [9.1873, 48.7899]], [[9.1873, 48.7899], [9.1874, 48.79]], [[9.1874, 48.79], [9.1878, 48.7902], [9.1883, 48.7904]], [[9.1883, 48.7904], [9.1884, 48.7904], [9.1886, 48.7906], [9.1889, 48.7907], [9.1893, 48.7909], [9.1896, 48.791], [9.1899, 48.7912], [9.1901, 48.7913]], [[9.1935, 48.793], [9.194, 48.7933], [9.1942, 48.7933]], [[9.1955, 48.794], [9.1962, 48.7944], [9.1968, 48.7947], [9.1972, 48.7949]], [[9.1972, 48.7949], [9.1973, 48.795]], [[9.1973, 48.795], [9.1981, 48.7955], [9.1988, 48.7959], [9.1993, 48.7962], [9.2004, 48.7969], [9.2005, 48.797], [9.2012, 48.7974]], [[9.2012, 48.7974], [9.2015, 48.7976], [9.2018, 48.7977], [9.2022, 48.7979], [9.2027, 48.7982], [9.2034, 48.7985], [9.2035, 48.7986]], [[9.2035, 48.7986], [9.2036, 48.7986]], [[9.2075, 48.8004], [9.2078, 48.8005]], [[9.2078, 48.8005], [9.2079, 48.8006]], [[9.2079, 48.8006], [9.208, 48.8007], [9.2081, 48.8007], [9.2085, 48.8009], [9.2088, 48.801], [9.209, 48.8011], [9.2093, 48.8012]], [[9.2093, 48.8012], [9.2095, 48.8012], [9.2097, 48.8013], [9.2099, 48.8014], [9.21, 48.8014], [9.2101, 48.8014], [9.2105, 48.8015], [9.2107, 48.8016], [9.2109, 48.8016], [9.2112, 48.8017], [9.2114, 48.8017], [9.2117, 48.8017]], [[9.2117, 48.8017], [9.2119, 48.8018]], [[9.2119, 48.8018], [9.2122, 48.8018], [9.2125, 48.8018], [9.2128, 48.8019], [9.213, 48.8019], [9.2133, 48.8019], [9.2136, 48.8019], [9.2138, 48.8019], [9.2141, 48.8019], [9.2144, 48.8019]], [[9.2144, 48.8019], [9.2146, 48.8019], [9.2148, 48.8019]], [[9.2148, 48.8019], [9.2149, 48.8018], [9.215, 48.8018]], [[9.215, 48.8018], [9.2151, 48.8018]], [[9.2151, 48.8018], [9.2154, 48.8018], [9.216, 48.8017], [9.2162, 48.8016], [9.2167, 48.8015], [9.2177, 48.8013], [9.2189, 48.8011], [9.2192, 48.801], [9.2193, 48.801]], [[9.2193, 48.801], [9.22, 48.8009], [9.2201, 48.8008], [9.2205, 48.8008], [9.2212, 48.8006], [9.2219, 48.8005]], [[9.2219, 48.8005], [9.222, 48.8005], [9.2222, 48.8004], [9.2227, 48.8003], [9.2236, 48.8002], [9.224, 48.8001], [9.2243, 48.8001], [9.2246, 48.8], [9.2249, 48.7999], [9.2251, 48.7999], [9.2253, 48.7999], [9.2255, 48.7998], [9.2257, 48.7998], [9.2259, 48.7997], [9.226, 48.7997], [9.2262, 48.7996], [9.2264, 48.7996]], [[9.2264, 48.7996], [9.2269, 48.7994]], [[9.2269, 48.7994], [9.2271, 48.7994], [9.2274, 48.7993], [9.2276, 48.7992], [9.2278, 48.7992], [9.2281, 48.7991], [9.2283, 48.7991], [9.2286, 48.799], [9.2288, 48.799], [9.2298, 48.7988], [9.231, 48.7985]], [[9.231, 48.7985], [9.2312, 48.7985], [9.2315, 48.7984], [9.2319, 48.7984], [9.2322, 48.7983], [9.2325, 48.7982], [9.2328, 48.7981], [9.2331, 48.798], [9.2333, 48.7979], [9.2335, 48.7978], [9.2337, 48.7977], [9.234, 48.7976]], [[9.234, 48.7976], [9.2341, 48.7976]], [[9.2341, 48.7976], [9.2342, 48.7975], [9.2344, 48.7974]], [[9.2344, 48.7974], [9.2356, 48.7968], [9.2364, 48.7964]], [[9.2364, 48.7964], [9.2367, 48.7962]], [[9.2367, 48.7962], [9.2368, 48.7961], [9.2371, 48.796], [9.2373, 48.7959], [9.2376, 48.7957], [9.2379, 48.7955], [9.238, 48.7954], [9.2382, 48.7953], [9.2385, 48.795], [9.2386, 48.7949], [9.2388, 48.7947], [9.239, 48.7946], [9.2391, 48.7944], [9.2393, 48.7942], [9.2398, 48.7935], [9.2401, 48.7932], [9.2403, 48.7929], [9.2404, 48.7928], [9.2404, 48.7927], [9.2405, 48.7926], [9.2406, 48.7924], [9.2408, 48.7922], [9.241, 48.7919]], [[9.241, 48.7919], [9.2412, 48.7917], [9.2413, 48.7915], [9.2414, 48.7914], [9.2417, 48.7911], [9.2418, 48.791], [9.2423, 48.7904], [9.2425, 48.7903], [9.2427, 48.79], [9.2429, 48.7898], [9.2429, 48.7897], [9.243, 48.7895], [9.2432, 48.7893], [9.2433, 48.7892], [9.2434, 48.789]], [[9.2434, 48.789], [9.2437, 48.7884], [9.244, 48.788], [9.2441, 48.7878], [9.2442, 48.7876], [9.2444, 48.7874], [9.2449, 48.7868], [9.2449, 48.7867]], [[9.2449, 48.7867], [9.2456, 48.7858], [9.2461, 48.7853], [9.2464, 48.7848], [9.2473, 48.7836]], [[9.2473, 48.7836], [9.2474, 48.7834]], [[9.2474, 48.7834], [9.2479, 48.7828], [9.2482, 48.7825], [9.2486, 48.7819], [9.2489, 48.7815], [9.2491, 48.7812]], [[9.2491, 48.7812], [9.2495, 48.7807], [9.2495, 48.7806]], [[9.2495, 48.7806], [9.2497, 48.7805]], [[9.2497, 48.7805], [9.25, 48.7801], [9.2502, 48.7798], [9.2503, 48.7796], [9.2505, 48.7794], [9.2507, 48.7792], [9.2511, 48.7789], [9.2512, 48.7789], [9.2513, 48.7788]], [[9.2513, 48.7788], [9.2516, 48.7786], [9.2516, 48.7785]], [[9.2516, 48.7785], [9.2519, 48.7783]], [[9.2519, 48.7783], [9.2522, 48.7781], [9.2525, 48.778], [9.2528, 48.7777], [9.2533, 48.7774], [9.2538, 48.7772], [9.2543, 48.777], [9.2551, 48.7765], [9.2558, 48.7761], [9.2564, 48.7757], [9.2565, 48.7756], [9.2567, 48.7755], [9.257, 48.7752], [9.2574, 48.7749], [9.2577, 48.7747], [9.258, 48.7743]], [[9.258, 48.7743], [9.2582, 48.7742]], [[9.2582, 48.7742], [9.2585, 48.7738], [9.2588, 48.7734], [9.2593, 48.7728]], [[9.2593, 48.7728], [9.2595, 48.7725]], [[9.2595, 48.7725], [9.2597, 48.7723], [9.2598, 48.7721]], [[9.2617, 48.7695], [9.2613, 48.7698], [9.261, 48.7701], [9.2608, 48.7704], [9.2607, 48.7706], [9.2606, 48.7707], [9.2605, 48.7709], [9.2603, 48.7713], [9.2601, 48.7716], [9.26, 48.7719], [9.2598, 48.7721]], [[9.2638, 48.767], [9.2636, 48.7672], [9.2635, 48.7673], [9.2635, 48.7674], [9.2632, 48.7677], [9.2631, 48.7678], [9.2629, 48.768], [9.2626, 48.7684], [9.2623, 48.7687], [9.2622, 48.7689], [9.2619, 48.7692], [9.2617, 48.7695]], [[9.2638, 48.767], [9.2639, 48.7669], [9.2639, 48.7668]], [[9.2639, 48.7668], [9.264, 48.7667]], [[9.264, 48.7667], [9.2641, 48.7666]], [[9.2641, 48.7666], [9.2644, 48.7662], [9.2645, 48.7661], [9.265, 48.7654], [9.2652, 48.7652], [9.2658, 48.7644], [9.2663, 48.7638], [9.2666, 48.7634], [9.2676, 48.7621], [9.2679, 48.7617], [9.268, 48.7617], [9.2681, 48.7614], [9.2684, 48.7612], [9.2684, 48.7611], [9.2686, 48.7609], [9.2687, 48.7609], [9.2691, 48.7604], [9.2693, 48.7602], [9.2697, 48.7598], [9.2707, 48.7585], [9.271, 48.7581], [9.2711, 48.758], [9.2713, 48.7577], [9.2715, 48.7575], [9.2717, 48.7572], [9.2719, 48.7568], [9.2724, 48.7559]], [[9.2724, 48.7559], [9.2725, 48.7558], [9.2729, 48.755], [9.2732, 48.7545], [9.2735, 48.754], [9.2737, 48.7535], [9.2737, 48.7534], [9.2738, 48.7533], [9.2738, 48.7532], [9.2739, 48.753], [9.2741, 48.7526], [9.2744, 48.7518], [9.2746, 48.7512], [9.2747, 48.7509], [9.2748, 48.7504], [9.275, 48.7499], [9.275, 48.7497]], [[9.275, 48.7497], [9.275, 48.7496], [9.2752, 48.7489]], [[9.2752, 48.7487], [9.2752, 48.7485], [9.2753, 48.7482], [9.2753, 48.7479], [9.2753, 48.7477], [9.2754, 48.7476], [9.2754, 48.7473], [9.2755, 48.7471], [9.2756, 48.7469], [9.2757, 48.7468], [9.2758, 48.7465], [9.2759, 48.7464], [9.2759, 48.7463], [9.2761, 48.7462], [9.2762, 48.746], [9.2762, 48.7459], [9.2763, 48.7458], [9.2766, 48.7455], [9.2768, 48.7453]], [[9.2768, 48.7453], [9.2769, 48.7453], [9.2772, 48.745], [9.2775, 48.7447], [9.2777, 48.7445], [9.2782, 48.7442], [9.2786, 48.7439], [9.2787, 48.7438]], [[9.2789, 48.7437], [9.2791, 48.7436], [9.2793, 48.7434], [9.2794, 48.7433], [9.2797, 48.7432], [9.2802, 48.7429], [9.2805, 48.7428], [9.2811, 48.7425], [9.2814, 48.7424], [9.2818, 48.7422], [9.2821, 48.7422], [9.2823, 48.7421], [9.2824, 48.742], [9.2829, 48.7419], [9.2833, 48.7418], [9.2838, 48.7417], [9.2841, 48.7416], [9.2845, 48.7416], [9.2847, 48.7415], [9.2848, 48.7415], [9.2849, 48.7415]], [[9.2849, 48.7415], [9.2852, 48.7414], [9.2856, 48.7414], [9.2857, 48.7414], [9.2866, 48.7413], [9.2873, 48.7412], [9.2878, 48.7411], [9.2883, 48.7411], [9.2885, 48.7411]], [[9.2885, 48.7411], [9.2891, 48.741]], [[9.2891, 48.741], [9.2894, 48.7409], [9.2899, 48.7409], [9.2903, 48.7408], [9.2914, 48.7405], [9.2923, 48.7404], [9.2935, 48.7401]], [[9.2935, 48.7401], [9.2947, 48.7399], [9.295, 48.7398], [9.2955, 48.7397], [9.2966, 48.7395], [9.2969, 48.7394]], [[9.2969, 48.7394], [9.2976, 48.7392], [9.2977, 48.7392], [9.2978, 48.7391], [9.2981, 48.7391], [9.2987, 48.7389]], [[9.2987, 48.7389], [9.2989, 48.7388], [9.2991, 48.7388], [9.2997, 48.7386], [9.3, 48.7385], [9.3001, 48.7385], [9.3009, 48.7382], [9.3012, 48.7381], [9.3013, 48.7381]], [[9.3013, 48.7381], [9.3015, 48.738], [9.3017, 48.738]], [[9.3017, 48.738], [9.3018, 48.738], [9.3023, 48.7379], [9.3026, 48.7378]], [[9.3026, 48.7378], [9.303, 48.7377], [9.3037, 48.7375], [9.3055, 48.737], [9.3063, 48.7368], [9.3069, 48.7366]], [[9.3069, 48.7366], [9.3073, 48.7365], [9.3077, 48.7364], [9.3086, 48.7361], [9.3094, 48.7358], [9.3097, 48.7357], [9.3106, 48.7354], [9.3117, 48.735]], [[9.3117, 48.735], [9.3121, 48.7349]], [[9.3121, 48.7349], [9.3123, 48.7348], [9.313, 48.7346], [9.3133, 48.7345]], [[9.3136, 48.7344], [9.315, 48.7339], [9.3176, 48.733], [9.3204, 48.7321], [9.322, 48.7315], [9.3224, 48.7314], [9.3231, 48.7312], [9.3239, 48.7309], [9.3244, 48.7307], [9.3247, 48.7306], [9.3253, 48.7304], [9.3257, 48.7303], [9.326, 48.7302], [9.3266, 48.73], [9.327, 48.7298], [9.3271, 48.7298], [9.3273, 48.7298], [9.3277, 48.7296], [9.3282, 48.7295], [9.329, 48.7292], [9.3293, 48.7291], [9.3295, 48.729], [9.3301, 48.7288], [9.3304, 48.7287], [9.331, 48.7285], [9.3318, 48.7282], [9.3327, 48.7279], [9.3333, 48.7277], [9.3338, 48.7275], [9.3343, 48.7273], [9.3348, 48.7272], [9.3354, 48.727], [9.3359, 48.7269], [9.3363, 48.7268], [9.3368, 48.7267], [9.3373, 48.7267], [9.3376, 48.7266], [9.338, 48.7266], [9.3384, 48.7265], [9.3387, 48.7265], [9.3391, 48.7265], [9.3397, 48.7265], [9.3408, 48.7265], [9.3418, 48.7265], [9.3427, 48.7265], [9.3435, 48.7265], [9.344, 48.7264], [9.3444, 48.7264], [9.345, 48.7263], [9.3458, 48.7263], [9.3472, 48.7261], [9.3488, 48.7258], [9.3508, 48.7256], [9.353, 48.7253], [9.3541, 48.7251], [9.3549, 48.725], [9.3552, 48.725], [9.3563, 48.7248], [9.3569, 48.7247], [9.3576, 48.7246], [9.3581, 48.7245], [9.3587, 48.7244], [9.3591, 48.7243], [9.3597, 48.7242], [9.36, 48.7242], [9.3603, 48.7242], [9.3607, 48.7242], [9.3608, 48.7242], [9.3609, 48.7241], [9.3612, 48.7241], [9.3614, 48.7241], [9.3618, 48.7241], [9.3619, 48.7241], [9.3624, 48.7241], [9.363, 48.7241], [9.3635, 48.7242], [9.364, 48.7242], [9.3656, 48.7243], [9.3661, 48.7243], [9.3662, 48.7243], [9.3666, 48.7244], [9.3673, 48.7244], [9.3691, 48.7245], [9.3697, 48.7245], [9.3702, 48.7245], [9.3708, 48.7245], [9.3715, 48.7245], [9.3718, 48.7245], [9.3722, 48.7244], [9.3727, 48.7244], [9.373, 48.7243], [9.3735, 48.7242], [9.374, 48.7242], [9.3742, 48.7241], [9.3748, 48.724], [9.3756, 48.7238], [9.3763, 48.7235], [9.3767, 48.7233], [9.3769, 48.7233], [9.3775, 48.723], [9.3781, 48.7227], [9.3786, 48.7224], [9.3789, 48.7223], [9.3793, 48.722], [9.3799, 48.7216], [9.3808, 48.7211], [9.3812, 48.7208], [9.3816, 48.7206], [9.3826, 48.7202], [9.3827, 48.7201], [9.3828, 48.7201], [9.3831, 48.72], [9.3836, 48.7198], [9.384, 48.7197], [9.3844, 48.7195], [9.385, 48.7194], [9.3853, 48.7193], [9.3855, 48.7192], [9.3861, 48.7191], [9.3865, 48.719], [9.3869, 48.7189], [9.3875, 48.7188]], [[9.3875, 48.7188], [9.3879, 48.7188], [9.3884, 48.7187], [9.3888, 48.7186], [9.3893, 48.7186], [9.3896, 48.7186]], [[9.3965, 48.719], [9.3962, 48.719], [9.3959, 48.7189], [9.3956, 48.7189], [9.3946, 48.7187], [9.3945, 48.7187], [9.3943, 48.7187], [9.3938, 48.7186], [9.3936, 48.7186], [9.3933, 48.7186], [9.393, 48.7185], [9.3928, 48.7185], [9.3924, 48.7185], [9.3921, 48.7185], [9.3917, 48.7185], [9.3912, 48.7185], [9.3908, 48.7185], [9.3904, 48.7185], [9.39, 48.7185], [9.3896, 48.7186]], [[9.4032, 48.7183], [9.4028, 48.7185], [9.4025, 48.7186], [9.4021, 48.7187], [9.4014, 48.7189], [9.4008, 48.719], [9.4004, 48.719], [9.4001, 48.7191], [9.3995, 48.7191], [9.3992, 48.7191], [9.3989, 48.7191], [9.3987, 48.7191], [9.3984, 48.7191], [9.3981, 48.7191], [9.3979, 48.7191], [9.3976, 48.7191], [9.3974, 48.7191], [9.3969, 48.7191], [9.3965, 48.719]], [[9.4032, 48.7183], [9.4035, 48.7182], [9.4037, 48.7182]], [[9.4037, 48.7182], [9.404, 48.718], [9.4044, 48.7178], [9.4048, 48.7176], [9.4052, 48.7174], [9.4055, 48.7172], [9.4058, 48.717], [9.406, 48.7168], [9.4063, 48.7166], [9.4071, 48.716], [9.4075, 48.7157], [9.4081, 48.7152], [9.4083, 48.7151], [9.4088, 48.7147], [9.4089, 48.7146], [9.409, 48.7145]], [[9.4099, 48.7138], [9.4097, 48.714], [9.4095, 48.7141], [9.4093, 48.7143], [9.4092, 48.7144], [9.409, 48.7145]], [[9.4149, 48.7095], [9.4157, 48.7091], [9.4164, 48.7088], [9.4168, 48.7085], [9.4172, 48.7084], [9.4174, 48.7083], [9.4177, 48.7081]], [[9.4177, 48.7081], [9.4178, 48.7081], [9.418, 48.708], [9.4184, 48.7079], [9.419, 48.7076], [9.4193, 48.7075], [9.4195, 48.7074], [9.4197, 48.7073], [9.4199, 48.7073]], [[9.4199, 48.7073], [9.4201, 48.7072], [9.4203, 48.7071], [9.4205, 48.707], [9.4206, 48.7069], [9.4208, 48.7068], [9.421, 48.7066], [9.4211, 48.7065], [9.4212, 48.7063], [9.4214, 48.7062], [9.4215, 48.706], [9.4217, 48.7058], [9.4217, 48.7057]], [[9.4217, 48.7057], [9.4218, 48.7055], [9.4219, 48.7053]], [[9.4219, 48.7053], [9.4219, 48.7051]], [[9.4219, 48.7051], [9.422, 48.7051]], [[9.422, 48.7051], [9.422, 48.705], [9.422, 48.7048], [9.422, 48.7047]], [[9.422, 48.7047], [9.422, 48.7045], [9.422, 48.7043], [9.422, 48.7041], [9.4219, 48.7038], [9.4218, 48.7036], [9.4215, 48.7032], [9.4212, 48.7028], [9.4209, 48.7025]], [[9.4209, 48.7025], [9.4208, 48.7024]], [[9.4208, 48.7024], [9.4207, 48.7023], [9.4204, 48.702], [9.42, 48.7015], [9.4195, 48.701], [9.4192, 48.7005], [9.419, 48.7002], [9.4188, 48.7], [9.4188, 48.6998], [9.4182, 48.6987], [9.4178, 48.6981], [9.4175, 48.6975], [9.4171, 48.697], [9.4168, 48.6966], [9.4162, 48.6959], [9.4156, 48.6954], [9.4155, 48.6953], [9.4151, 48.6951], [9.4149, 48.6949], [9.4148, 48.6949], [9.4146, 48.6947], [9.4145, 48.6947], [9.4141, 48.6944], [9.4137, 48.6942]], [[9.4137, 48.6942], [9.4116, 48.6931], [9.4112, 48.6929], [9.4107, 48.6926], [9.4096, 48.692], [9.4093, 48.6918], [9.4086, 48.6915], [9.4078, 48.6912], [9.4046, 48.6899], [9.4035, 48.6895], [9.4029, 48.6892], [9.4002, 48.6882], [9.3996, 48.688], [9.3993, 48.6879], [9.3982, 48.6875], [9.398, 48.6874], [9.3971, 48.6871], [9.3964, 48.6869], [9.3958, 48.6868], [9.3955, 48.6867], [9.3945, 48.6865], [9.3935, 48.6863], [9.3931, 48.6862], [9.3919, 48.686], [9.3909, 48.6859], [9.3896, 48.6858], [9.3885, 48.6857], [9.3874, 48.6856], [9.3869, 48.6855], [9.3865, 48.6855], [9.386, 48.6854], [9.3856, 48.6854], [9.3853, 48.6853], [9.3851, 48.6853], [9.3847, 48.6852], [9.3845, 48.6851], [9.3842, 48.685], [9.3839, 48.6849], [9.3835, 48.6848], [9.3831, 48.6846], [9.3827, 48.6844], [9.3825, 48.6843], [9.3823, 48.6842], [9.382, 48.684], [9.3817, 48.6838], [9.3813, 48.6834], [9.3808, 48.683], [9.3805, 48.6826], [9.3794, 48.6812]], [[9.3794, 48.6812], [9.379, 48.6807]], [[9.379, 48.6807], [9.3788, 48.6804], [9.3787, 48.6802], [9.3776, 48.6788]], [[9.3776, 48.6788], [9.3775, 48.6787]], [[9.3775, 48.6787], [9.3774, 48.6786]], [[9.3767, 48.6776], [9.377, 48.6779], [9.3771, 48.6782], [9.3774, 48.6786]], [[9.3765, 48.6773], [9.3766, 48.6775], [9.3767, 48.6776]], [[9.3765, 48.6773], [9.3762, 48.6769], [9.3761, 48.6767], [9.3759, 48.6764], [9.3757, 48.6761], [9.3753, 48.6756]], [[9.3753, 48.6756], [9.3753, 48.6755], [9.3752, 48.6754], [9.3751, 48.6753], [9.3749, 48.675], [9.3745, 48.6744], [9.3744, 48.6743], [9.3741, 48.6739]], [[9.3741, 48.6739], [9.374, 48.6739], [9.374, 48.6738]], [[9.374, 48.6738], [9.3739, 48.6737], [9.3737, 48.6735]], [[9.3737, 48.6735], [9.3736, 48.6731]], [[9.413, 48.6597], [9.4134, 48.6594], [9.4136, 48.6593], [9.4144, 48.6589], [9.4147, 48.6587], [9.4151, 48.6585], [9.4153, 48.6584], [9.4156, 48.6582], [9.4158, 48.6581], [9.416, 48.6579], [9.4163, 48.6578], [9.4164, 48.6578], [9.4165, 48.6577], [9.4167, 48.6576], [9.4172, 48.6573], [9.4176, 48.6571], [9.4178, 48.6569], [9.4193, 48.6561], [9.4195, 48.656], [9.4198, 48.6558], [9.4201, 48.6557]]]}, "properties": {"ref": "S1", "opened_year": 1978, "is_tunnel": false, "segment_count": 390}}, {"type": "Feature", "geometry": {"type": "MultiLineString", "coordinates": [[[9.181, 48.7843], [9.1811, 48.7843], [9.1808, 48.7839], [9.1804, 48.7835], [9.1803, 48.7833], [9.1802, 48.7832], [9.18, 48.783], [9.1796, 48.7826], [9.1795, 48.7826], [9.1795, 48.7827], [9.1796, 48.7828], [9.1798, 48.783], [9.1801, 48.7833], [9.1802, 48.7834], [9.1803, 48.7835], [9.1807, 48.7839], [9.1807, 48.784], [9.181, 48.7843]], [[9.1721, 48.7754], [9.1721, 48.7755], [9.172, 48.7755], [9.1737, 48.777], [9.1738, 48.777], [9.1739, 48.7769], [9.1722, 48.7754], [9.1721, 48.7754]], [[9.2329, 48.7982], [9.2326, 48.7984], [9.2322, 48.7985], [9.232, 48.7986]], [[9.2075, 48.8005], [9.2035, 48.7986]], [[9.1955, 48.794], [9.1941, 48.7934]], [[9.1935, 48.793], [9.193, 48.7928], [9.1922, 48.7924], [9.1919, 48.7922]], [[9.1847, 48.7879], [9.1842, 48.7875]], [[9.1842, 48.7875], [9.184, 48.7873], [9.184, 48.7872], [9.183, 48.7861], [9.1829, 48.7861], [9.1829, 48.786], [9.1827, 48.7858], [9.1823, 48.7854], [9.182, 48.7851], [9.1819, 48.7851], [9.1818, 48.785], [9.1814, 48.7847]], [[9.1814, 48.7847], [9.1813, 48.7845], [9.181, 48.7844], [9.181, 48.7843]], [[9.181, 48.7843], [9.1807, 48.784], [9.1805, 48.7838], [9.1802, 48.7835], [9.18, 48.7832], [9.1797, 48.783], [9.1795, 48.7827], [9.1795, 48.7826], [9.179, 48.7821], [9.1787, 48.7817], [9.1777, 48.7806], [9.1776, 48.7805], [9.1767, 48.7797], [9.1764, 48.7794], [9.1763, 48.7792], [9.1757, 48.7787], [9.1755, 48.7785], [9.1753, 48.7783], [9.175, 48.7781], [9.1742, 48.7774], [9.1738, 48.7771], [9.1737, 48.777], [9.1733, 48.7767], [9.1731, 48.7765], [9.173, 48.7764], [9.1729, 48.7763], [9.1726, 48.776], [9.1723, 48.7758], [9.172, 48.7755], [9.1712, 48.7748], [9.1707, 48.7744], [9.1706, 48.7743], [9.17, 48.774], [9.1697, 48.7738], [9.1693, 48.7736], [9.1679, 48.7732], [9.1675, 48.7731], [9.1671, 48.773]], [[9.1671, 48.773], [9.1658, 48.7726], [9.1654, 48.7726], [9.1647, 48.7723], [9.1643, 48.7722], [9.1642, 48.7722]], [[9.1642, 48.7722], [9.163, 48.7718], [9.1626, 48.7717], [9.1601, 48.7711], [9.1597, 48.771], [9.1592, 48.7709], [9.1591, 48.7709], [9.1588, 48.7708]], [[9.1588, 48.7708], [9.1583, 48.7707], [9.1579, 48.7706], [9.1577, 48.7705]], [[9.1577, 48.7705], [9.1572, 48.7704], [9.1571, 48.7704], [9.1569, 48.7703]], [[9.1569, 48.7703], [9.1557, 48.77], [9.1551, 48.7698], [9.1543, 48.7696]], [[9.1543, 48.7696], [9.1542, 48.7696], [9.1539, 48.7695], [9.1537, 48.7695], [9.1536, 48.7695]], [[9.1536, 48.7695], [9.1523, 48.7692], [9.1521, 48.7692], [9.1511, 48.7689], [9.1505, 48.7688], [9.1498, 48.7686]], [[9.1498, 48.7686], [9.1497, 48.7686], [9.1495, 48.7685], [9.1486, 48.7682], [9.1479, 48.768], [9.1474, 48.7678], [9.1472, 48.7677], [9.1462, 48.7673], [9.1452, 48.767]], [[9.1452, 48.767], [9.145, 48.7669], [9.1438, 48.7664], [9.143, 48.7661]], [[9.143, 48.7661], [9.1415, 48.7655], [9.1403, 48.7651], [9.1392, 48.7646], [9.1389, 48.7645], [9.138, 48.7641], [9.1368, 48.7637], [9.1358, 48.7633], [9.1357, 48.7632], [9.1355, 48.7632], [9.1345, 48.7628], [9.1333, 48.7623], [9.1321, 48.7619], [9.131, 48.7614], [9.1298, 48.7609], [9.1289, 48.7606], [9.1287, 48.7605], [9.1275, 48.76], [9.1263, 48.7595], [9.1252, 48.7591], [9.1246, 48.7589], [9.1244, 48.7588], [9.124, 48.7586], [9.1232, 48.7583], [9.1228, 48.7582], [9.1217, 48.7577], [9.1205, 48.7572], [9.1194, 48.7568], [9.1193, 48.7568], [9.1174, 48.7561], [9.1169, 48.7559], [9.1158, 48.7554], [9.1146, 48.755], [9.1136, 48.7546], [9.1124, 48.7541], [9.11, 48.7532], [9.1089, 48.7527], [9.1087, 48.7527]], [[9.1087, 48.7527], [9.1077, 48.7523], [9.1076, 48.7522], [9.1066, 48.7517]], [[9.1066, 48.7517], [9.1054, 48.7506], [9.1053, 48.7504], [9.1051, 48.7501], [9.1048, 48.7493], [9.1047, 48.7492], [9.1047, 48.7488], [9.1046, 48.7484], [9.1046, 48.7483], [9.1047, 48.7479], [9.1048, 48.7474], [9.1051, 48.7465], [9.1052, 48.7461], [9.1053, 48.746]], [[9.1053, 48.746], [9.1053, 48.7459], [9.1054, 48.7458], [9.1055, 48.7456], [9.1057, 48.7453], [9.106, 48.7449], [9.1061, 48.7448], [9.1064, 48.7444], [9.1067, 48.7441]], [[9.1067, 48.7441], [9.1074, 48.7435], [9.1082, 48.7428], [9.1084, 48.7426], [9.109, 48.7422], [9.1094, 48.7419], [9.1098, 48.7416], [9.1103, 48.7414], [9.1109, 48.7411], [9.1119, 48.7407], [9.1127, 48.7403], [9.1131, 48.7402], [9.1134, 48.74], [9.1136, 48.7399]], [[9.1074, 48.7113], [9.105, 48.7104]], [[9.1051, 48.7104], [9.1074, 48.7113]], [[9.1136, 48.7399], [9.1131, 48.7402], [9.1128, 48.7404], [9.1127, 48.7404], [9.112, 48.7407], [9.111, 48.7412], [9.1104, 48.7414], [9.1094, 48.7419], [9.109, 48.7422], [9.1085, 48.7427], [9.1083, 48.7428], [9.1075, 48.7435], [9.1068, 48.7441], [9.1067, 48.7442]], [[9.1067, 48.7442], [9.1065, 48.7445], [9.1064, 48.7445], [9.1061, 48.7448], [9.1061, 48.7449], [9.1058, 48.7453], [9.1055, 48.7457], [9.1055, 48.7458], [9.1054, 48.7459], [9.1053, 48.7461]], [[9.1053, 48.7461], [9.1052, 48.7465], [9.1049, 48.7474], [9.1048, 48.7479], [9.1048, 48.7483], [9.1048, 48.7484], [9.1048, 48.7488], [9.1049, 48.7492], [9.1053, 48.7501], [9.1055, 48.7504], [9.1067, 48.7516], [9.1077, 48.7521], [9.1078, 48.7522], [9.1088, 48.7526], [9.1089, 48.7526], [9.1101, 48.7531], [9.1125, 48.754], [9.1136, 48.7545], [9.1147, 48.7549], [9.115, 48.755], [9.1159, 48.7553], [9.117, 48.7558], [9.1184, 48.7564], [9.1194, 48.7567], [9.1205, 48.7572], [9.1217, 48.7576], [9.1229, 48.7581], [9.1232, 48.7582], [9.1235, 48.7584], [9.1241, 48.7586], [9.1252, 48.759], [9.126, 48.7593], [9.1264, 48.7595], [9.1276, 48.7599], [9.1288, 48.7604], [9.129, 48.7604], [9.1299, 48.7608], [9.1311, 48.7612], [9.1323, 48.7617], [9.1335, 48.7622], [9.1346, 48.7626], [9.1356, 48.763], [9.1358, 48.7631], [9.1359, 48.7631], [9.137, 48.7635], [9.1381, 48.764]], [[9.1381, 48.764], [9.1393, 48.7644], [9.1405, 48.7649], [9.1416, 48.7653], [9.1431, 48.7659]], [[9.1431, 48.7659], [9.144, 48.7663], [9.1452, 48.7667], [9.1463, 48.7672], [9.1474, 48.7675], [9.1476, 48.7676], [9.1481, 48.7678], [9.1488, 48.7679], [9.1499, 48.7683], [9.15, 48.7683], [9.1507, 48.7685], [9.1513, 48.7686], [9.1522, 48.7689], [9.1525, 48.769], [9.1537, 48.7694], [9.1538, 48.7694], [9.1539, 48.7694]], [[9.1539, 48.7694], [9.1543, 48.7695]], [[9.1543, 48.7695], [9.1544, 48.7695], [9.1551, 48.7697], [9.1552, 48.7697]], [[9.1552, 48.7697], [9.1557, 48.7699], [9.157, 48.7702]], [[9.157, 48.7702], [9.1578, 48.7704]], [[9.1578, 48.7704], [9.158, 48.7705], [9.1584, 48.7706], [9.1592, 48.7708], [9.1599, 48.771], [9.1605, 48.7712], [9.1626, 48.7717], [9.163, 48.7718], [9.1637, 48.772], [9.1639, 48.772], [9.1643, 48.7721]], [[9.1643, 48.7721], [9.1655, 48.7725], [9.1658, 48.7725], [9.1671, 48.7729], [9.1672, 48.7729]], [[9.1672, 48.7729], [9.1679, 48.7732], [9.1684, 48.7733], [9.1693, 48.7736], [9.1697, 48.7737], [9.1701, 48.7739], [9.1706, 48.7743], [9.1708, 48.7744], [9.1712, 48.7747], [9.1714, 48.7748], [9.172, 48.7753], [9.1722, 48.7754], [9.1723, 48.7756], [9.1727, 48.7759], [9.173, 48.7762], [9.1731, 48.7762], [9.1733, 48.7764], [9.1733, 48.7765], [9.1739, 48.7769], [9.174, 48.777], [9.1756, 48.7785], [9.1757, 48.7787], [9.176, 48.7789], [9.1767, 48.7796], [9.1777, 48.7805], [9.1778, 48.7806], [9.1786, 48.7815], [9.1789, 48.7818], [9.1791, 48.782], [9.1796, 48.7826], [9.1797, 48.7826], [9.1799, 48.7829], [9.1802, 48.7832], [9.1804, 48.7834], [9.1806, 48.7837], [9.1809, 48.784], [9.1811, 48.7842], [9.1811, 48.7843]], [[9.1811, 48.7843], [9.1823, 48.7853], [9.1825, 48.7856], [9.1826, 48.7857], [9.1828, 48.7859], [9.1841, 48.7872], [9.1843, 48.7875]], [[9.1843, 48.7875], [9.1848, 48.7879]], [[9.1901, 48.7913], [9.1902, 48.7913]], [[9.1902, 48.7913], [9.1911, 48.7918], [9.1912, 48.7918], [9.1913, 48.7919], [9.1917, 48.7921], [9.1918, 48.7921], [9.1919, 48.7922]], [[9.1919, 48.7922], [9.1922, 48.7924], [9.1926, 48.7925], [9.193, 48.7927], [9.1934, 48.7929], [9.1935, 48.793]], [[9.1942, 48.7933], [9.1955, 48.794]], [[9.2036, 48.7986], [9.2075, 48.8004]]]}, "properties": {"ref": "S1", "opened_year": 1978, "is_tunnel": true, "segment_count": 45}}, {"type": "Feature", "geometry": {"type": "MultiLineString", "coordinates": [[[9.2404, 48.7928], [9.2405, 48.7928], [9.2409, 48.7923], [9.241, 48.7921], [9.2411, 48.792], [9.2413, 48.7918], [9.2418, 48.7911], [9.2417, 48.7911], [9.2416, 48.7913], [9.2413, 48.7915], [9.2412, 48.7917], [9.241, 48.7919], [9.2409, 48.7921], [9.2408, 48.7922], [9.2406, 48.7925], [9.2404, 48.7928]], [[9.1551, 48.7698], [9.1553, 48.7698], [9.1563, 48.7701], [9.1564, 48.7701], [9.1576, 48.7704], [9.1577, 48.7704], [9.1577, 48.7705], [9.1576, 48.7705], [9.1575, 48.7704], [9.1573, 48.7704], [9.1569, 48.7703], [9.1568, 48.7703], [9.1561, 48.7701], [9.1554, 48.7699], [9.1553, 48.7699], [9.1551, 48.7698]], [[9.1053, 48.7459], [9.1054, 48.7458], [9.1055, 48.7456], [9.1057, 48.7453], [9.106, 48.7449], [9.1061, 48.7448], [9.1064, 48.7444], [9.1063, 48.7444], [9.1062, 48.7445], [9.1062, 48.7446], [9.106, 48.7447], [9.1059, 48.7448], [9.1056, 48.7453], [9.1053, 48.7457], [9.1053, 48.7458], [9.1053, 48.7459]], [[9.1157, 48.7384], [9.1157, 48.7383], [9.1176, 48.7369], [9.1176, 48.7368], [9.1175, 48.7369], [9.1157, 48.7383], [9.1156, 48.7383], [9.1157, 48.7384]], [[9.0206, 48.6972], [9.0207, 48.6971], [9.0207, 48.6972], [9.0207, 48.6971], [9.0201, 48.6967], [9.0196, 48.6965], [9.0191, 48.6962], [9.0186, 48.6959], [9.0185, 48.6959], [9.0186, 48.6959], [9.0186, 48.696], [9.0187, 48.696], [9.019, 48.6962], [9.0196, 48.6965], [9.02, 48.6968], [9.0206, 48.6971], [9.0205, 48.6971], [9.0206, 48.6972]], [[8.9079, 48.64], [8.9078, 48.64], [8.9079, 48.64], [8.908, 48.6402], [8.9082, 48.6403], [8.9084, 48.6405], [8.9085, 48.6406], [8.9088, 48.6408], [8.9092, 48.6412], [8.9093, 48.6413], [8.9094, 48.6414], [8.9096, 48.6415], [8.9094, 48.6414], [8.9093, 48.6413], [8.9092, 48.6412], [8.9088, 48.6408], [8.9084, 48.6405], [8.9082, 48.6403], [8.908, 48.6401], [8.9079, 48.64]], [[9.2411, 48.7919], [9.2409, 48.7923], [9.2408, 48.7923], [9.2406, 48.7926], [9.2405, 48.7927], [9.2405, 48.7928], [9.2402, 48.7931], [9.2401, 48.7932], [9.2394, 48.7942], [9.2392, 48.7944], [9.239, 48.7946], [9.2389, 48.7947], [9.2388, 48.7948], [9.2387, 48.795], [9.2385, 48.7951], [9.2382, 48.7953], [9.2381, 48.7954], [9.2379, 48.7956], [9.2377, 48.7957], [9.2373, 48.7959], [9.2369, 48.7962], [9.2367, 48.7963]], [[9.2367, 48.7963], [9.2365, 48.7964]], [[9.2365, 48.7964], [9.2364, 48.7964], [9.2356, 48.7968], [9.2344, 48.7975], [9.2342, 48.7976], [9.234, 48.7977]], [[9.234, 48.7977], [9.2329, 48.7982]], [[9.232, 48.7986], [9.2316, 48.7987], [9.2312, 48.7988], [9.2298, 48.7991], [9.229, 48.7993], [9.2289, 48.7993]], [[9.2289, 48.7993], [9.2286, 48.7994], [9.2281, 48.7995], [9.228, 48.7995], [9.2277, 48.7996], [9.227, 48.7997], [9.2265, 48.7998], [9.2262, 48.7999], [9.2259, 48.7999], [9.2256, 48.8], [9.2253, 48.8001], [9.2252, 48.8001], [9.2248, 48.8002], [9.2245, 48.8002], [9.2243, 48.8003], [9.2239, 48.8003], [9.2235, 48.8004], [9.2232, 48.8005], [9.2231, 48.8005], [9.2226, 48.8006], [9.2223, 48.8006], [9.2222, 48.8007], [9.2221, 48.8007], [9.222, 48.8007]], [[9.222, 48.8007], [9.2217, 48.8007], [9.221, 48.8008], [9.2207, 48.8009]], [[9.2207, 48.8009], [9.2205, 48.8009], [9.2202, 48.801], [9.2199, 48.801], [9.2195, 48.8011]], [[9.2195, 48.8011], [9.2194, 48.8011]], [[9.2194, 48.8011], [9.2191, 48.8012], [9.2178, 48.8015], [9.2168, 48.8016], [9.2165, 48.8017], [9.2162, 48.8018], [9.2161, 48.8018], [9.2159, 48.8018], [9.2158, 48.8019], [9.2156, 48.8019]], [[9.2156, 48.8019], [9.2153, 48.8019], [9.215, 48.802], [9.2149, 48.802]], [[9.2149, 48.802], [9.2147, 48.802], [9.2145, 48.802]], [[9.2145, 48.802], [9.2143, 48.802], [9.214, 48.802], [9.2138, 48.802], [9.2136, 48.802], [9.2133, 48.802], [9.2131, 48.802], [9.2128, 48.802], [9.2123, 48.8019], [9.2121, 48.8019], [9.2119, 48.8018], [9.2118, 48.8018]], [[9.2118, 48.8018], [9.2116, 48.8018]], [[9.2116, 48.8018], [9.2114, 48.8017], [9.2113, 48.8017], [9.2108, 48.8016], [9.2105, 48.8016], [9.2102, 48.8015]], [[9.2102, 48.8015], [9.21, 48.8014], [9.2096, 48.8013], [9.2094, 48.8013], [9.2092, 48.8012], [9.209, 48.8011], [9.2088, 48.801], [9.2085, 48.8009], [9.208, 48.8007], [9.2078, 48.8006]], [[9.2078, 48.8006], [9.2077, 48.8006]], [[9.2077, 48.8006], [9.2075, 48.8005]], [[9.2035, 48.7986], [9.2034, 48.7985], [9.2027, 48.7982], [9.2021, 48.798], [9.2015, 48.7976], [9.2012, 48.7975], [9.2012, 48.7974], [9.2005, 48.797], [9.2002, 48.7968], [9.1997, 48.7965], [9.1983, 48.7956], [9.1972, 48.795], [9.1969, 48.7948], [9.1968, 48.7947], [9.1966, 48.7946], [9.1963, 48.7944], [9.1955, 48.794]], [[9.1941, 48.7934], [9.194, 48.7933], [9.1939, 48.7932], [9.1936, 48.7931], [9.1935, 48.793]], [[9.1919, 48.7922], [9.1915, 48.792], [9.1912, 48.7919], [9.1911, 48.7918], [9.1907, 48.7916], [9.1897, 48.7912], [9.1892, 48.791], [9.1885, 48.7907]], [[9.1885, 48.7907], [9.1881, 48.7905]], [[9.1881, 48.7905], [9.1879, 48.7904], [9.1874, 48.7901]], [[9.1874, 48.7901], [9.1873, 48.7901]], [[9.1873, 48.7901], [9.187, 48.7899]], [[9.187, 48.7899], [9.1869, 48.7898]], [[9.1869, 48.7898], [9.1865, 48.7896]], [[9.1865, 48.7896], [9.1863, 48.7895], [9.1861, 48.7893], [9.1859, 48.7891]], [[9.1859, 48.7891], [9.1856, 48.7888], [9.185, 48.7883]], [[9.185, 48.7883], [9.1848, 48.788], [9.1847, 48.7879]], [[9.1136, 48.7399], [9.1138, 48.7397], [9.1143, 48.7394], [9.1146, 48.7391], [9.1149, 48.7389], [9.1151, 48.7387], [9.1156, 48.7383], [9.1162, 48.7379], [9.1165, 48.7376], [9.1168, 48.7374], [9.1175, 48.7369], [9.1179, 48.7365], [9.1182, 48.7363], [9.1184, 48.7361], [9.1185, 48.736], [9.1188, 48.7357], [9.1189, 48.7356], [9.119, 48.7355], [9.1191, 48.7353], [9.1193, 48.735], [9.1194, 48.7348], [9.1194, 48.7346], [9.1195, 48.7344], [9.1195, 48.7341]], [[9.1195, 48.7341], [9.1196, 48.7335], [9.1197, 48.7329]], [[9.1197, 48.7329], [9.1197, 48.7326], [9.1196, 48.7325], [9.1196, 48.7324], [9.1196, 48.7321], [9.1195, 48.732], [9.1195, 48.7319], [9.1194, 48.7316], [9.1193, 48.7314], [9.1192, 48.7312], [9.1191, 48.731], [9.1188, 48.7304], [9.1186, 48.7302], [9.1183, 48.73], [9.118, 48.7297], [9.1178, 48.7295], [9.1174, 48.7292], [9.1173, 48.7291], [9.1169, 48.7289], [9.1166, 48.7287], [9.1164, 48.7285]], [[9.1164, 48.7285], [9.1152, 48.7279]], [[9.1152, 48.7279], [9.1152, 48.7278], [9.1151, 48.7278], [9.1148, 48.7276], [9.1145, 48.7274], [9.1137, 48.727], [9.1132, 48.7266], [9.113, 48.7265], [9.1129, 48.7265], [9.1128, 48.7264], [9.1126, 48.7263], [9.1125, 48.7262], [9.1122, 48.7261], [9.1118, 48.7259]], [[9.1118, 48.7259], [9.1114, 48.7257], [9.111, 48.7255]], [[9.111, 48.7255], [9.1109, 48.7255], [9.1104, 48.7252], [9.1099, 48.725], [9.1097, 48.7249], [9.1095, 48.7248], [9.1093, 48.7247], [9.1091, 48.7246], [9.1089, 48.7244], [9.1088, 48.7243]], [[9.1088, 48.7243], [9.1083, 48.7238], [9.1079, 48.7233]], [[9.1079, 48.7233], [9.1078, 48.7232], [9.1077, 48.7231], [9.1073, 48.7226], [9.1072, 48.7224], [9.1071, 48.7223], [9.107, 48.722], [9.1069, 48.7218]], [[9.1069, 48.7218], [9.1069, 48.7216], [9.1069, 48.7215]], [[9.1069, 48.7215], [9.1068, 48.7212], [9.1068, 48.721], [9.1068, 48.7207], [9.1069, 48.7204], [9.1069, 48.7201], [9.107, 48.7197], [9.1071, 48.7194], [9.1073, 48.719], [9.1074, 48.719], [9.1074, 48.7189]], [[9.1074, 48.7189], [9.1076, 48.7186], [9.1078, 48.7184], [9.1079, 48.7182], [9.108, 48.7181], [9.1082, 48.7179], [9.1082, 48.7178], [9.1084, 48.7176], [9.1086, 48.7174], [9.1086, 48.7173], [9.1088, 48.7172], [9.1089, 48.717]], [[9.1089, 48.717], [9.1092, 48.7166], [9.1093, 48.7164], [9.1095, 48.7161]], [[9.1095, 48.7161], [9.1096, 48.7161]], [[9.1096, 48.7161], [9.1096, 48.716], [9.1097, 48.7158], [9.1098, 48.7157], [9.1099, 48.7155], [9.1099, 48.7154], [9.11, 48.7152], [9.11, 48.7151], [9.1101, 48.715], [9.1101, 48.7149], [9.1101, 48.7146], [9.1101, 48.7145], [9.1101, 48.7143], [9.1101, 48.7142], [9.1101, 48.7141], [9.1101, 48.7139], [9.1101, 48.7138], [9.1101, 48.7137], [9.11, 48.7135], [9.11, 48.7134], [9.1099, 48.7132], [9.1099, 48.7131], [9.1098, 48.713], [9.1097, 48.713], [9.1097, 48.7129], [9.1096, 48.7128], [9.1096, 48.7127], [9.1095, 48.7126], [9.1094, 48.7125], [9.1093, 48.7124], [9.1091, 48.7123], [9.1089, 48.7121], [9.1087, 48.712], [9.1085, 48.7119], [9.1084, 48.7118]], [[9.1084, 48.7118], [9.1081, 48.7116], [9.1079, 48.7116]], [[9.1079, 48.7116], [9.1077, 48.7115], [9.1074, 48.7113]], [[9.105, 48.7104], [9.1048, 48.7103], [9.1047, 48.7103], [9.1043, 48.7101], [9.1039, 48.71], [9.1036, 48.7098], [9.1029, 48.7096], [9.1024, 48.7094], [9.1021, 48.7092], [9.1013, 48.7089], [9.1006, 48.7086], [9.1002, 48.7085], [9.0991, 48.708]], [[9.0991, 48.708], [9.099, 48.708]], [[9.099, 48.708], [9.0989, 48.708], [9.0984, 48.7078], [9.0981, 48.7076], [9.0974, 48.7074], [9.0974, 48.7073], [9.0962, 48.7069], [9.0957, 48.7067], [9.0955, 48.7066], [9.0952, 48.7065], [9.0949, 48.7064], [9.0946, 48.7063], [9.0944, 48.7062], [9.094, 48.7061], [9.0931, 48.7058], [9.0924, 48.7056], [9.0911, 48.7052], [9.0898, 48.7048], [9.0895, 48.7047], [9.0891, 48.7046], [9.0888, 48.7045], [9.0885, 48.7045], [9.0883, 48.7044], [9.0881, 48.7044], [9.0878, 48.7043], [9.0876, 48.7043], [9.0873, 48.7042], [9.0872, 48.7042], [9.087, 48.7042], [9.0864, 48.7041], [9.0862, 48.7041], [9.0852, 48.704], [9.0844, 48.7039], [9.0833, 48.7038], [9.0824, 48.7037], [9.0816, 48.7036], [9.081, 48.7035], [9.0801, 48.7034], [9.0792, 48.7033], [9.078, 48.7032], [9.0775, 48.7031], [9.0772, 48.7031], [9.077, 48.7031], [9.0768, 48.703], [9.0766, 48.703], [9.0763, 48.703], [9.0756, 48.703], [9.0751, 48.7029], [9.0742, 48.7029], [9.0729, 48.7028], [9.0719, 48.7028], [9.0715, 48.7028], [9.0707, 48.7027], [9.0697, 48.7027], [9.0689, 48.7026], [9.0686, 48.7026], [9.0684, 48.7026], [9.0682, 48.7026], [9.068, 48.7026], [9.0678, 48.7026], [9.0676, 48.7025], [9.0674, 48.7025], [9.0672, 48.7025], [9.0671, 48.7025], [9.067, 48.7025], [9.0669, 48.7024], [9.0667, 48.7024], [9.0665, 48.7024], [9.0664, 48.7023], [9.0661, 48.7023], [9.0659, 48.7022], [9.0657, 48.7022], [9.0655, 48.7021], [9.065, 48.702], [9.0644, 48.7018], [9.0643, 48.7018], [9.0637, 48.7016], [9.063, 48.7014], [9.0629, 48.7014], [9.062, 48.7012], [9.0616, 48.7011], [9.0612, 48.7009], [9.0609, 48.7008], [9.0606, 48.7008], [9.0602, 48.7007], [9.0599, 48.7006], [9.0595, 48.7005], [9.0593, 48.7005], [9.0591, 48.7005], [9.0586, 48.7004], [9.0584, 48.7004], [9.0582, 48.7003], [9.058, 48.7003], [9.0578, 48.7003], [9.0575, 48.7003], [9.0572, 48.7003], [9.0569, 48.7003], [9.0567, 48.7003], [9.0566, 48.7003], [9.0562, 48.7003], [9.0559, 48.7003], [9.0558, 48.7003], [9.0557, 48.7003], [9.0554, 48.7003], [9.055, 48.7003], [9.0543, 48.7004], [9.0531, 48.7005], [9.0519, 48.7007], [9.0512, 48.7007], [9.0503, 48.7008], [9.0492, 48.7009], [9.0492, 48.701], [9.0474, 48.7011]], [[9.0474, 48.7011], [9.0473, 48.7012]], [[9.0473, 48.7012], [9.0465, 48.7012], [9.0461, 48.7013], [9.0439, 48.7015], [9.0432, 48.7016]], [[9.0432, 48.7016], [9.0426, 48.7017], [9.0425, 48.7017], [9.0422, 48.7017], [9.0419, 48.7017], [9.0417, 48.7017], [9.0415, 48.7017], [9.0413, 48.7018], [9.0411, 48.7017], [9.041, 48.7017], [9.0409, 48.7017], [9.0407, 48.7017], [9.0406, 48.7017], [9.0404, 48.7017], [9.0403, 48.7017], [9.0401, 48.7017], [9.0399, 48.7017], [9.0396, 48.7016], [9.0394, 48.7016], [9.039, 48.7015], [9.0379, 48.7013], [9.0376, 48.7013], [9.0368, 48.7011], [9.0356, 48.7009], [9.0339, 48.7006], [9.0334, 48.7005], [9.0333, 48.7005]], [[9.0333, 48.7005], [9.0329, 48.7004]], [[9.0329, 48.7004], [9.0327, 48.7004], [9.0326, 48.7004]], [[9.0326, 48.7004], [9.032, 48.7003]], [[9.032, 48.7003], [9.0297, 48.6998], [9.0277, 48.6995], [9.027, 48.6993], [9.0253, 48.699], [9.0252, 48.699], [9.0249, 48.6989], [9.0246, 48.6989], [9.0244, 48.6988], [9.0242, 48.6988], [9.0241, 48.6987], [9.0239, 48.6987], [9.0238, 48.6987], [9.0237, 48.6986], [9.0235, 48.6986], [9.0234, 48.6985]], [[9.0234, 48.6985], [9.0233, 48.6985], [9.0232, 48.6984], [9.023, 48.6983]], [[9.023, 48.6983], [9.0228, 48.6983], [9.0227, 48.6982], [9.0226, 48.6982], [9.0225, 48.6981], [9.0222, 48.698], [9.022, 48.6978], [9.0216, 48.6976], [9.0215, 48.6976], [9.0214, 48.6975], [9.0211, 48.6973], [9.0207, 48.6971]], [[9.0207, 48.6971], [9.0204, 48.6969], [9.02, 48.6967], [9.0199, 48.6966], [9.0197, 48.6965], [9.0193, 48.6963], [9.0189, 48.6961], [9.0186, 48.6959], [9.0181, 48.6956], [9.0172, 48.6951], [9.0164, 48.6946], [9.015, 48.6938], [9.0142, 48.6934], [9.013, 48.6927], [9.0124, 48.6923], [9.0119, 48.692], [9.0117, 48.6919], [9.0109, 48.6914], [9.0102, 48.691], [9.0099, 48.6908], [9.0098, 48.6908], [9.0094, 48.6906], [9.0091, 48.6904], [9.009, 48.6904], [9.009, 48.6903]], [[9.009, 48.6903], [9.0083, 48.6899], [9.0078, 48.6896], [9.0077, 48.6896], [9.0072, 48.6894], [9.007, 48.6892]], [[9.007, 48.6892], [9.0069, 48.6892], [9.0067, 48.6891]], [[9.0067, 48.6891], [9.0061, 48.6888]], [[9.0061, 48.6888], [9.0056, 48.6886]], [[9.0056, 48.6886], [9.0054, 48.6885], [9.0051, 48.6883], [9.0047, 48.6881], [9.0042, 48.6877], [9.004, 48.6876], [9.0036, 48.6874], [9.0033, 48.6872], [9.0032, 48.6872], [9.0031, 48.6871], [9.0025, 48.6868], [9.0021, 48.6865], [9.0015, 48.6862], [9.0013, 48.6861], [9.0011, 48.6859], [9.0005, 48.6856]], [[9.0005, 48.6856], [9.0001, 48.6853], [8.9997, 48.6851], [8.9995, 48.685], [8.9992, 48.6848]], [[8.9992, 48.6848], [8.9987, 48.6845], [8.9982, 48.6841], [8.9979, 48.684], [8.9978, 48.6839]], [[8.9978, 48.6839], [8.9975, 48.6838], [8.9971, 48.6836], [8.9968, 48.6834], [8.9964, 48.6832], [8.9962, 48.6831], [8.9961, 48.6831], [8.9959, 48.683], [8.9958, 48.6829], [8.9956, 48.6829], [8.9953, 48.6828], [8.9951, 48.6827], [8.9949, 48.6826], [8.9948, 48.6826], [8.9947, 48.6826]], [[8.9947, 48.6826], [8.9945, 48.6825], [8.9944, 48.6825], [8.9943, 48.6824], [8.994, 48.6824], [8.9936, 48.6823], [8.9931, 48.6821], [8.9928, 48.682], [8.9926, 48.682], [8.992, 48.6818], [8.9912, 48.6816], [8.9908, 48.6815], [8.9904, 48.6814], [8.9899, 48.6813], [8.9894, 48.6811], [8.9884, 48.6808], [8.988, 48.6807], [8.9876, 48.6806], [8.9872, 48.6805], [8.9867, 48.6804], [8.9855, 48.6801], [8.9846, 48.6798], [8.9837, 48.6796], [8.9829, 48.6794], [8.9824, 48.6792], [8.9818, 48.6791], [8.9811, 48.6789], [8.9805, 48.6787], [8.9802, 48.6786], [8.9801, 48.6786], [8.9795, 48.6784], [8.9789, 48.6783], [8.9781, 48.6781], [8.9777, 48.678], [8.9768, 48.6777], [8.976, 48.6775], [8.9758, 48.6774]], [[8.9758, 48.6774], [8.9753, 48.6773]], [[8.9753, 48.6773], [8.9751, 48.6772], [8.9749, 48.6772], [8.9747, 48.6771], [8.9744, 48.677], [8.9741, 48.6769], [8.9737, 48.6768], [8.9734, 48.6766], [8.973, 48.6765], [8.9727, 48.6764], [8.9723, 48.6762]], [[8.9723, 48.6762], [8.9719, 48.676]], [[8.9719, 48.676], [8.971, 48.6757], [8.9683, 48.6744], [8.9642, 48.6723], [8.9639, 48.6722]], [[8.9639, 48.6722], [8.963, 48.6718]], [[8.963, 48.6718], [8.9626, 48.6716], [8.9602, 48.6704], [8.9578, 48.6692], [8.9559, 48.6683], [8.9556, 48.6681], [8.9555, 48.6681], [8.9532, 48.667], [8.953, 48.6669]], [[8.953, 48.6669], [8.9528, 48.6668]], [[8.9528, 48.6668], [8.9521, 48.6665], [8.9515, 48.6662], [8.951, 48.6659], [8.9503, 48.6656], [8.9486, 48.6648], [8.9478, 48.6644], [8.9468, 48.664], [8.9456, 48.6634], [8.9445, 48.6629], [8.9433, 48.6623], [8.9424, 48.6619], [8.942, 48.6617], [8.9415, 48.6615], [8.9409, 48.6613], [8.9402, 48.6611], [8.94, 48.6611], [8.9395, 48.661], [8.9373, 48.6605], [8.9365, 48.6603]], [[8.9365, 48.6603], [8.936, 48.6602]], [[8.936, 48.6602], [8.9355, 48.6601], [8.9351, 48.66], [8.9346, 48.6599], [8.9342, 48.6597], [8.9337, 48.6595], [8.9329, 48.6592]], [[8.9329, 48.6592], [8.9319, 48.6587]], [[8.9319, 48.6587], [8.9317, 48.6586], [8.9312, 48.6583], [8.9308, 48.6581], [8.9303, 48.6578], [8.9302, 48.6577], [8.9299, 48.6575], [8.9297, 48.6572], [8.9295, 48.6571], [8.929, 48.6565], [8.9287, 48.6562]], [[8.9287, 48.6562], [8.9285, 48.6559]], [[8.9285, 48.6559], [8.9284, 48.6558]], [[8.9284, 48.6558], [8.9274, 48.6547], [8.9271, 48.6542], [8.9261, 48.653], [8.9258, 48.6527], [8.9254, 48.6522], [8.9252, 48.652], [8.9248, 48.6516], [8.9245, 48.6514], [8.9238, 48.6508], [8.9234, 48.6506], [8.923, 48.6503], [8.9225, 48.65], [8.9208, 48.6492], [8.9185, 48.6481], [8.9182, 48.6479], [8.918, 48.6478], [8.9167, 48.6472], [8.9166, 48.6471], [8.916, 48.6468], [8.9158, 48.6467], [8.9154, 48.6464], [8.9151, 48.6462], [8.9147, 48.6459], [8.9146, 48.6458]], [[8.9146, 48.6458], [8.9143, 48.6455]], [[8.9143, 48.6455], [8.9141, 48.6454]], [[8.9141, 48.6454], [8.9137, 48.6451], [8.9131, 48.6445], [8.9127, 48.6442], [8.9114, 48.643], [8.911, 48.6428], [8.9109, 48.6426], [8.9099, 48.6418], [8.9096, 48.6415], [8.9088, 48.6408], [8.9086, 48.6406], [8.9083, 48.6404], [8.908, 48.6401], [8.9079, 48.64], [8.9076, 48.6397], [8.9075, 48.6396]], [[8.9075, 48.6396], [8.9073, 48.6394]], [[8.9073, 48.6394], [8.907, 48.6391], [8.9067, 48.6388], [8.9064, 48.6384], [8.9063, 48.6383], [8.9061, 48.6381], [8.9057, 48.6375], [8.9056, 48.6373]], [[8.9056, 48.6373], [8.9053, 48.6367], [8.9052, 48.6365]], [[8.9052, 48.6365], [8.905, 48.636], [8.9045, 48.6351], [8.9044, 48.6349], [8.9041, 48.6344], [8.9039, 48.634], [8.9033, 48.6331], [8.9028, 48.6325], [8.9024, 48.6319], [8.9016, 48.6309], [8.8996, 48.6288], [8.898, 48.627], [8.8979, 48.6269], [8.8977, 48.6267], [8.8971, 48.6261], [8.8968, 48.6257], [8.8966, 48.6255], [8.8964, 48.6253], [8.8961, 48.6249], [8.8957, 48.6246], [8.8954, 48.6242], [8.8952, 48.6241], [8.895, 48.6239]], [[8.895, 48.6239], [8.8949, 48.6237], [8.8948, 48.6236]], [[8.8948, 48.6236], [8.8946, 48.6235], [8.8944, 48.6233], [8.8941, 48.6231], [8.8939, 48.6229]], [[8.8939, 48.6229], [8.8937, 48.6227]], [[8.8937, 48.6227], [8.8934, 48.6225], [8.8932, 48.6223], [8.893, 48.6222], [8.8923, 48.6217], [8.8917, 48.6213], [8.8912, 48.6211], [8.8902, 48.6204], [8.89, 48.6203], [8.8894, 48.6199], [8.8891, 48.6197], [8.8889, 48.6196], [8.8888, 48.6195], [8.8883, 48.6192], [8.8881, 48.6191], [8.888, 48.619], [8.8875, 48.6188], [8.8871, 48.6185], [8.8866, 48.6182], [8.8864, 48.6181], [8.8862, 48.618]], [[8.8862, 48.618], [8.8861, 48.6179]], [[8.8861, 48.6179], [8.8859, 48.6178], [8.8857, 48.6177], [8.8854, 48.6174], [8.8851, 48.6172], [8.8848, 48.6171], [8.8845, 48.6169], [8.8843, 48.6167], [8.884, 48.6165], [8.884, 48.6164], [8.8838, 48.6163], [8.8836, 48.6162], [8.8835, 48.6161], [8.8833, 48.6158], [8.8832, 48.6157], [8.8831, 48.6156], [8.8829, 48.6155], [8.8828, 48.6153], [8.8826, 48.6151], [8.8824, 48.6149], [8.8823, 48.6147], [8.882, 48.6143], [8.8818, 48.614], [8.8816, 48.6137], [8.8815, 48.6136], [8.8814, 48.6134]], [[8.8814, 48.6134], [8.8812, 48.6132], [8.8812, 48.6131], [8.8811, 48.613], [8.8809, 48.6127], [8.8807, 48.6126], [8.8806, 48.6124], [8.8804, 48.6122], [8.8803, 48.6121], [8.8802, 48.612], [8.88, 48.6118], [8.8798, 48.6117], [8.8796, 48.6116], [8.8794, 48.6115], [8.8792, 48.6113], [8.8789, 48.6112], [8.8787, 48.6111], [8.8786, 48.611], [8.8782, 48.6108], [8.8779, 48.6107], [8.8777, 48.6106], [8.8773, 48.6105], [8.8769, 48.6104], [8.8766, 48.6103], [8.8762, 48.6102], [8.8758, 48.6101], [8.8756, 48.6101], [8.8739, 48.6098]], [[8.8739, 48.6098], [8.8736, 48.6097]], [[8.8736, 48.6097], [8.8731, 48.6096], [8.8711, 48.6093], [8.8703, 48.6091], [8.87, 48.609], [8.8699, 48.609], [8.8696, 48.6089], [8.8692, 48.6088], [8.8686, 48.6085], [8.8681, 48.6083], [8.8675, 48.608], [8.8672, 48.6078], [8.8671, 48.6077], [8.8667, 48.6074], [8.8664, 48.6072], [8.8662, 48.607], [8.8661, 48.6069], [8.866, 48.6068], [8.8657, 48.6064], [8.8654, 48.606], [8.8653, 48.6058], [8.8651, 48.6056], [8.8651, 48.6054], [8.865, 48.6053], [8.8649, 48.6051], [8.8648, 48.6048], [8.8647, 48.6044], [8.8646, 48.6041], [8.8646, 48.6038], [8.8646, 48.6036], [8.8646, 48.6032], [8.8647, 48.6028], [8.8647, 48.6027], [8.8648, 48.6025], [8.8651, 48.6017], [8.8651, 48.6016], [8.8652, 48.6016], [8.8654, 48.6012], [8.8659, 48.6001], [8.866, 48.6]], [[8.866, 48.6], [8.8661, 48.5997]], [[8.8661, 48.5997], [8.8663, 48.5994]], [[8.8663, 48.5994], [8.8664, 48.5993], [8.8664, 48.5992], [8.8664, 48.5991], [8.8668, 48.5984], [8.8668, 48.5983], [8.8668, 48.5981], [8.8669, 48.5978], [8.8669, 48.5974], [8.8668, 48.5971], [8.8668, 48.5969], [8.8667, 48.5967], [8.8666, 48.5964], [8.8664, 48.5961], [8.8662, 48.5958]], [[8.8662, 48.5958], [8.866, 48.5956]], [[8.866, 48.5956], [8.8659, 48.5955]], [[8.8658, 48.5954], [8.8659, 48.5955]], [[8.8652, 48.595], [8.8655, 48.5952], [8.8658, 48.5954]], [[8.8652, 48.595], [8.8649, 48.5948], [8.8646, 48.5947], [8.8645, 48.5947]], [[8.8645, 48.5947], [8.8644, 48.5946], [8.864, 48.5945], [8.863, 48.5942], [8.8629, 48.5941]], [[8.9097, 48.6414], [8.9098, 48.6414], [8.9093, 48.641], [8.9092, 48.6409], [8.9091, 48.6409], [8.9091, 48.6408], [8.909, 48.6408], [8.909, 48.6407], [8.9089, 48.6407], [8.9088, 48.6406], [8.9086, 48.6405], [8.9087, 48.6405], [8.9085, 48.6403], [8.9084, 48.6402], [8.9083, 48.6402], [8.908, 48.6399], [8.908, 48.64], [8.9083, 48.6403], [8.9086, 48.6405], [8.9089, 48.6408], [8.9092, 48.641], [8.9095, 48.6412], [8.9097, 48.6414]], [[8.9834, 48.6794], [8.9838, 48.6795], [8.9837, 48.6795], [8.9834, 48.6795], [8.9829, 48.6793], [8.9827, 48.6793], [8.9825, 48.6792], [8.9823, 48.6792], [8.9814, 48.6789], [8.9811, 48.6788], [8.9815, 48.6789], [8.9823, 48.6791], [8.9824, 48.6791], [8.9825, 48.6792], [8.9829, 48.6793], [8.983, 48.6793], [8.9834, 48.6794]], [[9.0188, 48.6959], [9.0194, 48.6963], [9.0195, 48.6962], [9.0195, 48.6963], [9.0198, 48.6965], [9.0201, 48.6966], [9.0207, 48.697], [9.0207, 48.6969], [9.0208, 48.697], [9.0208, 48.6971], [9.0207, 48.697], [9.0201, 48.6966], [9.0198, 48.6965], [9.0186, 48.6958], [9.0187, 48.6958], [9.0188, 48.6959]], [[9.1054, 48.7459], [9.1056, 48.7457], [9.1058, 48.7453], [9.1061, 48.7449], [9.1062, 48.7448], [9.1064, 48.7446], [9.1065, 48.7445], [9.1064, 48.7446], [9.1064, 48.7447], [9.1062, 48.7448], [9.1059, 48.7453], [9.1056, 48.7457], [9.1056, 48.7458], [9.1055, 48.7458], [9.1055, 48.746], [9.1054, 48.7459]], [[9.1577, 48.7705], [9.1577, 48.7704], [9.1575, 48.7704], [9.1568, 48.7702], [9.1562, 48.77], [9.1554, 48.7698], [9.1553, 48.7698], [9.1552, 48.7697], [9.1551, 48.7697], [9.1551, 48.7698], [9.1552, 48.7698], [9.1551, 48.7698], [9.1553, 48.7698], [9.1563, 48.7701], [9.1564, 48.7701], [9.1576, 48.7704], [9.1577, 48.7704], [9.1577, 48.7705]], [[8.8629, 48.594], [8.8631, 48.5941], [8.8634, 48.5942], [8.8637, 48.5943], [8.864, 48.5944], [8.8643, 48.5945], [8.8644, 48.5946]], [[8.8644, 48.5946], [8.8649, 48.5948], [8.8652, 48.595], [8.8655, 48.5952]], [[8.8655, 48.5952], [8.8656, 48.5952], [8.8657, 48.5953]], [[8.8657, 48.5953], [8.8658, 48.5954]], [[8.8658, 48.5954], [8.8659, 48.5955], [8.8662, 48.5958]], [[8.8662, 48.5958], [8.8664, 48.5961], [8.8665, 48.5961], [8.8666, 48.5964], [8.8668, 48.5967], [8.8669, 48.5969], [8.8669, 48.5971], [8.8669, 48.5974], [8.8669, 48.5978], [8.8669, 48.5981], [8.8668, 48.5983]], [[8.8668, 48.5983], [8.8668, 48.5984], [8.8666, 48.5989], [8.8665, 48.5991], [8.8664, 48.5993], [8.8663, 48.5994]], [[8.8663, 48.5994], [8.8662, 48.5997]], [[8.8662, 48.5997], [8.866, 48.6]], [[8.866, 48.6], [8.866, 48.6001], [8.8654, 48.6012], [8.8652, 48.6017], [8.8651, 48.6017], [8.865, 48.6021], [8.8648, 48.6025], [8.8648, 48.6026], [8.8648, 48.6027], [8.8647, 48.6028], [8.8647, 48.6032], [8.8647, 48.6036], [8.8647, 48.6038], [8.8647, 48.6041], [8.8647, 48.6044], [8.8648, 48.6047], [8.8649, 48.6051], [8.865, 48.6053], [8.8651, 48.6054], [8.8652, 48.6056], [8.8653, 48.6058], [8.8654, 48.606], [8.8657, 48.6064], [8.866, 48.6067], [8.8661, 48.6069], [8.8662, 48.607], [8.8665, 48.6072], [8.8667, 48.6074], [8.8671, 48.6076], [8.8673, 48.6078], [8.8674, 48.6079], [8.8675, 48.608], [8.8681, 48.6083], [8.8686, 48.6085], [8.8692, 48.6087], [8.8696, 48.6089], [8.8699, 48.609], [8.87, 48.609], [8.8704, 48.6091], [8.8713, 48.6093], [8.8715, 48.6093], [8.8731, 48.6096], [8.8736, 48.6097]], [[8.8736, 48.6097], [8.8739, 48.6097]], [[8.8739, 48.6097], [8.8756, 48.61], [8.8758, 48.6101], [8.8762, 48.6102], [8.8766, 48.6102], [8.877, 48.6103], [8.8773, 48.6104], [8.8777, 48.6106], [8.8779, 48.6107], [8.8782, 48.6108], [8.8786, 48.611], [8.8788, 48.611], [8.879, 48.6111], [8.8792, 48.6113], [8.8795, 48.6114], [8.8797, 48.6116], [8.8799, 48.6117], [8.88, 48.6118], [8.8802, 48.612], [8.8803, 48.6121], [8.8804, 48.6122], [8.8806, 48.6124], [8.8808, 48.6125], [8.8809, 48.6127], [8.8811, 48.6129], [8.8812, 48.613], [8.8813, 48.6132], [8.8815, 48.6134], [8.8815, 48.6135], [8.8816, 48.6135], [8.8816, 48.6136]], [[8.8816, 48.6136], [8.8817, 48.6137], [8.8819, 48.614], [8.8821, 48.6143], [8.8823, 48.6145], [8.8823, 48.6147], [8.8825, 48.6148], [8.8826, 48.6151], [8.8828, 48.6153], [8.883, 48.6155], [8.8831, 48.6156], [8.8832, 48.6157], [8.8833, 48.6158], [8.8836, 48.616], [8.8837, 48.6162], [8.8838, 48.6163], [8.884, 48.6164], [8.8841, 48.6165], [8.8843, 48.6167], [8.8845, 48.6168], [8.8848, 48.617], [8.8851, 48.6172], [8.8854, 48.6174], [8.8857, 48.6176], [8.886, 48.6177], [8.8861, 48.6179]], [[8.8861, 48.6179], [8.8862, 48.6179]], [[8.8862, 48.6179], [8.8864, 48.618], [8.8867, 48.6182], [8.8872, 48.6185], [8.8877, 48.6188], [8.8882, 48.6191], [8.8886, 48.6193], [8.889, 48.6196], [8.8892, 48.6197], [8.8895, 48.6198], [8.8897, 48.6199], [8.8899, 48.6201], [8.8902, 48.6202], [8.8903, 48.6203], [8.8903, 48.6204], [8.8905, 48.6205], [8.8908, 48.6207], [8.8909, 48.6207], [8.8911, 48.6208], [8.8913, 48.621], [8.8915, 48.6211], [8.8917, 48.6213], [8.8923, 48.6217], [8.8931, 48.6222], [8.8932, 48.6223], [8.8934, 48.6224], [8.8936, 48.6226], [8.8938, 48.6227]], [[8.8938, 48.6227], [8.8939, 48.6229]], [[8.8939, 48.6229], [8.8942, 48.623], [8.8944, 48.6232], [8.8946, 48.6234], [8.8948, 48.6236]], [[8.8948, 48.6236], [8.895, 48.6237], [8.8951, 48.6239]], [[8.8951, 48.6239], [8.8953, 48.624], [8.8954, 48.6242], [8.8958, 48.6246], [8.8961, 48.6249], [8.8965, 48.6253], [8.8966, 48.6255], [8.8968, 48.6257], [8.8975, 48.6264], [8.8978, 48.6267], [8.898, 48.6269], [8.8996, 48.6287], [8.8997, 48.6288], [8.9016, 48.6309], [8.9025, 48.6319], [8.9029, 48.6325], [8.9034, 48.6331], [8.9039, 48.634], [8.9042, 48.6344], [8.9045, 48.6349], [8.9046, 48.6351], [8.905, 48.636], [8.9053, 48.6365], [8.9053, 48.6366]], [[8.9053, 48.6366], [8.9053, 48.6367], [8.9056, 48.6371], [8.9058, 48.6375], [8.9061, 48.6379], [8.9065, 48.6385], [8.9066, 48.6386], [8.9067, 48.6388], [8.907, 48.6391], [8.9073, 48.6394]], [[8.9075, 48.6396], [8.9077, 48.6397], [8.9081, 48.6401], [8.9083, 48.6403], [8.9085, 48.6405], [8.9089, 48.6408], [8.9091, 48.6409], [8.9094, 48.6412], [8.9097, 48.6415], [8.9103, 48.642], [8.9108, 48.6424], [8.9111, 48.6427], [8.9125, 48.6439], [8.9127, 48.6441], [8.9139, 48.6452], [8.9143, 48.6455]], [[8.9143, 48.6455], [8.9147, 48.6458]], [[8.9147, 48.6458], [8.9147, 48.6459], [8.9148, 48.6459]], [[8.9268, 48.6538], [8.9261, 48.653], [8.9258, 48.6526], [8.9254, 48.6522], [8.9251, 48.6518], [8.9249, 48.6516], [8.9246, 48.6513], [8.9239, 48.6508], [8.9235, 48.6505], [8.923, 48.6503], [8.9226, 48.65], [8.9208, 48.6492], [8.9185, 48.648], [8.9182, 48.6479], [8.918, 48.6478], [8.9168, 48.6472], [8.9167, 48.6471], [8.9161, 48.6468], [8.9159, 48.6466], [8.9154, 48.6463], [8.9151, 48.6462], [8.9151, 48.6461], [8.9148, 48.6459]], [[8.9284, 48.6558], [8.9279, 48.6551], [8.9275, 48.6546], [8.9271, 48.6542], [8.9268, 48.6538]], [[8.9285, 48.6559], [8.9289, 48.6563]], [[8.9289, 48.6563], [8.929, 48.6564], [8.9295, 48.657], [8.9297, 48.6572], [8.9299, 48.6574], [8.9302, 48.6576], [8.9303, 48.6577], [8.9308, 48.658], [8.9312, 48.6583], [8.9318, 48.6586], [8.9319, 48.6587]], [[8.9319, 48.6587], [8.9329, 48.6591]], [[8.9329, 48.6591], [8.9332, 48.6593], [8.9335, 48.6594], [8.9337, 48.6595], [8.9343, 48.6597], [8.9346, 48.6598], [8.9352, 48.66], [8.9359, 48.6602]], [[8.9359, 48.6602], [8.9363, 48.6602], [8.9365, 48.6603]], [[8.9365, 48.6603], [8.9373, 48.6604], [8.9386, 48.6607], [8.9392, 48.6608], [8.9396, 48.6609], [8.94, 48.661], [8.9402, 48.6611], [8.941, 48.6613], [8.9416, 48.6615], [8.942, 48.6617], [8.9425, 48.6618], [8.943, 48.6621], [8.9434, 48.6622], [8.944, 48.6625], [8.9441, 48.6626], [8.9446, 48.6628], [8.9449, 48.663], [8.9457, 48.6633], [8.946, 48.6635], [8.9463, 48.6636], [8.9469, 48.6639], [8.9473, 48.6641], [8.9483, 48.6646], [8.9504, 48.6656], [8.9506, 48.6657], [8.951, 48.6659], [8.9516, 48.6662], [8.9521, 48.6664], [8.9527, 48.6667], [8.9529, 48.6668]], [[8.9529, 48.6668], [8.9531, 48.6669]], [[8.9531, 48.6669], [8.9533, 48.667], [8.9555, 48.6681], [8.9579, 48.6692], [8.9602, 48.6704], [8.9627, 48.6716], [8.963, 48.6717]], [[8.963, 48.6717], [8.9639, 48.6722]], [[8.9639, 48.6722], [8.9642, 48.6723], [8.9684, 48.6743], [8.9705, 48.6754], [8.971, 48.6756], [8.9719, 48.676]], [[8.9719, 48.676], [8.9724, 48.6762]], [[8.9724, 48.6762], [8.9727, 48.6764], [8.973, 48.6765], [8.9734, 48.6766], [8.9738, 48.6767], [8.9741, 48.6769], [8.9744, 48.677], [8.9747, 48.6771], [8.9751, 48.6772], [8.9753, 48.6773]], [[8.9758, 48.6774], [8.976, 48.6775], [8.9769, 48.6777], [8.9777, 48.6779], [8.9789, 48.6783], [8.9795, 48.6784], [8.9801, 48.6786], [8.9802, 48.6786], [8.9805, 48.6787], [8.981, 48.6788], [8.9811, 48.6788], [8.9818, 48.679], [8.9824, 48.6792], [8.9829, 48.6793], [8.9831, 48.6794], [8.9836, 48.6795], [8.9838, 48.6796], [8.9843, 48.6797], [8.9849, 48.6799], [8.9855, 48.68], [8.987, 48.6804], [8.9877, 48.6806], [8.9884, 48.6808], [8.9894, 48.6811], [8.9899, 48.6812], [8.9904, 48.6814], [8.9908, 48.6815], [8.9912, 48.6816], [8.992, 48.6818], [8.9927, 48.682], [8.9928, 48.682], [8.9931, 48.6821], [8.9936, 48.6822], [8.994, 48.6823], [8.9943, 48.6824]], [[8.9943, 48.6824], [8.9945, 48.6825], [8.9947, 48.6825], [8.9948, 48.6826], [8.995, 48.6826], [8.9951, 48.6826], [8.9953, 48.6827], [8.9954, 48.6828], [8.9956, 48.6828], [8.9958, 48.6829], [8.996, 48.683], [8.9961, 48.683], [8.9962, 48.683], [8.9963, 48.6831], [8.9964, 48.6831], [8.9964, 48.6832], [8.9966, 48.6832], [8.9968, 48.6833], [8.9974, 48.6837], [8.9975, 48.6837], [8.9982, 48.6841]], [[8.9982, 48.6841], [8.9983, 48.6842], [8.9988, 48.6845], [8.9989, 48.6845], [8.9992, 48.6847], [8.9996, 48.6849], [9.0002, 48.6853], [9.0005, 48.6854], [9.0005, 48.6855]], [[9.0005, 48.6855], [9.0008, 48.6856], [9.0011, 48.6858], [9.0012, 48.6859], [9.0014, 48.686], [9.0015, 48.686], [9.0017, 48.6862], [9.0019, 48.6863], [9.002, 48.6864], [9.0021, 48.6865], [9.0023, 48.6866], [9.0025, 48.6867], [9.0031, 48.6871]], [[9.0031, 48.6871], [9.0032, 48.6871], [9.0036, 48.6874], [9.004, 48.6876], [9.0043, 48.6878], [9.0046, 48.6879], [9.0048, 48.688], [9.0052, 48.6883], [9.0055, 48.6884], [9.0057, 48.6885], [9.0062, 48.6888]], [[9.0062, 48.6888], [9.0067, 48.6891]], [[9.0067, 48.6891], [9.007, 48.6892]], [[9.007, 48.6892], [9.0073, 48.6893], [9.0076, 48.6895], [9.0078, 48.6896]], [[9.0078, 48.6896], [9.0079, 48.6897], [9.0083, 48.6899], [9.0087, 48.6901], [9.009, 48.6903], [9.0092, 48.6904], [9.0095, 48.6905], [9.0098, 48.6908], [9.01, 48.6909], [9.0109, 48.6914], [9.011, 48.6914], [9.0116, 48.6918], [9.0118, 48.6919], [9.0119, 48.692], [9.012, 48.692], [9.0124, 48.6923], [9.0131, 48.6926], [9.0143, 48.6933], [9.015, 48.6938], [9.0165, 48.6946], [9.0172, 48.695], [9.0181, 48.6956], [9.0182, 48.6956], [9.0187, 48.6959], [9.019, 48.696], [9.0194, 48.6963], [9.0197, 48.6965], [9.0199, 48.6966], [9.0201, 48.6967], [9.0204, 48.6969], [9.0208, 48.6971]], [[9.0208, 48.6971], [9.0212, 48.6973], [9.0212, 48.6974], [9.0215, 48.6975], [9.0216, 48.6975], [9.0221, 48.6978], [9.0223, 48.6979], [9.0225, 48.6981], [9.0226, 48.6981], [9.0227, 48.6982], [9.0228, 48.6982], [9.023, 48.6983]], [[9.023, 48.6983], [9.0232, 48.6984], [9.0233, 48.6984], [9.0234, 48.6985]], [[9.0234, 48.6985], [9.0235, 48.6985], [9.0237, 48.6986], [9.0238, 48.6986], [9.0239, 48.6987], [9.0241, 48.6987], [9.0243, 48.6988], [9.0244, 48.6988], [9.0246, 48.6989], [9.0249, 48.6989], [9.0252, 48.699], [9.0253, 48.699], [9.0267, 48.6993], [9.0277, 48.6994], [9.0297, 48.6998], [9.032, 48.7002]], [[9.032, 48.7002], [9.0325, 48.7003]], [[9.0325, 48.7003], [9.0327, 48.7004], [9.0329, 48.7004]], [[9.0329, 48.7004], [9.0333, 48.7004]], [[9.0333, 48.7004], [9.0339, 48.7006], [9.0346, 48.7007], [9.0356, 48.7009], [9.0368, 48.7011], [9.0376, 48.7012], [9.0379, 48.7013], [9.0392, 48.7015], [9.0394, 48.7016], [9.0397, 48.7016], [9.0399, 48.7016], [9.0401, 48.7016], [9.0403, 48.7017], [9.0404, 48.7017], [9.0406, 48.7017], [9.0407, 48.7017], [9.0409, 48.7017], [9.041, 48.7017], [9.0411, 48.7017], [9.0413, 48.7017], [9.0415, 48.7017], [9.0417, 48.7017], [9.0419, 48.7017], [9.0422, 48.7017], [9.0425, 48.7017], [9.0429, 48.7016], [9.0432, 48.7016]], [[9.0432, 48.7016], [9.0439, 48.7015], [9.046, 48.7013], [9.0465, 48.7012], [9.0473, 48.7011]], [[9.0473, 48.7011], [9.0474, 48.7011]], [[9.0474, 48.7011], [9.0492, 48.7009], [9.0512, 48.7007], [9.0524, 48.7006], [9.0531, 48.7005], [9.0542, 48.7004], [9.055, 48.7003], [9.0554, 48.7003], [9.0557, 48.7003], [9.0559, 48.7002], [9.0562, 48.7002], [9.0566, 48.7002], [9.0567, 48.7002], [9.0569, 48.7002], [9.0572, 48.7002], [9.0575, 48.7002], [9.0578, 48.7003], [9.058, 48.7003], [9.0582, 48.7003], [9.0585, 48.7003], [9.0587, 48.7004], [9.0591, 48.7004], [9.0593, 48.7005], [9.0596, 48.7005], [9.0599, 48.7006], [9.0602, 48.7006], [9.0606, 48.7007], [9.0609, 48.7008], [9.0612, 48.7009], [9.0616, 48.701], [9.0629, 48.7014], [9.0631, 48.7014], [9.0637, 48.7016], [9.0643, 48.7018], [9.0646, 48.7018], [9.065, 48.702], [9.0655, 48.7021], [9.0657, 48.7021], [9.0659, 48.7022], [9.0662, 48.7023], [9.0664, 48.7023], [9.0665, 48.7023], [9.0667, 48.7024], [9.0669, 48.7024], [9.067, 48.7024], [9.0671, 48.7024], [9.0672, 48.7024], [9.0673, 48.7025], [9.0674, 48.7025], [9.0676, 48.7025], [9.0678, 48.7025], [9.068, 48.7025], [9.0682, 48.7026], [9.0684, 48.7026], [9.0686, 48.7026], [9.069, 48.7026], [9.0697, 48.7027], [9.0707, 48.7027], [9.0712, 48.7027], [9.0719, 48.7028], [9.0729, 48.7028], [9.0742, 48.7029], [9.0751, 48.7029], [9.0756, 48.7029], [9.0763, 48.703], [9.0766, 48.703], [9.0768, 48.703], [9.077, 48.703], [9.0772, 48.703], [9.0775, 48.7031], [9.078, 48.7031], [9.0792, 48.7033], [9.0801, 48.7034], [9.081, 48.7035], [9.0816, 48.7035], [9.0833, 48.7037], [9.0844, 48.7038], [9.0852, 48.7039], [9.0862, 48.704], [9.0864, 48.7041], [9.0871, 48.7042], [9.0872, 48.7042], [9.0873, 48.7042], [9.0876, 48.7042], [9.0879, 48.7043], [9.0881, 48.7043], [9.0883, 48.7044], [9.0886, 48.7044], [9.0889, 48.7045], [9.0891, 48.7046], [9.0895, 48.7047], [9.0898, 48.7048], [9.0911, 48.7052], [9.0924, 48.7055], [9.0933, 48.7058], [9.094, 48.706], [9.0945, 48.7062], [9.0946, 48.7062], [9.095, 48.7063], [9.0953, 48.7065], [9.0955, 48.7066], [9.0958, 48.7067], [9.0962, 48.7068], [9.0974, 48.7073], [9.0981, 48.7076], [9.0984, 48.7077], [9.099, 48.7079]], [[9.099, 48.7079], [9.0992, 48.708]], [[9.0992, 48.708], [9.1003, 48.7085], [9.1006, 48.7086], [9.1014, 48.7089], [9.1017, 48.709], [9.1024, 48.7093], [9.1029, 48.7095], [9.1036, 48.7098], [9.1041, 48.71], [9.1043, 48.7101], [9.1046, 48.7102], [9.1047, 48.7102], [9.1049, 48.7103], [9.1051, 48.7104]], [[9.1074, 48.7113], [9.1078, 48.7115]], [[9.1078, 48.7115], [9.1079, 48.7115], [9.1081, 48.7116], [9.1083, 48.7117], [9.1085, 48.7118]], [[9.1085, 48.7118], [9.1086, 48.7119], [9.1087, 48.7119], [9.1088, 48.712], [9.109, 48.7121], [9.1091, 48.7122], [9.1092, 48.7122], [9.1093, 48.7123], [9.1094, 48.7124], [9.1095, 48.7125], [9.1096, 48.7125], [9.1096, 48.7126], [9.1098, 48.7128], [9.1099, 48.7129], [9.11, 48.713], [9.1101, 48.7132], [9.1102, 48.7133], [9.1102, 48.7134], [9.1103, 48.7135], [9.1103, 48.7136], [9.1103, 48.7137], [9.1104, 48.7138], [9.1104, 48.714], [9.1104, 48.7141], [9.1104, 48.7142], [9.1105, 48.7143], [9.1105, 48.7144], [9.1105, 48.7145], [9.1104, 48.7147], [9.1104, 48.7148], [9.1104, 48.7149], [9.1104, 48.715], [9.1103, 48.7152]], [[9.1103, 48.7152], [9.1101, 48.7157], [9.11, 48.7158], [9.1099, 48.7159], [9.1097, 48.7162], [9.1095, 48.7164], [9.1092, 48.7169]], [[9.1092, 48.7169], [9.1091, 48.717]], [[9.1091, 48.717], [9.109, 48.7171], [9.1089, 48.7172], [9.1088, 48.7173], [9.1086, 48.7176], [9.1085, 48.7177], [9.1084, 48.7178], [9.1081, 48.7182], [9.1079, 48.7184], [9.1077, 48.7187], [9.1075, 48.7189]], [[9.1075, 48.7189], [9.1075, 48.719], [9.1074, 48.719], [9.1074, 48.7191]], [[9.1074, 48.7191], [9.1072, 48.7194], [9.1071, 48.7197], [9.107, 48.7201], [9.1069, 48.7205], [9.1069, 48.7207], [9.1069, 48.7208], [9.1069, 48.7211], [9.1069, 48.7214]], [[9.1069, 48.7214], [9.107, 48.7216], [9.107, 48.7218]], [[9.107, 48.7218], [9.1071, 48.7219], [9.1071, 48.722], [9.1073, 48.7223], [9.1074, 48.7225], [9.1076, 48.7228], [9.1077, 48.723], [9.1079, 48.7232], [9.1081, 48.7234], [9.1083, 48.7235], [9.1084, 48.7236], [9.1086, 48.7237], [9.1089, 48.7239], [9.1091, 48.724], [9.1094, 48.7242], [9.1105, 48.7248], [9.1109, 48.7251], [9.1111, 48.7252], [9.112, 48.7257], [9.1127, 48.7261], [9.1131, 48.7264]], [[9.1131, 48.7264], [9.1132, 48.7264], [9.1133, 48.7265], [9.1136, 48.7266], [9.1138, 48.7268], [9.1147, 48.7273], [9.1153, 48.7277], [9.1154, 48.7278], [9.1155, 48.7279], [9.1161, 48.7283], [9.1162, 48.7283], [9.117, 48.7288]], [[9.117, 48.7288], [9.1171, 48.7289], [9.1173, 48.7291], [9.1176, 48.7292], [9.1178, 48.7294], [9.1181, 48.7296], [9.1183, 48.7299], [9.1186, 48.7302], [9.1188, 48.7304], [9.119, 48.7307], [9.1192, 48.7309], [9.1193, 48.7311], [9.1194, 48.7313], [9.1194, 48.7314], [9.1195, 48.7316], [9.1196, 48.7319], [9.1197, 48.7321], [9.1197, 48.7324], [9.1197, 48.7325], [9.1197, 48.7326], [9.1197, 48.7329]], [[9.1197, 48.7329], [9.1197, 48.7335], [9.1196, 48.7342]], [[9.1196, 48.7342], [9.1196, 48.7344], [9.1195, 48.7346], [9.1194, 48.735], [9.1192, 48.7353], [9.1191, 48.7355], [9.119, 48.7356], [9.1189, 48.7358], [9.1187, 48.736]], [[9.1187, 48.736], [9.1185, 48.7362], [9.1183, 48.7363], [9.1179, 48.7366], [9.1178, 48.7368], [9.1176, 48.7369], [9.117, 48.7374], [9.1166, 48.7376], [9.1163, 48.7379], [9.1158, 48.7383], [9.1155, 48.7385], [9.115, 48.7389], [9.1148, 48.739], [9.1144, 48.7394], [9.114, 48.7396], [9.1138, 48.7398], [9.1136, 48.7399]], [[9.1848, 48.7879], [9.1849, 48.788]], [[9.1849, 48.788], [9.1852, 48.7883]], [[9.1852, 48.7883], [9.1852, 48.7884], [9.1855, 48.7886], [9.1859, 48.7889], [9.1859, 48.789]], [[9.1871, 48.7898], [9.1868, 48.7896], [9.1866, 48.7895], [9.1859, 48.789]], [[9.1871, 48.7898], [9.1872, 48.7899], [9.1873, 48.7899]], [[9.1873, 48.7899], [9.1874, 48.79]], [[9.1874, 48.79], [9.1878, 48.7902], [9.1883, 48.7904]], [[9.1883, 48.7904], [9.1884, 48.7904], [9.1886, 48.7906], [9.1889, 48.7907], [9.1893, 48.7909], [9.1896, 48.791], [9.1899, 48.7912], [9.1901, 48.7913]], [[9.1935, 48.793], [9.194, 48.7933], [9.1942, 48.7933]], [[9.1955, 48.794], [9.1962, 48.7944], [9.1968, 48.7947], [9.1972, 48.7949]], [[9.1972, 48.7949], [9.1973, 48.795]], [[9.1973, 48.795], [9.1981, 48.7955], [9.1988, 48.7959], [9.1993, 48.7962], [9.2004, 48.7969], [9.2005, 48.797], [9.2012, 48.7974]], [[9.2012, 48.7974], [9.2015, 48.7976], [9.2018, 48.7977], [9.2022, 48.7979], [9.2027, 48.7982], [9.2034, 48.7985], [9.2035, 48.7986]], [[9.2035, 48.7986], [9.2036, 48.7986]], [[9.2075, 48.8004], [9.2078, 48.8005]], [[9.2078, 48.8005], [9.2079, 48.8006]], [[9.2079, 48.8006], [9.208, 48.8007], [9.2081, 48.8007], [9.2085, 48.8009], [9.2088, 48.801], [9.209, 48.8011], [9.2093, 48.8012]], [[9.2093, 48.8012], [9.2095, 48.8012], [9.2097, 48.8013], [9.2099, 48.8014], [9.21, 48.8014], [9.2101, 48.8014], [9.2105, 48.8015], [9.2107, 48.8016], [9.2109, 48.8016], [9.2112, 48.8017], [9.2114, 48.8017], [9.2117, 48.8017]], [[9.2117, 48.8017], [9.2119, 48.8018]], [[9.2119, 48.8018], [9.2122, 48.8018], [9.2125, 48.8018], [9.2128, 48.8019], [9.213, 48.8019], [9.2133, 48.8019], [9.2136, 48.8019], [9.2138, 48.8019], [9.2141, 48.8019], [9.2144, 48.8019]], [[9.2144, 48.8019], [9.2146, 48.8019], [9.2148, 48.8019]], [[9.2148, 48.8019], [9.2149, 48.8018], [9.215, 48.8018]], [[9.215, 48.8018], [9.2151, 48.8018]], [[9.2151, 48.8018], [9.2154, 48.8018], [9.216, 48.8017], [9.2162, 48.8016], [9.2167, 48.8015], [9.2177, 48.8013], [9.2189, 48.8011], [9.2192, 48.801], [9.2193, 48.801]], [[9.2193, 48.801], [9.22, 48.8009], [9.2201, 48.8008], [9.2205, 48.8008], [9.2212, 48.8006], [9.2219, 48.8005]], [[9.2219, 48.8005], [9.222, 48.8005], [9.2222, 48.8004], [9.2227, 48.8003], [9.2236, 48.8002], [9.224, 48.8001], [9.2243, 48.8001], [9.2246, 48.8], [9.2249, 48.7999], [9.2251, 48.7999], [9.2253, 48.7999], [9.2255, 48.7998], [9.2257, 48.7998], [9.2259, 48.7997], [9.226, 48.7997], [9.2262, 48.7996], [9.2264, 48.7996]], [[9.2264, 48.7996], [9.2269, 48.7994]], [[9.2269, 48.7994], [9.2271, 48.7994], [9.2274, 48.7993], [9.2276, 48.7992], [9.2278, 48.7992], [9.2281, 48.7991], [9.2283, 48.7991], [9.2286, 48.799], [9.2288, 48.799], [9.2298, 48.7988], [9.231, 48.7985]], [[9.231, 48.7985], [9.2312, 48.7985], [9.2315, 48.7984], [9.2319, 48.7984], [9.2322, 48.7983], [9.2325, 48.7982], [9.2328, 48.7981], [9.2331, 48.798], [9.2333, 48.7979], [9.2335, 48.7978], [9.2337, 48.7977], [9.234, 48.7976]], [[9.234, 48.7976], [9.2341, 48.7976]], [[9.2341, 48.7976], [9.2342, 48.7975], [9.2344, 48.7974]], [[9.2344, 48.7974], [9.2356, 48.7968], [9.2364, 48.7964]], [[9.2364, 48.7964], [9.2367, 48.7962]], [[9.2367, 48.7962], [9.2368, 48.7961], [9.2371, 48.796], [9.2373, 48.7959], [9.2376, 48.7957], [9.2379, 48.7955], [9.238, 48.7954], [9.2382, 48.7953], [9.2385, 48.795], [9.2386, 48.7949], [9.2388, 48.7947], [9.239, 48.7946], [9.2391, 48.7944], [9.2393, 48.7942], [9.2398, 48.7935], [9.2401, 48.7932], [9.2403, 48.7929], [9.2404, 48.7928], [9.2404, 48.7927], [9.2405, 48.7926], [9.2406, 48.7924], [9.2408, 48.7922], [9.241, 48.7919]]]}, "properties": {"ref": "S11", "opened_year": 1978, "is_tunnel": false, "segment_count": 227}}, {"type": "Feature", "geometry": {"type": "MultiLineString", "coordinates": [[[9.181, 48.7843], [9.1811, 48.7843], [9.1808, 48.7839], [9.1804, 48.7835], [9.1803, 48.7833], [9.1802, 48.7832], [9.18, 48.783], [9.1796, 48.7826], [9.1795, 48.7826], [9.1795, 48.7827], [9.1796, 48.7828], [9.1798, 48.783], [9.1801, 48.7833], [9.1802, 48.7834], [9.1803, 48.7835], [9.1807, 48.7839], [9.1807, 48.784], [9.181, 48.7843]], [[9.1721, 48.7754], [9.1721, 48.7755], [9.172, 48.7755], [9.1737, 48.777], [9.1738, 48.777], [9.1739, 48.7769], [9.1722, 48.7754], [9.1721, 48.7754]], [[9.2329, 48.7982], [9.2326, 48.7984], [9.2322, 48.7985], [9.232, 48.7986]], [[9.2075, 48.8005], [9.2035, 48.7986]], [[9.1955, 48.794], [9.1941, 48.7934]], [[9.1935, 48.793], [9.193, 48.7928], [9.1922, 48.7924], [9.1919, 48.7922]], [[9.1847, 48.7879], [9.1842, 48.7875]], [[9.1842, 48.7875], [9.184, 48.7873], [9.184, 48.7872], [9.183, 48.7861], [9.1829, 48.7861], [9.1829, 48.786], [9.1827, 48.7858], [9.1823, 48.7854], [9.182, 48.7851], [9.1819, 48.7851], [9.1818, 48.785], [9.1814, 48.7847]], [[9.1814, 48.7847], [9.1813, 48.7845], [9.181, 48.7844], [9.181, 48.7843]], [[9.181, 48.7843], [9.1807, 48.784], [9.1805, 48.7838], [9.1802, 48.7835], [9.18, 48.7832], [9.1797, 48.783], [9.1795, 48.7827], [9.1795, 48.7826], [9.179, 48.7821], [9.1787, 48.7817], [9.1777, 48.7806], [9.1776, 48.7805], [9.1767, 48.7797], [9.1764, 48.7794], [9.1763, 48.7792], [9.1757, 48.7787], [9.1755, 48.7785], [9.1753, 48.7783], [9.175, 48.7781], [9.1742, 48.7774], [9.1738, 48.7771], [9.1737, 48.777], [9.1733, 48.7767], [9.1731, 48.7765], [9.173, 48.7764], [9.1729, 48.7763], [9.1726, 48.776], [9.1723, 48.7758], [9.172, 48.7755], [9.1712, 48.7748], [9.1707, 48.7744], [9.1706, 48.7743], [9.17, 48.774], [9.1697, 48.7738], [9.1693, 48.7736], [9.1679, 48.7732], [9.1675, 48.7731], [9.1671, 48.773]], [[9.1671, 48.773], [9.1658, 48.7726], [9.1654, 48.7726], [9.1647, 48.7723], [9.1643, 48.7722], [9.1642, 48.7722]], [[9.1642, 48.7722], [9.163, 48.7718], [9.1626, 48.7717], [9.1601, 48.7711], [9.1597, 48.771], [9.1592, 48.7709], [9.1591, 48.7709], [9.1588, 48.7708]], [[9.1588, 48.7708], [9.1583, 48.7707], [9.1579, 48.7706], [9.1577, 48.7705]], [[9.1577, 48.7705], [9.1572, 48.7704], [9.1571, 48.7704], [9.1569, 48.7703]], [[9.1569, 48.7703], [9.1557, 48.77], [9.1551, 48.7698], [9.1543, 48.7696]], [[9.1543, 48.7696], [9.1542, 48.7696], [9.1539, 48.7695], [9.1537, 48.7695], [9.1536, 48.7695]], [[9.1536, 48.7695], [9.1523, 48.7692], [9.1521, 48.7692], [9.1511, 48.7689], [9.1505, 48.7688], [9.1498, 48.7686]], [[9.1498, 48.7686], [9.1497, 48.7686], [9.1495, 48.7685], [9.1486, 48.7682], [9.1479, 48.768], [9.1474, 48.7678], [9.1472, 48.7677], [9.1462, 48.7673], [9.1452, 48.767]], [[9.1452, 48.767], [9.145, 48.7669], [9.1438, 48.7664], [9.143, 48.7661]], [[9.143, 48.7661], [9.1415, 48.7655], [9.1403, 48.7651], [9.1392, 48.7646], [9.1389, 48.7645], [9.138, 48.7641], [9.1368, 48.7637], [9.1358, 48.7633], [9.1357, 48.7632], [9.1355, 48.7632], [9.1345, 48.7628], [9.1333, 48.7623], [9.1321, 48.7619], [9.131, 48.7614], [9.1298, 48.7609], [9.1289, 48.7606], [9.1287, 48.7605], [9.1275, 48.76], [9.1263, 48.7595], [9.1252, 48.7591], [9.1246, 48.7589], [9.1244, 48.7588], [9.124, 48.7586], [9.1232, 48.7583], [9.1228, 48.7582], [9.1217, 48.7577], [9.1205, 48.7572], [9.1194, 48.7568], [9.1193, 48.7568], [9.1174, 48.7561], [9.1169, 48.7559], [9.1158, 48.7554], [9.1146, 48.755], [9.1136, 48.7546], [9.1124, 48.7541], [9.11, 48.7532], [9.1089, 48.7527], [9.1087, 48.7527]], [[9.1087, 48.7527], [9.1077, 48.7523], [9.1076, 48.7522], [9.1066, 48.7517]], [[9.1066, 48.7517], [9.1054, 48.7506], [9.1053, 48.7504], [9.1051, 48.7501], [9.1048, 48.7493], [9.1047, 48.7492], [9.1047, 48.7488], [9.1046, 48.7484], [9.1046, 48.7483], [9.1047, 48.7479], [9.1048, 48.7474], [9.1051, 48.7465], [9.1052, 48.7461], [9.1053, 48.746]], [[9.1053, 48.746], [9.1053, 48.7459], [9.1054, 48.7458], [9.1055, 48.7456], [9.1057, 48.7453], [9.106, 48.7449], [9.1061, 48.7448], [9.1064, 48.7444], [9.1067, 48.7441]], [[9.1067, 48.7441], [9.1074, 48.7435], [9.1082, 48.7428], [9.1084, 48.7426], [9.109, 48.7422], [9.1094, 48.7419], [9.1098, 48.7416], [9.1103, 48.7414], [9.1109, 48.7411], [9.1119, 48.7407], [9.1127, 48.7403], [9.1131, 48.7402], [9.1134, 48.74], [9.1136, 48.7399]], [[9.1074, 48.7113], [9.105, 48.7104]], [[9.1051, 48.7104], [9.1074, 48.7113]], [[9.1136, 48.7399], [9.1131, 48.7402], [9.1128, 48.7404], [9.1127, 48.7404], [9.112, 48.7407], [9.111, 48.7412], [9.1104, 48.7414], [9.1094, 48.7419], [9.109, 48.7422], [9.1085, 48.7427], [9.1083, 48.7428], [9.1075, 48.7435], [9.1068, 48.7441], [9.1067, 48.7442]], [[9.1067, 48.7442], [9.1065, 48.7445], [9.1064, 48.7445], [9.1061, 48.7448], [9.1061, 48.7449], [9.1058, 48.7453], [9.1055, 48.7457], [9.1055, 48.7458], [9.1054, 48.7459], [9.1053, 48.7461]], [[9.1053, 48.7461], [9.1052, 48.7465], [9.1049, 48.7474], [9.1048, 48.7479], [9.1048, 48.7483], [9.1048, 48.7484], [9.1048, 48.7488], [9.1049, 48.7492], [9.1053, 48.7501], [9.1055, 48.7504], [9.1067, 48.7516], [9.1077, 48.7521], [9.1078, 48.7522], [9.1088, 48.7526], [9.1089, 48.7526], [9.1101, 48.7531], [9.1125, 48.754], [9.1136, 48.7545], [9.1147, 48.7549], [9.115, 48.755], [9.1159, 48.7553], [9.117, 48.7558], [9.1184, 48.7564], [9.1194, 48.7567], [9.1205, 48.7572], [9.1217, 48.7576], [9.1229, 48.7581], [9.1232, 48.7582], [9.1235, 48.7584], [9.1241, 48.7586], [9.1252, 48.759], [9.126, 48.7593], [9.1264, 48.7595], [9.1276, 48.7599], [9.1288, 48.7604], [9.129, 48.7604], [9.1299, 48.7608], [9.1311, 48.7612], [9.1323, 48.7617], [9.1335, 48.7622], [9.1346, 48.7626], [9.1356, 48.763], [9.1358, 48.7631], [9.1359, 48.7631], [9.137, 48.7635], [9.1381, 48.764]], [[9.1381, 48.764], [9.1393, 48.7644], [9.1405, 48.7649], [9.1416, 48.7653], [9.1431, 48.7659]], [[9.1431, 48.7659], [9.144, 48.7663], [9.1452, 48.7667], [9.1463, 48.7672], [9.1474, 48.7675], [9.1476, 48.7676], [9.1481, 48.7678], [9.1488, 48.7679], [9.1499, 48.7683], [9.15, 48.7683], [9.1507, 48.7685], [9.1513, 48.7686], [9.1522, 48.7689], [9.1525, 48.769], [9.1537, 48.7694], [9.1538, 48.7694], [9.1539, 48.7694]], [[9.1539, 48.7694], [9.1543, 48.7695]], [[9.1543, 48.7695], [9.1544, 48.7695], [9.1551, 48.7697], [9.1552, 48.7697]], [[9.1552, 48.7697], [9.1557, 48.7699], [9.157, 48.7702]], [[9.157, 48.7702], [9.1578, 48.7704]], [[9.1578, 48.7704], [9.158, 48.7705], [9.1584, 48.7706], [9.1592, 48.7708], [9.1599, 48.771], [9.1605, 48.7712], [9.1626, 48.7717], [9.163, 48.7718], [9.1637, 48.772], [9.1639, 48.772], [9.1643, 48.7721]], [[9.1643, 48.7721], [9.1655, 48.7725], [9.1658, 48.7725], [9.1671, 48.7729], [9.1672, 48.7729]], [[9.1672, 48.7729], [9.1679, 48.7732], [9.1684, 48.7733], [9.1693, 48.7736], [9.1697, 48.7737], [9.1701, 48.7739], [9.1706, 48.7743], [9.1708, 48.7744], [9.1712, 48.7747], [9.1714, 48.7748], [9.172, 48.7753], [9.1722, 48.7754], [9.1723, 48.7756], [9.1727, 48.7759], [9.173, 48.7762], [9.1731, 48.7762], [9.1733, 48.7764], [9.1733, 48.7765], [9.1739, 48.7769], [9.174, 48.777], [9.1756, 48.7785], [9.1757, 48.7787], [9.176, 48.7789], [9.1767, 48.7796], [9.1777, 48.7805], [9.1778, 48.7806], [9.1786, 48.7815], [9.1789, 48.7818], [9.1791, 48.782], [9.1796, 48.7826], [9.1797, 48.7826], [9.1799, 48.7829], [9.1802, 48.7832], [9.1804, 48.7834], [9.1806, 48.7837], [9.1809, 48.784], [9.1811, 48.7842], [9.1811, 48.7843]], [[9.1811, 48.7843], [9.1823, 48.7853], [9.1825, 48.7856], [9.1826, 48.7857], [9.1828, 48.7859], [9.1841, 48.7872], [9.1843, 48.7875]], [[9.1843, 48.7875], [9.1848, 48.7879]], [[9.1901, 48.7913], [9.1902, 48.7913]], [[9.1902, 48.7913], [9.1911, 48.7918], [9.1912, 48.7918], [9.1913, 48.7919], [9.1917, 48.7921], [9.1918, 48.7921], [9.1919, 48.7922]], [[9.1919, 48.7922], [9.1922, 48.7924], [9.1926, 48.7925], [9.193, 48.7927], [9.1934, 48.7929], [9.1935, 48.793]], [[9.1942, 48.7933], [9.1955, 48.794]], [[9.2036, 48.7986], [9.2075, 48.8004]]]}, "properties": {"ref": "S11", "opened_year": 1978, "is_tunnel": true, "segment_count": 45}}, {"type": "Feature", "geometry": {"type": "MultiLineString", "coordinates": [[[9.5259, 48.8069], [9.5257, 48.8069], [9.5256, 48.8069], [9.525, 48.8067], [9.5248, 48.8066], [9.5244, 48.8065], [9.5237, 48.8063], [9.5233, 48.8062], [9.523, 48.8061], [9.5244, 48.8064], [9.5248, 48.8066], [9.5256, 48.8068], [9.5257, 48.8068], [9.526, 48.8069], [9.5261, 48.8069], [9.5262, 48.807], [9.5264, 48.807], [9.5267, 48.807], [9.5268, 48.8071], [9.5271, 48.8071], [9.5271, 48.8072], [9.5269, 48.8071], [9.5268, 48.8071], [9.5267, 48.8071], [9.5262, 48.807], [9.526, 48.8069], [9.5259, 48.8069]], [[9.5008, 48.8003], [9.5009, 48.8003], [9.5013, 48.8003], [9.5019, 48.8004], [9.5036, 48.8006], [9.5037, 48.8006], [9.5036, 48.8006], [9.5022, 48.8004], [9.5019, 48.8004], [9.5014, 48.8004], [9.5013, 48.8004], [9.5009, 48.8003], [9.5008, 48.8003]], [[9.4801, 48.7984], [9.4802, 48.7984], [9.4808, 48.7984], [9.4809, 48.7984], [9.4811, 48.7985], [9.4813, 48.7985], [9.4812, 48.7985], [9.4813, 48.7985], [9.4817, 48.7985], [9.482, 48.7985], [9.482, 48.7986], [9.4821, 48.7985], [9.4825, 48.7986], [9.4826, 48.7986], [9.4827, 48.7986], [9.4829, 48.7986], [9.4826, 48.7986], [9.4825, 48.7986], [9.482, 48.7985], [9.4817, 48.7985], [9.4813, 48.7984], [9.4811, 48.7984], [9.4806, 48.7984], [9.4803, 48.7984], [9.4802, 48.7984], [9.4801, 48.7984]], [[9.438, 48.8057], [9.4385, 48.8056], [9.439, 48.8055], [9.4394, 48.8054], [9.4395, 48.8053], [9.4396, 48.8053], [9.4398, 48.8053], [9.4399, 48.8053], [9.4401, 48.8052], [9.4407, 48.8051], [9.4407, 48.805], [9.4402, 48.8051], [9.4399, 48.8052], [9.4395, 48.8053], [9.4394, 48.8053], [9.439, 48.8054], [9.4385, 48.8056], [9.438, 48.8057]], [[9.3836, 48.8108], [9.3841, 48.8107], [9.3855, 48.8105], [9.3856, 48.8105], [9.3861, 48.8103], [9.3863, 48.8103], [9.3864, 48.8103], [9.3868, 48.8102], [9.387, 48.8102], [9.387, 48.8101], [9.3868, 48.8102], [9.384, 48.8107], [9.3836, 48.8108]], [[9.352, 48.8119], [9.3521, 48.8119], [9.3522, 48.8119], [9.3524, 48.812], [9.3525, 48.812], [9.3529, 48.8121], [9.3533, 48.8121], [9.3535, 48.8122], [9.3548, 48.8125], [9.3535, 48.8122], [9.3533, 48.8122], [9.3529, 48.8121], [9.3525, 48.812], [9.3524, 48.812], [9.3523, 48.812], [9.3522, 48.812], [9.3521, 48.8119], [9.3521, 48.812], [9.352, 48.812], [9.3521, 48.8119], [9.352, 48.8119]], [[9.318, 48.816], [9.3179, 48.816], [9.3184, 48.8158], [9.3186, 48.8157], [9.3188, 48.8157], [9.319, 48.8156], [9.3191, 48.8156], [9.3192, 48.8156], [9.3194, 48.8155], [9.3197, 48.8154], [9.32, 48.8154], [9.3202, 48.8154], [9.3206, 48.8153], [9.3202, 48.8154], [9.32, 48.8154], [9.3197, 48.8155], [9.3194, 48.8155], [9.3194, 48.8156], [9.3192, 48.8156], [9.3191, 48.8156], [9.319, 48.8156], [9.319, 48.8157], [9.3188, 48.8157], [9.3186, 48.8158], [9.3184, 48.8158], [9.318, 48.816]], [[9.3005, 48.826], [9.3002, 48.826], [9.2991, 48.8259], [9.2984, 48.8258], [9.2984, 48.8257], [9.2991, 48.8258], [9.3002, 48.826], [9.3005, 48.826], [9.3007, 48.826], [9.301, 48.8261], [9.3012, 48.8261], [9.3013, 48.8261], [9.3016, 48.8261], [9.3019, 48.8262], [9.3021, 48.8262], [9.3026, 48.8262], [9.3028, 48.8262], [9.3026, 48.8262], [9.3025, 48.8262], [9.3021, 48.8262], [9.3019, 48.8262], [9.3016, 48.8262], [9.3013, 48.8262], [9.3012, 48.8261], [9.3009, 48.8261], [9.3007, 48.8261], [9.3006, 48.826], [9.3006, 48.8261], [9.3005, 48.8261], [9.3005, 48.826]], [[9.2498, 48.8156], [9.2496, 48.8155], [9.2477, 48.8152], [9.2473, 48.8151], [9.2472, 48.8151], [9.247, 48.815], [9.2469, 48.815], [9.2469, 48.8151], [9.2472, 48.8151], [9.2473, 48.8151], [9.2495, 48.8155], [9.2496, 48.8155], [9.2496, 48.8156], [9.2498, 48.8156]], [[9.2335, 48.8072], [9.2333, 48.8074], [9.2336, 48.8071], [9.2338, 48.8069], [9.2339, 48.8068], [9.2341, 48.8067], [9.2343, 48.8066], [9.2344, 48.8065], [9.2348, 48.8063], [9.2352, 48.806], [9.2353, 48.806], [9.2348, 48.8063], [9.2345, 48.8065], [9.2344, 48.8065], [9.2343, 48.8066], [9.2342, 48.8067], [9.234, 48.8068], [9.2339, 48.8069], [9.2336, 48.8071], [9.2335, 48.8072]], [[9.1551, 48.7698], [9.1553, 48.7698], [9.1563, 48.7701], [9.1564, 48.7701], [9.1576, 48.7704], [9.1577, 48.7704], [9.1577, 48.7705], [9.1576, 48.7705], [9.1575, 48.7704], [9.1573, 48.7704], [9.1569, 48.7703], [9.1568, 48.7703], [9.1561, 48.7701], [9.1554, 48.7699], [9.1553, 48.7699], [9.1551, 48.7698]], [[9.1053, 48.7459], [9.1054, 48.7458], [9.1055, 48.7456], [9.1057, 48.7453], [9.106, 48.7449], [9.1061, 48.7448], [9.1064, 48.7444], [9.1063, 48.7444], [9.1062, 48.7445], [9.1062, 48.7446], [9.106, 48.7447], [9.1059, 48.7448], [9.1056, 48.7453], [9.1053, 48.7457], [9.1053, 48.7458], [9.1053, 48.7459]], [[9.1157, 48.7384], [9.1157, 48.7383], [9.1176, 48.7369], [9.1176, 48.7368], [9.1175, 48.7369], [9.1157, 48.7383], [9.1156, 48.7383], [9.1157, 48.7384]], [[9.1283, 48.7043], [9.1281, 48.7045], [9.1279, 48.7046], [9.1271, 48.7054], [9.127, 48.7053], [9.127, 48.7054], [9.1269, 48.7055], [9.1268, 48.7057], [9.1266, 48.7058], [9.1267, 48.7058], [9.1268, 48.7057], [9.1271, 48.7054], [9.1275, 48.705], [9.1279, 48.7046], [9.1281, 48.7045], [9.1283, 48.7043], [9.1284, 48.7043], [9.1283, 48.7043]], [[9.1431, 48.6955], [9.1431, 48.6957], [9.143, 48.6957], [9.1429, 48.6957], [9.1429, 48.6958], [9.143, 48.6958], [9.1428, 48.6962], [9.1427, 48.6965], [9.1426, 48.6969], [9.1425, 48.697], [9.1424, 48.6971], [9.1424, 48.6972], [9.1424, 48.6973], [9.1423, 48.6974], [9.1424, 48.6974], [9.1424, 48.6973], [9.1424, 48.6974], [9.1425, 48.6973], [9.1425, 48.6971], [9.1428, 48.6965], [9.1428, 48.6963], [9.1429, 48.6962], [9.143, 48.6958], [9.1431, 48.6957], [9.1431, 48.6955]], [[9.1688, 48.6923], [9.1698, 48.6921], [9.1701, 48.6921], [9.1707, 48.692], [9.1707, 48.6919], [9.1701, 48.692], [9.1698, 48.692], [9.1688, 48.6922], [9.1687, 48.6922], [9.1685, 48.6922], [9.1681, 48.6923], [9.168, 48.6923], [9.168, 48.6924], [9.1681, 48.6924], [9.1685, 48.6923], [9.1687, 48.6923], [9.1688, 48.6923]], [[9.5261, 48.807], [9.5258, 48.8069]], [[9.5258, 48.8069], [9.5256, 48.8069], [9.525, 48.8067], [9.5242, 48.8065], [9.5237, 48.8063], [9.5233, 48.8062], [9.523, 48.8061]], [[9.523, 48.8061], [9.5226, 48.8059], [9.5223, 48.8058], [9.522, 48.8057], [9.5217, 48.8055]], [[9.5217, 48.8055], [9.5214, 48.8053], [9.5212, 48.8052]], [[9.5212, 48.8052], [9.521, 48.8051], [9.5208, 48.805], [9.5205, 48.8048]], [[9.5205, 48.8048], [9.5204, 48.8047]], [[9.5194, 48.8041], [9.5197, 48.8043], [9.5201, 48.8045], [9.5204, 48.8047]], [[9.5194, 48.8041], [9.5194, 48.804], [9.5191, 48.8039], [9.5189, 48.8037], [9.5187, 48.8035], [9.5185, 48.8034], [9.5184, 48.8034], [9.5183, 48.8033], [9.5181, 48.8032], [9.5178, 48.8031], [9.5176, 48.803], [9.5174, 48.8029], [9.5165, 48.8026], [9.5153, 48.8022]], [[9.5153, 48.8022], [9.5152, 48.8021], [9.5143, 48.8018], [9.5139, 48.8017], [9.5136, 48.8016], [9.5133, 48.8015], [9.5131, 48.8015], [9.5129, 48.8015], [9.5123, 48.8014], [9.5117, 48.8013], [9.5115, 48.8013], [9.511, 48.8012], [9.5109, 48.8012], [9.5091, 48.8011]], [[9.5091, 48.8011], [9.5087, 48.801]], [[9.5087, 48.801], [9.5077, 48.8009], [9.5052, 48.8007]], [[9.5052, 48.8007], [9.5043, 48.8006], [9.5026, 48.8004], [9.5021, 48.8004], [9.502, 48.8004], [9.5008, 48.8003], [9.5007, 48.8003]], [[9.5007, 48.8003], [9.5003, 48.8002]], [[9.5003, 48.8002], [9.4995, 48.8001], [9.4976, 48.8]], [[9.4976, 48.8], [9.4942, 48.7996], [9.4926, 48.7995], [9.492, 48.7994], [9.4909, 48.7993]], [[9.4909, 48.7993], [9.4906, 48.7993]], [[9.4906, 48.7993], [9.4899, 48.7992], [9.4876, 48.799], [9.486, 48.7989], [9.4857, 48.7988], [9.4851, 48.7988], [9.4834, 48.7986]], [[9.4834, 48.7986], [9.482, 48.7985], [9.4811, 48.7984], [9.4806, 48.7984], [9.4805, 48.7984], [9.4803, 48.7983], [9.4801, 48.7983], [9.4799, 48.7983], [9.4796, 48.7983], [9.4794, 48.7983]], [[9.4794, 48.7983], [9.4792, 48.7983]], [[9.4792, 48.7983], [9.4786, 48.7983], [9.4783, 48.7984], [9.478, 48.7984], [9.4777, 48.7984], [9.4773, 48.7985], [9.4766, 48.7985], [9.4765, 48.7986], [9.4758, 48.7987], [9.4748, 48.7989], [9.4743, 48.799]], [[9.4743, 48.799], [9.474, 48.7991], [9.4732, 48.7992], [9.4731, 48.7992]], [[9.4731, 48.7992], [9.4728, 48.7993]], [[9.4728, 48.7993], [9.4722, 48.7994], [9.4717, 48.7995], [9.4674, 48.8004], [9.4663, 48.8006], [9.4652, 48.8008], [9.4631, 48.8012], [9.4622, 48.8014], [9.4611, 48.8017], [9.4602, 48.8018], [9.4598, 48.8019], [9.4594, 48.802], [9.4572, 48.8024], [9.4551, 48.8028], [9.4541, 48.803], [9.4533, 48.8031], [9.45, 48.8036], [9.4492, 48.8037], [9.4472, 48.804], [9.4461, 48.8041], [9.4437, 48.8045], [9.4429, 48.8046], [9.4422, 48.8047], [9.4413, 48.8049], [9.4407, 48.805], [9.4396, 48.8053], [9.4392, 48.8054], [9.439, 48.8054], [9.4388, 48.8055], [9.4383, 48.8056], [9.438, 48.8057], [9.4377, 48.8058], [9.4363, 48.8062], [9.4356, 48.8064], [9.435, 48.8066], [9.4345, 48.8067], [9.4337, 48.807], [9.4331, 48.8072], [9.4312, 48.8079], [9.4303, 48.8082]], [[9.4303, 48.8082], [9.4302, 48.8082]], [[9.4302, 48.8082], [9.4295, 48.8085], [9.4291, 48.8086], [9.4288, 48.8087], [9.4287, 48.8088], [9.4281, 48.809], [9.4276, 48.8091], [9.4272, 48.8092], [9.4265, 48.8094], [9.4261, 48.8095], [9.4257, 48.8096], [9.4255, 48.8096], [9.4253, 48.8096], [9.4249, 48.8097], [9.4238, 48.8099]], [[9.4238, 48.8099], [9.4233, 48.8099]], [[9.4233, 48.8099], [9.4215, 48.8102], [9.4212, 48.8102], [9.4206, 48.8103], [9.4194, 48.8104], [9.4187, 48.8105], [9.4186, 48.8105], [9.4184, 48.8106], [9.4181, 48.8106]], [[9.4181, 48.8106], [9.4168, 48.8108], [9.4167, 48.8108], [9.4166, 48.8108], [9.4163, 48.8108], [9.4157, 48.8109]], [[9.4157, 48.8109], [9.4144, 48.8111], [9.4137, 48.8112], [9.4131, 48.8113], [9.4127, 48.8113], [9.4116, 48.8114], [9.4113, 48.8114], [9.4107, 48.8114], [9.4105, 48.8114], [9.4091, 48.8114], [9.4082, 48.8114]], [[9.4082, 48.8114], [9.4076, 48.8114], [9.4073, 48.8113], [9.4062, 48.8113], [9.4051, 48.8111]], [[9.4051, 48.8111], [9.4046, 48.8111], [9.4041, 48.811], [9.4027, 48.8107], [9.4004, 48.8103], [9.3998, 48.8102], [9.3996, 48.8102], [9.3982, 48.81], [9.3978, 48.8099], [9.3975, 48.8099], [9.3968, 48.8098], [9.3959, 48.8096], [9.3953, 48.8096], [9.3947, 48.8095], [9.3945, 48.8095], [9.3934, 48.8095], [9.3923, 48.8095], [9.3918, 48.8095], [9.3916, 48.8095], [9.3907, 48.8096], [9.3895, 48.8097], [9.3889, 48.8098], [9.3883, 48.8099], [9.387, 48.8101], [9.3856, 48.8104], [9.3851, 48.8105], [9.3842, 48.8107], [9.3837, 48.8108], [9.3836, 48.8108], [9.3811, 48.8113], [9.381, 48.8113], [9.38, 48.8115]], [[9.38, 48.8115], [9.3794, 48.8116]], [[9.3794, 48.8116], [9.379, 48.8117]], [[9.379, 48.8117], [9.3786, 48.8118]], [[9.3786, 48.8118], [9.3785, 48.8118], [9.3759, 48.8123], [9.3748, 48.8126], [9.3739, 48.8127]], [[9.3739, 48.8127], [9.3732, 48.8128], [9.3721, 48.813], [9.372, 48.813], [9.3714, 48.8131], [9.3709, 48.8132]], [[9.3709, 48.8132], [9.3707, 48.8132], [9.3704, 48.8133], [9.3698, 48.8134], [9.3692, 48.8134], [9.3686, 48.8135], [9.3682, 48.8135]], [[9.3682, 48.8135], [9.3678, 48.8136], [9.3675, 48.8136], [9.3674, 48.8136]], [[9.3674, 48.8136], [9.3665, 48.8137]], [[9.3665, 48.8137], [9.3661, 48.8138], [9.3656, 48.8139], [9.3653, 48.8139], [9.3652, 48.8139], [9.3646, 48.814], [9.3644, 48.814], [9.364, 48.814], [9.3634, 48.814], [9.3628, 48.814], [9.3625, 48.814], [9.362, 48.8139], [9.3617, 48.8139], [9.3613, 48.8139], [9.3608, 48.8138], [9.3604, 48.8137], [9.36, 48.8136], [9.3598, 48.8136], [9.3592, 48.8135], [9.358, 48.8132], [9.3576, 48.8131], [9.3572, 48.813], [9.3557, 48.8127], [9.3555, 48.8126], [9.3549, 48.8125]], [[9.3549, 48.8125], [9.3546, 48.8124], [9.3538, 48.8122], [9.3532, 48.8121], [9.3529, 48.812], [9.3527, 48.812], [9.3525, 48.812], [9.3522, 48.8119], [9.352, 48.8119]], [[9.352, 48.8119], [9.3519, 48.8119], [9.3518, 48.8119], [9.3513, 48.8118], [9.3508, 48.8117], [9.3504, 48.8117], [9.3498, 48.8117], [9.3491, 48.8117], [9.3484, 48.8117]], [[9.3484, 48.8117], [9.3479, 48.8117], [9.3475, 48.8118]], [[9.3475, 48.8118], [9.3469, 48.8119], [9.3468, 48.8119], [9.3459, 48.812], [9.3448, 48.8123], [9.3427, 48.8127], [9.3413, 48.813], [9.3404, 48.8132], [9.3384, 48.8136], [9.3377, 48.8138], [9.337, 48.8139], [9.3365, 48.814], [9.336, 48.8141], [9.3352, 48.8142], [9.335, 48.8143], [9.3344, 48.8144], [9.3336, 48.8144], [9.3329, 48.8145], [9.332, 48.8146], [9.3314, 48.8146], [9.3304, 48.8147], [9.3284, 48.8148], [9.3275, 48.8148], [9.3262, 48.8149], [9.3235, 48.8151], [9.3233, 48.8151], [9.323, 48.8151], [9.3224, 48.8151], [9.3216, 48.8152]], [[9.3216, 48.8152], [9.321, 48.8152], [9.3206, 48.8153]], [[9.3206, 48.8153], [9.3201, 48.8154], [9.3199, 48.8154], [9.3194, 48.8155], [9.3191, 48.8156], [9.3188, 48.8157], [9.3186, 48.8157], [9.3184, 48.8158], [9.3182, 48.8159], [9.3179, 48.816]], [[9.3179, 48.816], [9.3175, 48.8161], [9.3172, 48.8163], [9.3168, 48.8165], [9.3164, 48.8167]], [[9.3164, 48.8167], [9.316, 48.817], [9.3158, 48.8172], [9.3156, 48.8173]], [[9.3156, 48.8173], [9.3153, 48.8176], [9.315, 48.8179], [9.3147, 48.8182], [9.3145, 48.8184], [9.3144, 48.8185], [9.3143, 48.8186], [9.3142, 48.8189], [9.314, 48.8191], [9.3138, 48.8195], [9.3135, 48.8202], [9.3133, 48.8204], [9.3132, 48.8206], [9.3129, 48.8213], [9.3128, 48.8215]], [[9.3128, 48.8215], [9.3126, 48.822], [9.3125, 48.8222], [9.3124, 48.8224], [9.3122, 48.8227]], [[9.3122, 48.8227], [9.312, 48.823], [9.3118, 48.8233], [9.3116, 48.8236], [9.3113, 48.8239], [9.311, 48.8241], [9.3108, 48.8242], [9.3106, 48.8244], [9.3103, 48.8246], [9.3101, 48.8247], [9.3099, 48.8248], [9.3097, 48.8249], [9.3094, 48.825], [9.3091, 48.8251], [9.3088, 48.8253], [9.3086, 48.8253], [9.3083, 48.8254]], [[9.3083, 48.8254], [9.3082, 48.8254], [9.3078, 48.8255]], [[9.3078, 48.8255], [9.3074, 48.8256], [9.3069, 48.8257]], [[9.3069, 48.8257], [9.3064, 48.8257]], [[9.3064, 48.8257], [9.3051, 48.8259], [9.3045, 48.826], [9.304, 48.826], [9.3037, 48.8261], [9.3032, 48.8261], [9.3028, 48.8261], [9.3024, 48.8261], [9.302, 48.8261], [9.3017, 48.8261], [9.3016, 48.8261], [9.3011, 48.8261], [9.3007, 48.826], [9.3002, 48.8259], [9.2996, 48.8259], [9.2994, 48.8258], [9.2986, 48.8257], [9.2983, 48.8257], [9.2982, 48.8257], [9.298, 48.8256], [9.2977, 48.8256], [9.2968, 48.8255]], [[9.2968, 48.8255], [9.295, 48.8252], [9.2948, 48.8252], [9.2947, 48.8252], [9.2941, 48.8251], [9.2935, 48.825], [9.2929, 48.825]], [[9.2929, 48.825], [9.2923, 48.8249], [9.2922, 48.8249], [9.2921, 48.8249], [9.2912, 48.8247]], [[9.2912, 48.8247], [9.291, 48.8247], [9.2904, 48.8246], [9.2889, 48.8244], [9.2885, 48.8244], [9.2874, 48.8242]], [[9.2874, 48.8242], [9.2865, 48.8241], [9.2864, 48.8241], [9.285, 48.8239], [9.2844, 48.8238], [9.2831, 48.8236], [9.2826, 48.8236], [9.2822, 48.8235], [9.2821, 48.8235], [9.2815, 48.8233], [9.2809, 48.8232]], [[9.2809, 48.8232], [9.2805, 48.8231], [9.2804, 48.8231], [9.2795, 48.8228], [9.2788, 48.8226], [9.278, 48.8224]], [[9.278, 48.8224], [9.2768, 48.8221]], [[9.2768, 48.8221], [9.2761, 48.8219], [9.2752, 48.8217]], [[9.2752, 48.8217], [9.274, 48.8213], [9.2732, 48.8211], [9.2718, 48.8207]], [[9.2718, 48.8207], [9.2715, 48.8207]], [[9.2715, 48.8207], [9.2709, 48.8205], [9.2705, 48.8204], [9.2702, 48.8203], [9.27, 48.8203], [9.2699, 48.8202], [9.2696, 48.8201], [9.2693, 48.82], [9.2689, 48.8199], [9.2685, 48.8198], [9.2671, 48.8193], [9.2661, 48.819], [9.2655, 48.8188], [9.2653, 48.8187], [9.2648, 48.8186], [9.2644, 48.8184], [9.2636, 48.8182], [9.2627, 48.818], [9.2619, 48.8178], [9.2611, 48.8177], [9.2599, 48.8174], [9.2591, 48.8173], [9.2587, 48.8172], [9.2586, 48.8172], [9.2583, 48.8171], [9.258, 48.8171], [9.2546, 48.8164], [9.252, 48.816], [9.2513, 48.8158], [9.2501, 48.8156]], [[9.2501, 48.8156], [9.2499, 48.8156], [9.2479, 48.8152], [9.2474, 48.8151], [9.2471, 48.815], [9.2468, 48.815]], [[9.2468, 48.815], [9.2461, 48.8148], [9.2457, 48.8148]], [[9.2457, 48.8148], [9.2456, 48.8148], [9.2455, 48.8147], [9.245, 48.8147], [9.2447, 48.8146], [9.2421, 48.8141], [9.2392, 48.8136], [9.2371, 48.8132], [9.2367, 48.8131], [9.2366, 48.8131], [9.2361, 48.813], [9.2357, 48.8129]], [[9.2357, 48.8129], [9.2355, 48.8128], [9.2352, 48.8127], [9.2349, 48.8126], [9.2346, 48.8125], [9.2344, 48.8124], [9.2342, 48.8123], [9.234, 48.8121], [9.2336, 48.8119], [9.2333, 48.8116], [9.2331, 48.8113], [9.2329, 48.8111], [9.2327, 48.8108], [9.2325, 48.8105], [9.2324, 48.8103], [9.2324, 48.8102], [9.2324, 48.8101], [9.2323, 48.8099], [9.2323, 48.8096], [9.2323, 48.8093], [9.2324, 48.8091], [9.2324, 48.8088], [9.2325, 48.8085], [9.2326, 48.8084], [9.2328, 48.808]], [[9.2328, 48.808], [9.2329, 48.8079]], [[9.2329, 48.8079], [9.2332, 48.8076]], [[9.2332, 48.8076], [9.2334, 48.8073], [9.2336, 48.8072], [9.2337, 48.8071], [9.2339, 48.8069], [9.2342, 48.8067], [9.2344, 48.8066], [9.2345, 48.8065]], [[9.2345, 48.8065], [9.2347, 48.8064], [9.2349, 48.8063]], [[9.2349, 48.8063], [9.235, 48.8062], [9.2353, 48.806]], [[9.2353, 48.806], [9.2354, 48.806], [9.2359, 48.8057], [9.2362, 48.8056], [9.2365, 48.8054], [9.2372, 48.8051], [9.2375, 48.8049], [9.2378, 48.8047], [9.238, 48.8046], [9.2383, 48.8044], [9.2385, 48.8043], [9.2388, 48.8041], [9.239, 48.804], [9.2392, 48.8038], [9.2394, 48.8036], [9.2394, 48.8035], [9.2395, 48.8034], [9.2396, 48.8033], [9.2397, 48.8032], [9.2399, 48.803], [9.24, 48.8028], [9.24, 48.8026], [9.2401, 48.8025], [9.2401, 48.8024], [9.2402, 48.8023], [9.2402, 48.8021], [9.2402, 48.802], [9.2402, 48.8019], [9.2402, 48.8017], [9.2402, 48.8016], [9.2402, 48.8014], [9.2402, 48.8012], [9.2401, 48.8011], [9.2401, 48.8009], [9.24, 48.8007], [9.24, 48.8006], [9.2399, 48.8004], [9.2398, 48.8003], [9.2397, 48.8002], [9.2396, 48.8], [9.2395, 48.7999], [9.2394, 48.7998], [9.2392, 48.7996], [9.2391, 48.7995], [9.2389, 48.7993], [9.2388, 48.7993], [9.2386, 48.7991], [9.2384, 48.799], [9.2383, 48.7989], [9.238, 48.7988], [9.2378, 48.7987], [9.2375, 48.7986], [9.2372, 48.7985], [9.2368, 48.7984], [9.2366, 48.7983], [9.2365, 48.7983], [9.2362, 48.7983], [9.236, 48.7982], [9.2357, 48.7982]], [[9.2357, 48.7982], [9.2354, 48.7982], [9.2352, 48.7982]], [[9.2352, 48.7982], [9.2348, 48.7982], [9.2345, 48.7982], [9.2342, 48.7982]], [[9.2342, 48.7982], [9.2339, 48.7982]], [[9.2339, 48.7982], [9.2336, 48.7983], [9.2334, 48.7983], [9.233, 48.7984], [9.2327, 48.7984], [9.2321, 48.7986], [9.2307, 48.7989], [9.2304, 48.7989], [9.2288, 48.7992], [9.2282, 48.7994]], [[9.2282, 48.7994], [9.228, 48.7994], [9.2277, 48.7995], [9.2275, 48.7995], [9.227, 48.7996], [9.2265, 48.7997], [9.2262, 48.7998], [9.2259, 48.7999], [9.2256, 48.7999], [9.2253, 48.8], [9.2249, 48.8001], [9.2246, 48.8001], [9.2243, 48.8002], [9.224, 48.8002], [9.2237, 48.8003], [9.2234, 48.8004], [9.2231, 48.8004], [9.2228, 48.8005], [9.2227, 48.8005], [9.2224, 48.8006], [9.2222, 48.8006], [9.2219, 48.8007], [9.2215, 48.8007], [9.2207, 48.8009]], [[9.2207, 48.8009], [9.2205, 48.8009], [9.2202, 48.801], [9.2199, 48.801], [9.2195, 48.8011]], [[9.2195, 48.8011], [9.2194, 48.8011]], [[9.2194, 48.8011], [9.2191, 48.8012], [9.2178, 48.8015], [9.2168, 48.8016], [9.2165, 48.8017], [9.2162, 48.8018], [9.2161, 48.8018], [9.2159, 48.8018], [9.2158, 48.8019], [9.2156, 48.8019]], [[9.2156, 48.8019], [9.2153, 48.8019], [9.215, 48.802], [9.2149, 48.802]], [[9.2149, 48.802], [9.2147, 48.802], [9.2145, 48.802]], [[9.2145, 48.802], [9.2143, 48.802], [9.214, 48.802], [9.2138, 48.802], [9.2136, 48.802], [9.2133, 48.802], [9.2131, 48.802], [9.2128, 48.802], [9.2123, 48.8019], [9.2121, 48.8019], [9.2119, 48.8018], [9.2118, 48.8018]], [[9.2118, 48.8018], [9.2116, 48.8018]], [[9.2116, 48.8018], [9.2114, 48.8017], [9.2113, 48.8017], [9.2108, 48.8016], [9.2105, 48.8016], [9.2102, 48.8015]], [[9.2102, 48.8015], [9.21, 48.8014], [9.2096, 48.8013], [9.2094, 48.8013], [9.2092, 48.8012], [9.209, 48.8011], [9.2088, 48.801], [9.2085, 48.8009], [9.208, 48.8007], [9.2078, 48.8006]], [[9.2078, 48.8006], [9.2077, 48.8006]], [[9.2077, 48.8006], [9.2075, 48.8005]], [[9.2035, 48.7986], [9.2034, 48.7985], [9.2027, 48.7982], [9.2021, 48.798], [9.2015, 48.7976], [9.2012, 48.7975], [9.2012, 48.7974], [9.2005, 48.797], [9.2002, 48.7968], [9.1997, 48.7965], [9.1983, 48.7956], [9.1972, 48.795], [9.1969, 48.7948], [9.1968, 48.7947], [9.1966, 48.7946], [9.1963, 48.7944], [9.1955, 48.794]], [[9.1941, 48.7934], [9.194, 48.7933], [9.1939, 48.7932], [9.1936, 48.7931], [9.1935, 48.793]], [[9.1919, 48.7922], [9.1915, 48.792], [9.1912, 48.7919], [9.1911, 48.7918], [9.1907, 48.7916], [9.1897, 48.7912], [9.1892, 48.791], [9.1885, 48.7907]], [[9.1885, 48.7907], [9.1881, 48.7905]], [[9.1881, 48.7905], [9.1879, 48.7904], [9.1874, 48.7901]], [[9.1874, 48.7901], [9.1873, 48.7901]], [[9.1873, 48.7901], [9.187, 48.7899]], [[9.187, 48.7899], [9.1869, 48.7898]], [[9.1869, 48.7898], [9.1865, 48.7896]], [[9.1865, 48.7896], [9.1863, 48.7895], [9.1861, 48.7893], [9.1859, 48.7891]], [[9.1859, 48.7891], [9.1856, 48.7888], [9.185, 48.7883]], [[9.185, 48.7883], [9.1848, 48.788], [9.1847, 48.7879]], [[9.1136, 48.7399], [9.1138, 48.7397], [9.1143, 48.7394], [9.1146, 48.7391], [9.1149, 48.7389], [9.1151, 48.7387], [9.1156, 48.7383], [9.1162, 48.7379], [9.1165, 48.7376], [9.1168, 48.7374], [9.1175, 48.7369], [9.1179, 48.7365], [9.1182, 48.7363], [9.1184, 48.7361], [9.1185, 48.736], [9.1188, 48.7357], [9.1189, 48.7356], [9.119, 48.7355], [9.1191, 48.7353], [9.1193, 48.735], [9.1194, 48.7348], [9.1194, 48.7346], [9.1195, 48.7344], [9.1195, 48.7341]], [[9.1195, 48.7341], [9.1196, 48.7335], [9.1197, 48.7329]], [[9.1197, 48.7329], [9.1197, 48.7326], [9.1196, 48.7325], [9.1196, 48.7324], [9.1196, 48.7321], [9.1195, 48.732], [9.1195, 48.7319], [9.1194, 48.7316], [9.1193, 48.7314], [9.1192, 48.7312], [9.1191, 48.731], [9.1188, 48.7304], [9.1186, 48.7302], [9.1183, 48.73], [9.118, 48.7297], [9.1178, 48.7295], [9.1174, 48.7292], [9.1173, 48.7291], [9.1169, 48.7289], [9.1166, 48.7287], [9.1164, 48.7285]], [[9.1164, 48.7285], [9.1153, 48.7278], [9.1152, 48.7278], [9.1151, 48.7277], [9.1145, 48.7274], [9.1138, 48.7269], [9.1132, 48.7266], [9.1131, 48.7265], [9.1129, 48.7264]], [[9.1129, 48.7264], [9.1123, 48.726], [9.1119, 48.7258], [9.1117, 48.7257], [9.111, 48.7255], [9.1104, 48.7252]], [[9.1079, 48.7233], [9.1083, 48.7237], [9.1084, 48.7239], [9.1086, 48.7241], [9.1089, 48.7243], [9.1093, 48.7246], [9.1095, 48.7248], [9.1097, 48.7249], [9.1099, 48.725], [9.1104, 48.7252]], [[9.1079, 48.7233], [9.1078, 48.7232], [9.1077, 48.7231], [9.1073, 48.7226], [9.1072, 48.7224], [9.1071, 48.7223], [9.107, 48.722], [9.1069, 48.7218]], [[9.1069, 48.7218], [9.1069, 48.7216], [9.1069, 48.7215]], [[9.1069, 48.7215], [9.1068, 48.7212], [9.1068, 48.721], [9.1068, 48.7207], [9.1069, 48.7204], [9.1069, 48.7201], [9.107, 48.7197], [9.1071, 48.7194], [9.1073, 48.719], [9.1074, 48.719], [9.1074, 48.7189]], [[9.1074, 48.7189], [9.1076, 48.7186], [9.1078, 48.7184], [9.1079, 48.7182], [9.108, 48.7181], [9.1082, 48.7179], [9.1082, 48.7178], [9.1084, 48.7176], [9.1086, 48.7174], [9.1086, 48.7173], [9.1088, 48.7172], [9.1089, 48.717]], [[9.1089, 48.717], [9.1092, 48.7167], [9.1095, 48.7163], [9.1096, 48.7161], [9.1098, 48.7159], [9.1098, 48.7158], [9.1099, 48.7157], [9.11, 48.7155], [9.11, 48.7154], [9.1101, 48.7152], [9.1101, 48.7151], [9.1101, 48.715], [9.1102, 48.7148], [9.1102, 48.7146], [9.1103, 48.7143], [9.1103, 48.7141]], [[9.1104, 48.7137], [9.1105, 48.7136], [9.1105, 48.7135], [9.1106, 48.7134], [9.1107, 48.7133], [9.1107, 48.7131], [9.1108, 48.713], [9.1109, 48.7129], [9.1111, 48.7128], [9.1111, 48.7127], [9.1112, 48.7126], [9.1113, 48.7125], [9.1114, 48.7125], [9.1115, 48.7124], [9.1116, 48.7123], [9.1117, 48.7122], [9.1118, 48.7122], [9.1119, 48.7121], [9.112, 48.7121], [9.1121, 48.712], [9.1122, 48.712], [9.1124, 48.7119], [9.1126, 48.7118], [9.1128, 48.7117], [9.1129, 48.7117], [9.1133, 48.7116], [9.1134, 48.7115], [9.114, 48.7114]], [[9.114, 48.7114], [9.1149, 48.7113], [9.1161, 48.7112], [9.1168, 48.711], [9.1171, 48.711], [9.1175, 48.7109], [9.1183, 48.7106], [9.119, 48.7103], [9.1195, 48.7101], [9.1198, 48.7098], [9.1206, 48.7093], [9.1212, 48.7089]], [[9.1212, 48.7089], [9.1216, 48.7086], [9.1225, 48.708], [9.1229, 48.7078], [9.1238, 48.7074], [9.1243, 48.7072], [9.1245, 48.7071], [9.1248, 48.707], [9.1256, 48.7066], [9.1263, 48.7061], [9.1266, 48.7058]], [[9.1266, 48.7058], [9.1267, 48.7058], [9.1269, 48.7056], [9.1272, 48.7053], [9.1273, 48.7052], [9.1278, 48.7048], [9.1278, 48.7047], [9.128, 48.7046], [9.1281, 48.7045]], [[9.1281, 48.7045], [9.1284, 48.7043]], [[9.1284, 48.7043], [9.1286, 48.7042], [9.1287, 48.7041]], [[9.1287, 48.7041], [9.1289, 48.704], [9.129, 48.7039], [9.1292, 48.7038], [9.1294, 48.7037], [9.1295, 48.7037], [9.1296, 48.7036], [9.1298, 48.7035], [9.1299, 48.7035], [9.13, 48.7034], [9.1301, 48.7034], [9.1302, 48.7034], [9.1303, 48.7033], [9.1306, 48.7032], [9.1307, 48.7032], [9.1309, 48.7031], [9.1311, 48.7031], [9.1312, 48.7031], [9.1314, 48.703], [9.1315, 48.703], [9.1316, 48.703], [9.1318, 48.7029], [9.132, 48.7029], [9.1322, 48.7029], [9.1326, 48.7028]], [[9.1326, 48.7028], [9.1334, 48.7028], [9.1339, 48.7027], [9.1343, 48.7026], [9.1353, 48.7025], [9.1363, 48.7024], [9.1372, 48.7023], [9.1379, 48.7023]], [[9.1379, 48.7023], [9.138, 48.7023], [9.1383, 48.7022], [9.1385, 48.7022], [9.1387, 48.7022], [9.1388, 48.7022], [9.1389, 48.7021], [9.1391, 48.7021], [9.1392, 48.7021], [9.1394, 48.702], [9.1395, 48.702], [9.1397, 48.7019], [9.1399, 48.7018]], [[9.1406, 48.7014], [9.1407, 48.7014], [9.1407, 48.7013], [9.1408, 48.7013], [9.1408, 48.7012], [9.1409, 48.7011], [9.141, 48.7011], [9.141, 48.701], [9.1411, 48.7009], [9.1411, 48.7008], [9.1412, 48.7007], [9.1412, 48.7006], [9.1413, 48.7005], [9.1413, 48.7004], [9.1414, 48.7003], [9.1414, 48.7001], [9.1415, 48.7], [9.1416, 48.6999]], [[9.1416, 48.6999], [9.1416, 48.6998], [9.1416, 48.6997], [9.1417, 48.6993], [9.1419, 48.6989], [9.1422, 48.6982], [9.1424, 48.6976], [9.1426, 48.6971], [9.1426, 48.6969], [9.1427, 48.6967], [9.1429, 48.6963], [9.1429, 48.6961], [9.143, 48.6959], [9.1432, 48.6955], [9.1432, 48.6953], [9.1433, 48.6951], [9.1435, 48.6949], [9.1436, 48.6948], [9.1436, 48.6947], [9.1438, 48.6945], [9.144, 48.6943], [9.1441, 48.6942], [9.1443, 48.694], [9.1445, 48.694], [9.1446, 48.6939], [9.1449, 48.6938], [9.1449, 48.6937], [9.145, 48.6937], [9.1451, 48.6936], [9.1454, 48.6935]], [[9.1454, 48.6935], [9.1455, 48.6935], [9.1456, 48.6935]], [[9.1456, 48.6935], [9.146, 48.6934]], [[9.146, 48.6934], [9.1463, 48.6933], [9.1467, 48.6932], [9.1471, 48.6932]], [[9.1471, 48.6932], [9.1472, 48.6931], [9.1484, 48.6929], [9.1495, 48.6928], [9.1498, 48.6927], [9.1505, 48.6926], [9.151, 48.6925], [9.1512, 48.6925], [9.1515, 48.6924], [9.1518, 48.6924], [9.1522, 48.6924], [9.1524, 48.6924], [9.1525, 48.6924], [9.1528, 48.6923]], [[9.1528, 48.6923], [9.1534, 48.6923]], [[9.1534, 48.6923], [9.1535, 48.6923], [9.1563, 48.6924], [9.1565, 48.6924]], [[9.1565, 48.6924], [9.1567, 48.6924], [9.1569, 48.6924], [9.1605, 48.6924]], [[9.1688, 48.6922], [9.1692, 48.6921], [9.1695, 48.692], [9.1699, 48.692], [9.1701, 48.6919]], [[9.1715, 48.6918], [9.1718, 48.6917], [9.1726, 48.6917], [9.173, 48.6916], [9.1738, 48.6915]], [[9.1746, 48.6914], [9.1755, 48.6913], [9.1756, 48.6913], [9.1768, 48.6912]], [[9.1782, 48.6911], [9.1785, 48.6911], [9.1789, 48.691], [9.1795, 48.691], [9.1798, 48.6909], [9.18, 48.6909], [9.1803, 48.6908], [9.1806, 48.6908], [9.181, 48.6907], [9.1822, 48.6904], [9.1826, 48.6903], [9.183, 48.6902], [9.1835, 48.6902], [9.1839, 48.6901], [9.1843, 48.69], [9.1846, 48.69]], [[9.1846, 48.69], [9.1847, 48.69]], [[9.1426, 48.6973], [9.1426, 48.6974], [9.1426, 48.6973], [9.1427, 48.6968], [9.1429, 48.6966], [9.1432, 48.6957], [9.1432, 48.6955], [9.1433, 48.6956], [9.1432, 48.6957], [9.1433, 48.6957], [9.1432, 48.6959], [9.1429, 48.6966], [9.1428, 48.6968], [9.1428, 48.6969], [9.1427, 48.6971], [9.1426, 48.6973]], [[9.1284, 48.7043], [9.1284, 48.7044], [9.128, 48.7047], [9.1276, 48.705], [9.1273, 48.7053], [9.1272, 48.7054], [9.1271, 48.7055], [9.1268, 48.7058], [9.1267, 48.7058], [9.1268, 48.7058], [9.1269, 48.7058], [9.1271, 48.7055], [9.1272, 48.7055], [9.1273, 48.7054], [9.1276, 48.705], [9.128, 48.7047], [9.1284, 48.7044], [9.1284, 48.7043]], [[9.1054, 48.7459], [9.1056, 48.7457], [9.1058, 48.7453], [9.1061, 48.7449], [9.1062, 48.7448], [9.1064, 48.7446], [9.1065, 48.7445], [9.1064, 48.7446], [9.1064, 48.7447], [9.1062, 48.7448], [9.1059, 48.7453], [9.1056, 48.7457], [9.1056, 48.7458], [9.1055, 48.7458], [9.1055, 48.746], [9.1054, 48.7459]], [[9.1577, 48.7705], [9.1577, 48.7704], [9.1575, 48.7704], [9.1568, 48.7702], [9.1562, 48.77], [9.1554, 48.7698], [9.1553, 48.7698], [9.1552, 48.7697], [9.1551, 48.7697], [9.1551, 48.7698], [9.1552, 48.7698], [9.1551, 48.7698], [9.1553, 48.7698], [9.1563, 48.7701], [9.1564, 48.7701], [9.1576, 48.7704], [9.1577, 48.7704], [9.1577, 48.7705]], [[9.2339, 48.8071], [9.2341, 48.807], [9.2344, 48.8068], [9.2346, 48.8066], [9.2347, 48.8065], [9.2348, 48.8065], [9.2352, 48.8063], [9.2354, 48.8062], [9.2356, 48.8061], [9.236, 48.8059], [9.236, 48.8058], [9.2361, 48.8059], [9.236, 48.8059], [9.2357, 48.806], [9.2356, 48.8061], [9.2354, 48.8062], [9.2352, 48.8063], [9.2348, 48.8065], [9.2346, 48.8067], [9.2344, 48.8068], [9.2342, 48.807], [9.2341, 48.807], [9.234, 48.8071], [9.2339, 48.8071]], [[9.247, 48.8149], [9.247, 48.8148], [9.2471, 48.8148], [9.2478, 48.815], [9.2481, 48.815], [9.2485, 48.8151], [9.2486, 48.8151], [9.2495, 48.8153], [9.2496, 48.8153], [9.2497, 48.8154], [9.2495, 48.8153], [9.2485, 48.8151], [9.2481, 48.8151], [9.2478, 48.815], [9.2471, 48.8149], [9.247, 48.8149]], [[9.3179, 48.8159], [9.318, 48.8158], [9.3183, 48.8157], [9.3185, 48.8157], [9.3187, 48.8156], [9.319, 48.8155], [9.3191, 48.8155], [9.3193, 48.8154], [9.3194, 48.8154], [9.3195, 48.8154], [9.3196, 48.8154], [9.3198, 48.8153], [9.3199, 48.8153], [9.3203, 48.8152], [9.3204, 48.8152], [9.3206, 48.8152], [9.3204, 48.8153], [9.3202, 48.8153], [9.3199, 48.8153], [9.3199, 48.8154], [9.3196, 48.8154], [9.3194, 48.8155], [9.3192, 48.8155], [9.3191, 48.8155], [9.319, 48.8155], [9.3187, 48.8156], [9.3183, 48.8157], [9.3183, 48.8158], [9.3179, 48.8159]], [[9.352, 48.8118], [9.3524, 48.8119], [9.3528, 48.812], [9.3534, 48.8121], [9.3541, 48.8122], [9.3548, 48.8124], [9.3541, 48.8122], [9.3532, 48.812], [9.3529, 48.8119], [9.3526, 48.8119], [9.3525, 48.8119], [9.3524, 48.8119], [9.3522, 48.8118], [9.352, 48.8118]], [[9.3836, 48.8107], [9.3861, 48.8102], [9.3863, 48.8102], [9.3864, 48.8102], [9.3866, 48.8101], [9.387, 48.8101], [9.387, 48.81], [9.3866, 48.8101], [9.3864, 48.8102], [9.3863, 48.8102], [9.3862, 48.8102], [9.3861, 48.8102], [9.3854, 48.8103], [9.3836, 48.8107]], [[9.4379, 48.8056], [9.4382, 48.8055], [9.4387, 48.8054], [9.439, 48.8053], [9.4392, 48.8053], [9.4394, 48.8052], [9.4395, 48.8052], [9.4397, 48.8052], [9.4399, 48.8051], [9.44, 48.8051], [9.4403, 48.805], [9.4404, 48.805], [9.4406, 48.805], [9.4402, 48.8051], [9.4397, 48.8052], [9.4395, 48.8053], [9.4394, 48.8053], [9.4392, 48.8053], [9.4388, 48.8054], [9.4382, 48.8056], [9.4379, 48.8056]], [[9.483, 48.7985], [9.4829, 48.7985], [9.4821, 48.7984], [9.482, 48.7984], [9.4818, 48.7984], [9.4817, 48.7984], [9.4817, 48.7983], [9.4816, 48.7983], [9.4815, 48.7983], [9.4814, 48.7983], [9.4812, 48.7983], [9.4809, 48.7983], [9.4805, 48.7983], [9.4803, 48.7983], [9.4801, 48.7983], [9.4804, 48.7983], [9.4808, 48.7983], [9.4814, 48.7984], [9.4815, 48.7984], [9.4817, 48.7984], [9.4819, 48.7984], [9.482, 48.7984], [9.4829, 48.7985], [9.483, 48.7985]], [[9.5008, 48.8002], [9.5012, 48.8002], [9.5013, 48.8002], [9.5015, 48.8003], [9.5019, 48.8003], [9.502, 48.8003], [9.5028, 48.8004], [9.5036, 48.8005], [9.5025, 48.8004], [9.502, 48.8003], [9.5015, 48.8003], [9.5013, 48.8003], [9.5008, 48.8002]], [[9.1847, 48.69], [9.1843, 48.6901], [9.1839, 48.6901], [9.1835, 48.6902], [9.183, 48.6903], [9.1826, 48.6904], [9.1822, 48.6904], [9.181, 48.6907], [9.1806, 48.6908], [9.1803, 48.6908], [9.18, 48.6909], [9.1798, 48.6909], [9.1795, 48.691], [9.1789, 48.6911], [9.1785, 48.6911], [9.1782, 48.6911]], [[9.1768, 48.6913], [9.1756, 48.6914], [9.1746, 48.6915]], [[9.1738, 48.6916], [9.1728, 48.6917], [9.1726, 48.6917], [9.1718, 48.6918], [9.1716, 48.6919]], [[9.1707, 48.692], [9.1696, 48.6922], [9.1688, 48.6923]], [[9.1681, 48.6924], [9.168, 48.6924], [9.1679, 48.6924], [9.1678, 48.6924]], [[9.1605, 48.6924], [9.1604, 48.6924], [9.1591, 48.6924], [9.1567, 48.6924], [9.1565, 48.6924]], [[9.1565, 48.6924], [9.1554, 48.6924], [9.1535, 48.6924]], [[9.1535, 48.6924], [9.1534, 48.6924]], [[9.1534, 48.6924], [9.1528, 48.6924]], [[9.1528, 48.6924], [9.1526, 48.6924], [9.1524, 48.6924], [9.1522, 48.6924], [9.1518, 48.6924], [9.1515, 48.6925], [9.1512, 48.6925], [9.151, 48.6925], [9.1505, 48.6926], [9.1499, 48.6927], [9.1495, 48.6928], [9.1484, 48.693], [9.1472, 48.6932], [9.1471, 48.6932]], [[9.1471, 48.6932], [9.1467, 48.6933], [9.1464, 48.6933], [9.146, 48.6934]], [[9.1456, 48.6935], [9.1454, 48.6936]], [[9.1454, 48.6936], [9.1452, 48.6936], [9.145, 48.6937], [9.1449, 48.6938], [9.1446, 48.6939], [9.1445, 48.694], [9.1444, 48.6941], [9.1442, 48.6942], [9.144, 48.6944], [9.1438, 48.6945], [9.1437, 48.6947], [9.1436, 48.6948], [9.1435, 48.6949], [9.1434, 48.6951], [9.1433, 48.6953], [9.1433, 48.6954], [9.1431, 48.6959], [9.143, 48.6961], [9.1429, 48.6965], [9.1428, 48.6967], [9.1427, 48.6969], [9.1427, 48.697], [9.1426, 48.6971], [9.1425, 48.6976], [9.1423, 48.6981], [9.1422, 48.6983], [9.142, 48.6988], [9.1419, 48.6991], [9.1418, 48.6994], [9.1416, 48.6998], [9.1416, 48.6999]], [[9.1416, 48.6999], [9.1416, 48.7], [9.1415, 48.7002], [9.1414, 48.7004], [9.1414, 48.7005], [9.1413, 48.7005], [9.1413, 48.7006], [9.1412, 48.7007], [9.1412, 48.7009], [9.1411, 48.7009], [9.141, 48.701], [9.141, 48.7011], [9.1409, 48.7012], [9.1408, 48.7013], [9.1406, 48.7014]], [[9.1399, 48.7019], [9.1397, 48.7019], [9.1396, 48.702], [9.1394, 48.7021], [9.1392, 48.7021], [9.1391, 48.7021], [9.1389, 48.7022]], [[9.1389, 48.7022], [9.1388, 48.7022], [9.1387, 48.7022], [9.1385, 48.7022], [9.1383, 48.7023], [9.138, 48.7023]], [[9.138, 48.7023], [9.1373, 48.7024], [9.1363, 48.7025], [9.1358, 48.7025], [9.1353, 48.7026], [9.1344, 48.7027], [9.134, 48.7027], [9.1339, 48.7027], [9.1333, 48.7028], [9.133, 48.7028], [9.1326, 48.7029], [9.1322, 48.7029], [9.132, 48.703], [9.1319, 48.703], [9.1316, 48.703], [9.1315, 48.703], [9.1314, 48.7031], [9.1312, 48.7031], [9.1311, 48.7031], [9.131, 48.7032], [9.1308, 48.7032], [9.1306, 48.7033], [9.1304, 48.7033], [9.1302, 48.7034], [9.1301, 48.7034], [9.13, 48.7035], [9.1299, 48.7035], [9.1298, 48.7036], [9.1296, 48.7036], [9.1295, 48.7037], [9.1294, 48.7037], [9.1292, 48.7038], [9.1291, 48.7039], [9.1289, 48.704], [9.1288, 48.7041]], [[9.1288, 48.7041], [9.1286, 48.7042], [9.1285, 48.7043]], [[9.1285, 48.7043], [9.1281, 48.7045], [9.1278, 48.7048], [9.1274, 48.7052]], [[9.1274, 48.7052], [9.1273, 48.7052], [9.127, 48.7055], [9.1269, 48.7056], [9.1268, 48.7058], [9.1267, 48.7058], [9.1267, 48.7059]], [[9.1267, 48.7059], [9.1264, 48.7061], [9.1257, 48.7066], [9.125, 48.7069]], [[9.125, 48.7069], [9.1248, 48.707], [9.1244, 48.7072], [9.1243, 48.7072], [9.123, 48.7078], [9.1225, 48.7081], [9.1217, 48.7086], [9.1212, 48.7089], [9.1207, 48.7093], [9.1206, 48.7094], [9.1199, 48.7099], [9.1195, 48.7101], [9.1191, 48.7103], [9.1184, 48.7106], [9.1175, 48.7109], [9.1171, 48.711], [9.1168, 48.7111], [9.1161, 48.7112], [9.1149, 48.7114]], [[9.1149, 48.7114], [9.114, 48.7115], [9.1135, 48.7116], [9.1133, 48.7116]], [[9.1133, 48.7116], [9.1129, 48.7117], [9.1126, 48.7118], [9.1124, 48.7119], [9.1122, 48.712], [9.1121, 48.712], [9.112, 48.7121], [9.1119, 48.7121], [9.1118, 48.7122], [9.1117, 48.7123], [9.1116, 48.7123], [9.1115, 48.7124], [9.1114, 48.7125], [9.1113, 48.7126], [9.1112, 48.7126], [9.1112, 48.7127], [9.1111, 48.7128], [9.111, 48.7129], [9.1109, 48.713], [9.1108, 48.7131], [9.1107, 48.7133], [9.1106, 48.7134], [9.1106, 48.7135], [9.1105, 48.7136], [9.1105, 48.7137]], [[9.1104, 48.7141], [9.1103, 48.7146], [9.1102, 48.7148], [9.1102, 48.715], [9.1102, 48.7151], [9.1101, 48.7152], [9.1101, 48.7154], [9.11, 48.7155], [9.11, 48.7156], [9.1099, 48.7157], [9.1099, 48.7158], [9.1098, 48.7159], [9.1097, 48.7161], [9.1096, 48.7162], [9.1095, 48.7164], [9.1092, 48.7168], [9.1092, 48.7169]], [[9.1092, 48.7169], [9.1091, 48.717]], [[9.1091, 48.717], [9.109, 48.7171], [9.1089, 48.7172], [9.1088, 48.7173], [9.1086, 48.7176], [9.1085, 48.7177], [9.1084, 48.7178], [9.1081, 48.7182], [9.1079, 48.7184], [9.1077, 48.7187], [9.1075, 48.7189]], [[9.1075, 48.7189], [9.1075, 48.719], [9.1074, 48.719], [9.1074, 48.7191]], [[9.1074, 48.7191], [9.1072, 48.7194], [9.1071, 48.7197], [9.107, 48.7201], [9.1069, 48.7205], [9.1069, 48.7207], [9.1069, 48.7208], [9.1069, 48.7211], [9.1069, 48.7214]], [[9.1069, 48.7214], [9.107, 48.7216], [9.107, 48.7218]], [[9.107, 48.7218], [9.1071, 48.7219], [9.1071, 48.722], [9.1073, 48.7223], [9.1074, 48.7225], [9.1076, 48.7228], [9.1077, 48.723], [9.1079, 48.7232], [9.1081, 48.7234], [9.1083, 48.7235], [9.1084, 48.7236], [9.1086, 48.7237], [9.1089, 48.7239], [9.1091, 48.724], [9.1094, 48.7242], [9.1105, 48.7248], [9.1109, 48.7251], [9.1111, 48.7252], [9.112, 48.7257], [9.1127, 48.7261], [9.1131, 48.7264]], [[9.1131, 48.7264], [9.1132, 48.7264], [9.1133, 48.7265], [9.1136, 48.7266], [9.1138, 48.7268], [9.1147, 48.7273], [9.1153, 48.7277], [9.1154, 48.7278], [9.1155, 48.7279], [9.1161, 48.7283], [9.1162, 48.7283], [9.117, 48.7288]], [[9.117, 48.7288], [9.1171, 48.7289], [9.1173, 48.7291], [9.1176, 48.7292], [9.1178, 48.7294], [9.1181, 48.7296], [9.1183, 48.7299], [9.1186, 48.7302], [9.1188, 48.7304], [9.119, 48.7307], [9.1192, 48.7309], [9.1193, 48.7311], [9.1194, 48.7313], [9.1194, 48.7314], [9.1195, 48.7316], [9.1196, 48.7319], [9.1197, 48.7321], [9.1197, 48.7324], [9.1197, 48.7325], [9.1197, 48.7326], [9.1197, 48.7329]], [[9.1197, 48.7329], [9.1197, 48.7335], [9.1196, 48.7342]], [[9.1196, 48.7342], [9.1196, 48.7344], [9.1195, 48.7346], [9.1194, 48.735], [9.1192, 48.7353], [9.1191, 48.7355], [9.119, 48.7356], [9.1189, 48.7358], [9.1187, 48.736]], [[9.1187, 48.736], [9.1185, 48.7362], [9.1183, 48.7363], [9.1179, 48.7366], [9.1178, 48.7368], [9.1176, 48.7369], [9.117, 48.7374], [9.1166, 48.7376], [9.1163, 48.7379], [9.1158, 48.7383], [9.1155, 48.7385], [9.115, 48.7389], [9.1148, 48.739], [9.1144, 48.7394], [9.114, 48.7396], [9.1138, 48.7398], [9.1136, 48.7399]], [[9.1848, 48.7879], [9.1849, 48.788]], [[9.1849, 48.788], [9.1852, 48.7883]], [[9.1852, 48.7883], [9.1852, 48.7884], [9.1855, 48.7886], [9.1859, 48.7889], [9.1859, 48.789]], [[9.1871, 48.7898], [9.1868, 48.7896], [9.1866, 48.7895], [9.1859, 48.789]], [[9.1871, 48.7898], [9.1872, 48.7899], [9.1873, 48.7899]], [[9.1873, 48.7899], [9.1874, 48.79]], [[9.1874, 48.79], [9.1878, 48.7902], [9.1883, 48.7904]], [[9.1883, 48.7904], [9.1884, 48.7904], [9.1886, 48.7906], [9.1889, 48.7907], [9.1893, 48.7909], [9.1896, 48.791], [9.1899, 48.7912], [9.1901, 48.7913]], [[9.1935, 48.793], [9.194, 48.7933], [9.1942, 48.7933]], [[9.1955, 48.794], [9.1962, 48.7944], [9.1968, 48.7947], [9.1972, 48.7949]], [[9.1972, 48.7949], [9.1973, 48.795]], [[9.1973, 48.795], [9.1981, 48.7955], [9.1988, 48.7959], [9.1993, 48.7962], [9.2004, 48.7969], [9.2005, 48.797], [9.2012, 48.7974]], [[9.2012, 48.7974], [9.2015, 48.7976], [9.2018, 48.7977], [9.2022, 48.7979], [9.2027, 48.7982], [9.2034, 48.7985], [9.2035, 48.7986]], [[9.2035, 48.7986], [9.2036, 48.7986]], [[9.2075, 48.8004], [9.2078, 48.8005]], [[9.2078, 48.8005], [9.2079, 48.8006]], [[9.2079, 48.8006], [9.208, 48.8007], [9.2081, 48.8007], [9.2085, 48.8009], [9.2088, 48.801], [9.209, 48.8011], [9.2093, 48.8012]], [[9.2093, 48.8012], [9.2095, 48.8012], [9.2097, 48.8013], [9.2099, 48.8014], [9.21, 48.8014], [9.2101, 48.8014], [9.2105, 48.8015], [9.2107, 48.8016], [9.2109, 48.8016], [9.2112, 48.8017], [9.2114, 48.8017], [9.2117, 48.8017]], [[9.2117, 48.8017], [9.2119, 48.8018]], [[9.2119, 48.8018], [9.2123, 48.8018], [9.2125, 48.8019], [9.2128, 48.8019], [9.213, 48.8019], [9.2131, 48.8019], [9.2135, 48.8019], [9.2137, 48.802], [9.214, 48.802], [9.2141, 48.8019], [9.2142, 48.8019], [9.2144, 48.8019]], [[9.2144, 48.8019], [9.2146, 48.8019], [9.2148, 48.8019]], [[9.2148, 48.8019], [9.2149, 48.8019], [9.2152, 48.8018], [9.2155, 48.8018], [9.2157, 48.8018], [9.2159, 48.8017], [9.2163, 48.8016], [9.2174, 48.8014]], [[9.2174, 48.8014], [9.2177, 48.8014], [9.2178, 48.8013], [9.2187, 48.8012], [9.2191, 48.8011]], [[9.2191, 48.8011], [9.2192, 48.8011], [9.22, 48.8009], [9.2208, 48.8007], [9.221, 48.8007]], [[9.221, 48.8007], [9.2213, 48.8007], [9.2215, 48.8006], [9.2222, 48.8005], [9.2223, 48.8005], [9.2225, 48.8004], [9.2227, 48.8004], [9.223, 48.8003], [9.2233, 48.8003], [9.224, 48.8002], [9.224, 48.8001], [9.2241, 48.8001], [9.2242, 48.8001], [9.2245, 48.8001], [9.2247, 48.8], [9.2251, 48.7999], [9.2254, 48.7999], [9.2256, 48.7998], [9.2257, 48.7998], [9.2259, 48.7998], [9.2261, 48.7997], [9.2262, 48.7997], [9.2263, 48.7997], [9.2265, 48.7996], [9.2267, 48.7995]], [[9.2267, 48.7995], [9.2272, 48.7994], [9.2273, 48.7994]], [[9.2273, 48.7994], [9.2274, 48.7993], [9.2276, 48.7993], [9.2277, 48.7993], [9.2279, 48.7992], [9.2281, 48.7992], [9.2286, 48.7991], [9.2296, 48.7989], [9.2298, 48.7989], [9.2301, 48.7988]], [[9.2301, 48.7988], [9.2307, 48.7987], [9.2315, 48.7985], [9.2321, 48.7984], [9.2332, 48.7982], [9.2336, 48.7981], [9.2339, 48.7981]], [[9.2339, 48.7981], [9.2342, 48.7981]], [[9.2342, 48.7981], [9.2344, 48.7981], [9.2346, 48.798], [9.2349, 48.798], [9.2352, 48.798]], [[9.2352, 48.798], [9.2355, 48.7981], [9.2357, 48.7981]], [[9.2357, 48.7981], [9.236, 48.7981], [9.2361, 48.7981], [9.2363, 48.7981], [9.2365, 48.7982], [9.2366, 48.7982], [9.237, 48.7983], [9.2372, 48.7984], [9.2374, 48.7984], [9.2376, 48.7985], [9.2379, 48.7986], [9.2381, 48.7987], [9.2383, 48.7988], [9.2385, 48.7989], [9.2387, 48.799], [9.2389, 48.7992], [9.2391, 48.7993], [9.2392, 48.7994], [9.2394, 48.7995], [9.2395, 48.7997], [9.2397, 48.7998], [9.2397, 48.7999], [9.2398, 48.8], [9.2399, 48.8001], [9.2399, 48.8002], [9.24, 48.8003], [9.2401, 48.8004], [9.2401, 48.8005], [9.2402, 48.8007], [9.2403, 48.8009], [9.2403, 48.801], [9.2404, 48.8012], [9.2404, 48.8014], [9.2404, 48.8016], [9.2404, 48.8017], [9.2404, 48.8019], [9.2404, 48.802], [9.2404, 48.8022], [9.2403, 48.8023], [9.2403, 48.8025], [9.2402, 48.8027], [9.2402, 48.8028], [9.2401, 48.8029], [9.2401, 48.803], [9.24, 48.8032], [9.2399, 48.8033], [9.2397, 48.8035], [9.2396, 48.8036], [9.2395, 48.8037], [9.2394, 48.8038], [9.2393, 48.8039], [9.2392, 48.804], [9.239, 48.8041], [9.2388, 48.8043], [9.2385, 48.8045], [9.2384, 48.8046], [9.2383, 48.8046], [9.2381, 48.8047], [9.2377, 48.8049], [9.2375, 48.805], [9.237, 48.8053], [9.2361, 48.8058]], [[9.2361, 48.8058], [9.2356, 48.8061], [9.2351, 48.8063]], [[9.2351, 48.8063], [9.2349, 48.8064], [9.2347, 48.8066]], [[9.2347, 48.8066], [9.2346, 48.8066], [9.2344, 48.8068], [9.2343, 48.8068], [9.2341, 48.807], [9.2339, 48.8071]], [[9.2339, 48.8071], [9.2338, 48.8072], [9.2337, 48.8073], [9.2336, 48.8074], [9.2334, 48.8076], [9.2331, 48.8079]], [[9.2331, 48.8079], [9.233, 48.808]], [[9.233, 48.808], [9.233, 48.8082], [9.2328, 48.8085], [9.2327, 48.8086], [9.2327, 48.8087], [9.2326, 48.8089], [9.2326, 48.8091], [9.2325, 48.8093], [9.2325, 48.8095], [9.2325, 48.8098]], [[9.2325, 48.8098], [9.2326, 48.81], [9.2327, 48.8104], [9.2328, 48.8106], [9.2329, 48.8108], [9.2329, 48.8109], [9.2331, 48.8111], [9.2333, 48.8113], [9.2335, 48.8115], [9.2337, 48.8117], [9.2339, 48.8119], [9.2341, 48.812], [9.2343, 48.8121], [9.2345, 48.8123], [9.2348, 48.8124], [9.235, 48.8125], [9.2353, 48.8126], [9.2356, 48.8127], [9.2361, 48.8128], [9.2367, 48.813]], [[9.2367, 48.813], [9.2392, 48.8134], [9.2421, 48.814], [9.2448, 48.8145], [9.2455, 48.8146], [9.2456, 48.8146], [9.2457, 48.8147]], [[9.2457, 48.8147], [9.246, 48.8147], [9.2468, 48.8149]], [[9.2468, 48.8149], [9.2474, 48.815], [9.248, 48.8151], [9.2482, 48.8151], [9.249, 48.8153], [9.2497, 48.8154], [9.2499, 48.8154], [9.2502, 48.8155]], [[9.2502, 48.8155], [9.2505, 48.8156], [9.2513, 48.8157], [9.2521, 48.8158], [9.2547, 48.8163], [9.258, 48.8169], [9.2587, 48.817], [9.2592, 48.8171], [9.2601, 48.8173], [9.2611, 48.8175], [9.2619, 48.8177], [9.2627, 48.8179], [9.2638, 48.8181], [9.2649, 48.8184], [9.2658, 48.8187], [9.2666, 48.819], [9.2678, 48.8193], [9.268, 48.8194], [9.2686, 48.8196], [9.2692, 48.8198], [9.2694, 48.8199], [9.27, 48.82], [9.2706, 48.8202], [9.271, 48.8203], [9.2711, 48.8204], [9.2713, 48.8204], [9.2714, 48.8205], [9.2716, 48.8205]], [[9.2716, 48.8205], [9.2718, 48.8206]], [[9.2718, 48.8206], [9.2719, 48.8206], [9.2722, 48.8207]], [[9.2722, 48.8207], [9.2734, 48.821], [9.2737, 48.8211]], [[9.2737, 48.8211], [9.2741, 48.8212], [9.2751, 48.8215], [9.2754, 48.8215]], [[9.2754, 48.8215], [9.2756, 48.8216], [9.276, 48.8217]], [[9.276, 48.8217], [9.2773, 48.8221], [9.2781, 48.8223], [9.2785, 48.8224], [9.2796, 48.8227], [9.2804, 48.8229], [9.281, 48.8231], [9.2816, 48.8232], [9.2822, 48.8233], [9.2828, 48.8235], [9.283, 48.8235], [9.2831, 48.8235], [9.2832, 48.8235], [9.2835, 48.8236], [9.2846, 48.8237], [9.2856, 48.8239], [9.2864, 48.8239], [9.2871, 48.824], [9.2884, 48.8242], [9.289, 48.8243], [9.2902, 48.8245], [9.2927, 48.8248], [9.2951, 48.8252], [9.2955, 48.8252], [9.2966, 48.8254], [9.2976, 48.8255]], [[9.2976, 48.8255], [9.2982, 48.8256], [9.2992, 48.8257]], [[9.2992, 48.8257], [9.2998, 48.8258], [9.3, 48.8258], [9.3007, 48.8259], [9.3011, 48.8259], [9.3012, 48.8259], [9.3013, 48.826], [9.3016, 48.826], [9.3019, 48.826], [9.3022, 48.826], [9.3023, 48.826], [9.3026, 48.826], [9.3028, 48.826], [9.3032, 48.826], [9.3033, 48.826], [9.3039, 48.826], [9.304, 48.826], [9.3046, 48.8259], [9.3048, 48.8259]], [[9.3048, 48.8259], [9.3052, 48.8258], [9.3056, 48.8258], [9.3062, 48.8257], [9.3068, 48.8256]], [[9.3068, 48.8256], [9.3069, 48.8256], [9.3073, 48.8256], [9.3076, 48.8255], [9.3078, 48.8255]], [[9.3078, 48.8255], [9.308, 48.8254], [9.3082, 48.8254], [9.3083, 48.8254]], [[9.3083, 48.8254], [9.3083, 48.8253], [9.3086, 48.8253], [9.309, 48.8251], [9.3094, 48.825], [9.3097, 48.8249], [9.3098, 48.8248], [9.31, 48.8247], [9.3106, 48.8244], [9.3106, 48.8243], [9.3108, 48.8242], [9.311, 48.8241], [9.3113, 48.8238], [9.3115, 48.8236], [9.3118, 48.8233], [9.312, 48.823], [9.3122, 48.8227]], [[9.3122, 48.8227], [9.3123, 48.8224], [9.3124, 48.8222], [9.3125, 48.822], [9.3128, 48.8215], [9.3129, 48.8213]], [[9.3129, 48.8213], [9.3129, 48.8212], [9.3133, 48.8204], [9.3134, 48.8201], [9.3137, 48.8196], [9.314, 48.8191], [9.3141, 48.8189], [9.3142, 48.8187], [9.3144, 48.8185], [9.3144, 48.8184], [9.3146, 48.8181], [9.3149, 48.8179], [9.3152, 48.8176], [9.3155, 48.8173]], [[9.3155, 48.8173], [9.3157, 48.8171], [9.3159, 48.817], [9.3163, 48.8167]], [[9.3163, 48.8167], [9.3168, 48.8164], [9.3171, 48.8163], [9.3173, 48.8162], [9.3174, 48.8161], [9.3175, 48.8161], [9.3179, 48.8159]], [[9.3179, 48.8159], [9.318, 48.8159], [9.3184, 48.8158], [9.3188, 48.8156], [9.3191, 48.8155], [9.3193, 48.8155], [9.3195, 48.8155], [9.3198, 48.8154], [9.3201, 48.8153], [9.3206, 48.8153]], [[9.3206, 48.8153], [9.3207, 48.8152], [9.321, 48.8152], [9.3216, 48.8152]], [[9.3216, 48.8152], [9.3224, 48.8151], [9.323, 48.8151], [9.3233, 48.8151], [9.3235, 48.8151]], [[9.3235, 48.8151], [9.3262, 48.8149], [9.3284, 48.8147], [9.3304, 48.8146], [9.3314, 48.8146], [9.332, 48.8145], [9.3324, 48.8145], [9.3329, 48.8145], [9.3336, 48.8144], [9.3343, 48.8143], [9.3344, 48.8143], [9.335, 48.8142], [9.3352, 48.8142], [9.3356, 48.8141], [9.3359, 48.8141], [9.3364, 48.814], [9.337, 48.8139], [9.3377, 48.8137], [9.3404, 48.8132], [9.3412, 48.813], [9.3427, 48.8127], [9.3448, 48.8122], [9.3458, 48.812], [9.3468, 48.8118], [9.3469, 48.8118], [9.3475, 48.8117]], [[9.3475, 48.8117], [9.3478, 48.8117], [9.3482, 48.8117]], [[9.3482, 48.8117], [9.3485, 48.8117], [9.3491, 48.8116], [9.3497, 48.8116], [9.3504, 48.8117], [9.3508, 48.8117], [9.3513, 48.8117], [9.3519, 48.8118]], [[9.3519, 48.8118], [9.352, 48.8118], [9.3524, 48.8119], [9.3528, 48.812], [9.3529, 48.812], [9.353, 48.812], [9.3538, 48.8122], [9.3546, 48.8124], [9.3548, 48.8124]], [[9.3548, 48.8124], [9.3555, 48.8126], [9.3573, 48.813], [9.3577, 48.8131], [9.358, 48.8132], [9.3592, 48.8134], [9.3598, 48.8136], [9.36, 48.8136], [9.3604, 48.8137], [9.3608, 48.8138], [9.3613, 48.8138], [9.3617, 48.8139], [9.362, 48.8139], [9.3623, 48.8139], [9.3628, 48.814], [9.3634, 48.814], [9.364, 48.814], [9.3641, 48.814], [9.3646, 48.8139], [9.3652, 48.8139], [9.3656, 48.8138], [9.3665, 48.8137]], [[9.3665, 48.8137], [9.3673, 48.8136]], [[9.3673, 48.8136], [9.3675, 48.8136]], [[9.3675, 48.8136], [9.3681, 48.8135], [9.3684, 48.8134], [9.3687, 48.8134], [9.3692, 48.8133], [9.3698, 48.8133]], [[9.3698, 48.8133], [9.3703, 48.8132], [9.3706, 48.8131], [9.3708, 48.8131], [9.3709, 48.8131]], [[9.3709, 48.8131], [9.3714, 48.813], [9.372, 48.8129], [9.3721, 48.8129], [9.3725, 48.8129], [9.3728, 48.8128], [9.3736, 48.8127], [9.374, 48.8126], [9.3745, 48.8126], [9.3754, 48.8124], [9.3758, 48.8123], [9.3761, 48.8122], [9.3771, 48.812]], [[9.3771, 48.812], [9.3772, 48.812], [9.3773, 48.812], [9.3784, 48.8118], [9.3785, 48.8118], [9.3786, 48.8117]], [[9.3786, 48.8117], [9.379, 48.8117]], [[9.38, 48.8115], [9.3836, 48.8107], [9.3837, 48.8107], [9.3856, 48.8104], [9.3866, 48.8102], [9.387, 48.8101], [9.3883, 48.8098]], [[9.3883, 48.8098], [9.3889, 48.8097], [9.3895, 48.8097], [9.3907, 48.8095], [9.3916, 48.8095], [9.3918, 48.8095], [9.3923, 48.8095], [9.3934, 48.8095], [9.3946, 48.8095], [9.3947, 48.8095], [9.3953, 48.8095], [9.396, 48.8096], [9.3968, 48.8097], [9.3975, 48.8098], [9.3979, 48.8099], [9.3982, 48.8099], [9.3996, 48.8102], [9.401, 48.8104], [9.4027, 48.8107], [9.4041, 48.8109], [9.4046, 48.811], [9.4051, 48.8111], [9.4064, 48.8112], [9.4073, 48.8113], [9.4076, 48.8113], [9.4082, 48.8114]], [[9.4082, 48.8114], [9.4091, 48.8114], [9.4105, 48.8114], [9.4107, 48.8114], [9.4116, 48.8113], [9.4126, 48.8113], [9.4131, 48.8112], [9.4138, 48.8111], [9.4144, 48.8111], [9.4154, 48.8109], [9.4163, 48.8108], [9.4169, 48.8107]], [[9.4169, 48.8107], [9.4181, 48.8106], [9.4184, 48.8105], [9.4186, 48.8105], [9.4194, 48.8104], [9.4203, 48.8102], [9.421, 48.8101], [9.4214, 48.8101], [9.4233, 48.8099]], [[9.4233, 48.8099], [9.4238, 48.8098]], [[9.4238, 48.8098], [9.425, 48.8097], [9.4253, 48.8096], [9.4255, 48.8096], [9.4257, 48.8095], [9.4261, 48.8094], [9.4267, 48.8093], [9.4273, 48.8091], [9.4281, 48.8089], [9.4287, 48.8087], [9.4291, 48.8086], [9.4297, 48.8084], [9.4306, 48.8081]], [[9.4306, 48.8081], [9.4306, 48.808]], [[9.4306, 48.808], [9.4307, 48.808]], [[9.4307, 48.808], [9.4311, 48.8079], [9.4313, 48.8078], [9.433, 48.8072], [9.4333, 48.8071], [9.4336, 48.807], [9.4345, 48.8067], [9.4355, 48.8064], [9.4358, 48.8063], [9.4362, 48.8061], [9.4367, 48.806], [9.4377, 48.8057], [9.4383, 48.8056], [9.4389, 48.8054], [9.4396, 48.8052], [9.4399, 48.8052], [9.4406, 48.805], [9.4408, 48.805], [9.441, 48.8049], [9.4413, 48.8048], [9.4428, 48.8046], [9.4437, 48.8044], [9.4456, 48.8041], [9.446, 48.8041], [9.4472, 48.8039], [9.4492, 48.8036], [9.4498, 48.8035], [9.4541, 48.803], [9.4543, 48.8029], [9.455, 48.8028], [9.4567, 48.8025], [9.4572, 48.8024], [9.4598, 48.8019], [9.4611, 48.8016], [9.4622, 48.8014], [9.463, 48.8012], [9.4641, 48.801], [9.4652, 48.8008], [9.4672, 48.8004], [9.4674, 48.8003], [9.4701, 48.7998], [9.4702, 48.7998], [9.4717, 48.7995], [9.4722, 48.7994], [9.4728, 48.7993]], [[9.4731, 48.7992], [9.4748, 48.7989], [9.4758, 48.7987]], [[9.4758, 48.7987], [9.4764, 48.7985], [9.4765, 48.7985], [9.4773, 48.7984], [9.478, 48.7983], [9.4783, 48.7983], [9.4787, 48.7983], [9.4792, 48.7983]], [[9.4794, 48.7983], [9.4799, 48.7983], [9.4801, 48.7983], [9.4806, 48.7983], [9.4811, 48.7984], [9.482, 48.7985], [9.4824, 48.7985], [9.4826, 48.7985], [9.483, 48.7985], [9.4831, 48.7986], [9.4833, 48.7986], [9.4834, 48.7986]], [[9.4834, 48.7986], [9.4851, 48.7987], [9.4857, 48.7988], [9.4876, 48.799], [9.4882, 48.799], [9.4884, 48.7991], [9.4899, 48.7992], [9.4906, 48.7993]], [[9.4909, 48.7993], [9.492, 48.7994], [9.4926, 48.7994], [9.4942, 48.7996], [9.4959, 48.7998], [9.4973, 48.7999], [9.4995, 48.8001], [9.5003, 48.8002]], [[9.5003, 48.8002], [9.5007, 48.8002]], [[9.5007, 48.8002], [9.502, 48.8003], [9.5022, 48.8004], [9.5026, 48.8004], [9.5027, 48.8004], [9.5036, 48.8005], [9.5043, 48.8006], [9.5052, 48.8006]], [[9.5052, 48.8006], [9.5077, 48.8009], [9.5087, 48.801]], [[9.5087, 48.801], [9.5091, 48.801]], [[9.5091, 48.801], [9.5109, 48.8012], [9.5116, 48.8013], [9.5117, 48.8013], [9.5119, 48.8013], [9.5123, 48.8013], [9.5128, 48.8014], [9.5129, 48.8014], [9.513, 48.8014], [9.5131, 48.8014], [9.5135, 48.8015], [9.514, 48.8016], [9.5142, 48.8017], [9.5146, 48.8019], [9.5151, 48.802]], [[9.5151, 48.802], [9.5153, 48.8021], [9.5154, 48.8022], [9.5171, 48.8028], [9.5176, 48.803], [9.518, 48.8031], [9.5181, 48.8032], [9.5183, 48.8033], [9.5185, 48.8034], [9.5187, 48.8035], [9.5188, 48.8036], [9.519, 48.8037], [9.5193, 48.8039], [9.5196, 48.8041]], [[9.5196, 48.8041], [9.5197, 48.8042], [9.5198, 48.8043], [9.5199, 48.8044], [9.5204, 48.8047]]]}, "properties": {"ref": "S2", "opened_year": 1978, "is_tunnel": false, "segment_count": 296}}, {"type": "Feature", "geometry": {"type": "MultiLineString", "coordinates": [[[9.181, 48.7843], [9.1811, 48.7843], [9.1808, 48.7839], [9.1804, 48.7835], [9.1803, 48.7833], [9.1802, 48.7832], [9.18, 48.783], [9.1796, 48.7826], [9.1795, 48.7826], [9.1795, 48.7827], [9.1796, 48.7828], [9.1798, 48.783], [9.1801, 48.7833], [9.1802, 48.7834], [9.1803, 48.7835], [9.1807, 48.7839], [9.1807, 48.784], [9.181, 48.7843]], [[9.1721, 48.7754], [9.1721, 48.7755], [9.172, 48.7755], [9.1737, 48.777], [9.1738, 48.777], [9.1739, 48.7769], [9.1722, 48.7754], [9.1721, 48.7754]], [[9.2075, 48.8005], [9.2035, 48.7986]], [[9.1955, 48.794], [9.1941, 48.7934]], [[9.1935, 48.793], [9.193, 48.7928], [9.1922, 48.7924], [9.1919, 48.7922]], [[9.1847, 48.7879], [9.1842, 48.7875]], [[9.1842, 48.7875], [9.184, 48.7873], [9.184, 48.7872], [9.183, 48.7861], [9.1829, 48.7861], [9.1829, 48.786], [9.1827, 48.7858], [9.1823, 48.7854], [9.182, 48.7851], [9.1819, 48.7851], [9.1818, 48.785], [9.1814, 48.7847]], [[9.1814, 48.7847], [9.1813, 48.7845], [9.181, 48.7844], [9.181, 48.7843]], [[9.181, 48.7843], [9.1807, 48.784], [9.1805, 48.7838], [9.1802, 48.7835], [9.18, 48.7832], [9.1797, 48.783], [9.1795, 48.7827], [9.1795, 48.7826], [9.179, 48.7821], [9.1787, 48.7817], [9.1777, 48.7806], [9.1776, 48.7805], [9.1767, 48.7797], [9.1764, 48.7794], [9.1763, 48.7792], [9.1757, 48.7787], [9.1755, 48.7785], [9.1753, 48.7783], [9.175, 48.7781], [9.1742, 48.7774], [9.1738, 48.7771], [9.1737, 48.777], [9.1733, 48.7767], [9.1731, 48.7765], [9.173, 48.7764], [9.1729, 48.7763], [9.1726, 48.776], [9.1723, 48.7758], [9.172, 48.7755], [9.1712, 48.7748], [9.1707, 48.7744], [9.1706, 48.7743], [9.17, 48.774], [9.1697, 48.7738], [9.1693, 48.7736], [9.1679, 48.7732], [9.1675, 48.7731], [9.1671, 48.773]], [[9.1671, 48.773], [9.1658, 48.7726], [9.1654, 48.7726], [9.1647, 48.7723], [9.1643, 48.7722], [9.1642, 48.7722]], [[9.1642, 48.7722], [9.163, 48.7718], [9.1626, 48.7717], [9.1601, 48.7711], [9.1597, 48.771], [9.1592, 48.7709], [9.1591, 48.7709], [9.1588, 48.7708]], [[9.1588, 48.7708], [9.1583, 48.7707], [9.1579, 48.7706], [9.1577, 48.7705]], [[9.1577, 48.7705], [9.1572, 48.7704], [9.1571, 48.7704], [9.1569, 48.7703]], [[9.1569, 48.7703], [9.1557, 48.77], [9.1551, 48.7698], [9.1543, 48.7696]], [[9.1543, 48.7696], [9.1542, 48.7696], [9.1539, 48.7695], [9.1537, 48.7695], [9.1536, 48.7695]], [[9.1536, 48.7695], [9.1523, 48.7692], [9.1521, 48.7692], [9.1511, 48.7689], [9.1505, 48.7688], [9.1498, 48.7686]], [[9.1498, 48.7686], [9.1497, 48.7686], [9.1495, 48.7685], [9.1486, 48.7682], [9.1479, 48.768], [9.1474, 48.7678], [9.1472, 48.7677], [9.1462, 48.7673], [9.1452, 48.767]], [[9.1452, 48.767], [9.145, 48.7669], [9.1438, 48.7664], [9.143, 48.7661]], [[9.143, 48.7661], [9.1415, 48.7655], [9.1403, 48.7651], [9.1392, 48.7646], [9.1389, 48.7645], [9.138, 48.7641], [9.1368, 48.7637], [9.1358, 48.7633], [9.1357, 48.7632], [9.1355, 48.7632], [9.1345, 48.7628], [9.1333, 48.7623], [9.1321, 48.7619], [9.131, 48.7614], [9.1298, 48.7609], [9.1289, 48.7606], [9.1287, 48.7605], [9.1275, 48.76], [9.1263, 48.7595], [9.1252, 48.7591], [9.1246, 48.7589], [9.1244, 48.7588], [9.124, 48.7586], [9.1232, 48.7583], [9.1228, 48.7582], [9.1217, 48.7577], [9.1205, 48.7572], [9.1194, 48.7568], [9.1193, 48.7568], [9.1174, 48.7561], [9.1169, 48.7559], [9.1158, 48.7554], [9.1146, 48.755], [9.1136, 48.7546], [9.1124, 48.7541], [9.11, 48.7532], [9.1089, 48.7527], [9.1087, 48.7527]], [[9.1087, 48.7527], [9.1077, 48.7523], [9.1076, 48.7522], [9.1066, 48.7517]], [[9.1066, 48.7517], [9.1054, 48.7506], [9.1053, 48.7504], [9.1051, 48.7501], [9.1048, 48.7493], [9.1047, 48.7492], [9.1047, 48.7488], [9.1046, 48.7484], [9.1046, 48.7483], [9.1047, 48.7479], [9.1048, 48.7474], [9.1051, 48.7465], [9.1052, 48.7461], [9.1053, 48.746]], [[9.1053, 48.746], [9.1053, 48.7459], [9.1054, 48.7458], [9.1055, 48.7456], [9.1057, 48.7453], [9.106, 48.7449], [9.1061, 48.7448], [9.1064, 48.7444], [9.1067, 48.7441]], [[9.1067, 48.7441], [9.1074, 48.7435], [9.1082, 48.7428], [9.1084, 48.7426], [9.109, 48.7422], [9.1094, 48.7419], [9.1098, 48.7416], [9.1103, 48.7414], [9.1109, 48.7411], [9.1119, 48.7407], [9.1127, 48.7403], [9.1131, 48.7402], [9.1134, 48.74], [9.1136, 48.7399]], [[9.1103, 48.7141], [9.1103, 48.714], [9.1104, 48.7139], [9.1104, 48.7137]], [[9.1399, 48.7018], [9.14, 48.7018], [9.1401, 48.7017], [9.1402, 48.7016], [9.1404, 48.7016], [9.1405, 48.7015], [9.1406, 48.7014]], [[9.1605, 48.6924], [9.1618, 48.6924], [9.1633, 48.6924], [9.1653, 48.6924], [9.1662, 48.6924], [9.1671, 48.6924], [9.1678, 48.6923], [9.1679, 48.6923]], [[9.1679, 48.6923], [9.1688, 48.6922]], [[9.1701, 48.6919], [9.1707, 48.6919]], [[9.1707, 48.6919], [9.1715, 48.6918]], [[9.1738, 48.6915], [9.1746, 48.6914]], [[9.1768, 48.6912], [9.1781, 48.6911], [9.1782, 48.6911]], [[9.1847, 48.69], [9.1852, 48.6899], [9.1856, 48.6899], [9.1859, 48.6898], [9.1861, 48.6898], [9.187, 48.6898], [9.1874, 48.6899], [9.188, 48.6899]], [[9.188, 48.6899], [9.1887, 48.69], [9.191, 48.6902], [9.1911, 48.6902]], [[9.1911, 48.6902], [9.1913, 48.6902], [9.1918, 48.6903], [9.1921, 48.6903], [9.1924, 48.6904], [9.1926, 48.6904], [9.1927, 48.6905], [9.1929, 48.6905]], [[9.1929, 48.6905], [9.193, 48.6905], [9.1937, 48.6907], [9.1939, 48.6907], [9.1941, 48.6907], [9.1942, 48.6908], [9.1944, 48.6908], [9.1946, 48.6909], [9.1948, 48.6909], [9.1949, 48.6909], [9.1952, 48.691], [9.1954, 48.691], [9.1966, 48.6913]], [[9.1966, 48.6913], [9.1986, 48.6916], [9.1991, 48.6917], [9.1996, 48.6918], [9.2004, 48.692], [9.2009, 48.692], [9.2013, 48.692], [9.2017, 48.692], [9.2021, 48.692], [9.2025, 48.692], [9.2029, 48.6919], [9.2032, 48.6919], [9.2038, 48.6917], [9.2043, 48.6915], [9.2048, 48.6913], [9.2054, 48.691], [9.2058, 48.6907], [9.2062, 48.6903], [9.2065, 48.6898], [9.2067, 48.6894], [9.2069, 48.689], [9.2069, 48.6885], [9.2069, 48.6881], [9.2066, 48.6868], [9.2065, 48.6859], [9.2057, 48.6823], [9.2056, 48.6819], [9.2056, 48.6814], [9.2056, 48.681], [9.2057, 48.6805], [9.2058, 48.6801], [9.206, 48.6796], [9.2063, 48.6792], [9.2066, 48.6788], [9.207, 48.6785], [9.2075, 48.6781], [9.2079, 48.6779], [9.2082, 48.6777], [9.2084, 48.6776], [9.2088, 48.6774], [9.2091, 48.6773], [9.2097, 48.6771], [9.2098, 48.6771], [9.2103, 48.677], [9.211, 48.6768], [9.2118, 48.6768], [9.2135, 48.6766], [9.2146, 48.6765], [9.2154, 48.6764], [9.216, 48.6764]], [[9.216, 48.6764], [9.2165, 48.6764], [9.2166, 48.6764], [9.2167, 48.6763], [9.2171, 48.6763], [9.2173, 48.6764], [9.2175, 48.6764]], [[9.2175, 48.6765], [9.2173, 48.6764], [9.2172, 48.6764], [9.2171, 48.6764], [9.2169, 48.6764], [9.2166, 48.6764], [9.2165, 48.6764], [9.216, 48.6764]], [[9.1966, 48.6913], [9.1957, 48.6911], [9.1947, 48.691], [9.1946, 48.6909], [9.1943, 48.6909], [9.1941, 48.6909], [9.1939, 48.6908], [9.1936, 48.6908], [9.1929, 48.6906], [9.1927, 48.6906]], [[9.1927, 48.6906], [9.1924, 48.6905], [9.1922, 48.6905]], [[9.1922, 48.6905], [9.192, 48.6904], [9.1916, 48.6904], [9.1912, 48.6903], [9.1911, 48.6903], [9.1906, 48.6902], [9.19, 48.6901], [9.1894, 48.6901], [9.189, 48.69]], [[9.189, 48.69], [9.1874, 48.6899], [9.1868, 48.6899], [9.1861, 48.6899], [9.1859, 48.6899], [9.1856, 48.6899], [9.1852, 48.6899], [9.185, 48.69], [9.1847, 48.69]], [[9.1782, 48.6911], [9.1781, 48.6912], [9.1768, 48.6913]], [[9.1746, 48.6915], [9.1738, 48.6916]], [[9.1716, 48.6919], [9.1707, 48.692]], [[9.1688, 48.6923], [9.1684, 48.6923], [9.1683, 48.6924], [9.1681, 48.6924]], [[9.1678, 48.6924], [9.1671, 48.6924], [9.1662, 48.6925], [9.1654, 48.6924], [9.1633, 48.6924], [9.1618, 48.6924], [9.1605, 48.6924]], [[9.1406, 48.7014], [9.1405, 48.7015], [9.1404, 48.7016], [9.1403, 48.7017], [9.1401, 48.7018], [9.14, 48.7018], [9.1399, 48.7019]], [[9.1105, 48.7137], [9.1104, 48.7139], [9.1104, 48.714], [9.1104, 48.7141]], [[9.1136, 48.7399], [9.1131, 48.7402], [9.1128, 48.7404], [9.1127, 48.7404], [9.112, 48.7407], [9.111, 48.7412], [9.1104, 48.7414], [9.1094, 48.7419], [9.109, 48.7422], [9.1085, 48.7427], [9.1083, 48.7428], [9.1075, 48.7435], [9.1068, 48.7441], [9.1067, 48.7442]], [[9.1067, 48.7442], [9.1065, 48.7445], [9.1064, 48.7445], [9.1061, 48.7448], [9.1061, 48.7449], [9.1058, 48.7453], [9.1055, 48.7457], [9.1055, 48.7458], [9.1054, 48.7459], [9.1053, 48.7461]], [[9.1053, 48.7461], [9.1052, 48.7465], [9.1049, 48.7474], [9.1048, 48.7479], [9.1048, 48.7483], [9.1048, 48.7484], [9.1048, 48.7488], [9.1049, 48.7492], [9.1053, 48.7501], [9.1055, 48.7504], [9.1067, 48.7516], [9.1077, 48.7521], [9.1078, 48.7522], [9.1088, 48.7526], [9.1089, 48.7526], [9.1101, 48.7531], [9.1125, 48.754], [9.1136, 48.7545], [9.1147, 48.7549], [9.115, 48.755], [9.1159, 48.7553], [9.117, 48.7558], [9.1184, 48.7564], [9.1194, 48.7567], [9.1205, 48.7572], [9.1217, 48.7576], [9.1229, 48.7581], [9.1232, 48.7582], [9.1235, 48.7584], [9.1241, 48.7586], [9.1252, 48.759], [9.126, 48.7593], [9.1264, 48.7595], [9.1276, 48.7599], [9.1288, 48.7604], [9.129, 48.7604], [9.1299, 48.7608], [9.1311, 48.7612], [9.1323, 48.7617], [9.1335, 48.7622], [9.1346, 48.7626], [9.1356, 48.763], [9.1358, 48.7631], [9.1359, 48.7631], [9.137, 48.7635], [9.1381, 48.764]], [[9.1381, 48.764], [9.1393, 48.7644], [9.1405, 48.7649], [9.1416, 48.7653], [9.1431, 48.7659]], [[9.1431, 48.7659], [9.144, 48.7663], [9.1452, 48.7667], [9.1463, 48.7672], [9.1474, 48.7675], [9.1476, 48.7676], [9.1481, 48.7678], [9.1488, 48.7679], [9.1499, 48.7683], [9.15, 48.7683], [9.1507, 48.7685], [9.1513, 48.7686], [9.1522, 48.7689], [9.1525, 48.769], [9.1537, 48.7694], [9.1538, 48.7694], [9.1539, 48.7694]], [[9.1539, 48.7694], [9.1543, 48.7695]], [[9.1543, 48.7695], [9.1544, 48.7695], [9.1551, 48.7697], [9.1552, 48.7697]], [[9.1552, 48.7697], [9.1557, 48.7699], [9.157, 48.7702]], [[9.157, 48.7702], [9.1578, 48.7704]], [[9.1578, 48.7704], [9.158, 48.7705], [9.1584, 48.7706], [9.1592, 48.7708], [9.1599, 48.771], [9.1605, 48.7712], [9.1626, 48.7717], [9.163, 48.7718], [9.1637, 48.772], [9.1639, 48.772], [9.1643, 48.7721]], [[9.1643, 48.7721], [9.1655, 48.7725], [9.1658, 48.7725], [9.1671, 48.7729], [9.1672, 48.7729]], [[9.1672, 48.7729], [9.1679, 48.7732], [9.1684, 48.7733], [9.1693, 48.7736], [9.1697, 48.7737], [9.1701, 48.7739], [9.1706, 48.7743], [9.1708, 48.7744], [9.1712, 48.7747], [9.1714, 48.7748], [9.172, 48.7753], [9.1722, 48.7754], [9.1723, 48.7756], [9.1727, 48.7759], [9.173, 48.7762], [9.1731, 48.7762], [9.1733, 48.7764], [9.1733, 48.7765], [9.1739, 48.7769], [9.174, 48.777], [9.1756, 48.7785], [9.1757, 48.7787], [9.176, 48.7789], [9.1767, 48.7796], [9.1777, 48.7805], [9.1778, 48.7806], [9.1786, 48.7815], [9.1789, 48.7818], [9.1791, 48.782], [9.1796, 48.7826], [9.1797, 48.7826], [9.1799, 48.7829], [9.1802, 48.7832], [9.1804, 48.7834], [9.1806, 48.7837], [9.1809, 48.784], [9.1811, 48.7842], [9.1811, 48.7843]], [[9.1811, 48.7843], [9.1823, 48.7853], [9.1825, 48.7856], [9.1826, 48.7857], [9.1828, 48.7859], [9.1841, 48.7872], [9.1843, 48.7875]], [[9.1843, 48.7875], [9.1848, 48.7879]], [[9.1901, 48.7913], [9.1902, 48.7913]], [[9.1902, 48.7913], [9.1911, 48.7918], [9.1912, 48.7918], [9.1913, 48.7919], [9.1917, 48.7921], [9.1918, 48.7921], [9.1919, 48.7922]], [[9.1919, 48.7922], [9.1922, 48.7924], [9.1926, 48.7925], [9.193, 48.7927], [9.1934, 48.7929], [9.1935, 48.793]], [[9.1942, 48.7933], [9.1955, 48.794]], [[9.2036, 48.7986], [9.2075, 48.8004]]]}, "properties": {"ref": "S2", "opened_year": 1978, "is_tunnel": true, "segment_count": 68}}, {"type": "Feature", "geometry": {"type": "MultiLineString", "coordinates": [[[9.4249, 48.9424], [9.4245, 48.9423], [9.4242, 48.9422], [9.4234, 48.942], [9.4241, 48.9422], [9.4244, 48.9422], [9.4249, 48.9423], [9.4253, 48.9424], [9.4259, 48.9425], [9.4261, 48.9425], [9.4262, 48.9425], [9.4263, 48.9426], [9.4266, 48.9426], [9.4273, 48.9427], [9.4282, 48.9429], [9.4281, 48.943], [9.4279, 48.9429], [9.4266, 48.9427], [9.4263, 48.9426], [9.4261, 48.9426], [9.426, 48.9426], [9.4259, 48.9426], [9.4253, 48.9425], [9.4249, 48.9424]], [[9.4187, 48.9264], [9.4191, 48.9263], [9.4193, 48.9263], [9.4196, 48.9262], [9.4197, 48.9262], [9.4198, 48.9261], [9.4199, 48.9261], [9.4202, 48.926], [9.4204, 48.926], [9.4207, 48.9259], [9.4209, 48.9258], [9.4211, 48.9257], [9.4213, 48.9257], [9.4213, 48.9256], [9.4211, 48.9257], [9.4209, 48.9258], [9.4207, 48.9259], [9.4204, 48.9259], [9.4203, 48.926], [9.4202, 48.926], [9.4201, 48.926], [9.4199, 48.9261], [9.4197, 48.9261], [9.4196, 48.9261], [9.4196, 48.9262], [9.4195, 48.9262], [9.4194, 48.9262], [9.4192, 48.9262], [9.4191, 48.9263], [9.4187, 48.9264]], [[9.4161, 48.9042], [9.4158, 48.9038], [9.4155, 48.9036], [9.4155, 48.9035], [9.4154, 48.9035], [9.4152, 48.9033], [9.4151, 48.9032], [9.4151, 48.9031], [9.415, 48.9031], [9.4147, 48.9027], [9.4146, 48.9027], [9.4146, 48.9026], [9.415, 48.903], [9.4151, 48.9031], [9.4152, 48.9032], [9.4155, 48.9035], [9.4161, 48.9042]], [[9.3532, 48.868], [9.3536, 48.8681], [9.3543, 48.8683], [9.3548, 48.8684], [9.3552, 48.8685], [9.3553, 48.8685], [9.3555, 48.8686], [9.3557, 48.8686], [9.3559, 48.8686], [9.3559, 48.8687], [9.3557, 48.8686], [9.3555, 48.8686], [9.3553, 48.8685], [9.3552, 48.8685], [9.355, 48.8685], [9.3548, 48.8684], [9.3547, 48.8684], [9.3544, 48.8683], [9.3543, 48.8683], [9.3536, 48.8681], [9.3532, 48.868]], [[9.3235, 48.8589], [9.3236, 48.8588], [9.3244, 48.8592], [9.3245, 48.8592], [9.3246, 48.8593], [9.3247, 48.8593], [9.3248, 48.8594], [9.3253, 48.8596], [9.326, 48.8599], [9.3259, 48.8599], [9.3259, 48.86], [9.3253, 48.8597], [9.3247, 48.8594], [9.3246, 48.8594], [9.3245, 48.8593], [9.3244, 48.8593], [9.3235, 48.8589]], [[9.3011, 48.8271], [9.3009, 48.8269], [9.3007, 48.8268], [9.3005, 48.8267], [9.3003, 48.8266], [9.3002, 48.8266], [9.3001, 48.8265], [9.2999, 48.8264], [9.2996, 48.8263], [9.2994, 48.8262], [9.2991, 48.8261], [9.2988, 48.826], [9.2985, 48.826], [9.2982, 48.8259], [9.2978, 48.8258], [9.2978, 48.8259], [9.2982, 48.8259], [9.2985, 48.826], [9.2986, 48.826], [9.2988, 48.8261], [9.299, 48.8261], [9.2991, 48.8262], [9.2993, 48.8262], [9.2994, 48.8262], [9.2996, 48.8263], [9.2998, 48.8264], [9.2999, 48.8265], [9.3001, 48.8266], [9.3001, 48.8265], [9.3002, 48.8266], [9.3003, 48.8266], [9.3003, 48.8267], [9.3005, 48.8268], [9.3005, 48.8267], [9.3008, 48.8269], [9.3009, 48.827], [9.3011, 48.8271], [9.3012, 48.8272], [9.3014, 48.8273], [9.3013, 48.8272], [9.3011, 48.8271]], [[9.2498, 48.8156], [9.2496, 48.8155], [9.2477, 48.8152], [9.2473, 48.8151], [9.2472, 48.8151], [9.247, 48.815], [9.2469, 48.815], [9.2469, 48.8151], [9.2472, 48.8151], [9.2473, 48.8151], [9.2495, 48.8155], [9.2496, 48.8155], [9.2496, 48.8156], [9.2498, 48.8156]], [[9.2335, 48.8072], [9.2333, 48.8074], [9.2336, 48.8071], [9.2338, 48.8069], [9.2339, 48.8068], [9.2341, 48.8067], [9.2343, 48.8066], [9.2344, 48.8065], [9.2348, 48.8063], [9.2352, 48.806], [9.2353, 48.806], [9.2348, 48.8063], [9.2345, 48.8065], [9.2344, 48.8065], [9.2343, 48.8066], [9.2342, 48.8067], [9.234, 48.8068], [9.2339, 48.8069], [9.2336, 48.8071], [9.2335, 48.8072]], [[9.1551, 48.7698], [9.1553, 48.7698], [9.1563, 48.7701], [9.1564, 48.7701], [9.1576, 48.7704], [9.1577, 48.7704], [9.1577, 48.7705], [9.1576, 48.7705], [9.1575, 48.7704], [9.1573, 48.7704], [9.1569, 48.7703], [9.1568, 48.7703], [9.1561, 48.7701], [9.1554, 48.7699], [9.1553, 48.7699], [9.1551, 48.7698]], [[9.1053, 48.7459], [9.1054, 48.7458], [9.1055, 48.7456], [9.1057, 48.7453], [9.106, 48.7449], [9.1061, 48.7448], [9.1064, 48.7444], [9.1063, 48.7444], [9.1062, 48.7445], [9.1062, 48.7446], [9.106, 48.7447], [9.1059, 48.7448], [9.1056, 48.7453], [9.1053, 48.7457], [9.1053, 48.7458], [9.1053, 48.7459]], [[9.1157, 48.7384], [9.1157, 48.7383], [9.1176, 48.7369], [9.1176, 48.7368], [9.1175, 48.7369], [9.1157, 48.7383], [9.1156, 48.7383], [9.1157, 48.7384]], [[9.1283, 48.7043], [9.1281, 48.7045], [9.1279, 48.7046], [9.1271, 48.7054], [9.127, 48.7053], [9.127, 48.7054], [9.1269, 48.7055], [9.1268, 48.7057], [9.1266, 48.7058], [9.1267, 48.7058], [9.1268, 48.7057], [9.1271, 48.7054], [9.1275, 48.705], [9.1279, 48.7046], [9.1281, 48.7045], [9.1283, 48.7043], [9.1284, 48.7043], [9.1283, 48.7043]], [[9.1431, 48.6955], [9.1431, 48.6957], [9.143, 48.6957], [9.1429, 48.6957], [9.1429, 48.6958], [9.143, 48.6958], [9.1428, 48.6962], [9.1427, 48.6965], [9.1426, 48.6969], [9.1425, 48.697], [9.1424, 48.6971], [9.1424, 48.6972], [9.1424, 48.6973], [9.1423, 48.6974], [9.1424, 48.6974], [9.1424, 48.6973], [9.1424, 48.6974], [9.1425, 48.6973], [9.1425, 48.6971], [9.1428, 48.6965], [9.1428, 48.6963], [9.1429, 48.6962], [9.143, 48.6958], [9.1431, 48.6957], [9.1431, 48.6955]], [[9.1688, 48.6923], [9.1698, 48.6921], [9.1701, 48.6921], [9.1707, 48.692], [9.1707, 48.6919], [9.1701, 48.692], [9.1698, 48.692], [9.1688, 48.6922], [9.1687, 48.6922], [9.1685, 48.6922], [9.1681, 48.6923], [9.168, 48.6923], [9.168, 48.6924], [9.1681, 48.6924], [9.1685, 48.6923], [9.1687, 48.6923], [9.1688, 48.6923]], [[9.4233, 48.942], [9.4234, 48.942], [9.4235, 48.942], [9.4243, 48.9422], [9.4251, 48.9423], [9.4254, 48.9424], [9.4261, 48.9425]], [[9.4221, 48.9416], [9.4224, 48.9417], [9.4226, 48.9418], [9.4233, 48.942]], [[9.4212, 48.9413], [9.4214, 48.9414], [9.4221, 48.9416]], [[9.4201, 48.9409], [9.4203, 48.941], [9.4205, 48.941], [9.4208, 48.9412], [9.421, 48.9412], [9.4212, 48.9413]], [[9.4201, 48.9409], [9.4199, 48.9407], [9.4196, 48.9406], [9.4191, 48.9403], [9.4183, 48.9399]], [[9.4183, 48.9399], [9.4181, 48.9398], [9.4176, 48.9394]], [[9.4176, 48.9394], [9.4175, 48.9394], [9.4174, 48.9394], [9.4174, 48.9393], [9.4172, 48.9392], [9.417, 48.9391]], [[9.417, 48.9391], [9.4156, 48.9382], [9.415, 48.9379], [9.4141, 48.9374], [9.4137, 48.9372], [9.4134, 48.9369], [9.4133, 48.9369], [9.4129, 48.9366], [9.4125, 48.9363], [9.4123, 48.9361], [9.4121, 48.9359], [9.412, 48.9357], [9.4118, 48.9353], [9.4116, 48.935], [9.4115, 48.9348], [9.4115, 48.9346], [9.4114, 48.9343], [9.4114, 48.9342], [9.4114, 48.9341], [9.4114, 48.9339], [9.4114, 48.9337], [9.4114, 48.9336], [9.4114, 48.9333], [9.4114, 48.933], [9.4116, 48.9326], [9.4117, 48.9324], [9.4118, 48.9322], [9.4119, 48.9321], [9.4128, 48.9307], [9.4135, 48.9296], [9.4138, 48.9293], [9.4139, 48.9291], [9.4141, 48.9289], [9.4146, 48.9284], [9.4152, 48.9278], [9.4155, 48.9277], [9.4156, 48.9276], [9.4162, 48.9273], [9.4166, 48.9271], [9.4169, 48.927], [9.4171, 48.9269], [9.4176, 48.9267], [9.4179, 48.9266], [9.4185, 48.9265], [9.419, 48.9264], [9.4194, 48.9262], [9.4197, 48.9262], [9.42, 48.9261], [9.4202, 48.926], [9.4206, 48.9259], [9.4208, 48.9259], [9.4213, 48.9257], [9.4215, 48.9256], [9.4218, 48.9255], [9.4221, 48.9253], [9.4225, 48.9251], [9.4229, 48.9248]], [[9.4229, 48.9248], [9.4231, 48.9248], [9.4232, 48.9246]], [[9.4232, 48.9246], [9.4235, 48.9244]], [[9.4235, 48.9244], [9.4237, 48.9242]], [[9.4237, 48.9242], [9.424, 48.9239], [9.4242, 48.9236]], [[9.4242, 48.9236], [9.4245, 48.9231], [9.4247, 48.9226], [9.4247, 48.9222], [9.4247, 48.9217], [9.4247, 48.9214]], [[9.4247, 48.9214], [9.4247, 48.9209], [9.4246, 48.9202], [9.4243, 48.9181], [9.4241, 48.9165], [9.424, 48.9162], [9.424, 48.9159], [9.4237, 48.9137], [9.4235, 48.9128], [9.4234, 48.9127], [9.4232, 48.9121], [9.4229, 48.9116], [9.4229, 48.9115], [9.422, 48.9103], [9.4211, 48.9093], [9.4208, 48.909], [9.42, 48.9082], [9.42, 48.9081], [9.4182, 48.9063], [9.417, 48.9051], [9.4167, 48.9048], [9.4154, 48.9034], [9.4146, 48.9026], [9.4141, 48.902], [9.4113, 48.8991], [9.4108, 48.8986], [9.4092, 48.897], [9.4087, 48.8965], [9.4083, 48.8961], [9.4073, 48.8951], [9.4063, 48.894], [9.4057, 48.8934], [9.405, 48.8927], [9.4029, 48.8905], [9.4024, 48.8899], [9.4002, 48.8877], [9.3998, 48.8873], [9.3985, 48.886], [9.3978, 48.8853], [9.397, 48.8845], [9.3962, 48.8838], [9.3957, 48.8832]], [[9.3957, 48.8832], [9.3952, 48.8828]], [[9.3952, 48.8828], [9.3938, 48.8813], [9.3929, 48.8805], [9.3923, 48.8799], [9.3923, 48.8798]], [[9.3923, 48.8798], [9.3918, 48.8793], [9.3916, 48.8791], [9.3915, 48.8789], [9.3914, 48.8789], [9.3913, 48.8787], [9.3912, 48.8786], [9.3909, 48.8783], [9.3908, 48.8782], [9.3907, 48.878]], [[9.3907, 48.878], [9.3906, 48.878], [9.3904, 48.8778]], [[9.3904, 48.8778], [9.3902, 48.8777], [9.3899, 48.8775], [9.3897, 48.8773], [9.3894, 48.8772], [9.3893, 48.8771], [9.389, 48.8769], [9.3887, 48.8768], [9.3883, 48.8767], [9.3879, 48.8765], [9.3871, 48.8763], [9.386, 48.876], [9.3859, 48.876]], [[9.3859, 48.876], [9.3854, 48.8759], [9.3834, 48.8754], [9.3826, 48.8752], [9.3808, 48.8748], [9.3806, 48.8747], [9.3741, 48.8731], [9.3712, 48.8724], [9.3707, 48.8723], [9.3696, 48.872], [9.3666, 48.8713], [9.3636, 48.8705], [9.3625, 48.8702], [9.3617, 48.8701], [9.3613, 48.87]], [[9.3613, 48.87], [9.3608, 48.8698]], [[9.3608, 48.8698], [9.3603, 48.8697], [9.3589, 48.8694], [9.3578, 48.8691]], [[9.3578, 48.8691], [9.3575, 48.869], [9.357, 48.8689]], [[9.357, 48.8689], [9.3549, 48.8684], [9.3547, 48.8683], [9.3545, 48.8683], [9.354, 48.8682], [9.3532, 48.868], [9.3527, 48.8678]], [[9.3527, 48.8678], [9.3521, 48.8677], [9.3519, 48.8676], [9.3515, 48.8674], [9.3511, 48.8673], [9.3507, 48.8671], [9.3502, 48.8669], [9.3502, 48.8668], [9.3497, 48.8665], [9.3493, 48.8663], [9.3488, 48.8659], [9.3486, 48.8657], [9.3483, 48.8655]], [[9.3454, 48.8635], [9.345, 48.8633], [9.3446, 48.8631], [9.3443, 48.863], [9.344, 48.8629], [9.3436, 48.8628], [9.3433, 48.8627], [9.3428, 48.8626], [9.3424, 48.8625], [9.342, 48.8625], [9.3416, 48.8624], [9.3414, 48.8624], [9.3408, 48.8624], [9.3391, 48.8624], [9.3385, 48.8624], [9.3367, 48.8624], [9.3365, 48.8624], [9.3349, 48.8624], [9.3345, 48.8624], [9.3341, 48.8623], [9.3335, 48.8623], [9.333, 48.8622], [9.3326, 48.8622], [9.3322, 48.8621], [9.3317, 48.862], [9.3312, 48.8619], [9.3307, 48.8618], [9.3305, 48.8617], [9.3301, 48.8616], [9.3296, 48.8615], [9.3295, 48.8614], [9.3292, 48.8613], [9.329, 48.8612], [9.3287, 48.8611], [9.3285, 48.861]], [[9.3285, 48.861], [9.3284, 48.861]], [[9.3284, 48.861], [9.3282, 48.8609], [9.3274, 48.8605], [9.3265, 48.8601], [9.3261, 48.8599], [9.326, 48.8599], [9.3255, 48.8597], [9.3253, 48.8596], [9.3243, 48.8591], [9.3241, 48.859], [9.3236, 48.8588], [9.3225, 48.8583], [9.3217, 48.8579], [9.3215, 48.8579], [9.3207, 48.8575], [9.3204, 48.8574], [9.3196, 48.857], [9.3186, 48.8566], [9.3173, 48.856], [9.3163, 48.8555], [9.3157, 48.8552], [9.3151, 48.855], [9.3149, 48.8549]], [[9.3149, 48.8549], [9.3147, 48.8547], [9.3144, 48.8546], [9.3141, 48.8544], [9.3138, 48.8542], [9.3136, 48.854], [9.3135, 48.8538], [9.3133, 48.8536], [9.3131, 48.8534], [9.3129, 48.8533], [9.3128, 48.8531], [9.3126, 48.8527], [9.3125, 48.8524], [9.3125, 48.8523], [9.3124, 48.8521]], [[9.3124, 48.8521], [9.3124, 48.852], [9.3124, 48.8519]], [[9.3124, 48.8519], [9.3123, 48.8517], [9.3123, 48.8512], [9.3122, 48.8508], [9.3122, 48.8504], [9.3122, 48.8502], [9.3122, 48.8497]], [[9.3122, 48.8497], [9.312, 48.8483], [9.312, 48.8478], [9.3119, 48.8473], [9.3119, 48.8469], [9.3118, 48.8466], [9.3117, 48.8465], [9.3116, 48.8463], [9.3115, 48.8461], [9.3113, 48.8458], [9.3112, 48.8455], [9.3109, 48.8453], [9.3107, 48.845], [9.3102, 48.8444], [9.3097, 48.8439], [9.309, 48.8432], [9.3086, 48.8429], [9.3086, 48.8428], [9.3083, 48.8425], [9.308, 48.8422], [9.3079, 48.842], [9.3076, 48.8417], [9.3073, 48.8413], [9.3069, 48.8407], [9.3067, 48.8403], [9.3066, 48.8402], [9.3064, 48.8398], [9.3062, 48.8392], [9.306, 48.8386], [9.3053, 48.8364], [9.305, 48.8357]], [[9.305, 48.8357], [9.3049, 48.8354]], [[9.3049, 48.8354], [9.3048, 48.8351], [9.3046, 48.8344], [9.3043, 48.8336], [9.3041, 48.8331], [9.304, 48.8327], [9.304, 48.8325], [9.3039, 48.8325], [9.3037, 48.8318], [9.3036, 48.8313], [9.3032, 48.8304], [9.3032, 48.8302]], [[9.3032, 48.8302], [9.303, 48.8298]], [[9.303, 48.8298], [9.3028, 48.8293]], [[9.3028, 48.8293], [9.3027, 48.8289], [9.3026, 48.8287], [9.3024, 48.8283], [9.3021, 48.828], [9.3019, 48.8277], [9.3017, 48.8275], [9.3015, 48.8273]], [[9.3015, 48.8273], [9.3013, 48.8272], [9.3011, 48.827], [9.3009, 48.8269], [9.3006, 48.8267]], [[9.3006, 48.8267], [9.3004, 48.8266], [9.3002, 48.8265]], [[9.3002, 48.8265], [9.3, 48.8264], [9.2998, 48.8264], [9.2997, 48.8263], [9.2994, 48.8262], [9.2992, 48.8262], [9.299, 48.8261], [9.2988, 48.826], [9.2985, 48.826], [9.2981, 48.8259], [9.2978, 48.8258], [9.2977, 48.8258], [9.2975, 48.8258]], [[9.2975, 48.8258], [9.2974, 48.8257]], [[9.2974, 48.8257], [9.297, 48.8257], [9.2967, 48.8256], [9.2962, 48.8255]], [[9.2962, 48.8255], [9.2959, 48.8255]], [[9.2959, 48.8255], [9.2942, 48.8252]], [[9.2942, 48.8252], [9.2927, 48.825], [9.2924, 48.825], [9.2912, 48.8248]], [[9.2912, 48.8248], [9.291, 48.8248], [9.2909, 48.8248]], [[9.2909, 48.8248], [9.2901, 48.8247], [9.2889, 48.8245], [9.2884, 48.8245], [9.2864, 48.8242], [9.2851, 48.824], [9.2838, 48.8238], [9.2829, 48.8237], [9.2821, 48.8235], [9.2814, 48.8234], [9.2805, 48.8232], [9.2803, 48.8231], [9.2795, 48.8229]], [[9.2795, 48.8229], [9.2788, 48.8227], [9.2768, 48.8221]], [[9.2768, 48.8221], [9.2761, 48.8219], [9.2752, 48.8217]], [[9.2752, 48.8217], [9.274, 48.8213], [9.2732, 48.8211], [9.2718, 48.8207]], [[9.2718, 48.8207], [9.2715, 48.8207]], [[9.2715, 48.8207], [9.2709, 48.8205], [9.2705, 48.8204], [9.2702, 48.8203], [9.27, 48.8203], [9.2699, 48.8202], [9.2696, 48.8201], [9.2693, 48.82], [9.2689, 48.8199], [9.2685, 48.8198], [9.2671, 48.8193], [9.2661, 48.819], [9.2655, 48.8188], [9.2653, 48.8187], [9.2648, 48.8186], [9.2644, 48.8184], [9.2636, 48.8182], [9.2627, 48.818], [9.2619, 48.8178], [9.2611, 48.8177], [9.2599, 48.8174], [9.2591, 48.8173], [9.2587, 48.8172], [9.2586, 48.8172], [9.2583, 48.8171], [9.258, 48.8171], [9.2546, 48.8164], [9.252, 48.816], [9.2513, 48.8158], [9.2501, 48.8156]], [[9.2501, 48.8156], [9.2499, 48.8156], [9.2479, 48.8152], [9.2474, 48.8151], [9.2471, 48.815], [9.2468, 48.815]], [[9.2468, 48.815], [9.2461, 48.8148], [9.2457, 48.8148]], [[9.2457, 48.8148], [9.2456, 48.8148], [9.2455, 48.8147], [9.245, 48.8147], [9.2447, 48.8146], [9.2421, 48.8141], [9.2392, 48.8136], [9.2371, 48.8132], [9.2367, 48.8131], [9.2366, 48.8131], [9.2361, 48.813], [9.2357, 48.8129]], [[9.2357, 48.8129], [9.2355, 48.8128], [9.2352, 48.8127], [9.2349, 48.8126], [9.2346, 48.8125], [9.2344, 48.8124], [9.2342, 48.8123], [9.234, 48.8121], [9.2336, 48.8119], [9.2333, 48.8116], [9.2331, 48.8113], [9.2329, 48.8111], [9.2327, 48.8108], [9.2325, 48.8105], [9.2324, 48.8103], [9.2324, 48.8102], [9.2324, 48.8101], [9.2323, 48.8099], [9.2323, 48.8096], [9.2323, 48.8093], [9.2324, 48.8091], [9.2324, 48.8088], [9.2325, 48.8085], [9.2326, 48.8084], [9.2328, 48.808]], [[9.2328, 48.808], [9.2329, 48.8079]], [[9.2329, 48.8079], [9.2332, 48.8076]], [[9.2332, 48.8076], [9.2334, 48.8073], [9.2336, 48.8072], [9.2337, 48.8071], [9.2339, 48.8069], [9.2342, 48.8067], [9.2344, 48.8066], [9.2345, 48.8065]], [[9.2345, 48.8065], [9.2347, 48.8064], [9.2349, 48.8063]], [[9.2349, 48.8063], [9.235, 48.8062], [9.2353, 48.806]], [[9.2353, 48.806], [9.2354, 48.806], [9.2359, 48.8057], [9.2362, 48.8056], [9.2365, 48.8054], [9.2372, 48.8051], [9.2375, 48.8049], [9.2378, 48.8047], [9.238, 48.8046], [9.2383, 48.8044], [9.2385, 48.8043], [9.2388, 48.8041], [9.239, 48.804], [9.2392, 48.8038], [9.2394, 48.8036], [9.2394, 48.8035], [9.2395, 48.8034], [9.2396, 48.8033], [9.2397, 48.8032], [9.2399, 48.803], [9.24, 48.8028], [9.24, 48.8026], [9.2401, 48.8025], [9.2401, 48.8024], [9.2402, 48.8023], [9.2402, 48.8021], [9.2402, 48.802], [9.2402, 48.8019], [9.2402, 48.8017], [9.2402, 48.8016], [9.2402, 48.8014], [9.2402, 48.8012], [9.2401, 48.8011], [9.2401, 48.8009], [9.24, 48.8007], [9.24, 48.8006], [9.2399, 48.8004], [9.2398, 48.8003], [9.2397, 48.8002], [9.2396, 48.8], [9.2395, 48.7999], [9.2394, 48.7998], [9.2392, 48.7996], [9.2391, 48.7995], [9.2389, 48.7993], [9.2388, 48.7993], [9.2386, 48.7991], [9.2384, 48.799], [9.2383, 48.7989], [9.238, 48.7988], [9.2378, 48.7987], [9.2375, 48.7986], [9.2372, 48.7985], [9.2368, 48.7984], [9.2366, 48.7983], [9.2365, 48.7983], [9.2362, 48.7983], [9.236, 48.7982], [9.2357, 48.7982]], [[9.2357, 48.7982], [9.2354, 48.7982], [9.2352, 48.7982]], [[9.2352, 48.7982], [9.2348, 48.7982], [9.2345, 48.7982], [9.2342, 48.7982]], [[9.2342, 48.7982], [9.2339, 48.7982]], [[9.2339, 48.7982], [9.2336, 48.7983], [9.2334, 48.7983], [9.233, 48.7984], [9.2327, 48.7984], [9.2321, 48.7986], [9.2307, 48.7989], [9.2304, 48.7989], [9.2288, 48.7992], [9.2282, 48.7994]], [[9.2282, 48.7994], [9.228, 48.7994], [9.2277, 48.7995], [9.2275, 48.7995], [9.227, 48.7996], [9.2265, 48.7997], [9.2262, 48.7998], [9.2259, 48.7999], [9.2256, 48.7999], [9.2253, 48.8], [9.2249, 48.8001], [9.2246, 48.8001], [9.2243, 48.8002], [9.224, 48.8002], [9.2237, 48.8003], [9.2234, 48.8004], [9.2231, 48.8004], [9.2228, 48.8005], [9.2227, 48.8005], [9.2224, 48.8006], [9.2222, 48.8006], [9.2219, 48.8007], [9.2215, 48.8007], [9.2207, 48.8009]], [[9.2207, 48.8009], [9.2205, 48.8009], [9.2202, 48.801], [9.2199, 48.801], [9.2195, 48.8011]], [[9.2195, 48.8011], [9.2194, 48.8011]], [[9.2194, 48.8011], [9.2191, 48.8012], [9.2178, 48.8015], [9.2168, 48.8016], [9.2165, 48.8017], [9.2162, 48.8018], [9.2161, 48.8018], [9.2159, 48.8018], [9.2158, 48.8019], [9.2156, 48.8019]], [[9.2156, 48.8019], [9.2153, 48.8019], [9.215, 48.802], [9.2149, 48.802]], [[9.2149, 48.802], [9.2147, 48.802], [9.2145, 48.802]], [[9.2145, 48.802], [9.2143, 48.802], [9.214, 48.802], [9.2138, 48.802], [9.2136, 48.802], [9.2133, 48.802], [9.2131, 48.802], [9.2128, 48.802], [9.2123, 48.8019], [9.2121, 48.8019], [9.2119, 48.8018], [9.2118, 48.8018]], [[9.2118, 48.8018], [9.2116, 48.8018]], [[9.2116, 48.8018], [9.2114, 48.8017], [9.2113, 48.8017], [9.2108, 48.8016], [9.2105, 48.8016], [9.2102, 48.8015]], [[9.2102, 48.8015], [9.21, 48.8014], [9.2096, 48.8013], [9.2094, 48.8013], [9.2092, 48.8012], [9.209, 48.8011], [9.2088, 48.801], [9.2085, 48.8009], [9.208, 48.8007], [9.2078, 48.8006]], [[9.2078, 48.8006], [9.2077, 48.8006]], [[9.2077, 48.8006], [9.2075, 48.8005]], [[9.2035, 48.7986], [9.2034, 48.7985], [9.2027, 48.7982], [9.2021, 48.798], [9.2015, 48.7976], [9.2012, 48.7975], [9.2012, 48.7974], [9.2005, 48.797], [9.2002, 48.7968], [9.1997, 48.7965], [9.1983, 48.7956], [9.1972, 48.795], [9.1969, 48.7948], [9.1968, 48.7947], [9.1966, 48.7946], [9.1963, 48.7944], [9.1955, 48.794]], [[9.1941, 48.7934], [9.194, 48.7933], [9.1939, 48.7932], [9.1936, 48.7931], [9.1935, 48.793]], [[9.1919, 48.7922], [9.1915, 48.792], [9.1912, 48.7919], [9.1911, 48.7918], [9.1907, 48.7916], [9.1897, 48.7912], [9.1892, 48.791], [9.1885, 48.7907]], [[9.1885, 48.7907], [9.1881, 48.7905]], [[9.1881, 48.7905], [9.1879, 48.7904], [9.1874, 48.7901]], [[9.1874, 48.7901], [9.1873, 48.7901]], [[9.1873, 48.7901], [9.187, 48.7899]], [[9.187, 48.7899], [9.1869, 48.7898]], [[9.1869, 48.7898], [9.1865, 48.7896]], [[9.1865, 48.7896], [9.1863, 48.7895], [9.1861, 48.7893], [9.1859, 48.7891]], [[9.1859, 48.7891], [9.1856, 48.7888], [9.185, 48.7883]], [[9.185, 48.7883], [9.1848, 48.788], [9.1847, 48.7879]], [[9.1136, 48.7399], [9.1138, 48.7397], [9.1143, 48.7394], [9.1146, 48.7391], [9.1149, 48.7389], [9.1151, 48.7387], [9.1156, 48.7383], [9.1162, 48.7379], [9.1165, 48.7376], [9.1168, 48.7374], [9.1175, 48.7369], [9.1179, 48.7365], [9.1182, 48.7363], [9.1184, 48.7361], [9.1185, 48.736], [9.1188, 48.7357], [9.1189, 48.7356], [9.119, 48.7355], [9.1191, 48.7353], [9.1193, 48.735], [9.1194, 48.7348], [9.1194, 48.7346], [9.1195, 48.7344], [9.1195, 48.7341]], [[9.1195, 48.7341], [9.1196, 48.7335], [9.1197, 48.7329]], [[9.1197, 48.7329], [9.1197, 48.7326], [9.1196, 48.7325], [9.1196, 48.7324], [9.1196, 48.7321], [9.1195, 48.732], [9.1195, 48.7319], [9.1194, 48.7316], [9.1193, 48.7314], [9.1192, 48.7312], [9.1191, 48.731], [9.1188, 48.7304], [9.1186, 48.7302], [9.1183, 48.73], [9.118, 48.7297], [9.1178, 48.7295], [9.1174, 48.7292], [9.1173, 48.7291], [9.1169, 48.7289], [9.1166, 48.7287], [9.1164, 48.7285]], [[9.1164, 48.7285], [9.1153, 48.7278], [9.1152, 48.7278], [9.1151, 48.7277], [9.1145, 48.7274], [9.1138, 48.7269], [9.1132, 48.7266], [9.1131, 48.7265], [9.1129, 48.7264]], [[9.1129, 48.7264], [9.1123, 48.726], [9.1119, 48.7258], [9.1117, 48.7257], [9.111, 48.7255], [9.1104, 48.7252]], [[9.1079, 48.7233], [9.1083, 48.7237], [9.1084, 48.7239], [9.1086, 48.7241], [9.1089, 48.7243], [9.1093, 48.7246], [9.1095, 48.7248], [9.1097, 48.7249], [9.1099, 48.725], [9.1104, 48.7252]], [[9.1079, 48.7233], [9.1078, 48.7232], [9.1077, 48.7231], [9.1073, 48.7226], [9.1072, 48.7224], [9.1071, 48.7223], [9.107, 48.722], [9.1069, 48.7218]], [[9.1069, 48.7218], [9.1069, 48.7216], [9.1069, 48.7215]], [[9.1069, 48.7215], [9.1068, 48.7212], [9.1068, 48.721], [9.1068, 48.7207], [9.1069, 48.7204], [9.1069, 48.7201], [9.107, 48.7197], [9.1071, 48.7194], [9.1073, 48.719], [9.1074, 48.719], [9.1074, 48.7189]], [[9.1074, 48.7189], [9.1076, 48.7186], [9.1078, 48.7184], [9.1079, 48.7182], [9.108, 48.7181], [9.1082, 48.7179], [9.1082, 48.7178], [9.1084, 48.7176], [9.1086, 48.7174], [9.1086, 48.7173], [9.1088, 48.7172], [9.1089, 48.717]], [[9.1089, 48.717], [9.1092, 48.7167], [9.1095, 48.7163], [9.1096, 48.7161], [9.1098, 48.7159], [9.1098, 48.7158], [9.1099, 48.7157], [9.11, 48.7155], [9.11, 48.7154], [9.1101, 48.7152], [9.1101, 48.7151], [9.1101, 48.715], [9.1102, 48.7148], [9.1102, 48.7146], [9.1103, 48.7143], [9.1103, 48.7141]], [[9.1104, 48.7137], [9.1105, 48.7136], [9.1105, 48.7135], [9.1106, 48.7134], [9.1107, 48.7133], [9.1107, 48.7131], [9.1108, 48.713], [9.1109, 48.7129], [9.1111, 48.7128], [9.1111, 48.7127], [9.1112, 48.7126], [9.1113, 48.7125], [9.1114, 48.7125], [9.1115, 48.7124], [9.1116, 48.7123], [9.1117, 48.7122], [9.1118, 48.7122], [9.1119, 48.7121], [9.112, 48.7121], [9.1121, 48.712], [9.1122, 48.712], [9.1124, 48.7119], [9.1126, 48.7118], [9.1128, 48.7117], [9.1129, 48.7117], [9.1133, 48.7116], [9.1134, 48.7115], [9.114, 48.7114]], [[9.114, 48.7114], [9.1149, 48.7113], [9.1161, 48.7112], [9.1168, 48.711], [9.1171, 48.711], [9.1175, 48.7109], [9.1183, 48.7106], [9.119, 48.7103], [9.1195, 48.7101], [9.1198, 48.7098], [9.1206, 48.7093], [9.1212, 48.7089]], [[9.1212, 48.7089], [9.1216, 48.7086], [9.1225, 48.708], [9.1229, 48.7078], [9.1238, 48.7074], [9.1243, 48.7072], [9.1245, 48.7071], [9.1248, 48.707], [9.1256, 48.7066], [9.1263, 48.7061], [9.1266, 48.7058]], [[9.1266, 48.7058], [9.1267, 48.7058], [9.1269, 48.7056], [9.1272, 48.7053], [9.1273, 48.7052], [9.1278, 48.7048], [9.1278, 48.7047], [9.128, 48.7046], [9.1281, 48.7045]], [[9.1281, 48.7045], [9.1284, 48.7043]], [[9.1284, 48.7043], [9.1286, 48.7042], [9.1287, 48.7041]], [[9.1287, 48.7041], [9.1289, 48.704], [9.129, 48.7039], [9.1292, 48.7038], [9.1294, 48.7037], [9.1295, 48.7037], [9.1296, 48.7036], [9.1298, 48.7035], [9.1299, 48.7035], [9.13, 48.7034], [9.1301, 48.7034], [9.1302, 48.7034], [9.1303, 48.7033], [9.1306, 48.7032], [9.1307, 48.7032], [9.1309, 48.7031], [9.1311, 48.7031], [9.1312, 48.7031], [9.1314, 48.703], [9.1315, 48.703], [9.1316, 48.703], [9.1318, 48.7029], [9.132, 48.7029], [9.1322, 48.7029], [9.1326, 48.7028]], [[9.1326, 48.7028], [9.1334, 48.7028], [9.1339, 48.7027], [9.1343, 48.7026], [9.1353, 48.7025], [9.1363, 48.7024], [9.1372, 48.7023], [9.1379, 48.7023]], [[9.1379, 48.7023], [9.138, 48.7023], [9.1383, 48.7022], [9.1385, 48.7022], [9.1387, 48.7022], [9.1388, 48.7022], [9.1389, 48.7021], [9.1391, 48.7021], [9.1392, 48.7021], [9.1394, 48.702], [9.1395, 48.702], [9.1397, 48.7019], [9.1399, 48.7018]], [[9.1406, 48.7014], [9.1407, 48.7014], [9.1407, 48.7013], [9.1408, 48.7013], [9.1408, 48.7012], [9.1409, 48.7011], [9.141, 48.7011], [9.141, 48.701], [9.1411, 48.7009], [9.1411, 48.7008], [9.1412, 48.7007], [9.1412, 48.7006], [9.1413, 48.7005], [9.1413, 48.7004], [9.1414, 48.7003], [9.1414, 48.7001], [9.1415, 48.7], [9.1416, 48.6999]], [[9.1416, 48.6999], [9.1416, 48.6998], [9.1416, 48.6997], [9.1417, 48.6993], [9.1419, 48.6989], [9.1422, 48.6982], [9.1424, 48.6976], [9.1426, 48.6971], [9.1426, 48.6969], [9.1427, 48.6967], [9.1429, 48.6963], [9.1429, 48.6961], [9.143, 48.6959], [9.1432, 48.6955], [9.1432, 48.6953], [9.1433, 48.6951], [9.1435, 48.6949], [9.1436, 48.6948], [9.1436, 48.6947], [9.1438, 48.6945], [9.144, 48.6943], [9.1441, 48.6942], [9.1443, 48.694], [9.1445, 48.694], [9.1446, 48.6939], [9.1449, 48.6938], [9.1449, 48.6937], [9.145, 48.6937], [9.1451, 48.6936], [9.1454, 48.6935]], [[9.1454, 48.6935], [9.1455, 48.6935], [9.1456, 48.6935]], [[9.1456, 48.6935], [9.146, 48.6934]], [[9.146, 48.6934], [9.1463, 48.6933], [9.1467, 48.6932], [9.1471, 48.6932]], [[9.1471, 48.6932], [9.1472, 48.6931], [9.1484, 48.6929], [9.1495, 48.6928], [9.1498, 48.6927], [9.1505, 48.6926], [9.151, 48.6925], [9.1512, 48.6925], [9.1515, 48.6924], [9.1518, 48.6924], [9.1522, 48.6924], [9.1524, 48.6924], [9.1525, 48.6924], [9.1528, 48.6923]], [[9.1528, 48.6923], [9.1534, 48.6923]], [[9.1534, 48.6923], [9.1535, 48.6923], [9.1563, 48.6924], [9.1565, 48.6924]], [[9.1565, 48.6924], [9.1567, 48.6924], [9.1569, 48.6924], [9.1605, 48.6924]], [[9.1688, 48.6922], [9.1692, 48.6921], [9.1695, 48.692], [9.1699, 48.692], [9.1701, 48.6919]], [[9.1715, 48.6918], [9.1718, 48.6917], [9.1726, 48.6917], [9.173, 48.6916], [9.1738, 48.6915]], [[9.1746, 48.6914], [9.1755, 48.6913], [9.1756, 48.6913], [9.1768, 48.6912]], [[9.1782, 48.6911], [9.1785, 48.6911], [9.1789, 48.691], [9.1795, 48.691], [9.1798, 48.6909], [9.18, 48.6909], [9.1803, 48.6908], [9.1806, 48.6908], [9.181, 48.6907], [9.1822, 48.6904], [9.1826, 48.6903], [9.183, 48.6902], [9.1835, 48.6902], [9.1839, 48.6901], [9.1843, 48.69], [9.1846, 48.69]], [[9.1846, 48.69], [9.1847, 48.69]], [[9.1426, 48.6973], [9.1426, 48.6974], [9.1426, 48.6973], [9.1427, 48.6968], [9.1429, 48.6966], [9.1432, 48.6957], [9.1432, 48.6955], [9.1433, 48.6956], [9.1432, 48.6957], [9.1433, 48.6957], [9.1432, 48.6959], [9.1429, 48.6966], [9.1428, 48.6968], [9.1428, 48.6969], [9.1427, 48.6971], [9.1426, 48.6973]], [[9.1284, 48.7043], [9.1284, 48.7044], [9.128, 48.7047], [9.1276, 48.705], [9.1273, 48.7053], [9.1272, 48.7054], [9.1271, 48.7055], [9.1268, 48.7058], [9.1267, 48.7058], [9.1268, 48.7058], [9.1269, 48.7058], [9.1271, 48.7055], [9.1272, 48.7055], [9.1273, 48.7054], [9.1276, 48.705], [9.128, 48.7047], [9.1284, 48.7044], [9.1284, 48.7043]], [[9.1054, 48.7459], [9.1056, 48.7457], [9.1058, 48.7453], [9.1061, 48.7449], [9.1062, 48.7448], [9.1064, 48.7446], [9.1065, 48.7445], [9.1064, 48.7446], [9.1064, 48.7447], [9.1062, 48.7448], [9.1059, 48.7453], [9.1056, 48.7457], [9.1056, 48.7458], [9.1055, 48.7458], [9.1055, 48.746], [9.1054, 48.7459]], [[9.1577, 48.7705], [9.1577, 48.7704], [9.1575, 48.7704], [9.1568, 48.7702], [9.1562, 48.77], [9.1554, 48.7698], [9.1553, 48.7698], [9.1552, 48.7697], [9.1551, 48.7697], [9.1551, 48.7698], [9.1552, 48.7698], [9.1551, 48.7698], [9.1553, 48.7698], [9.1563, 48.7701], [9.1564, 48.7701], [9.1576, 48.7704], [9.1577, 48.7704], [9.1577, 48.7705]], [[9.2339, 48.8071], [9.2341, 48.807], [9.2344, 48.8068], [9.2346, 48.8066], [9.2347, 48.8065], [9.2348, 48.8065], [9.2352, 48.8063], [9.2354, 48.8062], [9.2356, 48.8061], [9.236, 48.8059], [9.236, 48.8058], [9.2361, 48.8059], [9.236, 48.8059], [9.2357, 48.806], [9.2356, 48.8061], [9.2354, 48.8062], [9.2352, 48.8063], [9.2348, 48.8065], [9.2346, 48.8067], [9.2344, 48.8068], [9.2342, 48.807], [9.2341, 48.807], [9.234, 48.8071], [9.2339, 48.8071]], [[9.247, 48.8149], [9.247, 48.8148], [9.2471, 48.8148], [9.2478, 48.815], [9.2481, 48.815], [9.2485, 48.8151], [9.2486, 48.8151], [9.2495, 48.8153], [9.2496, 48.8153], [9.2497, 48.8154], [9.2495, 48.8153], [9.2485, 48.8151], [9.2481, 48.8151], [9.2478, 48.815], [9.2471, 48.8149], [9.247, 48.8149]], [[9.3251, 48.8594], [9.325, 48.8594], [9.325, 48.8593], [9.3249, 48.8593], [9.3248, 48.8593], [9.3248, 48.8592], [9.3247, 48.8592], [9.3246, 48.8592], [9.3245, 48.8591], [9.3244, 48.8591], [9.3229, 48.8584], [9.3228, 48.8583], [9.3227, 48.8584], [9.3229, 48.8584], [9.3246, 48.8592], [9.3247, 48.8592], [9.3248, 48.8593], [9.3249, 48.8593], [9.325, 48.8594], [9.3251, 48.8594]], [[9.3534, 48.868], [9.3536, 48.868], [9.3549, 48.8683], [9.3553, 48.8684], [9.3561, 48.8686], [9.3554, 48.8684], [9.3553, 48.8684], [9.3552, 48.8684], [9.355, 48.8683], [9.3549, 48.8682], [9.3548, 48.8683], [9.3536, 48.868], [9.3534, 48.8679], [9.3534, 48.868]], [[9.4147, 48.9025], [9.4149, 48.9027], [9.4153, 48.9031], [9.4158, 48.9037], [9.4162, 48.9041], [9.4163, 48.9041], [9.4158, 48.9037], [9.4156, 48.9035], [9.4153, 48.9031], [9.4152, 48.9031], [9.4152, 48.903], [9.415, 48.9028], [9.4149, 48.9027], [9.4148, 48.9026], [9.4147, 48.9025]], [[9.4175, 48.9268], [9.4181, 48.9266], [9.4187, 48.9265], [9.4195, 48.9263], [9.4196, 48.9263], [9.4197, 48.9262], [9.4198, 48.9262], [9.4199, 48.9262], [9.4202, 48.9261], [9.42, 48.9262], [9.4199, 48.9262], [9.4198, 48.9263], [9.4197, 48.9263], [9.4196, 48.9263], [9.4195, 48.9263], [9.4194, 48.9263], [9.4191, 48.9264], [9.4187, 48.9265], [9.4181, 48.9266], [9.4176, 48.9268], [9.4175, 48.9268]], [[9.1847, 48.69], [9.1843, 48.6901], [9.1839, 48.6901], [9.1835, 48.6902], [9.183, 48.6903], [9.1826, 48.6904], [9.1822, 48.6904], [9.181, 48.6907], [9.1806, 48.6908], [9.1803, 48.6908], [9.18, 48.6909], [9.1798, 48.6909], [9.1795, 48.691], [9.1789, 48.6911], [9.1785, 48.6911], [9.1782, 48.6911]], [[9.1768, 48.6913], [9.1756, 48.6914], [9.1746, 48.6915]], [[9.1738, 48.6916], [9.1728, 48.6917], [9.1726, 48.6917], [9.1718, 48.6918], [9.1716, 48.6919]], [[9.1707, 48.692], [9.1696, 48.6922], [9.1688, 48.6923]], [[9.1681, 48.6924], [9.168, 48.6924], [9.1679, 48.6924], [9.1678, 48.6924]], [[9.1605, 48.6924], [9.1604, 48.6924], [9.1591, 48.6924], [9.1567, 48.6924], [9.1565, 48.6924]], [[9.1565, 48.6924], [9.1554, 48.6924], [9.1535, 48.6924]], [[9.1535, 48.6924], [9.1534, 48.6924]], [[9.1534, 48.6924], [9.1528, 48.6924]], [[9.1528, 48.6924], [9.1526, 48.6924], [9.1524, 48.6924], [9.1522, 48.6924], [9.1518, 48.6924], [9.1515, 48.6925], [9.1512, 48.6925], [9.151, 48.6925], [9.1505, 48.6926], [9.1499, 48.6927], [9.1495, 48.6928], [9.1484, 48.693], [9.1472, 48.6932], [9.1471, 48.6932]], [[9.1471, 48.6932], [9.1467, 48.6933], [9.1464, 48.6933], [9.146, 48.6934]], [[9.1456, 48.6935], [9.1454, 48.6936]], [[9.1454, 48.6936], [9.1452, 48.6936], [9.145, 48.6937], [9.1449, 48.6938], [9.1446, 48.6939], [9.1445, 48.694], [9.1444, 48.6941], [9.1442, 48.6942], [9.144, 48.6944], [9.1438, 48.6945], [9.1437, 48.6947], [9.1436, 48.6948], [9.1435, 48.6949], [9.1434, 48.6951], [9.1433, 48.6953], [9.1433, 48.6954], [9.1431, 48.6959], [9.143, 48.6961], [9.1429, 48.6965], [9.1428, 48.6967], [9.1427, 48.6969], [9.1427, 48.697], [9.1426, 48.6971], [9.1425, 48.6976], [9.1423, 48.6981], [9.1422, 48.6983], [9.142, 48.6988], [9.1419, 48.6991], [9.1418, 48.6994], [9.1416, 48.6998], [9.1416, 48.6999]], [[9.1416, 48.6999], [9.1416, 48.7], [9.1415, 48.7002], [9.1414, 48.7004], [9.1414, 48.7005], [9.1413, 48.7005], [9.1413, 48.7006], [9.1412, 48.7007], [9.1412, 48.7009], [9.1411, 48.7009], [9.141, 48.701], [9.141, 48.7011], [9.1409, 48.7012], [9.1408, 48.7013], [9.1406, 48.7014]], [[9.1399, 48.7019], [9.1397, 48.7019], [9.1396, 48.702], [9.1394, 48.7021], [9.1392, 48.7021], [9.1391, 48.7021], [9.1389, 48.7022]], [[9.1389, 48.7022], [9.1388, 48.7022], [9.1387, 48.7022], [9.1385, 48.7022], [9.1383, 48.7023], [9.138, 48.7023]], [[9.138, 48.7023], [9.1373, 48.7024], [9.1363, 48.7025], [9.1358, 48.7025], [9.1353, 48.7026], [9.1344, 48.7027], [9.134, 48.7027], [9.1339, 48.7027], [9.1333, 48.7028], [9.133, 48.7028], [9.1326, 48.7029], [9.1322, 48.7029], [9.132, 48.703], [9.1319, 48.703], [9.1316, 48.703], [9.1315, 48.703], [9.1314, 48.7031], [9.1312, 48.7031], [9.1311, 48.7031], [9.131, 48.7032], [9.1308, 48.7032], [9.1306, 48.7033], [9.1304, 48.7033], [9.1302, 48.7034], [9.1301, 48.7034], [9.13, 48.7035], [9.1299, 48.7035], [9.1298, 48.7036], [9.1296, 48.7036], [9.1295, 48.7037], [9.1294, 48.7037], [9.1292, 48.7038], [9.1291, 48.7039], [9.1289, 48.704], [9.1288, 48.7041]], [[9.1288, 48.7041], [9.1286, 48.7042], [9.1285, 48.7043]], [[9.1285, 48.7043], [9.1281, 48.7045], [9.1278, 48.7048], [9.1274, 48.7052]], [[9.1274, 48.7052], [9.1273, 48.7052], [9.127, 48.7055], [9.1269, 48.7056], [9.1268, 48.7058], [9.1267, 48.7058], [9.1267, 48.7059]], [[9.1267, 48.7059], [9.1264, 48.7061], [9.1257, 48.7066], [9.125, 48.7069]], [[9.125, 48.7069], [9.1248, 48.707], [9.1244, 48.7072], [9.1243, 48.7072], [9.123, 48.7078], [9.1225, 48.7081], [9.1217, 48.7086], [9.1212, 48.7089], [9.1207, 48.7093], [9.1206, 48.7094], [9.1199, 48.7099], [9.1195, 48.7101], [9.1191, 48.7103], [9.1184, 48.7106], [9.1175, 48.7109], [9.1171, 48.711], [9.1168, 48.7111], [9.1161, 48.7112], [9.1149, 48.7114]], [[9.1149, 48.7114], [9.114, 48.7115], [9.1135, 48.7116], [9.1133, 48.7116]], [[9.1133, 48.7116], [9.1129, 48.7117], [9.1126, 48.7118], [9.1124, 48.7119], [9.1122, 48.712], [9.1121, 48.712], [9.112, 48.7121], [9.1119, 48.7121], [9.1118, 48.7122], [9.1117, 48.7123], [9.1116, 48.7123], [9.1115, 48.7124], [9.1114, 48.7125], [9.1113, 48.7126], [9.1112, 48.7126], [9.1112, 48.7127], [9.1111, 48.7128], [9.111, 48.7129], [9.1109, 48.713], [9.1108, 48.7131], [9.1107, 48.7133], [9.1106, 48.7134], [9.1106, 48.7135], [9.1105, 48.7136], [9.1105, 48.7137]], [[9.1104, 48.7141], [9.1103, 48.7146], [9.1102, 48.7148], [9.1102, 48.715], [9.1102, 48.7151], [9.1101, 48.7152], [9.1101, 48.7154], [9.11, 48.7155], [9.11, 48.7156], [9.1099, 48.7157], [9.1099, 48.7158], [9.1098, 48.7159], [9.1097, 48.7161], [9.1096, 48.7162], [9.1095, 48.7164], [9.1092, 48.7168], [9.1092, 48.7169]], [[9.1092, 48.7169], [9.1091, 48.717]], [[9.1091, 48.717], [9.109, 48.7171], [9.1089, 48.7172], [9.1088, 48.7173], [9.1086, 48.7176], [9.1085, 48.7177], [9.1084, 48.7178], [9.1081, 48.7182], [9.1079, 48.7184], [9.1077, 48.7187], [9.1075, 48.7189]], [[9.1075, 48.7189], [9.1075, 48.719], [9.1074, 48.719], [9.1074, 48.7191]], [[9.1074, 48.7191], [9.1072, 48.7194], [9.1071, 48.7197], [9.107, 48.7201], [9.1069, 48.7205], [9.1069, 48.7207], [9.1069, 48.7208], [9.1069, 48.7211], [9.1069, 48.7214]], [[9.1069, 48.7214], [9.107, 48.7216], [9.107, 48.7218]], [[9.107, 48.7218], [9.1071, 48.7219], [9.1071, 48.722], [9.1073, 48.7223], [9.1074, 48.7225], [9.1076, 48.7228], [9.1077, 48.723], [9.1079, 48.7232], [9.1081, 48.7234], [9.1083, 48.7235], [9.1084, 48.7236], [9.1086, 48.7237], [9.1089, 48.7239], [9.1091, 48.724], [9.1094, 48.7242], [9.1105, 48.7248], [9.1109, 48.7251], [9.1111, 48.7252], [9.112, 48.7257], [9.1127, 48.7261], [9.1131, 48.7264]], [[9.1131, 48.7264], [9.1132, 48.7264], [9.1133, 48.7265], [9.1136, 48.7266], [9.1138, 48.7268], [9.1147, 48.7273], [9.1153, 48.7277], [9.1154, 48.7278], [9.1155, 48.7279], [9.1161, 48.7283], [9.1162, 48.7283], [9.117, 48.7288]], [[9.117, 48.7288], [9.1171, 48.7289], [9.1173, 48.7291], [9.1176, 48.7292], [9.1178, 48.7294], [9.1181, 48.7296], [9.1183, 48.7299], [9.1186, 48.7302], [9.1188, 48.7304], [9.119, 48.7307], [9.1192, 48.7309], [9.1193, 48.7311], [9.1194, 48.7313], [9.1194, 48.7314], [9.1195, 48.7316], [9.1196, 48.7319], [9.1197, 48.7321], [9.1197, 48.7324], [9.1197, 48.7325], [9.1197, 48.7326], [9.1197, 48.7329]], [[9.1197, 48.7329], [9.1197, 48.7335], [9.1196, 48.7342]], [[9.1196, 48.7342], [9.1196, 48.7344], [9.1195, 48.7346], [9.1194, 48.735], [9.1192, 48.7353], [9.1191, 48.7355], [9.119, 48.7356], [9.1189, 48.7358], [9.1187, 48.736]], [[9.1187, 48.736], [9.1185, 48.7362], [9.1183, 48.7363], [9.1179, 48.7366], [9.1178, 48.7368], [9.1176, 48.7369], [9.117, 48.7374], [9.1166, 48.7376], [9.1163, 48.7379], [9.1158, 48.7383], [9.1155, 48.7385], [9.115, 48.7389], [9.1148, 48.739], [9.1144, 48.7394], [9.114, 48.7396], [9.1138, 48.7398], [9.1136, 48.7399]], [[9.1848, 48.7879], [9.1849, 48.788]], [[9.1849, 48.788], [9.1852, 48.7883]], [[9.1852, 48.7883], [9.1852, 48.7884], [9.1855, 48.7886], [9.1859, 48.7889], [9.1859, 48.789]], [[9.1871, 48.7898], [9.1868, 48.7896], [9.1866, 48.7895], [9.1859, 48.789]], [[9.1871, 48.7898], [9.1872, 48.7899], [9.1873, 48.7899]], [[9.1873, 48.7899], [9.1874, 48.79]], [[9.1874, 48.79], [9.1878, 48.7902], [9.1883, 48.7904]], [[9.1883, 48.7904], [9.1884, 48.7904], [9.1886, 48.7906], [9.1889, 48.7907], [9.1893, 48.7909], [9.1896, 48.791], [9.1899, 48.7912], [9.1901, 48.7913]], [[9.1935, 48.793], [9.194, 48.7933], [9.1942, 48.7933]], [[9.1955, 48.794], [9.1962, 48.7944], [9.1968, 48.7947], [9.1972, 48.7949]], [[9.1972, 48.7949], [9.1973, 48.795]], [[9.1973, 48.795], [9.1981, 48.7955], [9.1988, 48.7959], [9.1993, 48.7962], [9.2004, 48.7969], [9.2005, 48.797], [9.2012, 48.7974]], [[9.2012, 48.7974], [9.2015, 48.7976], [9.2018, 48.7977], [9.2022, 48.7979], [9.2027, 48.7982], [9.2034, 48.7985], [9.2035, 48.7986]], [[9.2035, 48.7986], [9.2036, 48.7986]], [[9.2075, 48.8004], [9.2078, 48.8005]], [[9.2078, 48.8005], [9.2079, 48.8006]], [[9.2079, 48.8006], [9.208, 48.8007], [9.2081, 48.8007], [9.2085, 48.8009], [9.2088, 48.801], [9.209, 48.8011], [9.2093, 48.8012]], [[9.2093, 48.8012], [9.2095, 48.8012], [9.2097, 48.8013], [9.2099, 48.8014], [9.21, 48.8014], [9.2101, 48.8014], [9.2105, 48.8015], [9.2107, 48.8016], [9.2109, 48.8016], [9.2112, 48.8017], [9.2114, 48.8017], [9.2117, 48.8017]], [[9.2117, 48.8017], [9.2119, 48.8018]], [[9.2119, 48.8018], [9.2123, 48.8018], [9.2125, 48.8019], [9.2128, 48.8019], [9.213, 48.8019], [9.2131, 48.8019], [9.2135, 48.8019], [9.2137, 48.802], [9.214, 48.802], [9.2141, 48.8019], [9.2142, 48.8019], [9.2144, 48.8019]], [[9.2144, 48.8019], [9.2146, 48.8019], [9.2148, 48.8019]], [[9.2148, 48.8019], [9.2149, 48.8019], [9.2152, 48.8018], [9.2155, 48.8018], [9.2157, 48.8018], [9.2159, 48.8017], [9.2163, 48.8016], [9.2174, 48.8014]], [[9.2174, 48.8014], [9.2177, 48.8014], [9.2178, 48.8013], [9.2187, 48.8012], [9.2191, 48.8011]], [[9.2191, 48.8011], [9.2192, 48.8011], [9.22, 48.8009], [9.2208, 48.8007], [9.221, 48.8007]], [[9.221, 48.8007], [9.2213, 48.8007], [9.2215, 48.8006], [9.2222, 48.8005], [9.2223, 48.8005], [9.2225, 48.8004], [9.2227, 48.8004], [9.223, 48.8003], [9.2233, 48.8003], [9.224, 48.8002], [9.224, 48.8001], [9.2241, 48.8001], [9.2242, 48.8001], [9.2245, 48.8001], [9.2247, 48.8], [9.2251, 48.7999], [9.2254, 48.7999], [9.2256, 48.7998], [9.2257, 48.7998], [9.2259, 48.7998], [9.2261, 48.7997], [9.2262, 48.7997], [9.2263, 48.7997], [9.2265, 48.7996], [9.2267, 48.7995]], [[9.2267, 48.7995], [9.2272, 48.7994], [9.2273, 48.7994]], [[9.2273, 48.7994], [9.2274, 48.7993], [9.2276, 48.7993], [9.2277, 48.7993], [9.2279, 48.7992], [9.2281, 48.7992], [9.2286, 48.7991], [9.2296, 48.7989], [9.2298, 48.7989], [9.2301, 48.7988]], [[9.2301, 48.7988], [9.2307, 48.7987], [9.2315, 48.7985], [9.2321, 48.7984], [9.2332, 48.7982], [9.2336, 48.7981], [9.2339, 48.7981]], [[9.2339, 48.7981], [9.2342, 48.7981]], [[9.2342, 48.7981], [9.2344, 48.7981], [9.2346, 48.798], [9.2349, 48.798], [9.2352, 48.798]], [[9.2352, 48.798], [9.2355, 48.7981], [9.2357, 48.7981]], [[9.2357, 48.7981], [9.236, 48.7981], [9.2361, 48.7981], [9.2363, 48.7981], [9.2365, 48.7982], [9.2366, 48.7982], [9.237, 48.7983], [9.2372, 48.7984], [9.2374, 48.7984], [9.2376, 48.7985], [9.2379, 48.7986], [9.2381, 48.7987], [9.2383, 48.7988], [9.2385, 48.7989], [9.2387, 48.799], [9.2389, 48.7992], [9.2391, 48.7993], [9.2392, 48.7994], [9.2394, 48.7995], [9.2395, 48.7997], [9.2397, 48.7998], [9.2397, 48.7999], [9.2398, 48.8], [9.2399, 48.8001], [9.2399, 48.8002], [9.24, 48.8003], [9.2401, 48.8004], [9.2401, 48.8005], [9.2402, 48.8007], [9.2403, 48.8009], [9.2403, 48.801], [9.2404, 48.8012], [9.2404, 48.8014], [9.2404, 48.8016], [9.2404, 48.8017], [9.2404, 48.8019], [9.2404, 48.802], [9.2404, 48.8022], [9.2403, 48.8023], [9.2403, 48.8025], [9.2402, 48.8027], [9.2402, 48.8028], [9.2401, 48.8029], [9.2401, 48.803], [9.24, 48.8032], [9.2399, 48.8033], [9.2397, 48.8035], [9.2396, 48.8036], [9.2395, 48.8037], [9.2394, 48.8038], [9.2393, 48.8039], [9.2392, 48.804], [9.239, 48.8041], [9.2388, 48.8043], [9.2385, 48.8045], [9.2384, 48.8046], [9.2383, 48.8046], [9.2381, 48.8047], [9.2377, 48.8049], [9.2375, 48.805], [9.237, 48.8053], [9.2361, 48.8058]], [[9.2361, 48.8058], [9.2356, 48.8061], [9.2351, 48.8063]], [[9.2351, 48.8063], [9.2349, 48.8064], [9.2347, 48.8066]], [[9.2347, 48.8066], [9.2346, 48.8066], [9.2344, 48.8068], [9.2343, 48.8068], [9.2341, 48.807], [9.2339, 48.8071]], [[9.2339, 48.8071], [9.2338, 48.8072], [9.2337, 48.8073], [9.2336, 48.8074], [9.2334, 48.8076], [9.2331, 48.8079]], [[9.2331, 48.8079], [9.233, 48.808]], [[9.233, 48.808], [9.233, 48.8082], [9.2328, 48.8085], [9.2327, 48.8086], [9.2327, 48.8087], [9.2326, 48.8089], [9.2326, 48.8091], [9.2325, 48.8093], [9.2325, 48.8095], [9.2325, 48.8098]], [[9.2325, 48.8098], [9.2326, 48.81], [9.2327, 48.8104], [9.2328, 48.8106], [9.2329, 48.8108], [9.2329, 48.8109], [9.2331, 48.8111], [9.2333, 48.8113], [9.2335, 48.8115], [9.2337, 48.8117], [9.2339, 48.8119], [9.2341, 48.812], [9.2343, 48.8121], [9.2345, 48.8123], [9.2348, 48.8124], [9.235, 48.8125], [9.2353, 48.8126], [9.2356, 48.8127], [9.2361, 48.8128], [9.2367, 48.813]], [[9.2367, 48.813], [9.2392, 48.8134], [9.2421, 48.814], [9.2448, 48.8145], [9.2455, 48.8146], [9.2456, 48.8146], [9.2457, 48.8147]], [[9.2457, 48.8147], [9.246, 48.8147], [9.2468, 48.8149]], [[9.2468, 48.8149], [9.2474, 48.815], [9.248, 48.8151], [9.2482, 48.8151], [9.249, 48.8153], [9.2497, 48.8154], [9.2499, 48.8154], [9.2502, 48.8155]], [[9.2502, 48.8155], [9.2505, 48.8156], [9.2513, 48.8157], [9.2521, 48.8158], [9.2547, 48.8163], [9.258, 48.8169], [9.2587, 48.817], [9.2592, 48.8171], [9.2601, 48.8173], [9.2611, 48.8175], [9.2619, 48.8177], [9.2627, 48.8179], [9.2638, 48.8181], [9.2649, 48.8184], [9.2658, 48.8187], [9.2666, 48.819], [9.2678, 48.8193], [9.268, 48.8194], [9.2686, 48.8196], [9.2692, 48.8198], [9.2694, 48.8199], [9.27, 48.82], [9.2706, 48.8202], [9.271, 48.8203], [9.2711, 48.8204], [9.2713, 48.8204], [9.2714, 48.8205], [9.2716, 48.8205]], [[9.2716, 48.8205], [9.2718, 48.8206]], [[9.2718, 48.8206], [9.2719, 48.8206], [9.2722, 48.8207]], [[9.2722, 48.8207], [9.2735, 48.821]], [[9.2735, 48.821], [9.2739, 48.8212], [9.2749, 48.8214]], [[9.2749, 48.8214], [9.2761, 48.8218]], [[9.2761, 48.8218], [9.2762, 48.8218], [9.2763, 48.8219]], [[9.2763, 48.8219], [9.2772, 48.8221], [9.2781, 48.8224], [9.2787, 48.8226]], [[9.2787, 48.8226], [9.2796, 48.8228], [9.2804, 48.823], [9.2805, 48.823], [9.281, 48.8232], [9.2813, 48.8232]], [[9.2813, 48.8232], [9.282, 48.8234], [9.283, 48.8236], [9.2831, 48.8236], [9.2842, 48.8238], [9.285, 48.824], [9.2857, 48.8241]], [[9.2857, 48.8241], [9.2864, 48.8242], [9.2865, 48.8242], [9.2878, 48.8243], [9.2883, 48.8244], [9.2896, 48.8246]], [[9.2896, 48.8246], [9.2907, 48.8247]], [[9.2907, 48.8247], [9.2918, 48.8249]], [[9.2918, 48.8249], [9.293, 48.825], [9.2937, 48.8251], [9.2938, 48.8251], [9.294, 48.8252], [9.2949, 48.8253]], [[9.2949, 48.8253], [9.2963, 48.8255], [9.2975, 48.8257], [9.2978, 48.8257]], [[9.2978, 48.8257], [9.2982, 48.8258], [9.2986, 48.8259], [9.299, 48.826], [9.2993, 48.8261]], [[9.2993, 48.8261], [9.2998, 48.8262], [9.3001, 48.8264], [9.3003, 48.8265]], [[9.3003, 48.8265], [9.3004, 48.8265], [9.3007, 48.8266]], [[9.3007, 48.8266], [9.3007, 48.8267], [9.3008, 48.8267]], [[9.3008, 48.8267], [9.3008, 48.8268], [9.301, 48.8268], [9.3011, 48.8269], [9.3012, 48.827], [9.3014, 48.8271], [9.3015, 48.8272], [9.3018, 48.8275], [9.302, 48.8277]], [[9.302, 48.8277], [9.3022, 48.828], [9.3025, 48.8283], [9.3027, 48.8287], [9.3028, 48.8289], [9.3029, 48.8292]], [[9.3029, 48.8292], [9.303, 48.8296]], [[9.303, 48.8296], [9.3031, 48.8298]], [[9.3031, 48.8298], [9.3036, 48.8313], [9.3037, 48.8315], [9.3037, 48.8316], [9.3042, 48.8331], [9.3044, 48.8336], [9.3047, 48.8344], [9.3049, 48.835], [9.305, 48.8354]], [[9.305, 48.8354], [9.3051, 48.8357]], [[9.3051, 48.8357], [9.3053, 48.8364], [9.3061, 48.8386], [9.3063, 48.8392], [9.3065, 48.8398], [9.3067, 48.8402], [9.3067, 48.8403], [9.3069, 48.8407], [9.3073, 48.8412], [9.3077, 48.8417], [9.3079, 48.842], [9.3081, 48.8422], [9.3083, 48.8425], [9.3086, 48.8428], [9.3087, 48.8428], [9.309, 48.8432], [9.3097, 48.8439], [9.3102, 48.8444], [9.3107, 48.8449], [9.311, 48.8452], [9.3112, 48.8455], [9.3114, 48.8458], [9.3116, 48.846], [9.3117, 48.8463], [9.3118, 48.8465], [9.3118, 48.8466], [9.3119, 48.8469], [9.312, 48.8473], [9.3121, 48.8478], [9.3121, 48.8483], [9.3122, 48.8497]], [[9.3122, 48.8497], [9.3123, 48.8502], [9.3123, 48.8504], [9.3123, 48.8508], [9.3123, 48.8512], [9.3124, 48.8517], [9.3124, 48.8519]], [[9.3124, 48.8519], [9.3125, 48.8521]], [[9.3125, 48.8521], [9.3125, 48.8523], [9.3126, 48.8524], [9.3127, 48.8527], [9.3129, 48.853], [9.313, 48.8532], [9.3131, 48.8534], [9.3133, 48.8536], [9.3135, 48.8538], [9.3137, 48.854], [9.3139, 48.8542], [9.3142, 48.8544], [9.3145, 48.8546], [9.3147, 48.8547], [9.3149, 48.8548]], [[9.3149, 48.8548], [9.3151, 48.8549], [9.3157, 48.8552], [9.3163, 48.8555], [9.3167, 48.8556], [9.3173, 48.8559], [9.3186, 48.8565], [9.3194, 48.8569], [9.3196, 48.857], [9.3202, 48.8572], [9.3207, 48.8575], [9.3217, 48.8579], [9.3225, 48.8583], [9.3234, 48.8587], [9.3242, 48.859], [9.3243, 48.8591], [9.3251, 48.8594], [9.3254, 48.8596], [9.3258, 48.8598], [9.3266, 48.8601], [9.3275, 48.8605], [9.3282, 48.8608]], [[9.3282, 48.8608], [9.3284, 48.8609]], [[9.3284, 48.8609], [9.3286, 48.861]], [[9.3286, 48.861], [9.329, 48.8612], [9.3295, 48.8614], [9.3298, 48.8615], [9.3301, 48.8616], [9.3302, 48.8616], [9.3305, 48.8617], [9.3307, 48.8617], [9.3312, 48.8619], [9.3317, 48.862], [9.3322, 48.8621], [9.3326, 48.8621], [9.333, 48.8622], [9.3335, 48.8623], [9.3341, 48.8623], [9.3345, 48.8623], [9.3349, 48.8623], [9.3365, 48.8623], [9.3367, 48.8623], [9.3383, 48.8624], [9.3385, 48.8624], [9.3391, 48.8624], [9.3408, 48.8624], [9.3414, 48.8624], [9.3416, 48.8624], [9.342, 48.8624], [9.3424, 48.8625], [9.3428, 48.8626], [9.3433, 48.8627], [9.3436, 48.8628], [9.344, 48.8629], [9.3441, 48.8629], [9.3443, 48.863], [9.3446, 48.8631], [9.345, 48.8633], [9.3454, 48.8635]], [[9.3483, 48.8655], [9.3486, 48.8657], [9.3489, 48.866], [9.3493, 48.8662], [9.3497, 48.8665], [9.3499, 48.8666], [9.3502, 48.8668], [9.3503, 48.8668], [9.3507, 48.867], [9.3512, 48.8672], [9.3515, 48.8674], [9.3519, 48.8675], [9.3522, 48.8676], [9.3528, 48.8678]], [[9.3528, 48.8678], [9.355, 48.8684], [9.3555, 48.8685], [9.3557, 48.8685], [9.3561, 48.8686], [9.3575, 48.869], [9.3578, 48.8691]], [[9.3578, 48.8691], [9.3589, 48.8693], [9.3604, 48.8697], [9.3608, 48.8698]], [[9.3608, 48.8698], [9.3613, 48.8699]], [[9.3613, 48.8699], [9.3625, 48.8702], [9.3636, 48.8705], [9.3666, 48.8713], [9.3697, 48.872], [9.3725, 48.8727], [9.3742, 48.8731], [9.3775, 48.8739], [9.3806, 48.8747], [9.3808, 48.8747]], [[9.3808, 48.8747], [9.3827, 48.8752]], [[9.3827, 48.8752], [9.3834, 48.8754], [9.3854, 48.8758], [9.3861, 48.876], [9.3864, 48.8761]], [[9.3864, 48.8761], [9.3872, 48.8763]], [[9.3872, 48.8763], [9.3879, 48.8765], [9.3883, 48.8766], [9.3887, 48.8768], [9.389, 48.8769], [9.3893, 48.877], [9.3895, 48.8771], [9.3898, 48.8773], [9.39, 48.8774], [9.3901, 48.8775], [9.3903, 48.8777], [9.3905, 48.8778]], [[9.3905, 48.8778], [9.3906, 48.8779], [9.3907, 48.878]], [[9.3907, 48.878], [9.3909, 48.8782], [9.3912, 48.8784]], [[9.3912, 48.8784], [9.3914, 48.8787], [9.3916, 48.8789], [9.3924, 48.8797], [9.3925, 48.8798], [9.3926, 48.8799], [9.3929, 48.8803], [9.3931, 48.8804], [9.3936, 48.8809], [9.3944, 48.8818], [9.3953, 48.8827]], [[9.3953, 48.8827], [9.3957, 48.8832]], [[9.3957, 48.8832], [9.3958, 48.8832], [9.3963, 48.8837], [9.3971, 48.8845], [9.3986, 48.886], [9.4002, 48.8877], [9.4007, 48.8882], [9.4027, 48.8902], [9.403, 48.8906], [9.405, 48.8926], [9.4058, 48.8934], [9.4062, 48.8938], [9.4064, 48.894], [9.4074, 48.8951], [9.4079, 48.8956], [9.4084, 48.8961], [9.4088, 48.8965], [9.4108, 48.8986], [9.4114, 48.8992], [9.4126, 48.9004], [9.4134, 48.9013], [9.4154, 48.9033], [9.4155, 48.9034], [9.4157, 48.9036], [9.4158, 48.9037], [9.4162, 48.9042], [9.4168, 48.9048], [9.4171, 48.9051], [9.42, 48.9081], [9.4209, 48.909], [9.4212, 48.9093], [9.4221, 48.9103], [9.4229, 48.9115], [9.4233, 48.9121], [9.4235, 48.9127], [9.4235, 48.9128], [9.4237, 48.9136], [9.4237, 48.9137], [9.424, 48.9154], [9.424, 48.9159], [9.4241, 48.9162], [9.4243, 48.918], [9.4245, 48.919], [9.4246, 48.9202], [9.4247, 48.9209], [9.4248, 48.9214], [9.4248, 48.9215]], [[9.4248, 48.9215], [9.4248, 48.922], [9.4248, 48.9222], [9.4247, 48.9225], [9.4247, 48.9228], [9.4245, 48.9231], [9.4243, 48.9236]], [[9.4243, 48.9236], [9.4241, 48.9239], [9.4238, 48.9242]], [[9.4238, 48.9242], [9.4235, 48.9245]], [[9.4235, 48.9245], [9.4232, 48.9247], [9.4229, 48.9249]], [[9.4229, 48.9249], [9.4225, 48.9252], [9.4221, 48.9254], [9.4218, 48.9255], [9.4215, 48.9256], [9.4214, 48.9257], [9.4211, 48.9258], [9.4208, 48.9259], [9.4206, 48.926], [9.4201, 48.9261], [9.4198, 48.9262], [9.4194, 48.9263], [9.419, 48.9264], [9.4185, 48.9265], [9.4184, 48.9265], [9.418, 48.9266], [9.4177, 48.9267], [9.4175, 48.9268], [9.4172, 48.9269], [9.4168, 48.927], [9.4162, 48.9273], [9.4157, 48.9276], [9.4155, 48.9277], [9.4153, 48.9279], [9.4147, 48.9284], [9.4142, 48.9289], [9.414, 48.9292], [9.4136, 48.9297], [9.4129, 48.9307], [9.4126, 48.9312], [9.412, 48.9321], [9.4119, 48.9322], [9.4117, 48.9326], [9.4115, 48.933], [9.4115, 48.9333], [9.4114, 48.9336], [9.4114, 48.9338], [9.4114, 48.934], [9.4114, 48.9341], [9.4114, 48.9342], [9.4115, 48.9343], [9.4115, 48.9345], [9.4116, 48.9348], [9.4117, 48.935], [9.4118, 48.9353], [9.4119, 48.9355], [9.4121, 48.9357], [9.4122, 48.9358], [9.4123, 48.936], [9.4126, 48.9363], [9.4129, 48.9365], [9.4133, 48.9368], [9.4134, 48.9369], [9.4136, 48.937], [9.4138, 48.9371], [9.415, 48.9379], [9.4156, 48.9382], [9.4164, 48.9387], [9.417, 48.9391]], [[9.417, 48.9391], [9.4172, 48.9392], [9.4173, 48.9392]], [[9.4173, 48.9392], [9.4175, 48.9393]], [[9.4175, 48.9393], [9.4175, 48.9394], [9.4176, 48.9394]], [[9.4176, 48.9394], [9.4181, 48.9397], [9.4184, 48.9399], [9.4189, 48.9401]], [[9.4189, 48.9401], [9.4197, 48.9406], [9.4203, 48.9409], [9.4208, 48.9411], [9.4212, 48.9413]]]}, "properties": {"ref": "S3", "opened_year": 1978, "is_tunnel": false, "segment_count": 283}}, {"type": "Feature", "geometry": {"type": "MultiLineString", "coordinates": [[[9.181, 48.7843], [9.1811, 48.7843], [9.1808, 48.7839], [9.1804, 48.7835], [9.1803, 48.7833], [9.1802, 48.7832], [9.18, 48.783], [9.1796, 48.7826], [9.1795, 48.7826], [9.1795, 48.7827], [9.1796, 48.7828], [9.1798, 48.783], [9.1801, 48.7833], [9.1802, 48.7834], [9.1803, 48.7835], [9.1807, 48.7839], [9.1807, 48.784], [9.181, 48.7843]], [[9.1721, 48.7754], [9.1721, 48.7755], [9.172, 48.7755], [9.1737, 48.777], [9.1738, 48.777], [9.1739, 48.7769], [9.1722, 48.7754], [9.1721, 48.7754]], [[9.3483, 48.8655], [9.3481, 48.8654], [9.3463, 48.864], [9.3454, 48.8635]], [[9.2075, 48.8005], [9.2035, 48.7986]], [[9.1955, 48.794], [9.1941, 48.7934]], [[9.1935, 48.793], [9.193, 48.7928], [9.1922, 48.7924], [9.1919, 48.7922]], [[9.1847, 48.7879], [9.1842, 48.7875]], [[9.1842, 48.7875], [9.184, 48.7873], [9.184, 48.7872], [9.183, 48.7861], [9.1829, 48.7861], [9.1829, 48.786], [9.1827, 48.7858], [9.1823, 48.7854], [9.182, 48.7851], [9.1819, 48.7851], [9.1818, 48.785], [9.1814, 48.7847]], [[9.1814, 48.7847], [9.1813, 48.7845], [9.181, 48.7844], [9.181, 48.7843]], [[9.181, 48.7843], [9.1807, 48.784], [9.1805, 48.7838], [9.1802, 48.7835], [9.18, 48.7832], [9.1797, 48.783], [9.1795, 48.7827], [9.1795, 48.7826], [9.179, 48.7821], [9.1787, 48.7817], [9.1777, 48.7806], [9.1776, 48.7805], [9.1767, 48.7797], [9.1764, 48.7794], [9.1763, 48.7792], [9.1757, 48.7787], [9.1755, 48.7785], [9.1753, 48.7783], [9.175, 48.7781], [9.1742, 48.7774], [9.1738, 48.7771], [9.1737, 48.777], [9.1733, 48.7767], [9.1731, 48.7765], [9.173, 48.7764], [9.1729, 48.7763], [9.1726, 48.776], [9.1723, 48.7758], [9.172, 48.7755], [9.1712, 48.7748], [9.1707, 48.7744], [9.1706, 48.7743], [9.17, 48.774], [9.1697, 48.7738], [9.1693, 48.7736], [9.1679, 48.7732], [9.1675, 48.7731], [9.1671, 48.773]], [[9.1671, 48.773], [9.1658, 48.7726], [9.1654, 48.7726], [9.1647, 48.7723], [9.1643, 48.7722], [9.1642, 48.7722]], [[9.1642, 48.7722], [9.163, 48.7718], [9.1626, 48.7717], [9.1601, 48.7711], [9.1597, 48.771], [9.1592, 48.7709], [9.1591, 48.7709], [9.1588, 48.7708]], [[9.1588, 48.7708], [9.1583, 48.7707], [9.1579, 48.7706], [9.1577, 48.7705]], [[9.1577, 48.7705], [9.1572, 48.7704], [9.1571, 48.7704], [9.1569, 48.7703]], [[9.1569, 48.7703], [9.1557, 48.77], [9.1551, 48.7698], [9.1543, 48.7696]], [[9.1543, 48.7696], [9.1542, 48.7696], [9.1539, 48.7695], [9.1537, 48.7695], [9.1536, 48.7695]], [[9.1536, 48.7695], [9.1523, 48.7692], [9.1521, 48.7692], [9.1511, 48.7689], [9.1505, 48.7688], [9.1498, 48.7686]], [[9.1498, 48.7686], [9.1497, 48.7686], [9.1495, 48.7685], [9.1486, 48.7682], [9.1479, 48.768], [9.1474, 48.7678], [9.1472, 48.7677], [9.1462, 48.7673], [9.1452, 48.767]], [[9.1452, 48.767], [9.145, 48.7669], [9.1438, 48.7664], [9.143, 48.7661]], [[9.143, 48.7661], [9.1415, 48.7655], [9.1403, 48.7651], [9.1392, 48.7646], [9.1389, 48.7645], [9.138, 48.7641], [9.1368, 48.7637], [9.1358, 48.7633], [9.1357, 48.7632], [9.1355, 48.7632], [9.1345, 48.7628], [9.1333, 48.7623], [9.1321, 48.7619], [9.131, 48.7614], [9.1298, 48.7609], [9.1289, 48.7606], [9.1287, 48.7605], [9.1275, 48.76], [9.1263, 48.7595], [9.1252, 48.7591], [9.1246, 48.7589], [9.1244, 48.7588], [9.124, 48.7586], [9.1232, 48.7583], [9.1228, 48.7582], [9.1217, 48.7577], [9.1205, 48.7572], [9.1194, 48.7568], [9.1193, 48.7568], [9.1174, 48.7561], [9.1169, 48.7559], [9.1158, 48.7554], [9.1146, 48.755], [9.1136, 48.7546], [9.1124, 48.7541], [9.11, 48.7532], [9.1089, 48.7527], [9.1087, 48.7527]], [[9.1087, 48.7527], [9.1077, 48.7523], [9.1076, 48.7522], [9.1066, 48.7517]], [[9.1066, 48.7517], [9.1054, 48.7506], [9.1053, 48.7504], [9.1051, 48.7501], [9.1048, 48.7493], [9.1047, 48.7492], [9.1047, 48.7488], [9.1046, 48.7484], [9.1046, 48.7483], [9.1047, 48.7479], [9.1048, 48.7474], [9.1051, 48.7465], [9.1052, 48.7461], [9.1053, 48.746]], [[9.1053, 48.746], [9.1053, 48.7459], [9.1054, 48.7458], [9.1055, 48.7456], [9.1057, 48.7453], [9.106, 48.7449], [9.1061, 48.7448], [9.1064, 48.7444], [9.1067, 48.7441]], [[9.1067, 48.7441], [9.1074, 48.7435], [9.1082, 48.7428], [9.1084, 48.7426], [9.109, 48.7422], [9.1094, 48.7419], [9.1098, 48.7416], [9.1103, 48.7414], [9.1109, 48.7411], [9.1119, 48.7407], [9.1127, 48.7403], [9.1131, 48.7402], [9.1134, 48.74], [9.1136, 48.7399]], [[9.1103, 48.7141], [9.1103, 48.714], [9.1104, 48.7139], [9.1104, 48.7137]], [[9.1399, 48.7018], [9.14, 48.7018], [9.1401, 48.7017], [9.1402, 48.7016], [9.1404, 48.7016], [9.1405, 48.7015], [9.1406, 48.7014]], [[9.1605, 48.6924], [9.1618, 48.6924], [9.1633, 48.6924], [9.1653, 48.6924], [9.1662, 48.6924], [9.1671, 48.6924], [9.1678, 48.6923], [9.1679, 48.6923]], [[9.1679, 48.6923], [9.1688, 48.6922]], [[9.1701, 48.6919], [9.1707, 48.6919]], [[9.1707, 48.6919], [9.1715, 48.6918]], [[9.1738, 48.6915], [9.1746, 48.6914]], [[9.1768, 48.6912], [9.1781, 48.6911], [9.1782, 48.6911]], [[9.1847, 48.69], [9.1852, 48.6899], [9.1856, 48.6899], [9.1859, 48.6898], [9.1861, 48.6898], [9.187, 48.6898], [9.1874, 48.6899], [9.188, 48.6899]], [[9.189, 48.69], [9.188, 48.6899]], [[9.1922, 48.6905], [9.192, 48.6904], [9.1916, 48.6904], [9.1912, 48.6903], [9.1911, 48.6903], [9.1906, 48.6902], [9.19, 48.6901], [9.1894, 48.6901], [9.189, 48.69]], [[9.1927, 48.6906], [9.1924, 48.6905], [9.1922, 48.6905]], [[9.189, 48.69], [9.1874, 48.6899], [9.1868, 48.6899], [9.1861, 48.6899], [9.1859, 48.6899], [9.1856, 48.6899], [9.1852, 48.6899], [9.185, 48.69], [9.1847, 48.69]], [[9.1782, 48.6911], [9.1781, 48.6912], [9.1768, 48.6913]], [[9.1746, 48.6915], [9.1738, 48.6916]], [[9.1716, 48.6919], [9.1707, 48.692]], [[9.1688, 48.6923], [9.1684, 48.6923], [9.1683, 48.6924], [9.1681, 48.6924]], [[9.1678, 48.6924], [9.1671, 48.6924], [9.1662, 48.6925], [9.1654, 48.6924], [9.1633, 48.6924], [9.1618, 48.6924], [9.1605, 48.6924]], [[9.1406, 48.7014], [9.1405, 48.7015], [9.1404, 48.7016], [9.1403, 48.7017], [9.1401, 48.7018], [9.14, 48.7018], [9.1399, 48.7019]], [[9.1105, 48.7137], [9.1104, 48.7139], [9.1104, 48.714], [9.1104, 48.7141]], [[9.1136, 48.7399], [9.1131, 48.7402], [9.1128, 48.7404], [9.1127, 48.7404], [9.112, 48.7407], [9.111, 48.7412], [9.1104, 48.7414], [9.1094, 48.7419], [9.109, 48.7422], [9.1085, 48.7427], [9.1083, 48.7428], [9.1075, 48.7435], [9.1068, 48.7441], [9.1067, 48.7442]], [[9.1067, 48.7442], [9.1065, 48.7445], [9.1064, 48.7445], [9.1061, 48.7448], [9.1061, 48.7449], [9.1058, 48.7453], [9.1055, 48.7457], [9.1055, 48.7458], [9.1054, 48.7459], [9.1053, 48.7461]], [[9.1053, 48.7461], [9.1052, 48.7465], [9.1049, 48.7474], [9.1048, 48.7479], [9.1048, 48.7483], [9.1048, 48.7484], [9.1048, 48.7488], [9.1049, 48.7492], [9.1053, 48.7501], [9.1055, 48.7504], [9.1067, 48.7516], [9.1077, 48.7521], [9.1078, 48.7522], [9.1088, 48.7526], [9.1089, 48.7526], [9.1101, 48.7531], [9.1125, 48.754], [9.1136, 48.7545], [9.1147, 48.7549], [9.115, 48.755], [9.1159, 48.7553], [9.117, 48.7558], [9.1184, 48.7564], [9.1194, 48.7567], [9.1205, 48.7572], [9.1217, 48.7576], [9.1229, 48.7581], [9.1232, 48.7582], [9.1235, 48.7584], [9.1241, 48.7586], [9.1252, 48.759], [9.126, 48.7593], [9.1264, 48.7595], [9.1276, 48.7599], [9.1288, 48.7604], [9.129, 48.7604], [9.1299, 48.7608], [9.1311, 48.7612], [9.1323, 48.7617], [9.1335, 48.7622], [9.1346, 48.7626], [9.1356, 48.763], [9.1358, 48.7631], [9.1359, 48.7631], [9.137, 48.7635], [9.1381, 48.764]], [[9.1381, 48.764], [9.1393, 48.7644], [9.1405, 48.7649], [9.1416, 48.7653], [9.1431, 48.7659]], [[9.1431, 48.7659], [9.144, 48.7663], [9.1452, 48.7667], [9.1463, 48.7672], [9.1474, 48.7675], [9.1476, 48.7676], [9.1481, 48.7678], [9.1488, 48.7679], [9.1499, 48.7683], [9.15, 48.7683], [9.1507, 48.7685], [9.1513, 48.7686], [9.1522, 48.7689], [9.1525, 48.769], [9.1537, 48.7694], [9.1538, 48.7694], [9.1539, 48.7694]], [[9.1539, 48.7694], [9.1543, 48.7695]], [[9.1543, 48.7695], [9.1544, 48.7695], [9.1551, 48.7697], [9.1552, 48.7697]], [[9.1552, 48.7697], [9.1557, 48.7699], [9.157, 48.7702]], [[9.157, 48.7702], [9.1578, 48.7704]], [[9.1578, 48.7704], [9.158, 48.7705], [9.1584, 48.7706], [9.1592, 48.7708], [9.1599, 48.771], [9.1605, 48.7712], [9.1626, 48.7717], [9.163, 48.7718], [9.1637, 48.772], [9.1639, 48.772], [9.1643, 48.7721]], [[9.1643, 48.7721], [9.1655, 48.7725], [9.1658, 48.7725], [9.1671, 48.7729], [9.1672, 48.7729]], [[9.1672, 48.7729], [9.1679, 48.7732], [9.1684, 48.7733], [9.1693, 48.7736], [9.1697, 48.7737], [9.1701, 48.7739], [9.1706, 48.7743], [9.1708, 48.7744], [9.1712, 48.7747], [9.1714, 48.7748], [9.172, 48.7753], [9.1722, 48.7754], [9.1723, 48.7756], [9.1727, 48.7759], [9.173, 48.7762], [9.1731, 48.7762], [9.1733, 48.7764], [9.1733, 48.7765], [9.1739, 48.7769], [9.174, 48.777], [9.1756, 48.7785], [9.1757, 48.7787], [9.176, 48.7789], [9.1767, 48.7796], [9.1777, 48.7805], [9.1778, 48.7806], [9.1786, 48.7815], [9.1789, 48.7818], [9.1791, 48.782], [9.1796, 48.7826], [9.1797, 48.7826], [9.1799, 48.7829], [9.1802, 48.7832], [9.1804, 48.7834], [9.1806, 48.7837], [9.1809, 48.784], [9.1811, 48.7842], [9.1811, 48.7843]], [[9.1811, 48.7843], [9.1823, 48.7853], [9.1825, 48.7856], [9.1826, 48.7857], [9.1828, 48.7859], [9.1841, 48.7872], [9.1843, 48.7875]], [[9.1843, 48.7875], [9.1848, 48.7879]], [[9.1901, 48.7913], [9.1902, 48.7913]], [[9.1902, 48.7913], [9.1911, 48.7918], [9.1912, 48.7918], [9.1913, 48.7919], [9.1917, 48.7921], [9.1918, 48.7921], [9.1919, 48.7922]], [[9.1919, 48.7922], [9.1922, 48.7924], [9.1926, 48.7925], [9.193, 48.7927], [9.1934, 48.7929], [9.1935, 48.793]], [[9.1942, 48.7933], [9.1955, 48.794]], [[9.2036, 48.7986], [9.2075, 48.8004]], [[9.3454, 48.8635], [9.3463, 48.864]], [[9.3463, 48.864], [9.3483, 48.8655]]]}, "properties": {"ref": "S3", "opened_year": 1978, "is_tunnel": true, "segment_count": 65}}, {"type": "Feature", "geometry": {"type": "MultiLineString", "coordinates": [[[9.4281, 48.9432], [9.4268, 48.9429], [9.4267, 48.9429], [9.4265, 48.9429], [9.4264, 48.9429], [9.426, 48.9428], [9.4256, 48.9427], [9.4253, 48.9427], [9.4256, 48.9428], [9.426, 48.9429], [9.4261, 48.9429], [9.4262, 48.9429], [9.4263, 48.9429], [9.4264, 48.9429], [9.4267, 48.9429], [9.4267, 48.943], [9.4268, 48.943], [9.4269, 48.943], [9.427, 48.943], [9.4272, 48.943], [9.4278, 48.9431], [9.4281, 48.9432]], [[9.3703, 48.9287], [9.3706, 48.9289], [9.3703, 48.9288], [9.3701, 48.9286], [9.3698, 48.9285], [9.3695, 48.9284], [9.3692, 48.9283], [9.3689, 48.9282], [9.3691, 48.9282], [9.3693, 48.9283], [9.3694, 48.9284], [9.3698, 48.9285], [9.3701, 48.9286], [9.3703, 48.9287]], [[9.3275, 48.9395], [9.3289, 48.9392], [9.3292, 48.9391], [9.3294, 48.9391], [9.3293, 48.9391], [9.3293, 48.9392], [9.3292, 48.9392], [9.3291, 48.9392], [9.329, 48.9392], [9.3289, 48.9392], [9.3288, 48.9392], [9.3288, 48.9393], [9.3288, 48.9392], [9.3287, 48.9393], [9.3286, 48.9393], [9.3285, 48.9393], [9.3275, 48.9395]], [[9.2996, 48.9482], [9.2995, 48.9482], [9.2994, 48.9482], [9.2992, 48.9483], [9.2988, 48.9484], [9.2986, 48.9484], [9.2984, 48.9485], [9.2982, 48.9486], [9.2979, 48.9486], [9.2978, 48.9487], [9.2977, 48.9486], [9.2978, 48.9486], [9.2979, 48.9486], [9.298, 48.9486], [9.2981, 48.9485], [9.2984, 48.9484], [9.2986, 48.9484], [9.2988, 48.9484], [9.2992, 48.9482], [9.2994, 48.9482], [9.2995, 48.9482], [9.2996, 48.9482]], [[9.2456, 48.9433], [9.2454, 48.9434], [9.2452, 48.9435], [9.245, 48.9435], [9.2449, 48.9436], [9.2447, 48.9437], [9.2445, 48.9437], [9.2443, 48.9439], [9.244, 48.944], [9.2438, 48.9441], [9.2436, 48.9442], [9.2433, 48.9444], [9.2436, 48.9443], [9.2438, 48.9441], [9.244, 48.944], [9.2443, 48.9439], [9.2446, 48.9438], [9.2447, 48.9437], [9.2449, 48.9436], [9.245, 48.9436], [9.2452, 48.9435], [9.2454, 48.9434], [9.2456, 48.9433]], [[9.1809, 48.9099], [9.181, 48.91], [9.1811, 48.91], [9.1813, 48.9103], [9.1814, 48.9103], [9.1812, 48.9101], [9.1806, 48.9096], [9.1801, 48.9091], [9.1797, 48.9087], [9.1796, 48.9087], [9.1797, 48.9088], [9.1798, 48.9088], [9.1798, 48.9089], [9.1799, 48.9089], [9.1798, 48.9089], [9.1808, 48.9098], [9.1809, 48.9099]], [[9.1672, 48.829], [9.1671, 48.8292], [9.1669, 48.8295], [9.1668, 48.8297], [9.1666, 48.83], [9.1665, 48.83], [9.1662, 48.8305], [9.1663, 48.8305], [9.1662, 48.8306], [9.1665, 48.8302], [9.1666, 48.83], [9.1667, 48.8299], [9.1668, 48.8297], [9.1669, 48.8295], [9.1671, 48.8293], [9.1671, 48.8292], [9.1673, 48.829], [9.1674, 48.8289], [9.1673, 48.8289], [9.1672, 48.8289], [9.1672, 48.829]], [[9.1688, 48.8139], [9.1687, 48.814], [9.1688, 48.814], [9.1689, 48.8139], [9.169, 48.8138], [9.1692, 48.8136], [9.1692, 48.8135], [9.1695, 48.8133], [9.1697, 48.8131], [9.1698, 48.813], [9.1699, 48.8129], [9.1701, 48.8128], [9.1704, 48.8126], [9.1706, 48.8125], [9.1705, 48.8125], [9.1703, 48.8126], [9.1701, 48.8128], [9.1699, 48.8129], [9.1699, 48.8128], [9.1697, 48.813], [9.1696, 48.813], [9.1694, 48.8132], [9.1693, 48.8132], [9.1691, 48.8135], [9.169, 48.8136], [9.1688, 48.8138], [9.1688, 48.8139]], [[9.1551, 48.7698], [9.1553, 48.7698], [9.1563, 48.7701], [9.1564, 48.7701], [9.1576, 48.7704], [9.1577, 48.7704], [9.1577, 48.7705], [9.1576, 48.7705], [9.1575, 48.7704], [9.1573, 48.7704], [9.1569, 48.7703], [9.1568, 48.7703], [9.1561, 48.7701], [9.1554, 48.7699], [9.1553, 48.7699], [9.1551, 48.7698]], [[9.4258, 48.9428], [9.4253, 48.9427], [9.4252, 48.9427], [9.4246, 48.9425], [9.4245, 48.9425], [9.4243, 48.9425], [9.424, 48.9424], [9.4237, 48.9423], [9.4234, 48.9422], [9.423, 48.9421], [9.4227, 48.942], [9.4223, 48.9419]], [[9.4213, 48.9415], [9.4215, 48.9416], [9.4217, 48.9417], [9.4223, 48.9419]], [[9.4203, 48.9411], [9.4204, 48.9412], [9.4208, 48.9413], [9.4211, 48.9415], [9.4212, 48.9415], [9.4213, 48.9415]], [[9.4203, 48.9411], [9.4199, 48.941], [9.4195, 48.9408], [9.4193, 48.9406], [9.419, 48.9404], [9.4189, 48.9404], [9.4184, 48.9402], [9.4178, 48.9398], [9.4174, 48.9396], [9.4172, 48.9395]], [[9.4172, 48.9395], [9.4171, 48.9394]], [[9.4171, 48.9394], [9.417, 48.9393], [9.4168, 48.9392], [9.4148, 48.9381], [9.4142, 48.9377], [9.4137, 48.9375], [9.4135, 48.9374], [9.4133, 48.9373], [9.4128, 48.9371], [9.412, 48.9368], [9.4107, 48.9364], [9.4103, 48.9362], [9.4099, 48.9361], [9.4084, 48.9355], [9.408, 48.9353], [9.4076, 48.9351], [9.4073, 48.9349], [9.4069, 48.9347], [9.4064, 48.9344]], [[9.4064, 48.9344], [9.406, 48.9342]], [[9.406, 48.9342], [9.4056, 48.934], [9.405, 48.9337], [9.4045, 48.9335], [9.4044, 48.9335], [9.4039, 48.9333]], [[9.4039, 48.9333], [9.4035, 48.9333], [9.4034, 48.9332]], [[9.4034, 48.9332], [9.4029, 48.9332], [9.4025, 48.9331], [9.4022, 48.9331], [9.4019, 48.9331], [9.4012, 48.9331], [9.4008, 48.9332], [9.3996, 48.9333], [9.3981, 48.9334], [9.3978, 48.9334], [9.3968, 48.9335], [9.3958, 48.9335], [9.3952, 48.9335], [9.394, 48.9334], [9.393, 48.9334], [9.3927, 48.9334], [9.3922, 48.9334], [9.3918, 48.9335], [9.3911, 48.9336], [9.39, 48.9338], [9.3895, 48.9339], [9.3893, 48.9339], [9.3889, 48.934], [9.3884, 48.934], [9.3882, 48.934], [9.3878, 48.934], [9.3873, 48.9339], [9.3868, 48.9339], [9.3865, 48.9338], [9.3862, 48.9337], [9.3858, 48.9336], [9.3853, 48.9334], [9.3849, 48.9332], [9.3841, 48.9328], [9.3826, 48.9321], [9.3826, 48.932], [9.3817, 48.9317], [9.3812, 48.9316], [9.3807, 48.9315], [9.3803, 48.9314], [9.3801, 48.9314], [9.3799, 48.9314], [9.3794, 48.9314], [9.3785, 48.9314], [9.3775, 48.9314], [9.377, 48.9314], [9.3765, 48.9314], [9.3757, 48.9313], [9.3755, 48.9313], [9.3751, 48.9312], [9.3746, 48.9311], [9.3741, 48.931], [9.3736, 48.9308], [9.3731, 48.9305], [9.3725, 48.9302], [9.3724, 48.9301], [9.3722, 48.93], [9.3719, 48.9298]], [[9.3719, 48.9298], [9.3718, 48.9297], [9.3717, 48.9296], [9.3714, 48.9294], [9.3711, 48.9293]], [[9.3711, 48.9293], [9.3709, 48.9291]], [[9.362, 48.9294], [9.3622, 48.9292], [9.3624, 48.929], [9.3627, 48.9288], [9.363, 48.9287], [9.3631, 48.9286], [9.3633, 48.9285], [9.3636, 48.9284], [9.3637, 48.9283], [9.364, 48.9282], [9.3644, 48.9281], [9.3647, 48.928], [9.3648, 48.928], [9.365, 48.9279], [9.3655, 48.9279], [9.3659, 48.9278], [9.3664, 48.9278], [9.3668, 48.9278], [9.3671, 48.9278], [9.3674, 48.9279], [9.3676, 48.9279], [9.3679, 48.9279], [9.3682, 48.928], [9.3685, 48.9281], [9.3687, 48.9282], [9.369, 48.9282], [9.3694, 48.9284], [9.3695, 48.9284], [9.3699, 48.9286], [9.3701, 48.9287], [9.3703, 48.9288], [9.3704, 48.9288], [9.3705, 48.9289], [9.3707, 48.929], [9.3708, 48.929], [9.3709, 48.9291]], [[9.362, 48.9294], [9.3619, 48.9295]], [[9.3619, 48.9295], [9.3618, 48.9296], [9.3613, 48.93], [9.3612, 48.9301], [9.3608, 48.9305], [9.3605, 48.9307], [9.3603, 48.9309], [9.3601, 48.931], [9.3598, 48.9311], [9.3595, 48.9313], [9.3592, 48.9313], [9.3591, 48.9314], [9.3588, 48.9315], [9.3586, 48.9316], [9.3583, 48.9316], [9.3582, 48.9316], [9.358, 48.9317], [9.3576, 48.9318], [9.3574, 48.9318], [9.3572, 48.9318], [9.3568, 48.9319], [9.3564, 48.9319], [9.3563, 48.9319], [9.3558, 48.9319], [9.3551, 48.9319], [9.3547, 48.9318], [9.3543, 48.9318], [9.3534, 48.9317]], [[9.3534, 48.9317], [9.3527, 48.9317]], [[9.3527, 48.9317], [9.3519, 48.9316], [9.3516, 48.9316], [9.3498, 48.9314], [9.3491, 48.9314], [9.3487, 48.9313], [9.3485, 48.9313], [9.3479, 48.9312], [9.3467, 48.9309], [9.3464, 48.9308], [9.3463, 48.9307], [9.346, 48.9307], [9.345, 48.9304], [9.3438, 48.9301], [9.3437, 48.93], [9.343, 48.9299], [9.3422, 48.9298], [9.3415, 48.9298], [9.3412, 48.9298], [9.3409, 48.9299], [9.3408, 48.9299], [9.3406, 48.9299], [9.3403, 48.9299], [9.34, 48.93], [9.3395, 48.9301], [9.339, 48.9302], [9.3387, 48.9303], [9.3384, 48.9304], [9.3381, 48.9305], [9.3377, 48.9307], [9.3371, 48.931], [9.3368, 48.9312], [9.3365, 48.9316], [9.3362, 48.9318], [9.3359, 48.9323], [9.3357, 48.9326], [9.3357, 48.9329], [9.3356, 48.9332], [9.3356, 48.9334], [9.3356, 48.9345]], [[9.3356, 48.9345], [9.3356, 48.935], [9.3356, 48.9351], [9.3356, 48.9354], [9.3355, 48.9355], [9.3355, 48.9359], [9.3353, 48.9361], [9.3352, 48.9364], [9.335, 48.9366], [9.335, 48.9367], [9.3348, 48.937], [9.3345, 48.9372], [9.3343, 48.9374], [9.334, 48.9376], [9.3337, 48.9378], [9.3335, 48.9379], [9.3332, 48.938]], [[9.3332, 48.938], [9.333, 48.9381]], [[9.333, 48.9381], [9.3328, 48.9382], [9.3325, 48.9383], [9.3323, 48.9384], [9.3321, 48.9385], [9.332, 48.9385], [9.3317, 48.9386], [9.3314, 48.9387], [9.3313, 48.9387], [9.3309, 48.9388], [9.3306, 48.9389], [9.329, 48.9392], [9.3284, 48.9393], [9.3283, 48.9393], [9.3271, 48.9395], [9.3251, 48.9399]], [[9.3251, 48.9399], [9.3247, 48.94]], [[9.3247, 48.94], [9.3242, 48.9401], [9.3237, 48.9402], [9.3234, 48.9403], [9.3231, 48.9404]], [[9.3231, 48.9404], [9.3227, 48.9406], [9.3225, 48.9407], [9.3222, 48.9408]], [[9.3222, 48.9408], [9.3221, 48.9409], [9.3218, 48.941], [9.3216, 48.9412], [9.3213, 48.9413], [9.321, 48.9416], [9.3209, 48.9417], [9.3207, 48.9419], [9.3201, 48.9425], [9.3197, 48.9429], [9.3195, 48.9431], [9.3194, 48.9432], [9.3191, 48.9435], [9.3188, 48.9438], [9.3186, 48.9439], [9.3184, 48.944], [9.3182, 48.9442], [9.3179, 48.9444], [9.3176, 48.9445], [9.3173, 48.9447], [9.3172, 48.9447], [9.317, 48.9448], [9.3169, 48.9448], [9.3168, 48.9449], [9.3164, 48.945], [9.316, 48.9451], [9.3155, 48.9452], [9.315, 48.9452], [9.3145, 48.9452], [9.3142, 48.9452], [9.3135, 48.9453], [9.3131, 48.9453], [9.3125, 48.9453], [9.3121, 48.9454], [9.3117, 48.9455], [9.3114, 48.9455], [9.3111, 48.9456], [9.3108, 48.9457], [9.3106, 48.9458], [9.3104, 48.9459], [9.3101, 48.946], [9.3099, 48.9461], [9.3092, 48.9464], [9.3088, 48.9466], [9.3086, 48.9467], [9.3083, 48.9468], [9.3081, 48.9469], [9.3079, 48.947], [9.3077, 48.9471], [9.3076, 48.9471], [9.3072, 48.9472], [9.307, 48.9473], [9.3067, 48.9474], [9.3063, 48.9474], [9.3059, 48.9475], [9.3057, 48.9475], [9.3049, 48.9476], [9.3019, 48.9479], [9.3012, 48.948], [9.3005, 48.948], [9.3003, 48.9481], [9.3002, 48.9481], [9.2998, 48.9482], [9.2997, 48.9482], [9.2996, 48.9482], [9.2995, 48.9482], [9.2992, 48.9483], [9.2989, 48.9484], [9.2985, 48.9485], [9.2983, 48.9485], [9.2977, 48.9487], [9.2971, 48.9489], [9.2964, 48.9491], [9.2961, 48.9492], [9.2957, 48.9493], [9.2955, 48.9494], [9.2953, 48.9494], [9.295, 48.9494], [9.2948, 48.9495], [9.2945, 48.9495], [9.2942, 48.9495], [9.2938, 48.9496], [9.2932, 48.9496], [9.2928, 48.9495], [9.2924, 48.9495], [9.292, 48.9494], [9.2918, 48.9494], [9.2911, 48.9493]], [[9.2911, 48.9493], [9.2905, 48.9491], [9.2901, 48.9491], [9.2891, 48.9489], [9.2867, 48.9483], [9.285, 48.948], [9.2841, 48.9478], [9.2817, 48.9473], [9.2816, 48.9473], [9.2812, 48.9472], [9.2789, 48.9467], [9.2781, 48.9465], [9.2776, 48.9464], [9.2767, 48.9462], [9.2766, 48.9462]], [[9.2766, 48.9462], [9.2763, 48.9461], [9.2754, 48.9459], [9.2746, 48.9458], [9.2743, 48.9457], [9.2739, 48.9456], [9.2736, 48.9456], [9.2727, 48.9454], [9.2723, 48.9453], [9.2718, 48.9452], [9.2711, 48.9451], [9.2703, 48.9449]], [[9.2703, 48.9449], [9.2694, 48.9447], [9.2692, 48.9446]], [[9.2692, 48.9446], [9.2689, 48.9446], [9.2688, 48.9446], [9.2684, 48.9445], [9.2681, 48.9445], [9.2677, 48.9444], [9.2675, 48.9444], [9.2671, 48.9443]], [[9.2671, 48.9443], [9.2662, 48.9441], [9.2661, 48.944], [9.2657, 48.944], [9.2654, 48.9439], [9.265, 48.9438], [9.2648, 48.9438], [9.2646, 48.9437], [9.2645, 48.9437]], [[9.2645, 48.9437], [9.264, 48.9436], [9.2634, 48.9435], [9.2631, 48.9434], [9.263, 48.9434], [9.2627, 48.9433], [9.2625, 48.9433]], [[9.2625, 48.9433], [9.2624, 48.9433], [9.2619, 48.9431], [9.2618, 48.9431], [9.2615, 48.943]], [[9.2615, 48.943], [9.2614, 48.943]], [[9.2614, 48.943], [9.2612, 48.943]], [[9.2612, 48.943], [9.2609, 48.9429], [9.2607, 48.9429], [9.2606, 48.9428], [9.2601, 48.9428], [9.2597, 48.9427], [9.2594, 48.9427]], [[9.2594, 48.9427], [9.2592, 48.9427]], [[9.2592, 48.9427], [9.2588, 48.9427], [9.2584, 48.9427], [9.2575, 48.9427], [9.257, 48.9427], [9.2565, 48.9427], [9.2548, 48.9427], [9.2543, 48.9428]], [[9.2543, 48.9428], [9.2523, 48.9428], [9.2493, 48.9428], [9.2491, 48.9428]], [[9.2491, 48.9428], [9.249, 48.9428]], [[9.249, 48.9428], [9.2486, 48.9428], [9.2481, 48.9429], [9.2476, 48.9429], [9.2472, 48.943], [9.2468, 48.943], [9.2463, 48.9431], [9.246, 48.9432], [9.2457, 48.9433]], [[9.2457, 48.9433], [9.2456, 48.9433], [9.2455, 48.9434], [9.2451, 48.9435], [9.2447, 48.9437], [9.2445, 48.9438], [9.2443, 48.9438], [9.2441, 48.944], [9.2438, 48.9441], [9.2432, 48.9444], [9.2429, 48.9446], [9.2426, 48.9447]], [[9.2426, 48.9447], [9.2423, 48.9449]], [[9.2423, 48.9449], [9.2417, 48.9452], [9.241, 48.9455], [9.2407, 48.9456], [9.2405, 48.9458], [9.2401, 48.9459], [9.24, 48.9459], [9.2397, 48.946], [9.2396, 48.9461], [9.2392, 48.9462], [9.2388, 48.9463], [9.2384, 48.9464], [9.2382, 48.9464], [9.2381, 48.9464], [9.2377, 48.9465], [9.2374, 48.9465], [9.237, 48.9465], [9.2366, 48.9466], [9.2362, 48.9465], [9.2359, 48.9465], [9.2356, 48.9465], [9.2352, 48.9465], [9.2348, 48.9464], [9.2346, 48.9464], [9.2343, 48.9463], [9.2339, 48.9462], [9.2336, 48.9461], [9.2333, 48.9461], [9.2332, 48.946], [9.2328, 48.9459], [9.2326, 48.9458], [9.2324, 48.9457], [9.2319, 48.9454], [9.2318, 48.9454], [9.2315, 48.9452], [9.2312, 48.9449], [9.2308, 48.9446], [9.2304, 48.9443], [9.2301, 48.9441]], [[9.2301, 48.9441], [9.2287, 48.9429], [9.2277, 48.9421], [9.227, 48.9415], [9.2261, 48.9409]], [[9.2261, 48.9409], [9.2259, 48.9407]], [[9.2259, 48.9407], [9.2252, 48.9402], [9.2245, 48.9395], [9.2234, 48.9387], [9.2224, 48.9378], [9.2218, 48.9373], [9.2216, 48.9372], [9.2215, 48.9372], [9.2211, 48.9368], [9.221, 48.9368], [9.2205, 48.9364], [9.2199, 48.9361], [9.2197, 48.9359], [9.2193, 48.9357], [9.219, 48.9355], [9.2186, 48.9353], [9.2183, 48.9351], [9.2179, 48.9349], [9.2175, 48.9348], [9.2175, 48.9347], [9.2171, 48.9346], [9.2167, 48.9344], [9.2162, 48.9342], [9.2156, 48.934], [9.2153, 48.9339], [9.215, 48.9338], [9.2147, 48.9337], [9.214, 48.9335]], [[9.214, 48.9335], [9.2138, 48.9334], [9.2136, 48.9334]], [[9.2136, 48.9334], [9.2131, 48.9333], [9.2125, 48.9331], [9.2118, 48.933], [9.2111, 48.9328], [9.2108, 48.9327], [9.2107, 48.9327], [9.2089, 48.9324], [9.2081, 48.9322], [9.2069, 48.932], [9.2059, 48.9318]], [[9.2059, 48.9318], [9.2055, 48.9317], [9.2048, 48.9315], [9.2037, 48.9313], [9.2028, 48.9311], [9.2026, 48.9311], [9.2023, 48.931], [9.2011, 48.9307], [9.2005, 48.9306], [9.1999, 48.9305], [9.199, 48.9303], [9.1989, 48.9303], [9.1986, 48.9302], [9.198, 48.9301], [9.1976, 48.93], [9.1975, 48.93], [9.1971, 48.9299], [9.1967, 48.9299], [9.1962, 48.9297], [9.196, 48.9297], [9.1956, 48.9296], [9.1946, 48.9294], [9.1942, 48.9293], [9.1937, 48.9292], [9.1933, 48.9291], [9.193, 48.929], [9.1927, 48.9289], [9.1924, 48.9288], [9.1923, 48.9288], [9.1921, 48.9287]], [[9.1921, 48.9287], [9.1916, 48.9286]], [[9.1916, 48.9286], [9.1916, 48.9285], [9.1913, 48.9284], [9.1907, 48.9282], [9.1904, 48.9281], [9.1901, 48.9279], [9.19, 48.9279], [9.1896, 48.9277], [9.1893, 48.9275], [9.1889, 48.9273]], [[9.1889, 48.9273], [9.1886, 48.9272]], [[9.1886, 48.9272], [9.1883, 48.927], [9.1878, 48.9266], [9.1873, 48.9262], [9.187, 48.926]], [[9.187, 48.926], [9.1867, 48.9258], [9.1866, 48.9256], [9.1864, 48.9255], [9.1862, 48.9253], [9.1861, 48.9252], [9.1858, 48.9249], [9.1856, 48.9245], [9.1854, 48.9241], [9.1852, 48.9237], [9.1852, 48.9235], [9.1851, 48.9233], [9.185, 48.9229], [9.185, 48.9225], [9.1851, 48.9223], [9.1851, 48.9221], [9.1852, 48.9217], [9.1853, 48.9213], [9.1854, 48.9211], [9.1855, 48.9208], [9.1858, 48.9203]], [[9.1858, 48.9203], [9.1859, 48.9202]], [[9.1859, 48.9202], [9.1859, 48.92], [9.1863, 48.9194], [9.1865, 48.919], [9.1867, 48.9186], [9.1867, 48.9184], [9.1868, 48.9182], [9.1869, 48.9179], [9.1869, 48.9177], [9.187, 48.9175], [9.187, 48.9173], [9.187, 48.9171], [9.187, 48.9169], [9.187, 48.9166], [9.187, 48.9165], [9.1869, 48.9162], [9.1869, 48.9161], [9.1868, 48.9158], [9.1866, 48.9155], [9.1865, 48.9152], [9.1863, 48.9149], [9.1862, 48.9148], [9.1861, 48.9146], [9.186, 48.9145], [9.1857, 48.9142], [9.1853, 48.9138], [9.1851, 48.9136], [9.1845, 48.9131], [9.184, 48.9127], [9.1839, 48.9126], [9.1834, 48.9121], [9.1831, 48.9118]], [[9.1831, 48.9118], [9.1828, 48.9116], [9.1823, 48.911], [9.1817, 48.9105], [9.1812, 48.9101], [9.1806, 48.9096], [9.1801, 48.9091], [9.1797, 48.9087]], [[9.1797, 48.9087], [9.1792, 48.9083]], [[9.1792, 48.9083], [9.179, 48.9081]], [[9.179, 48.9081], [9.1787, 48.9078]], [[9.1787, 48.9078], [9.1785, 48.9077], [9.178, 48.9072], [9.1778, 48.907], [9.1776, 48.9068], [9.1774, 48.9066], [9.1773, 48.9064], [9.1772, 48.9062], [9.1771, 48.906], [9.177, 48.9058], [9.1769, 48.9056], [9.1768, 48.9054], [9.1767, 48.9052], [9.1767, 48.905], [9.1766, 48.9048], [9.1766, 48.9046]], [[9.1766, 48.9046], [9.1766, 48.9044]], [[9.1766, 48.9044], [9.1766, 48.9043], [9.1767, 48.9041], [9.1767, 48.9039], [9.1767, 48.9037], [9.1768, 48.9036], [9.1768, 48.9035], [9.1769, 48.9033], [9.177, 48.9031], [9.1771, 48.9029], [9.1772, 48.9027], [9.1774, 48.9025], [9.1775, 48.9023], [9.1777, 48.9021], [9.1779, 48.9019], [9.1781, 48.9018], [9.1783, 48.9016], [9.1787, 48.9012], [9.1789, 48.901], [9.1791, 48.9008], [9.1793, 48.9006], [9.1794, 48.9005]], [[9.1794, 48.9005], [9.1796, 48.9004], [9.1798, 48.9001], [9.1799, 48.8999], [9.1801, 48.8997], [9.1801, 48.8996], [9.1802, 48.8995], [9.1803, 48.8993], [9.1805, 48.8989], [9.1806, 48.8989], [9.1808, 48.8984], [9.1808, 48.8982], [9.1809, 48.898], [9.181, 48.8978], [9.1811, 48.8976], [9.1811, 48.8974]], [[9.1811, 48.8974], [9.1811, 48.8973], [9.1812, 48.8973]], [[9.1812, 48.8973], [9.1812, 48.8972]], [[9.1812, 48.8972], [9.1812, 48.8971]], [[9.1812, 48.8971], [9.1814, 48.8966], [9.1816, 48.8963]], [[9.1816, 48.8963], [9.1818, 48.896], [9.1818, 48.8959], [9.1819, 48.8957], [9.1821, 48.8955], [9.1823, 48.8952], [9.1825, 48.895], [9.1827, 48.8948], [9.1828, 48.8947], [9.1831, 48.8943], [9.1832, 48.8942], [9.1834, 48.8941]], [[9.1834, 48.8941], [9.1836, 48.8938]], [[9.1836, 48.8938], [9.1837, 48.8937], [9.1841, 48.8934], [9.1842, 48.8933], [9.1843, 48.8932], [9.1845, 48.8929]], [[9.1845, 48.8929], [9.1847, 48.8927], [9.1851, 48.8923], [9.1852, 48.8922], [9.1853, 48.892], [9.1855, 48.8918], [9.1857, 48.8916], [9.186, 48.8913], [9.186, 48.8912]], [[9.1868, 48.8905], [9.1865, 48.8908], [9.1862, 48.8911], [9.186, 48.8912]], [[9.1876, 48.8897], [9.1875, 48.8898], [9.1874, 48.8899], [9.187, 48.8903], [9.1868, 48.8905]], [[9.1876, 48.8897], [9.1877, 48.8896], [9.1877, 48.8895], [9.1878, 48.8894], [9.1879, 48.8894], [9.1882, 48.889], [9.1883, 48.8889], [9.1884, 48.8887], [9.1885, 48.8885], [9.1886, 48.8883], [9.1887, 48.8881], [9.1888, 48.8878], [9.1889, 48.8876], [9.189, 48.8874], [9.189, 48.8872], [9.189, 48.8871], [9.189, 48.8868], [9.189, 48.8866], [9.189, 48.8863], [9.189, 48.8861], [9.189, 48.8859]], [[9.189, 48.8859], [9.189, 48.8858], [9.189, 48.8856], [9.1889, 48.8853], [9.1889, 48.885], [9.1888, 48.8846], [9.1887, 48.8843], [9.1886, 48.884], [9.1885, 48.8837], [9.1884, 48.8833], [9.1882, 48.883], [9.1881, 48.8827], [9.1879, 48.8824], [9.1877, 48.8821], [9.1875, 48.8818], [9.1874, 48.8816], [9.1873, 48.8815], [9.1871, 48.8812], [9.1867, 48.8806], [9.1862, 48.88], [9.1857, 48.8794], [9.1855, 48.8791], [9.1853, 48.879], [9.1852, 48.8788], [9.1851, 48.8787]], [[9.1851, 48.8787], [9.1851, 48.8786]], [[9.1851, 48.8786], [9.1849, 48.8783], [9.1845, 48.8778], [9.1842, 48.8772], [9.1841, 48.877], [9.1839, 48.8767], [9.1838, 48.8764], [9.1837, 48.8761], [9.1834, 48.8754], [9.1833, 48.8751], [9.183, 48.8741], [9.1827, 48.8728], [9.1825, 48.8721], [9.1821, 48.8707], [9.1819, 48.8699], [9.1817, 48.8694], [9.1817, 48.8693], [9.1816, 48.8688], [9.1815, 48.8685]], [[9.1815, 48.8685], [9.1812, 48.8674], [9.1809, 48.8665], [9.1808, 48.866], [9.1808, 48.8659], [9.1807, 48.8656], [9.1806, 48.8655]], [[9.1806, 48.8655], [9.1806, 48.8653], [9.1806, 48.8652]], [[9.1806, 48.8652], [9.1805, 48.865], [9.1805, 48.8648]], [[9.1805, 48.8648], [9.1804, 48.8646]], [[9.1804, 48.8646], [9.1803, 48.864], [9.1803, 48.8639], [9.1802, 48.8633], [9.1801, 48.8632]], [[9.1801, 48.8632], [9.18, 48.8626]], [[9.18, 48.8626], [9.1799, 48.8622], [9.1798, 48.8621], [9.1798, 48.862], [9.1798, 48.8619], [9.1797, 48.8616], [9.1796, 48.8614]], [[9.1796, 48.8614], [9.1795, 48.8612], [9.1794, 48.8608], [9.1793, 48.8605]], [[9.1793, 48.8605], [9.1793, 48.8604], [9.1788, 48.8585], [9.1786, 48.8577], [9.1785, 48.8573], [9.1781, 48.8563], [9.178, 48.8559], [9.1779, 48.8554]], [[9.1779, 48.8554], [9.1779, 48.8553], [9.1777, 48.8547], [9.1775, 48.854], [9.1773, 48.8532], [9.1772, 48.853], [9.1769, 48.8518], [9.1768, 48.8513], [9.1768, 48.8512], [9.1763, 48.8493], [9.1759, 48.8478], [9.1758, 48.8475], [9.1756, 48.8468], [9.1754, 48.8462], [9.1754, 48.8459], [9.1753, 48.8456], [9.1752, 48.8453], [9.1751, 48.8452], [9.1751, 48.8451], [9.175, 48.845], [9.1749, 48.8446], [9.1748, 48.8443], [9.1746, 48.844], [9.1744, 48.8437], [9.1743, 48.8434], [9.1741, 48.8431], [9.1739, 48.8429], [9.1737, 48.8426]], [[9.1737, 48.8426], [9.1735, 48.8424], [9.1735, 48.8423]], [[9.1735, 48.8423], [9.1733, 48.8422], [9.1732, 48.8421], [9.173, 48.8419], [9.1727, 48.8417], [9.1724, 48.8415], [9.1721, 48.8413], [9.1718, 48.8411], [9.1716, 48.8409], [9.1714, 48.8408], [9.1711, 48.8406], [9.1709, 48.8404], [9.1706, 48.8402], [9.1701, 48.8398], [9.17, 48.8397], [9.1696, 48.8394], [9.169, 48.839], [9.1689, 48.8389], [9.1686, 48.8386], [9.1683, 48.8384], [9.168, 48.8381], [9.1678, 48.8379], [9.1676, 48.8377], [9.1674, 48.8375], [9.1673, 48.8373], [9.1672, 48.8372], [9.167, 48.8369], [9.1669, 48.8368], [9.1665, 48.836], [9.1664, 48.8359], [9.1662, 48.8357], [9.1662, 48.8356]], [[9.1662, 48.8356], [9.1661, 48.8355], [9.166, 48.8353], [9.1659, 48.8351], [9.1658, 48.835], [9.1657, 48.8348], [9.1657, 48.8347], [9.1655, 48.8344], [9.1655, 48.8341], [9.1654, 48.8339], [9.1654, 48.8336], [9.1654, 48.8334], [9.1654, 48.8333], [9.1654, 48.8332], [9.1654, 48.833], [9.1654, 48.8329], [9.1654, 48.8328], [9.1654, 48.8326], [9.1654, 48.8325], [9.1654, 48.8324], [9.1655, 48.8323], [9.1655, 48.8322]], [[9.1655, 48.8322], [9.1656, 48.832]], [[9.1656, 48.832], [9.1656, 48.8318], [9.1657, 48.8317], [9.1657, 48.8316], [9.1658, 48.8315], [9.1658, 48.8314], [9.1659, 48.8313], [9.1659, 48.8312], [9.166, 48.831], [9.1661, 48.8309], [9.1663, 48.8306], [9.1668, 48.8299], [9.1668, 48.8298], [9.1669, 48.8296], [9.1671, 48.8294], [9.1672, 48.8292], [9.1674, 48.8289], [9.1674, 48.8288], [9.1676, 48.8286], [9.1677, 48.8284], [9.1682, 48.8277], [9.1683, 48.8276], [9.1688, 48.8271], [9.1691, 48.8268], [9.1693, 48.8265], [9.1695, 48.8263], [9.1698, 48.826]], [[9.1698, 48.826], [9.17, 48.8257]], [[9.17, 48.8257], [9.1705, 48.8251]], [[9.1705, 48.8251], [9.1706, 48.825], [9.1707, 48.8248], [9.1709, 48.8245], [9.1711, 48.8242], [9.1711, 48.8241]], [[9.1711, 48.8241], [9.1712, 48.8239], [9.1713, 48.8237], [9.1713, 48.8235], [9.1714, 48.8233], [9.1714, 48.8232], [9.1714, 48.823], [9.1714, 48.8225], [9.1714, 48.8223], [9.1713, 48.8221], [9.1713, 48.8219], [9.1712, 48.8217], [9.1712, 48.8216], [9.1711, 48.8214], [9.171, 48.8211], [9.1709, 48.821], [9.1707, 48.8207], [9.1706, 48.8206], [9.1705, 48.8204], [9.1703, 48.8202], [9.17, 48.8199], [9.1698, 48.8197], [9.1696, 48.8194], [9.1694, 48.8192], [9.1693, 48.8191], [9.1691, 48.8188], [9.1689, 48.8185], [9.1688, 48.8184], [9.1688, 48.8183], [9.1686, 48.818], [9.1685, 48.8177], [9.1684, 48.8174]], [[9.1684, 48.8174], [9.1683, 48.8171], [9.1682, 48.8168], [9.1682, 48.8166], [9.1681, 48.8163], [9.1681, 48.8161], [9.1681, 48.8158], [9.1681, 48.8156], [9.1682, 48.8154], [9.1682, 48.8153], [9.1683, 48.8151], [9.1683, 48.8149], [9.1684, 48.8148]], [[9.1684, 48.8148], [9.1685, 48.8146]], [[9.1685, 48.8146], [9.1686, 48.8144], [9.1686, 48.8143], [9.1688, 48.814]], [[9.1688, 48.814], [9.1689, 48.8139]], [[9.1689, 48.8139], [9.169, 48.8138], [9.1693, 48.8135], [9.1695, 48.8133], [9.1697, 48.8131]], [[9.1697, 48.8131], [9.1698, 48.813]], [[9.1698, 48.813], [9.1699, 48.8129], [9.1702, 48.8128], [9.1704, 48.8126], [9.1706, 48.8125], [9.1707, 48.8124], [9.1712, 48.8122], [9.1718, 48.8119], [9.1723, 48.8117]], [[9.1802, 48.8075], [9.1802, 48.8074], [9.1807, 48.8072], [9.1809, 48.8071], [9.181, 48.807]], [[9.181, 48.807], [9.1816, 48.8067], [9.182, 48.8065], [9.1824, 48.8063], [9.1828, 48.8061], [9.1842, 48.8054], [9.1846, 48.8052], [9.1848, 48.8051], [9.1857, 48.8046], [9.1861, 48.8045], [9.1865, 48.8043], [9.1866, 48.8042], [9.1868, 48.8041], [9.1871, 48.804], [9.1874, 48.8039], [9.1876, 48.8038], [9.1878, 48.8038], [9.1879, 48.8037]], [[9.1879, 48.8037], [9.1882, 48.8036], [9.1887, 48.8035], [9.1891, 48.8034], [9.1893, 48.8033]], [[9.1893, 48.8033], [9.1894, 48.8033], [9.1895, 48.8032]], [[9.1895, 48.8032], [9.1899, 48.8031]], [[9.1899, 48.8031], [9.1902, 48.803], [9.1904, 48.8029], [9.1906, 48.8029], [9.1908, 48.8028], [9.1909, 48.8028], [9.1913, 48.8026], [9.1918, 48.8025], [9.1922, 48.8023], [9.1923, 48.8023], [9.1926, 48.8021]], [[9.1926, 48.8021], [9.1928, 48.802], [9.193, 48.8019], [9.1934, 48.8017], [9.1937, 48.8015], [9.1939, 48.8014]], [[9.1942, 48.8011], [9.1939, 48.8014]], [[9.1942, 48.8011], [9.1944, 48.8009], [9.1945, 48.8007], [9.1946, 48.8006], [9.1947, 48.8005], [9.1949, 48.8003], [9.195, 48.8001], [9.1951, 48.7999], [9.1952, 48.7996], [9.1953, 48.7994], [9.1953, 48.7991], [9.1953, 48.7989], [9.1953, 48.7987], [9.1953, 48.7985], [9.1953, 48.7983], [9.1953, 48.798], [9.1953, 48.7978], [9.1952, 48.7977], [9.1952, 48.797], [9.1952, 48.7969], [9.1951, 48.7965], [9.195, 48.7962], [9.1949, 48.796], [9.1948, 48.7957]], [[9.1948, 48.7957], [9.1947, 48.7954], [9.1944, 48.7948]], [[9.1944, 48.7948], [9.1943, 48.7947], [9.1941, 48.7943], [9.1939, 48.7941]], [[9.1939, 48.7941], [9.1939, 48.794], [9.1938, 48.7939], [9.1935, 48.7936], [9.1933, 48.7934], [9.193, 48.793], [9.1928, 48.7928], [9.1926, 48.7926], [9.1925, 48.7926], [9.1924, 48.7925], [9.1921, 48.7923], [9.1919, 48.7922], [9.1916, 48.792], [9.1914, 48.7919], [9.191, 48.7917], [9.1908, 48.7916], [9.1905, 48.7915], [9.1903, 48.7914], [9.1901, 48.7913]], [[9.1901, 48.7913], [9.1895, 48.7911], [9.1891, 48.7909]], [[9.1891, 48.7909], [9.1883, 48.7905], [9.1882, 48.7905]], [[9.1882, 48.7905], [9.1879, 48.7903], [9.1875, 48.7901]], [[9.1875, 48.7901], [9.1873, 48.79]], [[9.1873, 48.79], [9.1871, 48.7899]], [[9.1871, 48.7899], [9.187, 48.7899]], [[9.187, 48.7899], [9.187, 48.7898], [9.1869, 48.7897]], [[9.1869, 48.7897], [9.1867, 48.7897], [9.1866, 48.7896], [9.1864, 48.7894], [9.1862, 48.7893], [9.1859, 48.7891]], [[9.1859, 48.7891], [9.1856, 48.7888], [9.185, 48.7883]], [[9.185, 48.7883], [9.1848, 48.788], [9.1847, 48.7879]], [[9.1577, 48.7705], [9.1577, 48.7704], [9.1575, 48.7704], [9.1568, 48.7702], [9.1562, 48.77], [9.1554, 48.7698], [9.1553, 48.7698], [9.1552, 48.7697], [9.1551, 48.7697], [9.1551, 48.7698], [9.1552, 48.7698], [9.1551, 48.7698], [9.1553, 48.7698], [9.1563, 48.7701], [9.1564, 48.7701], [9.1576, 48.7704], [9.1577, 48.7704], [9.1577, 48.7705]], [[9.1691, 48.8139], [9.1691, 48.814], [9.169, 48.8141], [9.1689, 48.8141], [9.1688, 48.8143], [9.1688, 48.8144], [9.1687, 48.8144], [9.1687, 48.8143], [9.1688, 48.8142], [9.1689, 48.814], [9.169, 48.8139], [9.1691, 48.8138], [9.1691, 48.8137], [9.1693, 48.8136], [9.1693, 48.8135], [9.1695, 48.8134], [9.1696, 48.8133], [9.1698, 48.8132], [9.1698, 48.8131], [9.1699, 48.8131], [9.1701, 48.8129], [9.1703, 48.8128], [9.1701, 48.813], [9.17, 48.8131], [9.1699, 48.8131], [9.1698, 48.8132], [9.1697, 48.8133], [9.1696, 48.8134], [9.1694, 48.8136], [9.1693, 48.8137], [9.1691, 48.8139]], [[9.181, 48.9097], [9.1802, 48.909], [9.18, 48.9089], [9.18, 48.9088], [9.1799, 48.9088], [9.1798, 48.9087], [9.1797, 48.9087], [9.1801, 48.909], [9.1807, 48.9095], [9.1812, 48.91], [9.1814, 48.9102], [9.1815, 48.9102], [9.1814, 48.9101], [9.1812, 48.9099], [9.1811, 48.9098], [9.181, 48.9097]], [[9.2429, 48.9445], [9.2428, 48.9445], [9.2429, 48.9445], [9.2429, 48.9444], [9.243, 48.9444], [9.2431, 48.9444], [9.2434, 48.9442], [9.2441, 48.9439], [9.2441, 48.9438], [9.2442, 48.9438], [9.2443, 48.9437], [9.2444, 48.9437], [9.2445, 48.9436], [9.2446, 48.9436], [9.2449, 48.9435], [9.2452, 48.9434], [9.2449, 48.9435], [9.2447, 48.9436], [9.2444, 48.9437], [9.2443, 48.9438], [9.2441, 48.9439], [9.2439, 48.944], [9.2434, 48.9442], [9.2431, 48.9444], [9.243, 48.9445], [9.2429, 48.9445]], [[9.2653, 48.9438], [9.265, 48.9437], [9.2649, 48.9437], [9.2647, 48.9437], [9.2647, 48.9436], [9.2643, 48.9435], [9.2642, 48.9435], [9.2641, 48.9435], [9.264, 48.9435], [9.2639, 48.9435], [9.2637, 48.9434], [9.2631, 48.9433], [9.2626, 48.9432], [9.2625, 48.9432], [9.2637, 48.9435], [9.264, 48.9435], [9.2641, 48.9435], [9.2641, 48.9436], [9.2647, 48.9437], [9.2649, 48.9437], [9.265, 48.9437], [9.2653, 48.9438]], [[9.3282, 48.9393], [9.3263, 48.9396], [9.3267, 48.9395], [9.3271, 48.9394], [9.3272, 48.9394], [9.3276, 48.9393], [9.3278, 48.9393], [9.328, 48.9393], [9.328, 48.9392], [9.3281, 48.9392], [9.3282, 48.9392], [9.3282, 48.9393]], [[9.1848, 48.7879], [9.1849, 48.788]], [[9.1849, 48.788], [9.1852, 48.7883]], [[9.1852, 48.7883], [9.1852, 48.7884], [9.1855, 48.7886], [9.1859, 48.7889], [9.1859, 48.789]], [[9.1859, 48.789], [9.1862, 48.7892], [9.1865, 48.7894], [9.1867, 48.7895], [9.1867, 48.7896], [9.1869, 48.7897], [9.187, 48.7898]], [[9.187, 48.7898], [9.1871, 48.7898]], [[9.1871, 48.7898], [9.1874, 48.79]], [[9.1874, 48.79], [9.1876, 48.7902], [9.188, 48.7903], [9.1882, 48.7904]], [[9.1882, 48.7904], [9.1887, 48.7906]], [[9.1887, 48.7906], [9.189, 48.7908], [9.1891, 48.7908]], [[9.1891, 48.7908], [9.1895, 48.791], [9.1901, 48.7913], [9.1903, 48.7914], [9.1905, 48.7915], [9.1908, 48.7916], [9.1911, 48.7917], [9.1914, 48.7919], [9.1916, 48.792], [9.1919, 48.7921], [9.1923, 48.7924]], [[9.1923, 48.7924], [9.1924, 48.7925], [9.1925, 48.7925], [9.1928, 48.7927], [9.1931, 48.793], [9.1934, 48.7933], [9.1937, 48.7937], [9.1942, 48.7944]], [[9.1942, 48.7944], [9.1946, 48.795]], [[9.1946, 48.795], [9.1946, 48.7951], [9.1948, 48.7955]], [[9.1948, 48.7955], [9.1949, 48.7956], [9.195, 48.796], [9.1951, 48.7962], [9.1951, 48.7963], [9.1951, 48.7965], [9.1952, 48.7967], [9.1952, 48.7971], [9.1953, 48.7976]], [[9.1953, 48.7976], [9.1953, 48.7979], [9.1954, 48.7983], [9.1954, 48.7985], [9.1954, 48.7987], [9.1954, 48.7989], [9.1954, 48.7991], [9.1953, 48.7994], [9.1952, 48.7996], [9.1951, 48.7999], [9.195, 48.8001], [9.1949, 48.8003], [9.1948, 48.8005], [9.1947, 48.8006], [9.1946, 48.8007], [9.1945, 48.8009], [9.1944, 48.801], [9.1943, 48.8011]], [[9.1943, 48.8011], [9.194, 48.8014]], [[9.194, 48.8014], [9.1937, 48.8016], [9.1934, 48.8018], [9.1931, 48.802], [9.1929, 48.8021], [9.1927, 48.8022]], [[9.1927, 48.8022], [9.1926, 48.8022]], [[9.1926, 48.8022], [9.1925, 48.8023], [9.1922, 48.8024], [9.1916, 48.8026], [9.191, 48.8029], [9.1907, 48.803], [9.1904, 48.8031], [9.1902, 48.8031], [9.1899, 48.8032]], [[9.1899, 48.8032], [9.1895, 48.8034]], [[9.1895, 48.8034], [9.1894, 48.8034], [9.1893, 48.8034]], [[9.1893, 48.8034], [9.1885, 48.8037], [9.1882, 48.8038], [9.188, 48.8038]], [[9.188, 48.8038], [9.1879, 48.8039], [9.1876, 48.804], [9.1874, 48.804], [9.1872, 48.8041], [9.1869, 48.8042], [9.1866, 48.8043], [9.1863, 48.8044], [9.186, 48.8046], [9.1859, 48.8046], [9.1857, 48.8047], [9.1848, 48.8051], [9.1832, 48.8059], [9.1831, 48.806]], [[9.1831, 48.806], [9.1829, 48.8061], [9.1824, 48.8063], [9.1821, 48.8065], [9.1816, 48.8067], [9.1813, 48.8069], [9.1806, 48.8073], [9.1805, 48.8073], [9.1803, 48.8075], [9.1802, 48.8075]], [[9.1723, 48.8117], [9.1719, 48.8119], [9.1713, 48.8122], [9.1708, 48.8125], [9.1704, 48.8127]], [[9.1704, 48.8127], [9.1702, 48.8128], [9.17, 48.8129], [9.1699, 48.813]], [[9.1699, 48.813], [9.1698, 48.8131]], [[9.1698, 48.8131], [9.1697, 48.8131], [9.1695, 48.8133], [9.1693, 48.8135], [9.1693, 48.8136], [9.1691, 48.8137], [9.169, 48.8139], [9.1689, 48.8139]], [[9.1689, 48.8139], [9.1689, 48.814]], [[9.1689, 48.814], [9.1688, 48.8142], [9.1687, 48.8143], [9.1687, 48.8144], [9.1685, 48.8146]], [[9.1684, 48.8148], [9.1683, 48.8151], [9.1683, 48.8153], [9.1682, 48.8154], [9.1682, 48.8156], [9.1682, 48.8158], [9.1682, 48.816], [9.1682, 48.8164], [9.1682, 48.8167], [9.1683, 48.8168]], [[9.1683, 48.8168], [9.1684, 48.8171], [9.1684, 48.8173], [9.1685, 48.8174], [9.1685, 48.8176], [9.1686, 48.8178], [9.1687, 48.8181], [9.1689, 48.8183], [9.169, 48.8185], [9.1692, 48.8188], [9.1694, 48.8191], [9.1696, 48.8194], [9.1699, 48.8196], [9.1701, 48.8199], [9.1703, 48.8202], [9.1705, 48.8204], [9.1707, 48.8206], [9.1708, 48.8207], [9.1709, 48.8209], [9.171, 48.8211], [9.1712, 48.8214], [9.1712, 48.8215], [9.1713, 48.8216], [9.1713, 48.8219], [9.1714, 48.8221], [9.1714, 48.8223], [9.1715, 48.8225], [9.1715, 48.823], [9.1714, 48.8232], [9.1714, 48.8233], [9.1714, 48.8235], [9.1713, 48.8237], [9.1713, 48.8239], [9.1712, 48.8241]], [[9.1712, 48.8241], [9.1712, 48.8242], [9.171, 48.8245], [9.1708, 48.8248], [9.1707, 48.825]], [[9.1707, 48.825], [9.1706, 48.8251], [9.1701, 48.8257]], [[9.1701, 48.8257], [9.1699, 48.826]], [[9.1699, 48.826], [9.1696, 48.8264], [9.1695, 48.8265], [9.1693, 48.8268]], [[9.1693, 48.8268], [9.1689, 48.8272], [9.1688, 48.8274], [9.1685, 48.8277], [9.1682, 48.8281], [9.1679, 48.8284], [9.1677, 48.8287], [9.1676, 48.8288], [9.1675, 48.829], [9.1673, 48.8292], [9.1669, 48.8298], [9.1669, 48.8299], [9.1668, 48.83], [9.1666, 48.8303], [9.1664, 48.8307], [9.1661, 48.8311], [9.166, 48.8313], [9.1659, 48.8314], [9.1659, 48.8316], [9.1658, 48.8317], [9.1658, 48.8318], [9.1657, 48.832]], [[9.1657, 48.832], [9.1656, 48.8322]], [[9.1656, 48.8322], [9.1656, 48.8323], [9.1656, 48.8324], [9.1656, 48.8325], [9.1655, 48.8327], [9.1655, 48.8328], [9.1655, 48.833], [9.1655, 48.8331], [9.1655, 48.8333], [9.1655, 48.8334], [9.1655, 48.8336], [9.1655, 48.8339], [9.1656, 48.8341], [9.1656, 48.8344], [9.1657, 48.8345], [9.1657, 48.8346], [9.1658, 48.8348], [9.1659, 48.8351], [9.1661, 48.8353], [9.1662, 48.8355], [9.1663, 48.8357], [9.1664, 48.8359], [9.1665, 48.836], [9.1667, 48.8364], [9.167, 48.8369]], [[9.167, 48.8369], [9.1671, 48.8369], [9.1672, 48.8371], [9.1674, 48.8373], [9.1675, 48.8375], [9.1677, 48.8377], [9.1678, 48.8378], [9.1681, 48.8381], [9.1683, 48.8383], [9.1686, 48.8386], [9.1689, 48.8388], [9.1691, 48.8389], [9.1696, 48.8394], [9.17, 48.8397], [9.1706, 48.8402], [9.1709, 48.8404], [9.1711, 48.8406], [9.1712, 48.8406], [9.1714, 48.8408], [9.1716, 48.8409], [9.1718, 48.841], [9.1721, 48.8412], [9.1725, 48.8415], [9.1728, 48.8417], [9.173, 48.8419], [9.1732, 48.842], [9.1734, 48.8422], [9.1735, 48.8423]], [[9.1735, 48.8423], [9.1735, 48.8424], [9.1737, 48.8426], [9.1738, 48.8426]], [[9.1738, 48.8426], [9.1739, 48.8428], [9.1741, 48.8431], [9.1743, 48.8434], [9.1745, 48.8437], [9.1747, 48.844], [9.1748, 48.8443], [9.175, 48.8446], [9.1751, 48.8449], [9.1752, 48.8451], [9.1752, 48.8453], [9.1753, 48.8456], [9.1754, 48.8459], [9.1755, 48.8462], [9.1757, 48.8468], [9.1758, 48.8475], [9.1759, 48.8478], [9.1763, 48.8493], [9.1768, 48.8512], [9.1769, 48.8513], [9.177, 48.8518], [9.1773, 48.853], [9.1776, 48.8541], [9.1778, 48.8546], [9.1778, 48.8547], [9.178, 48.8552], [9.1782, 48.8559], [9.1783, 48.8563]], [[9.1783, 48.8563], [9.1783, 48.8564], [9.1784, 48.8565], [9.1785, 48.857], [9.1786, 48.8573], [9.1789, 48.8584], [9.1791, 48.8591], [9.1794, 48.8604], [9.1795, 48.8606], [9.1796, 48.8611], [9.1797, 48.8614]], [[9.1797, 48.8614], [9.1798, 48.8616], [9.1799, 48.8619], [9.1799, 48.862], [9.1799, 48.8621], [9.18, 48.8623], [9.18, 48.8626]], [[9.18, 48.8626], [9.1801, 48.863], [9.1802, 48.8633]], [[9.1802, 48.8633], [9.1802, 48.8634], [9.1803, 48.8636], [9.1803, 48.8638], [9.1804, 48.864], [9.1804, 48.8642], [9.1805, 48.8646]], [[9.1805, 48.8646], [9.1805, 48.8648]], [[9.1805, 48.8648], [9.1806, 48.8649], [9.1806, 48.8651]], [[9.1806, 48.8651], [9.1806, 48.8652]], [[9.1806, 48.8652], [9.1807, 48.8654]], [[9.1807, 48.8654], [9.1807, 48.8656], [9.1808, 48.8657], [9.1808, 48.8659], [9.1809, 48.866], [9.1809, 48.8663], [9.181, 48.8666], [9.1812, 48.8674], [9.1814, 48.868], [9.1816, 48.8685], [9.1816, 48.8688], [9.1818, 48.8694], [9.182, 48.8703], [9.1822, 48.8707], [9.1822, 48.8708], [9.1826, 48.8721], [9.1827, 48.8728], [9.1831, 48.8741], [9.1834, 48.875]], [[9.1834, 48.875], [9.1835, 48.8754], [9.1837, 48.8761], [9.1839, 48.8764], [9.184, 48.8767], [9.1841, 48.877], [9.1843, 48.8772], [9.1846, 48.8778], [9.1849, 48.8783], [9.1851, 48.8786]], [[9.1851, 48.8786], [9.1852, 48.8786]], [[9.1852, 48.8786], [9.1853, 48.8788], [9.1854, 48.879], [9.1855, 48.8791], [9.1858, 48.8794], [9.1862, 48.88], [9.1867, 48.8806], [9.1872, 48.8812], [9.1874, 48.8815], [9.1876, 48.8818], [9.1878, 48.8821], [9.188, 48.8824], [9.1881, 48.8827], [9.1883, 48.883], [9.1884, 48.8833], [9.1886, 48.8837], [9.1887, 48.884], [9.1888, 48.8843], [9.1889, 48.8846], [9.1889, 48.885], [9.189, 48.8853], [9.189, 48.8856], [9.1891, 48.8858]], [[9.1891, 48.8858], [9.1891, 48.8859], [9.1891, 48.8861], [9.1891, 48.8863], [9.1891, 48.8866], [9.1891, 48.8868], [9.1891, 48.887], [9.1891, 48.8872], [9.189, 48.8874], [9.189, 48.8876], [9.1889, 48.8878], [9.1888, 48.8881], [9.1887, 48.8884], [9.1886, 48.8885], [9.1885, 48.8886], [9.1885, 48.8887], [9.1883, 48.8889], [9.1883, 48.889]], [[9.1883, 48.889], [9.1881, 48.8892], [9.188, 48.8894], [9.1878, 48.8896], [9.1877, 48.8897], [9.1874, 48.89], [9.1871, 48.8904]], [[9.1871, 48.8904], [9.1868, 48.8907], [9.1867, 48.8908], [9.1866, 48.8908], [9.1862, 48.8912]], [[9.1862, 48.8912], [9.1862, 48.8913], [9.1858, 48.8917], [9.1854, 48.8921], [9.1852, 48.8923], [9.1849, 48.8927], [9.1848, 48.8928], [9.1847, 48.8929]], [[9.1847, 48.8929], [9.1843, 48.8933], [9.1842, 48.8934], [9.1842, 48.8935], [9.1839, 48.8938], [9.1838, 48.8939]], [[9.1838, 48.8939], [9.1836, 48.8941]], [[9.1836, 48.8941], [9.1834, 48.8943], [9.1831, 48.8947], [9.1828, 48.895], [9.1826, 48.8952], [9.1825, 48.8954], [9.1822, 48.8957], [9.1822, 48.8958], [9.1821, 48.8959], [9.182, 48.896]], [[9.1814, 48.8972], [9.1815, 48.8969], [9.1817, 48.8966], [9.1818, 48.8963], [9.1819, 48.8962], [9.182, 48.896]], [[9.1814, 48.8972], [9.1813, 48.8973]], [[9.1813, 48.8973], [9.1812, 48.8977], [9.1809, 48.8984], [9.1808, 48.8984], [9.1807, 48.8987], [9.1806, 48.8989], [9.1804, 48.8993], [9.1803, 48.8995], [9.1802, 48.8997], [9.1801, 48.8997], [9.18, 48.8999], [9.1798, 48.9001], [9.1796, 48.9004], [9.1795, 48.9005], [9.1794, 48.9006], [9.1793, 48.9007], [9.1792, 48.9008], [9.179, 48.901], [9.1788, 48.9012], [9.1783, 48.9016], [9.1781, 48.9018], [9.1779, 48.902], [9.1777, 48.9021], [9.1777, 48.9022], [9.1776, 48.9023], [9.1774, 48.9025], [9.1773, 48.9027], [9.1772, 48.9029], [9.1771, 48.9031], [9.177, 48.9033], [9.1769, 48.9035], [9.1768, 48.9037], [9.1768, 48.9039], [9.1767, 48.9041], [9.1767, 48.9043], [9.1767, 48.9044]], [[9.1767, 48.9044], [9.1767, 48.9046]], [[9.1767, 48.9046], [9.1767, 48.9048], [9.1767, 48.905], [9.1768, 48.9052], [9.1768, 48.9054], [9.1769, 48.9056], [9.177, 48.9058], [9.1771, 48.906], [9.1772, 48.9062], [9.1774, 48.9064], [9.1775, 48.9066], [9.1777, 48.9068], [9.1778, 48.907], [9.178, 48.9072], [9.1786, 48.9076], [9.1788, 48.9078]], [[9.1788, 48.9078], [9.1791, 48.9081]], [[9.1791, 48.9081], [9.1793, 48.9083]], [[9.1793, 48.9083], [9.1797, 48.9087]], [[9.1797, 48.9087], [9.1801, 48.909], [9.1807, 48.9095], [9.181, 48.9099], [9.1812, 48.91], [9.1814, 48.9102], [9.1817, 48.9105], [9.1823, 48.911], [9.1829, 48.9115], [9.1831, 48.9118]], [[9.1831, 48.9118], [9.1832, 48.9118]], [[9.1832, 48.9118], [9.1833, 48.9119], [9.1833, 48.912], [9.1835, 48.9121], [9.184, 48.9125], [9.184, 48.9126], [9.1845, 48.9131], [9.1851, 48.9136], [9.1853, 48.9138], [9.1857, 48.9142], [9.1861, 48.9146], [9.1863, 48.9148], [9.1863, 48.9149], [9.1865, 48.9152], [9.1867, 48.9155], [9.1868, 48.9158], [9.1869, 48.9161], [9.187, 48.9162], [9.187, 48.9165], [9.187, 48.9166], [9.187, 48.9168], [9.1871, 48.9171], [9.187, 48.9173], [9.187, 48.9175], [9.187, 48.9177], [9.1869, 48.918], [9.1869, 48.9182], [9.1868, 48.9184], [9.1867, 48.9186], [9.1865, 48.919], [9.1863, 48.9194], [9.186, 48.92], [9.1859, 48.9202]], [[9.1859, 48.9202], [9.1859, 48.9203]], [[9.1859, 48.9203], [9.1856, 48.9208], [9.1855, 48.9211], [9.1854, 48.9213], [9.1852, 48.9217], [9.1851, 48.9221], [9.1851, 48.9223], [9.1851, 48.9225], [9.1851, 48.9229], [9.1851, 48.9233], [9.1852, 48.9233], [9.1852, 48.9235], [9.1852, 48.9237], [9.1854, 48.9241], [9.1856, 48.9245], [9.1859, 48.9248], [9.1862, 48.9252], [9.1862, 48.9253], [9.1865, 48.9255], [9.1866, 48.9256], [9.1868, 48.9258], [9.187, 48.926]], [[9.187, 48.926], [9.1873, 48.9262], [9.1879, 48.9266], [9.1883, 48.9269], [9.1887, 48.9271]], [[9.1887, 48.9271], [9.189, 48.9273]], [[9.189, 48.9273], [9.1893, 48.9275], [9.1896, 48.9277], [9.19, 48.9279], [9.1902, 48.9279], [9.191, 48.9283], [9.1911, 48.9283], [9.1914, 48.9284], [9.1917, 48.9285]], [[9.1917, 48.9285], [9.1921, 48.9287]], [[9.1921, 48.9287], [9.1923, 48.9287], [9.1925, 48.9288], [9.1931, 48.929], [9.1933, 48.929], [9.1937, 48.9291], [9.1942, 48.9292], [9.1947, 48.9293], [9.1956, 48.9295], [9.196, 48.9296], [9.1963, 48.9297], [9.1968, 48.9298], [9.1971, 48.9298], [9.1972, 48.9298], [9.1976, 48.9299], [9.198, 48.93], [9.1981, 48.93], [9.1986, 48.9301], [9.199, 48.9302], [9.1995, 48.9303], [9.1999, 48.9304], [9.2009, 48.9306], [9.2018, 48.9308], [9.2026, 48.931], [9.2028, 48.9311], [9.2039, 48.9313], [9.2054, 48.9316], [9.2059, 48.9317], [9.2066, 48.9319], [9.2068, 48.9319], [9.2081, 48.9322], [9.209, 48.9323], [9.2107, 48.9327], [9.2109, 48.9327], [9.2112, 48.9328], [9.2118, 48.9329], [9.2125, 48.9331], [9.2131, 48.9332], [9.2137, 48.9334]], [[9.2137, 48.9334], [9.2138, 48.9334], [9.214, 48.9335]], [[9.214, 48.9335], [9.2147, 48.9337], [9.2151, 48.9338], [9.2153, 48.9339], [9.2156, 48.934], [9.2162, 48.9342], [9.2167, 48.9344], [9.2171, 48.9345], [9.2175, 48.9347], [9.2176, 48.9348], [9.2179, 48.9349], [9.2183, 48.9351], [9.2187, 48.9353], [9.219, 48.9355], [9.2193, 48.9356], [9.2198, 48.9359], [9.22, 48.936], [9.2205, 48.9364], [9.2211, 48.9368], [9.2216, 48.9371], [9.2217, 48.9372], [9.2218, 48.9373], [9.2224, 48.9378], [9.2235, 48.9387], [9.2245, 48.9395], [9.2253, 48.9401], [9.2259, 48.9407]], [[9.2259, 48.9407], [9.2262, 48.9408]], [[9.2262, 48.9408], [9.227, 48.9415], [9.2277, 48.9421], [9.2288, 48.9429], [9.2302, 48.9441]], [[9.2302, 48.9441], [9.2305, 48.9443], [9.2309, 48.9446], [9.2312, 48.9449], [9.2316, 48.9452], [9.2319, 48.9454], [9.232, 48.9454], [9.2324, 48.9456], [9.2325, 48.9457], [9.2326, 48.9457], [9.2329, 48.9458], [9.2331, 48.9459], [9.2333, 48.946], [9.2338, 48.9462], [9.2343, 48.9463], [9.2346, 48.9463], [9.2349, 48.9464], [9.2352, 48.9464], [9.2356, 48.9465], [9.2359, 48.9465], [9.2362, 48.9465], [9.2366, 48.9465], [9.237, 48.9465], [9.2373, 48.9465], [9.2377, 48.9464], [9.238, 48.9464], [9.2382, 48.9464], [9.2384, 48.9463], [9.2388, 48.9463], [9.2391, 48.9462], [9.2395, 48.946], [9.2399, 48.9459], [9.24, 48.9459], [9.2401, 48.9458], [9.2404, 48.9457], [9.2407, 48.9456], [9.241, 48.9455], [9.2416, 48.9452], [9.2423, 48.9448]], [[9.2423, 48.9448], [9.2426, 48.9447]], [[9.2426, 48.9447], [9.2428, 48.9445], [9.2429, 48.9445], [9.2438, 48.9441], [9.244, 48.944], [9.2443, 48.9438], [9.2444, 48.9437], [9.2449, 48.9435], [9.2452, 48.9434], [9.2454, 48.9433], [9.2455, 48.9433]], [[9.2455, 48.9433], [9.2457, 48.9432], [9.2459, 48.9432], [9.2462, 48.9431], [9.2464, 48.9431], [9.2468, 48.943], [9.2469, 48.943], [9.2472, 48.9429], [9.2475, 48.9429], [9.2478, 48.9429], [9.2483, 48.9428], [9.249, 48.9428]], [[9.2615, 48.943], [9.2625, 48.9432], [9.2628, 48.9433], [9.2632, 48.9434], [9.2633, 48.9434], [9.2638, 48.9435], [9.264, 48.9435], [9.2645, 48.9436], [9.2647, 48.9437], [9.2654, 48.9438], [9.2655, 48.9439]], [[9.2655, 48.9439], [9.2656, 48.9439]], [[9.2656, 48.9439], [9.2658, 48.9439], [9.2662, 48.944]], [[9.2662, 48.944], [9.267, 48.9442]], [[9.267, 48.9442], [9.2683, 48.9444], [9.2684, 48.9445], [9.2692, 48.9446]], [[9.3222, 48.9408], [9.3225, 48.9406], [9.3229, 48.9404], [9.3231, 48.9404]], [[9.3231, 48.9404], [9.3234, 48.9402], [9.3238, 48.9401], [9.3239, 48.9401], [9.3244, 48.94], [9.3247, 48.9399]], [[9.3247, 48.9399], [9.3252, 48.9398], [9.3266, 48.9396], [9.3276, 48.9394], [9.3283, 48.9392], [9.3284, 48.9392], [9.3291, 48.9391], [9.3297, 48.939], [9.3305, 48.9388], [9.331, 48.9387], [9.3318, 48.9385]], [[9.3318, 48.9385], [9.3321, 48.9384], [9.3325, 48.9383], [9.333, 48.9381]]]}, "properties": {"ref": "S4", "opened_year": 1981, "is_tunnel": false, "segment_count": 236}}, {"type": "Feature", "geometry": {"type": "MultiLineString", "coordinates": [[[9.181, 48.7843], [9.1811, 48.7843], [9.1808, 48.7839], [9.1804, 48.7835], [9.1803, 48.7833], [9.1802, 48.7832], [9.18, 48.783], [9.1796, 48.7826], [9.1795, 48.7826], [9.1795, 48.7827], [9.1796, 48.7828], [9.1798, 48.783], [9.1801, 48.7833], [9.1802, 48.7834], [9.1803, 48.7835], [9.1807, 48.7839], [9.1807, 48.784], [9.181, 48.7843]], [[9.1721, 48.7754], [9.1721, 48.7755], [9.172, 48.7755], [9.1737, 48.777], [9.1738, 48.777], [9.1739, 48.7769], [9.1722, 48.7754], [9.1721, 48.7754]], [[9.1723, 48.8117], [9.1728, 48.8114]], [[9.1728, 48.8114], [9.173, 48.8113], [9.1749, 48.8103], [9.176, 48.8097], [9.1774, 48.8089], [9.1785, 48.8084], [9.1791, 48.8081], [9.1802, 48.8075]], [[9.1847, 48.7879], [9.1842, 48.7875]], [[9.1842, 48.7875], [9.184, 48.7873], [9.184, 48.7872], [9.183, 48.7861], [9.1829, 48.7861], [9.1829, 48.786], [9.1827, 48.7858], [9.1823, 48.7854], [9.182, 48.7851], [9.1819, 48.7851], [9.1818, 48.785], [9.1814, 48.7847]], [[9.1814, 48.7847], [9.1813, 48.7845], [9.181, 48.7844], [9.181, 48.7843]], [[9.181, 48.7843], [9.1807, 48.784], [9.1805, 48.7838], [9.1802, 48.7835], [9.18, 48.7832], [9.1797, 48.783], [9.1795, 48.7827], [9.1795, 48.7826], [9.179, 48.7821], [9.1787, 48.7817], [9.1777, 48.7806], [9.1776, 48.7805], [9.1767, 48.7797], [9.1764, 48.7794], [9.1763, 48.7792], [9.1757, 48.7787], [9.1755, 48.7785], [9.1753, 48.7783], [9.175, 48.7781], [9.1742, 48.7774], [9.1738, 48.7771], [9.1737, 48.777], [9.1733, 48.7767], [9.1731, 48.7765], [9.173, 48.7764], [9.1729, 48.7763], [9.1726, 48.776], [9.1723, 48.7758], [9.172, 48.7755], [9.1712, 48.7748], [9.1707, 48.7744], [9.1706, 48.7743], [9.17, 48.774], [9.1697, 48.7738], [9.1693, 48.7736], [9.1679, 48.7732], [9.1675, 48.7731], [9.1671, 48.773]], [[9.1671, 48.773], [9.1658, 48.7726], [9.1654, 48.7726], [9.1647, 48.7723], [9.1643, 48.7722], [9.1642, 48.7722]], [[9.1642, 48.7722], [9.163, 48.7718], [9.1626, 48.7717], [9.1601, 48.7711], [9.1597, 48.771], [9.1592, 48.7709], [9.1591, 48.7709], [9.1588, 48.7708]], [[9.1588, 48.7708], [9.1583, 48.7707], [9.1579, 48.7706], [9.1577, 48.7705]], [[9.1577, 48.7705], [9.1572, 48.7704], [9.1571, 48.7704], [9.1569, 48.7703]], [[9.157, 48.7702], [9.1578, 48.7704]], [[9.1578, 48.7704], [9.158, 48.7705], [9.1584, 48.7706], [9.1592, 48.7708], [9.1599, 48.771], [9.1605, 48.7712], [9.1626, 48.7717], [9.163, 48.7718], [9.1637, 48.772], [9.1639, 48.772], [9.1643, 48.7721]], [[9.1643, 48.7721], [9.1655, 48.7725], [9.1658, 48.7725], [9.1671, 48.7729], [9.1672, 48.7729]], [[9.1672, 48.7729], [9.1679, 48.7732], [9.1684, 48.7733], [9.1693, 48.7736], [9.1697, 48.7737], [9.1701, 48.7739], [9.1706, 48.7743], [9.1708, 48.7744], [9.1712, 48.7747], [9.1714, 48.7748], [9.172, 48.7753], [9.1722, 48.7754], [9.1723, 48.7756], [9.1727, 48.7759], [9.173, 48.7762], [9.1731, 48.7762], [9.1733, 48.7764], [9.1733, 48.7765], [9.1739, 48.7769], [9.174, 48.777], [9.1756, 48.7785], [9.1757, 48.7787], [9.176, 48.7789], [9.1767, 48.7796], [9.1777, 48.7805], [9.1778, 48.7806], [9.1786, 48.7815], [9.1789, 48.7818], [9.1791, 48.782], [9.1796, 48.7826], [9.1797, 48.7826], [9.1799, 48.7829], [9.1802, 48.7832], [9.1804, 48.7834], [9.1806, 48.7837], [9.1809, 48.784], [9.1811, 48.7842], [9.1811, 48.7843]], [[9.1811, 48.7843], [9.1823, 48.7853], [9.1825, 48.7856], [9.1826, 48.7857], [9.1828, 48.7859], [9.1841, 48.7872], [9.1843, 48.7875]], [[9.1843, 48.7875], [9.1848, 48.7879]], [[9.1802, 48.8075], [9.1791, 48.8081], [9.1785, 48.8084], [9.1775, 48.809], [9.1765, 48.8095], [9.1763, 48.8096], [9.1761, 48.8097], [9.1731, 48.8113], [9.1729, 48.8114], [9.1728, 48.8114]]]}, "properties": {"ref": "S4", "opened_year": 1981, "is_tunnel": true, "segment_count": 19}}, {"type": "Feature", "geometry": {"type": "MultiLineString", "coordinates": [[[9.1577, 48.7705], [9.1577, 48.7704], [9.1575, 48.7704], [9.1568, 48.7702], [9.1562, 48.77], [9.1554, 48.7698], [9.1553, 48.7698], [9.1552, 48.7697], [9.1551, 48.7697], [9.1551, 48.7698], [9.1552, 48.7698], [9.1551, 48.7698], [9.1553, 48.7698], [9.1563, 48.7701], [9.1564, 48.7701], [9.1576, 48.7704], [9.1577, 48.7704], [9.1577, 48.7705]], [[9.1691, 48.8139], [9.1691, 48.814], [9.169, 48.8141], [9.1689, 48.8141], [9.1688, 48.8143], [9.1688, 48.8144], [9.1687, 48.8144], [9.1687, 48.8143], [9.1688, 48.8142], [9.1689, 48.814], [9.169, 48.8139], [9.1691, 48.8138], [9.1691, 48.8137], [9.1693, 48.8136], [9.1693, 48.8135], [9.1695, 48.8134], [9.1696, 48.8133], [9.1698, 48.8132], [9.1698, 48.8131], [9.1699, 48.8131], [9.1701, 48.8129], [9.1703, 48.8128], [9.1701, 48.813], [9.17, 48.8131], [9.1699, 48.8131], [9.1698, 48.8132], [9.1697, 48.8133], [9.1696, 48.8134], [9.1694, 48.8136], [9.1693, 48.8137], [9.1691, 48.8139]], [[9.1848, 48.7879], [9.1849, 48.788]], [[9.1849, 48.788], [9.1852, 48.7883]], [[9.1852, 48.7883], [9.1852, 48.7884], [9.1855, 48.7886], [9.1859, 48.7889], [9.1859, 48.789]], [[9.1859, 48.789], [9.1862, 48.7892], [9.1865, 48.7894], [9.1867, 48.7895], [9.1867, 48.7896], [9.1869, 48.7897], [9.187, 48.7898]], [[9.187, 48.7898], [9.1871, 48.7898]], [[9.1871, 48.7898], [9.1874, 48.79]], [[9.1874, 48.79], [9.1876, 48.7902], [9.188, 48.7903], [9.1882, 48.7904]], [[9.1882, 48.7904], [9.1887, 48.7906]], [[9.1887, 48.7906], [9.189, 48.7908], [9.1891, 48.7908]], [[9.1891, 48.7908], [9.1895, 48.791], [9.1901, 48.7913], [9.1903, 48.7914], [9.1905, 48.7915], [9.1908, 48.7916], [9.1911, 48.7917], [9.1914, 48.7919], [9.1916, 48.792], [9.1919, 48.7921], [9.1923, 48.7924]], [[9.1923, 48.7924], [9.1924, 48.7925], [9.1925, 48.7925], [9.1928, 48.7927], [9.1931, 48.793], [9.1934, 48.7933], [9.1937, 48.7937], [9.1942, 48.7944]], [[9.1942, 48.7944], [9.1946, 48.795]], [[9.1946, 48.795], [9.1946, 48.7951], [9.1948, 48.7955]], [[9.1948, 48.7955], [9.1949, 48.7956], [9.195, 48.796], [9.1951, 48.7962], [9.1951, 48.7963], [9.1951, 48.7965], [9.1952, 48.7967], [9.1952, 48.7971], [9.1953, 48.7976]], [[9.1953, 48.7976], [9.1953, 48.7979], [9.1954, 48.7983], [9.1954, 48.7985], [9.1954, 48.7987], [9.1954, 48.7989], [9.1954, 48.7991], [9.1953, 48.7994], [9.1952, 48.7996], [9.1951, 48.7999], [9.195, 48.8001], [9.1949, 48.8003], [9.1948, 48.8005], [9.1947, 48.8006], [9.1946, 48.8007], [9.1945, 48.8009], [9.1944, 48.801], [9.1943, 48.8011]], [[9.1943, 48.8011], [9.194, 48.8014]], [[9.194, 48.8014], [9.1937, 48.8016], [9.1934, 48.8018], [9.1931, 48.802], [9.1929, 48.8021], [9.1927, 48.8022]], [[9.1927, 48.8022], [9.1926, 48.8022]], [[9.1926, 48.8022], [9.1925, 48.8023], [9.1922, 48.8024], [9.1916, 48.8026], [9.191, 48.8029], [9.1907, 48.803], [9.1904, 48.8031], [9.1902, 48.8031], [9.1899, 48.8032]], [[9.1899, 48.8032], [9.1895, 48.8034]], [[9.1895, 48.8034], [9.1894, 48.8034], [9.1893, 48.8034]], [[9.1893, 48.8034], [9.1885, 48.8037], [9.1882, 48.8038], [9.188, 48.8038]], [[9.188, 48.8038], [9.1879, 48.8039], [9.1876, 48.804], [9.1874, 48.804], [9.1872, 48.8041], [9.1869, 48.8042], [9.1866, 48.8043], [9.1863, 48.8044], [9.186, 48.8046], [9.1859, 48.8046], [9.1857, 48.8047], [9.1848, 48.8051], [9.1832, 48.8059], [9.1831, 48.806]], [[9.1831, 48.806], [9.1829, 48.8061], [9.1824, 48.8063], [9.1821, 48.8065], [9.1816, 48.8067], [9.1813, 48.8069], [9.1806, 48.8073], [9.1805, 48.8073], [9.1803, 48.8075], [9.1802, 48.8075]], [[9.1723, 48.8117], [9.1719, 48.8119], [9.1713, 48.8122], [9.1708, 48.8125], [9.1704, 48.8127]], [[9.1704, 48.8127], [9.1702, 48.8128], [9.17, 48.8129], [9.1699, 48.813]], [[9.1699, 48.813], [9.1698, 48.8131]], [[9.1698, 48.8131], [9.1697, 48.8131], [9.1695, 48.8133], [9.1693, 48.8135], [9.1693, 48.8136], [9.1691, 48.8137], [9.169, 48.8139], [9.1689, 48.8139]], [[9.1689, 48.8139], [9.1689, 48.814]], [[9.1689, 48.814], [9.1688, 48.8142], [9.1687, 48.8143], [9.1687, 48.8144], [9.1685, 48.8146]], [[9.1685, 48.8146], [9.1684, 48.8148]], [[9.1684, 48.8148], [9.1683, 48.8151], [9.1683, 48.8153], [9.1682, 48.8154], [9.1682, 48.8156], [9.1682, 48.8158], [9.1682, 48.816], [9.1682, 48.8164], [9.1682, 48.8167], [9.1683, 48.8168]], [[9.1683, 48.8168], [9.1684, 48.8171], [9.1684, 48.8173], [9.1685, 48.8174], [9.1685, 48.8176], [9.1686, 48.8178], [9.1687, 48.8181], [9.1689, 48.8183], [9.169, 48.8185], [9.1692, 48.8188], [9.1694, 48.8191], [9.1696, 48.8194], [9.1699, 48.8196], [9.1701, 48.8199], [9.1703, 48.8202], [9.1705, 48.8204], [9.1707, 48.8206], [9.1708, 48.8207], [9.1709, 48.8209], [9.171, 48.8211], [9.1712, 48.8214], [9.1712, 48.8215], [9.1713, 48.8216], [9.1713, 48.8219], [9.1714, 48.8221], [9.1714, 48.8223], [9.1715, 48.8225], [9.1715, 48.823], [9.1714, 48.8232], [9.1714, 48.8233], [9.1714, 48.8235], [9.1713, 48.8237], [9.1713, 48.8239], [9.1712, 48.8241]], [[9.1712, 48.8241], [9.1712, 48.8242], [9.171, 48.8245], [9.1708, 48.8248], [9.1707, 48.825]], [[9.1707, 48.825], [9.1706, 48.8251], [9.1701, 48.8257]], [[9.1701, 48.8257], [9.1699, 48.826]], [[9.1699, 48.826], [9.1696, 48.8264], [9.1695, 48.8265], [9.1693, 48.8268]], [[9.1693, 48.8268], [9.1689, 48.8272], [9.1688, 48.8274], [9.1685, 48.8277], [9.1682, 48.8281], [9.1679, 48.8284], [9.1677, 48.8287], [9.1676, 48.8288], [9.1675, 48.829], [9.1673, 48.8292], [9.1669, 48.8298], [9.1669, 48.8299], [9.1668, 48.83], [9.1666, 48.8303], [9.1664, 48.8307], [9.1661, 48.8311], [9.166, 48.8313], [9.1659, 48.8314], [9.1659, 48.8316], [9.1658, 48.8317], [9.1658, 48.8318], [9.1657, 48.832]], [[9.1657, 48.832], [9.1656, 48.8322]], [[9.1656, 48.8322], [9.1656, 48.8323], [9.1656, 48.8324], [9.1656, 48.8325], [9.1655, 48.8327], [9.1655, 48.8328], [9.1655, 48.833], [9.1655, 48.8331], [9.1655, 48.8333], [9.1655, 48.8334], [9.1655, 48.8336], [9.1655, 48.8339], [9.1656, 48.8341], [9.1656, 48.8344], [9.1657, 48.8345], [9.1657, 48.8346], [9.1658, 48.8348], [9.1659, 48.8351], [9.1661, 48.8353], [9.1662, 48.8355], [9.1663, 48.8357], [9.1664, 48.8359], [9.1665, 48.836], [9.1667, 48.8364], [9.167, 48.8369]], [[9.167, 48.8369], [9.1671, 48.8369], [9.1672, 48.8371], [9.1674, 48.8373], [9.1675, 48.8375], [9.1677, 48.8377], [9.1678, 48.8378], [9.1681, 48.8381], [9.1683, 48.8383], [9.1686, 48.8386], [9.1689, 48.8388], [9.1691, 48.8389], [9.1696, 48.8394], [9.17, 48.8397], [9.1706, 48.8402], [9.1709, 48.8404], [9.1711, 48.8406], [9.1712, 48.8406], [9.1714, 48.8408], [9.1716, 48.8409], [9.1718, 48.841], [9.1721, 48.8412], [9.1725, 48.8415], [9.1728, 48.8417], [9.173, 48.8419], [9.1732, 48.842], [9.1734, 48.8422], [9.1735, 48.8423]], [[9.1735, 48.8423], [9.1735, 48.8424], [9.1737, 48.8426], [9.1738, 48.8426]], [[9.1738, 48.8426], [9.1739, 48.8428], [9.1741, 48.8431], [9.1743, 48.8434], [9.1745, 48.8437], [9.1747, 48.844], [9.1748, 48.8443], [9.175, 48.8446], [9.1751, 48.8449], [9.1752, 48.8451], [9.1752, 48.8453], [9.1753, 48.8456], [9.1754, 48.8459], [9.1755, 48.8462], [9.1757, 48.8468], [9.1758, 48.8475], [9.1759, 48.8478], [9.1763, 48.8493], [9.1768, 48.8512], [9.1769, 48.8513], [9.177, 48.8518], [9.1773, 48.853], [9.1776, 48.8541], [9.1778, 48.8546], [9.1778, 48.8547], [9.178, 48.8552], [9.1782, 48.8559], [9.1783, 48.8563]], [[9.1783, 48.8563], [9.1783, 48.8564], [9.1784, 48.8565], [9.1785, 48.857], [9.1786, 48.8573], [9.1789, 48.8584], [9.1791, 48.8591], [9.1794, 48.8604], [9.1795, 48.8606], [9.1796, 48.8611], [9.1797, 48.8614]], [[9.1797, 48.8614], [9.1798, 48.8616], [9.1799, 48.8619], [9.1799, 48.862], [9.1799, 48.8621], [9.18, 48.8623], [9.18, 48.8626]], [[9.18, 48.8626], [9.1801, 48.863], [9.1802, 48.8633]], [[9.1802, 48.8633], [9.1802, 48.8634], [9.1803, 48.8636], [9.1803, 48.8638], [9.1804, 48.864], [9.1804, 48.8642], [9.1805, 48.8646]], [[9.1805, 48.8646], [9.1805, 48.8648]], [[9.1805, 48.8648], [9.1806, 48.8649], [9.1806, 48.8651]], [[9.1806, 48.8651], [9.1806, 48.8652]], [[9.1806, 48.8652], [9.1807, 48.8654]], [[9.1807, 48.8654], [9.1807, 48.8656], [9.1808, 48.8657], [9.1808, 48.8659], [9.1809, 48.866], [9.1809, 48.8663], [9.181, 48.8666], [9.1812, 48.8674], [9.1814, 48.868], [9.1816, 48.8685], [9.1816, 48.8688], [9.1818, 48.8694], [9.182, 48.8703], [9.1822, 48.8707], [9.1822, 48.8708], [9.1826, 48.8721], [9.1827, 48.8728], [9.1831, 48.8741], [9.1834, 48.875]], [[9.1834, 48.875], [9.1835, 48.8754], [9.1837, 48.8761], [9.1839, 48.8764], [9.184, 48.8767], [9.1841, 48.877], [9.1843, 48.8772], [9.1846, 48.8778], [9.1849, 48.8783], [9.1851, 48.8786]], [[9.1851, 48.8786], [9.1852, 48.8786]], [[9.1852, 48.8786], [9.1853, 48.8788], [9.1854, 48.879], [9.1855, 48.8791], [9.1858, 48.8794], [9.1862, 48.88], [9.1867, 48.8806], [9.1872, 48.8812], [9.1874, 48.8815], [9.1876, 48.8818], [9.1878, 48.8821], [9.188, 48.8824], [9.1881, 48.8827], [9.1883, 48.883], [9.1884, 48.8833], [9.1886, 48.8837], [9.1887, 48.884], [9.1888, 48.8843], [9.1889, 48.8846], [9.1889, 48.885], [9.189, 48.8853], [9.189, 48.8856], [9.1891, 48.8858]], [[9.1891, 48.8858], [9.1891, 48.8859], [9.1891, 48.8861], [9.1891, 48.8863], [9.1891, 48.8866], [9.1891, 48.8868], [9.1891, 48.887], [9.1891, 48.8872], [9.189, 48.8874], [9.189, 48.8876], [9.1889, 48.8878], [9.1888, 48.8881], [9.1887, 48.8884], [9.1886, 48.8885], [9.1885, 48.8886], [9.1885, 48.8887], [9.1883, 48.8889], [9.1883, 48.889]], [[9.1883, 48.889], [9.1881, 48.8892], [9.188, 48.8894], [9.1878, 48.8896], [9.1877, 48.8897], [9.1874, 48.89], [9.1871, 48.8904]], [[9.1871, 48.8904], [9.1868, 48.8907], [9.1867, 48.8908], [9.1866, 48.8908], [9.1862, 48.8912]], [[9.1862, 48.8912], [9.1862, 48.8913], [9.1858, 48.8917], [9.1854, 48.8921], [9.1852, 48.8923], [9.1849, 48.8927], [9.1848, 48.8928], [9.1847, 48.8929]], [[9.1847, 48.8929], [9.1843, 48.8933], [9.1842, 48.8934], [9.1842, 48.8935], [9.1839, 48.8938], [9.1838, 48.8939]], [[9.1838, 48.8939], [9.1836, 48.8941]], [[9.1836, 48.8941], [9.1834, 48.8943], [9.1831, 48.8947], [9.1828, 48.895], [9.1826, 48.8952], [9.1825, 48.8954], [9.1822, 48.8957], [9.1822, 48.8958], [9.1821, 48.8959], [9.182, 48.896]], [[9.182, 48.896], [9.1818, 48.8964], [9.1817, 48.8966], [9.1816, 48.8968]], [[9.1816, 48.8968], [9.1815, 48.8972]], [[9.1815, 48.8972], [9.1814, 48.8973]], [[9.1814, 48.8973], [9.1814, 48.8974], [9.1813, 48.8975], [9.1812, 48.8978], [9.1809, 48.8984], [9.1808, 48.8986], [9.1807, 48.8989], [9.1806, 48.8991], [9.1805, 48.8993], [9.1804, 48.8995], [9.1802, 48.8997], [9.1801, 48.8999], [9.18, 48.9001]], [[9.1787, 48.9011], [9.1784, 48.9013], [9.1783, 48.9014], [9.178, 48.9015], [9.1778, 48.9016], [9.1775, 48.9017], [9.1775, 48.9018], [9.1773, 48.9018], [9.177, 48.902], [9.1767, 48.9021], [9.1764, 48.9021]], [[9.1764, 48.9021], [9.1762, 48.9022]], [[9.1762, 48.9022], [9.176, 48.9023], [9.1757, 48.9024], [9.1753, 48.9024], [9.175, 48.9025], [9.1747, 48.9025], [9.1746, 48.9026], [9.1743, 48.9026], [9.1739, 48.9026], [9.1735, 48.9027], [9.1732, 48.9027], [9.1728, 48.9027], [9.1725, 48.9027], [9.1718, 48.9027]], [[9.1718, 48.9027], [9.1711, 48.9026], [9.1698, 48.9026], [9.1695, 48.9026]], [[9.1695, 48.9026], [9.1693, 48.9026]], [[9.1693, 48.9026], [9.1689, 48.9026], [9.168, 48.9026], [9.1677, 48.9025], [9.1671, 48.9025], [9.1669, 48.9025]], [[9.1669, 48.9025], [9.1665, 48.9025]], [[9.1665, 48.9025], [9.1662, 48.9025], [9.1657, 48.9025], [9.1653, 48.9025], [9.1643, 48.9025], [9.1634, 48.9024], [9.1625, 48.9024], [9.1618, 48.9024], [9.1616, 48.9024]], [[9.1616, 48.9024], [9.1613, 48.9024]], [[9.1613, 48.9024], [9.1609, 48.9024], [9.1608, 48.9024], [9.1604, 48.9024], [9.1599, 48.9024], [9.1595, 48.9024]], [[9.1595, 48.9024], [9.1592, 48.9025], [9.1588, 48.9025], [9.1582, 48.9026], [9.1579, 48.9026], [9.1576, 48.9027], [9.1571, 48.9027], [9.1566, 48.9028], [9.1562, 48.9029], [9.1559, 48.903], [9.1557, 48.903], [9.1555, 48.9031], [9.1551, 48.9032], [9.1548, 48.9033], [9.1541, 48.9035], [9.1533, 48.9038], [9.1531, 48.9039], [9.1524, 48.9042], [9.1521, 48.9043], [9.1517, 48.9045]], [[9.1517, 48.9045], [9.1516, 48.9046]], [[9.1516, 48.9046], [9.1511, 48.9049], [9.1507, 48.9051], [9.1503, 48.9054], [9.1499, 48.9056], [9.1494, 48.906], [9.1492, 48.9062], [9.1489, 48.9065], [9.1479, 48.9074], [9.1477, 48.9076], [9.1474, 48.9079], [9.1473, 48.908], [9.147, 48.9083], [9.1467, 48.9086], [9.1463, 48.9091], [9.1461, 48.9094], [9.146, 48.9096], [9.1459, 48.9098], [9.1458, 48.91], [9.1457, 48.9102], [9.1455, 48.9105], [9.1454, 48.9108], [9.1454, 48.9111], [9.1453, 48.9113], [9.1453, 48.9114], [9.1452, 48.9116], [9.1452, 48.9118], [9.1452, 48.912], [9.1452, 48.9122], [9.1452, 48.9123], [9.1452, 48.9125], [9.1452, 48.9127], [9.1452, 48.913], [9.1453, 48.9145], [9.1453, 48.9149]], [[9.1453, 48.9149], [9.1453, 48.9152], [9.1453, 48.9154], [9.1453, 48.9156], [9.1453, 48.9157], [9.1452, 48.9159], [9.1451, 48.9162], [9.1451, 48.9163], [9.145, 48.9165], [9.1449, 48.9167], [9.1448, 48.9169], [9.1446, 48.9171], [9.1445, 48.9172], [9.1443, 48.9175], [9.1441, 48.9177], [9.1439, 48.9179], [9.1437, 48.918], [9.1434, 48.9182], [9.1432, 48.9184], [9.1429, 48.9185], [9.1427, 48.9187], [9.1424, 48.9188], [9.1421, 48.9189], [9.1419, 48.919], [9.1416, 48.9191], [9.1413, 48.9192], [9.1411, 48.9193], [9.1408, 48.9194], [9.1407, 48.9194], [9.1405, 48.9194], [9.1402, 48.9195], [9.14, 48.9195], [9.1397, 48.9196], [9.1392, 48.9196], [9.1388, 48.9197], [9.138, 48.9198], [9.1379, 48.9198], [9.1365, 48.92], [9.1335, 48.9203], [9.1328, 48.9204], [9.1309, 48.9206], [9.13, 48.9207], [9.1296, 48.9208], [9.1291, 48.9209], [9.1287, 48.9209], [9.1284, 48.921], [9.1281, 48.921], [9.1277, 48.9211], [9.1274, 48.9212], [9.127, 48.9213], [9.1267, 48.9214], [9.1264, 48.9215], [9.1261, 48.9216], [9.1258, 48.9217], [9.1255, 48.9218], [9.1254, 48.9219], [9.1252, 48.922], [9.1249, 48.9221], [9.1248, 48.9222], [9.1247, 48.9223], [9.1244, 48.9224], [9.1243, 48.9225], [9.1241, 48.9226], [9.1239, 48.9228], [9.1238, 48.9229], [9.1237, 48.923], [9.1234, 48.9232], [9.1232, 48.9233], [9.123, 48.9236], [9.1228, 48.9237], [9.1227, 48.924], [9.1225, 48.9242], [9.1224, 48.9244], [9.1223, 48.9246], [9.1222, 48.9248], [9.1221, 48.925], [9.1221, 48.9253], [9.122, 48.9255], [9.122, 48.9257], [9.122, 48.926], [9.122, 48.9262], [9.122, 48.9263], [9.122, 48.9264], [9.1221, 48.9266], [9.1221, 48.9268], [9.1222, 48.927], [9.1222, 48.9272], [9.1224, 48.9277], [9.1227, 48.9281], [9.1228, 48.9283], [9.1236, 48.9299], [9.1245, 48.9315], [9.1253, 48.9329], [9.1263, 48.9347], [9.1265, 48.9351], [9.1266, 48.9352], [9.1268, 48.9357], [9.1271, 48.9362], [9.1273, 48.9367], [9.1278, 48.9376], [9.1279, 48.9377], [9.1281, 48.9381], [9.1282, 48.9383], [9.1285, 48.9389], [9.1286, 48.939], [9.1288, 48.9394], [9.1288, 48.9395]], [[9.1288, 48.9395], [9.1292, 48.9402], [9.1295, 48.9407], [9.1295, 48.9408], [9.1297, 48.9412]], [[9.1297, 48.9412], [9.1299, 48.9414]], [[9.1299, 48.9414], [9.1299, 48.9415], [9.1302, 48.942], [9.1306, 48.9428]], [[9.1306, 48.9428], [9.1307, 48.943], [9.1309, 48.9432], [9.131, 48.9434], [9.1312, 48.9439]], [[9.1312, 48.9439], [9.1315, 48.9444], [9.1316, 48.9446], [9.1317, 48.9447], [9.1318, 48.9449], [9.1319, 48.945], [9.132, 48.9452], [9.1321, 48.9453], [9.1322, 48.9454], [9.1323, 48.9455], [9.1324, 48.9456], [9.1325, 48.9457], [9.1326, 48.9459], [9.1328, 48.946], [9.1329, 48.9461], [9.133, 48.9462], [9.1332, 48.9463], [9.1334, 48.9464], [9.1335, 48.9465], [9.1336, 48.9465], [9.1337, 48.9466], [9.1338, 48.9467], [9.134, 48.9468], [9.1343, 48.9469], [9.1346, 48.947], [9.1349, 48.9471], [9.1353, 48.9472], [9.1356, 48.9474], [9.1357, 48.9474], [9.136, 48.9475], [9.1366, 48.9477], [9.1369, 48.9479], [9.1373, 48.948]], [[9.1672, 48.829], [9.1671, 48.8292], [9.1669, 48.8295], [9.1668, 48.8297], [9.1666, 48.83], [9.1665, 48.83], [9.1662, 48.8305], [9.1663, 48.8305], [9.1662, 48.8306], [9.1665, 48.8302], [9.1666, 48.83], [9.1667, 48.8299], [9.1668, 48.8297], [9.1669, 48.8295], [9.1671, 48.8293], [9.1671, 48.8292], [9.1673, 48.829], [9.1674, 48.8289], [9.1673, 48.8289], [9.1672, 48.8289], [9.1672, 48.829]], [[9.1688, 48.8139], [9.1687, 48.814], [9.1688, 48.814], [9.1689, 48.8139], [9.169, 48.8138], [9.1692, 48.8136], [9.1692, 48.8135], [9.1695, 48.8133], [9.1697, 48.8131], [9.1698, 48.813], [9.1699, 48.8129], [9.1701, 48.8128], [9.1704, 48.8126], [9.1706, 48.8125], [9.1705, 48.8125], [9.1703, 48.8126], [9.1701, 48.8128], [9.1699, 48.8129], [9.1699, 48.8128], [9.1697, 48.813], [9.1696, 48.813], [9.1694, 48.8132], [9.1693, 48.8132], [9.1691, 48.8135], [9.169, 48.8136], [9.1688, 48.8138], [9.1688, 48.8139]], [[9.1551, 48.7698], [9.1553, 48.7698], [9.1563, 48.7701], [9.1564, 48.7701], [9.1576, 48.7704], [9.1577, 48.7704], [9.1577, 48.7705], [9.1576, 48.7705], [9.1575, 48.7704], [9.1573, 48.7704], [9.1569, 48.7703], [9.1568, 48.7703], [9.1561, 48.7701], [9.1554, 48.7699], [9.1553, 48.7699], [9.1551, 48.7698]], [[9.1299, 48.9417], [9.1306, 48.9428]], [[9.1299, 48.9417], [9.1299, 48.9415]], [[9.1299, 48.9415], [9.1297, 48.9413]], [[9.1297, 48.9413], [9.1296, 48.9411]], [[9.1296, 48.9411], [9.1293, 48.9405]], [[9.1293, 48.9405], [9.1289, 48.9399], [9.1289, 48.9397], [9.1284, 48.9389], [9.1282, 48.9386], [9.128, 48.938]], [[9.128, 48.938], [9.1278, 48.9378]], [[9.1278, 48.9378], [9.1277, 48.9376], [9.1273, 48.9368], [9.127, 48.9362], [9.1267, 48.9357], [9.1265, 48.9352], [9.1264, 48.9352], [9.1262, 48.9347], [9.1252, 48.9329], [9.1245, 48.9315], [9.1236, 48.9299], [9.1227, 48.9283], [9.1226, 48.9282], [9.1224, 48.9277], [9.1222, 48.9272], [9.1221, 48.927], [9.122, 48.9268], [9.122, 48.9266], [9.122, 48.9265], [9.1219, 48.9264], [9.1219, 48.9263], [9.1219, 48.9262], [9.1219, 48.926], [9.1219, 48.9257], [9.1219, 48.9255], [9.122, 48.9253], [9.122, 48.925], [9.1221, 48.9248], [9.1222, 48.9246], [9.1223, 48.9244], [9.1224, 48.9242], [9.1226, 48.9239], [9.1227, 48.9237], [9.1229, 48.9235], [9.1231, 48.9233], [9.1233, 48.9231], [9.1235, 48.9229], [9.1238, 48.9227], [9.124, 48.9225], [9.1243, 48.9224], [9.1246, 48.9222], [9.1248, 48.922], [9.1251, 48.9219], [9.1254, 48.9217], [9.1255, 48.9217], [9.1256, 48.9217], [9.1257, 48.9216], [9.126, 48.9215], [9.1262, 48.9214], [9.1264, 48.9214], [9.1267, 48.9213], [9.127, 48.9212], [9.1273, 48.9211], [9.1277, 48.921], [9.1278, 48.921], [9.128, 48.921], [9.1283, 48.9209], [9.1287, 48.9209], [9.129, 48.9208], [9.1291, 48.9208], [9.1295, 48.9208], [9.13, 48.9207], [9.1309, 48.9206], [9.1335, 48.9203], [9.1365, 48.9199], [9.1379, 48.9198], [9.1388, 48.9196], [9.1392, 48.9196], [9.1396, 48.9195], [9.1399, 48.9195], [9.1402, 48.9194], [9.1404, 48.9194], [9.1407, 48.9193], [9.1408, 48.9193], [9.141, 48.9193], [9.1413, 48.9192], [9.1415, 48.9191], [9.1418, 48.919], [9.1421, 48.9189], [9.1423, 48.9188], [9.1426, 48.9186], [9.1429, 48.9185], [9.1431, 48.9183], [9.1434, 48.9182], [9.1436, 48.918], [9.1438, 48.9178], [9.144, 48.9176], [9.1442, 48.9175], [9.1444, 48.9172], [9.1445, 48.9171], [9.1447, 48.9168], [9.1448, 48.9167], [9.1448, 48.9166], [9.1449, 48.9165], [9.145, 48.9163], [9.1451, 48.9161], [9.1451, 48.916], [9.1452, 48.9157], [9.1452, 48.9155], [9.1452, 48.9154], [9.1452, 48.9152], [9.1453, 48.9149], [9.1452, 48.9146], [9.1452, 48.9142], [9.1452, 48.9137], [9.1451, 48.9133], [9.1451, 48.913], [9.1451, 48.9128], [9.1451, 48.9126], [9.1451, 48.9124], [9.1451, 48.9121], [9.1451, 48.9118], [9.1452, 48.9114], [9.1453, 48.9111], [9.1453, 48.9108], [9.1454, 48.9106], [9.1455, 48.9103], [9.1457, 48.91], [9.1458, 48.9098], [9.146, 48.9095], [9.1461, 48.9092], [9.1462, 48.9091], [9.1464, 48.9089], [9.1466, 48.9086], [9.1467, 48.9084], [9.1471, 48.908], [9.1473, 48.9078], [9.1478, 48.9073], [9.1479, 48.9072], [9.148, 48.9071], [9.1482, 48.907], [9.1483, 48.9068], [9.1486, 48.9065], [9.1488, 48.9064], [9.1492, 48.9061], [9.1494, 48.9059], [9.1496, 48.9057], [9.15, 48.9055], [9.1503, 48.9053], [9.1508, 48.905], [9.1509, 48.9049], [9.1515, 48.9046]], [[9.1515, 48.9046], [9.1517, 48.9045]], [[9.1517, 48.9045], [9.1521, 48.9043], [9.1525, 48.9041], [9.153, 48.9039], [9.1531, 48.9038], [9.1534, 48.9037], [9.1538, 48.9036], [9.1541, 48.9034], [9.1548, 48.9032], [9.1551, 48.9031], [9.1557, 48.903], [9.156, 48.9029], [9.1566, 48.9028], [9.157, 48.9027], [9.1575, 48.9026], [9.1582, 48.9025], [9.1587, 48.9024], [9.1592, 48.9024], [9.1595, 48.9024]], [[9.1613, 48.9023], [9.1611, 48.9023], [9.1609, 48.9023], [9.1608, 48.9023], [9.1607, 48.9023], [9.1603, 48.9023], [9.1599, 48.9024], [9.1595, 48.9024]], [[9.1616, 48.9023], [9.1613, 48.9023]], [[9.1616, 48.9023], [9.1617, 48.9023], [9.1625, 48.9023], [9.1634, 48.9024], [9.1643, 48.9024], [9.1653, 48.9024], [9.1657, 48.9024], [9.1662, 48.9024], [9.1664, 48.9025]], [[9.1664, 48.9025], [9.1667, 48.9025]], [[9.1667, 48.9025], [9.1671, 48.9025], [9.1681, 48.9025], [9.1689, 48.9025], [9.1698, 48.9026], [9.1701, 48.9026], [9.1711, 48.9026], [9.1714, 48.9026]], [[9.1714, 48.9026], [9.1718, 48.9026], [9.1725, 48.9026], [9.1728, 48.9026], [9.1732, 48.9026], [9.1735, 48.9026], [9.1739, 48.9026], [9.1742, 48.9025], [9.1746, 48.9025], [9.1747, 48.9025], [9.175, 48.9024], [9.1753, 48.9024], [9.1756, 48.9023], [9.176, 48.9022], [9.1761, 48.9022], [9.1762, 48.9021]], [[9.1764, 48.9021], [9.1762, 48.9021]], [[9.1764, 48.9021], [9.1766, 48.902], [9.1769, 48.9019], [9.1772, 48.9018], [9.1774, 48.9017], [9.1775, 48.9017], [9.1778, 48.9015], [9.178, 48.9014], [9.1783, 48.9012], [9.1785, 48.9011], [9.1786, 48.901], [9.1788, 48.9008], [9.179, 48.9007], [9.1793, 48.9005], [9.1795, 48.9003], [9.1797, 48.9001], [9.1798, 48.8999], [9.1799, 48.8997], [9.18, 48.8997], [9.1801, 48.8995], [9.1802, 48.8993], [9.1804, 48.8991], [9.1805, 48.8988], [9.1806, 48.8986]], [[9.1806, 48.8986], [9.1808, 48.8982], [9.1811, 48.8975], [9.1811, 48.8974]], [[9.1811, 48.8974], [9.1811, 48.8973], [9.1812, 48.8973]], [[9.1812, 48.8973], [9.1812, 48.8972]], [[9.1812, 48.8972], [9.1812, 48.8971]], [[9.1812, 48.8971], [9.1814, 48.8966], [9.1816, 48.8963]], [[9.1816, 48.8963], [9.1818, 48.896], [9.1818, 48.8959], [9.1819, 48.8957], [9.1821, 48.8955], [9.1823, 48.8952], [9.1825, 48.895], [9.1827, 48.8948], [9.1828, 48.8947], [9.1831, 48.8943], [9.1832, 48.8942], [9.1834, 48.8941]], [[9.1834, 48.8941], [9.1836, 48.8938]], [[9.1836, 48.8938], [9.1837, 48.8937], [9.1841, 48.8934], [9.1842, 48.8933], [9.1843, 48.8932], [9.1845, 48.8929]], [[9.1845, 48.8929], [9.1847, 48.8927], [9.1851, 48.8923], [9.1852, 48.8922], [9.1853, 48.892], [9.1855, 48.8918], [9.1857, 48.8916], [9.186, 48.8913], [9.186, 48.8912]], [[9.1868, 48.8905], [9.1865, 48.8908], [9.1862, 48.8911], [9.186, 48.8912]], [[9.1876, 48.8897], [9.1875, 48.8898], [9.1874, 48.8899], [9.187, 48.8903], [9.1868, 48.8905]], [[9.1876, 48.8897], [9.1877, 48.8896], [9.1877, 48.8895], [9.1878, 48.8894], [9.1879, 48.8894], [9.1882, 48.889], [9.1883, 48.8889], [9.1884, 48.8887], [9.1885, 48.8885], [9.1886, 48.8883], [9.1887, 48.8881], [9.1888, 48.8878], [9.1889, 48.8876], [9.189, 48.8874], [9.189, 48.8872], [9.189, 48.8871], [9.189, 48.8868], [9.189, 48.8866], [9.189, 48.8863], [9.189, 48.8861], [9.189, 48.8859]], [[9.189, 48.8859], [9.189, 48.8858], [9.189, 48.8856], [9.1889, 48.8853], [9.1889, 48.885], [9.1888, 48.8846], [9.1887, 48.8843], [9.1886, 48.884], [9.1885, 48.8837], [9.1884, 48.8833], [9.1882, 48.883], [9.1881, 48.8827], [9.1879, 48.8824], [9.1877, 48.8821], [9.1875, 48.8818], [9.1874, 48.8816], [9.1873, 48.8815], [9.1871, 48.8812], [9.1867, 48.8806], [9.1862, 48.88], [9.1857, 48.8794], [9.1855, 48.8791], [9.1853, 48.879], [9.1852, 48.8788], [9.1851, 48.8787]], [[9.1851, 48.8787], [9.1851, 48.8786]], [[9.1851, 48.8786], [9.1849, 48.8783], [9.1845, 48.8778], [9.1842, 48.8772], [9.1841, 48.877], [9.1839, 48.8767], [9.1838, 48.8764], [9.1837, 48.8761], [9.1834, 48.8754], [9.1833, 48.8751], [9.183, 48.8741], [9.1827, 48.8728], [9.1825, 48.8721], [9.1821, 48.8707], [9.1819, 48.8699], [9.1817, 48.8694], [9.1817, 48.8693], [9.1816, 48.8688], [9.1815, 48.8685]], [[9.1815, 48.8685], [9.1812, 48.8674], [9.1809, 48.8665], [9.1808, 48.866], [9.1808, 48.8659], [9.1807, 48.8656], [9.1806, 48.8655]], [[9.1806, 48.8655], [9.1806, 48.8653], [9.1806, 48.8652]], [[9.1806, 48.8652], [9.1805, 48.865], [9.1805, 48.8648]], [[9.1805, 48.8648], [9.1804, 48.8646]], [[9.1804, 48.8646], [9.1803, 48.864], [9.1803, 48.8639], [9.1802, 48.8633], [9.1801, 48.8632]], [[9.1801, 48.8632], [9.18, 48.8626]], [[9.18, 48.8626], [9.1799, 48.8622], [9.1798, 48.8621], [9.1798, 48.862], [9.1798, 48.8619], [9.1797, 48.8616], [9.1796, 48.8614]], [[9.1796, 48.8614], [9.1795, 48.8612], [9.1794, 48.8608], [9.1793, 48.8605]], [[9.1793, 48.8605], [9.1793, 48.8604], [9.1788, 48.8585], [9.1786, 48.8577], [9.1785, 48.8573], [9.1781, 48.8563], [9.178, 48.8559], [9.1779, 48.8554]], [[9.1779, 48.8554], [9.1779, 48.8553], [9.1777, 48.8547], [9.1775, 48.854], [9.1773, 48.8532], [9.1772, 48.853], [9.1769, 48.8518], [9.1768, 48.8513], [9.1768, 48.8512], [9.1763, 48.8493], [9.1759, 48.8478], [9.1758, 48.8475], [9.1756, 48.8468], [9.1754, 48.8462], [9.1754, 48.8459], [9.1753, 48.8456], [9.1752, 48.8453], [9.1751, 48.8452], [9.1751, 48.8451], [9.175, 48.845], [9.1749, 48.8446], [9.1748, 48.8443], [9.1746, 48.844], [9.1744, 48.8437], [9.1743, 48.8434], [9.1741, 48.8431], [9.1739, 48.8429], [9.1737, 48.8426]], [[9.1737, 48.8426], [9.1735, 48.8424], [9.1735, 48.8423]], [[9.1735, 48.8423], [9.1733, 48.8422], [9.1732, 48.8421], [9.173, 48.8419], [9.1727, 48.8417], [9.1724, 48.8415], [9.1721, 48.8413], [9.1718, 48.8411], [9.1716, 48.8409], [9.1714, 48.8408], [9.1711, 48.8406], [9.1709, 48.8404], [9.1706, 48.8402], [9.1701, 48.8398], [9.17, 48.8397], [9.1696, 48.8394], [9.169, 48.839], [9.1689, 48.8389], [9.1686, 48.8386], [9.1683, 48.8384], [9.168, 48.8381], [9.1678, 48.8379], [9.1676, 48.8377], [9.1674, 48.8375], [9.1673, 48.8373], [9.1672, 48.8372], [9.167, 48.8369], [9.1669, 48.8368], [9.1665, 48.836], [9.1664, 48.8359], [9.1662, 48.8357], [9.1662, 48.8356]], [[9.1662, 48.8356], [9.1661, 48.8355], [9.166, 48.8353], [9.1659, 48.8351], [9.1658, 48.835], [9.1657, 48.8348], [9.1657, 48.8347], [9.1655, 48.8344], [9.1655, 48.8341], [9.1654, 48.8339], [9.1654, 48.8336], [9.1654, 48.8334], [9.1654, 48.8333], [9.1654, 48.8332], [9.1654, 48.833], [9.1654, 48.8329], [9.1654, 48.8328], [9.1654, 48.8326], [9.1654, 48.8325], [9.1654, 48.8324], [9.1655, 48.8323], [9.1655, 48.8322]], [[9.1655, 48.8322], [9.1656, 48.832]], [[9.1656, 48.832], [9.1656, 48.8318], [9.1657, 48.8317], [9.1657, 48.8316], [9.1658, 48.8315], [9.1658, 48.8314], [9.1659, 48.8313], [9.1659, 48.8312], [9.166, 48.831], [9.1661, 48.8309], [9.1663, 48.8306], [9.1668, 48.8299], [9.1668, 48.8298], [9.1669, 48.8296], [9.1671, 48.8294], [9.1672, 48.8292], [9.1674, 48.8289], [9.1674, 48.8288], [9.1676, 48.8286], [9.1677, 48.8284], [9.1682, 48.8277], [9.1683, 48.8276], [9.1688, 48.8271], [9.1691, 48.8268], [9.1693, 48.8265], [9.1695, 48.8263], [9.1698, 48.826]], [[9.1698, 48.826], [9.17, 48.8257]], [[9.17, 48.8257], [9.1705, 48.8251]], [[9.1705, 48.8251], [9.1706, 48.825], [9.1707, 48.8248], [9.1709, 48.8245], [9.1711, 48.8242], [9.1711, 48.8241]], [[9.1711, 48.8241], [9.1712, 48.8239], [9.1713, 48.8237], [9.1713, 48.8235], [9.1714, 48.8233], [9.1714, 48.8232], [9.1714, 48.823], [9.1714, 48.8225], [9.1714, 48.8223], [9.1713, 48.8221], [9.1713, 48.8219], [9.1712, 48.8217], [9.1712, 48.8216], [9.1711, 48.8214], [9.171, 48.8211], [9.1709, 48.821], [9.1707, 48.8207], [9.1706, 48.8206], [9.1705, 48.8204], [9.1703, 48.8202], [9.17, 48.8199], [9.1698, 48.8197], [9.1696, 48.8194], [9.1694, 48.8192], [9.1693, 48.8191], [9.1691, 48.8188], [9.1689, 48.8185], [9.1688, 48.8184], [9.1688, 48.8183], [9.1686, 48.818], [9.1685, 48.8177], [9.1684, 48.8174]], [[9.1684, 48.8174], [9.1683, 48.8171], [9.1682, 48.8168], [9.1682, 48.8166], [9.1681, 48.8163], [9.1681, 48.8161], [9.1681, 48.8158], [9.1681, 48.8156], [9.1682, 48.8154], [9.1682, 48.8153], [9.1683, 48.8151], [9.1683, 48.8149], [9.1684, 48.8148]], [[9.1685, 48.8146], [9.1686, 48.8144], [9.1686, 48.8143], [9.1688, 48.814]], [[9.1688, 48.814], [9.1689, 48.8139]], [[9.1689, 48.8139], [9.169, 48.8138], [9.1693, 48.8135], [9.1695, 48.8133], [9.1697, 48.8131]], [[9.1697, 48.8131], [9.1698, 48.813]], [[9.1698, 48.813], [9.1699, 48.8129], [9.1702, 48.8128], [9.1704, 48.8126], [9.1706, 48.8125], [9.1707, 48.8124], [9.1712, 48.8122], [9.1718, 48.8119], [9.1723, 48.8117]], [[9.1802, 48.8075], [9.1802, 48.8074], [9.1807, 48.8072], [9.1809, 48.8071], [9.181, 48.807]], [[9.181, 48.807], [9.1816, 48.8067], [9.182, 48.8065], [9.1824, 48.8063], [9.1828, 48.8061], [9.1842, 48.8054], [9.1846, 48.8052], [9.1848, 48.8051], [9.1857, 48.8046], [9.1861, 48.8045], [9.1865, 48.8043], [9.1866, 48.8042], [9.1868, 48.8041], [9.1871, 48.804], [9.1874, 48.8039], [9.1876, 48.8038], [9.1878, 48.8038], [9.1879, 48.8037]], [[9.1879, 48.8037], [9.1882, 48.8036], [9.1887, 48.8035], [9.1891, 48.8034], [9.1893, 48.8033]], [[9.1893, 48.8033], [9.1894, 48.8033], [9.1895, 48.8032]], [[9.1895, 48.8032], [9.1899, 48.8031]], [[9.1899, 48.8031], [9.1902, 48.803], [9.1904, 48.8029], [9.1906, 48.8029], [9.1908, 48.8028], [9.1909, 48.8028], [9.1913, 48.8026], [9.1918, 48.8025], [9.1922, 48.8023], [9.1923, 48.8023], [9.1926, 48.8021]], [[9.1926, 48.8021], [9.1928, 48.802], [9.193, 48.8019], [9.1934, 48.8017], [9.1937, 48.8015], [9.1939, 48.8014]], [[9.1942, 48.8011], [9.1939, 48.8014]], [[9.1942, 48.8011], [9.1944, 48.8009], [9.1945, 48.8007], [9.1946, 48.8006], [9.1947, 48.8005], [9.1949, 48.8003], [9.195, 48.8001], [9.1951, 48.7999], [9.1952, 48.7996], [9.1953, 48.7994], [9.1953, 48.7991], [9.1953, 48.7989], [9.1953, 48.7987], [9.1953, 48.7985], [9.1953, 48.7983], [9.1953, 48.798], [9.1953, 48.7978], [9.1952, 48.7977], [9.1952, 48.797], [9.1952, 48.7969], [9.1951, 48.7965], [9.195, 48.7962], [9.1949, 48.796], [9.1948, 48.7957]], [[9.1948, 48.7957], [9.1947, 48.7954], [9.1944, 48.7948]], [[9.1944, 48.7948], [9.1943, 48.7947], [9.1941, 48.7943], [9.1939, 48.7941]], [[9.1939, 48.7941], [9.1939, 48.794], [9.1938, 48.7939], [9.1935, 48.7936], [9.1933, 48.7934], [9.193, 48.793], [9.1928, 48.7928], [9.1926, 48.7926], [9.1925, 48.7926], [9.1924, 48.7925], [9.1921, 48.7923], [9.1919, 48.7922], [9.1916, 48.792], [9.1914, 48.7919], [9.191, 48.7917], [9.1908, 48.7916], [9.1905, 48.7915], [9.1903, 48.7914], [9.1901, 48.7913]], [[9.1901, 48.7913], [9.1895, 48.7911], [9.1891, 48.7909]], [[9.1891, 48.7909], [9.1883, 48.7905], [9.1882, 48.7905]], [[9.1882, 48.7905], [9.1879, 48.7903], [9.1875, 48.7901]], [[9.1875, 48.7901], [9.1873, 48.79]], [[9.1873, 48.79], [9.1871, 48.7899]], [[9.1871, 48.7899], [9.187, 48.7899]], [[9.187, 48.7899], [9.187, 48.7898], [9.1869, 48.7897]], [[9.1869, 48.7897], [9.1867, 48.7897], [9.1866, 48.7896], [9.1864, 48.7894], [9.1862, 48.7893], [9.1859, 48.7891]], [[9.1859, 48.7891], [9.1856, 48.7888], [9.185, 48.7883]], [[9.185, 48.7883], [9.1848, 48.788], [9.1847, 48.7879]]]}, "properties": {"ref": "S5", "opened_year": 1985, "is_tunnel": false, "segment_count": 170}}, {"type": "Feature", "geometry": {"type": "MultiLineString", "coordinates": [[[9.1721, 48.7754], [9.1721, 48.7755], [9.172, 48.7755], [9.1737, 48.777], [9.1738, 48.777], [9.1739, 48.7769], [9.1722, 48.7754], [9.1721, 48.7754]], [[9.181, 48.7843], [9.1811, 48.7843], [9.1808, 48.7839], [9.1804, 48.7835], [9.1803, 48.7833], [9.1802, 48.7832], [9.18, 48.783], [9.1796, 48.7826], [9.1795, 48.7826], [9.1795, 48.7827], [9.1796, 48.7828], [9.1798, 48.783], [9.1801, 48.7833], [9.1802, 48.7834], [9.1803, 48.7835], [9.1807, 48.7839], [9.1807, 48.784], [9.181, 48.7843]], [[9.157, 48.7702], [9.1578, 48.7704]], [[9.1578, 48.7704], [9.158, 48.7705], [9.1584, 48.7706], [9.1592, 48.7708], [9.1599, 48.771], [9.1605, 48.7712], [9.1626, 48.7717], [9.163, 48.7718], [9.1637, 48.772], [9.1639, 48.772], [9.1643, 48.7721]], [[9.1643, 48.7721], [9.1655, 48.7725], [9.1658, 48.7725], [9.1671, 48.7729], [9.1672, 48.7729]], [[9.1672, 48.7729], [9.1679, 48.7732], [9.1684, 48.7733], [9.1693, 48.7736], [9.1697, 48.7737], [9.1701, 48.7739], [9.1706, 48.7743], [9.1708, 48.7744], [9.1712, 48.7747], [9.1714, 48.7748], [9.172, 48.7753], [9.1722, 48.7754], [9.1723, 48.7756], [9.1727, 48.7759], [9.173, 48.7762], [9.1731, 48.7762], [9.1733, 48.7764], [9.1733, 48.7765], [9.1739, 48.7769], [9.174, 48.777], [9.1756, 48.7785], [9.1757, 48.7787], [9.176, 48.7789], [9.1767, 48.7796], [9.1777, 48.7805], [9.1778, 48.7806], [9.1786, 48.7815], [9.1789, 48.7818], [9.1791, 48.782], [9.1796, 48.7826], [9.1797, 48.7826], [9.1799, 48.7829], [9.1802, 48.7832], [9.1804, 48.7834], [9.1806, 48.7837], [9.1809, 48.784], [9.1811, 48.7842], [9.1811, 48.7843]], [[9.1811, 48.7843], [9.1823, 48.7853], [9.1825, 48.7856], [9.1826, 48.7857], [9.1828, 48.7859], [9.1841, 48.7872], [9.1843, 48.7875]], [[9.1843, 48.7875], [9.1848, 48.7879]], [[9.1802, 48.8075], [9.1791, 48.8081], [9.1785, 48.8084], [9.1775, 48.809], [9.1765, 48.8095], [9.1763, 48.8096], [9.1761, 48.8097], [9.1731, 48.8113], [9.1729, 48.8114], [9.1728, 48.8114]], [[9.1728, 48.8114], [9.1723, 48.8117]], [[9.18, 48.9001], [9.1797, 48.9003], [9.1795, 48.9005], [9.1792, 48.9007], [9.1789, 48.9009], [9.1787, 48.9011]], [[9.1728, 48.8114], [9.173, 48.8113], [9.1749, 48.8103], [9.176, 48.8097], [9.1774, 48.8089], [9.1785, 48.8084], [9.1791, 48.8081], [9.1802, 48.8075]], [[9.1847, 48.7879], [9.1842, 48.7875]], [[9.1842, 48.7875], [9.184, 48.7873], [9.184, 48.7872], [9.183, 48.7861], [9.1829, 48.7861], [9.1829, 48.786], [9.1827, 48.7858], [9.1823, 48.7854], [9.182, 48.7851], [9.1819, 48.7851], [9.1818, 48.785], [9.1814, 48.7847]], [[9.1814, 48.7847], [9.1813, 48.7845], [9.181, 48.7844], [9.181, 48.7843]], [[9.181, 48.7843], [9.1807, 48.784], [9.1805, 48.7838], [9.1802, 48.7835], [9.18, 48.7832], [9.1797, 48.783], [9.1795, 48.7827], [9.1795, 48.7826], [9.179, 48.7821], [9.1787, 48.7817], [9.1777, 48.7806], [9.1776, 48.7805], [9.1767, 48.7797], [9.1764, 48.7794], [9.1763, 48.7792], [9.1757, 48.7787], [9.1755, 48.7785], [9.1753, 48.7783], [9.175, 48.7781], [9.1742, 48.7774], [9.1738, 48.7771], [9.1737, 48.777], [9.1733, 48.7767], [9.1731, 48.7765], [9.173, 48.7764], [9.1729, 48.7763], [9.1726, 48.776], [9.1723, 48.7758], [9.172, 48.7755], [9.1712, 48.7748], [9.1707, 48.7744], [9.1706, 48.7743], [9.17, 48.774], [9.1697, 48.7738], [9.1693, 48.7736], [9.1679, 48.7732], [9.1675, 48.7731], [9.1671, 48.773]], [[9.1671, 48.773], [9.1658, 48.7726], [9.1654, 48.7726], [9.1647, 48.7723], [9.1643, 48.7722], [9.1642, 48.7722]], [[9.1642, 48.7722], [9.163, 48.7718], [9.1626, 48.7717], [9.1601, 48.7711], [9.1597, 48.771], [9.1592, 48.7709], [9.1591, 48.7709], [9.1588, 48.7708]], [[9.1588, 48.7708], [9.1583, 48.7707], [9.1579, 48.7706], [9.1577, 48.7705]], [[9.1577, 48.7705], [9.1572, 48.7704], [9.1571, 48.7704], [9.1569, 48.7703]]]}, "properties": {"ref": "S5", "opened_year": 1985, "is_tunnel": true, "segment_count": 20}}, {"type": "Feature", "geometry": {"type": "MultiLineString", "coordinates": [[[9.1577, 48.7705], [9.1577, 48.7704], [9.1575, 48.7704], [9.1568, 48.7702], [9.1562, 48.77], [9.1554, 48.7698], [9.1553, 48.7698], [9.1552, 48.7697], [9.1551, 48.7697], [9.1551, 48.7698], [9.1552, 48.7698], [9.1551, 48.7698], [9.1553, 48.7698], [9.1563, 48.7701], [9.1564, 48.7701], [9.1576, 48.7704], [9.1577, 48.7704], [9.1577, 48.7705]], [[9.1691, 48.8139], [9.1691, 48.814], [9.169, 48.8141], [9.1689, 48.8141], [9.1688, 48.8143], [9.1688, 48.8144], [9.1687, 48.8144], [9.1687, 48.8143], [9.1688, 48.8142], [9.1689, 48.814], [9.169, 48.8139], [9.1691, 48.8138], [9.1691, 48.8137], [9.1693, 48.8136], [9.1693, 48.8135], [9.1695, 48.8134], [9.1696, 48.8133], [9.1698, 48.8132], [9.1698, 48.8131], [9.1699, 48.8131], [9.1701, 48.8129], [9.1703, 48.8128], [9.1701, 48.813], [9.17, 48.8131], [9.1699, 48.8131], [9.1698, 48.8132], [9.1697, 48.8133], [9.1696, 48.8134], [9.1694, 48.8136], [9.1693, 48.8137], [9.1691, 48.8139]], [[9.1656, 48.8301], [9.1657, 48.8301], [9.1662, 48.8297], [9.1662, 48.8296], [9.1664, 48.8295], [9.1668, 48.8291], [9.1674, 48.8286], [9.1673, 48.8286], [9.1665, 48.8293], [9.1663, 48.8294], [9.1661, 48.8296], [9.166, 48.8297], [9.1661, 48.8297], [9.1656, 48.8301]], [[9.0928, 48.8222], [9.0929, 48.8222], [9.0933, 48.8222], [9.0939, 48.8221], [9.0941, 48.8221], [9.0947, 48.8221], [9.0956, 48.8221], [9.0957, 48.8221], [9.0956, 48.8221], [9.0954, 48.8221], [9.0947, 48.8221], [9.0947, 48.8222], [9.0941, 48.8222], [9.094, 48.8222], [9.0939, 48.8222], [9.0938, 48.8222], [9.0935, 48.8222], [9.0934, 48.8222], [9.0929, 48.8222], [9.0928, 48.8222]], [[9.0246, 48.8151], [9.0246, 48.815], [9.0251, 48.815], [9.0275, 48.8151], [9.0275, 48.8152], [9.0251, 48.8151], [9.0246, 48.8151]], [[8.9595, 48.7901], [8.9595, 48.79], [8.9597, 48.7901], [8.9598, 48.7902], [8.96, 48.7902], [8.9603, 48.7903], [8.9611, 48.7906], [8.9615, 48.7907], [8.9617, 48.7908], [8.9621, 48.7908], [8.9621, 48.7909], [8.9617, 48.7908], [8.9615, 48.7907], [8.961, 48.7906], [8.9607, 48.7905], [8.9605, 48.7904], [8.9605, 48.7905], [8.9605, 48.7904], [8.9604, 48.7904], [8.9602, 48.7904], [8.96, 48.7903], [8.9598, 48.7902], [8.9597, 48.7902], [8.9596, 48.7901], [8.9595, 48.7901]], [[8.9033, 48.7716], [8.9036, 48.7717], [8.9038, 48.7717], [8.9041, 48.7717], [8.9046, 48.7718], [8.905, 48.7719], [8.9053, 48.7719], [8.9056, 48.7719], [8.9063, 48.772], [8.9063, 48.7721], [8.9061, 48.772], [8.9059, 48.772], [8.9056, 48.772], [8.9053, 48.7719], [8.9051, 48.7719], [8.9049, 48.7719], [8.9046, 48.7719], [8.9043, 48.7718], [8.9042, 48.7718], [8.9043, 48.7718], [8.9042, 48.7718], [8.9041, 48.7718], [8.9038, 48.7717], [8.9036, 48.7717], [8.9035, 48.7717], [8.9034, 48.7717], [8.9034, 48.7716], [8.9033, 48.7716]], [[8.8725, 48.7552], [8.8724, 48.7551], [8.8723, 48.7551], [8.8724, 48.7551], [8.8724, 48.755], [8.8724, 48.7551], [8.8725, 48.7552], [8.8726, 48.7552], [8.8727, 48.7553], [8.8731, 48.7556], [8.8744, 48.7566], [8.8744, 48.7567], [8.8737, 48.7562], [8.8731, 48.7557], [8.8725, 48.7552]], [[9.1848, 48.7879], [9.1849, 48.788]], [[9.1849, 48.788], [9.1852, 48.7883]], [[9.1852, 48.7883], [9.1852, 48.7884], [9.1855, 48.7886], [9.1859, 48.7889], [9.1859, 48.789]], [[9.1859, 48.789], [9.1862, 48.7892], [9.1865, 48.7894], [9.1867, 48.7895], [9.1867, 48.7896], [9.1869, 48.7897], [9.187, 48.7898]], [[9.187, 48.7898], [9.1871, 48.7898]], [[9.1871, 48.7898], [9.1874, 48.79]], [[9.1874, 48.79], [9.1876, 48.7902], [9.188, 48.7903], [9.1882, 48.7904]], [[9.1882, 48.7904], [9.1887, 48.7906]], [[9.1887, 48.7906], [9.189, 48.7908], [9.1891, 48.7908]], [[9.1891, 48.7908], [9.1895, 48.791], [9.1901, 48.7913], [9.1903, 48.7914], [9.1905, 48.7915], [9.1908, 48.7916], [9.1911, 48.7917], [9.1914, 48.7919], [9.1916, 48.792], [9.1919, 48.7921], [9.1923, 48.7924]], [[9.1923, 48.7924], [9.1924, 48.7925], [9.1925, 48.7925], [9.1928, 48.7927], [9.1931, 48.793], [9.1934, 48.7933], [9.1937, 48.7937], [9.1942, 48.7944]], [[9.1942, 48.7944], [9.1946, 48.795]], [[9.1946, 48.795], [9.1946, 48.7951], [9.1948, 48.7955]], [[9.1948, 48.7955], [9.1949, 48.7956], [9.195, 48.796], [9.1951, 48.7962], [9.1951, 48.7963], [9.1951, 48.7965], [9.1952, 48.7967], [9.1952, 48.7971], [9.1953, 48.7976]], [[9.1953, 48.7976], [9.1953, 48.7979], [9.1954, 48.7983], [9.1954, 48.7985], [9.1954, 48.7987], [9.1954, 48.7989], [9.1954, 48.7991], [9.1953, 48.7994], [9.1952, 48.7996], [9.1951, 48.7999], [9.195, 48.8001], [9.1949, 48.8003], [9.1948, 48.8005], [9.1947, 48.8006], [9.1946, 48.8007], [9.1945, 48.8009], [9.1944, 48.801], [9.1943, 48.8011]], [[9.1943, 48.8011], [9.194, 48.8014]], [[9.194, 48.8014], [9.1937, 48.8016], [9.1934, 48.8018], [9.1931, 48.802], [9.1929, 48.8021], [9.1927, 48.8022]], [[9.1927, 48.8022], [9.1926, 48.8022]], [[9.1926, 48.8022], [9.1925, 48.8023], [9.1922, 48.8024], [9.1916, 48.8026], [9.191, 48.8029], [9.1907, 48.803], [9.1904, 48.8031], [9.1902, 48.8031], [9.1899, 48.8032]], [[9.1899, 48.8032], [9.1895, 48.8034]], [[9.1895, 48.8034], [9.1894, 48.8034], [9.1893, 48.8034]], [[9.1893, 48.8034], [9.1885, 48.8037], [9.1882, 48.8038], [9.188, 48.8038]], [[9.188, 48.8038], [9.1879, 48.8039], [9.1876, 48.804], [9.1874, 48.804], [9.1872, 48.8041], [9.1869, 48.8042], [9.1866, 48.8043], [9.1863, 48.8044], [9.186, 48.8046], [9.1859, 48.8046], [9.1857, 48.8047], [9.1848, 48.8051], [9.1832, 48.8059], [9.1831, 48.806]], [[9.1831, 48.806], [9.1829, 48.8061], [9.1824, 48.8063], [9.1821, 48.8065], [9.1816, 48.8067], [9.1813, 48.8069], [9.1806, 48.8073], [9.1805, 48.8073], [9.1803, 48.8075], [9.1802, 48.8075]], [[9.1723, 48.8117], [9.1719, 48.8119], [9.1713, 48.8122], [9.1708, 48.8125], [9.1704, 48.8127]], [[9.1704, 48.8127], [9.1702, 48.8128], [9.17, 48.8129], [9.1699, 48.813]], [[9.1699, 48.813], [9.1698, 48.8131]], [[9.1698, 48.8131], [9.1697, 48.8131], [9.1695, 48.8133], [9.1693, 48.8135], [9.1693, 48.8136], [9.1691, 48.8137], [9.169, 48.8139], [9.1689, 48.8139]], [[9.1689, 48.8139], [9.1689, 48.814]], [[9.1689, 48.814], [9.1688, 48.8142], [9.1687, 48.8143], [9.1687, 48.8144], [9.1685, 48.8146]], [[9.1685, 48.8146], [9.1684, 48.8148]], [[9.1684, 48.8148], [9.1683, 48.8151], [9.1683, 48.8153], [9.1682, 48.8154], [9.1682, 48.8156], [9.1682, 48.8158], [9.1682, 48.816], [9.1682, 48.8164], [9.1682, 48.8167], [9.1683, 48.8168]], [[9.1683, 48.8168], [9.1684, 48.8171], [9.1684, 48.8173], [9.1685, 48.8174], [9.1685, 48.8176], [9.1686, 48.8178], [9.1687, 48.8181], [9.1689, 48.8183], [9.169, 48.8185], [9.1692, 48.8188], [9.1694, 48.8191], [9.1696, 48.8194], [9.1699, 48.8196], [9.1701, 48.8199], [9.1703, 48.8202], [9.1705, 48.8204], [9.1707, 48.8206], [9.1708, 48.8207], [9.1709, 48.8209], [9.171, 48.8211], [9.1712, 48.8214], [9.1712, 48.8215], [9.1713, 48.8216], [9.1713, 48.8219], [9.1714, 48.8221], [9.1714, 48.8223], [9.1715, 48.8225], [9.1715, 48.823], [9.1714, 48.8232], [9.1714, 48.8233], [9.1714, 48.8235], [9.1713, 48.8237], [9.1713, 48.8239], [9.1712, 48.8241]], [[9.1712, 48.8241], [9.1712, 48.8242], [9.171, 48.8245], [9.1708, 48.8248], [9.1707, 48.825]], [[9.1707, 48.825], [9.1705, 48.8252], [9.1704, 48.8254], [9.1701, 48.8257]], [[9.1701, 48.8257], [9.1698, 48.826]], [[9.1698, 48.826], [9.1697, 48.8261]], [[9.1697, 48.8261], [9.1695, 48.8264], [9.1689, 48.8271], [9.1687, 48.8273], [9.1684, 48.8277], [9.1681, 48.828], [9.168, 48.8281], [9.1679, 48.8282], [9.1678, 48.8283], [9.1676, 48.8284], [9.1673, 48.8287]], [[9.1673, 48.8287], [9.167, 48.829], [9.1668, 48.8291], [9.1665, 48.8294], [9.1661, 48.8297], [9.166, 48.8298], [9.1658, 48.83], [9.1656, 48.8302]], [[9.1656, 48.8302], [9.1655, 48.8302]], [[9.1655, 48.8302], [9.1655, 48.8303], [9.1653, 48.8304], [9.1648, 48.8308], [9.1647, 48.8309], [9.1645, 48.831], [9.1643, 48.8311], [9.1642, 48.8312], [9.164, 48.8313], [9.1639, 48.8314], [9.1637, 48.8315], [9.1636, 48.8316], [9.1634, 48.8316], [9.1632, 48.8317], [9.163, 48.8318], [9.1628, 48.8319], [9.1625, 48.832], [9.1622, 48.8321], [9.162, 48.8322], [9.1615, 48.8323], [9.161, 48.8324]], [[9.161, 48.8324], [9.1608, 48.8325], [9.1607, 48.8325], [9.1606, 48.8325], [9.1602, 48.8326], [9.1596, 48.8328]], [[9.1596, 48.8328], [9.159, 48.8329], [9.1588, 48.833]], [[9.1588, 48.833], [9.1584, 48.8331], [9.1579, 48.8332], [9.1574, 48.8333], [9.157, 48.8334], [9.1566, 48.8335], [9.1563, 48.8335], [9.1557, 48.8336], [9.1551, 48.8337], [9.1545, 48.8337], [9.1539, 48.8338], [9.1538, 48.8338], [9.1537, 48.8338], [9.1534, 48.8338]], [[9.1534, 48.8338], [9.1529, 48.8338], [9.1526, 48.8339], [9.1523, 48.8339], [9.1521, 48.8339], [9.1519, 48.8339], [9.1518, 48.8339], [9.1517, 48.8339], [9.1515, 48.8339], [9.1514, 48.8339], [9.151, 48.8339], [9.1507, 48.8338], [9.1505, 48.8338], [9.1501, 48.8338], [9.1497, 48.8338], [9.1496, 48.8338], [9.1493, 48.8338], [9.1487, 48.8337], [9.1479, 48.8336], [9.1474, 48.8335], [9.1468, 48.8334], [9.146, 48.8333], [9.1455, 48.8332], [9.1451, 48.8331], [9.1447, 48.833], [9.1444, 48.8329]], [[9.1444, 48.8329], [9.1442, 48.8328]], [[9.1442, 48.8328], [9.1418, 48.8322], [9.1407, 48.8319], [9.14, 48.8317], [9.1389, 48.8314], [9.1369, 48.8308], [9.1346, 48.8302]], [[9.1346, 48.8302], [9.1344, 48.8302]], [[9.1344, 48.8302], [9.134, 48.83], [9.1333, 48.8299], [9.1328, 48.8297], [9.1321, 48.8295], [9.1317, 48.8294], [9.1308, 48.8292], [9.1298, 48.8289], [9.1291, 48.8287], [9.129, 48.8287], [9.1281, 48.8284]], [[9.1281, 48.8284], [9.1275, 48.8282], [9.1274, 48.8282], [9.127, 48.8281], [9.1267, 48.828], [9.1263, 48.8279], [9.1255, 48.8277], [9.1245, 48.8274], [9.1243, 48.8273], [9.1231, 48.827]], [[9.1231, 48.827], [9.1215, 48.8266], [9.1214, 48.8265], [9.1209, 48.8264], [9.1208, 48.8264], [9.1205, 48.8263], [9.1197, 48.8261], [9.1189, 48.8258], [9.118, 48.8256]], [[9.118, 48.8256], [9.1174, 48.8254], [9.1171, 48.8253], [9.1169, 48.8253]], [[9.1169, 48.8253], [9.1163, 48.8251], [9.1144, 48.8246], [9.1142, 48.8245], [9.113, 48.8242], [9.112, 48.8239], [9.1118, 48.8239], [9.1117, 48.8238], [9.1114, 48.8238], [9.111, 48.8237], [9.1103, 48.8235], [9.1102, 48.8235], [9.11, 48.8234], [9.1096, 48.8234], [9.1094, 48.8233], [9.109, 48.8232], [9.1086, 48.8231], [9.1082, 48.823], [9.1077, 48.823], [9.1071, 48.8228], [9.107, 48.8228], [9.1067, 48.8228], [9.1064, 48.8227], [9.1059, 48.8227], [9.1055, 48.8226], [9.1052, 48.8226], [9.1042, 48.8224]], [[9.1042, 48.8224], [9.1038, 48.8224]], [[9.1038, 48.8224], [9.1033, 48.8223], [9.1028, 48.8223], [9.1023, 48.8222], [9.1014, 48.8222], [9.1005, 48.8221], [9.0996, 48.8221], [9.0991, 48.822], [9.0986, 48.822], [9.0982, 48.822], [9.0971, 48.822], [9.0967, 48.822]], [[9.0967, 48.822], [9.0961, 48.822]], [[9.0961, 48.822], [9.0957, 48.8221]], [[9.0957, 48.8221], [9.0954, 48.8221], [9.0945, 48.8221], [9.0944, 48.8221], [9.0939, 48.8221], [9.0938, 48.8221], [9.0935, 48.8221], [9.0933, 48.8222], [9.093, 48.8222], [9.0929, 48.8222]], [[9.0929, 48.8222], [9.0928, 48.8222], [9.0925, 48.8222]], [[9.0925, 48.8222], [9.0905, 48.8224], [9.0896, 48.8224], [9.0889, 48.8225], [9.0878, 48.8226], [9.0869, 48.8226], [9.0845, 48.8228], [9.0839, 48.8228], [9.0838, 48.8228], [9.0806, 48.8231], [9.0805, 48.8231], [9.0796, 48.8231], [9.0768, 48.8233], [9.0767, 48.8233], [9.0766, 48.8234], [9.0758, 48.8234], [9.0748, 48.8235], [9.0741, 48.8235], [9.0736, 48.8236], [9.0729, 48.8236]], [[9.0729, 48.8236], [9.0726, 48.8236]], [[9.0726, 48.8236], [9.0721, 48.8237], [9.0716, 48.8237], [9.0711, 48.8237], [9.0708, 48.8237], [9.0704, 48.8237], [9.0702, 48.8237]], [[9.0702, 48.8237], [9.0701, 48.8237]], [[9.0701, 48.8237], [9.0696, 48.8237], [9.0692, 48.8237], [9.0688, 48.8237], [9.0686, 48.8237]], [[9.0686, 48.8237], [9.0677, 48.8237], [9.0673, 48.8236], [9.0667, 48.8236], [9.0666, 48.8236], [9.0662, 48.8236], [9.066, 48.8236], [9.0657, 48.8236]], [[9.0657, 48.8236], [9.0654, 48.8236], [9.0639, 48.8235]], [[9.0639, 48.8235], [9.0635, 48.8235], [9.063, 48.8235], [9.0628, 48.8235], [9.0622, 48.8235], [9.0617, 48.8234], [9.0612, 48.8233], [9.0608, 48.8233], [9.0605, 48.8232], [9.0602, 48.8232], [9.0598, 48.8231], [9.0592, 48.8229], [9.0586, 48.8227], [9.0574, 48.8223], [9.0551, 48.8216], [9.0547, 48.8215], [9.0537, 48.8212], [9.0519, 48.8206], [9.0511, 48.8203], [9.0505, 48.8201], [9.05, 48.8198], [9.0498, 48.8197], [9.0493, 48.8195], [9.0486, 48.8191], [9.0477, 48.8185], [9.0471, 48.8181], [9.0467, 48.8178]], [[9.0467, 48.8178], [9.0463, 48.8174]], [[9.0463, 48.8174], [9.0459, 48.8172]], [[9.0459, 48.8172], [9.0453, 48.8167], [9.045, 48.8165], [9.0444, 48.8161], [9.044, 48.8159], [9.0433, 48.8156], [9.0429, 48.8155], [9.0425, 48.8154], [9.0419, 48.8153], [9.0412, 48.8152], [9.0406, 48.8152], [9.0401, 48.8153], [9.039, 48.8153]], [[9.039, 48.8153], [9.0384, 48.8154], [9.038, 48.8154], [9.0374, 48.8154], [9.0368, 48.8154], [9.0348, 48.8154], [9.0326, 48.8153], [9.0296, 48.8152], [9.0275, 48.8151]], [[9.0275, 48.8151], [9.0263, 48.8151], [9.0262, 48.8151], [9.0249, 48.815], [9.0246, 48.815]], [[9.0246, 48.815], [9.0241, 48.815], [9.024, 48.815], [9.0204, 48.8149], [9.0198, 48.8148], [9.0192, 48.8149], [9.0187, 48.8149]], [[9.0187, 48.8149], [9.0186, 48.8149], [9.0183, 48.815], [9.0178, 48.815], [9.017, 48.8151], [9.0165, 48.8152], [9.016, 48.8153], [9.0156, 48.8153], [9.0153, 48.8153], [9.015, 48.8153], [9.0146, 48.8152], [9.0141, 48.8152], [9.0137, 48.8151], [9.0134, 48.815], [9.0132, 48.8149], [9.0131, 48.8149], [9.0128, 48.8148]], [[9.0128, 48.8148], [9.0125, 48.8147]], [[9.0125, 48.8147], [9.0122, 48.8145], [9.0118, 48.8142], [9.0116, 48.8141], [9.0115, 48.814], [9.0109, 48.8135], [9.0107, 48.8133], [9.0104, 48.8132], [9.0103, 48.813], [9.0101, 48.8129], [9.0098, 48.8128], [9.0095, 48.8126], [9.0091, 48.8125], [9.009, 48.8124], [9.0088, 48.8124], [9.0085, 48.8123], [9.0076, 48.8121], [9.0064, 48.8118], [9.0061, 48.8118], [9.0056, 48.8117], [9.0052, 48.8116], [9.005, 48.8115], [9.0047, 48.8114], [9.0045, 48.8113], [9.0042, 48.8112], [9.0039, 48.8111], [9.0037, 48.811], [9.0035, 48.8108], [9.0033, 48.8107], [9.0031, 48.8105], [9.0029, 48.8103], [9.0028, 48.8102], [9.0027, 48.8101], [9.0026, 48.81], [9.0025, 48.8098], [9.0023, 48.8096], [9.0023, 48.8095], [9.0022, 48.8093], [9.0022, 48.8092], [9.0021, 48.809], [9.0021, 48.8087], [9.0021, 48.8085], [9.0021, 48.8084], [9.0022, 48.8081], [9.0023, 48.8079], [9.0023, 48.8077], [9.0024, 48.8076], [9.0025, 48.8075], [9.0025, 48.8074], [9.0027, 48.8072], [9.0028, 48.807], [9.003, 48.8068], [9.0032, 48.8067], [9.0033, 48.8066], [9.0036, 48.8064], [9.0038, 48.8062], [9.0043, 48.806], [9.0049, 48.8058], [9.0053, 48.8056], [9.0056, 48.8054]], [[9.0056, 48.8054], [9.0058, 48.8053], [9.006, 48.8052]], [[9.006, 48.8052], [9.0061, 48.8052], [9.0065, 48.805], [9.0067, 48.8048], [9.0069, 48.8046], [9.0071, 48.8043], [9.0072, 48.8042], [9.0073, 48.804], [9.0075, 48.8038], [9.0075, 48.8036], [9.0076, 48.8033], [9.0077, 48.803], [9.0077, 48.8027], [9.0076, 48.8025], [9.0076, 48.8024], [9.0076, 48.8022], [9.0075, 48.8021]], [[9.0075, 48.8021], [9.0074, 48.8018]], [[9.0074, 48.8018], [9.0073, 48.8017], [9.0072, 48.8015]], [[9.0072, 48.8015], [9.0071, 48.8014], [9.0069, 48.8012]], [[9.0069, 48.8012], [9.0067, 48.8011], [9.0066, 48.8009], [9.0065, 48.8009], [9.0064, 48.8008]], [[9.0064, 48.8008], [9.0063, 48.8007], [9.0061, 48.8006], [9.0059, 48.8005], [9.0057, 48.8004], [9.0055, 48.8003], [9.0052, 48.8002]], [[9.0052, 48.8002], [9.0049, 48.8001], [9.0045, 48.7999], [9.0043, 48.7999], [9.004, 48.7997], [9.0038, 48.7996], [9.0037, 48.7996], [9.0032, 48.7994], [9.0029, 48.7993], [9.0028, 48.7993], [9.0027, 48.7992], [9.0025, 48.7992]], [[8.9981, 48.7974], [9.0001, 48.7982], [9.0013, 48.7987], [9.0015, 48.7988], [9.0018, 48.7989], [9.0019, 48.7989], [9.0025, 48.7992]], [[8.9981, 48.7974], [8.9974, 48.7971], [8.9973, 48.7971]], [[8.9973, 48.7971], [8.997, 48.797]], [[8.997, 48.797], [8.9969, 48.797], [8.9967, 48.7969], [8.9966, 48.7968]], [[8.9966, 48.7968], [8.9955, 48.7964], [8.9941, 48.7958], [8.9914, 48.7948], [8.9905, 48.7944], [8.99, 48.7943], [8.9897, 48.7942], [8.9894, 48.7941], [8.9889, 48.7939], [8.9885, 48.7938], [8.9879, 48.7937], [8.9873, 48.7936], [8.9868, 48.7935], [8.9863, 48.7935], [8.9862, 48.7935], [8.9857, 48.7934], [8.9852, 48.7934], [8.9847, 48.7934], [8.9837, 48.7934], [8.9814, 48.7934], [8.9793, 48.7934], [8.9783, 48.7934], [8.9777, 48.7934], [8.9772, 48.7933], [8.9769, 48.7933], [8.9763, 48.7933], [8.9759, 48.7933], [8.9755, 48.7932], [8.9748, 48.7932], [8.9742, 48.7931], [8.9736, 48.793], [8.9726, 48.7928], [8.9709, 48.7925], [8.9684, 48.792]], [[8.9684, 48.792], [8.9657, 48.7915], [8.9651, 48.7914], [8.9637, 48.7911], [8.9626, 48.7909], [8.9622, 48.7908]], [[8.9622, 48.7908], [8.9621, 48.7908], [8.9619, 48.7908], [8.9614, 48.7907], [8.961, 48.7906], [8.961, 48.7905], [8.9609, 48.7905], [8.9608, 48.7905]], [[8.9608, 48.7905], [8.9606, 48.7904]], [[8.9606, 48.7904], [8.9599, 48.7902], [8.9596, 48.7901], [8.9595, 48.79], [8.9593, 48.79]], [[8.9593, 48.79], [8.9588, 48.7897], [8.9583, 48.7894], [8.9579, 48.7892], [8.9575, 48.789], [8.9561, 48.7881], [8.9559, 48.788], [8.9547, 48.7872], [8.9543, 48.787], [8.95, 48.7843], [8.9462, 48.7818], [8.9448, 48.7809], [8.9417, 48.779], [8.9405, 48.7782]], [[8.9405, 48.7782], [8.9404, 48.7781], [8.9394, 48.7774], [8.9388, 48.7771], [8.9385, 48.7769], [8.9381, 48.7767], [8.938, 48.7766], [8.9375, 48.7764], [8.9372, 48.7763], [8.9367, 48.7761], [8.9363, 48.776], [8.9359, 48.7758]], [[8.9359, 48.7758], [8.9355, 48.7757], [8.9351, 48.7756], [8.9348, 48.7756], [8.9346, 48.7755], [8.9343, 48.7755], [8.9339, 48.7754]], [[8.9339, 48.7754], [8.9337, 48.7754], [8.9327, 48.7752], [8.9321, 48.7752], [8.9314, 48.7751], [8.931, 48.775], [8.9309, 48.775]], [[8.9309, 48.775], [8.9306, 48.775], [8.9303, 48.7749], [8.93, 48.7749], [8.9288, 48.7747], [8.9286, 48.7747]], [[8.9286, 48.7747], [8.9284, 48.7747], [8.9269, 48.7745], [8.9267, 48.7744]], [[8.9267, 48.7744], [8.9263, 48.7744], [8.9261, 48.7744], [8.9258, 48.7743]], [[8.9258, 48.7743], [8.9251, 48.7742]], [[8.9251, 48.7742], [8.9245, 48.7742], [8.9239, 48.7741], [8.9233, 48.774]], [[8.9233, 48.774], [8.9219, 48.7739]], [[8.9219, 48.7739], [8.9214, 48.7738]], [[8.9214, 48.7738], [8.9212, 48.7738], [8.9207, 48.7737], [8.9197, 48.7736], [8.9196, 48.7736], [8.9176, 48.7734], [8.9164, 48.7732], [8.9163, 48.7732], [8.9155, 48.7731], [8.9114, 48.7726], [8.9079, 48.7722], [8.9074, 48.7721], [8.9071, 48.7721]], [[8.9071, 48.7721], [8.9067, 48.7721]], [[8.9067, 48.7721], [8.9065, 48.772]], [[8.9065, 48.772], [8.9063, 48.772]], [[8.9063, 48.772], [8.9051, 48.7719], [8.9047, 48.7718], [8.9042, 48.7717], [8.9039, 48.7717], [8.9035, 48.7716], [8.9033, 48.7716]], [[8.9033, 48.7716], [8.903, 48.7715], [8.9028, 48.7715], [8.9025, 48.7714], [8.9021, 48.7713], [8.9018, 48.7712], [8.9014, 48.7711], [8.9009, 48.7709], [8.9003, 48.7706]], [[8.9003, 48.7706], [8.8999, 48.7705], [8.8989, 48.7701]], [[8.8989, 48.7701], [8.8987, 48.77], [8.898, 48.7697], [8.8973, 48.7694], [8.8971, 48.7693], [8.896, 48.7688]], [[8.896, 48.7688], [8.8949, 48.7683], [8.8945, 48.7682]], [[8.8945, 48.7682], [8.894, 48.768]], [[8.894, 48.768], [8.8931, 48.7676], [8.8924, 48.7673], [8.8909, 48.7667], [8.8903, 48.7664], [8.8878, 48.7654], [8.8868, 48.7649]], [[8.8868, 48.7649], [8.8864, 48.7648]], [[8.8864, 48.7648], [8.8862, 48.7647], [8.8861, 48.7647]], [[8.8861, 48.7647], [8.8861, 48.7646], [8.8851, 48.7642], [8.8843, 48.7638], [8.884, 48.7636], [8.8835, 48.7633], [8.8833, 48.7632], [8.8827, 48.7628], [8.8816, 48.762], [8.8814, 48.7618], [8.881, 48.7615], [8.8809, 48.7614]], [[8.8809, 48.7614], [8.88, 48.7608]], [[8.88, 48.7608], [8.8799, 48.7607], [8.8787, 48.7598]], [[8.8787, 48.7598], [8.8784, 48.7595]], [[8.8784, 48.7595], [8.8783, 48.7595], [8.878, 48.7593], [8.8762, 48.7579]], [[8.8762, 48.7579], [8.8754, 48.7573], [8.8745, 48.7566]], [[8.8745, 48.7566], [8.8742, 48.7564]], [[8.8742, 48.7564], [8.8736, 48.756], [8.8732, 48.7557]], [[8.9046, 48.7718], [8.9046, 48.7717], [8.9049, 48.7717], [8.905, 48.7718], [8.9065, 48.7719], [8.9066, 48.7719], [8.9066, 48.772], [8.9067, 48.772], [8.9071, 48.772], [8.9072, 48.772], [8.9073, 48.772], [8.9074, 48.772], [8.9074, 48.7721], [8.9072, 48.7721], [8.9065, 48.772], [8.905, 48.7718], [8.9046, 48.7718]], [[8.9622, 48.7908], [8.9615, 48.7906], [8.9611, 48.7905], [8.9607, 48.7904], [8.9606, 48.7903], [8.9603, 48.7903], [8.9602, 48.7902], [8.9601, 48.7902], [8.96, 48.7901], [8.9599, 48.7901], [8.9598, 48.7901], [8.9599, 48.7901], [8.9597, 48.79], [8.9596, 48.79], [8.9597, 48.7901], [8.9598, 48.7901], [8.96, 48.7902], [8.9603, 48.7903], [8.9606, 48.7904], [8.9611, 48.7905], [8.9615, 48.7906], [8.9621, 48.7908], [8.9622, 48.7908]], [[9.0246, 48.815], [9.0246, 48.8149], [9.0251, 48.815], [9.0251, 48.8149], [9.0252, 48.8149], [9.0252, 48.815], [9.0253, 48.815], [9.0265, 48.815], [9.0275, 48.815], [9.0275, 48.8151], [9.0253, 48.815], [9.0246, 48.815]], [[9.0928, 48.8221], [9.0933, 48.8221], [9.0936, 48.8221], [9.0938, 48.8221], [9.094, 48.822], [9.0941, 48.822], [9.0946, 48.822], [9.0947, 48.822], [9.0949, 48.822], [9.0957, 48.822], [9.0956, 48.822], [9.0949, 48.822], [9.0946, 48.822], [9.0944, 48.822], [9.0938, 48.8221], [9.0936, 48.8221], [9.0933, 48.8221], [9.0929, 48.8221], [9.0928, 48.8221]], [[9.1667, 48.8291], [9.167, 48.8289], [9.1674, 48.8286], [9.1678, 48.8282], [9.168, 48.828], [9.168, 48.8279], [9.1677, 48.8282], [9.1674, 48.8284], [9.1669, 48.8289], [9.1666, 48.8291], [9.1663, 48.8293], [9.1663, 48.8294], [9.1664, 48.8294], [9.1667, 48.8291]], [[9.1688, 48.8139], [9.1687, 48.814], [9.1688, 48.814], [9.1689, 48.8139], [9.169, 48.8138], [9.1692, 48.8136], [9.1692, 48.8135], [9.1695, 48.8133], [9.1697, 48.8131], [9.1698, 48.813], [9.1699, 48.8129], [9.1701, 48.8128], [9.1704, 48.8126], [9.1706, 48.8125], [9.1705, 48.8125], [9.1703, 48.8126], [9.1701, 48.8128], [9.1699, 48.8129], [9.1699, 48.8128], [9.1697, 48.813], [9.1696, 48.813], [9.1694, 48.8132], [9.1693, 48.8132], [9.1691, 48.8135], [9.169, 48.8136], [9.1688, 48.8138], [9.1688, 48.8139]], [[9.1551, 48.7698], [9.1553, 48.7698], [9.1563, 48.7701], [9.1564, 48.7701], [9.1576, 48.7704], [9.1577, 48.7704], [9.1577, 48.7705], [9.1576, 48.7705], [9.1575, 48.7704], [9.1573, 48.7704], [9.1569, 48.7703], [9.1568, 48.7703], [9.1561, 48.7701], [9.1554, 48.7699], [9.1553, 48.7699], [9.1551, 48.7698]], [[8.8989, 48.7701], [8.8999, 48.7704], [8.9005, 48.7707], [8.9009, 48.7709]], [[8.9009, 48.7709], [8.9013, 48.771], [8.9018, 48.7712], [8.9021, 48.7713], [8.9025, 48.7714], [8.9028, 48.7714], [8.9031, 48.7715], [8.9034, 48.7716], [8.9036, 48.7716]], [[8.9036, 48.7716], [8.904, 48.7717], [8.9044, 48.7717], [8.9046, 48.7718]], [[8.9046, 48.7718], [8.9048, 48.7718], [8.9066, 48.772], [8.9067, 48.772]], [[8.9067, 48.772], [8.9071, 48.7721]], [[8.9071, 48.7721], [8.9073, 48.7721], [8.9074, 48.7721]], [[8.9074, 48.7721], [8.9078, 48.7721]], [[8.9078, 48.7721], [8.9079, 48.7722], [8.9114, 48.7726], [8.9155, 48.7731], [8.9164, 48.7732], [8.9176, 48.7733], [8.9196, 48.7735], [8.9197, 48.7736], [8.9207, 48.7737], [8.9212, 48.7737], [8.9214, 48.7738]], [[8.9214, 48.7738], [8.9219, 48.7738]], [[8.9219, 48.7738], [8.9234, 48.774]], [[8.9234, 48.774], [8.9246, 48.7741], [8.9247, 48.7741], [8.9251, 48.7742]], [[8.9251, 48.7742], [8.9252, 48.7742], [8.9257, 48.7743]], [[8.9257, 48.7743], [8.9266, 48.7744]], [[8.9266, 48.7744], [8.9267, 48.7744], [8.9268, 48.7744]], [[8.9268, 48.7744], [8.9276, 48.7745], [8.9284, 48.7746], [8.9291, 48.7747], [8.9296, 48.7747], [8.9303, 48.7748], [8.9309, 48.7749]], [[8.9309, 48.7749], [8.9314, 48.775], [8.9328, 48.7752], [8.9331, 48.7752], [8.9336, 48.7753], [8.9339, 48.7753]], [[8.9339, 48.7753], [8.9343, 48.7754], [8.9346, 48.7755], [8.9349, 48.7755], [8.9352, 48.7756], [8.9356, 48.7757], [8.9359, 48.7758]], [[8.9359, 48.7758], [8.936, 48.7758], [8.9363, 48.7759], [8.9369, 48.7761], [8.9375, 48.7763], [8.9381, 48.7766], [8.9382, 48.7767], [8.9386, 48.7769], [8.9391, 48.7771], [8.9395, 48.7774], [8.9397, 48.7776], [8.9405, 48.7781], [8.9406, 48.7781]], [[8.9406, 48.7781], [8.9418, 48.7789], [8.9448, 48.7809], [8.9462, 48.7818], [8.9501, 48.7842], [8.9543, 48.787], [8.9547, 48.7872], [8.9559, 48.788], [8.9561, 48.7881], [8.9575, 48.789], [8.9579, 48.7892], [8.9583, 48.7894], [8.9589, 48.7897], [8.9594, 48.7899], [8.9596, 48.79]], [[8.9596, 48.79], [8.96, 48.7902], [8.9605, 48.7904], [8.9606, 48.7904]], [[8.9606, 48.7904], [8.9608, 48.7904]], [[8.9608, 48.7904], [8.9609, 48.7905], [8.9611, 48.7905], [8.9613, 48.7906], [8.9615, 48.7906], [8.962, 48.7908], [8.9621, 48.7908], [8.9622, 48.7908]], [[8.9622, 48.7908], [8.9627, 48.7909], [8.9633, 48.791], [8.9637, 48.7911], [8.9651, 48.7914], [8.9681, 48.7919]], [[8.9681, 48.7919], [8.9727, 48.7928], [8.9736, 48.793], [8.9742, 48.793], [8.9748, 48.7931], [8.9755, 48.7932], [8.9759, 48.7932], [8.9764, 48.7933], [8.9769, 48.7933], [8.9772, 48.7933], [8.9777, 48.7933], [8.9785, 48.7933], [8.9814, 48.7933], [8.9837, 48.7933], [8.9847, 48.7933], [8.9852, 48.7934], [8.9857, 48.7934], [8.9863, 48.7934], [8.9868, 48.7935], [8.9873, 48.7936], [8.9879, 48.7937], [8.9885, 48.7938], [8.989, 48.7939], [8.9894, 48.794], [8.9897, 48.7941], [8.99, 48.7942], [8.9905, 48.7944], [8.9911, 48.7946], [8.9915, 48.7947], [8.9942, 48.7958], [8.9958, 48.7965], [8.9959, 48.7965], [8.9968, 48.7968], [8.9969, 48.7969], [8.9971, 48.797]], [[8.9971, 48.797], [8.9973, 48.7971]], [[8.9973, 48.7971], [8.9984, 48.7975]], [[8.9984, 48.7975], [8.9986, 48.7976], [9.0002, 48.7982], [9.0012, 48.7986], [9.0016, 48.7987], [9.0017, 48.7988], [9.0023, 48.799], [9.0031, 48.7993], [9.0038, 48.7996], [9.004, 48.7997], [9.0042, 48.7998], [9.0044, 48.7998], [9.0049, 48.8], [9.0052, 48.8001], [9.0057, 48.8003], [9.0058, 48.8004]], [[9.0058, 48.8004], [9.0061, 48.8005], [9.0063, 48.8007], [9.0064, 48.8007], [9.0065, 48.8008], [9.0067, 48.801], [9.0068, 48.8011], [9.0069, 48.8011], [9.007, 48.8012]], [[9.007, 48.8012], [9.0071, 48.8014], [9.0072, 48.8015]], [[9.0072, 48.8015], [9.0073, 48.8016]], [[9.0073, 48.8016], [9.0074, 48.8017], [9.0074, 48.8018]], [[9.0074, 48.8018], [9.0076, 48.8021]], [[9.0076, 48.8021], [9.0076, 48.8022], [9.0077, 48.8025], [9.0077, 48.8026], [9.0077, 48.8027], [9.0077, 48.803], [9.0077, 48.8033], [9.0076, 48.8036], [9.0076, 48.8037], [9.0075, 48.8038], [9.0074, 48.804], [9.0073, 48.8042], [9.0072, 48.8043], [9.007, 48.8046], [9.0068, 48.8048], [9.0065, 48.805], [9.0063, 48.8052]], [[9.0063, 48.8052], [9.0062, 48.8052], [9.0061, 48.8053], [9.0059, 48.8054], [9.0057, 48.8055], [9.0053, 48.8056], [9.0049, 48.8058], [9.0044, 48.806], [9.0039, 48.8063], [9.0036, 48.8064], [9.0035, 48.8065], [9.0034, 48.8066], [9.0031, 48.8068], [9.0029, 48.807], [9.0027, 48.8072], [9.0026, 48.8073], [9.0025, 48.8075], [9.0025, 48.8076], [9.0024, 48.8077], [9.0023, 48.8079], [9.0022, 48.8081], [9.0022, 48.8084], [9.0022, 48.8085], [9.0022, 48.8087], [9.0022, 48.8089], [9.0022, 48.809], [9.0022, 48.8092], [9.0023, 48.8093], [9.0023, 48.8094], [9.0024, 48.8096], [9.0025, 48.8098], [9.0026, 48.81], [9.0027, 48.8101], [9.0028, 48.8102], [9.0029, 48.8103], [9.0031, 48.8105], [9.0033, 48.8107], [9.0035, 48.8108], [9.0037, 48.8109], [9.004, 48.8111], [9.0043, 48.8112], [9.0045, 48.8113], [9.0047, 48.8114], [9.005, 48.8115], [9.0053, 48.8115], [9.0056, 48.8116], [9.006, 48.8117], [9.0061, 48.8117], [9.0076, 48.812], [9.0085, 48.8122], [9.0088, 48.8123], [9.0092, 48.8125], [9.0095, 48.8126], [9.0096, 48.8126], [9.0099, 48.8128], [9.0101, 48.8129], [9.0103, 48.813], [9.0105, 48.8131], [9.0107, 48.8133], [9.011, 48.8135], [9.0115, 48.814], [9.0117, 48.8141], [9.0118, 48.8142], [9.0122, 48.8144], [9.0124, 48.8145], [9.0126, 48.8146]], [[9.0126, 48.8146], [9.0128, 48.8147]], [[9.0128, 48.8147], [9.0131, 48.8148], [9.0132, 48.8149], [9.0135, 48.815], [9.0137, 48.815], [9.0141, 48.8151], [9.0146, 48.8152], [9.015, 48.8152], [9.0153, 48.8153], [9.0156, 48.8153], [9.016, 48.8152], [9.0165, 48.8152], [9.017, 48.8151], [9.0178, 48.815], [9.0183, 48.8149], [9.0186, 48.8149], [9.0187, 48.8149]], [[9.0187, 48.8149], [9.0192, 48.8148], [9.0198, 48.8148], [9.0204, 48.8148], [9.021, 48.8148], [9.0225, 48.8149], [9.0246, 48.815]], [[9.0246, 48.815], [9.0258, 48.815], [9.0262, 48.815], [9.0264, 48.815], [9.0275, 48.8151]], [[9.0275, 48.8151], [9.0278, 48.8151], [9.0296, 48.8151], [9.0317, 48.8152], [9.0326, 48.8153], [9.0348, 48.8154], [9.0359, 48.8154], [9.0368, 48.8154], [9.0374, 48.8154], [9.038, 48.8154], [9.0384, 48.8153]], [[9.0384, 48.8153], [9.039, 48.8153], [9.0401, 48.8152], [9.0406, 48.8152], [9.0412, 48.8152], [9.0419, 48.8153], [9.0425, 48.8154], [9.043, 48.8155], [9.0434, 48.8156], [9.0441, 48.8159], [9.0445, 48.8161], [9.0451, 48.8164], [9.0453, 48.8166], [9.046, 48.8171]], [[9.046, 48.8171], [9.0463, 48.8174]], [[9.0463, 48.8174], [9.0467, 48.8177], [9.0467, 48.8178]], [[9.0467, 48.8178], [9.0469, 48.8179], [9.0471, 48.8181], [9.0477, 48.8185], [9.0486, 48.8191], [9.0493, 48.8194], [9.05, 48.8198], [9.0505, 48.82], [9.0509, 48.8202], [9.051, 48.8202], [9.0511, 48.8203], [9.0519, 48.8206], [9.0538, 48.8211], [9.0548, 48.8214], [9.0574, 48.8223], [9.0581, 48.8225], [9.0587, 48.8227], [9.0593, 48.8229], [9.0599, 48.823], [9.06, 48.8231], [9.0605, 48.8232], [9.0609, 48.8232], [9.0612, 48.8233], [9.0617, 48.8234], [9.0622, 48.8234], [9.063, 48.8234]], [[9.063, 48.8234], [9.0631, 48.8234], [9.0634, 48.8235], [9.0636, 48.8235], [9.0641, 48.8235], [9.0645, 48.8235]], [[9.0645, 48.8235], [9.0657, 48.8235]], [[9.0657, 48.8235], [9.066, 48.8235], [9.0666, 48.8235], [9.0669, 48.8235], [9.0673, 48.8235], [9.0675, 48.8236], [9.0677, 48.8236], [9.068, 48.8236], [9.0681, 48.8236], [9.0686, 48.8236]], [[9.0686, 48.8236], [9.0688, 48.8236], [9.0693, 48.8236], [9.0697, 48.8237], [9.0701, 48.8237]], [[9.0702, 48.8237], [9.0704, 48.8237], [9.0709, 48.8237], [9.0713, 48.8237], [9.0716, 48.8237], [9.0722, 48.8236], [9.0726, 48.8236]], [[9.0729, 48.8236], [9.0732, 48.8236], [9.0736, 48.8235], [9.0741, 48.8235], [9.0743, 48.8235], [9.0746, 48.8235], [9.0756, 48.8234], [9.0765, 48.8233], [9.0766, 48.8233], [9.0773, 48.8233], [9.0778, 48.8232], [9.0783, 48.8232], [9.0792, 48.8231], [9.0796, 48.8231], [9.0799, 48.8231], [9.0838, 48.8228], [9.0839, 48.8228], [9.087, 48.8226], [9.0878, 48.8225], [9.0889, 48.8224], [9.0896, 48.8224], [9.0905, 48.8223], [9.0915, 48.8223], [9.0925, 48.8222]], [[9.0929, 48.8222], [9.093, 48.8222], [9.0935, 48.8221], [9.0939, 48.8221], [9.0945, 48.8221], [9.0948, 48.8221], [9.0951, 48.822], [9.0954, 48.822], [9.0956, 48.822], [9.0957, 48.822]], [[9.0957, 48.822], [9.0962, 48.822]], [[9.0962, 48.822], [9.0968, 48.822]], [[9.0968, 48.822], [9.0971, 48.822], [9.0982, 48.822], [9.0986, 48.822], [9.0991, 48.822], [9.0996, 48.822], [9.1005, 48.8221], [9.1014, 48.8221], [9.1023, 48.8222], [9.1028, 48.8222], [9.1033, 48.8223], [9.1038, 48.8224]], [[9.1042, 48.8224], [9.1051, 48.8225], [9.1055, 48.8226], [9.1059, 48.8226], [9.1063, 48.8227], [9.1066, 48.8227], [9.1071, 48.8228], [9.1076, 48.8229], [9.1082, 48.823], [9.1086, 48.8231], [9.109, 48.8232], [9.1091, 48.8232], [9.1095, 48.8233], [9.11, 48.8234], [9.1105, 48.8235], [9.1115, 48.8237], [9.1116, 48.8238], [9.1117, 48.8238], [9.1134, 48.8242], [9.1135, 48.8242], [9.1142, 48.8244], [9.1148, 48.8246], [9.1159, 48.8249], [9.1169, 48.8251], [9.1178, 48.8254], [9.1183, 48.8255], [9.1185, 48.8256], [9.1188, 48.8257], [9.1189, 48.8257], [9.119, 48.8257], [9.1198, 48.8259]], [[9.1198, 48.8259], [9.1208, 48.8262], [9.1215, 48.8264], [9.1216, 48.8264], [9.1219, 48.8265], [9.1224, 48.8267], [9.1232, 48.8269]], [[9.1232, 48.8269], [9.1243, 48.8272], [9.1244, 48.8273], [9.1254, 48.8276]], [[9.1254, 48.8276], [9.126, 48.8277], [9.1262, 48.8278]], [[9.1262, 48.8278], [9.1277, 48.8282], [9.1287, 48.8285], [9.1288, 48.8286], [9.1291, 48.8287], [9.1298, 48.8289], [9.1308, 48.8292], [9.1322, 48.8295], [9.1329, 48.8297], [9.1333, 48.8298], [9.134, 48.83], [9.1344, 48.8301]], [[9.1344, 48.8301], [9.1346, 48.8302]], [[9.1346, 48.8302], [9.1369, 48.8308], [9.1389, 48.8314], [9.14, 48.8317], [9.1407, 48.8318], [9.1419, 48.8322], [9.1441, 48.8328]], [[9.1441, 48.8328], [9.1444, 48.8329]], [[9.1444, 48.8329], [9.1445, 48.8329], [9.1451, 48.833], [9.1455, 48.8331], [9.146, 48.8332], [9.1469, 48.8334], [9.1474, 48.8335], [9.1479, 48.8336], [9.1484, 48.8336], [9.1487, 48.8337], [9.1493, 48.8337], [9.1496, 48.8337], [9.1497, 48.8337], [9.1501, 48.8338], [9.1506, 48.8338], [9.151, 48.8338], [9.1514, 48.8338], [9.1518, 48.8338], [9.1523, 48.8338], [9.1526, 48.8338], [9.1529, 48.8338], [9.153, 48.8338], [9.1534, 48.8338], [9.1539, 48.8337]], [[9.1539, 48.8337], [9.1542, 48.8337], [9.1552, 48.8336], [9.1555, 48.8336], [9.1557, 48.8336], [9.1563, 48.8335], [9.1566, 48.8334], [9.157, 48.8333], [9.1574, 48.8333], [9.1577, 48.8332], [9.1581, 48.8331], [9.1584, 48.8331], [9.1591, 48.8329], [9.1595, 48.8328], [9.1599, 48.8327], [9.1602, 48.8326], [9.1608, 48.8324]], [[9.1608, 48.8324], [9.161, 48.8324], [9.1611, 48.8323], [9.1613, 48.8323], [9.1616, 48.8322], [9.1619, 48.8321], [9.1622, 48.832], [9.1625, 48.8319], [9.1627, 48.8319], [9.1628, 48.8318], [9.163, 48.8318], [9.1632, 48.8317], [9.1633, 48.8316], [9.1636, 48.8315], [9.1637, 48.8314], [9.1639, 48.8313], [9.1641, 48.8312], [9.1642, 48.8311], [9.1644, 48.831], [9.1646, 48.8308], [9.1647, 48.8308], [9.1649, 48.8306], [9.165, 48.8305], [9.1651, 48.8304], [9.1652, 48.8304], [9.1653, 48.8303], [9.1654, 48.8302], [9.1656, 48.83]], [[9.1656, 48.83], [9.1657, 48.8299]], [[9.1657, 48.8299], [9.1662, 48.8295], [9.1662, 48.8294], [9.1664, 48.8293], [9.1665, 48.8292], [9.1668, 48.8289], [9.1669, 48.8289], [9.1673, 48.8285], [9.1674, 48.8284], [9.1677, 48.8282], [9.168, 48.8279]], [[9.168, 48.8279], [9.1681, 48.8277], [9.1684, 48.8274], [9.1687, 48.8271], [9.1689, 48.8269]], [[9.1689, 48.8269], [9.1692, 48.8266], [9.1694, 48.8263], [9.1698, 48.826]], [[9.1698, 48.826], [9.17, 48.8257]], [[9.17, 48.8257], [9.1705, 48.8251]], [[9.1705, 48.8251], [9.1706, 48.825], [9.1707, 48.8248], [9.1709, 48.8245], [9.1711, 48.8242], [9.1711, 48.8241]], [[9.1711, 48.8241], [9.1712, 48.8239], [9.1713, 48.8237], [9.1713, 48.8235], [9.1714, 48.8233], [9.1714, 48.8232], [9.1714, 48.823], [9.1714, 48.8225], [9.1714, 48.8223], [9.1713, 48.8221], [9.1713, 48.8219], [9.1712, 48.8217], [9.1712, 48.8216], [9.1711, 48.8214], [9.171, 48.8211], [9.1709, 48.821], [9.1707, 48.8207], [9.1706, 48.8206], [9.1705, 48.8204], [9.1703, 48.8202], [9.17, 48.8199], [9.1698, 48.8197], [9.1696, 48.8194], [9.1694, 48.8192], [9.1693, 48.8191], [9.1691, 48.8188], [9.1689, 48.8185], [9.1688, 48.8184], [9.1688, 48.8183], [9.1686, 48.818], [9.1685, 48.8177], [9.1684, 48.8174]], [[9.1684, 48.8174], [9.1683, 48.8171], [9.1682, 48.8168], [9.1682, 48.8166], [9.1681, 48.8163], [9.1681, 48.8161], [9.1681, 48.8158], [9.1681, 48.8156], [9.1682, 48.8154], [9.1682, 48.8153], [9.1683, 48.8151], [9.1683, 48.8149], [9.1684, 48.8148]], [[9.1685, 48.8146], [9.1686, 48.8144], [9.1686, 48.8143], [9.1688, 48.814]], [[9.1688, 48.814], [9.1689, 48.8139]], [[9.1689, 48.8139], [9.169, 48.8138], [9.1693, 48.8135], [9.1695, 48.8133], [9.1697, 48.8131]], [[9.1697, 48.8131], [9.1698, 48.813]], [[9.1698, 48.813], [9.1699, 48.8129], [9.1702, 48.8128], [9.1704, 48.8126], [9.1706, 48.8125], [9.1707, 48.8124], [9.1712, 48.8122], [9.1718, 48.8119], [9.1723, 48.8117]], [[9.1802, 48.8075], [9.1802, 48.8074], [9.1807, 48.8072], [9.1809, 48.8071], [9.181, 48.807]], [[9.181, 48.807], [9.1816, 48.8067], [9.182, 48.8065], [9.1824, 48.8063], [9.1828, 48.8061], [9.1842, 48.8054], [9.1846, 48.8052], [9.1848, 48.8051], [9.1857, 48.8046], [9.1861, 48.8045], [9.1865, 48.8043], [9.1866, 48.8042], [9.1868, 48.8041], [9.1871, 48.804], [9.1874, 48.8039], [9.1876, 48.8038], [9.1878, 48.8038], [9.1879, 48.8037]], [[9.1879, 48.8037], [9.1882, 48.8036], [9.1887, 48.8035], [9.1891, 48.8034], [9.1893, 48.8033]], [[9.1893, 48.8033], [9.1894, 48.8033], [9.1895, 48.8032]], [[9.1895, 48.8032], [9.1899, 48.8031]], [[9.1899, 48.8031], [9.1902, 48.803], [9.1904, 48.8029], [9.1906, 48.8029], [9.1908, 48.8028], [9.1909, 48.8028], [9.1913, 48.8026], [9.1918, 48.8025], [9.1922, 48.8023], [9.1923, 48.8023], [9.1926, 48.8021]], [[9.1926, 48.8021], [9.1928, 48.802], [9.193, 48.8019], [9.1934, 48.8017], [9.1937, 48.8015], [9.1939, 48.8014]], [[9.1942, 48.8011], [9.1939, 48.8014]], [[9.1942, 48.8011], [9.1944, 48.8009], [9.1945, 48.8007], [9.1946, 48.8006], [9.1947, 48.8005], [9.1949, 48.8003], [9.195, 48.8001], [9.1951, 48.7999], [9.1952, 48.7996], [9.1953, 48.7994], [9.1953, 48.7991], [9.1953, 48.7989], [9.1953, 48.7987], [9.1953, 48.7985], [9.1953, 48.7983], [9.1953, 48.798], [9.1953, 48.7978], [9.1952, 48.7977], [9.1952, 48.797], [9.1952, 48.7969], [9.1951, 48.7965], [9.195, 48.7962], [9.1949, 48.796], [9.1948, 48.7957]], [[9.1948, 48.7957], [9.1947, 48.7954], [9.1944, 48.7948]], [[9.1944, 48.7948], [9.1943, 48.7947], [9.1941, 48.7943], [9.1939, 48.7941]], [[9.1939, 48.7941], [9.1939, 48.794], [9.1938, 48.7939], [9.1935, 48.7936], [9.1933, 48.7934], [9.193, 48.793], [9.1928, 48.7928], [9.1926, 48.7926], [9.1925, 48.7926], [9.1924, 48.7925], [9.1921, 48.7923], [9.1919, 48.7922], [9.1916, 48.792], [9.1914, 48.7919], [9.191, 48.7917], [9.1908, 48.7916], [9.1905, 48.7915], [9.1903, 48.7914], [9.1901, 48.7913]], [[9.1901, 48.7913], [9.1895, 48.7911], [9.1891, 48.7909]], [[9.1891, 48.7909], [9.1883, 48.7905], [9.1882, 48.7905]], [[9.1882, 48.7905], [9.1879, 48.7903], [9.1875, 48.7901]], [[9.1875, 48.7901], [9.1873, 48.79]], [[9.1873, 48.79], [9.1871, 48.7899]], [[9.1871, 48.7899], [9.187, 48.7899]], [[9.187, 48.7899], [9.187, 48.7898], [9.1869, 48.7897]], [[9.1869, 48.7897], [9.1867, 48.7897], [9.1866, 48.7896], [9.1864, 48.7894], [9.1862, 48.7893], [9.1859, 48.7891]], [[9.1859, 48.7891], [9.1856, 48.7888], [9.185, 48.7883]], [[9.185, 48.7883], [9.1848, 48.788], [9.1847, 48.7879]]]}, "properties": {"ref": "S6", "opened_year": 1981, "is_tunnel": false, "segment_count": 240}}, {"type": "Feature", "geometry": {"type": "MultiLineString", "coordinates": [[[9.1721, 48.7754], [9.1721, 48.7755], [9.172, 48.7755], [9.1737, 48.777], [9.1738, 48.777], [9.1739, 48.7769], [9.1722, 48.7754], [9.1721, 48.7754]], [[9.181, 48.7843], [9.1811, 48.7843], [9.1808, 48.7839], [9.1804, 48.7835], [9.1803, 48.7833], [9.1802, 48.7832], [9.18, 48.783], [9.1796, 48.7826], [9.1795, 48.7826], [9.1795, 48.7827], [9.1796, 48.7828], [9.1798, 48.783], [9.1801, 48.7833], [9.1802, 48.7834], [9.1803, 48.7835], [9.1807, 48.7839], [9.1807, 48.784], [9.181, 48.7843]], [[9.157, 48.7702], [9.1578, 48.7704]], [[9.1578, 48.7704], [9.158, 48.7705], [9.1584, 48.7706], [9.1592, 48.7708], [9.1599, 48.771], [9.1605, 48.7712], [9.1626, 48.7717], [9.163, 48.7718], [9.1637, 48.772], [9.1639, 48.772], [9.1643, 48.7721]], [[9.1643, 48.7721], [9.1655, 48.7725], [9.1658, 48.7725], [9.1671, 48.7729], [9.1672, 48.7729]], [[9.1672, 48.7729], [9.1679, 48.7732], [9.1684, 48.7733], [9.1693, 48.7736], [9.1697, 48.7737], [9.1701, 48.7739], [9.1706, 48.7743], [9.1708, 48.7744], [9.1712, 48.7747], [9.1714, 48.7748], [9.172, 48.7753], [9.1722, 48.7754], [9.1723, 48.7756], [9.1727, 48.7759], [9.173, 48.7762], [9.1731, 48.7762], [9.1733, 48.7764], [9.1733, 48.7765], [9.1739, 48.7769], [9.174, 48.777], [9.1756, 48.7785], [9.1757, 48.7787], [9.176, 48.7789], [9.1767, 48.7796], [9.1777, 48.7805], [9.1778, 48.7806], [9.1786, 48.7815], [9.1789, 48.7818], [9.1791, 48.782], [9.1796, 48.7826], [9.1797, 48.7826], [9.1799, 48.7829], [9.1802, 48.7832], [9.1804, 48.7834], [9.1806, 48.7837], [9.1809, 48.784], [9.1811, 48.7842], [9.1811, 48.7843]], [[9.1811, 48.7843], [9.1823, 48.7853], [9.1825, 48.7856], [9.1826, 48.7857], [9.1828, 48.7859], [9.1841, 48.7872], [9.1843, 48.7875]], [[9.1843, 48.7875], [9.1848, 48.7879]], [[9.1802, 48.8075], [9.1791, 48.8081], [9.1785, 48.8084], [9.1775, 48.809], [9.1765, 48.8095], [9.1763, 48.8096], [9.1761, 48.8097], [9.1731, 48.8113], [9.1729, 48.8114], [9.1728, 48.8114]], [[9.1728, 48.8114], [9.1723, 48.8117]], [[9.1728, 48.8114], [9.173, 48.8113], [9.1749, 48.8103], [9.176, 48.8097], [9.1774, 48.8089], [9.1785, 48.8084], [9.1791, 48.8081], [9.1802, 48.8075]], [[9.1847, 48.7879], [9.1842, 48.7875]], [[9.1842, 48.7875], [9.184, 48.7873], [9.184, 48.7872], [9.183, 48.7861], [9.1829, 48.7861], [9.1829, 48.786], [9.1827, 48.7858], [9.1823, 48.7854], [9.182, 48.7851], [9.1819, 48.7851], [9.1818, 48.785], [9.1814, 48.7847]], [[9.1814, 48.7847], [9.1813, 48.7845], [9.181, 48.7844], [9.181, 48.7843]], [[9.181, 48.7843], [9.1807, 48.784], [9.1805, 48.7838], [9.1802, 48.7835], [9.18, 48.7832], [9.1797, 48.783], [9.1795, 48.7827], [9.1795, 48.7826], [9.179, 48.7821], [9.1787, 48.7817], [9.1777, 48.7806], [9.1776, 48.7805], [9.1767, 48.7797], [9.1764, 48.7794], [9.1763, 48.7792], [9.1757, 48.7787], [9.1755, 48.7785], [9.1753, 48.7783], [9.175, 48.7781], [9.1742, 48.7774], [9.1738, 48.7771], [9.1737, 48.777], [9.1733, 48.7767], [9.1731, 48.7765], [9.173, 48.7764], [9.1729, 48.7763], [9.1726, 48.776], [9.1723, 48.7758], [9.172, 48.7755], [9.1712, 48.7748], [9.1707, 48.7744], [9.1706, 48.7743], [9.17, 48.774], [9.1697, 48.7738], [9.1693, 48.7736], [9.1679, 48.7732], [9.1675, 48.7731], [9.1671, 48.773]], [[9.1671, 48.773], [9.1658, 48.7726], [9.1654, 48.7726], [9.1647, 48.7723], [9.1643, 48.7722], [9.1642, 48.7722]], [[9.1642, 48.7722], [9.163, 48.7718], [9.1626, 48.7717], [9.1601, 48.7711], [9.1597, 48.771], [9.1592, 48.7709], [9.1591, 48.7709], [9.1588, 48.7708]], [[9.1588, 48.7708], [9.1583, 48.7707], [9.1579, 48.7706], [9.1577, 48.7705]], [[9.1577, 48.7705], [9.1572, 48.7704], [9.1571, 48.7704], [9.1569, 48.7703]]]}, "properties": {"ref": "S6", "opened_year": 1981, "is_tunnel": true, "segment_count": 19}}]}