{"type": "FeatureCollection", "features": [{"type": "Feature", "geometry": {"type": "MultiLineString", "coordinates": [[[8.5176, 47.363], [8.518, 47.3628], [8.5187, 47.3626]], [[8.5081, 47.3647], [8.5079, 47.3648], [8.5077, 47.3648], [8.5076, 47.3648], [8.5074, 47.3648], [8.5072, 47.3649], [8.5071, 47.3649], [8.507, 47.3649], [8.5069, 47.3649], [8.5068, 47.3649], [8.5066, 47.3649], [8.5065, 47.3649]], [[8.5029, 47.3649], [8.5028, 47.3649], [8.5029, 47.365], [8.5044, 47.365], [8.5044, 47.3649], [8.5042, 47.3649], [8.5034, 47.3649], [8.5029, 47.3649]], [[8.4944, 47.365], [8.4945, 47.365], [8.4946, 47.365], [8.4948, 47.365], [8.4949, 47.365], [8.495, 47.365], [8.4951, 47.3649], [8.4952, 47.3649], [8.4953, 47.3649], [8.4955, 47.365], [8.4957, 47.365], [8.4959, 47.365], [8.4957, 47.365], [8.4952, 47.365], [8.4948, 47.365], [8.4946, 47.365], [8.4945, 47.365], [8.4944, 47.365]], [[8.4665, 47.3657], [8.4664, 47.3657], [8.4663, 47.3657], [8.4662, 47.3658], [8.4661, 47.3658], [8.466, 47.3659], [8.4659, 47.3659], [8.4659, 47.366], [8.4658, 47.366], [8.4658, 47.3661], [8.4657, 47.3661], [8.4656, 47.3662], [8.4656, 47.3663], [8.4655, 47.3663]], [[8.4778, 47.36], [8.4777, 47.3601], [8.4776, 47.3601], [8.4776, 47.3602], [8.4775, 47.3602], [8.4774, 47.3603], [8.4772, 47.3604], [8.477, 47.3605], [8.4769, 47.3605], [8.4768, 47.3606], [8.4767, 47.3606], [8.4766, 47.3607], [8.4767, 47.3607], [8.4767, 47.3606], [8.4768, 47.3606], [8.4769, 47.3605], [8.477, 47.3605], [8.4771, 47.3605], [8.4772, 47.3604], [8.4773, 47.3604], [8.4773, 47.3603], [8.4775, 47.3602], [8.4776, 47.3602], [8.4777, 47.3601], [8.4778, 47.3601], [8.4778, 47.36]], [[8.4874, 47.3516], [8.4876, 47.3522], [8.4877, 47.3525], [8.4877, 47.3526]], [[8.5297, 47.3693], [8.5296, 47.3691], [8.5295, 47.369], [8.5294, 47.3689], [8.5293, 47.3688], [8.5292, 47.3687]], [[8.5292, 47.3687], [8.5291, 47.3685], [8.529, 47.3685], [8.529, 47.3684], [8.5289, 47.3684]], [[8.5289, 47.3684], [8.5289, 47.3683], [8.5288, 47.3683], [8.5288, 47.3682], [8.5287, 47.3681], [8.5286, 47.368], [8.5285, 47.3679], [8.5284, 47.3679], [8.5283, 47.3678], [8.5282, 47.3678], [8.5281, 47.3677], [8.528, 47.3677], [8.5279, 47.3676], [8.5278, 47.3676], [8.5277, 47.3676], [8.5276, 47.3675], [8.5272, 47.3674], [8.5271, 47.3674], [8.527, 47.3674], [8.527, 47.3673], [8.5268, 47.3673], [8.5267, 47.3672], [8.5266, 47.3672], [8.5265, 47.3672], [8.5264, 47.3671], [8.5263, 47.3671], [8.5262, 47.367], [8.5261, 47.367], [8.526, 47.3669], [8.5259, 47.3669], [8.5258, 47.3668], [8.5257, 47.3668], [8.5256, 47.3667], [8.5255, 47.3667], [8.5254, 47.3666], [8.5253, 47.3665], [8.5252, 47.3665], [8.5251, 47.3664], [8.5251, 47.3663], [8.525, 47.3663], [8.5249, 47.3662], [8.5248, 47.3661], [8.5247, 47.366]], [[8.5247, 47.366], [8.5246, 47.3659], [8.5245, 47.3658], [8.5244, 47.3657], [8.5243, 47.3656], [8.5242, 47.3655]], [[8.5242, 47.3655], [8.5241, 47.3654], [8.5241, 47.3653], [8.524, 47.3653], [8.5239, 47.3652], [8.5239, 47.3651], [8.5238, 47.365], [8.5237, 47.3649], [8.5237, 47.3648], [8.5237, 47.3647], [8.5236, 47.3645], [8.5235, 47.3644], [8.5235, 47.3643], [8.5234, 47.3643], [8.5234, 47.3642], [8.5233, 47.3641], [8.5233, 47.364], [8.5232, 47.364]], [[8.5232, 47.364], [8.5232, 47.3639], [8.523, 47.3637]], [[8.523, 47.3637], [8.5225, 47.3632], [8.5224, 47.3631], [8.5223, 47.363], [8.5222, 47.3629], [8.5221, 47.3629]], [[8.5221, 47.3629], [8.5219, 47.3627]], [[8.5219, 47.3627], [8.5219, 47.3626]], [[8.5219, 47.3626], [8.5218, 47.3626]], [[8.5217, 47.3625], [8.5218, 47.3626]], [[8.5216, 47.3625], [8.5217, 47.3625]], [[8.5215, 47.3624], [8.5216, 47.3625]], [[8.5213, 47.3623], [8.5214, 47.3623], [8.5215, 47.3624]], [[8.5194, 47.3623], [8.5195, 47.3623], [8.5196, 47.3622], [8.5197, 47.3622], [8.5198, 47.3622], [8.5199, 47.3622], [8.52, 47.3622], [8.5201, 47.3622], [8.5202, 47.3621], [8.5203, 47.3621], [8.5204, 47.3621], [8.5205, 47.3621], [8.5206, 47.3622], [8.5207, 47.3622], [8.5208, 47.3622], [8.5209, 47.3622], [8.521, 47.3622], [8.5211, 47.3622], [8.5212, 47.3623], [8.5213, 47.3623]], [[8.5192, 47.3624], [8.5193, 47.3623], [8.5194, 47.3623]], [[8.5189, 47.3625], [8.5192, 47.3624]], [[8.5187, 47.3626], [8.5188, 47.3625], [8.5189, 47.3625]], [[8.5181, 47.3628], [8.5186, 47.3626], [8.5187, 47.3626]], [[8.5175, 47.363], [8.5181, 47.3628]], [[8.5175, 47.363], [8.5173, 47.3631], [8.5172, 47.3631], [8.5171, 47.3632]], [[8.5171, 47.3632], [8.517, 47.3632], [8.5169, 47.3633], [8.5168, 47.3633], [8.5167, 47.3633], [8.5166, 47.3634], [8.5165, 47.3634], [8.5164, 47.3634], [8.5163, 47.3635], [8.5162, 47.3635], [8.5161, 47.3635], [8.516, 47.3635], [8.5159, 47.3636], [8.5158, 47.3636], [8.5157, 47.3636], [8.5156, 47.3636], [8.5154, 47.3636], [8.5152, 47.3637]], [[8.5152, 47.3637], [8.515, 47.3637]], [[8.515, 47.3637], [8.5143, 47.3638]], [[8.5143, 47.3638], [8.5117, 47.3642], [8.5094, 47.3646]], [[8.5094, 47.3646], [8.5086, 47.3647]], [[8.5086, 47.3647], [8.5085, 47.3647], [8.5084, 47.3647], [8.5083, 47.3647]], [[8.5083, 47.3647], [8.5082, 47.3647], [8.5079, 47.3648], [8.5078, 47.3648], [8.5077, 47.3648], [8.5075, 47.3648]], [[8.5075, 47.3648], [8.5074, 47.3649], [8.5072, 47.3649], [8.5071, 47.3649], [8.5068, 47.3649]], [[8.5068, 47.3649], [8.5066, 47.3649], [8.5064, 47.3649], [8.5062, 47.365], [8.5061, 47.365], [8.506, 47.365], [8.5059, 47.365], [8.5058, 47.365], [8.5056, 47.365], [8.5055, 47.365], [8.5054, 47.365], [8.5052, 47.365], [8.5051, 47.365], [8.5046, 47.365]], [[8.5046, 47.365], [8.5043, 47.365]], [[8.5043, 47.365], [8.5034, 47.365]], [[8.5034, 47.365], [8.5028, 47.365]], [[8.5028, 47.365], [8.5027, 47.365], [8.5026, 47.365], [8.5025, 47.365]], [[8.5025, 47.365], [8.4997, 47.365], [8.4975, 47.365], [8.4966, 47.365]], [[8.4966, 47.365], [8.4964, 47.365], [8.4962, 47.365], [8.4961, 47.365], [8.496, 47.365], [8.4958, 47.3649]], [[8.4958, 47.3649], [8.4956, 47.3649], [8.4955, 47.3649], [8.4954, 47.3649]], [[8.4954, 47.3649], [8.4953, 47.3649], [8.4952, 47.3649], [8.4951, 47.3649], [8.495, 47.3649], [8.4949, 47.3649], [8.4948, 47.3649], [8.4947, 47.365], [8.4946, 47.365], [8.4945, 47.365], [8.4944, 47.365]], [[8.4944, 47.365], [8.4943, 47.365], [8.4942, 47.365], [8.4941, 47.365], [8.494, 47.365], [8.4939, 47.3651]], [[8.4939, 47.3651], [8.4938, 47.3651], [8.4937, 47.3651], [8.4936, 47.3651], [8.4935, 47.3651], [8.4935, 47.3652], [8.4934, 47.3652], [8.4933, 47.3652], [8.4932, 47.3652], [8.4932, 47.3653], [8.4931, 47.3653], [8.493, 47.3653], [8.4929, 47.3654], [8.4928, 47.3654], [8.4927, 47.3654], [8.4924, 47.3656], [8.4922, 47.3657], [8.492, 47.3657], [8.4919, 47.3658], [8.4918, 47.3658], [8.4917, 47.3659], [8.4916, 47.3659], [8.4915, 47.3659], [8.4914, 47.366], [8.4913, 47.366], [8.4912, 47.366], [8.4911, 47.366], [8.491, 47.3661], [8.4905, 47.3661], [8.49, 47.3662], [8.4899, 47.3662], [8.4898, 47.3662], [8.4898, 47.3663], [8.4897, 47.3663], [8.4896, 47.3663], [8.4895, 47.3663], [8.4894, 47.3664], [8.4893, 47.3664], [8.4892, 47.3664], [8.4891, 47.3665], [8.4879, 47.3669], [8.4878, 47.3669], [8.4877, 47.367], [8.4876, 47.367], [8.4875, 47.367], [8.4874, 47.3671], [8.4873, 47.3671], [8.4872, 47.3671], [8.4871, 47.3672], [8.487, 47.3672], [8.4869, 47.3672], [8.4868, 47.3672], [8.4867, 47.3672], [8.4866, 47.3673], [8.4865, 47.3673], [8.4864, 47.3673], [8.4863, 47.3673], [8.4862, 47.3673], [8.4861, 47.3673], [8.486, 47.3673], [8.4859, 47.3673], [8.4839, 47.3675], [8.4838, 47.3675], [8.4837, 47.3675], [8.4836, 47.3675], [8.4835, 47.3675], [8.4834, 47.3676], [8.4833, 47.3676], [8.4832, 47.3676], [8.4831, 47.3676], [8.483, 47.3676], [8.4829, 47.3677], [8.4828, 47.3677], [8.4827, 47.3677], [8.4827, 47.3678]], [[8.4827, 47.3678], [8.4826, 47.3678], [8.4825, 47.3678], [8.4824, 47.3679], [8.4823, 47.3679]], [[8.4823, 47.3679], [8.4816, 47.3682], [8.4816, 47.3683]], [[8.4816, 47.3683], [8.481, 47.3686]], [[8.481, 47.3686], [8.4802, 47.3689]], [[8.4802, 47.3689], [8.4798, 47.3691], [8.4797, 47.3692], [8.4796, 47.3692], [8.4795, 47.3692], [8.4795, 47.3693], [8.4794, 47.3693], [8.4793, 47.3693]], [[8.4793, 47.3693], [8.4791, 47.3694], [8.479, 47.3694]], [[8.479, 47.3694], [8.4789, 47.3694], [8.4788, 47.3695], [8.4787, 47.3695], [8.4786, 47.3695], [8.4785, 47.3695], [8.4783, 47.3696], [8.4777, 47.3697], [8.4772, 47.3697], [8.4771, 47.3697], [8.477, 47.3698], [8.4769, 47.3698], [8.4767, 47.3698], [8.4766, 47.3698], [8.4765, 47.3698], [8.4764, 47.3698], [8.4763, 47.3698], [8.4762, 47.3698], [8.4761, 47.3699], [8.476, 47.3699], [8.4759, 47.3699], [8.4754, 47.37], [8.4752, 47.3701], [8.4751, 47.3701], [8.475, 47.3701], [8.4749, 47.3701], [8.4748, 47.3701], [8.4747, 47.3702], [8.4745, 47.3702], [8.4744, 47.3702], [8.4743, 47.3702], [8.4741, 47.3702], [8.474, 47.3702], [8.4739, 47.3702], [8.4738, 47.3702], [8.4737, 47.3703], [8.4736, 47.3703], [8.4735, 47.3703], [8.4734, 47.3703], [8.4732, 47.3702], [8.4731, 47.3702], [8.4723, 47.3702], [8.4717, 47.3702], [8.4716, 47.3702], [8.4715, 47.3701], [8.4714, 47.3701], [8.4713, 47.3701], [8.4712, 47.3701], [8.4711, 47.3701], [8.471, 47.3701], [8.4709, 47.3701], [8.4708, 47.3701], [8.4707, 47.3701], [8.4706, 47.37], [8.4705, 47.37], [8.4704, 47.37], [8.4703, 47.37], [8.4702, 47.3699], [8.4701, 47.3699], [8.47, 47.3699], [8.4699, 47.3699], [8.4698, 47.3698], [8.4697, 47.3698], [8.4696, 47.3698], [8.4695, 47.3697], [8.4694, 47.3697], [8.4693, 47.3696], [8.4692, 47.3696], [8.4676, 47.3689], [8.4669, 47.3686], [8.4666, 47.3685], [8.4665, 47.3685], [8.4664, 47.3684], [8.4663, 47.3684], [8.4662, 47.3683], [8.4661, 47.3683], [8.466, 47.3682], [8.4659, 47.3681], [8.4658, 47.3681], [8.4657, 47.368], [8.4657, 47.3679], [8.4656, 47.3679], [8.4656, 47.3678], [8.4655, 47.3678], [8.4655, 47.3677], [8.4654, 47.3676], [8.4654, 47.3675], [8.4654, 47.3674], [8.4653, 47.3674], [8.4653, 47.3673], [8.4653, 47.3672], [8.4653, 47.3671], [8.4653, 47.367], [8.4653, 47.3669], [8.4653, 47.3668], [8.4654, 47.3667]], [[8.4654, 47.3667], [8.4654, 47.3666], [8.4654, 47.3665], [8.4655, 47.3665], [8.4655, 47.3664]], [[8.4655, 47.3664], [8.4656, 47.3663], [8.4656, 47.3662], [8.4657, 47.3662], [8.4658, 47.3661]], [[8.4658, 47.3661], [8.4659, 47.366], [8.466, 47.366], [8.466, 47.3659], [8.4661, 47.3659], [8.4662, 47.3658], [8.4663, 47.3657], [8.4664, 47.3657]], [[8.4664, 47.3657], [8.4665, 47.3657], [8.4666, 47.3656], [8.467, 47.3654]], [[8.467, 47.3654], [8.4686, 47.3647], [8.4689, 47.3646], [8.469, 47.3645], [8.4691, 47.3645], [8.4692, 47.3644], [8.4693, 47.3644], [8.4694, 47.3643], [8.4696, 47.3643], [8.4698, 47.3642], [8.4699, 47.3642], [8.4701, 47.3641], [8.4703, 47.3641], [8.4705, 47.364], [8.4706, 47.364], [8.4707, 47.364], [8.4709, 47.3639], [8.471, 47.3639], [8.4711, 47.3639], [8.4712, 47.3639], [8.4714, 47.3639], [8.4715, 47.3638], [8.4717, 47.3638], [8.4718, 47.3638], [8.4719, 47.3638], [8.4721, 47.3638], [8.4722, 47.3638], [8.4723, 47.3638], [8.4724, 47.3638], [8.4726, 47.3638], [8.4728, 47.3638], [8.4732, 47.3638], [8.4735, 47.3638], [8.4736, 47.3638], [8.4737, 47.3638], [8.4738, 47.3638], [8.4739, 47.3638], [8.474, 47.3638], [8.4741, 47.3637], [8.4742, 47.3637], [8.4743, 47.3637], [8.4744, 47.3637], [8.4745, 47.3636], [8.4746, 47.3636], [8.4747, 47.3636], [8.4748, 47.3636], [8.4748, 47.3635], [8.4749, 47.3635], [8.475, 47.3635], [8.475, 47.3634], [8.4751, 47.3634], [8.4752, 47.3634], [8.4752, 47.3633], [8.4753, 47.3633], [8.4754, 47.3632], [8.4755, 47.3631], [8.4756, 47.363], [8.4757, 47.3629], [8.4758, 47.3628], [8.4758, 47.3627]], [[8.4758, 47.3627], [8.4759, 47.3626], [8.4759, 47.3625]], [[8.4759, 47.3625], [8.476, 47.3624], [8.476, 47.3623], [8.476, 47.3622], [8.476, 47.3621], [8.476, 47.362]], [[8.476, 47.362], [8.476, 47.3619], [8.476, 47.3618], [8.476, 47.3617], [8.476, 47.3616], [8.476, 47.3615], [8.476, 47.3614], [8.476, 47.3613], [8.4761, 47.3613], [8.4761, 47.3612], [8.4761, 47.3611], [8.4762, 47.3611], [8.4762, 47.361], [8.4763, 47.3609], [8.4764, 47.3608], [8.4765, 47.3608], [8.4765, 47.3607]], [[8.4765, 47.3607], [8.4766, 47.3607], [8.4767, 47.3606], [8.4768, 47.3606], [8.4769, 47.3605], [8.4772, 47.3604], [8.4773, 47.3603], [8.4774, 47.3603]], [[8.4774, 47.3603], [8.4775, 47.3602], [8.4776, 47.3602], [8.4776, 47.3601], [8.4777, 47.3601], [8.4778, 47.36]], [[8.4778, 47.36], [8.4779, 47.3599], [8.478, 47.3598], [8.478, 47.3597], [8.4781, 47.3597], [8.4781, 47.3596], [8.4781, 47.3595]], [[8.4781, 47.3595], [8.4781, 47.3594], [8.4781, 47.3593], [8.4781, 47.3592], [8.4781, 47.3591]], [[8.4781, 47.3591], [8.4781, 47.359]], [[8.4781, 47.359], [8.4781, 47.3589], [8.4781, 47.3588], [8.4781, 47.3587], [8.478, 47.3587], [8.478, 47.3586], [8.4779, 47.3585], [8.4778, 47.3584], [8.4777, 47.3583], [8.4776, 47.3583], [8.4776, 47.3582], [8.4775, 47.3582], [8.4771, 47.3579], [8.477, 47.3579], [8.4769, 47.3578], [8.4768, 47.3577], [8.4767, 47.3577], [8.4767, 47.3576], [8.4766, 47.3575], [8.4766, 47.3574], [8.4765, 47.3574], [8.4765, 47.3573], [8.4765, 47.3572], [8.4764, 47.3571], [8.4764, 47.357], [8.4764, 47.3569], [8.4764, 47.3568], [8.4765, 47.3568], [8.4765, 47.3567], [8.4765, 47.3566], [8.4766, 47.3565], [8.4766, 47.3564], [8.4767, 47.3564], [8.4767, 47.3563], [8.4768, 47.3563], [8.4768, 47.3562], [8.4769, 47.3562], [8.4769, 47.3561], [8.477, 47.3561], [8.4771, 47.3561], [8.4771, 47.356], [8.4772, 47.356], [8.4773, 47.3559], [8.4774, 47.3559], [8.4775, 47.3559], [8.4776, 47.3559], [8.4776, 47.3558], [8.4777, 47.3558], [8.4778, 47.3558], [8.4779, 47.3558], [8.478, 47.3558], [8.4781, 47.3558], [8.4782, 47.3558], [8.4783, 47.3558], [8.4784, 47.3558], [8.4785, 47.3558], [8.4786, 47.3558], [8.4787, 47.3558], [8.4788, 47.3558], [8.4789, 47.3559], [8.479, 47.3559], [8.4791, 47.3559], [8.4792, 47.356], [8.4793, 47.356], [8.4794, 47.3561], [8.4795, 47.3561], [8.4795, 47.3562], [8.4796, 47.3562], [8.4796, 47.3563], [8.4797, 47.3563], [8.4798, 47.3564], [8.4798, 47.3565], [8.4799, 47.3565], [8.4801, 47.3568], [8.4805, 47.3574], [8.4805, 47.3575], [8.4806, 47.3575], [8.4806, 47.3576], [8.4807, 47.3577], [8.4808, 47.3577], [8.4808, 47.3578], [8.4809, 47.3578], [8.4809, 47.3579], [8.481, 47.3579], [8.481, 47.358], [8.4811, 47.358], [8.4812, 47.358], [8.4812, 47.3581], [8.4813, 47.3581], [8.4814, 47.3581], [8.4815, 47.3582], [8.4816, 47.3582], [8.4817, 47.3582], [8.4818, 47.3582], [8.4819, 47.3583], [8.482, 47.3583], [8.4821, 47.3583], [8.4822, 47.3583], [8.4823, 47.3583], [8.4824, 47.3583], [8.4825, 47.3583], [8.4826, 47.3583], [8.4827, 47.3583], [8.4828, 47.3583], [8.4829, 47.3583], [8.483, 47.3582], [8.4831, 47.3582], [8.4832, 47.3582], [8.4833, 47.3582], [8.4833, 47.3581], [8.4834, 47.3581], [8.4835, 47.3581], [8.4836, 47.358], [8.4837, 47.358], [8.4838, 47.3579], [8.4839, 47.3578], [8.484, 47.3578], [8.4841, 47.3577], [8.4842, 47.3577], [8.4842, 47.3576], [8.4843, 47.3576], [8.4843, 47.3575], [8.4844, 47.3574], [8.4845, 47.3573], [8.4845, 47.3572], [8.4846, 47.3572], [8.4846, 47.3571], [8.4846, 47.357], [8.4847, 47.357], [8.4847, 47.3569], [8.4847, 47.3568], [8.4847, 47.3567], [8.4847, 47.3566], [8.4847, 47.3565], [8.4847, 47.3564], [8.4847, 47.3563], [8.4847, 47.3562], [8.4847, 47.3561], [8.4847, 47.356], [8.4847, 47.3559], [8.4847, 47.3558], [8.4847, 47.3557], [8.4847, 47.3556], [8.4847, 47.3555], [8.4847, 47.3554], [8.4848, 47.3553], [8.4848, 47.3552], [8.4849, 47.3551], [8.4849, 47.355], [8.485, 47.355], [8.485, 47.3549], [8.4851, 47.3548], [8.4852, 47.3547], [8.4853, 47.3547], [8.4853, 47.3546], [8.4854, 47.3546], [8.4855, 47.3545], [8.4856, 47.3544], [8.4857, 47.3544], [8.4857, 47.3543], [8.4858, 47.3543], [8.4859, 47.3543], [8.486, 47.3542], [8.4863, 47.3541], [8.4866, 47.354], [8.4868, 47.3539], [8.4869, 47.3538], [8.487, 47.3538], [8.4871, 47.3537], [8.4872, 47.3537], [8.4872, 47.3536], [8.4873, 47.3536], [8.4873, 47.3535], [8.4874, 47.3535], [8.4874, 47.3534], [8.4875, 47.3534]], [[8.4875, 47.3534], [8.4875, 47.3533]], [[8.4875, 47.3533], [8.4875, 47.3532], [8.4876, 47.3532], [8.4876, 47.3531], [8.4876, 47.353], [8.4876, 47.3529]], [[8.4876, 47.3529], [8.4877, 47.3529], [8.4877, 47.3528], [8.4877, 47.3527]], [[8.4877, 47.3527], [8.4876, 47.3526], [8.4876, 47.3525], [8.4874, 47.3518]], [[8.4874, 47.3518], [8.4874, 47.3517]], [[8.5094, 47.3646], [8.5093, 47.3646], [8.5092, 47.3646], [8.5091, 47.3646], [8.509, 47.3646], [8.5089, 47.3646], [8.5088, 47.3647], [8.5086, 47.3647]], [[8.514, 47.3639], [8.5118, 47.3642], [8.5096, 47.3646], [8.5095, 47.3646], [8.5094, 47.3646]], [[8.5143, 47.3638], [8.5142, 47.3639], [8.5141, 47.3639], [8.514, 47.3639]], [[8.515, 47.3637], [8.5149, 47.3637], [8.5148, 47.3637], [8.5147, 47.3638], [8.5144, 47.3638], [8.5143, 47.3638]], [[8.5247, 47.366], [8.5245, 47.3658], [8.5242, 47.3655]], [[8.529, 47.3683], [8.5289, 47.3683], [8.5289, 47.3682], [8.5288, 47.3681], [8.5287, 47.368], [8.5286, 47.368], [8.5285, 47.3679], [8.5284, 47.3678], [8.5283, 47.3678], [8.5282, 47.3677], [8.5281, 47.3677], [8.528, 47.3676], [8.5279, 47.3676], [8.5278, 47.3676], [8.5277, 47.3675], [8.5276, 47.3675], [8.5275, 47.3675], [8.5274, 47.3674], [8.5273, 47.3674], [8.5272, 47.3674], [8.527, 47.3673], [8.5269, 47.3673], [8.5268, 47.3672], [8.5267, 47.3672], [8.5265, 47.3671], [8.5264, 47.3671], [8.5262, 47.367], [8.5259, 47.3669], [8.5256, 47.3667], [8.5254, 47.3665], [8.5252, 47.3664], [8.525, 47.3663], [8.525, 47.3662], [8.5249, 47.3662], [8.5248, 47.3661], [8.5247, 47.366]], [[8.5292, 47.3686], [8.5291, 47.3685], [8.5291, 47.3684], [8.529, 47.3683]], [[8.5297, 47.3692], [8.5296, 47.3691], [8.5295, 47.3689], [8.5294, 47.3688], [8.5292, 47.3686]], [[8.4776, 47.36], [8.4775, 47.3601], [8.4774, 47.3601], [8.4774, 47.3602], [8.4773, 47.3602], [8.4772, 47.3602], [8.4771, 47.3603], [8.4769, 47.3604], [8.4767, 47.3605], [8.4766, 47.3606], [8.4767, 47.3606], [8.4767, 47.3605], [8.4768, 47.3605], [8.4772, 47.3603], [8.4773, 47.3603], [8.4773, 47.3602], [8.4774, 47.3602], [8.4775, 47.3602], [8.4775, 47.3601], [8.4776, 47.3601], [8.4776, 47.36]], [[8.4777, 47.36], [8.4779, 47.3599], [8.4779, 47.3598], [8.478, 47.3597], [8.478, 47.3596], [8.4781, 47.3595]], [[8.4773, 47.3602], [8.4774, 47.3602], [8.4775, 47.3602], [8.4776, 47.3601], [8.4777, 47.36]], [[8.4765, 47.3607], [8.4766, 47.3606], [8.4767, 47.3606], [8.4767, 47.3605], [8.4768, 47.3605], [8.477, 47.3604], [8.4772, 47.3603], [8.4773, 47.3602]], [[8.476, 47.362], [8.4759, 47.3618], [8.4759, 47.3617], [8.4759, 47.3616], [8.4759, 47.3615], [8.4759, 47.3614], [8.476, 47.3614], [8.476, 47.3613], [8.476, 47.3612], [8.4761, 47.3611], [8.4761, 47.361], [8.4762, 47.361], [8.4762, 47.3609], [8.4763, 47.3609], [8.4763, 47.3608], [8.4764, 47.3608], [8.4764, 47.3607], [8.4765, 47.3607]], [[8.4802, 47.369], [8.4801, 47.369], [8.48, 47.369], [8.48, 47.3691], [8.4799, 47.3691], [8.4798, 47.3691], [8.4798, 47.3692], [8.4797, 47.3692], [8.4796, 47.3692], [8.4793, 47.3693]], [[8.481, 47.3686], [8.4805, 47.3688], [8.4802, 47.369]], [[8.4823, 47.3679], [8.4822, 47.3679], [8.4822, 47.368], [8.482, 47.3681], [8.4819, 47.3681], [8.4818, 47.3682], [8.4817, 47.3682], [8.4817, 47.3683], [8.4816, 47.3683]]]}, "properties": {"ref": "S10", "opened_year": 1990, "is_tunnel": false, "segment_count": 89}}, {"type": "Feature", "geometry": {"type": "MultiLineString", "coordinates": [[[8.7409, 47.5346], [8.7408, 47.5346], [8.7406, 47.5348], [8.7404, 47.5349], [8.7398, 47.5353], [8.7391, 47.5358], [8.7391, 47.5359], [8.739, 47.536], [8.739, 47.5359], [8.7388, 47.536], [8.7387, 47.5361], [8.7383, 47.5364], [8.7381, 47.5366], [8.7379, 47.5367], [8.7378, 47.5367], [8.738, 47.5366], [8.7382, 47.5365], [8.7384, 47.5363], [8.7387, 47.5361], [8.7395, 47.5355], [8.7402, 47.535], [8.7405, 47.5348], [8.7406, 47.5347], [8.7407, 47.5347], [8.7408, 47.5346], [8.7409, 47.5346]], [[8.7515, 47.5299], [8.7532, 47.529], [8.7548, 47.5281], [8.7532, 47.529], [8.7525, 47.5294], [8.7525, 47.5295], [8.7522, 47.5296], [8.7521, 47.5297], [8.752, 47.5297], [8.7519, 47.5297], [8.7516, 47.5299], [8.7515, 47.5299]], [[8.7606, 47.5185], [8.7605, 47.5185], [8.7607, 47.5176], [8.7609, 47.5168], [8.7608, 47.5168], [8.7609, 47.5166], [8.7609, 47.5165], [8.7611, 47.5156], [8.7612, 47.5156], [8.7606, 47.5185]], [[8.7589, 47.5058], [8.7611, 47.5083], [8.7607, 47.5079], [8.7605, 47.5076], [8.7602, 47.5073], [8.7593, 47.5063], [8.7589, 47.5058]], [[8.5481, 47.3673], [8.5483, 47.3671], [8.5485, 47.3669], [8.5486, 47.3669], [8.5488, 47.3668], [8.5489, 47.3667], [8.5491, 47.3666], [8.5493, 47.3665], [8.5495, 47.3664], [8.5496, 47.3663], [8.5498, 47.3662], [8.5502, 47.3661], [8.5502, 47.366], [8.5501, 47.366], [8.5498, 47.3662], [8.5495, 47.3663], [8.5494, 47.3663], [8.5492, 47.3664], [8.549, 47.3665], [8.5488, 47.3666], [8.5487, 47.3667], [8.5485, 47.3669], [8.5484, 47.3669], [8.5482, 47.3671], [8.5481, 47.3671], [8.548, 47.3672], [8.5479, 47.3674], [8.5478, 47.3676], [8.548, 47.3674], [8.5481, 47.3673]], [[8.5151, 47.3856], [8.5151, 47.3857], [8.5159, 47.3855], [8.516, 47.3854], [8.5164, 47.3853], [8.5168, 47.3852], [8.5169, 47.3852], [8.5172, 47.3851], [8.5173, 47.3851], [8.5174, 47.3851], [8.5178, 47.385], [8.5183, 47.3848], [8.519, 47.3846], [8.5189, 47.3846], [8.5187, 47.3847], [8.5186, 47.3847], [8.5185, 47.3847], [8.5183, 47.3848], [8.5173, 47.385], [8.5172, 47.3851], [8.5171, 47.3851], [8.517, 47.3851], [8.5169, 47.3852], [8.5168, 47.3852], [8.5167, 47.3852], [8.5158, 47.3854], [8.5151, 47.3856]], [[8.4489, 47.3995], [8.4489, 47.3994], [8.4488, 47.3994], [8.4483, 47.3994], [8.448, 47.3994], [8.4474, 47.3993], [8.4453, 47.3992], [8.4449, 47.3992], [8.4437, 47.3991], [8.4449, 47.3992], [8.4453, 47.3992], [8.4474, 47.3994], [8.4477, 47.3994], [8.4479, 47.3994], [8.4483, 47.3995], [8.4487, 47.3995], [8.4489, 47.3995]], [[8.4193, 47.3989], [8.4193, 47.399], [8.4197, 47.3989], [8.4201, 47.3988], [8.4205, 47.3988], [8.4209, 47.3987], [8.4212, 47.3987], [8.4214, 47.3986], [8.4217, 47.3986], [8.4218, 47.3986], [8.4223, 47.3985], [8.4227, 47.3984], [8.4235, 47.3983], [8.4234, 47.3983], [8.4229, 47.3984], [8.4223, 47.3985], [8.4221, 47.3985], [8.422, 47.3985], [8.4217, 47.3986], [8.4214, 47.3986], [8.4212, 47.3986], [8.4211, 47.3986], [8.4209, 47.3987], [8.4206, 47.3987], [8.4205, 47.3988], [8.4193, 47.3989]], [[8.4047, 47.4066], [8.4048, 47.4066], [8.405, 47.4063], [8.4052, 47.4059], [8.4057, 47.405], [8.4058, 47.4049], [8.4059, 47.4046], [8.4065, 47.4037], [8.4066, 47.4034], [8.4068, 47.4031], [8.4067, 47.4031], [8.4065, 47.4034], [8.4064, 47.4036], [8.4063, 47.4039], [8.4058, 47.4046], [8.4057, 47.4048], [8.4056, 47.405], [8.4051, 47.4059], [8.4049, 47.4063], [8.4047, 47.4066]], [[8.3522, 47.4342], [8.3543, 47.4335], [8.3547, 47.4334], [8.3552, 47.4332], [8.3561, 47.4329], [8.3561, 47.4328], [8.3552, 47.4331], [8.3546, 47.4333], [8.3542, 47.4335], [8.3533, 47.4338], [8.3522, 47.4342]], [[8.2783, 47.4285], [8.2779, 47.4284], [8.2769, 47.4282], [8.2743, 47.4277], [8.2749, 47.4278], [8.2752, 47.4278], [8.2758, 47.4279], [8.2758, 47.428], [8.2766, 47.4281], [8.2779, 47.4284], [8.2783, 47.4284], [8.2783, 47.4285]], [[8.7368, 47.5382], [8.7368, 47.5381], [8.7368, 47.538], [8.7369, 47.5379], [8.7369, 47.5378], [8.737, 47.5377], [8.737, 47.5376], [8.7371, 47.5375], [8.7371, 47.5374], [8.7372, 47.5373], [8.7373, 47.5373], [8.7373, 47.5372], [8.7374, 47.5371], [8.7375, 47.537], [8.7376, 47.5369], [8.7377, 47.5368], [8.7378, 47.5368], [8.7378, 47.5367], [8.7379, 47.5366], [8.738, 47.5365], [8.7381, 47.5365], [8.7382, 47.5364], [8.7384, 47.5363], [8.7386, 47.5361], [8.739, 47.5358], [8.7396, 47.5354], [8.7403, 47.5349], [8.7406, 47.5347], [8.7408, 47.5346], [8.7409, 47.5345], [8.741, 47.5344], [8.7412, 47.5343], [8.7414, 47.5343], [8.7415, 47.5342], [8.7417, 47.5341], [8.7418, 47.534], [8.7419, 47.534], [8.742, 47.5339], [8.7421, 47.5339], [8.7422, 47.5338], [8.7423, 47.5338], [8.7425, 47.5337]], [[8.7425, 47.5337], [8.7427, 47.5337], [8.7429, 47.5336], [8.7431, 47.5336], [8.7437, 47.5334], [8.7441, 47.5333], [8.7444, 47.5333], [8.7446, 47.5332], [8.7449, 47.5331], [8.745, 47.5331], [8.7452, 47.533], [8.7454, 47.5329], [8.7457, 47.5328], [8.7458, 47.5328]], [[8.7458, 47.5328], [8.746, 47.5327], [8.7461, 47.5327]], [[8.7461, 47.5327], [8.7463, 47.5326], [8.7464, 47.5326], [8.7466, 47.5325], [8.7467, 47.5324], [8.7469, 47.5323], [8.7471, 47.5323], [8.7472, 47.5322], [8.7474, 47.5321], [8.7476, 47.532], [8.7479, 47.5318], [8.7484, 47.5316], [8.7488, 47.5313], [8.7496, 47.5309], [8.7504, 47.5305]], [[8.7504, 47.5305], [8.7512, 47.53]], [[8.7512, 47.53], [8.7521, 47.5296], [8.753, 47.529], [8.7538, 47.5286], [8.7553, 47.5278], [8.756, 47.5274], [8.7566, 47.5271], [8.7567, 47.527], [8.7568, 47.527], [8.7569, 47.5269], [8.7571, 47.5268], [8.7572, 47.5267], [8.7573, 47.5267], [8.7574, 47.5266], [8.7575, 47.5265], [8.7576, 47.5264], [8.7577, 47.5264], [8.7578, 47.5263], [8.7579, 47.5262], [8.758, 47.5262], [8.7581, 47.5261], [8.7581, 47.526], [8.7582, 47.5259], [8.7583, 47.5258], [8.7584, 47.5258], [8.7584, 47.5257], [8.7585, 47.5256], [8.7586, 47.5255], [8.7587, 47.5254], [8.7588, 47.5253], [8.7588, 47.5252], [8.7589, 47.5251], [8.759, 47.525], [8.759, 47.5249], [8.7591, 47.5247], [8.7592, 47.5246], [8.7593, 47.5245], [8.7593, 47.5244], [8.7593, 47.5243], [8.7594, 47.5242], [8.7594, 47.5241], [8.7595, 47.524], [8.7595, 47.5239], [8.7595, 47.5238], [8.7595, 47.5237], [8.7596, 47.5236], [8.7596, 47.5235], [8.7596, 47.5233], [8.7598, 47.5225], [8.7599, 47.5217], [8.7601, 47.521], [8.7608, 47.5172], [8.7617, 47.513]], [[8.7617, 47.513], [8.7618, 47.5125]], [[8.7618, 47.5125], [8.7619, 47.5119]], [[8.7619, 47.5119], [8.762, 47.5118]], [[8.762, 47.5118], [8.762, 47.5117], [8.762, 47.5116], [8.762, 47.5115], [8.7621, 47.5112], [8.7622, 47.511], [8.7622, 47.5109], [8.7623, 47.5108], [8.7623, 47.5107], [8.7623, 47.5106], [8.7623, 47.5105], [8.7623, 47.5104], [8.7623, 47.5103], [8.7623, 47.5102], [8.7623, 47.5101], [8.7622, 47.5101], [8.7622, 47.51], [8.7622, 47.5099], [8.7622, 47.5098], [8.7621, 47.5097], [8.762, 47.5096], [8.7619, 47.5094]], [[8.7619, 47.5094], [8.7616, 47.509]], [[8.7616, 47.509], [8.7615, 47.5088], [8.7612, 47.5084], [8.7611, 47.5083]], [[8.7611, 47.5083], [8.761, 47.5082], [8.76, 47.507], [8.7588, 47.5056]], [[8.7588, 47.5056], [8.7587, 47.5055]], [[8.7587, 47.5055], [8.7585, 47.5053], [8.7584, 47.5051], [8.7581, 47.5047], [8.7577, 47.5044]], [[8.7577, 47.5044], [8.7574, 47.504]], [[8.7574, 47.504], [8.7573, 47.5039]], [[8.7573, 47.5039], [8.7569, 47.5035], [8.7568, 47.5034], [8.7568, 47.5033], [8.7566, 47.5032], [8.7565, 47.5031], [8.7564, 47.503], [8.7563, 47.5028], [8.7561, 47.5027], [8.756, 47.5026], [8.7559, 47.5025], [8.7558, 47.5024], [8.7556, 47.5023], [8.7555, 47.5023], [8.7554, 47.5022], [8.7552, 47.5021], [8.7551, 47.502], [8.755, 47.5019], [8.7548, 47.5018], [8.7547, 47.5018], [8.7545, 47.5017], [8.7544, 47.5016], [8.7542, 47.5015], [8.7541, 47.5014], [8.7539, 47.5014], [8.7537, 47.5013], [8.7536, 47.5012], [8.7534, 47.5011], [8.7532, 47.5011], [8.753, 47.501], [8.7528, 47.501], [8.7526, 47.5009], [8.7523, 47.5008], [8.7521, 47.5007], [8.7519, 47.5007], [8.7516, 47.5006], [8.7515, 47.5006], [8.7513, 47.5005], [8.7511, 47.5005], [8.7509, 47.5005], [8.7507, 47.5004], [8.7505, 47.5004], [8.7504, 47.5004], [8.7502, 47.5004], [8.75, 47.5003], [8.7497, 47.5003], [8.7496, 47.5003], [8.7495, 47.5003], [8.7493, 47.5003], [8.7491, 47.5003], [8.749, 47.5003], [8.7489, 47.5003], [8.7487, 47.5003], [8.7485, 47.5003]], [[8.7485, 47.5003], [8.7484, 47.5003]], [[8.7484, 47.5003], [8.748, 47.5003], [8.7477, 47.5003], [8.7474, 47.5003], [8.7472, 47.5003], [8.7469, 47.5003], [8.7467, 47.5003], [8.7466, 47.5004], [8.7464, 47.5004], [8.7463, 47.5004], [8.7462, 47.5004], [8.7461, 47.5005], [8.7459, 47.5005], [8.7456, 47.5005], [8.7455, 47.5006], [8.7454, 47.5006], [8.7452, 47.5006], [8.745, 47.5007], [8.7407, 47.502], [8.7403, 47.5021]], [[8.7403, 47.5021], [8.7392, 47.5024]], [[8.7392, 47.5024], [8.7381, 47.5028], [8.735, 47.5039]], [[8.735, 47.5039], [8.7323, 47.5048]], [[8.7323, 47.5048], [8.7315, 47.5051], [8.7314, 47.5051], [8.7313, 47.5052], [8.7311, 47.5052], [8.7309, 47.5052], [8.7306, 47.5053], [8.7304, 47.5053], [8.7302, 47.5054], [8.73, 47.5054], [8.7298, 47.5054], [8.7297, 47.5054], [8.7295, 47.5054], [8.7294, 47.5054], [8.7291, 47.5053], [8.729, 47.5053], [8.7289, 47.5053], [8.7287, 47.5053], [8.7286, 47.5053], [8.7284, 47.5052], [8.7282, 47.5052], [8.7281, 47.5051], [8.728, 47.5051], [8.7279, 47.505], [8.7278, 47.505], [8.7277, 47.5049], [8.7275, 47.5049], [8.7274, 47.5048], [8.7273, 47.5048], [8.7273, 47.5047], [8.7271, 47.5046], [8.7269, 47.5045], [8.7268, 47.5044], [8.7267, 47.5043]], [[8.7267, 47.5043], [8.7266, 47.5042], [8.7265, 47.5041], [8.7264, 47.504], [8.7259, 47.5033]], [[8.7259, 47.5033], [8.7256, 47.503]], [[8.7255, 47.5027], [8.7255, 47.5028], [8.7256, 47.503]], [[8.7252, 47.5024], [8.7255, 47.5027]], [[8.725, 47.5021], [8.7252, 47.5024]], [[8.7236, 47.5004], [8.7248, 47.5018], [8.7249, 47.5019], [8.725, 47.5021]], [[8.7224, 47.4988], [8.7229, 47.4994], [8.7236, 47.5004]], [[8.7222, 47.4986], [8.7224, 47.4988]], [[8.7214, 47.4976], [8.7222, 47.4986]], [[8.7211, 47.4972], [8.7214, 47.4976]], [[8.7203, 47.4962], [8.7211, 47.4972]], [[8.718, 47.4934], [8.7203, 47.4962]], [[8.7174, 47.4925], [8.718, 47.4934]], [[8.7172, 47.4923], [8.7174, 47.4925]], [[8.717, 47.4921], [8.7172, 47.4923]], [[8.7166, 47.4914], [8.7167, 47.4916], [8.7169, 47.4919], [8.717, 47.4921]], [[8.7166, 47.4914], [8.7158, 47.4905], [8.7157, 47.4904], [8.7154, 47.49], [8.715, 47.4896]], [[8.715, 47.4896], [8.7143, 47.4888], [8.7137, 47.4881], [8.7135, 47.4877], [8.7128, 47.4869]], [[8.7128, 47.4869], [8.7122, 47.486], [8.7113, 47.4849]], [[8.7113, 47.4849], [8.7111, 47.4846]], [[8.7111, 47.4846], [8.711, 47.4845]], [[8.711, 47.4845], [8.7102, 47.4836]], [[8.7102, 47.4836], [8.7087, 47.4816]], [[8.7087, 47.4816], [8.7082, 47.481]], [[8.7082, 47.481], [8.7079, 47.4807]], [[8.7079, 47.4807], [8.7076, 47.4803], [8.7075, 47.4801], [8.7073, 47.4799], [8.7072, 47.4797], [8.707, 47.4795], [8.7069, 47.4793], [8.7068, 47.4791], [8.7066, 47.4787], [8.7065, 47.4785], [8.7065, 47.4783], [8.7064, 47.4781], [8.7063, 47.4779], [8.7063, 47.4778], [8.7062, 47.4776], [8.7062, 47.4774], [8.7062, 47.4773]], [[8.7062, 47.4773], [8.7062, 47.4772], [8.7061, 47.477], [8.7061, 47.4769], [8.7061, 47.4767], [8.7061, 47.4765], [8.7061, 47.4764], [8.7061, 47.4763], [8.7061, 47.4761], [8.7061, 47.476], [8.7061, 47.4758], [8.7061, 47.4756], [8.7062, 47.4753], [8.7062, 47.4748]], [[8.7062, 47.4748], [8.7062, 47.4743]], [[8.7062, 47.4743], [8.7064, 47.4726]], [[8.7064, 47.4726], [8.7064, 47.4725]], [[8.7064, 47.4725], [8.7064, 47.4715]], [[8.7064, 47.4715], [8.7065, 47.4708], [8.7066, 47.4699]], [[8.7067, 47.4682], [8.7067, 47.4674]], [[8.7067, 47.4674], [8.7067, 47.4673]], [[8.7067, 47.4673], [8.7069, 47.4652], [8.7069, 47.4649], [8.7069, 47.4648], [8.7069, 47.4647], [8.707, 47.4646], [8.707, 47.4645], [8.707, 47.4644], [8.707, 47.4642], [8.707, 47.4641], [8.7071, 47.4641], [8.7071, 47.464], [8.7071, 47.4639], [8.7072, 47.4638], [8.7072, 47.4637], [8.7072, 47.4636], [8.7073, 47.4635], [8.7073, 47.4634], [8.7074, 47.4633], [8.7074, 47.4632], [8.7075, 47.4629], [8.7077, 47.4626], [8.7077, 47.4625], [8.7078, 47.4623], [8.7078, 47.4622], [8.7079, 47.4621], [8.7079, 47.4619], [8.708, 47.4619], [8.708, 47.4618], [8.708, 47.4617], [8.708, 47.4616], [8.708, 47.4615], [8.7081, 47.4614], [8.7081, 47.4613], [8.7081, 47.4612], [8.7081, 47.4611], [8.7081, 47.461], [8.7081, 47.4609], [8.7081, 47.4607], [8.7081, 47.4606], [8.7081, 47.4605], [8.7081, 47.4604], [8.7081, 47.4602], [8.7081, 47.4601], [8.7081, 47.46], [8.7081, 47.4599], [8.708, 47.4598], [8.708, 47.4597], [8.708, 47.4596], [8.708, 47.4595], [8.7079, 47.4594], [8.7079, 47.4593], [8.7079, 47.4592], [8.7078, 47.4591], [8.7078, 47.4589]], [[8.7078, 47.4589], [8.7077, 47.4588], [8.7072, 47.4572]], [[8.7072, 47.4572], [8.7069, 47.4562], [8.7067, 47.4557], [8.7065, 47.455], [8.7064, 47.4546]], [[8.7064, 47.4546], [8.7062, 47.4539], [8.706, 47.4533], [8.7059, 47.453], [8.7059, 47.4529], [8.7057, 47.4524], [8.7056, 47.4521], [8.7055, 47.4518], [8.7053, 47.4511], [8.7052, 47.4511], [8.7052, 47.451]], [[8.7052, 47.451], [8.705, 47.4505], [8.7049, 47.4501], [8.7045, 47.4488]], [[8.7045, 47.4488], [8.7044, 47.4484], [8.7043, 47.4483], [8.7043, 47.4482], [8.7043, 47.4481], [8.7042, 47.448], [8.7042, 47.4479], [8.7042, 47.4478], [8.7042, 47.4477], [8.7042, 47.4476], [8.7041, 47.4475], [8.7041, 47.4473], [8.7041, 47.4472], [8.7041, 47.4471], [8.7041, 47.4469], [8.7041, 47.4468], [8.7041, 47.4466], [8.7041, 47.4465], [8.7042, 47.4464], [8.7042, 47.4462], [8.7042, 47.446], [8.7043, 47.4458], [8.7043, 47.4457], [8.7049, 47.4436], [8.705, 47.4434], [8.705, 47.4433], [8.705, 47.4432], [8.7051, 47.4431], [8.7051, 47.443], [8.7051, 47.4429], [8.7051, 47.4428], [8.7051, 47.4426], [8.7052, 47.4425], [8.7052, 47.4424]], [[8.7052, 47.4424], [8.7052, 47.4423]], [[8.7052, 47.4423], [8.7052, 47.4422], [8.7052, 47.4421], [8.7052, 47.4419], [8.7052, 47.4417], [8.7051, 47.4415], [8.7051, 47.4414], [8.7051, 47.4412], [8.7051, 47.441], [8.705, 47.4409], [8.705, 47.4408], [8.7049, 47.4406], [8.7049, 47.4404], [8.7048, 47.4403], [8.7047, 47.4401], [8.7046, 47.44], [8.7045, 47.4398], [8.7044, 47.4397], [8.7043, 47.4395], [8.7042, 47.4394], [8.7041, 47.4392], [8.704, 47.4391], [8.7039, 47.439], [8.7037, 47.4388], [8.7036, 47.4387], [8.7035, 47.4386], [8.7033, 47.4385], [8.7031, 47.4383], [8.703, 47.4382], [8.7027, 47.438], [8.7026, 47.4379], [8.7024, 47.4378], [8.7023, 47.4378], [8.7022, 47.4377], [8.702, 47.4376], [8.7019, 47.4376], [8.7017, 47.4375], [8.7014, 47.4373]], [[8.7014, 47.4373], [8.7011, 47.4372]], [[8.7011, 47.4372], [8.7009, 47.4371], [8.7007, 47.4371], [8.7003, 47.4369], [8.7001, 47.4369], [8.6998, 47.4368], [8.6996, 47.4368], [8.6994, 47.4367], [8.6992, 47.4367], [8.699, 47.4366], [8.6987, 47.4366], [8.6984, 47.4365], [8.6971, 47.4364], [8.6968, 47.4363]], [[8.6968, 47.4363], [8.6965, 47.4363], [8.6962, 47.4362], [8.696, 47.4362], [8.6958, 47.4361], [8.6956, 47.4361], [8.6954, 47.4361], [8.6953, 47.436], [8.6951, 47.436], [8.695, 47.4359], [8.6949, 47.4359], [8.6947, 47.4358], [8.6946, 47.4358], [8.6945, 47.4358], [8.6944, 47.4357], [8.6942, 47.4357], [8.6941, 47.4356], [8.6939, 47.4355], [8.6938, 47.4355], [8.6937, 47.4354], [8.6935, 47.4353], [8.6934, 47.4353], [8.6933, 47.4352], [8.6931, 47.4351], [8.693, 47.4351], [8.6929, 47.435], [8.6927, 47.4349], [8.6926, 47.4348], [8.6924, 47.4347], [8.6923, 47.4346], [8.6922, 47.4345], [8.6921, 47.4345], [8.692, 47.4344], [8.6919, 47.4342], [8.6918, 47.4341], [8.6917, 47.434], [8.6915, 47.4339], [8.6914, 47.4337], [8.6913, 47.4336], [8.6912, 47.4334], [8.6911, 47.4333], [8.691, 47.4332], [8.6909, 47.433], [8.6907, 47.4327], [8.6905, 47.4324], [8.6901, 47.4315]], [[8.6901, 47.4315], [8.69, 47.4314]], [[8.69, 47.4314], [8.6898, 47.431], [8.6897, 47.4307], [8.6895, 47.4304], [8.6893, 47.4301]], [[8.6893, 47.4301], [8.6893, 47.43]], [[8.6893, 47.43], [8.6885, 47.4285], [8.6881, 47.4278]], [[8.6881, 47.4278], [8.688, 47.4277], [8.6867, 47.4253], [8.6866, 47.4251], [8.6865, 47.425], [8.6864, 47.4248], [8.6864, 47.4247], [8.6863, 47.4246], [8.6862, 47.4245], [8.6861, 47.4244], [8.686, 47.4242], [8.6859, 47.4241], [8.6858, 47.424], [8.6858, 47.4239], [8.6857, 47.4239], [8.6856, 47.4238], [8.6855, 47.4237], [8.6854, 47.4235], [8.6852, 47.4234], [8.685, 47.4232]], [[8.685, 47.4232], [8.6848, 47.4231]], [[8.6848, 47.4231], [8.6846, 47.4229], [8.6845, 47.4228], [8.6843, 47.4227], [8.6841, 47.4225], [8.684, 47.4225], [8.6839, 47.4224], [8.6838, 47.4223], [8.6836, 47.4222], [8.6834, 47.4221], [8.6833, 47.4221], [8.6832, 47.422], [8.683, 47.4219], [8.6828, 47.4218], [8.6827, 47.4218], [8.6826, 47.4217], [8.6825, 47.4217], [8.6823, 47.4216], [8.682, 47.4214]], [[8.682, 47.4214], [8.6818, 47.4214], [8.6816, 47.4213], [8.6815, 47.4213], [8.6813, 47.4212], [8.6811, 47.4212], [8.681, 47.4211], [8.6807, 47.4211], [8.6806, 47.421], [8.6804, 47.421], [8.6802, 47.4209], [8.6801, 47.4209], [8.68, 47.4209], [8.6798, 47.4208], [8.6796, 47.4208], [8.6794, 47.4208], [8.6793, 47.4207], [8.6791, 47.4207], [8.6789, 47.4207], [8.6787, 47.4207], [8.6785, 47.4207], [8.6783, 47.4206], [8.678, 47.4206], [8.6778, 47.4206], [8.6777, 47.4206], [8.6776, 47.4206], [8.6773, 47.4206], [8.6772, 47.4206], [8.677, 47.4206], [8.6768, 47.4206], [8.6766, 47.4206], [8.6763, 47.4206], [8.6762, 47.4206], [8.676, 47.4206], [8.6758, 47.4207], [8.6756, 47.4207], [8.6754, 47.4207], [8.6752, 47.4207], [8.6751, 47.4207]], [[8.6751, 47.4207], [8.675, 47.4207], [8.6738, 47.4209], [8.6689, 47.4216], [8.6686, 47.4216], [8.6684, 47.4217], [8.6682, 47.4217], [8.668, 47.4217], [8.6671, 47.4219], [8.6663, 47.422]], [[8.6663, 47.422], [8.6661, 47.422], [8.6656, 47.4221]], [[8.6656, 47.4221], [8.6599, 47.4229], [8.6594, 47.423], [8.6563, 47.4234], [8.6521, 47.424], [8.6499, 47.4243]], [[8.6499, 47.4243], [8.6466, 47.4248], [8.6428, 47.4253]], [[8.6428, 47.4253], [8.6427, 47.4253]], [[8.6427, 47.4253], [8.6387, 47.4259], [8.6369, 47.4261], [8.6361, 47.4262]], [[8.6361, 47.4262], [8.6358, 47.4263]], [[8.6358, 47.4263], [8.6344, 47.4265], [8.634, 47.4265], [8.6336, 47.4266], [8.6333, 47.4266], [8.6332, 47.4266], [8.633, 47.4267], [8.6328, 47.4267], [8.6327, 47.4267], [8.6324, 47.4267], [8.6321, 47.4267], [8.6318, 47.4267], [8.6315, 47.4267]], [[8.624, 47.425], [8.6242, 47.4251], [8.6245, 47.4253], [8.6246, 47.4253], [8.6248, 47.4254], [8.625, 47.4255], [8.6252, 47.4256], [8.6255, 47.4257], [8.6257, 47.4258], [8.6259, 47.4258], [8.626, 47.4259], [8.6262, 47.426], [8.6264, 47.426], [8.6266, 47.4261], [8.6267, 47.4261], [8.6269, 47.4262], [8.6271, 47.4262], [8.6272, 47.4263], [8.6274, 47.4263], [8.6275, 47.4263], [8.6277, 47.4264], [8.6278, 47.4264], [8.628, 47.4264], [8.6282, 47.4265], [8.6284, 47.4265], [8.6286, 47.4265], [8.6288, 47.4266], [8.6291, 47.4266], [8.6293, 47.4266], [8.6295, 47.4267], [8.6297, 47.4267], [8.63, 47.4267], [8.6303, 47.4267], [8.6305, 47.4267], [8.6308, 47.4267], [8.6311, 47.4267], [8.6313, 47.4267], [8.6315, 47.4267]], [[8.6239, 47.425], [8.624, 47.425]], [[8.623, 47.4245], [8.6232, 47.4246], [8.6235, 47.4247], [8.6237, 47.4248], [8.6239, 47.425]], [[8.623, 47.4245], [8.6228, 47.4243], [8.6226, 47.4242], [8.6224, 47.424], [8.6223, 47.4239], [8.6221, 47.4238], [8.622, 47.4237], [8.6218, 47.4235], [8.6216, 47.4233], [8.6215, 47.4232], [8.6214, 47.4231], [8.6213, 47.423], [8.6212, 47.4229], [8.6211, 47.4228], [8.621, 47.4226], [8.6209, 47.4224], [8.6207, 47.4223], [8.6207, 47.4222], [8.6206, 47.422], [8.6205, 47.4219], [8.6205, 47.4218], [8.6204, 47.4216], [8.6202, 47.4214]], [[8.6202, 47.4214], [8.6201, 47.4211], [8.62, 47.4209], [8.6199, 47.4208], [8.6199, 47.4207], [8.6198, 47.4205], [8.6196, 47.4202], [8.6191, 47.4194], [8.6189, 47.419], [8.6187, 47.4186]], [[8.6187, 47.4186], [8.6183, 47.4179]], [[8.6183, 47.4179], [8.6179, 47.4173], [8.6176, 47.4168], [8.6174, 47.4166], [8.6173, 47.4164], [8.6172, 47.4163], [8.6171, 47.4161], [8.6169, 47.4158]], [[8.6169, 47.4158], [8.6168, 47.4156]], [[8.6168, 47.4156], [8.6166, 47.4153], [8.6165, 47.4151], [8.6163, 47.4149], [8.6162, 47.4148], [8.6162, 47.4147], [8.6161, 47.4146], [8.6161, 47.4145], [8.6161, 47.4144], [8.616, 47.4143], [8.6159, 47.4141], [8.6159, 47.414], [8.6158, 47.4139], [8.6158, 47.4137], [8.6157, 47.4136]], [[8.6157, 47.4136], [8.6157, 47.4134], [8.6156, 47.4133], [8.6156, 47.4131], [8.6156, 47.413], [8.6155, 47.4128], [8.6155, 47.4125], [8.6154, 47.4121], [8.6154, 47.4118], [8.6154, 47.4116], [8.6153, 47.4115], [8.6153, 47.4113], [8.6152, 47.4112], [8.6152, 47.411], [8.6151, 47.4109], [8.6151, 47.4107], [8.615, 47.4106], [8.615, 47.4105], [8.6149, 47.4104], [8.6148, 47.4103], [8.6148, 47.4102], [8.6147, 47.41], [8.6146, 47.4099], [8.6145, 47.4098], [8.6145, 47.4097], [8.6144, 47.4096], [8.6143, 47.4095], [8.6142, 47.4094], [8.6141, 47.4093], [8.614, 47.4092], [8.6139, 47.4091], [8.6138, 47.409], [8.6137, 47.4089], [8.6136, 47.4088]], [[8.6136, 47.4088], [8.6135, 47.4087], [8.6134, 47.4086], [8.6133, 47.4085], [8.6132, 47.4084]], [[8.6132, 47.4084], [8.6131, 47.4083]], [[8.6131, 47.4083], [8.6129, 47.4082], [8.6128, 47.4081], [8.6127, 47.408], [8.6125, 47.4079]], [[8.6105, 47.4068], [8.6102, 47.4067], [8.6099, 47.4065]], [[8.6099, 47.4065], [8.6096, 47.4064], [8.6094, 47.4063], [8.6091, 47.4062], [8.6088, 47.4061], [8.6085, 47.406], [8.6081, 47.4058], [8.6078, 47.4057], [8.6076, 47.4056], [8.6069, 47.4053], [8.6065, 47.4052], [8.6062, 47.4051], [8.6061, 47.405], [8.6056, 47.4048], [8.6052, 47.4046], [8.605, 47.4045], [8.6048, 47.4045]], [[8.6048, 47.4045], [8.6042, 47.4042], [8.6026, 47.4033], [8.6017, 47.4029], [8.601, 47.4025], [8.6005, 47.4022]], [[8.6005, 47.4022], [8.6003, 47.4022], [8.6002, 47.4021], [8.6001, 47.402], [8.6, 47.4019], [8.5998, 47.4019], [8.5997, 47.4018]], [[8.5997, 47.4018], [8.5996, 47.4017], [8.5994, 47.4015], [8.5992, 47.4014], [8.599, 47.4012], [8.5989, 47.4011], [8.5988, 47.401], [8.5987, 47.4009], [8.5985, 47.4007], [8.5984, 47.4006], [8.5981, 47.4003]], [[8.5981, 47.4003], [8.5979, 47.4], [8.5977, 47.3997], [8.5974, 47.3994], [8.5972, 47.399]], [[8.5972, 47.399], [8.5971, 47.3988], [8.597, 47.3987]], [[8.597, 47.3987], [8.5968, 47.3984], [8.5967, 47.3981]], [[8.5501, 47.366], [8.5499, 47.3661], [8.5497, 47.3662], [8.5496, 47.3662], [8.5494, 47.3663], [8.5492, 47.3664], [8.549, 47.3665], [8.5489, 47.3666], [8.5487, 47.3667], [8.5486, 47.3668], [8.5484, 47.3669], [8.5483, 47.367], [8.5482, 47.3671], [8.5481, 47.3672], [8.548, 47.3673], [8.5479, 47.3674], [8.5478, 47.3675], [8.5477, 47.3676]], [[8.5323, 47.3805], [8.5313, 47.3808], [8.531, 47.3809], [8.5307, 47.381], [8.5305, 47.381]], [[8.5305, 47.381], [8.5299, 47.3811], [8.5296, 47.3812], [8.5293, 47.3812], [8.5291, 47.3813], [8.5289, 47.3813], [8.5287, 47.3814], [8.5286, 47.3814], [8.5285, 47.3814]], [[8.5285, 47.3814], [8.5283, 47.3815], [8.5282, 47.3815], [8.5281, 47.3816], [8.528, 47.3816]], [[8.528, 47.3816], [8.5279, 47.3817], [8.5278, 47.3817], [8.5276, 47.3818], [8.5275, 47.3818], [8.5274, 47.3819], [8.5272, 47.382], [8.5271, 47.382], [8.5267, 47.3823], [8.5266, 47.3823], [8.5263, 47.3824], [8.526, 47.3826], [8.5258, 47.3827], [8.5257, 47.3828], [8.5254, 47.3829], [8.5253, 47.3829], [8.5251, 47.383], [8.5249, 47.3831], [8.5248, 47.3831], [8.5246, 47.3832], [8.5243, 47.3833], [8.5241, 47.3833], [8.5238, 47.3834], [8.5235, 47.3835], [8.523, 47.3837], [8.5226, 47.3838]], [[8.5226, 47.3838], [8.5209, 47.3842]], [[8.5209, 47.3842], [8.5206, 47.3843], [8.5205, 47.3843], [8.5204, 47.3843], [8.5203, 47.3844], [8.5202, 47.3844], [8.5201, 47.3844], [8.5198, 47.3845], [8.5195, 47.3845], [8.5194, 47.3845], [8.5192, 47.3845], [8.5191, 47.3846], [8.519, 47.3846], [8.5189, 47.3846], [8.5188, 47.3846]], [[8.5188, 47.3846], [8.5186, 47.3847], [8.5185, 47.3847], [8.5184, 47.3847], [8.5174, 47.385], [8.5153, 47.3856], [8.515, 47.3856], [8.515, 47.3857], [8.5148, 47.3857], [8.5146, 47.3858], [8.5145, 47.3858], [8.5143, 47.3859]], [[8.5143, 47.3859], [8.514, 47.3859], [8.5137, 47.386], [8.5135, 47.3861], [8.5133, 47.3862], [8.513, 47.3863], [8.5128, 47.3863], [8.5127, 47.3864], [8.5126, 47.3864], [8.5124, 47.3865], [8.512, 47.3867], [8.5119, 47.3867]], [[8.5119, 47.3867], [8.5102, 47.3874]], [[8.5102, 47.3874], [8.5098, 47.3875], [8.5095, 47.3876], [8.5094, 47.3877], [8.5092, 47.3877], [8.509, 47.3878], [8.5088, 47.3878], [8.5086, 47.3879], [8.5085, 47.388], [8.5083, 47.388], [8.5081, 47.388], [8.508, 47.3881], [8.5078, 47.3881]], [[8.5078, 47.3881], [8.5076, 47.3882], [8.5073, 47.3882], [8.5071, 47.3883], [8.5069, 47.3883], [8.5066, 47.3883], [8.5063, 47.3884], [8.5061, 47.3884], [8.5057, 47.3885], [8.5047, 47.3886], [8.5044, 47.3886], [8.5041, 47.3887], [8.5039, 47.3887], [8.5037, 47.3887]], [[8.5037, 47.3887], [8.5035, 47.3887], [8.5033, 47.3888], [8.5031, 47.3888], [8.5029, 47.3889], [8.5026, 47.3889], [8.5024, 47.389], [8.5019, 47.3891]], [[8.5019, 47.3891], [8.5009, 47.3893], [8.5005, 47.3894], [8.5, 47.3895], [8.4995, 47.3896], [8.4992, 47.3896], [8.4987, 47.3897], [8.4975, 47.3898], [8.4966, 47.3899], [8.4963, 47.3899], [8.4962, 47.3899], [8.496, 47.39], [8.4959, 47.39], [8.4957, 47.39], [8.4953, 47.3901], [8.4951, 47.3901]], [[8.4951, 47.3901], [8.495, 47.3901], [8.4944, 47.3902]], [[8.4944, 47.3902], [8.4942, 47.3903]], [[8.4942, 47.3903], [8.494, 47.3903], [8.4939, 47.3903], [8.4937, 47.3904], [8.4934, 47.3904], [8.4932, 47.3905], [8.4927, 47.3906]], [[8.4923, 47.3907], [8.4927, 47.3906]], [[8.4875, 47.392], [8.4891, 47.3916], [8.4923, 47.3907]], [[8.4847, 47.3928], [8.4852, 47.3927], [8.4854, 47.3926], [8.4856, 47.3926], [8.4863, 47.3924], [8.4875, 47.392]], [[8.4847, 47.3928], [8.4836, 47.3931]], [[8.4836, 47.3931], [8.4833, 47.3932]], [[8.4833, 47.3932], [8.4828, 47.3933]], [[8.4828, 47.3933], [8.4819, 47.3935], [8.4811, 47.3937], [8.4789, 47.3943], [8.4784, 47.3945], [8.478, 47.3946], [8.4755, 47.3953]], [[8.4755, 47.3953], [8.475, 47.3954], [8.4742, 47.3956], [8.473, 47.396], [8.4702, 47.3967], [8.4653, 47.398], [8.4649, 47.3981], [8.4645, 47.3983], [8.4641, 47.3984], [8.4637, 47.3985], [8.4626, 47.3988]], [[8.4626, 47.3988], [8.4624, 47.3989]], [[8.4624, 47.3989], [8.4618, 47.3991], [8.4613, 47.3992], [8.4609, 47.3993], [8.4606, 47.3994], [8.4605, 47.3994], [8.4603, 47.3995], [8.4601, 47.3995], [8.4598, 47.3996], [8.4597, 47.3996], [8.4596, 47.3997], [8.4594, 47.3997], [8.4591, 47.3997], [8.4589, 47.3998], [8.4586, 47.3998], [8.4583, 47.3999], [8.4581, 47.3999], [8.4579, 47.3999], [8.4577, 47.3999], [8.4576, 47.3999], [8.4574, 47.3999], [8.4572, 47.3999], [8.457, 47.3999], [8.4569, 47.3999], [8.4567, 47.3999], [8.4566, 47.3999], [8.4565, 47.3999], [8.4563, 47.3999], [8.456, 47.3999], [8.4559, 47.3999], [8.4557, 47.3999], [8.4547, 47.3998], [8.4534, 47.3997]], [[8.4534, 47.3997], [8.4531, 47.3997]], [[8.4531, 47.3997], [8.4522, 47.3996], [8.4519, 47.3996], [8.4517, 47.3996], [8.4515, 47.3996], [8.4503, 47.3995], [8.4496, 47.3995]], [[8.4496, 47.3995], [8.4493, 47.3995], [8.449, 47.3994], [8.4484, 47.3994], [8.4465, 47.3993], [8.4422, 47.3989], [8.4415, 47.3989], [8.44, 47.3988]], [[8.44, 47.3988], [8.4395, 47.3987]], [[8.4395, 47.3987], [8.4378, 47.3986], [8.4359, 47.3984], [8.4349, 47.3983], [8.4337, 47.3982], [8.4331, 47.3982], [8.4327, 47.3982], [8.4322, 47.3981], [8.4318, 47.3981], [8.4314, 47.398], [8.4311, 47.398], [8.4305, 47.3979], [8.4301, 47.3979], [8.4299, 47.3979], [8.4298, 47.3979], [8.4296, 47.3979], [8.4295, 47.3978], [8.4294, 47.3978], [8.4292, 47.3978], [8.4291, 47.3978], [8.4289, 47.3978], [8.4288, 47.3978], [8.4286, 47.3978], [8.4285, 47.3978], [8.4283, 47.3978], [8.428, 47.3978], [8.4278, 47.3978], [8.4274, 47.3978], [8.4272, 47.3978], [8.427, 47.3978], [8.4268, 47.3979], [8.4265, 47.3979], [8.4263, 47.3979], [8.4262, 47.3979], [8.426, 47.3979], [8.4258, 47.398], [8.4255, 47.398], [8.4252, 47.3981], [8.4248, 47.3981]], [[8.4248, 47.3981], [8.4234, 47.3983], [8.422, 47.3985], [8.4204, 47.3988], [8.4185, 47.3991]], [[8.4185, 47.3991], [8.418, 47.3992], [8.4173, 47.3993], [8.4126, 47.4]], [[8.4126, 47.4], [8.4121, 47.4001], [8.4119, 47.4001], [8.4118, 47.4002], [8.4117, 47.4002], [8.4115, 47.4002], [8.4114, 47.4002], [8.4113, 47.4003], [8.4111, 47.4003], [8.411, 47.4003], [8.4108, 47.4004], [8.4107, 47.4004], [8.4105, 47.4005], [8.4104, 47.4005], [8.4103, 47.4006], [8.4101, 47.4006], [8.4099, 47.4007], [8.4098, 47.4007], [8.4096, 47.4008], [8.4095, 47.4008], [8.4094, 47.4009], [8.4093, 47.4009], [8.4092, 47.401], [8.4091, 47.4011], [8.409, 47.4011], [8.4089, 47.4012], [8.4087, 47.4013], [8.4086, 47.4013], [8.4084, 47.4015]], [[8.4084, 47.4015], [8.4082, 47.4016]], [[8.4082, 47.4016], [8.408, 47.4017], [8.4079, 47.4018], [8.4078, 47.4019], [8.4077, 47.402], [8.4075, 47.4021], [8.4074, 47.4022], [8.4073, 47.4023], [8.4073, 47.4024], [8.4072, 47.4024], [8.407, 47.4026], [8.4069, 47.4028], [8.4068, 47.4029], [8.4068, 47.403]], [[8.4068, 47.403], [8.4067, 47.4031], [8.4066, 47.4032], [8.4065, 47.4033], [8.4065, 47.4034], [8.4064, 47.4036], [8.4063, 47.4038], [8.4059, 47.4044], [8.4058, 47.4046], [8.4051, 47.4059], [8.4048, 47.4065]], [[8.4048, 47.4065], [8.4047, 47.4066]], [[8.4047, 47.4066], [8.4045, 47.407], [8.4042, 47.4075], [8.404, 47.4079], [8.4039, 47.408]], [[8.4039, 47.408], [8.4038, 47.4082], [8.4037, 47.4084], [8.4036, 47.4086], [8.4035, 47.4087], [8.4034, 47.4088], [8.4032, 47.409]], [[8.4032, 47.409], [8.4032, 47.4091]], [[8.4032, 47.4091], [8.4029, 47.4094], [8.4028, 47.4096], [8.4026, 47.4098], [8.4025, 47.4099], [8.4023, 47.4101], [8.402, 47.4104], [8.4018, 47.4106], [8.4016, 47.4107], [8.4014, 47.4109], [8.4012, 47.411], [8.401, 47.4112], [8.4007, 47.4114], [8.4002, 47.4118], [8.3997, 47.4121]], [[8.3997, 47.4121], [8.3904, 47.4189], [8.3893, 47.4197], [8.3885, 47.4203], [8.3881, 47.4206], [8.3877, 47.4209], [8.3875, 47.421], [8.3874, 47.4211], [8.387, 47.4213]], [[8.387, 47.4213], [8.3868, 47.4215], [8.3866, 47.4216], [8.3864, 47.4217], [8.3862, 47.4218], [8.386, 47.4219], [8.3858, 47.422]], [[8.3845, 47.4227], [8.3842, 47.4228], [8.384, 47.4229], [8.3837, 47.423], [8.3832, 47.4231], [8.3818, 47.4236], [8.3788, 47.4247], [8.3724, 47.427], [8.3611, 47.4311], [8.3606, 47.4312], [8.3602, 47.4314], [8.3592, 47.4318], [8.3571, 47.4325]], [[8.3571, 47.4325], [8.3562, 47.4329]], [[8.3562, 47.4329], [8.3554, 47.4331], [8.3547, 47.4334], [8.3543, 47.4336], [8.3495, 47.4353]], [[8.3495, 47.4353], [8.3494, 47.4353]], [[8.3468, 47.4361], [8.347, 47.436], [8.3472, 47.436], [8.3475, 47.4359], [8.3479, 47.4357], [8.3485, 47.4356], [8.3489, 47.4355], [8.3491, 47.4354], [8.3492, 47.4353], [8.3494, 47.4353]], [[8.3468, 47.4361], [8.3459, 47.4364]], [[8.343, 47.4374], [8.3432, 47.4373], [8.3434, 47.4373], [8.3436, 47.4372], [8.3438, 47.4372], [8.3441, 47.4371], [8.3445, 47.4369], [8.3448, 47.4368], [8.3451, 47.4367], [8.3459, 47.4364]], [[8.2785, 47.4285], [8.2794, 47.4287]], [[8.2735, 47.4276], [8.2758, 47.428], [8.2769, 47.4282], [8.2779, 47.4284], [8.2785, 47.4285]], [[8.2708, 47.4271], [8.2735, 47.4276]], [[8.2663, 47.4267], [8.2671, 47.4267], [8.2674, 47.4267], [8.2679, 47.4267], [8.2687, 47.4268], [8.2692, 47.4268], [8.2696, 47.4269], [8.2699, 47.4269], [8.2702, 47.427], [8.2708, 47.4271]], [[8.2636, 47.4268], [8.2652, 47.4268], [8.2658, 47.4267], [8.2663, 47.4267]], [[8.2607, 47.4269], [8.2636, 47.4268]], [[8.2537, 47.4263], [8.2541, 47.4264], [8.2542, 47.4265], [8.2548, 47.4266], [8.2553, 47.4267], [8.2559, 47.4268], [8.2567, 47.4269], [8.2574, 47.4269], [8.2582, 47.427], [8.259, 47.427], [8.2603, 47.4269], [8.2607, 47.4269]], [[8.2528, 47.4261], [8.2533, 47.4262], [8.2537, 47.4263]], [[8.2484, 47.4239], [8.2489, 47.4242], [8.2495, 47.4246], [8.2501, 47.4249], [8.2508, 47.4253], [8.2513, 47.4255], [8.2515, 47.4256], [8.2528, 47.4261]], [[8.2484, 47.4239], [8.2482, 47.4237]], [[8.2482, 47.4237], [8.2481, 47.4237], [8.2477, 47.4233], [8.2473, 47.4229], [8.2468, 47.4224], [8.2464, 47.422]], [[8.2459, 47.4213], [8.2464, 47.422]], [[8.2454, 47.4207], [8.2458, 47.4213], [8.2459, 47.4213]], [[8.2454, 47.4207], [8.2448, 47.4201], [8.2444, 47.4196], [8.244, 47.4193], [8.2436, 47.4189], [8.2433, 47.4186]], [[8.2433, 47.4186], [8.243, 47.4183], [8.2425, 47.418], [8.2423, 47.4179], [8.2417, 47.4174], [8.2412, 47.4171], [8.2411, 47.4171], [8.2407, 47.4168]], [[8.2407, 47.4168], [8.2401, 47.4165], [8.2395, 47.4162], [8.2389, 47.4159], [8.2386, 47.4158], [8.2383, 47.4157], [8.238, 47.4156], [8.2377, 47.4154], [8.2374, 47.4153], [8.2371, 47.4152], [8.2368, 47.4151], [8.2365, 47.415], [8.2361, 47.4149], [8.2358, 47.4148], [8.2353, 47.4146], [8.2343, 47.4143]], [[8.2343, 47.4143], [8.2338, 47.4142], [8.2331, 47.414], [8.2329, 47.4139], [8.2326, 47.4138], [8.2322, 47.4137], [8.2314, 47.4135]], [[8.2314, 47.4135], [8.2312, 47.4135], [8.2306, 47.4133], [8.2299, 47.4131], [8.2292, 47.4129], [8.2284, 47.4127]], [[8.2284, 47.4127], [8.2277, 47.4124], [8.2268, 47.4122]], [[8.2268, 47.4122], [8.2267, 47.4122]], [[8.2267, 47.4122], [8.2265, 47.4121]], [[8.2265, 47.4121], [8.2224, 47.4109], [8.2214, 47.4107]], [[8.2214, 47.4107], [8.221, 47.4105], [8.2206, 47.4104], [8.2199, 47.4102], [8.2197, 47.4102], [8.2196, 47.4101], [8.2194, 47.4101], [8.2193, 47.41], [8.2191, 47.41], [8.2189, 47.4099], [8.2188, 47.4098], [8.2186, 47.4097], [8.2184, 47.4097], [8.2182, 47.4096], [8.2181, 47.4095], [8.2179, 47.4094], [8.2178, 47.4094], [8.2176, 47.4093], [8.2174, 47.4092], [8.2173, 47.4091], [8.2171, 47.409], [8.217, 47.4089], [8.2168, 47.4088], [8.2167, 47.4087], [8.2166, 47.4087], [8.2164, 47.4086], [8.2158, 47.4082]], [[8.2158, 47.4082], [8.2158, 47.4081], [8.2156, 47.4081], [8.2153, 47.4078], [8.2149, 47.4076], [8.2146, 47.4074], [8.2144, 47.4073], [8.2138, 47.4069], [8.2133, 47.4066]], [[8.2133, 47.4066], [8.2124, 47.4061], [8.2121, 47.4059]], [[8.2121, 47.4059], [8.2117, 47.4057], [8.2116, 47.4056], [8.2111, 47.4053], [8.2106, 47.4049], [8.2104, 47.4048], [8.2103, 47.4047], [8.2102, 47.4046], [8.21, 47.4045], [8.2099, 47.4044], [8.2098, 47.4043], [8.2097, 47.4042], [8.2095, 47.4041], [8.2094, 47.404], [8.2093, 47.4039]], [[8.2093, 47.4039], [8.2092, 47.4038], [8.2091, 47.4037], [8.209, 47.4035], [8.2089, 47.4034], [8.2088, 47.4033], [8.2087, 47.4031], [8.2086, 47.403], [8.2085, 47.4028]], [[8.2085, 47.4028], [8.2084, 47.4026], [8.2082, 47.4024], [8.208, 47.4019], [8.2077, 47.4015], [8.2076, 47.4013], [8.2075, 47.4011], [8.2073, 47.4008], [8.2072, 47.4005], [8.207, 47.4001], [8.2069, 47.3999], [8.2068, 47.3996], [8.2067, 47.3994], [8.2066, 47.3992], [8.2065, 47.399], [8.2064, 47.3987], [8.2062, 47.3984], [8.2061, 47.3981], [8.206, 47.3979], [8.2058, 47.3976], [8.2058, 47.3975], [8.2057, 47.3974], [8.2056, 47.3973], [8.2056, 47.3972], [8.2055, 47.3971], [8.2054, 47.3969], [8.2053, 47.3968], [8.2052, 47.3967], [8.2051, 47.3965], [8.205, 47.3964], [8.2048, 47.3963], [8.2047, 47.3962]], [[8.2047, 47.3962], [8.2046, 47.3961], [8.2045, 47.3959], [8.2043, 47.3958], [8.2042, 47.3957], [8.204, 47.3956], [8.2039, 47.3955], [8.2037, 47.3953], [8.2036, 47.3952]], [[8.2036, 47.3952], [8.2035, 47.3952], [8.2033, 47.3951], [8.2032, 47.395], [8.2031, 47.3949], [8.2029, 47.3948], [8.2028, 47.3948], [8.2027, 47.3947], [8.2026, 47.3946], [8.2024, 47.3946], [8.2023, 47.3945], [8.2021, 47.3944], [8.202, 47.3944], [8.2018, 47.3943], [8.2017, 47.3942], [8.2015, 47.3942], [8.2014, 47.3941], [8.2011, 47.394], [8.2008, 47.3939], [8.2005, 47.3938], [8.2002, 47.3937], [8.1999, 47.3937], [8.1997, 47.3936], [8.1996, 47.3936]], [[8.1996, 47.3936], [8.1991, 47.3935], [8.1988, 47.3935], [8.1984, 47.3934]], [[8.1984, 47.3934], [8.1958, 47.393]], [[8.1958, 47.393], [8.1923, 47.3924], [8.1843, 47.3912], [8.1815, 47.3908]], [[8.1815, 47.3908], [8.1809, 47.3907]], [[8.1809, 47.3907], [8.1802, 47.3906]], [[8.1802, 47.3906], [8.18, 47.3905]], [[8.18, 47.3905], [8.178, 47.3902], [8.1774, 47.3902], [8.1773, 47.3902], [8.1768, 47.3901], [8.1761, 47.3901], [8.1757, 47.3901], [8.1754, 47.3902], [8.1752, 47.3902], [8.175, 47.3902], [8.1747, 47.3902], [8.1745, 47.3903], [8.1743, 47.3903], [8.1741, 47.3903], [8.174, 47.3903], [8.1738, 47.3904], [8.1736, 47.3904], [8.1734, 47.3905]], [[8.1734, 47.3905], [8.1731, 47.3905], [8.173, 47.3906], [8.1728, 47.3906], [8.1726, 47.3907], [8.1724, 47.3907], [8.172, 47.3909]], [[8.172, 47.3909], [8.1711, 47.3912], [8.1702, 47.3915], [8.1694, 47.3917], [8.1687, 47.392], [8.1671, 47.3924]], [[8.1671, 47.3924], [8.1657, 47.3928], [8.1651, 47.393], [8.1648, 47.3931], [8.1646, 47.3932], [8.1641, 47.3933], [8.1632, 47.3936]], [[8.1632, 47.3936], [8.1629, 47.3937]], [[8.1629, 47.3937], [8.1626, 47.3938], [8.1625, 47.3938]], [[8.1625, 47.3938], [8.1624, 47.3938], [8.1621, 47.3939], [8.1598, 47.3946]], [[8.1598, 47.3946], [8.1553, 47.3961], [8.151, 47.3974], [8.1502, 47.3977], [8.1495, 47.3979], [8.1489, 47.3982], [8.1483, 47.3984], [8.1475, 47.3988], [8.1468, 47.3992], [8.1463, 47.3995], [8.1458, 47.3999], [8.1454, 47.4001], [8.1445, 47.4009], [8.1443, 47.401], [8.1441, 47.4012], [8.1439, 47.4013], [8.1437, 47.4015], [8.1434, 47.4017], [8.1431, 47.4018]], [[8.1431, 47.4018], [8.1428, 47.402]], [[8.1428, 47.402], [8.1425, 47.4022], [8.1422, 47.4024], [8.1419, 47.4025], [8.1416, 47.4026], [8.1413, 47.4028], [8.141, 47.4029], [8.1407, 47.403], [8.1404, 47.4031], [8.14, 47.4033], [8.1398, 47.4033], [8.1395, 47.4034], [8.1392, 47.4035], [8.139, 47.4036], [8.1388, 47.4036], [8.1386, 47.4037], [8.1383, 47.4038], [8.138, 47.4038], [8.1377, 47.4039], [8.1374, 47.4039], [8.1371, 47.404], [8.1368, 47.404], [8.1366, 47.4041], [8.1364, 47.4041], [8.136, 47.4041], [8.1357, 47.4042], [8.1354, 47.4042]], [[8.1354, 47.4042], [8.1351, 47.4042], [8.1348, 47.4042]], [[8.1348, 47.4042], [8.1346, 47.4042], [8.1343, 47.4042], [8.1341, 47.4042], [8.1339, 47.4042], [8.1336, 47.4042]], [[8.1336, 47.4042], [8.1333, 47.4042], [8.1331, 47.4042], [8.1329, 47.4042]], [[8.1329, 47.4042], [8.1326, 47.4042], [8.1324, 47.4042], [8.132, 47.4041]], [[8.132, 47.4041], [8.1316, 47.4041], [8.1313, 47.4041], [8.1309, 47.404], [8.1305, 47.404], [8.1302, 47.4039], [8.1299, 47.4039]], [[8.1299, 47.4039], [8.1292, 47.4038]], [[8.1292, 47.4038], [8.1285, 47.4037], [8.1278, 47.4036], [8.1277, 47.4035], [8.1275, 47.4035], [8.1267, 47.4033], [8.1262, 47.4032], [8.1257, 47.4031], [8.1246, 47.4029], [8.124, 47.4027], [8.1235, 47.4026], [8.123, 47.4025], [8.1227, 47.4025], [8.1226, 47.4024], [8.1221, 47.4024], [8.1217, 47.4023], [8.1215, 47.4022]], [[8.1215, 47.4022], [8.1206, 47.4021], [8.1204, 47.4021], [8.1202, 47.402], [8.1196, 47.4019], [8.1191, 47.4018], [8.1187, 47.4018], [8.1177, 47.4016], [8.1166, 47.4015]], [[8.1166, 47.4015], [8.1163, 47.4014]], [[8.1163, 47.4014], [8.1126, 47.4009], [8.0927, 47.398], [8.0926, 47.398], [8.0864, 47.3971]], [[8.0864, 47.3971], [8.0832, 47.3966]], [[8.0832, 47.3966], [8.0826, 47.3965]], [[8.0826, 47.3965], [8.082, 47.3964]], [[8.082, 47.3964], [8.0818, 47.3964], [8.0812, 47.3963]], [[8.0812, 47.3963], [8.0795, 47.3961], [8.079, 47.396], [8.0785, 47.3959], [8.0775, 47.3958], [8.0758, 47.3956], [8.0752, 47.3955], [8.0748, 47.3955]], [[8.0748, 47.3955], [8.0745, 47.3954], [8.0742, 47.3954]], [[8.0742, 47.3954], [8.0733, 47.3953], [8.073, 47.3952], [8.0717, 47.395]], [[8.0717, 47.395], [8.0714, 47.395]], [[8.0714, 47.395], [8.0698, 47.3948], [8.0666, 47.3943]], [[8.0666, 47.3943], [8.0619, 47.3936], [8.0617, 47.3936], [8.0616, 47.3936], [8.0613, 47.3935], [8.0609, 47.3935], [8.0606, 47.3934], [8.0604, 47.3934], [8.0601, 47.3933], [8.0598, 47.3932], [8.0595, 47.3932], [8.059, 47.3931], [8.0585, 47.393]], [[8.0585, 47.393], [8.058, 47.3929], [8.0575, 47.3927]], [[8.0575, 47.3927], [8.0574, 47.3927]], [[8.0574, 47.3927], [8.0562, 47.3924], [8.0552, 47.3922], [8.0549, 47.3921], [8.0544, 47.3919]], [[8.0544, 47.3919], [8.0542, 47.3919], [8.0537, 47.3917]], [[8.0537, 47.3917], [8.053, 47.3915], [8.0527, 47.3914], [8.0517, 47.3912]], [[8.0517, 47.3912], [8.0504, 47.3908], [8.0496, 47.3906], [8.0489, 47.3904], [8.0482, 47.3902]], [[8.2782, 47.4285], [8.2783, 47.4286], [8.2783, 47.4285], [8.2779, 47.4285], [8.2769, 47.4283], [8.2742, 47.4278], [8.2747, 47.4279], [8.2748, 47.4279], [8.2752, 47.428], [8.2757, 47.4281], [8.2758, 47.4281], [8.2766, 47.4282], [8.2779, 47.4285], [8.2782, 47.4285]], [[8.3524, 47.4343], [8.3534, 47.434], [8.3538, 47.4338], [8.3548, 47.4335], [8.3553, 47.4333], [8.356, 47.4331], [8.357, 47.4327], [8.357, 47.4326], [8.3555, 47.4332], [8.3553, 47.4333], [8.3547, 47.4335], [8.3543, 47.4336], [8.3524, 47.4343]], [[8.4194, 47.399], [8.4198, 47.399], [8.4213, 47.3987], [8.4221, 47.3986], [8.4235, 47.3984], [8.4239, 47.3983], [8.424, 47.3983], [8.4235, 47.3984], [8.4221, 47.3987], [8.4213, 47.3988], [8.4198, 47.399], [8.4194, 47.3991], [8.4194, 47.399]], [[8.5152, 47.3858], [8.516, 47.3856], [8.5168, 47.3854], [8.517, 47.3853], [8.517, 47.3854], [8.517, 47.3853], [8.5172, 47.3853], [8.5174, 47.3852], [8.5176, 47.3852], [8.5179, 47.3851], [8.5184, 47.385], [8.5191, 47.3848], [8.5192, 47.3848], [8.5191, 47.3848], [8.5189, 47.3849], [8.5188, 47.3849], [8.5187, 47.3849], [8.5186, 47.385], [8.5185, 47.385], [8.5175, 47.3853], [8.5174, 47.3853], [8.5172, 47.3853], [8.517, 47.3854], [8.5169, 47.3854], [8.5167, 47.3855], [8.5166, 47.3855], [8.5161, 47.3856], [8.516, 47.3856], [8.5152, 47.3858]], [[8.7611, 47.5083], [8.7611, 47.5084], [8.7606, 47.5078], [8.7598, 47.507], [8.7596, 47.5067], [8.7593, 47.5064], [8.7589, 47.5058], [8.7593, 47.5063], [8.7602, 47.5073], [8.7605, 47.5076], [8.7607, 47.5079], [8.7611, 47.5083]], [[8.0575, 47.3927], [8.0577, 47.3928], [8.0582, 47.3929], [8.0584, 47.393]], [[8.0584, 47.393], [8.0586, 47.393]], [[8.0586, 47.393], [8.0587, 47.3931], [8.059, 47.3931], [8.0595, 47.3932], [8.0601, 47.3933], [8.0603, 47.3934], [8.0606, 47.3934], [8.0609, 47.3935], [8.0612, 47.3936], [8.0616, 47.3936], [8.0617, 47.3936], [8.0619, 47.3937], [8.0698, 47.3948], [8.0707, 47.3949], [8.0718, 47.3951]], [[8.0718, 47.3951], [8.073, 47.3953], [8.0741, 47.3954]], [[8.0741, 47.3954], [8.0744, 47.3955], [8.0748, 47.3955]], [[8.0748, 47.3955], [8.0751, 47.3956], [8.0757, 47.3957], [8.0775, 47.3959], [8.0785, 47.396], [8.079, 47.3961], [8.0795, 47.3961], [8.0811, 47.3964]], [[8.0811, 47.3964], [8.0819, 47.3965]], [[8.0819, 47.3965], [8.0825, 47.3966], [8.0826, 47.3966]], [[8.0826, 47.3966], [8.0832, 47.3967]], [[8.0832, 47.3967], [8.0926, 47.398], [8.1125, 47.4009], [8.1126, 47.4009], [8.1162, 47.4015]], [[8.1162, 47.4015], [8.1166, 47.4015]], [[8.1166, 47.4015], [8.1177, 47.4017], [8.1187, 47.4018], [8.1191, 47.4019], [8.1198, 47.402]], [[8.1198, 47.402], [8.1203, 47.4021], [8.1206, 47.4021], [8.1209, 47.4022], [8.1213, 47.4023], [8.1217, 47.4023], [8.1221, 47.4024], [8.1225, 47.4025], [8.1226, 47.4025], [8.123, 47.4026], [8.1235, 47.4027], [8.124, 47.4028], [8.1246, 47.4029], [8.1257, 47.4031], [8.1262, 47.4033], [8.1267, 47.4034], [8.1275, 47.4035], [8.1277, 47.4036], [8.1278, 47.4036], [8.1281, 47.4037], [8.1285, 47.4037], [8.1292, 47.4038]], [[8.1292, 47.4038], [8.13, 47.404]], [[8.13, 47.404], [8.1302, 47.404]], [[8.1302, 47.404], [8.1305, 47.404], [8.1309, 47.4041], [8.1313, 47.4041], [8.1315, 47.4041], [8.1317, 47.4042], [8.132, 47.4042], [8.1324, 47.4042], [8.1326, 47.4042], [8.133, 47.4043]], [[8.133, 47.4043], [8.1333, 47.4043], [8.1335, 47.4043], [8.1337, 47.4043]], [[8.1337, 47.4043], [8.1339, 47.4043], [8.1342, 47.4043], [8.1343, 47.4043], [8.1346, 47.4043], [8.1348, 47.4043]], [[8.1348, 47.4043], [8.1351, 47.4042], [8.1354, 47.4042]], [[8.1354, 47.4042], [8.1357, 47.4042], [8.136, 47.4042], [8.1364, 47.4041], [8.1366, 47.4041], [8.1368, 47.4041], [8.1371, 47.404], [8.1374, 47.404], [8.1377, 47.4039], [8.138, 47.4039], [8.1383, 47.4038], [8.1386, 47.4037], [8.1388, 47.4037], [8.139, 47.4036], [8.1393, 47.4035], [8.1395, 47.4035], [8.1398, 47.4034], [8.14, 47.4033], [8.1404, 47.4032], [8.1407, 47.403], [8.1411, 47.4029], [8.1414, 47.4028], [8.1417, 47.4027], [8.1419, 47.4025], [8.1422, 47.4024], [8.1425, 47.4022], [8.1429, 47.402]], [[8.1429, 47.402], [8.1431, 47.4019]], [[8.1431, 47.4019], [8.1434, 47.4017], [8.1437, 47.4015], [8.1439, 47.4014], [8.1441, 47.4012], [8.1443, 47.4011], [8.1446, 47.4009], [8.1455, 47.4002], [8.1458, 47.3999], [8.1463, 47.3996], [8.1469, 47.3992], [8.1476, 47.3988], [8.1483, 47.3985], [8.1489, 47.3982], [8.1495, 47.398], [8.1502, 47.3977], [8.151, 47.3975], [8.1553, 47.3961], [8.1577, 47.3954], [8.161, 47.3943]], [[8.161, 47.3943], [8.1615, 47.3942]], [[8.1615, 47.3942], [8.1619, 47.394], [8.1622, 47.3939]], [[8.1622, 47.3939], [8.1626, 47.3938]], [[8.1626, 47.3938], [8.1632, 47.3936]], [[8.1632, 47.3936], [8.1641, 47.3933], [8.1646, 47.3932], [8.1649, 47.3931], [8.1651, 47.393], [8.1657, 47.3929], [8.1671, 47.3925]], [[8.1671, 47.3925], [8.1687, 47.392], [8.1691, 47.3919], [8.1695, 47.3918], [8.1699, 47.3917], [8.17, 47.3916], [8.1702, 47.3916], [8.171, 47.3913], [8.1715, 47.3911], [8.172, 47.3909]], [[8.172, 47.3909], [8.1722, 47.3909], [8.1725, 47.3908], [8.1726, 47.3907], [8.1728, 47.3907], [8.173, 47.3906], [8.1732, 47.3906], [8.1734, 47.3905], [8.1736, 47.3905]], [[8.1736, 47.3905], [8.1738, 47.3904], [8.174, 47.3904], [8.1742, 47.3904], [8.1743, 47.3903], [8.1745, 47.3903], [8.1747, 47.3903], [8.175, 47.3902], [8.1752, 47.3902], [8.1754, 47.3902], [8.1757, 47.3902], [8.1761, 47.3902], [8.1768, 47.3902], [8.1773, 47.3902], [8.1774, 47.3902], [8.178, 47.3903], [8.1791, 47.3904], [8.1802, 47.3906]], [[8.1809, 47.3907], [8.1826, 47.391]], [[8.1826, 47.391], [8.1842, 47.3912], [8.1922, 47.3925], [8.1926, 47.3925]], [[8.1926, 47.3925], [8.1957, 47.393], [8.1983, 47.3934], [8.1984, 47.3934]], [[8.1984, 47.3934], [8.1991, 47.3935], [8.1996, 47.3936]], [[8.1996, 47.3936], [8.1997, 47.3937], [8.1999, 47.3937], [8.2002, 47.3938], [8.2005, 47.3939], [8.2007, 47.3939], [8.201, 47.394], [8.2014, 47.3941], [8.2015, 47.3942], [8.2017, 47.3943], [8.2018, 47.3943], [8.202, 47.3944], [8.2021, 47.3945], [8.2023, 47.3945], [8.2024, 47.3946], [8.2025, 47.3947], [8.2027, 47.3947], [8.2028, 47.3948], [8.2029, 47.3949], [8.203, 47.3949], [8.2032, 47.395], [8.2033, 47.3951], [8.2034, 47.3952], [8.2035, 47.3953]], [[8.2035, 47.3953], [8.2037, 47.3954], [8.2039, 47.3955], [8.204, 47.3956], [8.2041, 47.3957], [8.2043, 47.3958], [8.2044, 47.3959], [8.2046, 47.3961], [8.2047, 47.3962]], [[8.2047, 47.3962], [8.2048, 47.3963], [8.2049, 47.3964], [8.205, 47.3966], [8.2051, 47.3967], [8.2052, 47.3968], [8.2053, 47.3969], [8.2054, 47.3971], [8.2055, 47.3972], [8.2056, 47.3973], [8.2057, 47.3974], [8.2057, 47.3975], [8.2058, 47.3976], [8.2059, 47.3979], [8.206, 47.3981], [8.2062, 47.3984], [8.2063, 47.3988], [8.2064, 47.399], [8.2065, 47.3992], [8.2066, 47.3994], [8.2067, 47.3997], [8.2068, 47.3999], [8.207, 47.4001], [8.2071, 47.4005], [8.2073, 47.4008], [8.2075, 47.4011], [8.2076, 47.4013], [8.2077, 47.4015], [8.2079, 47.4019], [8.2082, 47.4024], [8.2083, 47.4026], [8.2085, 47.4028], [8.2085, 47.403], [8.2086, 47.4031], [8.2087, 47.4032], [8.2088, 47.4033], [8.2088, 47.4034], [8.2089, 47.4034], [8.209, 47.4035], [8.209, 47.4036], [8.2091, 47.4037]], [[8.2091, 47.4037], [8.2092, 47.4038], [8.2094, 47.404], [8.2094, 47.4041], [8.2095, 47.4042]], [[8.2095, 47.4042], [8.2097, 47.4044], [8.2099, 47.4045]], [[8.2099, 47.4045], [8.21, 47.4046], [8.2101, 47.4047], [8.2102, 47.4048], [8.2104, 47.4049], [8.2105, 47.405], [8.2107, 47.4051]], [[8.2107, 47.4051], [8.2111, 47.4053], [8.2117, 47.4057], [8.2122, 47.406]], [[8.2122, 47.406], [8.2124, 47.4061], [8.2133, 47.4067]], [[8.2133, 47.4067], [8.2143, 47.4073], [8.2145, 47.4075], [8.2157, 47.4082], [8.216, 47.4084], [8.2161, 47.4085]], [[8.2161, 47.4085], [8.2166, 47.4088], [8.2169, 47.409], [8.2171, 47.409], [8.2172, 47.4091], [8.2174, 47.4092], [8.2176, 47.4093]], [[8.2176, 47.4093], [8.2177, 47.4094], [8.2179, 47.4095], [8.218, 47.4095], [8.2182, 47.4096], [8.2184, 47.4097], [8.2186, 47.4098]], [[8.2186, 47.4098], [8.2187, 47.4099], [8.2189, 47.4099], [8.2191, 47.41], [8.2193, 47.4101], [8.2194, 47.4101], [8.2196, 47.4102], [8.2197, 47.4102], [8.2198, 47.4102]], [[8.2198, 47.4102], [8.2201, 47.4103], [8.2204, 47.4104], [8.2206, 47.4105], [8.2209, 47.4106], [8.2211, 47.4106], [8.2214, 47.4107], [8.2216, 47.4108], [8.2224, 47.411], [8.2265, 47.4121]], [[8.2265, 47.4121], [8.2266, 47.4122]], [[8.2266, 47.4122], [8.2267, 47.4122]], [[8.2267, 47.4122], [8.2276, 47.4125], [8.2286, 47.4127], [8.2299, 47.4131]], [[8.2299, 47.4131], [8.2309, 47.4134]], [[8.2309, 47.4134], [8.2312, 47.4135]], [[8.2312, 47.4135], [8.2324, 47.4139]], [[8.2324, 47.4139], [8.2342, 47.4144]], [[8.2342, 47.4144], [8.2344, 47.4145], [8.2352, 47.4148], [8.2364, 47.4151], [8.2371, 47.4154], [8.2376, 47.4155], [8.2382, 47.4158], [8.2385, 47.4159], [8.2388, 47.416], [8.2394, 47.4163], [8.24, 47.4166], [8.2406, 47.4169]], [[8.2406, 47.4169], [8.241, 47.4171], [8.2411, 47.4172], [8.2416, 47.4175], [8.2422, 47.4179], [8.2424, 47.4181], [8.2429, 47.4184], [8.2432, 47.4187]], [[8.2432, 47.4187], [8.2435, 47.419], [8.2438, 47.4192], [8.2444, 47.4198]], [[8.2444, 47.4198], [8.2446, 47.4201]], [[8.2446, 47.4201], [8.245, 47.4205], [8.2456, 47.4211], [8.246, 47.4216], [8.2464, 47.4221]], [[8.2464, 47.4221], [8.247, 47.4227]], [[8.247, 47.4227], [8.2473, 47.423], [8.2477, 47.4233], [8.2481, 47.4237], [8.2482, 47.4237]], [[8.2484, 47.4239], [8.2489, 47.4242], [8.2495, 47.4246], [8.2501, 47.425], [8.2508, 47.4253], [8.2513, 47.4256], [8.2515, 47.4256], [8.2527, 47.4261]], [[8.2527, 47.4261], [8.2528, 47.4261], [8.2533, 47.4263], [8.2537, 47.4264]], [[8.2537, 47.4264], [8.2542, 47.4265], [8.2548, 47.4266], [8.2553, 47.4267], [8.2559, 47.4268], [8.2567, 47.4269], [8.2574, 47.427], [8.2582, 47.427], [8.2589, 47.427], [8.2603, 47.427], [8.2607, 47.427]], [[8.2607, 47.427], [8.2636, 47.4269]], [[8.2636, 47.4269], [8.2652, 47.4268], [8.2658, 47.4268], [8.267, 47.4268], [8.2677, 47.4268], [8.2684, 47.4268]], [[8.2684, 47.4268], [8.2687, 47.4268]], [[8.2687, 47.4268], [8.2692, 47.4269], [8.2696, 47.4269], [8.2699, 47.4269], [8.2702, 47.427], [8.2708, 47.4271]], [[8.2735, 47.4276], [8.2758, 47.4281], [8.2769, 47.4283], [8.2779, 47.4284], [8.2785, 47.4285]], [[8.3425, 47.4377], [8.3429, 47.4376], [8.3434, 47.4375]], [[8.3434, 47.4375], [8.3439, 47.4374], [8.3442, 47.4373], [8.3445, 47.4372], [8.3447, 47.4371], [8.3449, 47.437], [8.3452, 47.4369], [8.3455, 47.4368], [8.3458, 47.4367], [8.346, 47.4367], [8.3464, 47.4365]], [[8.3464, 47.4365], [8.347, 47.4363], [8.3474, 47.4361], [8.3479, 47.4359], [8.3492, 47.4354]], [[8.3492, 47.4354], [8.3497, 47.4353]], [[8.3497, 47.4353], [8.3499, 47.4352]], [[8.3499, 47.4352], [8.3507, 47.4349]], [[8.3507, 47.4349], [8.3509, 47.4348], [8.3511, 47.4348], [8.3512, 47.4347], [8.3519, 47.4344], [8.3521, 47.4344], [8.3523, 47.4343]], [[8.3523, 47.4343], [8.3543, 47.4336], [8.3572, 47.4326]], [[8.3572, 47.4326], [8.3579, 47.4323]], [[8.3579, 47.4323], [8.3583, 47.4322], [8.3586, 47.432], [8.3597, 47.4316], [8.3605, 47.4313], [8.361, 47.4311], [8.3622, 47.4307]], [[8.3622, 47.4307], [8.3787, 47.4248], [8.3819, 47.4237], [8.3834, 47.4232], [8.3841, 47.4229], [8.3845, 47.4227], [8.3849, 47.4226], [8.3855, 47.4223]], [[8.3874, 47.4211], [8.3876, 47.421], [8.3878, 47.4209], [8.3881, 47.4206], [8.3885, 47.4203], [8.3893, 47.4197], [8.3904, 47.4189], [8.3998, 47.4122]], [[8.3998, 47.4122], [8.4003, 47.4118], [8.4008, 47.4114], [8.401, 47.4113], [8.4013, 47.4111], [8.4015, 47.4109], [8.4017, 47.4107], [8.4019, 47.4106], [8.402, 47.4104], [8.4024, 47.4101], [8.4025, 47.41], [8.4027, 47.4098], [8.4027, 47.4097], [8.4028, 47.4096], [8.4029, 47.4095], [8.403, 47.4094], [8.4031, 47.4093], [8.4032, 47.4092], [8.4032, 47.4091], [8.4033, 47.409], [8.4034, 47.4089], [8.4035, 47.4087], [8.4036, 47.4086], [8.4039, 47.4082]], [[8.4039, 47.4082], [8.404, 47.408], [8.4042, 47.4078]], [[8.4042, 47.4078], [8.4042, 47.4077]], [[8.4042, 47.4077], [8.4044, 47.4074], [8.4046, 47.407], [8.4048, 47.4066], [8.405, 47.4063], [8.4053, 47.4059], [8.4059, 47.4046], [8.4064, 47.4038], [8.4066, 47.4035], [8.4066, 47.4034], [8.4067, 47.4032], [8.4068, 47.4031], [8.4069, 47.403]], [[8.4069, 47.403], [8.4069, 47.4029], [8.407, 47.4028], [8.4071, 47.4027], [8.4072, 47.4025]], [[8.4072, 47.4025], [8.4074, 47.4023], [8.4076, 47.4021], [8.4078, 47.4019], [8.408, 47.4018], [8.4081, 47.4018], [8.4082, 47.4017], [8.4083, 47.4016], [8.4084, 47.4015], [8.4086, 47.4014], [8.4087, 47.4013], [8.4089, 47.4012], [8.409, 47.4011], [8.4091, 47.4011], [8.4092, 47.401], [8.4094, 47.401], [8.4096, 47.4009], [8.4097, 47.4008], [8.41, 47.4007]], [[8.41, 47.4007], [8.4102, 47.4006]], [[8.4102, 47.4006], [8.4104, 47.4006], [8.4106, 47.4005], [8.411, 47.4004], [8.4113, 47.4003], [8.4116, 47.4003], [8.4117, 47.4002], [8.4118, 47.4002], [8.4119, 47.4002], [8.4122, 47.4001], [8.4126, 47.4001]], [[8.4126, 47.4001], [8.4173, 47.3993], [8.418, 47.3992], [8.4185, 47.3991]], [[8.4185, 47.3991], [8.4204, 47.3988], [8.4221, 47.3986], [8.4235, 47.3984], [8.4249, 47.3981]], [[8.4249, 47.3981], [8.4252, 47.3981], [8.4255, 47.398], [8.4258, 47.398], [8.4262, 47.398], [8.4263, 47.3979], [8.4265, 47.3979], [8.4269, 47.3979], [8.4274, 47.3979], [8.4279, 47.3978], [8.428, 47.3978], [8.4283, 47.3978], [8.4285, 47.3978], [8.4286, 47.3978], [8.4288, 47.3978], [8.4289, 47.3978], [8.4291, 47.3978], [8.4292, 47.3979], [8.4294, 47.3979], [8.4295, 47.3979], [8.4296, 47.3979], [8.4298, 47.3979], [8.4299, 47.3979], [8.4301, 47.3979], [8.4305, 47.398], [8.4311, 47.3981], [8.4313, 47.3981], [8.4318, 47.3981], [8.4322, 47.3982], [8.4327, 47.3982], [8.4331, 47.3982], [8.4337, 47.3983], [8.4343, 47.3983], [8.4349, 47.3984], [8.4359, 47.3985], [8.438, 47.3986]], [[8.438, 47.3986], [8.4382, 47.3986]], [[8.4382, 47.3986], [8.4396, 47.3988], [8.44, 47.3988], [8.4413, 47.3989]], [[8.4413, 47.3989], [8.4414, 47.399], [8.4418, 47.399], [8.4422, 47.399], [8.4424, 47.399], [8.4433, 47.3991], [8.4465, 47.3993], [8.4484, 47.3995], [8.4487, 47.3995], [8.4491, 47.3995], [8.4494, 47.3995], [8.4496, 47.3995]], [[8.4496, 47.3995], [8.4502, 47.3996], [8.4506, 47.3996], [8.4509, 47.3996], [8.4515, 47.3996], [8.4517, 47.3996], [8.452, 47.3996], [8.4522, 47.3997], [8.4546, 47.3998]], [[8.4546, 47.3998], [8.4557, 47.3999], [8.4559, 47.3999], [8.456, 47.3999], [8.4562, 47.3999], [8.4563, 47.3999], [8.4565, 47.4], [8.4566, 47.4], [8.4567, 47.4], [8.4569, 47.4], [8.457, 47.4], [8.4572, 47.4], [8.4574, 47.4], [8.4576, 47.3999], [8.4577, 47.3999], [8.4579, 47.3999], [8.4581, 47.3999], [8.4583, 47.3999], [8.4586, 47.3999], [8.4589, 47.3998], [8.4591, 47.3998], [8.4594, 47.3997], [8.4596, 47.3997], [8.4597, 47.3997], [8.4598, 47.3996], [8.4601, 47.3996], [8.4603, 47.3995], [8.4605, 47.3995], [8.4607, 47.3994], [8.461, 47.3993], [8.4614, 47.3992]], [[8.4614, 47.3992], [8.463, 47.3988], [8.4637, 47.3985], [8.4642, 47.3984], [8.4646, 47.3983], [8.4649, 47.3982], [8.4653, 47.3981], [8.4702, 47.3968], [8.473, 47.396], [8.4743, 47.3957], [8.475, 47.3954], [8.4758, 47.3952], [8.477, 47.3949]], [[8.477, 47.3949], [8.4772, 47.3948]], [[8.4772, 47.3948], [8.478, 47.3946], [8.4785, 47.3945], [8.4789, 47.3944], [8.4791, 47.3943], [8.4803, 47.394], [8.481, 47.3938]], [[8.481, 47.3938], [8.4813, 47.3937]], [[8.4813, 47.3937], [8.4822, 47.3935], [8.4832, 47.3932], [8.4848, 47.3928]], [[8.4848, 47.3928], [8.485, 47.3928]], [[8.485, 47.3928], [8.4871, 47.3922]], [[8.4871, 47.3922], [8.4874, 47.3922]], [[8.4874, 47.3922], [8.4892, 47.3917], [8.4899, 47.3915], [8.4903, 47.3914], [8.4907, 47.3913], [8.491, 47.3912], [8.4914, 47.391]], [[8.4914, 47.391], [8.4919, 47.3909], [8.4922, 47.3908], [8.4927, 47.3907]], [[8.4927, 47.3907], [8.4931, 47.3906], [8.4933, 47.3905], [8.4935, 47.3905], [8.4938, 47.3904], [8.4942, 47.3903], [8.4949, 47.3902], [8.4953, 47.3901], [8.4955, 47.3901], [8.4957, 47.3901], [8.4961, 47.39], [8.4963, 47.39], [8.4966, 47.3899]], [[8.4966, 47.3899], [8.4968, 47.3899], [8.4972, 47.3899], [8.4976, 47.3898]], [[8.4976, 47.3898], [8.4982, 47.3898], [8.4989, 47.3897], [8.4992, 47.3897], [8.4996, 47.3896], [8.5, 47.3896], [8.5005, 47.3895], [8.5009, 47.3894], [8.5019, 47.3891]], [[8.5019, 47.3891], [8.5024, 47.389], [8.5026, 47.389], [8.5029, 47.3889], [8.5031, 47.3889], [8.5032, 47.3888], [8.5033, 47.3888], [8.5035, 47.3888], [8.5038, 47.3887]], [[8.5038, 47.3887], [8.5039, 47.3887], [8.5041, 47.3887], [8.5044, 47.3887], [8.5047, 47.3886], [8.5058, 47.3885], [8.5061, 47.3885], [8.5063, 47.3884], [8.5066, 47.3884], [8.5069, 47.3883], [8.5071, 47.3883], [8.5074, 47.3883], [8.5076, 47.3882], [8.5079, 47.3881]], [[8.5079, 47.3881], [8.508, 47.3881], [8.5081, 47.3881], [8.5083, 47.388], [8.5085, 47.388], [8.5087, 47.3879], [8.5088, 47.3879], [8.509, 47.3878], [8.5093, 47.3877], [8.5094, 47.3877], [8.5095, 47.3876], [8.5098, 47.3875], [8.5102, 47.3874]], [[8.5102, 47.3874], [8.5105, 47.3873], [8.5108, 47.3872], [8.5112, 47.387], [8.5117, 47.3868]], [[8.5117, 47.3868], [8.5118, 47.3868], [8.512, 47.3867], [8.5123, 47.3867], [8.5128, 47.3865], [8.5133, 47.3863], [8.5135, 47.3863], [8.5136, 47.3862], [8.5139, 47.3862], [8.5141, 47.3861], [8.5144, 47.386], [8.5147, 47.3859], [8.5149, 47.3859]], [[8.5149, 47.3859], [8.5151, 47.3858], [8.5156, 47.3857], [8.516, 47.3857], [8.5161, 47.3856], [8.5163, 47.3856], [8.517, 47.3854], [8.5175, 47.3853], [8.5184, 47.385], [8.5186, 47.385], [8.5187, 47.3849], [8.5189, 47.3849], [8.519, 47.3849], [8.5192, 47.3848], [8.5193, 47.3848], [8.5195, 47.3847]], [[8.5195, 47.3847], [8.5199, 47.3846], [8.5201, 47.3845], [8.5202, 47.3845], [8.5204, 47.3844], [8.5205, 47.3844], [8.5206, 47.3843], [8.5208, 47.3843], [8.521, 47.3842]], [[8.521, 47.3842], [8.5218, 47.384]], [[8.5218, 47.384], [8.523, 47.3837], [8.5235, 47.3836], [8.5239, 47.3835], [8.5241, 47.3834], [8.5244, 47.3833], [8.5246, 47.3832], [8.5248, 47.3831], [8.525, 47.3831], [8.5252, 47.383], [8.5253, 47.383], [8.5254, 47.3829], [8.5257, 47.3828], [8.5258, 47.3827], [8.526, 47.3827], [8.5264, 47.3825], [8.5266, 47.3824], [8.5267, 47.3823], [8.5271, 47.3821], [8.5275, 47.3819]], [[8.5275, 47.3819], [8.5276, 47.3818]], [[8.5276, 47.3818], [8.5279, 47.3817], [8.528, 47.3816], [8.5282, 47.3816], [8.5283, 47.3815], [8.5284, 47.3815], [8.5286, 47.3814], [8.5287, 47.3814], [8.5288, 47.3814], [8.5291, 47.3813]], [[8.5291, 47.3813], [8.5293, 47.3813], [8.5295, 47.3812], [8.5296, 47.3812], [8.5305, 47.381]], [[8.5305, 47.381], [8.5307, 47.381], [8.531, 47.3809], [8.5313, 47.3809], [8.5323, 47.3806]], [[8.5965, 47.3982], [8.5967, 47.3985], [8.5969, 47.3987]], [[8.5969, 47.3987], [8.597, 47.3988], [8.5971, 47.3991]], [[8.5971, 47.3991], [8.5973, 47.3993]], [[8.5973, 47.3993], [8.5975, 47.3995], [8.5977, 47.3998], [8.5978, 47.4], [8.5981, 47.4003], [8.5982, 47.4005], [8.5984, 47.4006], [8.5985, 47.4007], [8.5986, 47.4009], [8.5988, 47.401], [8.5989, 47.4011], [8.599, 47.4012], [8.5992, 47.4014], [8.5994, 47.4016], [8.5995, 47.4017], [8.5997, 47.4018]], [[8.5997, 47.4018], [8.5998, 47.4019], [8.5999, 47.402], [8.6001, 47.402], [8.6003, 47.4022], [8.6004, 47.4023], [8.6006, 47.4024], [8.601, 47.4026], [8.6019, 47.403]], [[8.6019, 47.403], [8.6022, 47.4032]], [[8.6022, 47.4032], [8.6025, 47.4034], [8.6042, 47.4042], [8.6047, 47.4045], [8.6052, 47.4047], [8.6055, 47.4048], [8.6062, 47.4051], [8.6065, 47.4052], [8.6066, 47.4053], [8.6069, 47.4054], [8.6075, 47.4056], [8.6078, 47.4057], [8.608, 47.4058], [8.6085, 47.406], [8.6088, 47.4061], [8.6091, 47.4062], [8.6093, 47.4063], [8.6096, 47.4064], [8.6099, 47.4066]], [[8.6105, 47.4068], [8.6102, 47.4067], [8.6099, 47.4066]], [[8.6131, 47.4084], [8.6129, 47.4082], [8.6128, 47.4081], [8.6126, 47.408], [8.6125, 47.4079]], [[8.6131, 47.4084], [8.6132, 47.4084]], [[8.6132, 47.4084], [8.6134, 47.4086], [8.6135, 47.4087], [8.6136, 47.4088]], [[8.6136, 47.4088], [8.6137, 47.4089], [8.6138, 47.409], [8.6139, 47.4091], [8.614, 47.4092], [8.6141, 47.4093], [8.6142, 47.4094], [8.6143, 47.4095], [8.6144, 47.4096], [8.6144, 47.4097], [8.6145, 47.4098], [8.6146, 47.4099], [8.6147, 47.41], [8.6147, 47.4102], [8.6148, 47.4103], [8.6149, 47.4104], [8.6149, 47.4105], [8.615, 47.4106], [8.615, 47.4107], [8.6151, 47.4109], [8.6151, 47.411], [8.6152, 47.4112], [8.6152, 47.4113], [8.6153, 47.4115], [8.6153, 47.4116], [8.6153, 47.4118], [8.6154, 47.4121], [8.6154, 47.4125], [8.6155, 47.4128], [8.6155, 47.413], [8.6155, 47.4131], [8.6156, 47.4133], [8.6156, 47.4134], [8.6157, 47.4136]], [[8.6157, 47.4136], [8.6157, 47.4137], [8.6158, 47.4139], [8.6158, 47.414], [8.6159, 47.4141], [8.6159, 47.4143], [8.616, 47.4143], [8.616, 47.4144], [8.6161, 47.4145], [8.6161, 47.4146], [8.6161, 47.4147], [8.6162, 47.4148], [8.6163, 47.4149], [8.6164, 47.4151], [8.6165, 47.4152], [8.6165, 47.4153], [8.6168, 47.4157]], [[8.6168, 47.4157], [8.6169, 47.4158]], [[8.6169, 47.4158], [8.617, 47.416]], [[8.617, 47.416], [8.6173, 47.4164]], [[8.6173, 47.4164], [8.6173, 47.4165]], [[8.6173, 47.4165], [8.6175, 47.4168], [8.6177, 47.4172]], [[8.6177, 47.4172], [8.618, 47.4177], [8.6182, 47.4179], [8.6185, 47.4186]], [[8.6185, 47.4186], [8.6188, 47.419], [8.619, 47.4194], [8.6195, 47.4202], [8.6202, 47.4214]], [[8.6202, 47.4214], [8.6204, 47.4218], [8.6205, 47.4221], [8.6207, 47.4223], [8.6208, 47.4225], [8.6209, 47.4226], [8.6211, 47.4228], [8.6212, 47.423], [8.6213, 47.4231], [8.6214, 47.4232], [8.6216, 47.4233]], [[8.6216, 47.4233], [8.6218, 47.4235], [8.6219, 47.4237]], [[8.6219, 47.4237], [8.6221, 47.4238], [8.6222, 47.4239], [8.6224, 47.4241], [8.6225, 47.4242], [8.6226, 47.4242], [8.6228, 47.4243], [8.623, 47.4245], [8.6232, 47.4246], [8.6234, 47.4248], [8.6236, 47.4249], [8.6239, 47.425]], [[8.6239, 47.4251], [8.6239, 47.425]], [[8.6315, 47.4268], [8.6313, 47.4268], [8.631, 47.4268], [8.6308, 47.4268], [8.6305, 47.4268], [8.6303, 47.4267], [8.63, 47.4267], [8.6298, 47.4267], [8.6296, 47.4267], [8.6294, 47.4267], [8.6292, 47.4267], [8.629, 47.4266], [8.6287, 47.4266], [8.6285, 47.4265], [8.6282, 47.4265], [8.628, 47.4265], [8.6278, 47.4264], [8.6276, 47.4264], [8.6274, 47.4263], [8.6272, 47.4263], [8.627, 47.4262], [8.6267, 47.4262], [8.6265, 47.4261], [8.6264, 47.426], [8.6262, 47.426], [8.626, 47.4259], [8.6258, 47.4259], [8.6256, 47.4258], [8.6255, 47.4257], [8.6251, 47.4256], [8.625, 47.4255], [8.6248, 47.4255], [8.6246, 47.4254], [8.6244, 47.4253], [8.6242, 47.4252], [8.6239, 47.4251]], [[8.6315, 47.4268], [8.6317, 47.4268], [8.6319, 47.4268], [8.6321, 47.4268], [8.6323, 47.4268], [8.6325, 47.4267], [8.6327, 47.4267], [8.6329, 47.4267], [8.633, 47.4267], [8.6332, 47.4267], [8.6333, 47.4267], [8.6337, 47.4266], [8.634, 47.4266], [8.6358, 47.4263]], [[8.6358, 47.4263], [8.6361, 47.4263]], [[8.6361, 47.4263], [8.6369, 47.4262], [8.6387, 47.4259], [8.6427, 47.4254]], [[8.6427, 47.4254], [8.6428, 47.4253]], [[8.6428, 47.4253], [8.6466, 47.4248], [8.6493, 47.4244]], [[8.6493, 47.4244], [8.6498, 47.4244], [8.6501, 47.4243], [8.6504, 47.4243], [8.6511, 47.4242], [8.6518, 47.4241], [8.6524, 47.4241], [8.6525, 47.4241], [8.6532, 47.424], [8.6535, 47.424], [8.6564, 47.4236], [8.6573, 47.4235], [8.658, 47.4234], [8.6582, 47.4234]], [[8.6582, 47.4234], [8.6588, 47.4233], [8.6597, 47.4232], [8.6599, 47.4232], [8.6603, 47.4231], [8.6605, 47.4231], [8.6607, 47.4231], [8.6611, 47.423], [8.6614, 47.4229], [8.6617, 47.4229], [8.662, 47.4229], [8.6623, 47.4228], [8.6627, 47.4228], [8.6634, 47.4226]], [[8.6634, 47.4226], [8.6638, 47.4226], [8.6655, 47.4223], [8.6659, 47.4222], [8.6663, 47.4222], [8.6667, 47.4221], [8.6671, 47.422], [8.6683, 47.4218], [8.6689, 47.4217], [8.6695, 47.4216]], [[8.6695, 47.4216], [8.67, 47.4216]], [[8.67, 47.4216], [8.6739, 47.421], [8.6746, 47.4209], [8.675, 47.4209], [8.6751, 47.4209]], [[8.6751, 47.4209], [8.6752, 47.4208], [8.6754, 47.4208], [8.6756, 47.4208], [8.6759, 47.4208], [8.6761, 47.4208], [8.6763, 47.4207], [8.6766, 47.4207], [8.6768, 47.4207], [8.6771, 47.4207], [8.6773, 47.4207], [8.6776, 47.4207], [8.6777, 47.4207], [8.6778, 47.4207], [8.678, 47.4207], [8.6782, 47.4208], [8.6785, 47.4208], [8.6786, 47.4208], [8.6787, 47.4208], [8.6789, 47.4208], [8.6791, 47.4209], [8.6794, 47.4209], [8.6795, 47.4209], [8.6797, 47.421]], [[8.6797, 47.421], [8.68, 47.421], [8.6801, 47.421], [8.6802, 47.4211], [8.6803, 47.4211], [8.6804, 47.4211], [8.6805, 47.4211], [8.6807, 47.4212], [8.6809, 47.4212], [8.6811, 47.4213], [8.6812, 47.4213], [8.6814, 47.4214], [8.6816, 47.4214], [8.6817, 47.4215], [8.6818, 47.4215], [8.6819, 47.4216], [8.682, 47.4216]], [[8.682, 47.4216], [8.6821, 47.4217], [8.6823, 47.4217], [8.6824, 47.4218], [8.6825, 47.4218], [8.6826, 47.4219], [8.6827, 47.4219], [8.6828, 47.422], [8.683, 47.422], [8.6831, 47.4221], [8.6832, 47.4221], [8.6833, 47.4222], [8.6834, 47.4223], [8.6835, 47.4223], [8.6836, 47.4224], [8.6837, 47.4224], [8.6838, 47.4225], [8.6839, 47.4225], [8.684, 47.4226], [8.6841, 47.4227], [8.6842, 47.4228], [8.6843, 47.4228], [8.6844, 47.4229], [8.6845, 47.423], [8.6846, 47.4231], [8.6847, 47.4232], [8.6848, 47.4232], [8.6851, 47.4234], [8.6852, 47.4236], [8.6855, 47.4239]], [[8.6855, 47.4239], [8.6855, 47.424], [8.6856, 47.424], [8.6857, 47.4241], [8.6858, 47.4242], [8.6858, 47.4243], [8.6859, 47.4244], [8.686, 47.4245], [8.686, 47.4246], [8.6861, 47.4247], [8.6862, 47.4248], [8.6862, 47.4249], [8.6863, 47.425], [8.6864, 47.4251], [8.6864, 47.4252], [8.6869, 47.4262], [8.6872, 47.4267]], [[8.6872, 47.4267], [8.6876, 47.4273]], [[8.6876, 47.4273], [8.6876, 47.4274], [8.6877, 47.4275], [8.688, 47.4279], [8.6881, 47.4282], [8.6883, 47.4286]], [[8.6883, 47.4286], [8.6885, 47.4288], [8.689, 47.4297], [8.6896, 47.4307], [8.6901, 47.4318], [8.6905, 47.4324]], [[8.6905, 47.4324], [8.6906, 47.4327], [8.6907, 47.4329], [8.6908, 47.433], [8.6909, 47.4331], [8.6909, 47.4332], [8.691, 47.4333], [8.6911, 47.4335], [8.6912, 47.4335], [8.6912, 47.4336], [8.6914, 47.4338], [8.6915, 47.4339], [8.6916, 47.434], [8.6917, 47.4341], [8.6918, 47.4343], [8.692, 47.4344], [8.6921, 47.4345], [8.6922, 47.4346], [8.6923, 47.4346], [8.6924, 47.4347], [8.6926, 47.4348], [8.6927, 47.4349], [8.6929, 47.435], [8.693, 47.4351], [8.6931, 47.4352], [8.6932, 47.4352], [8.6933, 47.4353], [8.6935, 47.4354], [8.6936, 47.4354], [8.6938, 47.4355], [8.6939, 47.4356], [8.694, 47.4356], [8.6942, 47.4357], [8.6943, 47.4357], [8.6945, 47.4358], [8.6946, 47.4358], [8.6947, 47.4359], [8.6948, 47.4359], [8.6949, 47.436], [8.695, 47.436], [8.6951, 47.436], [8.6952, 47.436], [8.6954, 47.4361], [8.6956, 47.4361], [8.6958, 47.4362], [8.696, 47.4362], [8.6962, 47.4363], [8.6965, 47.4363], [8.6968, 47.4363]], [[8.6968, 47.4363], [8.6971, 47.4364], [8.6984, 47.4366], [8.6987, 47.4366], [8.6989, 47.4367], [8.6992, 47.4367], [8.6994, 47.4367], [8.6996, 47.4368], [8.6998, 47.4368], [8.7, 47.4369], [8.7003, 47.437], [8.7007, 47.4371], [8.7009, 47.4372], [8.7011, 47.4373]], [[8.7011, 47.4373], [8.7014, 47.4374]], [[8.7014, 47.4374], [8.7016, 47.4375], [8.7019, 47.4376], [8.702, 47.4377], [8.7021, 47.4377], [8.7023, 47.4378], [8.7024, 47.4379], [8.7025, 47.438], [8.7027, 47.438], [8.703, 47.4382], [8.7031, 47.4384], [8.7033, 47.4385], [8.7034, 47.4386], [8.7035, 47.4387], [8.7037, 47.4389], [8.7038, 47.439], [8.7039, 47.4391], [8.7041, 47.4393], [8.7042, 47.4394], [8.7043, 47.4396], [8.7044, 47.4397], [8.7045, 47.4398], [8.7046, 47.44], [8.7047, 47.4401], [8.7047, 47.4403], [8.7048, 47.4404], [8.7049, 47.4406], [8.7049, 47.4408], [8.705, 47.4409], [8.705, 47.441], [8.7051, 47.4412], [8.7051, 47.4414], [8.7051, 47.4415], [8.7051, 47.4417], [8.7051, 47.4419], [8.7051, 47.4421], [8.7051, 47.4422], [8.7051, 47.4423]], [[8.7051, 47.4423], [8.7051, 47.4424]], [[8.7051, 47.4424], [8.7051, 47.4425], [8.7051, 47.4426], [8.7051, 47.4427], [8.7051, 47.4429], [8.705, 47.443], [8.705, 47.4431], [8.705, 47.4433], [8.7049, 47.4434], [8.7049, 47.4436], [8.7043, 47.4456], [8.7042, 47.4458], [8.7042, 47.4459], [8.7042, 47.4461], [8.7041, 47.4462], [8.7041, 47.4464], [8.7041, 47.4466], [8.7041, 47.4468], [8.7041, 47.4469], [8.7041, 47.4471], [8.7041, 47.4472], [8.7041, 47.4474], [8.7041, 47.4476], [8.7041, 47.4477], [8.7041, 47.4478], [8.7042, 47.4479], [8.7042, 47.4481], [8.7043, 47.4485], [8.7044, 47.4488], [8.7048, 47.45]], [[8.7048, 47.45], [8.7048, 47.4501], [8.7052, 47.4511], [8.7054, 47.4519]], [[8.7054, 47.4519], [8.7058, 47.453], [8.7063, 47.4546]], [[8.7063, 47.4546], [8.7064, 47.455], [8.7068, 47.456]], [[8.7068, 47.456], [8.7074, 47.458], [8.7077, 47.4588], [8.7077, 47.459]], [[8.7077, 47.459], [8.7078, 47.4592], [8.7078, 47.4593], [8.7079, 47.4595], [8.7079, 47.4597], [8.708, 47.4598], [8.708, 47.4599], [8.708, 47.46], [8.708, 47.4601], [8.708, 47.4602], [8.7081, 47.4604], [8.7081, 47.4605], [8.7081, 47.4606], [8.7081, 47.4607], [8.7081, 47.4608], [8.7081, 47.461], [8.7081, 47.4611], [8.708, 47.4612], [8.708, 47.4613], [8.708, 47.4614], [8.708, 47.4615], [8.708, 47.4616], [8.708, 47.4617], [8.7079, 47.4618], [8.7079, 47.4619], [8.7078, 47.4621], [8.7078, 47.4622], [8.7077, 47.4623], [8.7077, 47.4625], [8.7076, 47.4626], [8.7075, 47.4629], [8.7074, 47.4632], [8.7073, 47.4633], [8.7073, 47.4634], [8.7072, 47.4635], [8.7072, 47.4636], [8.7071, 47.4637], [8.7071, 47.4638], [8.7071, 47.4639], [8.707, 47.464], [8.707, 47.4641], [8.707, 47.4642], [8.7069, 47.4644], [8.7069, 47.4645], [8.7069, 47.4646], [8.7069, 47.4647], [8.7069, 47.4648], [8.7069, 47.4649], [8.7069, 47.4652], [8.7067, 47.4673]], [[8.7067, 47.4674], [8.7066, 47.4682]], [[8.7065, 47.4699], [8.7064, 47.4708], [8.7064, 47.4715], [8.7063, 47.472], [8.7063, 47.4725]], [[8.7063, 47.4725], [8.7063, 47.4726]], [[8.7063, 47.4726], [8.7063, 47.4729], [8.7063, 47.4731]], [[8.7063, 47.4731], [8.7063, 47.4732], [8.7062, 47.4738]], [[8.7062, 47.4738], [8.7062, 47.4743], [8.7061, 47.4748], [8.7061, 47.4753], [8.7061, 47.4755], [8.7061, 47.4758], [8.7061, 47.476], [8.7061, 47.4762]], [[8.7061, 47.4762], [8.7061, 47.4763], [8.706, 47.4765], [8.7061, 47.4767], [8.7061, 47.4769], [8.7061, 47.4771], [8.7061, 47.4772], [8.7061, 47.4773]], [[8.7061, 47.4773], [8.7061, 47.4774], [8.7062, 47.4776], [8.7062, 47.4777], [8.7063, 47.4779], [8.7063, 47.4781], [8.7064, 47.4783], [8.7065, 47.4785], [8.7066, 47.4787], [8.7068, 47.4791], [8.7069, 47.4793], [8.707, 47.4795], [8.7071, 47.4797], [8.7073, 47.4799], [8.7074, 47.4801], [8.7076, 47.4803], [8.7079, 47.4807]], [[8.7079, 47.4807], [8.7081, 47.481], [8.7082, 47.481]], [[8.7082, 47.481], [8.7086, 47.4816]], [[8.7086, 47.4816], [8.7095, 47.4827]], [[8.7095, 47.4827], [8.7109, 47.4845]], [[8.7109, 47.4845], [8.711, 47.4846]], [[8.711, 47.4846], [8.7121, 47.486], [8.7128, 47.4869]], [[8.7128, 47.4869], [8.7134, 47.4877], [8.7137, 47.4881], [8.7143, 47.4888], [8.715, 47.4896]], [[8.715, 47.4896], [8.7154, 47.4901], [8.7157, 47.4905], [8.717, 47.4921]], [[8.7221, 47.4986], [8.7219, 47.4983], [8.7217, 47.4981], [8.7215, 47.4978], [8.7214, 47.4976]], [[8.7223, 47.4988], [8.7221, 47.4986]], [[8.7235, 47.5005], [8.723, 47.4998], [8.7228, 47.4996], [8.7227, 47.4994], [8.7223, 47.4988]], [[8.7249, 47.5021], [8.7247, 47.5019], [8.7245, 47.5017], [8.7242, 47.5013], [8.7235, 47.5005]], [[8.7251, 47.5024], [8.7249, 47.5021]], [[8.7254, 47.5027], [8.7253, 47.5025], [8.7251, 47.5024]], [[8.7256, 47.503], [8.7254, 47.5027]], [[8.7256, 47.503], [8.7257, 47.5032], [8.7258, 47.5033]], [[8.7258, 47.5033], [8.726, 47.5035]], [[8.726, 47.5035], [8.7264, 47.504], [8.7265, 47.5041], [8.7265, 47.5042], [8.7266, 47.5043]], [[8.7266, 47.5043], [8.7268, 47.5044], [8.7269, 47.5045], [8.7271, 47.5046], [8.7272, 47.5047], [8.7273, 47.5048], [8.7274, 47.5048], [8.7275, 47.5049], [8.7276, 47.505], [8.7278, 47.505], [8.7279, 47.5051], [8.728, 47.5051], [8.7281, 47.5051], [8.7282, 47.5052], [8.7283, 47.5052], [8.7284, 47.5052], [8.7285, 47.5053], [8.7286, 47.5053], [8.7287, 47.5053], [8.7288, 47.5053], [8.729, 47.5054], [8.7292, 47.5054], [8.7293, 47.5054], [8.7295, 47.5054], [8.7297, 47.5054], [8.7298, 47.5054], [8.73, 47.5054], [8.7302, 47.5054], [8.7304, 47.5054], [8.7305, 47.5054], [8.7306, 47.5053], [8.7307, 47.5053], [8.7309, 47.5053], [8.731, 47.5053], [8.7311, 47.5052], [8.7313, 47.5052], [8.7314, 47.5051], [8.7315, 47.5051], [8.7323, 47.5048]], [[8.7323, 47.5048], [8.7381, 47.5028], [8.7392, 47.5024]], [[8.7392, 47.5024], [8.7407, 47.502], [8.745, 47.5007], [8.7453, 47.5007], [8.7454, 47.5006], [8.7455, 47.5006], [8.7457, 47.5006], [8.7459, 47.5005], [8.7461, 47.5005], [8.7462, 47.5005], [8.7463, 47.5004], [8.7464, 47.5004], [8.7466, 47.5004], [8.7468, 47.5004], [8.7469, 47.5004], [8.747, 47.5004], [8.7471, 47.5003], [8.7473, 47.5003], [8.7474, 47.5003], [8.7476, 47.5003], [8.7477, 47.5003], [8.7479, 47.5003], [8.748, 47.5003], [8.7482, 47.5003], [8.7484, 47.5003]], [[8.7485, 47.5003], [8.7487, 47.5003], [8.7489, 47.5003], [8.7491, 47.5003], [8.7493, 47.5003], [8.7494, 47.5003], [8.7496, 47.5003], [8.7498, 47.5004], [8.75, 47.5004], [8.7502, 47.5004], [8.7504, 47.5004], [8.7505, 47.5004], [8.7507, 47.5005], [8.7509, 47.5005], [8.7511, 47.5005], [8.7512, 47.5006], [8.7514, 47.5006], [8.7516, 47.5006], [8.7518, 47.5007], [8.7519, 47.5007], [8.7521, 47.5008], [8.7523, 47.5008], [8.7526, 47.5009], [8.7528, 47.501], [8.753, 47.501], [8.7532, 47.5011], [8.7534, 47.5012], [8.7535, 47.5013], [8.7536, 47.5013], [8.7537, 47.5013], [8.7539, 47.5014], [8.754, 47.5015], [8.7542, 47.5015], [8.7544, 47.5016], [8.7545, 47.5017], [8.7547, 47.5018], [8.7548, 47.5019], [8.7549, 47.5019], [8.7551, 47.502], [8.7552, 47.5021], [8.7553, 47.5022], [8.7555, 47.5023], [8.7556, 47.5024], [8.7557, 47.5025], [8.7559, 47.5026], [8.756, 47.5026], [8.7561, 47.5027], [8.7562, 47.5029], [8.7564, 47.503]], [[8.7564, 47.503], [8.7566, 47.5032], [8.7567, 47.5033], [8.7568, 47.5034], [8.7569, 47.5035], [8.757, 47.5036], [8.7571, 47.5038], [8.7577, 47.5044], [8.7579, 47.5046], [8.7582, 47.5049], [8.7586, 47.5054]], [[8.7586, 47.5054], [8.7586, 47.5055]], [[8.7586, 47.5055], [8.7588, 47.5056]], [[8.7588, 47.5056], [8.7593, 47.5063]], [[8.7593, 47.5063], [8.7596, 47.5067], [8.7599, 47.507], [8.7601, 47.5073], [8.7604, 47.5076], [8.7608, 47.5081], [8.7612, 47.5085]], [[8.7615, 47.509], [8.7614, 47.5088], [8.7613, 47.5087], [8.7612, 47.5085]], [[8.7619, 47.5096], [8.7618, 47.5093], [8.7617, 47.5092], [8.7615, 47.509]], [[8.7621, 47.5111], [8.7621, 47.5109], [8.7622, 47.5107], [8.7622, 47.5106], [8.7622, 47.5105], [8.7622, 47.5104], [8.7622, 47.5103], [8.7622, 47.5102], [8.7622, 47.5101], [8.7621, 47.51], [8.7621, 47.5099], [8.7621, 47.5098], [8.762, 47.5097], [8.762, 47.5096], [8.7619, 47.5096]], [[8.7619, 47.5118], [8.762, 47.5115], [8.762, 47.5113], [8.7621, 47.5111]], [[8.7619, 47.5119], [8.7619, 47.5118]], [[8.7666, 47.4883], [8.767, 47.4875], [8.7675, 47.4865], [8.7678, 47.486], [8.7681, 47.4856], [8.768, 47.4857], [8.7677, 47.4863], [8.7674, 47.4869], [8.7673, 47.487], [8.767, 47.4876], [8.7668, 47.488], [8.7666, 47.4883]], [[8.7606, 47.465], [8.7605, 47.4644], [8.7605, 47.4639], [8.7604, 47.4639], [8.7606, 47.4654], [8.7606, 47.4652], [8.7606, 47.4651], [8.7606, 47.465]], [[8.7262, 47.5037], [8.7261, 47.5035], [8.7259, 47.5033]], [[8.7262, 47.5037], [8.7265, 47.504]], [[8.7265, 47.504], [8.7266, 47.5041], [8.7266, 47.5042], [8.7267, 47.5042]], [[8.7267, 47.5042], [8.7267, 47.5043], [8.7268, 47.5043], [8.7269, 47.5044], [8.727, 47.5045], [8.7272, 47.5046], [8.7273, 47.5047], [8.7274, 47.5047], [8.7276, 47.5048], [8.7277, 47.5049], [8.7278, 47.5049], [8.7279, 47.505], [8.728, 47.505], [8.7281, 47.5051], [8.7283, 47.5051], [8.7284, 47.5052], [8.7285, 47.5052], [8.7286, 47.5052], [8.7289, 47.5053], [8.7291, 47.5053], [8.7293, 47.5053], [8.7295, 47.5053], [8.7297, 47.5053], [8.7299, 47.5053], [8.73, 47.5053], [8.7302, 47.5053], [8.7305, 47.5053], [8.7307, 47.5052], [8.7309, 47.5052], [8.7311, 47.5051], [8.7313, 47.5051], [8.7315, 47.505], [8.7322, 47.5048]], [[8.7322, 47.5048], [8.7327, 47.5046]], [[8.7327, 47.5046], [8.7366, 47.5033]], [[8.7366, 47.5033], [8.7375, 47.5029]], [[8.7375, 47.5029], [8.7381, 47.5027]], [[8.7381, 47.5027], [8.7384, 47.5026], [8.7386, 47.5025], [8.7392, 47.5023], [8.7407, 47.5019]], [[8.7407, 47.5019], [8.7432, 47.5012]], [[8.7432, 47.5012], [8.745, 47.5007]], [[8.745, 47.5007], [8.7453, 47.5006]], [[8.7453, 47.5006], [8.7459, 47.5004], [8.7462, 47.5003], [8.7464, 47.5003], [8.7467, 47.5002]], [[8.7468, 47.5002], [8.7467, 47.5002]], [[8.7468, 47.5002], [8.7472, 47.5001], [8.7477, 47.4999], [8.7478, 47.4999], [8.7481, 47.4998]], [[8.7481, 47.4998], [8.7491, 47.4995], [8.7493, 47.4995], [8.7498, 47.4993], [8.7508, 47.499], [8.7511, 47.4989], [8.7513, 47.4989], [8.7514, 47.4989], [8.7516, 47.4988], [8.7518, 47.4987], [8.7519, 47.4987], [8.7521, 47.4986], [8.7522, 47.4986]], [[8.7522, 47.4986], [8.7523, 47.4986], [8.7527, 47.4984], [8.7529, 47.4983], [8.753, 47.4983], [8.7531, 47.4982], [8.7532, 47.4982], [8.7533, 47.4982], [8.7535, 47.4981], [8.7536, 47.4981], [8.7537, 47.498]], [[8.7542, 47.4979], [8.7537, 47.498]], [[8.7543, 47.4979], [8.7542, 47.4979]], [[8.7571, 47.497], [8.7543, 47.4979]], [[8.7576, 47.4969], [8.7571, 47.497]], [[8.758, 47.4968], [8.7576, 47.4969]], [[8.766, 47.4903], [8.766, 47.4912], [8.7659, 47.4913], [8.7659, 47.4914], [8.7659, 47.4915], [8.7659, 47.4916], [8.7659, 47.4917], [8.7659, 47.4918], [8.7658, 47.4921], [8.7657, 47.4923], [8.7656, 47.4926], [8.7654, 47.4929], [8.7652, 47.4932], [8.7651, 47.4934], [8.765, 47.4935], [8.7649, 47.4936], [8.7648, 47.4937], [8.7648, 47.4938], [8.7647, 47.4938], [8.7646, 47.494], [8.7645, 47.4941], [8.7643, 47.4942], [8.7642, 47.4943], [8.7641, 47.4944], [8.7639, 47.4945], [8.7637, 47.4947], [8.7636, 47.4948], [8.7634, 47.4949], [8.7633, 47.4949], [8.7632, 47.495], [8.7631, 47.4951], [8.763, 47.4951], [8.7628, 47.4952], [8.7627, 47.4953], [8.7626, 47.4953], [8.7625, 47.4954], [8.7624, 47.4954], [8.7622, 47.4955], [8.7621, 47.4955], [8.762, 47.4956], [8.7619, 47.4956], [8.7618, 47.4956], [8.7617, 47.4957], [8.7616, 47.4957], [8.7615, 47.4957], [8.7613, 47.4958], [8.758, 47.4968]], [[8.7661, 47.4895], [8.7661, 47.4896], [8.7661, 47.4897], [8.7661, 47.4898], [8.766, 47.4902], [8.766, 47.4903]], [[8.7661, 47.4895], [8.7662, 47.4893], [8.7662, 47.4891], [8.7662, 47.489], [8.7663, 47.4888], [8.7663, 47.4887], [8.7664, 47.4886], [8.7665, 47.4883]], [[8.7665, 47.4883], [8.767, 47.4874], [8.7675, 47.4865], [8.7678, 47.486], [8.7681, 47.4855]], [[8.7681, 47.4855], [8.7683, 47.4852]], [[8.7684, 47.485], [8.7683, 47.4852]], [[8.7688, 47.4844], [8.7684, 47.485]], [[8.7703, 47.482], [8.7688, 47.4844]], [[8.7707, 47.4797], [8.7707, 47.4801], [8.7708, 47.4805], [8.7708, 47.4807], [8.7708, 47.4809], [8.7707, 47.4811], [8.7707, 47.4814], [8.7705, 47.4816], [8.7703, 47.482]], [[8.7706, 47.4795], [8.7707, 47.4797]], [[8.7626, 47.4689], [8.7633, 47.4692], [8.7634, 47.4693], [8.7635, 47.4693], [8.7637, 47.4694], [8.7638, 47.4694], [8.7639, 47.4695], [8.764, 47.4695], [8.7641, 47.4696], [8.7642, 47.4696], [8.7642, 47.4697], [8.7643, 47.4697], [8.7644, 47.4697], [8.7644, 47.4698], [8.7645, 47.4698], [8.7645, 47.4699], [8.7646, 47.4699], [8.7647, 47.47], [8.7648, 47.4701], [8.7649, 47.4702], [8.765, 47.4703], [8.7651, 47.4704], [8.7651, 47.4705], [8.7652, 47.4706], [8.7652, 47.4707], [8.7653, 47.4708], [8.7654, 47.471], [8.7655, 47.4712], [8.7666, 47.4733], [8.767, 47.4741], [8.7671, 47.4743], [8.7673, 47.4744], [8.7674, 47.4747], [8.7676, 47.4749], [8.7699, 47.4781], [8.7701, 47.4785], [8.7703, 47.4788], [8.7705, 47.4792], [8.7706, 47.4794], [8.7706, 47.4795]], [[8.7607, 47.4674], [8.7608, 47.4674], [8.7608, 47.4675], [8.7608, 47.4676], [8.7609, 47.4676], [8.7609, 47.4677], [8.7609, 47.4678], [8.761, 47.4678], [8.761, 47.4679], [8.7611, 47.468], [8.7612, 47.4681], [8.7613, 47.4681], [8.7613, 47.4682], [8.7614, 47.4683], [8.7615, 47.4683], [8.7615, 47.4684], [8.7616, 47.4684], [8.7617, 47.4685], [8.7618, 47.4685], [8.7619, 47.4686], [8.762, 47.4687], [8.7621, 47.4687], [8.7622, 47.4688], [8.7623, 47.4688], [8.7626, 47.4689]], [[8.7607, 47.4673], [8.7607, 47.4674]], [[8.7606, 47.4667], [8.7606, 47.4668], [8.7606, 47.4669], [8.7606, 47.467], [8.7607, 47.4671], [8.7607, 47.4672], [8.7607, 47.4673]], [[8.7606, 47.4625], [8.7605, 47.4626], [8.7605, 47.4627], [8.7605, 47.4628], [8.7605, 47.4629], [8.7604, 47.4629], [8.7604, 47.463], [8.7604, 47.4631], [8.7604, 47.4632], [8.7604, 47.4633], [8.7604, 47.4634], [8.7604, 47.4635], [8.7604, 47.4636], [8.7604, 47.4637], [8.7604, 47.4638], [8.7604, 47.4639], [8.7605, 47.4652], [8.7606, 47.4656], [8.7606, 47.4657], [8.7606, 47.4658], [8.7606, 47.4659], [8.7606, 47.466], [8.7606, 47.4661], [8.7606, 47.4662], [8.7606, 47.4663], [8.7606, 47.4664], [8.7606, 47.4665], [8.7606, 47.4667]], [[8.7664, 47.4883], [8.7665, 47.4882], [8.7669, 47.4874], [8.7674, 47.4865], [8.7677, 47.486], [8.768, 47.4855], [8.7674, 47.4864], [8.7673, 47.4866], [8.7672, 47.4869], [8.767, 47.4871], [8.7669, 47.4874], [8.7667, 47.4877], [8.7667, 47.4878], [8.7666, 47.488], [8.7665, 47.4882], [8.7664, 47.4883]], [[8.7688, 47.4844], [8.7686, 47.4847], [8.7684, 47.485]], [[8.7684, 47.485], [8.7682, 47.4852]], [[8.7682, 47.4852], [8.7681, 47.4855]], [[8.7681, 47.4855], [8.7677, 47.486], [8.7675, 47.4865], [8.7669, 47.4874], [8.7665, 47.4883]], [[8.7665, 47.4883], [8.7663, 47.4886], [8.7662, 47.4888], [8.7662, 47.489], [8.7661, 47.4893], [8.7661, 47.4895]], [[8.7467, 47.5002], [8.7461, 47.5003], [8.7457, 47.5004], [8.745, 47.5006]], [[8.745, 47.5006], [8.7442, 47.5009]], [[8.7442, 47.5009], [8.7407, 47.5019]], [[8.7407, 47.5019], [8.7391, 47.5023], [8.7384, 47.5026], [8.736, 47.5034]], [[8.736, 47.5034], [8.734, 47.5041]], [[8.734, 47.5041], [8.7322, 47.5047]], [[8.7322, 47.5047], [8.7315, 47.505], [8.7312, 47.5051], [8.731, 47.5051], [8.7308, 47.5052], [8.7306, 47.5052], [8.7304, 47.5052], [8.7302, 47.5053], [8.73, 47.5053], [8.7298, 47.5053], [8.7297, 47.5053], [8.7295, 47.5053], [8.7294, 47.5053], [8.7293, 47.5053], [8.7291, 47.5053], [8.7289, 47.5052], [8.7287, 47.5052], [8.7285, 47.5051], [8.7283, 47.5051], [8.728, 47.505], [8.7277, 47.5049], [8.7275, 47.5048], [8.7272, 47.5046], [8.7269, 47.5043], [8.7268, 47.5042]], [[8.7268, 47.5042], [8.7267, 47.5041], [8.7266, 47.504], [8.7261, 47.5034]], [[8.7261, 47.5034], [8.726, 47.5033]], [[8.726, 47.5033], [8.7259, 47.5031]], [[8.7259, 47.5031], [8.7255, 47.5027]], [[8.7255, 47.5027], [8.7253, 47.5024]], [[8.7253, 47.5024], [8.7252, 47.5023]], [[8.7252, 47.5023], [8.7251, 47.5022]], [[8.7251, 47.5022], [8.7237, 47.5004]], [[8.7237, 47.5004], [8.7224, 47.4988]], [[8.7224, 47.4988], [8.7223, 47.4986]], [[8.7223, 47.4986], [8.7215, 47.4976]], [[8.7215, 47.4976], [8.7213, 47.4974]], [[8.7213, 47.4974], [8.7209, 47.4969]], [[8.7209, 47.4969], [8.7203, 47.4962]], [[8.7203, 47.4962], [8.7181, 47.4934]], [[8.7181, 47.4934], [8.7175, 47.4926]], [[8.7175, 47.4926], [8.7166, 47.4914]]]}, "properties": {"ref": "S11", "opened_year": 1990, "is_tunnel": false, "segment_count": 531}}, {"type": "Feature", "geometry": {"type": "MultiLineString", "coordinates": [[[8.5967, 47.3981], [8.5964, 47.3976], [8.5962, 47.3973], [8.5962, 47.3972], [8.596, 47.3968], [8.5958, 47.3963], [8.5956, 47.3957], [8.5955, 47.3954], [8.5954, 47.3952], [8.5951, 47.3945], [8.595, 47.3939], [8.5948, 47.3936], [8.5947, 47.3933]], [[8.552, 47.3656], [8.5513, 47.3657], [8.5506, 47.3659]], [[8.5506, 47.3659], [8.5504, 47.366], [8.5501, 47.366]], [[8.5474, 47.3681], [8.5475, 47.368], [8.5475, 47.3679], [8.5476, 47.3678], [8.5477, 47.3676]], [[8.5474, 47.3681], [8.5473, 47.3684], [8.5472, 47.3685], [8.5472, 47.3687]], [[8.5472, 47.3687], [8.5471, 47.3689], [8.5471, 47.3691], [8.5471, 47.3693], [8.5471, 47.3695], [8.5471, 47.3697], [8.5471, 47.3698], [8.5471, 47.37], [8.5472, 47.3702], [8.5473, 47.3704], [8.5475, 47.3709], [8.5476, 47.3712], [8.5477, 47.3714], [8.5478, 47.3717], [8.5478, 47.3719], [8.5479, 47.3721], [8.5479, 47.3723], [8.5478, 47.3725], [8.5478, 47.3728], [8.5478, 47.373], [8.5477, 47.3733], [8.5477, 47.3736], [8.5476, 47.3738], [8.5475, 47.3741], [8.5473, 47.3745], [8.5471, 47.3747], [8.547, 47.375], [8.5467, 47.3754], [8.5465, 47.3756], [8.5463, 47.3758], [8.5461, 47.376], [8.5459, 47.3762], [8.5456, 47.3764], [8.5454, 47.3766], [8.5452, 47.3767], [8.545, 47.3768], [8.5448, 47.3769], [8.5446, 47.377], [8.5442, 47.3772], [8.5438, 47.3773], [8.543, 47.3776]], [[8.543, 47.3776], [8.5425, 47.3778], [8.5421, 47.3779]], [[8.5421, 47.3779], [8.542, 47.378]], [[8.542, 47.378], [8.5417, 47.3781], [8.541, 47.3783], [8.5403, 47.3785], [8.5391, 47.3788], [8.5366, 47.3795]], [[8.5366, 47.3795], [8.5358, 47.3797]], [[8.5358, 47.3797], [8.5353, 47.3799]], [[8.5353, 47.3799], [8.535, 47.3799], [8.5346, 47.38], [8.5343, 47.3801]], [[8.5344, 47.3801], [8.5346, 47.3801], [8.5347, 47.3801], [8.535, 47.38], [8.5353, 47.3799]], [[8.5353, 47.3799], [8.5358, 47.3798]], [[8.5358, 47.3798], [8.5366, 47.3796]], [[8.5366, 47.3796], [8.5391, 47.3789], [8.5405, 47.3785], [8.542, 47.378]], [[8.542, 47.378], [8.5421, 47.378]], [[8.5421, 47.378], [8.5429, 47.3777]], [[8.5429, 47.3777], [8.5434, 47.3776], [8.5438, 47.3774], [8.5442, 47.3773], [8.5444, 47.3772], [8.5446, 47.3771], [8.5449, 47.377], [8.5451, 47.3769], [8.5453, 47.3767], [8.5454, 47.3766], [8.5457, 47.3764], [8.5459, 47.3762], [8.5461, 47.376], [8.5463, 47.3758], [8.5465, 47.3756], [8.5467, 47.3754], [8.547, 47.375], [8.5472, 47.3748], [8.5473, 47.3745], [8.5475, 47.3741], [8.5476, 47.3738], [8.5477, 47.3736], [8.5478, 47.3733], [8.5478, 47.373], [8.5479, 47.3728], [8.5479, 47.3726], [8.5479, 47.3723], [8.5479, 47.3721], [8.5479, 47.3719], [8.5478, 47.3717], [8.5477, 47.3714], [8.5477, 47.3712], [8.5476, 47.371], [8.5475, 47.3709], [8.5473, 47.3704], [8.5472, 47.3702], [8.5472, 47.37], [8.5471, 47.3698], [8.5471, 47.3697], [8.5471, 47.3694], [8.5471, 47.3692], [8.5471, 47.3691], [8.5472, 47.3689]], [[8.5478, 47.3676], [8.5477, 47.3678], [8.5476, 47.3679], [8.5474, 47.3682], [8.5473, 47.3684], [8.5473, 47.3685], [8.5472, 47.3687], [8.5472, 47.3689]], [[8.5502, 47.3661], [8.5498, 47.3662], [8.5495, 47.3664], [8.5493, 47.3665], [8.5491, 47.3666], [8.549, 47.3667], [8.5488, 47.3668], [8.5486, 47.367], [8.5483, 47.3672], [8.5481, 47.3674], [8.5479, 47.3675], [8.5478, 47.3676]], [[8.5949, 47.3939], [8.595, 47.3943], [8.5951, 47.3945], [8.5953, 47.3953], [8.5954, 47.3954], [8.5955, 47.3957], [8.5957, 47.3963], [8.5959, 47.3969], [8.596, 47.3972], [8.5963, 47.3977], [8.5965, 47.3982]]]}, "properties": {"ref": "S11", "opened_year": 1990, "is_tunnel": true, "segment_count": 22}}, {"type": "Feature", "geometry": {"type": "MultiLineString", "coordinates": [[[8.3169, 47.4589], [8.3159, 47.4595], [8.3157, 47.4596], [8.3156, 47.4596], [8.3153, 47.4598], [8.3151, 47.4599], [8.3132, 47.461], [8.315, 47.4599], [8.3151, 47.4599], [8.3153, 47.4598], [8.3156, 47.4595], [8.3158, 47.4594], [8.3168, 47.4589], [8.3169, 47.4589]], [[8.33, 47.4521], [8.3302, 47.4519], [8.3304, 47.4517], [8.3305, 47.4516], [8.3307, 47.4514], [8.3308, 47.4513], [8.3309, 47.4512], [8.3316, 47.4503], [8.3318, 47.4501], [8.3319, 47.4499], [8.3321, 47.4497], [8.3321, 47.4496], [8.3322, 47.4496], [8.3322, 47.4497], [8.3321, 47.4497], [8.3319, 47.4499], [8.3318, 47.4501], [8.3317, 47.4503], [8.3316, 47.4504], [8.3309, 47.4512], [8.3308, 47.4513], [8.3307, 47.4514], [8.3306, 47.4516], [8.3304, 47.4517], [8.3303, 47.4519], [8.3303, 47.452], [8.3302, 47.4519], [8.33, 47.4521]], [[8.3524, 47.4343], [8.3534, 47.434], [8.3538, 47.4338], [8.3548, 47.4335], [8.3553, 47.4333], [8.356, 47.4331], [8.357, 47.4327], [8.357, 47.4326], [8.3555, 47.4332], [8.3553, 47.4333], [8.3547, 47.4335], [8.3543, 47.4336], [8.3524, 47.4343]], [[8.4047, 47.4066], [8.4048, 47.4066], [8.405, 47.4063], [8.4052, 47.4059], [8.4057, 47.405], [8.4058, 47.4049], [8.4059, 47.4046], [8.4065, 47.4037], [8.4066, 47.4034], [8.4068, 47.4031], [8.4067, 47.4031], [8.4065, 47.4034], [8.4064, 47.4036], [8.4063, 47.4039], [8.4058, 47.4046], [8.4057, 47.4048], [8.4056, 47.405], [8.4051, 47.4059], [8.4049, 47.4063], [8.4047, 47.4066]], [[8.4194, 47.399], [8.4198, 47.399], [8.4213, 47.3987], [8.4221, 47.3986], [8.4235, 47.3984], [8.4239, 47.3983], [8.424, 47.3983], [8.4235, 47.3984], [8.4221, 47.3987], [8.4213, 47.3988], [8.4198, 47.399], [8.4194, 47.3991], [8.4194, 47.399]], [[8.4489, 47.3995], [8.4489, 47.3994], [8.4488, 47.3994], [8.4483, 47.3994], [8.448, 47.3994], [8.4474, 47.3993], [8.4453, 47.3992], [8.4449, 47.3992], [8.4437, 47.3991], [8.4449, 47.3992], [8.4453, 47.3992], [8.4474, 47.3994], [8.4477, 47.3994], [8.4479, 47.3994], [8.4483, 47.3995], [8.4487, 47.3995], [8.4489, 47.3995]], [[8.5152, 47.3858], [8.516, 47.3856], [8.5168, 47.3854], [8.517, 47.3853], [8.517, 47.3854], [8.517, 47.3853], [8.5172, 47.3853], [8.5174, 47.3852], [8.5176, 47.3852], [8.5179, 47.3851], [8.5184, 47.385], [8.5191, 47.3848], [8.5192, 47.3848], [8.5191, 47.3848], [8.5189, 47.3849], [8.5188, 47.3849], [8.5187, 47.3849], [8.5186, 47.385], [8.5185, 47.385], [8.5175, 47.3853], [8.5174, 47.3853], [8.5172, 47.3853], [8.517, 47.3854], [8.5169, 47.3854], [8.5167, 47.3855], [8.5166, 47.3855], [8.5161, 47.3856], [8.516, 47.3856], [8.5152, 47.3858]], [[8.5481, 47.3673], [8.5483, 47.3671], [8.5485, 47.3669], [8.5486, 47.3669], [8.5488, 47.3668], [8.5489, 47.3667], [8.5491, 47.3666], [8.5493, 47.3665], [8.5495, 47.3664], [8.5496, 47.3663], [8.5498, 47.3662], [8.5502, 47.3661], [8.5502, 47.366], [8.5501, 47.366], [8.5498, 47.3662], [8.5495, 47.3663], [8.5494, 47.3663], [8.5492, 47.3664], [8.549, 47.3665], [8.5488, 47.3666], [8.5487, 47.3667], [8.5485, 47.3669], [8.5484, 47.3669], [8.5482, 47.3671], [8.5481, 47.3671], [8.548, 47.3672], [8.5479, 47.3674], [8.5478, 47.3676], [8.548, 47.3674], [8.5481, 47.3673]], [[8.7705, 47.5019], [8.7704, 47.5019], [8.7701, 47.5018], [8.7697, 47.5017], [8.7693, 47.5017], [8.7688, 47.5015], [8.7688, 47.5016], [8.7687, 47.5015], [8.7683, 47.5014], [8.7677, 47.5013], [8.7687, 47.5015], [8.7691, 47.5016], [8.7705, 47.5019]], [[8.7934, 47.4992], [8.7944, 47.499], [8.7949, 47.4989], [8.7955, 47.4987], [8.7962, 47.4986], [8.7956, 47.4987], [8.7956, 47.4988], [8.7955, 47.4988], [8.7954, 47.4988], [8.7952, 47.4988], [8.7949, 47.4989], [8.7945, 47.499], [8.7944, 47.499], [8.7937, 47.4992], [8.7934, 47.4993], [8.7934, 47.4992]], [[8.8117, 47.5002], [8.8116, 47.5002], [8.8115, 47.5002], [8.8113, 47.5002], [8.8112, 47.5002], [8.8111, 47.5002], [8.8109, 47.5002], [8.8108, 47.5002], [8.8107, 47.5002], [8.8105, 47.5002], [8.8104, 47.5002], [8.8103, 47.5002], [8.81, 47.5003], [8.8098, 47.5003], [8.8096, 47.5003], [8.8088, 47.5004], [8.8097, 47.5003], [8.8098, 47.5003], [8.81, 47.5003], [8.8103, 47.5003], [8.8104, 47.5003], [8.8105, 47.5002], [8.8107, 47.5002], [8.8108, 47.5002], [8.8109, 47.5002], [8.8111, 47.5002], [8.8112, 47.5002], [8.8113, 47.5002], [8.8115, 47.5002], [8.8116, 47.5002], [8.8117, 47.5003], [8.8117, 47.5002]], [[8.9572, 47.4615], [8.9578, 47.4615], [8.958, 47.4615], [8.9583, 47.4615], [8.9589, 47.4615], [8.9589, 47.4614], [8.9592, 47.4614], [8.9593, 47.4614], [8.9594, 47.4614], [8.9601, 47.4614], [8.9572, 47.4615]], [[8.9975, 47.4609], [8.9984, 47.4613], [8.9988, 47.4615], [8.9993, 47.4616], [8.9998, 47.4618], [9.0001, 47.4619], [9.0005, 47.462], [9.0009, 47.462], [9.0008, 47.462], [9.0003, 47.4619], [9.0002, 47.4619], [9.0, 47.4619], [8.9996, 47.4618], [8.9995, 47.4617], [8.9993, 47.4617], [8.9988, 47.4615], [8.9984, 47.4613], [8.9975, 47.4609], [8.9974, 47.4609], [8.9975, 47.4609]], [[8.2094, 47.4809], [8.2086, 47.4799], [8.2085, 47.4798], [8.2084, 47.4797], [8.2083, 47.4796], [8.2082, 47.4795], [8.2081, 47.4794]], [[8.2109, 47.4824], [8.2108, 47.4824], [8.2107, 47.4823], [8.2106, 47.4822], [8.2105, 47.4822], [8.2104, 47.4821], [8.2104, 47.482], [8.2103, 47.4819], [8.2102, 47.4818], [8.2101, 47.4817], [8.2094, 47.4809]], [[8.2137, 47.4831], [8.2134, 47.4831], [8.2131, 47.4831], [8.213, 47.483], [8.2128, 47.483], [8.2127, 47.483], [8.2126, 47.483], [8.2125, 47.483], [8.2123, 47.483], [8.2122, 47.4829], [8.2121, 47.4829], [8.212, 47.4829], [8.2119, 47.4828], [8.2117, 47.4828], [8.2116, 47.4828], [8.2115, 47.4827], [8.2114, 47.4827], [8.2113, 47.4826], [8.2112, 47.4826], [8.2111, 47.4825], [8.211, 47.4825], [8.2109, 47.4824]], [[8.2139, 47.4831], [8.2137, 47.4831]], [[8.2146, 47.4832], [8.2145, 47.4831], [8.2143, 47.4831], [8.2141, 47.4831], [8.214, 47.4831], [8.2139, 47.4831]], [[8.2162, 47.4832], [8.2156, 47.4832], [8.2146, 47.4832]], [[8.2172, 47.4833], [8.2168, 47.4832], [8.2164, 47.4832], [8.2162, 47.4832]], [[8.2191, 47.4834], [8.2184, 47.4833], [8.2179, 47.4833], [8.2172, 47.4833]], [[8.2191, 47.4834], [8.2193, 47.4834], [8.2195, 47.4834], [8.2198, 47.4835], [8.2208, 47.4836], [8.2252, 47.4843], [8.2257, 47.4844], [8.2262, 47.4845], [8.2267, 47.4846]], [[8.2267, 47.4846], [8.2271, 47.4847], [8.2276, 47.4849], [8.228, 47.4851], [8.2284, 47.4853], [8.2289, 47.4855], [8.2376, 47.4902]], [[8.2376, 47.4902], [8.2386, 47.4908]], [[8.2386, 47.4908], [8.2406, 47.4919], [8.2413, 47.4922], [8.2417, 47.4924], [8.2421, 47.4926], [8.2426, 47.4928], [8.2431, 47.4929], [8.2435, 47.493], [8.244, 47.4932], [8.2445, 47.4932], [8.245, 47.4933], [8.2452, 47.4933], [8.2454, 47.4934], [8.2456, 47.4934], [8.2457, 47.4934], [8.2459, 47.4934], [8.246, 47.4934], [8.2462, 47.4934], [8.2463, 47.4934], [8.2465, 47.4934], [8.2466, 47.4934], [8.2468, 47.4934], [8.2469, 47.4934], [8.247, 47.4934], [8.2472, 47.4934], [8.2475, 47.4934]], [[8.2475, 47.4934], [8.2476, 47.4934]], [[8.2476, 47.4934], [8.2479, 47.4933], [8.2481, 47.4933], [8.2482, 47.4933], [8.2484, 47.4933], [8.2485, 47.4932], [8.2487, 47.4932], [8.2488, 47.4932], [8.2489, 47.4932], [8.249, 47.4931], [8.2492, 47.4931], [8.2493, 47.4931], [8.2495, 47.4931], [8.2496, 47.493], [8.2498, 47.493], [8.25, 47.4929], [8.2502, 47.4928], [8.2507, 47.4927], [8.2517, 47.4923]], [[8.2517, 47.4923], [8.2518, 47.4923], [8.2521, 47.4922], [8.2522, 47.4921], [8.2523, 47.4921], [8.2525, 47.492], [8.2526, 47.492], [8.253, 47.4919], [8.2544, 47.4914], [8.2548, 47.4913], [8.2549, 47.4912], [8.2552, 47.4912], [8.2554, 47.4911], [8.2558, 47.491], [8.2565, 47.4908]], [[8.2565, 47.4908], [8.2567, 47.4907]], [[8.2567, 47.4907], [8.2569, 47.4906]], [[8.2569, 47.4906], [8.2576, 47.4904], [8.258, 47.4903], [8.2583, 47.4902], [8.2589, 47.49]], [[8.2589, 47.49], [8.2592, 47.4899], [8.2595, 47.4898], [8.2598, 47.4897], [8.2605, 47.4894], [8.2609, 47.4893]], [[8.2609, 47.4893], [8.2615, 47.4891]], [[8.2615, 47.4891], [8.2616, 47.489]], [[8.2616, 47.489], [8.2657, 47.4875], [8.2661, 47.4873], [8.2665, 47.4871], [8.2669, 47.4869], [8.2672, 47.4867], [8.2675, 47.4866], [8.2677, 47.4864], [8.268, 47.4862], [8.2682, 47.4859], [8.2685, 47.4856], [8.269, 47.4849], [8.2692, 47.4847], [8.2694, 47.4845], [8.2696, 47.4842], [8.2698, 47.4841], [8.27, 47.4839], [8.2704, 47.4836], [8.2707, 47.4835], [8.271, 47.4833], [8.2713, 47.4832], [8.2717, 47.483], [8.2721, 47.4829], [8.2725, 47.4828], [8.273, 47.4827], [8.2738, 47.4826], [8.2746, 47.4825], [8.275, 47.4824], [8.2754, 47.4824], [8.2758, 47.4824], [8.2762, 47.4824], [8.2766, 47.4824], [8.277, 47.4825], [8.2774, 47.4825], [8.2778, 47.4826], [8.2823, 47.4837], [8.2828, 47.4838], [8.2834, 47.4839], [8.2839, 47.484], [8.2842, 47.484], [8.2845, 47.4841], [8.2849, 47.4841], [8.2852, 47.4841], [8.2857, 47.4841], [8.2864, 47.484], [8.2937, 47.4835], [8.2945, 47.4834], [8.2953, 47.4833], [8.2971, 47.4831], [8.2976, 47.483], [8.2981, 47.4828], [8.2986, 47.4827], [8.299, 47.4826], [8.2994, 47.4823], [8.3, 47.482], [8.3005, 47.4818], [8.3009, 47.4816], [8.3013, 47.4814], [8.3016, 47.4813], [8.3021, 47.4812], [8.3026, 47.4811]], [[8.3026, 47.4811], [8.3028, 47.481]], [[8.3028, 47.481], [8.3045, 47.4807], [8.3049, 47.4806], [8.3053, 47.4805], [8.3057, 47.4804], [8.3058, 47.4803]], [[8.3058, 47.4803], [8.3061, 47.4802], [8.3064, 47.4801], [8.3066, 47.4799], [8.3068, 47.4798], [8.307, 47.4796], [8.3072, 47.4795], [8.3073, 47.4793], [8.3074, 47.4792], [8.3076, 47.479], [8.3077, 47.4788], [8.3077, 47.4786]], [[8.3077, 47.4786], [8.3078, 47.4785], [8.3078, 47.4784]], [[8.3078, 47.4784], [8.3078, 47.4783]], [[8.3078, 47.4783], [8.3079, 47.4781], [8.3079, 47.478], [8.3079, 47.4779], [8.3079, 47.4777], [8.3079, 47.4776], [8.3078, 47.4774], [8.3078, 47.4773], [8.3078, 47.4772], [8.3077, 47.4769], [8.3076, 47.4765], [8.3074, 47.4757], [8.3073, 47.4755], [8.3072, 47.4753], [8.3072, 47.4751], [8.3071, 47.475], [8.307, 47.4748], [8.307, 47.4747], [8.3068, 47.4744], [8.3066, 47.474]], [[8.306, 47.4655], [8.3063, 47.4653], [8.3065, 47.4651], [8.3067, 47.465], [8.3069, 47.4648]], [[8.3069, 47.4648], [8.3072, 47.4646]], [[8.3072, 47.4646], [8.3076, 47.4644], [8.3078, 47.4642], [8.3081, 47.4641]], [[8.3081, 47.4641], [8.3093, 47.4634], [8.31, 47.4629]], [[8.31, 47.4629], [8.3102, 47.4628]], [[8.3102, 47.4628], [8.3108, 47.4624], [8.3126, 47.4614], [8.3131, 47.4611]], [[8.3131, 47.4611], [8.3151, 47.4599], [8.3159, 47.4594], [8.3163, 47.4591], [8.3168, 47.4588]], [[8.3168, 47.4588], [8.317, 47.4587], [8.3173, 47.4586], [8.3174, 47.4585], [8.3179, 47.4582]], [[8.3179, 47.4582], [8.3199, 47.457]], [[8.3199, 47.457], [8.3215, 47.4561]], [[8.3215, 47.4561], [8.3218, 47.4559], [8.3219, 47.4559], [8.3221, 47.4557], [8.3224, 47.4555], [8.3227, 47.4554], [8.323, 47.4553]], [[8.323, 47.4553], [8.3231, 47.4552]], [[8.3231, 47.4552], [8.3233, 47.4551], [8.3235, 47.4551], [8.3236, 47.455], [8.3237, 47.455], [8.3239, 47.4549], [8.324, 47.4549], [8.3242, 47.4548]], [[8.3242, 47.4548], [8.3255, 47.4544]], [[8.3255, 47.4544], [8.3258, 47.4543], [8.3265, 47.454]], [[8.3265, 47.454], [8.3268, 47.4539]], [[8.3268, 47.4539], [8.3271, 47.4538], [8.3273, 47.4537], [8.3275, 47.4536], [8.3277, 47.4535], [8.3279, 47.4534], [8.3281, 47.4533], [8.3282, 47.4533], [8.3284, 47.4532], [8.3285, 47.4531], [8.3287, 47.453], [8.329, 47.4528], [8.3292, 47.4527], [8.3293, 47.4526], [8.3295, 47.4525], [8.3298, 47.4523], [8.33, 47.4521]], [[8.33, 47.4521], [8.3302, 47.4519], [8.3303, 47.4518], [8.3305, 47.4516], [8.3307, 47.4514], [8.3308, 47.4512], [8.3311, 47.4509], [8.3316, 47.4502], [8.3319, 47.4499], [8.3321, 47.4496]], [[8.3321, 47.4496], [8.3323, 47.4494], [8.3324, 47.4491], [8.3328, 47.4486], [8.333, 47.4482], [8.3331, 47.448], [8.3335, 47.4471], [8.334, 47.4462], [8.3344, 47.4457], [8.3349, 47.445], [8.3353, 47.4445], [8.3357, 47.444], [8.3362, 47.4435], [8.3365, 47.4431], [8.3374, 47.4423], [8.3394, 47.4405], [8.34, 47.44], [8.3405, 47.4396], [8.341, 47.4393], [8.3413, 47.439], [8.3416, 47.4388], [8.3422, 47.4384], [8.3426, 47.4382], [8.3428, 47.4381], [8.343, 47.4379], [8.3435, 47.4377], [8.3439, 47.4374], [8.3444, 47.4372], [8.345, 47.4369], [8.3453, 47.4368], [8.3456, 47.4367], [8.3458, 47.4366], [8.3461, 47.4365], [8.3465, 47.4364]], [[8.3465, 47.4364], [8.3466, 47.4363]], [[8.3466, 47.4363], [8.3476, 47.436]], [[8.3476, 47.436], [8.3499, 47.4351], [8.3523, 47.4343]], [[8.3523, 47.4343], [8.3543, 47.4336], [8.3572, 47.4326]], [[8.3572, 47.4326], [8.3579, 47.4323]], [[8.3579, 47.4323], [8.3583, 47.4322], [8.3586, 47.432], [8.3597, 47.4316], [8.3605, 47.4313], [8.361, 47.4311], [8.3622, 47.4307]], [[8.3622, 47.4307], [8.3787, 47.4248], [8.3819, 47.4237], [8.3834, 47.4232], [8.3841, 47.4229], [8.3845, 47.4227], [8.3849, 47.4226], [8.3855, 47.4223]], [[8.3874, 47.4211], [8.3876, 47.421], [8.3878, 47.4209], [8.3881, 47.4206], [8.3885, 47.4203], [8.3893, 47.4197], [8.3904, 47.4189], [8.3998, 47.4122]], [[8.3998, 47.4122], [8.4003, 47.4118], [8.4008, 47.4114], [8.401, 47.4113], [8.4013, 47.4111], [8.4015, 47.4109], [8.4017, 47.4107], [8.4019, 47.4106], [8.402, 47.4104], [8.4024, 47.4101], [8.4025, 47.41], [8.4027, 47.4098], [8.4027, 47.4097], [8.4028, 47.4096], [8.4029, 47.4095], [8.403, 47.4094], [8.4031, 47.4093], [8.4032, 47.4092], [8.4032, 47.4091], [8.4033, 47.409], [8.4034, 47.4089], [8.4035, 47.4087], [8.4036, 47.4086], [8.4039, 47.4082]], [[8.4039, 47.4082], [8.404, 47.408], [8.4042, 47.4078]], [[8.4042, 47.4078], [8.4042, 47.4077]], [[8.4042, 47.4077], [8.4044, 47.4074], [8.4046, 47.407], [8.4048, 47.4066], [8.405, 47.4063], [8.4053, 47.4059], [8.4059, 47.4046], [8.4064, 47.4038], [8.4066, 47.4035], [8.4066, 47.4034], [8.4067, 47.4032], [8.4068, 47.4031], [8.4069, 47.403]], [[8.4069, 47.403], [8.4069, 47.4029], [8.407, 47.4028], [8.4071, 47.4027], [8.4072, 47.4025]], [[8.4072, 47.4025], [8.4074, 47.4023], [8.4076, 47.4021], [8.4078, 47.4019], [8.408, 47.4018], [8.4081, 47.4018], [8.4082, 47.4017], [8.4083, 47.4016], [8.4084, 47.4015], [8.4086, 47.4014], [8.4087, 47.4013], [8.4089, 47.4012], [8.409, 47.4011], [8.4091, 47.4011], [8.4092, 47.401], [8.4094, 47.401], [8.4096, 47.4009], [8.4097, 47.4008], [8.41, 47.4007]], [[8.41, 47.4007], [8.4102, 47.4006]], [[8.4102, 47.4006], [8.4104, 47.4006], [8.4106, 47.4005], [8.411, 47.4004], [8.4113, 47.4003], [8.4116, 47.4003], [8.4117, 47.4002], [8.4118, 47.4002], [8.4119, 47.4002], [8.4122, 47.4001], [8.4126, 47.4001]], [[8.4126, 47.4001], [8.4173, 47.3993], [8.418, 47.3992], [8.4185, 47.3991]], [[8.4185, 47.3991], [8.4204, 47.3988], [8.4221, 47.3986], [8.4235, 47.3984], [8.4249, 47.3981]], [[8.4249, 47.3981], [8.4252, 47.3981], [8.4255, 47.398], [8.4258, 47.398], [8.4262, 47.398], [8.4263, 47.3979], [8.4265, 47.3979], [8.4269, 47.3979], [8.4274, 47.3979], [8.4279, 47.3978], [8.428, 47.3978], [8.4283, 47.3978], [8.4285, 47.3978], [8.4286, 47.3978], [8.4288, 47.3978], [8.4289, 47.3978], [8.4291, 47.3978], [8.4292, 47.3979], [8.4294, 47.3979], [8.4295, 47.3979], [8.4296, 47.3979], [8.4298, 47.3979], [8.4299, 47.3979], [8.4301, 47.3979], [8.4305, 47.398], [8.4311, 47.3981], [8.4313, 47.3981], [8.4318, 47.3981], [8.4322, 47.3982], [8.4327, 47.3982], [8.4331, 47.3982], [8.4337, 47.3983], [8.4343, 47.3983], [8.4349, 47.3984], [8.4359, 47.3985], [8.438, 47.3986]], [[8.438, 47.3986], [8.4382, 47.3986]], [[8.4382, 47.3986], [8.4396, 47.3988], [8.44, 47.3988], [8.4413, 47.3989]], [[8.4413, 47.3989], [8.4414, 47.399], [8.4418, 47.399], [8.4422, 47.399], [8.4424, 47.399], [8.4433, 47.3991], [8.4465, 47.3993], [8.4484, 47.3995], [8.4487, 47.3995], [8.4491, 47.3995], [8.4494, 47.3995], [8.4496, 47.3995]], [[8.4496, 47.3995], [8.4502, 47.3996], [8.4506, 47.3996], [8.4509, 47.3996], [8.4515, 47.3996], [8.4517, 47.3996], [8.452, 47.3996], [8.4522, 47.3997], [8.4546, 47.3998]], [[8.4546, 47.3998], [8.4557, 47.3999], [8.4559, 47.3999], [8.456, 47.3999], [8.4562, 47.3999], [8.4563, 47.3999], [8.4565, 47.4], [8.4566, 47.4], [8.4567, 47.4], [8.4569, 47.4], [8.457, 47.4], [8.4572, 47.4], [8.4574, 47.4], [8.4576, 47.3999], [8.4577, 47.3999], [8.4579, 47.3999], [8.4581, 47.3999], [8.4583, 47.3999], [8.4586, 47.3999], [8.4589, 47.3998], [8.4591, 47.3998], [8.4594, 47.3997], [8.4596, 47.3997], [8.4597, 47.3997], [8.4598, 47.3996], [8.4601, 47.3996], [8.4603, 47.3995], [8.4605, 47.3995], [8.4607, 47.3994], [8.461, 47.3993], [8.4614, 47.3992]], [[8.4614, 47.3992], [8.463, 47.3988], [8.4637, 47.3985], [8.4642, 47.3984], [8.4646, 47.3983], [8.4649, 47.3982], [8.4653, 47.3981], [8.4702, 47.3968], [8.473, 47.396], [8.4743, 47.3957], [8.475, 47.3954], [8.4758, 47.3952], [8.477, 47.3949]], [[8.477, 47.3949], [8.4772, 47.3948]], [[8.4772, 47.3948], [8.478, 47.3946], [8.4785, 47.3945], [8.4789, 47.3944], [8.4791, 47.3943], [8.4803, 47.394], [8.481, 47.3938]], [[8.481, 47.3938], [8.4813, 47.3937]], [[8.4813, 47.3937], [8.4822, 47.3935], [8.4832, 47.3932], [8.4848, 47.3928]], [[8.4848, 47.3928], [8.485, 47.3928]], [[8.485, 47.3928], [8.4871, 47.3922]], [[8.4871, 47.3922], [8.4874, 47.3922]], [[8.4874, 47.3922], [8.4892, 47.3917], [8.4899, 47.3915], [8.4903, 47.3914], [8.4907, 47.3913], [8.491, 47.3912], [8.4914, 47.391]], [[8.4914, 47.391], [8.4919, 47.3909], [8.4922, 47.3908], [8.4927, 47.3907]], [[8.4927, 47.3907], [8.4931, 47.3906], [8.4933, 47.3905], [8.4935, 47.3905], [8.4938, 47.3904], [8.4942, 47.3903], [8.4949, 47.3902], [8.4953, 47.3901], [8.4955, 47.3901], [8.4957, 47.3901], [8.4961, 47.39], [8.4963, 47.39], [8.4966, 47.3899]], [[8.4966, 47.3899], [8.4968, 47.3899], [8.4972, 47.3899], [8.4976, 47.3898]], [[8.4976, 47.3898], [8.4982, 47.3898], [8.4989, 47.3897], [8.4992, 47.3897], [8.4996, 47.3896], [8.5, 47.3896], [8.5005, 47.3895], [8.5009, 47.3894], [8.5019, 47.3891]], [[8.5019, 47.3891], [8.5024, 47.389], [8.5026, 47.389], [8.5029, 47.3889], [8.5031, 47.3889], [8.5032, 47.3888], [8.5033, 47.3888], [8.5035, 47.3888], [8.5038, 47.3887]], [[8.5038, 47.3887], [8.5039, 47.3887], [8.5041, 47.3887], [8.5044, 47.3887], [8.5047, 47.3886], [8.5058, 47.3885], [8.5061, 47.3885], [8.5063, 47.3884], [8.5066, 47.3884], [8.5069, 47.3883], [8.5071, 47.3883], [8.5074, 47.3883], [8.5076, 47.3882], [8.5079, 47.3881]], [[8.5079, 47.3881], [8.508, 47.3881], [8.5081, 47.3881], [8.5083, 47.388], [8.5085, 47.388], [8.5087, 47.3879], [8.5088, 47.3879], [8.509, 47.3878], [8.5093, 47.3877], [8.5094, 47.3877], [8.5095, 47.3876], [8.5098, 47.3875], [8.5102, 47.3874]], [[8.5102, 47.3874], [8.5105, 47.3873], [8.5108, 47.3872], [8.5112, 47.387], [8.5117, 47.3868]], [[8.5117, 47.3868], [8.5118, 47.3868], [8.512, 47.3867], [8.5123, 47.3867], [8.5128, 47.3865], [8.5133, 47.3863], [8.5135, 47.3863], [8.5136, 47.3862], [8.5139, 47.3862], [8.5141, 47.3861], [8.5144, 47.386], [8.5147, 47.3859], [8.5149, 47.3859]], [[8.5149, 47.3859], [8.5151, 47.3858], [8.5156, 47.3857], [8.516, 47.3857], [8.5161, 47.3856], [8.5163, 47.3856], [8.517, 47.3854], [8.5175, 47.3853], [8.5184, 47.385], [8.5186, 47.385], [8.5187, 47.3849], [8.5189, 47.3849], [8.519, 47.3849], [8.5192, 47.3848], [8.5193, 47.3848], [8.5195, 47.3847]], [[8.5195, 47.3847], [8.5199, 47.3846], [8.5201, 47.3845], [8.5202, 47.3845], [8.5204, 47.3844], [8.5205, 47.3844], [8.5206, 47.3843], [8.5208, 47.3843], [8.521, 47.3842]], [[8.521, 47.3842], [8.5218, 47.384]], [[8.5218, 47.384], [8.523, 47.3837], [8.5235, 47.3836], [8.5239, 47.3835], [8.5241, 47.3834], [8.5244, 47.3833], [8.5246, 47.3832], [8.5248, 47.3831], [8.525, 47.3831], [8.5252, 47.383], [8.5253, 47.383], [8.5254, 47.3829], [8.5257, 47.3828], [8.5258, 47.3827], [8.526, 47.3827], [8.5264, 47.3825], [8.5266, 47.3824], [8.5267, 47.3823], [8.5271, 47.3821], [8.5275, 47.3819]], [[8.5275, 47.3819], [8.5276, 47.3818]], [[8.5276, 47.3818], [8.5279, 47.3817], [8.528, 47.3816], [8.5282, 47.3816], [8.5283, 47.3815], [8.5284, 47.3815], [8.5286, 47.3814], [8.5287, 47.3814], [8.5288, 47.3814], [8.5291, 47.3813]], [[8.5291, 47.3813], [8.5293, 47.3813], [8.5295, 47.3812], [8.5296, 47.3812], [8.5305, 47.381]], [[8.5305, 47.381], [8.5307, 47.381], [8.531, 47.3809], [8.5313, 47.3809], [8.5323, 47.3806]], [[8.5965, 47.3982], [8.5967, 47.3985], [8.5969, 47.3987]], [[8.5969, 47.3987], [8.597, 47.3988], [8.5971, 47.3991]], [[8.5971, 47.3991], [8.5973, 47.3993]], [[8.5973, 47.3993], [8.5975, 47.3995], [8.5977, 47.3998], [8.5978, 47.4], [8.5981, 47.4003], [8.5982, 47.4005], [8.5984, 47.4006], [8.5985, 47.4007], [8.5986, 47.4009], [8.5988, 47.401], [8.5989, 47.4011], [8.599, 47.4012], [8.5992, 47.4014], [8.5994, 47.4016], [8.5995, 47.4017], [8.5997, 47.4018]], [[8.5997, 47.4018], [8.5998, 47.4019], [8.5999, 47.402], [8.6001, 47.402], [8.6003, 47.4022], [8.6004, 47.4023], [8.6006, 47.4024], [8.601, 47.4026], [8.6019, 47.403]], [[8.6019, 47.403], [8.6022, 47.4032]], [[8.6022, 47.4032], [8.6025, 47.4034], [8.6042, 47.4042], [8.6047, 47.4045], [8.6052, 47.4047], [8.6055, 47.4048], [8.6062, 47.4051], [8.6065, 47.4052], [8.6066, 47.4053], [8.6069, 47.4054], [8.6075, 47.4056], [8.6078, 47.4057], [8.608, 47.4058], [8.6085, 47.406], [8.6088, 47.4061], [8.6091, 47.4062], [8.6093, 47.4063], [8.6096, 47.4064], [8.6099, 47.4066]], [[8.6105, 47.4068], [8.6102, 47.4067], [8.6099, 47.4066]], [[8.6131, 47.4084], [8.6129, 47.4082], [8.6128, 47.4081], [8.6126, 47.408], [8.6125, 47.4079]], [[8.6131, 47.4084], [8.6132, 47.4084]], [[8.6132, 47.4084], [8.6134, 47.4086], [8.6135, 47.4087], [8.6136, 47.4088]], [[8.6136, 47.4088], [8.6137, 47.4089], [8.6138, 47.409], [8.6139, 47.4091], [8.614, 47.4092], [8.6141, 47.4093], [8.6142, 47.4094], [8.6143, 47.4095], [8.6144, 47.4096], [8.6144, 47.4097], [8.6145, 47.4098], [8.6146, 47.4099], [8.6147, 47.41], [8.6147, 47.4102], [8.6148, 47.4103], [8.6149, 47.4104], [8.6149, 47.4105], [8.615, 47.4106], [8.615, 47.4107], [8.6151, 47.4109], [8.6151, 47.411], [8.6152, 47.4112], [8.6152, 47.4113], [8.6153, 47.4115], [8.6153, 47.4116], [8.6153, 47.4118], [8.6154, 47.4121], [8.6154, 47.4125], [8.6155, 47.4128], [8.6155, 47.413], [8.6155, 47.4131], [8.6156, 47.4133], [8.6156, 47.4134], [8.6157, 47.4136]], [[8.6157, 47.4136], [8.6157, 47.4137], [8.6158, 47.4139], [8.6158, 47.414], [8.6159, 47.4141], [8.6159, 47.4143], [8.616, 47.4143], [8.616, 47.4144], [8.6161, 47.4145], [8.6161, 47.4146], [8.6161, 47.4147], [8.6162, 47.4148], [8.6163, 47.4149], [8.6164, 47.4151], [8.6165, 47.4152], [8.6165, 47.4153], [8.6168, 47.4157]], [[8.6168, 47.4157], [8.6169, 47.4158]], [[8.6169, 47.4158], [8.617, 47.416]], [[8.617, 47.416], [8.6173, 47.4164]], [[8.6173, 47.4164], [8.6173, 47.4165]], [[8.6173, 47.4165], [8.6175, 47.4168], [8.6177, 47.4172]], [[8.6177, 47.4172], [8.618, 47.4177], [8.6182, 47.4179], [8.6185, 47.4186]], [[8.6185, 47.4186], [8.6188, 47.419], [8.619, 47.4194], [8.6195, 47.4202], [8.6202, 47.4214]], [[8.6202, 47.4214], [8.6204, 47.4218], [8.6205, 47.4221], [8.6207, 47.4223], [8.6208, 47.4225], [8.6209, 47.4226], [8.6211, 47.4228], [8.6212, 47.423], [8.6213, 47.4231], [8.6214, 47.4232], [8.6216, 47.4233]], [[8.6216, 47.4233], [8.6218, 47.4235], [8.6219, 47.4237]], [[8.6219, 47.4237], [8.6221, 47.4238], [8.6222, 47.4239], [8.6224, 47.4241], [8.6225, 47.4242], [8.6226, 47.4242], [8.6228, 47.4243], [8.623, 47.4245], [8.6232, 47.4246], [8.6234, 47.4248], [8.6236, 47.4249], [8.6239, 47.425]], [[8.6239, 47.4251], [8.6239, 47.425]], [[8.6315, 47.4268], [8.6313, 47.4268], [8.631, 47.4268], [8.6308, 47.4268], [8.6305, 47.4268], [8.6303, 47.4267], [8.63, 47.4267], [8.6298, 47.4267], [8.6296, 47.4267], [8.6294, 47.4267], [8.6292, 47.4267], [8.629, 47.4266], [8.6287, 47.4266], [8.6285, 47.4265], [8.6282, 47.4265], [8.628, 47.4265], [8.6278, 47.4264], [8.6276, 47.4264], [8.6274, 47.4263], [8.6272, 47.4263], [8.627, 47.4262], [8.6267, 47.4262], [8.6265, 47.4261], [8.6264, 47.426], [8.6262, 47.426], [8.626, 47.4259], [8.6258, 47.4259], [8.6256, 47.4258], [8.6255, 47.4257], [8.6251, 47.4256], [8.625, 47.4255], [8.6248, 47.4255], [8.6246, 47.4254], [8.6244, 47.4253], [8.6242, 47.4252], [8.6239, 47.4251]], [[8.6315, 47.4268], [8.6317, 47.4268], [8.6319, 47.4268], [8.6321, 47.4268], [8.6323, 47.4268], [8.6325, 47.4267], [8.6327, 47.4267], [8.6329, 47.4267], [8.633, 47.4267], [8.6332, 47.4267], [8.6333, 47.4267], [8.6337, 47.4266], [8.634, 47.4266], [8.6358, 47.4263]], [[8.6358, 47.4263], [8.6361, 47.4263]], [[8.6361, 47.4263], [8.6369, 47.4262], [8.6387, 47.4259], [8.6427, 47.4254]], [[8.6427, 47.4254], [8.6428, 47.4253]], [[8.6428, 47.4253], [8.6466, 47.4248], [8.6493, 47.4244]], [[8.6493, 47.4244], [8.6498, 47.4244], [8.6501, 47.4243], [8.6504, 47.4243], [8.6511, 47.4242], [8.6518, 47.4241], [8.6524, 47.4241], [8.6525, 47.4241], [8.6532, 47.424], [8.6535, 47.424], [8.6564, 47.4236], [8.6573, 47.4235], [8.658, 47.4234], [8.6582, 47.4234]], [[8.6582, 47.4234], [8.6588, 47.4233], [8.6597, 47.4232], [8.6599, 47.4232], [8.6603, 47.4231], [8.6605, 47.4231], [8.6607, 47.4231], [8.6611, 47.423], [8.6614, 47.4229], [8.6617, 47.4229], [8.662, 47.4229], [8.6623, 47.4228], [8.6627, 47.4228], [8.6634, 47.4226]], [[8.6634, 47.4226], [8.6638, 47.4226], [8.6655, 47.4223], [8.6659, 47.4222], [8.6663, 47.4222], [8.6667, 47.4221], [8.6671, 47.422], [8.6683, 47.4218], [8.6689, 47.4217], [8.6695, 47.4216]], [[8.6695, 47.4216], [8.67, 47.4216]], [[8.6726, 47.4212], [8.6722, 47.4212], [8.672, 47.4213], [8.6717, 47.4213], [8.671, 47.4214], [8.6708, 47.4215], [8.6705, 47.4215], [8.67, 47.4216]], [[8.6726, 47.4212], [8.6739, 47.421], [8.675, 47.4208], [8.6751, 47.4208]], [[8.6751, 47.4208], [8.6752, 47.4208], [8.6754, 47.4208], [8.6756, 47.4208], [8.6758, 47.4207], [8.6761, 47.4207], [8.6763, 47.4207], [8.6766, 47.4207], [8.6768, 47.4207], [8.6771, 47.4207], [8.6773, 47.4207], [8.6776, 47.4207], [8.6777, 47.4207], [8.6778, 47.4207], [8.678, 47.4207], [8.6782, 47.4207], [8.6785, 47.4207], [8.6786, 47.4208], [8.6787, 47.4208], [8.6789, 47.4208], [8.6792, 47.4208], [8.6794, 47.4209], [8.6796, 47.4209], [8.6798, 47.4209], [8.6799, 47.421], [8.6802, 47.421], [8.6804, 47.421], [8.6805, 47.4211], [8.6807, 47.4211], [8.6809, 47.4212], [8.6811, 47.4213], [8.6813, 47.4213]], [[8.6813, 47.4213], [8.6814, 47.4213]], [[8.6814, 47.4213], [8.6819, 47.4215], [8.6821, 47.4216], [8.6823, 47.4217], [8.6825, 47.4218], [8.6827, 47.4219], [8.6828, 47.4219], [8.6829, 47.422], [8.683, 47.422], [8.6831, 47.4221], [8.6832, 47.4221], [8.6833, 47.4222], [8.6834, 47.4222], [8.6835, 47.4223]], [[8.6835, 47.4223], [8.6836, 47.4223], [8.6838, 47.4224], [8.6839, 47.4225], [8.684, 47.4226], [8.6842, 47.4227]], [[8.6842, 47.4227], [8.6843, 47.4227], [8.6844, 47.4228]], [[8.6844, 47.4228], [8.6845, 47.4229], [8.6846, 47.423], [8.6848, 47.4231], [8.6849, 47.4232], [8.685, 47.4233], [8.6851, 47.4234], [8.6852, 47.4235], [8.6853, 47.4236], [8.6854, 47.4237], [8.6855, 47.4238], [8.6856, 47.4239], [8.6857, 47.424], [8.6858, 47.4242], [8.6859, 47.4243], [8.686, 47.4244], [8.6861, 47.4246], [8.6862, 47.4247], [8.6863, 47.4249], [8.6864, 47.425], [8.6865, 47.4252], [8.6867, 47.4256], [8.687, 47.4261], [8.6875, 47.427]], [[8.6875, 47.427], [8.6879, 47.4278], [8.6883, 47.4286]], [[8.6883, 47.4286], [8.6885, 47.4288], [8.689, 47.4297], [8.6896, 47.4307], [8.6901, 47.4318], [8.6905, 47.4324]], [[8.6905, 47.4324], [8.6906, 47.4327], [8.6907, 47.4329], [8.6908, 47.433], [8.6909, 47.4331], [8.6909, 47.4332], [8.691, 47.4333], [8.6911, 47.4335], [8.6912, 47.4335], [8.6912, 47.4336], [8.6914, 47.4338], [8.6915, 47.4339], [8.6916, 47.434], [8.6917, 47.4341], [8.6918, 47.4343], [8.692, 47.4344], [8.6921, 47.4345], [8.6922, 47.4346], [8.6923, 47.4346], [8.6924, 47.4347], [8.6926, 47.4348], [8.6927, 47.4349], [8.6929, 47.435], [8.693, 47.4351], [8.6931, 47.4352], [8.6932, 47.4352], [8.6933, 47.4353], [8.6935, 47.4354], [8.6936, 47.4354], [8.6938, 47.4355], [8.6939, 47.4356], [8.694, 47.4356], [8.6942, 47.4357], [8.6943, 47.4357], [8.6945, 47.4358], [8.6946, 47.4358], [8.6947, 47.4359], [8.6948, 47.4359], [8.6949, 47.436], [8.695, 47.436], [8.6951, 47.436], [8.6952, 47.436], [8.6954, 47.4361], [8.6956, 47.4361], [8.6958, 47.4362], [8.696, 47.4362], [8.6962, 47.4363], [8.6965, 47.4363], [8.6968, 47.4363]], [[8.6968, 47.4363], [8.6971, 47.4364], [8.6984, 47.4366], [8.6987, 47.4366], [8.6989, 47.4367], [8.6992, 47.4367], [8.6994, 47.4367], [8.6996, 47.4368], [8.6998, 47.4368], [8.7, 47.4369], [8.7003, 47.437], [8.7007, 47.4371], [8.7009, 47.4372], [8.7011, 47.4373]], [[8.7011, 47.4373], [8.7014, 47.4374]], [[8.7014, 47.4374], [8.7016, 47.4375], [8.7019, 47.4376], [8.702, 47.4377], [8.7021, 47.4377], [8.7023, 47.4378], [8.7024, 47.4379], [8.7025, 47.438], [8.7027, 47.438], [8.703, 47.4382], [8.7031, 47.4384], [8.7033, 47.4385], [8.7034, 47.4386], [8.7035, 47.4387], [8.7037, 47.4389], [8.7038, 47.439], [8.7039, 47.4391], [8.7041, 47.4393], [8.7042, 47.4394], [8.7043, 47.4396], [8.7044, 47.4397], [8.7045, 47.4398], [8.7046, 47.44], [8.7047, 47.4401], [8.7047, 47.4403], [8.7048, 47.4404], [8.7049, 47.4406], [8.7049, 47.4408], [8.705, 47.4409], [8.705, 47.441], [8.7051, 47.4412], [8.7051, 47.4414], [8.7051, 47.4415], [8.7051, 47.4417], [8.7051, 47.4419], [8.7051, 47.4421], [8.7051, 47.4422], [8.7051, 47.4423]], [[8.7051, 47.4423], [8.7051, 47.4424]], [[8.7051, 47.4424], [8.7051, 47.4425], [8.7051, 47.4426], [8.7051, 47.4427], [8.7051, 47.4429], [8.705, 47.443], [8.705, 47.4431], [8.705, 47.4433], [8.7049, 47.4434], [8.7049, 47.4436], [8.7043, 47.4456], [8.7042, 47.4458], [8.7042, 47.4459], [8.7042, 47.4461], [8.7041, 47.4462], [8.7041, 47.4464], [8.7041, 47.4466], [8.7041, 47.4468], [8.7041, 47.4469], [8.7041, 47.4471], [8.7041, 47.4472], [8.7041, 47.4474], [8.7041, 47.4476], [8.7041, 47.4477], [8.7041, 47.4478], [8.7042, 47.4479], [8.7042, 47.4481], [8.7043, 47.4485], [8.7044, 47.4488], [8.7048, 47.45]], [[8.7048, 47.45], [8.7048, 47.4501], [8.7052, 47.4511], [8.7054, 47.4519]], [[8.7054, 47.4519], [8.7058, 47.453], [8.7063, 47.4546]], [[8.7063, 47.4546], [8.7064, 47.455], [8.7068, 47.456]], [[8.7068, 47.456], [8.7074, 47.458], [8.7077, 47.4588], [8.7077, 47.459]], [[8.7077, 47.459], [8.7078, 47.4592], [8.7078, 47.4593], [8.7079, 47.4595], [8.7079, 47.4597], [8.708, 47.4598], [8.708, 47.4599], [8.708, 47.46], [8.708, 47.4601], [8.708, 47.4602], [8.7081, 47.4604], [8.7081, 47.4605], [8.7081, 47.4606], [8.7081, 47.4607], [8.7081, 47.4608], [8.7081, 47.461], [8.7081, 47.4611], [8.708, 47.4612], [8.708, 47.4613], [8.708, 47.4614], [8.708, 47.4615], [8.708, 47.4616], [8.708, 47.4617], [8.7079, 47.4618], [8.7079, 47.4619], [8.7078, 47.4621], [8.7078, 47.4622], [8.7077, 47.4623], [8.7077, 47.4625], [8.7076, 47.4626], [8.7075, 47.4629], [8.7074, 47.4632], [8.7073, 47.4633], [8.7073, 47.4634], [8.7072, 47.4635], [8.7072, 47.4636], [8.7071, 47.4637], [8.7071, 47.4638], [8.7071, 47.4639], [8.707, 47.464], [8.707, 47.4641], [8.707, 47.4642], [8.7069, 47.4644], [8.7069, 47.4645], [8.7069, 47.4646], [8.7069, 47.4647], [8.7069, 47.4648], [8.7069, 47.4649], [8.7069, 47.4652], [8.7067, 47.4673]], [[8.7067, 47.4673], [8.7067, 47.4674]], [[8.7067, 47.4674], [8.7066, 47.4682]], [[8.7065, 47.4699], [8.7064, 47.4708], [8.7064, 47.4715], [8.7063, 47.472], [8.7063, 47.4725]], [[8.7063, 47.4725], [8.7063, 47.4726]], [[8.7063, 47.4726], [8.7063, 47.4729], [8.7063, 47.4731]], [[8.7063, 47.4731], [8.7063, 47.4732], [8.7062, 47.4738]], [[8.7062, 47.4738], [8.7062, 47.4743], [8.7061, 47.4745], [8.7061, 47.4748], [8.706, 47.4753], [8.706, 47.4755], [8.706, 47.4757], [8.706, 47.4758], [8.706, 47.476], [8.706, 47.4761], [8.706, 47.4763], [8.706, 47.4764], [8.706, 47.4765], [8.706, 47.4767], [8.706, 47.4769], [8.706, 47.4771], [8.706, 47.4772], [8.7061, 47.4773]], [[8.7061, 47.4773], [8.7061, 47.4774], [8.7061, 47.4776], [8.7062, 47.4777], [8.7062, 47.4779], [8.7063, 47.4782], [8.7064, 47.4784], [8.7064, 47.4785], [8.7065, 47.4788], [8.7066, 47.479], [8.7067, 47.4792], [8.7068, 47.4794], [8.7069, 47.4796], [8.7071, 47.4797], [8.7072, 47.48], [8.7073, 47.4801], [8.7075, 47.4804], [8.7076, 47.4806], [8.7078, 47.4808]], [[8.7078, 47.4808], [8.7079, 47.4809], [8.7081, 47.4811]], [[8.7081, 47.4811], [8.7085, 47.4817]], [[8.7085, 47.4817], [8.7108, 47.4846]], [[8.7108, 47.4846], [8.7109, 47.4847]], [[8.7109, 47.4847], [8.7116, 47.4856], [8.7119, 47.486], [8.7121, 47.4862], [8.7127, 47.4869]], [[8.7127, 47.4869], [8.7133, 47.4877], [8.7136, 47.4881], [8.7142, 47.4888], [8.7149, 47.4897]], [[8.7149, 47.4897], [8.7163, 47.4912], [8.7167, 47.4918]], [[8.7167, 47.4918], [8.7168, 47.4919]], [[8.7168, 47.4919], [8.7169, 47.492], [8.717, 47.4921], [8.7172, 47.4923]], [[8.7172, 47.4923], [8.7174, 47.4925]], [[8.7174, 47.4925], [8.718, 47.4934]], [[8.718, 47.4934], [8.7203, 47.4962]], [[8.7203, 47.4962], [8.7211, 47.4972]], [[8.7211, 47.4972], [8.7214, 47.4976]], [[8.7214, 47.4976], [8.7222, 47.4986]], [[8.7222, 47.4986], [8.7224, 47.4988]], [[8.7224, 47.4988], [8.7229, 47.4994], [8.7236, 47.5004]], [[8.7236, 47.5004], [8.7248, 47.5018], [8.7249, 47.5019], [8.725, 47.5021]], [[8.725, 47.5021], [8.7252, 47.5024]], [[8.7252, 47.5024], [8.7255, 47.5027]], [[8.7255, 47.5027], [8.7257, 47.503]], [[8.7257, 47.503], [8.7262, 47.5037]], [[8.7262, 47.5037], [8.7265, 47.504]], [[8.7265, 47.504], [8.7266, 47.5041], [8.7266, 47.5042], [8.7267, 47.5042]], [[8.7267, 47.5042], [8.7267, 47.5043], [8.7268, 47.5043], [8.7269, 47.5044], [8.727, 47.5045], [8.7272, 47.5046], [8.7273, 47.5047], [8.7274, 47.5047], [8.7276, 47.5048], [8.7277, 47.5049], [8.7278, 47.5049], [8.7279, 47.505], [8.728, 47.505], [8.7281, 47.5051], [8.7283, 47.5051], [8.7284, 47.5052], [8.7285, 47.5052], [8.7286, 47.5052], [8.7289, 47.5053], [8.7291, 47.5053], [8.7293, 47.5053], [8.7295, 47.5053], [8.7297, 47.5053], [8.7299, 47.5053], [8.73, 47.5053], [8.7302, 47.5053], [8.7305, 47.5053], [8.7307, 47.5052], [8.7309, 47.5052], [8.7311, 47.5051], [8.7313, 47.5051], [8.7315, 47.505], [8.7322, 47.5048]], [[8.7322, 47.5048], [8.7327, 47.5046]], [[8.7327, 47.5046], [8.7366, 47.5033]], [[8.7366, 47.5033], [8.7375, 47.5029]], [[8.7375, 47.5029], [8.7381, 47.5027]], [[8.7381, 47.5027], [8.7384, 47.5026], [8.7386, 47.5025], [8.7392, 47.5023], [8.7407, 47.5019]], [[8.7407, 47.5019], [8.7432, 47.5012]], [[8.7432, 47.5012], [8.745, 47.5007]], [[8.745, 47.5007], [8.7453, 47.5006]], [[8.7453, 47.5006], [8.7458, 47.5004], [8.7463, 47.5003], [8.7468, 47.5002], [8.7473, 47.5001], [8.7478, 47.5]], [[8.7478, 47.5], [8.7483, 47.4999], [8.7487, 47.4998]], [[8.7487, 47.4998], [8.7489, 47.4997], [8.7491, 47.4997], [8.7493, 47.4996], [8.7496, 47.4995], [8.7506, 47.4993], [8.7507, 47.4992], [8.7509, 47.4992], [8.7511, 47.4991], [8.7512, 47.4991], [8.7513, 47.4991], [8.7514, 47.4991], [8.7515, 47.499], [8.7517, 47.499], [8.7519, 47.499], [8.7523, 47.4989]], [[8.7523, 47.4989], [8.7526, 47.4988], [8.7529, 47.4988], [8.7531, 47.4988], [8.7533, 47.4987], [8.7535, 47.4987], [8.7537, 47.4987], [8.7539, 47.4987], [8.754, 47.4987], [8.7542, 47.4987], [8.7545, 47.4987], [8.7547, 47.4987], [8.7549, 47.4987], [8.7551, 47.4987], [8.7553, 47.4987], [8.7555, 47.4987], [8.7557, 47.4987], [8.7559, 47.4987], [8.7561, 47.4987], [8.7563, 47.4987], [8.7565, 47.4987], [8.7566, 47.4988], [8.7568, 47.4988], [8.7569, 47.4988], [8.7571, 47.4988], [8.7572, 47.4988], [8.7575, 47.4989], [8.7577, 47.4989], [8.7578, 47.4989], [8.758, 47.499], [8.7582, 47.499], [8.7584, 47.499], [8.7586, 47.4991], [8.7588, 47.4991], [8.759, 47.4992], [8.7592, 47.4992], [8.7595, 47.4993], [8.7598, 47.4994], [8.7602, 47.4995], [8.7606, 47.4996]], [[8.7606, 47.4996], [8.7608, 47.4996]], [[8.7608, 47.4996], [8.7622, 47.5]], [[8.7622, 47.5], [8.7626, 47.5001]], [[8.7626, 47.5001], [8.763, 47.5002], [8.7634, 47.5003], [8.764, 47.5004], [8.7643, 47.5005], [8.7647, 47.5006], [8.7652, 47.5007], [8.7691, 47.5016], [8.7729, 47.5024], [8.7732, 47.5024], [8.7735, 47.5025], [8.7738, 47.5025], [8.7741, 47.5026], [8.7744, 47.5026], [8.7746, 47.5026], [8.7749, 47.5027], [8.7751, 47.5027], [8.7754, 47.5027], [8.7757, 47.5027], [8.7759, 47.5027], [8.7762, 47.5027], [8.7765, 47.5027], [8.7767, 47.5027], [8.777, 47.5027], [8.7773, 47.5027], [8.7775, 47.5027], [8.7778, 47.5027], [8.778, 47.5027], [8.7783, 47.5026], [8.7785, 47.5026], [8.7788, 47.5026], [8.7791, 47.5025], [8.7794, 47.5025], [8.7797, 47.5024], [8.7801, 47.5023], [8.7809, 47.5022], [8.7815, 47.502], [8.7819, 47.5019], [8.7824, 47.5018], [8.7951, 47.4988]], [[8.7951, 47.4988], [8.7963, 47.4985], [8.7966, 47.4985], [8.7968, 47.4984], [8.7969, 47.4984], [8.7971, 47.4984], [8.7972, 47.4983], [8.7973, 47.4983], [8.7974, 47.4983], [8.7975, 47.4983], [8.7976, 47.4983], [8.7977, 47.4983], [8.7979, 47.4983], [8.798, 47.4983], [8.7981, 47.4983], [8.7982, 47.4983], [8.7983, 47.4983], [8.7984, 47.4983], [8.7985, 47.4983], [8.7986, 47.4983], [8.7987, 47.4983], [8.7988, 47.4983], [8.7989, 47.4983], [8.799, 47.4983], [8.7991, 47.4983], [8.7992, 47.4983], [8.7993, 47.4983], [8.7994, 47.4983], [8.7995, 47.4983], [8.7996, 47.4984], [8.7997, 47.4984], [8.7998, 47.4984], [8.7999, 47.4984], [8.8, 47.4984], [8.8001, 47.4984], [8.8001, 47.4985]], [[8.8001, 47.4985], [8.8003, 47.4985]], [[8.8003, 47.4985], [8.8004, 47.4985], [8.8005, 47.4985], [8.8006, 47.4986], [8.8007, 47.4986], [8.8008, 47.4987], [8.8009, 47.4987], [8.801, 47.4987], [8.8011, 47.4988], [8.8012, 47.4988], [8.8014, 47.4989], [8.8015, 47.4989], [8.8016, 47.499], [8.8017, 47.499], [8.8019, 47.4991], [8.8021, 47.4992], [8.8023, 47.4994], [8.8025, 47.4995], [8.8027, 47.4996], [8.8028, 47.4996], [8.8029, 47.4997], [8.803, 47.4997], [8.8032, 47.4998], [8.8033, 47.4999], [8.8034, 47.4999], [8.8035, 47.5], [8.8036, 47.5], [8.8037, 47.5], [8.8038, 47.5001], [8.8039, 47.5001], [8.804, 47.5002], [8.8041, 47.5002], [8.8043, 47.5003], [8.8044, 47.5003], [8.8046, 47.5003], [8.8048, 47.5004], [8.8049, 47.5004], [8.805, 47.5004], [8.8052, 47.5005], [8.8053, 47.5005], [8.8055, 47.5005], [8.8056, 47.5005], [8.8057, 47.5005], [8.8059, 47.5006], [8.8061, 47.5006], [8.8063, 47.5006], [8.8064, 47.5006], [8.8066, 47.5006], [8.8067, 47.5006], [8.8069, 47.5006], [8.807, 47.5006], [8.8072, 47.5006], [8.8073, 47.5006], [8.8075, 47.5006], [8.8076, 47.5005], [8.8078, 47.5005], [8.808, 47.5005], [8.8081, 47.5005], [8.8084, 47.5004], [8.8088, 47.5004], [8.8093, 47.5003], [8.8096, 47.5003], [8.8098, 47.5003], [8.81, 47.5002], [8.8102, 47.5002], [8.8104, 47.5002], [8.8105, 47.5002], [8.8106, 47.5002], [8.8107, 47.5002], [8.8108, 47.5002], [8.8109, 47.5002], [8.8111, 47.5002], [8.8112, 47.5002], [8.8113, 47.5002], [8.8115, 47.5002], [8.8116, 47.5002], [8.8117, 47.5002], [8.8118, 47.5002], [8.8119, 47.5002], [8.812, 47.5002], [8.8121, 47.5003], [8.8123, 47.5003], [8.8124, 47.5003], [8.8125, 47.5003], [8.8126, 47.5003], [8.8128, 47.5003], [8.8129, 47.5004], [8.813, 47.5004], [8.8132, 47.5004], [8.8133, 47.5005], [8.8134, 47.5005], [8.8136, 47.5005], [8.8137, 47.5006], [8.8139, 47.5006], [8.814, 47.5007], [8.8141, 47.5007], [8.8143, 47.5008], [8.8144, 47.5008], [8.8145, 47.5008], [8.8146, 47.5009], [8.8147, 47.5009], [8.8148, 47.501]], [[8.8148, 47.501], [8.8149, 47.501], [8.815, 47.5011], [8.8152, 47.5012], [8.8153, 47.5012], [8.8154, 47.5013], [8.8155, 47.5013], [8.8156, 47.5014], [8.8157, 47.5015], [8.8158, 47.5016], [8.816, 47.5017], [8.8162, 47.5018], [8.8164, 47.502], [8.8171, 47.5026], [8.8173, 47.5027], [8.8174, 47.5028], [8.8175, 47.5029], [8.8177, 47.503], [8.8178, 47.5031], [8.8179, 47.5032], [8.8181, 47.5033], [8.8182, 47.5033], [8.8183, 47.5034], [8.8185, 47.5035], [8.8187, 47.5036], [8.8188, 47.5037], [8.819, 47.5038], [8.8192, 47.5038], [8.8193, 47.5039], [8.8195, 47.504], [8.8196, 47.504], [8.8198, 47.5041], [8.8199, 47.5041], [8.8201, 47.5041]], [[8.8201, 47.5041], [8.8202, 47.5042], [8.8204, 47.5043], [8.8224, 47.5048]], [[8.8224, 47.5048], [8.8226, 47.5048]], [[8.8226, 47.5048], [8.8294, 47.5067], [8.8298, 47.5068], [8.8301, 47.5069], [8.8304, 47.5069], [8.8308, 47.507], [8.831, 47.5071], [8.8313, 47.5071]], [[8.8313, 47.5071], [8.8314, 47.5072], [8.8316, 47.5072], [8.8317, 47.5072], [8.8319, 47.5072], [8.8321, 47.5073], [8.8323, 47.5073], [8.8325, 47.5073], [8.8327, 47.5073], [8.8328, 47.5074], [8.833, 47.5074], [8.8332, 47.5074], [8.8334, 47.5074], [8.8336, 47.5074], [8.8337, 47.5074], [8.834, 47.5074], [8.8342, 47.5075], [8.8344, 47.5075], [8.8346, 47.5075], [8.8348, 47.5075], [8.835, 47.5075], [8.8352, 47.5074], [8.8354, 47.5074], [8.8356, 47.5074], [8.8357, 47.5074], [8.8359, 47.5074], [8.8361, 47.5074], [8.8362, 47.5074], [8.8364, 47.5074], [8.8366, 47.5073], [8.8368, 47.5073], [8.837, 47.5073], [8.8372, 47.5073], [8.8374, 47.5072], [8.8376, 47.5072], [8.8378, 47.5072], [8.838, 47.5071], [8.8383, 47.5071], [8.8385, 47.507], [8.8386, 47.507], [8.8388, 47.507], [8.8389, 47.5069], [8.8391, 47.5069], [8.8393, 47.5068]], [[8.8393, 47.5068], [8.8394, 47.5068], [8.8396, 47.5067], [8.8397, 47.5067], [8.8399, 47.5066], [8.84, 47.5066], [8.8402, 47.5065], [8.8407, 47.5063], [8.8409, 47.5063], [8.8416, 47.506]], [[8.8416, 47.506], [8.8427, 47.5055]], [[8.8427, 47.5055], [8.8438, 47.5051], [8.8493, 47.5028]], [[8.8493, 47.5028], [8.8513, 47.502], [8.8516, 47.5019], [8.8533, 47.5012]], [[8.8533, 47.5012], [8.8547, 47.5006], [8.8551, 47.5005], [8.8552, 47.5004], [8.8554, 47.5004], [8.8555, 47.5003], [8.8557, 47.5002], [8.8559, 47.5002], [8.8561, 47.5001], [8.8562, 47.5001]], [[8.8562, 47.5001], [8.8563, 47.5], [8.8564, 47.5], [8.8566, 47.4999], [8.8569, 47.4999], [8.8572, 47.4998], [8.8575, 47.4997], [8.8578, 47.4996], [8.858, 47.4996], [8.8582, 47.4995], [8.8584, 47.4995], [8.8585, 47.4995], [8.8587, 47.4994], [8.859, 47.4994], [8.8593, 47.4994]], [[8.8593, 47.4994], [8.8596, 47.4993], [8.8619, 47.499]], [[8.8619, 47.499], [8.8621, 47.4989], [8.8635, 47.4987], [8.8638, 47.4987], [8.8644, 47.4986], [8.8653, 47.4984], [8.8663, 47.4983], [8.8668, 47.4982], [8.8671, 47.4981], [8.8673, 47.4981], [8.8676, 47.498]], [[8.8676, 47.498], [8.8684, 47.4979], [8.869, 47.4978]], [[8.869, 47.4978], [8.8712, 47.4974]], [[8.8712, 47.4974], [8.8765, 47.4966]], [[8.8768, 47.4965], [8.8765, 47.4966]], [[8.8934, 47.4916], [8.8839, 47.4951], [8.8837, 47.4951], [8.8835, 47.4952], [8.8833, 47.4953], [8.8832, 47.4953], [8.883, 47.4954], [8.8829, 47.4954], [8.8827, 47.4955], [8.8826, 47.4955], [8.8824, 47.4955], [8.8823, 47.4956], [8.8821, 47.4956], [8.8819, 47.4957], [8.8817, 47.4957], [8.8814, 47.4958], [8.8813, 47.4958], [8.8811, 47.4958], [8.8808, 47.4959], [8.8802, 47.496], [8.8768, 47.4965]], [[8.8936, 47.4916], [8.8934, 47.4916]], [[8.8942, 47.4913], [8.8936, 47.4916]], [[8.8974, 47.4902], [8.8942, 47.4913]], [[8.8999, 47.4893], [8.8974, 47.4902]], [[8.9031, 47.4881], [8.9024, 47.4884], [8.8999, 47.4893]], [[8.9051, 47.4873], [8.905, 47.4873], [8.9048, 47.4874], [8.9047, 47.4875], [8.9046, 47.4875], [8.9044, 47.4876], [8.9043, 47.4877], [8.9041, 47.4877], [8.904, 47.4878], [8.9038, 47.4879], [8.9035, 47.488], [8.9031, 47.4881]], [[8.909, 47.4797], [8.9089, 47.4798], [8.9089, 47.48], [8.9088, 47.4801], [8.9088, 47.4802], [8.9087, 47.4803], [8.9087, 47.4804], [8.9086, 47.4805], [8.9086, 47.4806], [8.9085, 47.4808], [8.9085, 47.481], [8.9084, 47.4814], [8.9082, 47.4819], [8.9081, 47.4824], [8.908, 47.4826], [8.908, 47.4828], [8.908, 47.483], [8.9079, 47.4832], [8.9078, 47.4839], [8.9078, 47.484], [8.9077, 47.4841], [8.9077, 47.4843], [8.9077, 47.4844], [8.9076, 47.4845], [8.9076, 47.4846], [8.9076, 47.4847], [8.9075, 47.4848], [8.9075, 47.4849], [8.9074, 47.485], [8.9074, 47.4851], [8.9073, 47.4852], [8.9072, 47.4853], [8.9072, 47.4854], [8.9071, 47.4855], [8.907, 47.4857], [8.9069, 47.4858], [8.9068, 47.4859], [8.9068, 47.486], [8.9067, 47.4861], [8.9066, 47.4861], [8.9065, 47.4862], [8.9064, 47.4864], [8.9063, 47.4864], [8.9062, 47.4865], [8.9061, 47.4866], [8.906, 47.4867], [8.9059, 47.4868], [8.9058, 47.4869], [8.9056, 47.487], [8.9055, 47.487], [8.9054, 47.4871], [8.9053, 47.4872], [8.9051, 47.4873]], [[8.9091, 47.4796], [8.909, 47.4797]], [[8.917, 47.4742], [8.9165, 47.4744], [8.916, 47.4746], [8.9156, 47.4749], [8.9152, 47.4751], [8.9139, 47.4759], [8.9124, 47.4768], [8.9109, 47.4779], [8.9106, 47.4781], [8.9104, 47.4782], [8.9103, 47.4784], [8.9101, 47.4785], [8.91, 47.4786], [8.9099, 47.4786], [8.9099, 47.4787], [8.9098, 47.4788], [8.9097, 47.4789], [8.9096, 47.479], [8.9095, 47.4791], [8.9094, 47.4792], [8.9093, 47.4793], [8.9092, 47.4794], [8.9092, 47.4795], [8.9091, 47.4796]], [[8.9186, 47.4735], [8.9178, 47.4738], [8.917, 47.4742]], [[8.9187, 47.4734], [8.9186, 47.4735]], [[8.9243, 47.471], [8.9193, 47.4732], [8.9187, 47.4734]], [[8.9244, 47.471], [8.9243, 47.471]], [[8.927, 47.4698], [8.9244, 47.471]], [[8.9271, 47.4698], [8.927, 47.4698]], [[8.9296, 47.4687], [8.9271, 47.4698]], [[8.9297, 47.4686], [8.9296, 47.4687]], [[8.9511, 47.4617], [8.9505, 47.4617], [8.9498, 47.4617], [8.9491, 47.4618], [8.9484, 47.4619], [8.9475, 47.462], [8.9468, 47.4622], [8.946, 47.4624], [8.9453, 47.4626], [8.9446, 47.4628], [8.9439, 47.463], [8.9434, 47.4632], [8.9409, 47.4641], [8.9394, 47.4647], [8.9344, 47.4666], [8.9335, 47.467], [8.9324, 47.4674], [8.9297, 47.4686]], [[8.9514, 47.4617], [8.9511, 47.4617]], [[8.9552, 47.4615], [8.9514, 47.4617]], [[8.9626, 47.4613], [8.9591, 47.4614], [8.9582, 47.4614], [8.9576, 47.4614], [8.957, 47.4615], [8.9552, 47.4615]], [[8.9813, 47.4554], [8.9809, 47.4554], [8.9807, 47.4555], [8.9801, 47.4556], [8.9796, 47.4557], [8.9792, 47.4559], [8.9787, 47.456], [8.9783, 47.4563], [8.9778, 47.4565], [8.9774, 47.4568], [8.9767, 47.4572], [8.9762, 47.4577], [8.9753, 47.4586], [8.9745, 47.4593], [8.9741, 47.4595], [8.9737, 47.4598], [8.9733, 47.46], [8.9729, 47.4602], [8.9725, 47.4604], [8.972, 47.4605], [8.9715, 47.4607], [8.9709, 47.4608], [8.9705, 47.4609], [8.9701, 47.461], [8.9697, 47.461], [8.9692, 47.461], [8.9682, 47.4611], [8.9626, 47.4613]], [[8.9815, 47.4553], [8.9813, 47.4554]], [[8.9843, 47.4553], [8.9838, 47.4553], [8.9833, 47.4553], [8.9828, 47.4553], [8.9822, 47.4553], [8.9815, 47.4553]], [[8.9845, 47.4554], [8.9843, 47.4553]], [[8.9879, 47.4565], [8.9871, 47.4561], [8.9865, 47.4559], [8.986, 47.4557], [8.9856, 47.4556], [8.9851, 47.4555], [8.9848, 47.4554], [8.9845, 47.4554]], [[8.9881, 47.4566], [8.9879, 47.4565]], [[8.9974, 47.4608], [8.9881, 47.4566]], [[9.0058, 47.463], [9.0044, 47.4627], [9.0008, 47.462], [9.0001, 47.4619], [8.9998, 47.4618], [8.9993, 47.4616], [8.9989, 47.4615], [8.9984, 47.4613], [8.9974, 47.4608]], [[9.0116, 47.4637], [9.0115, 47.4637], [9.0114, 47.4637], [9.0112, 47.4637], [9.0109, 47.4637], [9.0107, 47.4637], [9.0105, 47.4637], [9.0103, 47.4637], [9.01, 47.4637], [9.0097, 47.4636], [9.0095, 47.4636], [9.0092, 47.4636], [9.009, 47.4636], [9.0088, 47.4635], [9.0086, 47.4635], [9.0084, 47.4635], [9.0078, 47.4633], [9.0065, 47.4631], [9.0064, 47.4631], [9.0058, 47.463]], [[9.0117, 47.4637], [9.0116, 47.4637]], [[9.0272, 47.4606], [9.027, 47.4605], [9.0269, 47.4605], [9.0267, 47.4605], [9.0266, 47.4605], [9.0264, 47.4604], [9.0263, 47.4604], [9.0261, 47.4604], [9.026, 47.4604], [9.0259, 47.4604], [9.0257, 47.4604], [9.0256, 47.4604], [9.0254, 47.4604], [9.0253, 47.4603], [9.0252, 47.4603], [9.025, 47.4603], [9.0249, 47.4603], [9.0248, 47.4603], [9.0246, 47.4603], [9.0245, 47.4603], [9.0244, 47.4604], [9.0243, 47.4604], [9.0242, 47.4604], [9.024, 47.4604], [9.0239, 47.4604], [9.0237, 47.4604], [9.0236, 47.4604], [9.0234, 47.4604], [9.0232, 47.4605], [9.0231, 47.4605], [9.0229, 47.4605], [9.0227, 47.4606], [9.0226, 47.4606], [9.0224, 47.4606], [9.0223, 47.4607], [9.0221, 47.4607], [9.022, 47.4607], [9.0219, 47.4608], [9.0217, 47.4608], [9.0215, 47.4609], [9.0214, 47.4609], [9.0212, 47.461], [9.0208, 47.4612], [9.0164, 47.4627], [9.016, 47.4629], [9.0157, 47.463], [9.0155, 47.463], [9.0153, 47.4631], [9.0152, 47.4632], [9.015, 47.4632], [9.0148, 47.4633], [9.0146, 47.4633], [9.0145, 47.4633], [9.0143, 47.4634], [9.014, 47.4634], [9.0137, 47.4635], [9.0135, 47.4635], [9.0133, 47.4636], [9.0131, 47.4636], [9.0129, 47.4636], [9.0126, 47.4636], [9.0124, 47.4637], [9.0121, 47.4637], [9.0119, 47.4637], [9.0117, 47.4637]], [[9.0277, 47.4607], [9.0276, 47.4607], [9.0275, 47.4606], [9.0273, 47.4606], [9.0272, 47.4606]], [[9.0295, 47.4613], [9.0294, 47.4612], [9.0289, 47.4611], [9.0287, 47.461], [9.0285, 47.4609], [9.0284, 47.4609], [9.0282, 47.4608], [9.0281, 47.4608], [9.0279, 47.4607], [9.0277, 47.4607]], [[9.0306, 47.4616], [9.0303, 47.4615], [9.0298, 47.4614], [9.0295, 47.4613]], [[9.0307, 47.4617], [9.0306, 47.4616]], [[9.0307, 47.4617], [9.0309, 47.4617], [9.0311, 47.4618]], [[9.0311, 47.4618], [9.0314, 47.4618]], [[9.0355, 47.4624], [9.0351, 47.4624], [9.0347, 47.4624], [9.0344, 47.4623], [9.0342, 47.4623], [9.034, 47.4623], [9.0338, 47.4623], [9.0336, 47.4623], [9.0335, 47.4623], [9.0333, 47.4622], [9.0331, 47.4622], [9.033, 47.4622], [9.0328, 47.4621], [9.0326, 47.4621], [9.0325, 47.462], [9.0322, 47.462], [9.0321, 47.4619], [9.032, 47.4619], [9.0314, 47.4618]], [[9.0363, 47.4624], [9.0362, 47.4624], [9.036, 47.4624], [9.0359, 47.4624], [9.0357, 47.4624], [9.0356, 47.4624], [9.0355, 47.4624]], [[9.0371, 47.4623], [9.0368, 47.4624], [9.0366, 47.4624], [9.0364, 47.4624], [9.0363, 47.4624]], [[9.0371, 47.4623], [9.0374, 47.4623]], [[9.0374, 47.4623], [9.0375, 47.4623]], [[9.0375, 47.4623], [9.038, 47.4623]], [[9.038, 47.4623], [9.0381, 47.4623], [9.0383, 47.4623], [9.0384, 47.4623], [9.0386, 47.4622], [9.039, 47.4622], [9.0403, 47.4621], [9.0416, 47.462], [9.0417, 47.462], [9.0419, 47.462], [9.042, 47.4619], [9.0423, 47.4619], [9.0424, 47.4619], [9.0426, 47.4618], [9.0427, 47.4618]], [[8.6947, 47.5457], [8.6955, 47.5437], [8.6952, 47.5446], [8.6951, 47.5447], [8.695, 47.5451], [8.6949, 47.5452], [8.6948, 47.5456], [8.6947, 47.5457]], [[8.6852, 47.5644], [8.6851, 47.5646], [8.685, 47.5647], [8.6849, 47.565], [8.6846, 47.5658], [8.6843, 47.5664], [8.6842, 47.5664], [8.6852, 47.5644]], [[8.6752, 47.5936], [8.6756, 47.5936], [8.676, 47.5936], [8.6765, 47.5937], [8.6772, 47.5937], [8.6773, 47.5937], [8.6775, 47.5937], [8.6778, 47.5937], [8.6782, 47.5938]], [[8.6559, 47.6319], [8.656, 47.6319], [8.6561, 47.6316], [8.6561, 47.6315], [8.6561, 47.6314], [8.6562, 47.6313], [8.6563, 47.6309], [8.6563, 47.6308], [8.6562, 47.6308], [8.6563, 47.63], [8.6564, 47.63], [8.6563, 47.63], [8.6562, 47.6308], [8.6561, 47.6314], [8.656, 47.6316], [8.6559, 47.6319]], [[8.6128, 47.6678], [8.6129, 47.6677], [8.613, 47.6677], [8.613, 47.6676], [8.6131, 47.6675], [8.6132, 47.6674], [8.6133, 47.6674], [8.6134, 47.6672], [8.6136, 47.6671], [8.6145, 47.6662], [8.6144, 47.6662], [8.6143, 47.6664], [8.6142, 47.6665], [8.6141, 47.6665], [8.6141, 47.6666], [8.6138, 47.6668], [8.6132, 47.6674], [8.6129, 47.6677], [8.6128, 47.6678]], [[8.6142, 47.6765], [8.6143, 47.6765], [8.6144, 47.6766], [8.6143, 47.6766], [8.6142, 47.6765], [8.6141, 47.6765], [8.614, 47.6765], [8.6139, 47.6765], [8.6138, 47.6764], [8.6137, 47.6764], [8.6136, 47.6763], [8.6135, 47.6763], [8.6134, 47.6763], [8.6133, 47.6762], [8.6132, 47.6762], [8.6132, 47.6761], [8.6131, 47.6761], [8.613, 47.6761], [8.6129, 47.6761], [8.6129, 47.676], [8.6128, 47.676], [8.6128, 47.6759], [8.6127, 47.6759], [8.6126, 47.6758], [8.6126, 47.6757], [8.6125, 47.6757], [8.6124, 47.6756], [8.6123, 47.6755], [8.6122, 47.6754], [8.6121, 47.6753], [8.6122, 47.6753], [8.6122, 47.6754], [8.6123, 47.6754], [8.6123, 47.6755], [8.6124, 47.6755], [8.6124, 47.6756], [8.6125, 47.6756], [8.6125, 47.6757], [8.6126, 47.6757], [8.6126, 47.6758], [8.6127, 47.6758], [8.6128, 47.6759], [8.6129, 47.676], [8.613, 47.676], [8.6131, 47.6761], [8.6132, 47.6761], [8.6133, 47.6762], [8.6134, 47.6762], [8.6135, 47.6763], [8.6136, 47.6763], [8.6137, 47.6764], [8.6138, 47.6764], [8.6139, 47.6764], [8.614, 47.6764], [8.614, 47.6765], [8.6141, 47.6765], [8.6142, 47.6765]], [[8.6253, 47.6822], [8.6254, 47.6822], [8.6253, 47.6824], [8.6253, 47.6825], [8.6253, 47.6826], [8.6253, 47.6827], [8.6252, 47.6829], [8.6252, 47.6831], [8.6251, 47.6832], [8.6251, 47.6834], [8.625, 47.6835], [8.625, 47.6837], [8.6249, 47.6839], [8.6249, 47.684], [8.6248, 47.6841], [8.6247, 47.6843], [8.6246, 47.6845], [8.6243, 47.6852], [8.6245, 47.6848], [8.6246, 47.6845], [8.6248, 47.6838], [8.6249, 47.6837], [8.6249, 47.6835], [8.625, 47.6834], [8.6251, 47.6831], [8.6252, 47.6828], [8.6252, 47.6827], [8.6252, 47.6826], [8.6253, 47.6825], [8.6253, 47.6824], [8.6253, 47.6822]], [[8.2091, 47.481], [8.2084, 47.4801]], [[8.2114, 47.4829], [8.2113, 47.4828], [8.2112, 47.4828], [8.211, 47.4827], [8.2109, 47.4827], [8.2108, 47.4826], [8.2107, 47.4825], [8.2106, 47.4825], [8.2105, 47.4825], [8.2105, 47.4824], [8.2104, 47.4823], [8.2103, 47.4823], [8.2102, 47.4822], [8.2101, 47.4821], [8.21, 47.482], [8.2099, 47.482], [8.2099, 47.4819], [8.2098, 47.4818], [8.2097, 47.4817], [8.2091, 47.481]], [[8.2145, 47.4832], [8.214, 47.4832], [8.2137, 47.4832], [8.2136, 47.4832], [8.2134, 47.4832], [8.2133, 47.4832], [8.2131, 47.4832], [8.213, 47.4832], [8.2128, 47.4832], [8.2127, 47.4832], [8.2126, 47.4832], [8.2124, 47.4831], [8.2123, 47.4831], [8.2122, 47.4831], [8.212, 47.483], [8.2119, 47.483], [8.2117, 47.483], [8.2116, 47.4829], [8.2114, 47.4829]], [[8.2145, 47.4832], [8.2148, 47.4832]], [[8.2148, 47.4832], [8.2153, 47.4832], [8.2156, 47.4832], [8.2162, 47.4833]], [[8.2162, 47.4833], [8.2172, 47.4833], [8.2191, 47.4834]], [[8.7168, 47.4919], [8.7171, 47.4923]], [[8.7171, 47.4923], [8.718, 47.4934]], [[8.718, 47.4934], [8.7202, 47.4962]], [[8.7202, 47.4962], [8.7203, 47.4964], [8.7208, 47.4969], [8.7213, 47.4975]], [[8.7213, 47.4975], [8.7215, 47.4978]], [[8.7215, 47.4978], [8.7216, 47.498]], [[8.7222, 47.4989], [8.7219, 47.4985], [8.7218, 47.4983], [8.7217, 47.4982], [8.7216, 47.498]], [[8.7233, 47.5005], [8.7227, 47.4998], [8.7226, 47.4995], [8.7222, 47.4989]], [[8.7243, 47.5017], [8.7242, 47.5016], [8.724, 47.5013], [8.7233, 47.5005]], [[8.7246, 47.502], [8.7243, 47.5017]], [[8.725, 47.5024], [8.7249, 47.5023], [8.7248, 47.5022], [8.7246, 47.502]], [[8.725, 47.5025], [8.725, 47.5024]], [[8.7251, 47.5026], [8.725, 47.5025]], [[8.7252, 47.5027], [8.7251, 47.5026]], [[8.7254, 47.503], [8.7252, 47.5027]], [[8.7256, 47.5033], [8.7254, 47.503]], [[8.7256, 47.5033], [8.7257, 47.5033], [8.7257, 47.5034], [8.7258, 47.5036], [8.7259, 47.5037], [8.7259, 47.5038], [8.726, 47.5039], [8.726, 47.504]], [[8.7261, 47.5049], [8.7261, 47.5048], [8.7262, 47.5047], [8.7262, 47.5046], [8.7261, 47.5045], [8.7261, 47.5044], [8.7261, 47.5043], [8.7261, 47.5042], [8.726, 47.504]], [[8.7255, 47.5059], [8.7256, 47.5058], [8.7257, 47.5058], [8.7257, 47.5057], [8.7258, 47.5056], [8.7259, 47.5055], [8.7259, 47.5054], [8.726, 47.5053], [8.726, 47.5052], [8.7261, 47.5051], [8.7261, 47.505], [8.7261, 47.5049]], [[8.7227, 47.5072], [8.723, 47.5072], [8.7231, 47.5072], [8.7232, 47.5071], [8.7233, 47.5071], [8.7234, 47.5071], [8.7235, 47.5071], [8.7236, 47.507], [8.7238, 47.507], [8.7239, 47.5069], [8.724, 47.5069], [8.7241, 47.5069], [8.7242, 47.5068], [8.7243, 47.5068], [8.7244, 47.5068], [8.7245, 47.5067], [8.7246, 47.5066], [8.7247, 47.5066], [8.7248, 47.5065], [8.7249, 47.5065], [8.725, 47.5064], [8.7251, 47.5063], [8.7252, 47.5063], [8.7253, 47.5062], [8.7254, 47.5061], [8.7255, 47.506], [8.7255, 47.5059]], [[8.6958, 47.5171], [8.6959, 47.517], [8.6959, 47.5169], [8.696, 47.5168], [8.696, 47.5167], [8.6961, 47.5166], [8.6961, 47.5165], [8.6962, 47.5164], [8.6963, 47.5163], [8.6964, 47.5162], [8.6965, 47.5161], [8.6966, 47.516], [8.6968, 47.5158], [8.697, 47.5156], [8.6972, 47.5153], [8.6973, 47.5152], [8.6974, 47.5151], [8.6975, 47.515], [8.6976, 47.5149], [8.6977, 47.5149], [8.6978, 47.5148], [8.6979, 47.5147], [8.698, 47.5146], [8.6981, 47.5145], [8.6982, 47.5144], [8.6984, 47.5143], [8.6998, 47.5132], [8.7007, 47.5126], [8.701, 47.5124], [8.7011, 47.5123], [8.7013, 47.5122], [8.7014, 47.5122], [8.7016, 47.5121], [8.7017, 47.512], [8.7019, 47.5118], [8.7022, 47.5117], [8.7023, 47.5116], [8.7026, 47.5115], [8.7029, 47.5113], [8.7032, 47.5112], [8.7034, 47.511], [8.7037, 47.5109], [8.7038, 47.5108], [8.704, 47.5108], [8.7041, 47.5107], [8.7043, 47.5106], [8.7044, 47.5106], [8.7046, 47.5105], [8.7048, 47.5104], [8.705, 47.5103], [8.7052, 47.5103], [8.7054, 47.5102], [8.7056, 47.5101], [8.7058, 47.5101], [8.706, 47.51], [8.7063, 47.5099], [8.7065, 47.5098], [8.7068, 47.5097], [8.7069, 47.5097], [8.7071, 47.5097], [8.7073, 47.5096], [8.7075, 47.5096], [8.7077, 47.5095], [8.7079, 47.5095], [8.708, 47.5094], [8.7083, 47.5094], [8.7084, 47.5093], [8.7086, 47.5093], [8.7088, 47.5093], [8.709, 47.5092], [8.7092, 47.5092], [8.7094, 47.5092], [8.7098, 47.5091], [8.7135, 47.5086], [8.7136, 47.5086], [8.7137, 47.5085], [8.7168, 47.5081], [8.7179, 47.5079], [8.718, 47.5079], [8.7181, 47.5079], [8.7227, 47.5072]], [[8.6955, 47.5178], [8.6955, 47.5177], [8.6956, 47.5176], [8.6956, 47.5175], [8.6957, 47.5174], [8.6957, 47.5173], [8.6958, 47.5172], [8.6958, 47.5171]], [[8.6954, 47.5186], [8.6954, 47.5185], [8.6954, 47.5183], [8.6954, 47.5181], [8.6955, 47.518], [8.6955, 47.5178]], [[8.6955, 47.5197], [8.6954, 47.5196], [8.6954, 47.5195], [8.6954, 47.5194], [8.6954, 47.5193], [8.6954, 47.5192], [8.6954, 47.5191], [8.6954, 47.5189], [8.6954, 47.5188], [8.6954, 47.5187], [8.6954, 47.5186]], [[8.6977, 47.5277], [8.6976, 47.5261], [8.6976, 47.5253], [8.6975, 47.5249], [8.6975, 47.5247], [8.6975, 47.5246], [8.6975, 47.5244], [8.6974, 47.5242], [8.6974, 47.5241], [8.6974, 47.524], [8.6974, 47.5238], [8.6973, 47.5237], [8.6973, 47.5236], [8.6973, 47.5235], [8.6972, 47.5235], [8.6972, 47.5234], [8.6971, 47.5232], [8.6971, 47.523], [8.697, 47.5229], [8.697, 47.5228], [8.6969, 47.5227], [8.6969, 47.5226], [8.6968, 47.5225], [8.6967, 47.5223], [8.6966, 47.5221], [8.6961, 47.5211], [8.696, 47.521], [8.6959, 47.5208], [8.6958, 47.5206], [8.6957, 47.5205], [8.6957, 47.5204], [8.6956, 47.5202], [8.6956, 47.5201], [8.6955, 47.52], [8.6955, 47.5199], [8.6955, 47.5198], [8.6955, 47.5197]], [[8.6977, 47.5282], [8.6977, 47.5277]], [[8.698, 47.533], [8.6977, 47.5282]], [[8.698, 47.5331], [8.698, 47.533]], [[8.6982, 47.5352], [8.6981, 47.5341], [8.6981, 47.5338], [8.698, 47.5331]], [[8.696, 47.5424], [8.6966, 47.541], [8.6975, 47.5388], [8.6978, 47.5381], [8.6979, 47.5378], [8.698, 47.5374], [8.698, 47.5372], [8.6981, 47.5369], [8.6981, 47.5366], [8.6982, 47.5363], [8.6982, 47.5361], [8.6982, 47.5358], [8.6982, 47.5356], [8.6982, 47.5353], [8.6982, 47.5352]], [[8.6958, 47.5429], [8.696, 47.5424]], [[8.6958, 47.543], [8.6958, 47.5429]], [[8.6876, 47.5539], [8.6878, 47.5537], [8.6879, 47.5535], [8.6881, 47.5534], [8.6882, 47.5533], [8.6883, 47.5532], [8.6885, 47.5531], [8.6886, 47.553], [8.6887, 47.5529], [8.689, 47.5527], [8.6894, 47.5525], [8.6905, 47.5519], [8.691, 47.5515], [8.6912, 47.5514], [8.6915, 47.5511], [8.6918, 47.5509], [8.6921, 47.5506], [8.6924, 47.5504], [8.6926, 47.5501], [8.6928, 47.5498], [8.6931, 47.5495], [8.6933, 47.5491], [8.6934, 47.5488], [8.6936, 47.5485], [8.6941, 47.5471], [8.6946, 47.5458], [8.6946, 47.5457], [8.6947, 47.5457], [8.6951, 47.5446], [8.6955, 47.5437], [8.6958, 47.543]], [[8.6855, 47.5598], [8.6855, 47.5595], [8.6854, 47.5592], [8.6854, 47.5589], [8.6854, 47.5587], [8.6854, 47.5584], [8.6855, 47.5581], [8.6856, 47.5579], [8.6858, 47.5572], [8.6863, 47.556], [8.6864, 47.5557], [8.6865, 47.5554], [8.6866, 47.5552], [8.6867, 47.5551], [8.6868, 47.555], [8.6868, 47.5549], [8.6869, 47.5547], [8.687, 47.5546], [8.6871, 47.5545], [8.6872, 47.5544], [8.6872, 47.5543]], [[8.6857, 47.5607], [8.6857, 47.5605], [8.6856, 47.5603], [8.6855, 47.5598]], [[8.6835, 47.5682], [8.6837, 47.5675], [8.6841, 47.5666], [8.6843, 47.5663], [8.6849, 47.5649], [8.6852, 47.5643], [8.6852, 47.5642], [8.6853, 47.5641], [8.6854, 47.5639], [8.6854, 47.5637], [8.6855, 47.5634], [8.6856, 47.5632], [8.6856, 47.5631], [8.6857, 47.5627], [8.6858, 47.5624], [8.6858, 47.562], [8.6858, 47.5616], [8.6858, 47.5614], [8.6857, 47.5611], [8.6857, 47.5607]], [[8.6696, 47.5873], [8.6703, 47.5869], [8.6706, 47.5867], [8.6711, 47.5864], [8.6716, 47.586], [8.6726, 47.5853], [8.6734, 47.5848], [8.674, 47.5844], [8.6747, 47.584], [8.6753, 47.5836], [8.676, 47.5831], [8.6766, 47.5827], [8.677, 47.5822], [8.6775, 47.5817], [8.678, 47.5811], [8.6782, 47.5809], [8.6784, 47.5806], [8.6786, 47.5802], [8.6787, 47.5799], [8.6789, 47.5796], [8.6802, 47.5769], [8.6814, 47.5745], [8.6817, 47.5738], [8.6819, 47.5735], [8.682, 47.5732], [8.6822, 47.5728], [8.6823, 47.5725], [8.6824, 47.5721], [8.6825, 47.5714], [8.6826, 47.5709], [8.6827, 47.5705], [8.6828, 47.5702], [8.6831, 47.5692], [8.6835, 47.5682]], [[8.6722, 47.593], [8.6716, 47.5928], [8.6712, 47.5927], [8.6709, 47.5926], [8.6706, 47.5925], [8.6703, 47.5924], [8.67, 47.5923], [8.6698, 47.5921], [8.6695, 47.592], [8.6693, 47.5918], [8.6691, 47.5917], [8.6689, 47.5915], [8.6686, 47.5911], [8.6684, 47.5908], [8.6683, 47.5906], [8.6682, 47.5904], [8.6681, 47.5901], [8.6681, 47.5899], [8.6681, 47.5897], [8.6681, 47.5895], [8.6681, 47.5893], [8.6682, 47.589], [8.6682, 47.5888], [8.6684, 47.5885], [8.6685, 47.5883], [8.6687, 47.5881], [8.6689, 47.5878], [8.6692, 47.5876], [8.6694, 47.5874], [8.6696, 47.5873]], [[8.6775, 47.5937], [8.6765, 47.5936], [8.6761, 47.5936], [8.6757, 47.5936], [8.6752, 47.5936], [8.6749, 47.5935], [8.6745, 47.5935], [8.674, 47.5934], [8.6734, 47.5933], [8.6731, 47.5932], [8.6728, 47.5931], [8.6725, 47.5931], [8.6722, 47.593]], [[8.68, 47.5939], [8.6797, 47.5938], [8.6795, 47.5938], [8.6793, 47.5938], [8.6791, 47.5938], [8.679, 47.5938], [8.6786, 47.5938], [8.6782, 47.5937], [8.6775, 47.5937]], [[8.695, 47.5971], [8.6949, 47.597], [8.6948, 47.5967], [8.6945, 47.5963], [8.6941, 47.596], [8.6936, 47.5956], [8.6931, 47.5953], [8.6925, 47.5951], [8.6919, 47.595], [8.6916, 47.5949], [8.6913, 47.5948], [8.6909, 47.5948], [8.6906, 47.5948], [8.6902, 47.5948], [8.6897, 47.5948], [8.6892, 47.5949], [8.6876, 47.595], [8.6871, 47.5951], [8.6868, 47.5951], [8.6865, 47.5951], [8.6861, 47.5952], [8.6854, 47.5952], [8.6847, 47.5952], [8.684, 47.5952], [8.6833, 47.595], [8.683, 47.5949], [8.6826, 47.5948], [8.6822, 47.5947], [8.6818, 47.5945], [8.6815, 47.5944], [8.6814, 47.5944], [8.681, 47.5942], [8.6806, 47.5941], [8.6803, 47.594], [8.68, 47.5939]], [[8.6956, 47.5984], [8.695, 47.5971]], [[8.6957, 47.5987], [8.6956, 47.5984]], [[8.6957, 47.5988], [8.6957, 47.5987]], [[8.6938, 47.6032], [8.6947, 47.6022], [8.695, 47.6019], [8.6952, 47.6017], [8.6953, 47.6015], [8.6955, 47.6013], [8.6956, 47.6011], [8.6957, 47.6009], [8.6957, 47.6006], [8.6958, 47.6004], [8.6959, 47.6002], [8.6959, 47.6], [8.6959, 47.5997], [8.6959, 47.5995], [8.6959, 47.5993], [8.6958, 47.5991], [8.6957, 47.5989], [8.6957, 47.5988]], [[8.6937, 47.6033], [8.6938, 47.6032]], [[8.687, 47.6087], [8.6873, 47.6086], [8.6877, 47.6084], [8.6882, 47.6083], [8.6888, 47.608], [8.6893, 47.6076], [8.6897, 47.6073], [8.69, 47.607], [8.6903, 47.6067], [8.6937, 47.6033]], [[8.6862, 47.6089], [8.687, 47.6087]], [[8.6836, 47.6093], [8.6838, 47.6093], [8.6842, 47.6093], [8.6846, 47.6092], [8.6851, 47.6091], [8.6854, 47.609], [8.6862, 47.6089]], [[8.6703, 47.6108], [8.6706, 47.6106], [8.6708, 47.6105], [8.671, 47.6104], [8.6715, 47.6103], [8.6718, 47.6102], [8.672, 47.6101], [8.6726, 47.6099], [8.6732, 47.6098], [8.6738, 47.6097], [8.6744, 47.6097], [8.6752, 47.6096], [8.6794, 47.6095], [8.6829, 47.6093], [8.6836, 47.6093]], [[8.6702, 47.6108], [8.6703, 47.6108]], [[8.6637, 47.6199], [8.6642, 47.619], [8.6675, 47.6134], [8.6679, 47.6128], [8.6681, 47.6125], [8.6683, 47.6123], [8.6685, 47.6121], [8.6686, 47.6119], [8.6688, 47.6118], [8.669, 47.6116], [8.6692, 47.6114], [8.6694, 47.6113], [8.6697, 47.6111], [8.6701, 47.6109], [8.6702, 47.6108]], [[8.6566, 47.6287], [8.6567, 47.6285], [8.6568, 47.6283], [8.6569, 47.6281], [8.6571, 47.6279], [8.6572, 47.6277], [8.6573, 47.6275], [8.6575, 47.6273], [8.6577, 47.6271], [8.6582, 47.6266], [8.659, 47.6258], [8.6592, 47.6256], [8.6594, 47.6253], [8.6609, 47.6238], [8.6611, 47.6236], [8.6613, 47.6234], [8.6617, 47.623], [8.662, 47.6226], [8.6623, 47.6222], [8.6626, 47.6218], [8.6627, 47.6217], [8.6629, 47.6215], [8.6631, 47.6211], [8.6633, 47.6207], [8.6637, 47.6199]], [[8.6566, 47.6288], [8.6566, 47.6287]], [[8.6563, 47.6299], [8.6564, 47.6295], [8.6564, 47.6294], [8.6564, 47.6292], [8.6565, 47.629], [8.6565, 47.6289], [8.6566, 47.6288]], [[8.6559, 47.632], [8.6559, 47.6318], [8.656, 47.6317], [8.656, 47.6316], [8.6561, 47.6314], [8.6561, 47.6312], [8.6561, 47.6311], [8.6562, 47.6308], [8.6563, 47.6299]], [[8.6558, 47.6322], [8.6559, 47.632]], [[8.6554, 47.6328], [8.6555, 47.6326], [8.6556, 47.6325], [8.6557, 47.6324], [8.6557, 47.6323], [8.6558, 47.6322]], [[8.6554, 47.6328], [8.6552, 47.6331]], [[8.6552, 47.6331], [8.655, 47.6333], [8.6549, 47.6335], [8.6548, 47.6336], [8.6547, 47.6337]], [[8.6518, 47.6359], [8.652, 47.6358], [8.6521, 47.6357], [8.6524, 47.6355], [8.6525, 47.6354], [8.653, 47.635], [8.6531, 47.6349], [8.6534, 47.6347], [8.6541, 47.6342], [8.6542, 47.6341], [8.6545, 47.6339], [8.6546, 47.6338], [8.6547, 47.6337]], [[8.6458, 47.639], [8.647, 47.6386], [8.6474, 47.6384], [8.6482, 47.6382], [8.6489, 47.6379], [8.6495, 47.6376], [8.6499, 47.6373], [8.6506, 47.6368], [8.6517, 47.636], [8.6518, 47.6359]], [[8.6456, 47.6391], [8.6458, 47.639]], [[8.6346, 47.6447], [8.6362, 47.6436], [8.6379, 47.6423], [8.6384, 47.642], [8.6386, 47.6419], [8.6392, 47.6415], [8.6397, 47.6412], [8.6404, 47.6409], [8.6412, 47.6406], [8.6456, 47.6391]], [[8.6345, 47.6448], [8.6346, 47.6447]], [[8.6331, 47.6459], [8.6335, 47.6456], [8.6345, 47.6448]], [[8.6303, 47.6547], [8.6304, 47.6545], [8.6306, 47.6543], [8.6308, 47.654], [8.631, 47.6537], [8.6311, 47.6534], [8.6313, 47.6531], [8.6314, 47.6528], [8.6316, 47.6524], [8.6317, 47.6519], [8.6318, 47.6515], [8.6319, 47.6512], [8.6319, 47.6509], [8.6319, 47.6507], [8.6319, 47.6505], [8.6318, 47.65], [8.6316, 47.6495], [8.6315, 47.649], [8.6315, 47.6487], [8.6315, 47.6484], [8.6315, 47.6482], [8.6315, 47.648], [8.6316, 47.6478], [8.6317, 47.6476], [8.6318, 47.6474], [8.6319, 47.6472], [8.6321, 47.6468], [8.6324, 47.6464], [8.6328, 47.6461], [8.6331, 47.6459]], [[8.6158, 47.6651], [8.616, 47.665], [8.6162, 47.6648], [8.6164, 47.6647], [8.617, 47.6643], [8.6175, 47.664], [8.6183, 47.6635], [8.6197, 47.6628], [8.62, 47.6626], [8.6203, 47.6624], [8.6207, 47.6621], [8.6213, 47.6616], [8.6219, 47.6611], [8.6223, 47.6609], [8.6233, 47.6603], [8.6255, 47.6591], [8.626, 47.6588], [8.6264, 47.6585], [8.6267, 47.6583], [8.627, 47.6581], [8.6272, 47.6579], [8.6274, 47.6578], [8.6276, 47.6575], [8.6278, 47.6574], [8.6279, 47.6572], [8.6289, 47.6562], [8.6295, 47.6556], [8.6301, 47.6549], [8.6303, 47.6547]], [[8.6158, 47.6651], [8.615, 47.6658], [8.6147, 47.6661], [8.6145, 47.6663], [8.6139, 47.6668], [8.6136, 47.6671], [8.6133, 47.6674], [8.6132, 47.6675], [8.6131, 47.6676], [8.613, 47.6677], [8.6129, 47.6677], [8.6129, 47.6678], [8.6128, 47.6679], [8.6127, 47.668], [8.6126, 47.6681], [8.6125, 47.6682], [8.6125, 47.6683], [8.6123, 47.6684], [8.6123, 47.6686], [8.6121, 47.6688], [8.612, 47.669], [8.6119, 47.6691]], [[8.6114, 47.6723], [8.6114, 47.6714], [8.6114, 47.6711], [8.6114, 47.671], [8.6114, 47.6709], [8.6114, 47.6708], [8.6114, 47.6707], [8.6114, 47.6706], [8.6115, 47.6705], [8.6115, 47.6704], [8.6115, 47.6703], [8.6115, 47.6702], [8.6116, 47.67], [8.6116, 47.6699], [8.6116, 47.6698], [8.6117, 47.6697], [8.6117, 47.6695], [8.6118, 47.6694], [8.6118, 47.6693], [8.6119, 47.6692], [8.6119, 47.6691]], [[8.6114, 47.6724], [8.6114, 47.6723]], [[8.6118, 47.6746], [8.6117, 47.6743], [8.6116, 47.6742], [8.6116, 47.6741], [8.6116, 47.674], [8.6115, 47.6739], [8.6115, 47.6738], [8.6115, 47.6737], [8.6115, 47.6736], [8.6114, 47.6735], [8.6114, 47.6734], [8.6114, 47.6733], [8.6114, 47.6732], [8.6114, 47.6731], [8.6114, 47.6729], [8.6114, 47.6728], [8.6114, 47.6725], [8.6114, 47.6724]], [[8.6124, 47.6755], [8.6123, 47.6755], [8.6123, 47.6754], [8.6122, 47.6753], [8.6121, 47.6752], [8.6121, 47.6751], [8.612, 47.6751], [8.612, 47.675], [8.612, 47.6749], [8.6119, 47.6749], [8.6119, 47.6748], [8.6118, 47.6747], [8.6118, 47.6746]], [[8.6146, 47.6766], [8.6145, 47.6766], [8.6144, 47.6766], [8.6144, 47.6765], [8.6143, 47.6765], [8.6142, 47.6765], [8.6141, 47.6765], [8.614, 47.6764], [8.6139, 47.6764], [8.6138, 47.6764], [8.6137, 47.6763], [8.6136, 47.6763], [8.6135, 47.6763], [8.6134, 47.6762], [8.6133, 47.6762], [8.6132, 47.6761], [8.6131, 47.6761], [8.6131, 47.676], [8.613, 47.676], [8.6129, 47.6759], [8.6128, 47.6759], [8.6127, 47.6758], [8.6126, 47.6757], [8.6125, 47.6757], [8.6125, 47.6756], [8.6124, 47.6755]], [[8.6157, 47.6767], [8.6156, 47.6767], [8.6154, 47.6767]], [[8.6181, 47.6767], [8.617, 47.6767], [8.6161, 47.6767], [8.6158, 47.6767], [8.6157, 47.6767]], [[8.6182, 47.6767], [8.6181, 47.6767]], [[8.6194, 47.6767], [8.6193, 47.6767], [8.6192, 47.6767], [8.6191, 47.6767], [8.619, 47.6767], [8.6189, 47.6767], [8.6187, 47.6767], [8.6186, 47.6767], [8.6185, 47.6767], [8.6184, 47.6767], [8.6183, 47.6767], [8.6182, 47.6767]], [[8.6248, 47.6792], [8.6248, 47.6791], [8.6247, 47.679], [8.6246, 47.6789], [8.6245, 47.6789], [8.6244, 47.6788], [8.6244, 47.6787], [8.6243, 47.6787], [8.6242, 47.6786], [8.624, 47.6785], [8.6239, 47.6784], [8.6238, 47.6784], [8.6237, 47.6783], [8.6236, 47.6782], [8.6234, 47.6781], [8.6233, 47.678], [8.6232, 47.678], [8.6231, 47.6779], [8.623, 47.6778], [8.6229, 47.6778], [8.6228, 47.6777], [8.6227, 47.6777], [8.6227, 47.6776], [8.6226, 47.6776], [8.6224, 47.6775], [8.6223, 47.6775], [8.6222, 47.6774], [8.6221, 47.6774], [8.622, 47.6773], [8.6219, 47.6773], [8.6218, 47.6773], [8.6217, 47.6772], [8.6216, 47.6772], [8.6215, 47.6772], [8.6214, 47.6771]], [[8.6252, 47.6797], [8.6252, 47.6796], [8.6251, 47.6796], [8.6251, 47.6795], [8.6251, 47.6794], [8.625, 47.6794], [8.625, 47.6793], [8.6249, 47.6793], [8.6249, 47.6792], [8.6248, 47.6792]], [[8.6253, 47.6799], [8.6253, 47.6798], [8.6252, 47.6798], [8.6252, 47.6797]], [[8.6254, 47.681], [8.6254, 47.6809], [8.6254, 47.6808], [8.6254, 47.6807], [8.6254, 47.6806], [8.6254, 47.6805], [8.6254, 47.6804], [8.6254, 47.6803], [8.6254, 47.6802], [8.6254, 47.6801], [8.6253, 47.68], [8.6253, 47.6799]], [[8.6254, 47.6819], [8.6254, 47.681]], [[8.6237, 47.6866], [8.6238, 47.6864], [8.6239, 47.6862], [8.6241, 47.6857], [8.6242, 47.6855], [8.6243, 47.6852], [8.6245, 47.6849], [8.6245, 47.6848], [8.6247, 47.6845], [8.6247, 47.6844], [8.6248, 47.6843], [8.6248, 47.6841], [8.6249, 47.684], [8.6249, 47.6839], [8.625, 47.6837], [8.6251, 47.6835], [8.6252, 47.6832], [8.6252, 47.683], [8.6253, 47.6829], [8.6253, 47.6827], [8.6253, 47.6826], [8.6253, 47.6825], [8.6254, 47.6824], [8.6254, 47.6823], [8.6254, 47.6822], [8.6254, 47.6821], [8.6254, 47.682], [8.6254, 47.6819]], [[8.6235, 47.687], [8.6237, 47.6866]], [[8.6224, 47.6908], [8.6227, 47.6894], [8.6227, 47.6891], [8.6228, 47.6889], [8.6228, 47.6888], [8.6228, 47.6886], [8.6229, 47.6884], [8.623, 47.6882], [8.623, 47.688], [8.6231, 47.688], [8.6231, 47.6879], [8.6232, 47.6876], [8.6233, 47.6874], [8.6235, 47.687]], [[8.6226, 47.6924], [8.6225, 47.6923], [8.6224, 47.6922], [8.6224, 47.6921], [8.6224, 47.692], [8.6223, 47.6919], [8.6223, 47.6918], [8.6223, 47.6917], [8.6223, 47.6916], [8.6223, 47.6915], [8.6223, 47.6914], [8.6223, 47.6913], [8.6223, 47.6912], [8.6223, 47.6911], [8.6223, 47.691], [8.6224, 47.6908]], [[8.6228, 47.6927], [8.6227, 47.6926], [8.6226, 47.6925], [8.6226, 47.6924]], [[8.6253, 47.6938], [8.6251, 47.6938], [8.6249, 47.6937], [8.6248, 47.6937], [8.6247, 47.6937], [8.6245, 47.6937], [8.6243, 47.6936], [8.6242, 47.6936], [8.6241, 47.6935], [8.6239, 47.6935], [8.6238, 47.6934], [8.6237, 47.6933], [8.6235, 47.6933], [8.6234, 47.6932], [8.6233, 47.6931], [8.6232, 47.6931], [8.6231, 47.693], [8.623, 47.6929], [8.6229, 47.6929], [8.6229, 47.6928], [8.6228, 47.6927]], [[8.6255, 47.6938], [8.6254, 47.6938], [8.6253, 47.6938]], [[8.6265, 47.6937], [8.6263, 47.6938], [8.6262, 47.6938], [8.6261, 47.6938], [8.626, 47.6938], [8.6258, 47.6938], [8.6257, 47.6938], [8.6256, 47.6938], [8.6255, 47.6938]], [[8.6292, 47.6938], [8.6291, 47.6938], [8.629, 47.6938], [8.6289, 47.6937], [8.6288, 47.6937], [8.6287, 47.6937], [8.6286, 47.6937], [8.6285, 47.6937], [8.6284, 47.6937], [8.6283, 47.6937], [8.6282, 47.6937], [8.6281, 47.6936], [8.628, 47.6936], [8.6279, 47.6936], [8.6278, 47.6936], [8.6277, 47.6937], [8.6276, 47.6937], [8.6275, 47.6937], [8.6274, 47.6937], [8.6273, 47.6937], [8.6272, 47.6937], [8.6271, 47.6937], [8.627, 47.6937], [8.6265, 47.6937]], [[8.6309, 47.6947], [8.6308, 47.6946], [8.6307, 47.6945], [8.6306, 47.6945], [8.6306, 47.6944], [8.6305, 47.6944], [8.6304, 47.6943], [8.6303, 47.6943], [8.6303, 47.6942], [8.6302, 47.6942], [8.6301, 47.6941], [8.63, 47.6941], [8.6299, 47.6941], [8.6298, 47.694], [8.6297, 47.694], [8.6296, 47.6939], [8.6295, 47.6939], [8.6294, 47.6939], [8.6293, 47.6938], [8.6292, 47.6938]], [[8.6309, 47.6947], [8.631, 47.6948], [8.6311, 47.6949], [8.6311, 47.695], [8.6312, 47.6951], [8.6312, 47.6952], [8.6313, 47.6953]], [[8.6315, 47.6962], [8.6314, 47.6959], [8.6314, 47.6958], [8.6314, 47.6957], [8.6314, 47.6956], [8.6314, 47.6955], [8.6313, 47.6954], [8.6313, 47.6953]], [[8.6315, 47.6965], [8.6315, 47.6962]], [[8.6315, 47.6967], [8.6315, 47.6965]], [[8.6315, 47.6967], [8.6315, 47.6969], [8.6315, 47.697], [8.6316, 47.6971], [8.6316, 47.6972], [8.6317, 47.6973], [8.6317, 47.6974], [8.6318, 47.6975], [8.6319, 47.6976], [8.632, 47.6977], [8.6326, 47.6983]], [[8.9982, 47.4611], [8.9984, 47.4612], [8.9989, 47.4614], [8.9994, 47.4616], [8.9998, 47.4617], [9.0001, 47.4618], [9.0006, 47.4619], [9.0022, 47.4622], [9.0008, 47.4619], [9.0003, 47.4618], [9.0, 47.4617], [8.9999, 47.4617], [8.9994, 47.4615], [8.9989, 47.4614], [8.9985, 47.4613], [8.9985, 47.4612], [8.9982, 47.4611]], [[8.9571, 47.4614], [8.958, 47.4614], [8.958, 47.4613], [8.9582, 47.4613], [8.9583, 47.4613], [8.9588, 47.4613], [8.9601, 47.4613], [8.9571, 47.4614]], [[8.8088, 47.5003], [8.8096, 47.5002], [8.8098, 47.5002], [8.8099, 47.5002], [8.81, 47.5002], [8.8101, 47.5002], [8.8102, 47.5002], [8.8103, 47.5001], [8.8104, 47.5001], [8.8105, 47.5001], [8.8107, 47.5001], [8.8108, 47.5001], [8.811, 47.5001], [8.8111, 47.5001], [8.8112, 47.5001], [8.8113, 47.5001], [8.8114, 47.5001], [8.8115, 47.5001], [8.8116, 47.5001], [8.8117, 47.5001], [8.8117, 47.5002], [8.8115, 47.5001], [8.8114, 47.5001], [8.8113, 47.5001], [8.8112, 47.5001], [8.8111, 47.5001], [8.811, 47.5001], [8.8108, 47.5001], [8.8107, 47.5001], [8.8106, 47.5002], [8.8104, 47.5002], [8.8103, 47.5002], [8.8102, 47.5002], [8.8101, 47.5002], [8.81, 47.5002], [8.8099, 47.5002], [8.8098, 47.5002], [8.8096, 47.5002], [8.8095, 47.5003], [8.8088, 47.5004], [8.8088, 47.5003]], [[8.7706, 47.5018], [8.7678, 47.5012], [8.7683, 47.5013], [8.7684, 47.5013], [8.7689, 47.5014], [8.7695, 47.5016], [8.7705, 47.5018], [8.7706, 47.5018]], [[8.5151, 47.3856], [8.5151, 47.3857], [8.5159, 47.3855], [8.516, 47.3854], [8.5164, 47.3853], [8.5168, 47.3852], [8.5169, 47.3852], [8.5172, 47.3851], [8.5173, 47.3851], [8.5174, 47.3851], [8.5178, 47.385], [8.5183, 47.3848], [8.519, 47.3846], [8.5189, 47.3846], [8.5187, 47.3847], [8.5186, 47.3847], [8.5185, 47.3847], [8.5183, 47.3848], [8.5173, 47.385], [8.5172, 47.3851], [8.5171, 47.3851], [8.517, 47.3851], [8.5169, 47.3852], [8.5168, 47.3852], [8.5167, 47.3852], [8.5158, 47.3854], [8.5151, 47.3856]], [[8.4193, 47.3989], [8.4193, 47.399], [8.4197, 47.3989], [8.4201, 47.3988], [8.4205, 47.3988], [8.4209, 47.3987], [8.4212, 47.3987], [8.4214, 47.3986], [8.4217, 47.3986], [8.4218, 47.3986], [8.4223, 47.3985], [8.4227, 47.3984], [8.4235, 47.3983], [8.4234, 47.3983], [8.4229, 47.3984], [8.4223, 47.3985], [8.4221, 47.3985], [8.422, 47.3985], [8.4217, 47.3986], [8.4214, 47.3986], [8.4212, 47.3986], [8.4211, 47.3986], [8.4209, 47.3987], [8.4206, 47.3987], [8.4205, 47.3988], [8.4193, 47.3989]], [[8.3522, 47.4342], [8.3543, 47.4335], [8.3547, 47.4334], [8.3552, 47.4332], [8.3561, 47.4329], [8.3561, 47.4328], [8.3552, 47.4331], [8.3546, 47.4333], [8.3542, 47.4335], [8.3533, 47.4338], [8.3522, 47.4342]], [[8.3299, 47.4521], [8.3299, 47.452], [8.33, 47.4519], [8.3302, 47.4518], [8.3303, 47.4516], [8.3304, 47.4515], [8.3306, 47.4514], [8.3307, 47.4512], [8.3308, 47.4511], [8.3311, 47.4507], [8.3314, 47.4503], [8.3316, 47.4501], [8.3317, 47.4499], [8.332, 47.4496], [8.3321, 47.4496], [8.3318, 47.45], [8.3317, 47.4501], [8.3315, 47.4503], [8.3313, 47.4505], [8.3311, 47.4508], [8.3308, 47.4511], [8.3307, 47.4512], [8.3306, 47.4514], [8.3305, 47.4515], [8.3303, 47.4517], [8.3302, 47.4518], [8.3301, 47.4519], [8.3299, 47.4521]], [[8.3168, 47.4588], [8.3167, 47.4588], [8.3166, 47.4589], [8.3161, 47.4591], [8.3157, 47.4594], [8.3155, 47.4594], [8.3154, 47.4595], [8.3153, 47.4596], [8.3149, 47.4598], [8.3148, 47.4599], [8.3135, 47.4607], [8.3149, 47.4599], [8.315, 47.4598], [8.3155, 47.4595], [8.3156, 47.4595], [8.3157, 47.4594], [8.3161, 47.4592], [8.3168, 47.4588]], [[9.0306, 47.4616], [9.0295, 47.4612], [9.0292, 47.4611], [9.0289, 47.461], [9.0287, 47.4609], [9.0285, 47.4609], [9.0284, 47.4609], [9.0283, 47.4608], [9.0281, 47.4608], [9.028, 47.4607], [9.0279, 47.4607], [9.0278, 47.4607]], [[9.0278, 47.4607], [9.0277, 47.4606], [9.0275, 47.4606], [9.0274, 47.4606], [9.0273, 47.4605], [9.0272, 47.4605]], [[9.0272, 47.4605], [9.027, 47.4605], [9.0269, 47.4605], [9.0267, 47.4604], [9.0266, 47.4604], [9.0264, 47.4604], [9.0263, 47.4604], [9.0261, 47.4604], [9.0259, 47.4604], [9.0258, 47.4603], [9.0257, 47.4603], [9.0255, 47.4603], [9.0254, 47.4603], [9.0253, 47.4603], [9.0251, 47.4603], [9.0249, 47.4603], [9.0247, 47.4603], [9.0246, 47.4603], [9.0244, 47.4603], [9.0242, 47.4603], [9.0241, 47.4603], [9.0239, 47.4603], [9.0238, 47.4604], [9.0236, 47.4604], [9.0235, 47.4604], [9.0233, 47.4604], [9.0232, 47.4604], [9.023, 47.4605], [9.0229, 47.4605], [9.0227, 47.4605], [9.0225, 47.4606], [9.0224, 47.4606], [9.0222, 47.4606], [9.0221, 47.4607], [9.022, 47.4607], [9.0218, 47.4607], [9.0217, 47.4608], [9.0215, 47.4608], [9.0214, 47.4609], [9.0212, 47.461], [9.021, 47.461], [9.0207, 47.4611], [9.0164, 47.4627], [9.016, 47.4628], [9.0157, 47.4629], [9.0155, 47.463], [9.0153, 47.4631], [9.0151, 47.4631], [9.015, 47.4632], [9.0148, 47.4632], [9.0146, 47.4633], [9.0144, 47.4633], [9.0143, 47.4633], [9.014, 47.4634], [9.0136, 47.4635], [9.0135, 47.4635], [9.0133, 47.4635], [9.0131, 47.4636], [9.0128, 47.4636], [9.0126, 47.4636], [9.0124, 47.4636], [9.0121, 47.4637], [9.0119, 47.4637], [9.0117, 47.4637]], [[9.0116, 47.4637], [9.0114, 47.4637], [9.0112, 47.4637], [9.0109, 47.4637], [9.0107, 47.4637], [9.0105, 47.4637], [9.0103, 47.4637], [9.01, 47.4636], [9.0097, 47.4636], [9.0095, 47.4636], [9.0092, 47.4636], [9.009, 47.4635], [9.0089, 47.4635], [9.0086, 47.4635], [9.0084, 47.4634], [9.0078, 47.4633], [9.0075, 47.4632], [9.0049, 47.4627]], [[9.0049, 47.4627], [9.0044, 47.4626], [9.0008, 47.4619], [9.0001, 47.4618], [8.9998, 47.4617], [8.9994, 47.4616], [8.9989, 47.4614], [8.9984, 47.4612], [8.9975, 47.4608]], [[8.9975, 47.4608], [8.9882, 47.4565]], [[8.9882, 47.4565], [8.988, 47.4564]], [[8.988, 47.4564], [8.9872, 47.4561], [8.9866, 47.4558], [8.9861, 47.4557], [8.9856, 47.4556], [8.9851, 47.4554], [8.9848, 47.4554], [8.9845, 47.4553]], [[8.9845, 47.4553], [8.9843, 47.4553]], [[8.9843, 47.4553], [8.9838, 47.4553], [8.9833, 47.4552], [8.9828, 47.4552], [8.9822, 47.4552], [8.9815, 47.4553]], [[8.9815, 47.4553], [8.9813, 47.4553]], [[8.9813, 47.4553], [8.9809, 47.4554], [8.9807, 47.4554], [8.9801, 47.4556], [8.9796, 47.4557], [8.9792, 47.4558], [8.9787, 47.456], [8.9782, 47.4562], [8.9777, 47.4565], [8.9773, 47.4567], [8.9767, 47.4572], [8.9761, 47.4577], [8.9752, 47.4586], [8.9744, 47.4592], [8.9741, 47.4595], [8.9736, 47.4598], [8.9733, 47.46], [8.9729, 47.4601], [8.9724, 47.4603], [8.972, 47.4605], [8.9715, 47.4606], [8.9709, 47.4608], [8.9705, 47.4609], [8.9701, 47.4609], [8.9697, 47.461], [8.9692, 47.461], [8.9683, 47.4611], [8.9639, 47.4612], [8.9632, 47.4612]], [[8.9632, 47.4612], [8.9591, 47.4614], [8.9582, 47.4614], [8.9576, 47.4614], [8.957, 47.4614], [8.954, 47.4615]], [[8.954, 47.4615], [8.9514, 47.4616]], [[8.9514, 47.4616], [8.9511, 47.4616]], [[8.9511, 47.4616], [8.9504, 47.4617], [8.9498, 47.4617], [8.9491, 47.4618], [8.9484, 47.4619], [8.9475, 47.462], [8.9468, 47.4621], [8.946, 47.4624], [8.9453, 47.4625], [8.9446, 47.4628], [8.9439, 47.463], [8.9434, 47.4632], [8.9409, 47.4641], [8.9394, 47.4647], [8.9343, 47.4666], [8.9334, 47.467], [8.9324, 47.4674], [8.9297, 47.4686]], [[8.9297, 47.4686], [8.9296, 47.4686]], [[8.9296, 47.4686], [8.927, 47.4698]], [[8.927, 47.4698], [8.9269, 47.4698]], [[8.9269, 47.4698], [8.9244, 47.4709]], [[8.9244, 47.4709], [8.9243, 47.471]], [[8.9186, 47.4735], [8.918, 47.4737], [8.9175, 47.4739], [8.9172, 47.474], [8.917, 47.4741]], [[8.917, 47.4741], [8.9164, 47.4744], [8.916, 47.4746], [8.9156, 47.4748], [8.9152, 47.475], [8.9138, 47.4758], [8.9124, 47.4768], [8.9109, 47.4779], [8.9105, 47.4781], [8.9104, 47.4782], [8.9102, 47.4784], [8.9101, 47.4785], [8.91, 47.4785], [8.91, 47.4786], [8.9099, 47.4786], [8.9098, 47.4787], [8.9097, 47.4788], [8.9096, 47.4789], [8.9095, 47.479], [8.9094, 47.4791], [8.9094, 47.4792], [8.9093, 47.4793], [8.9092, 47.4794], [8.9091, 47.4795]], [[8.9091, 47.4795], [8.909, 47.4797]], [[8.909, 47.4797], [8.9089, 47.4798], [8.9088, 47.4799], [8.9088, 47.48], [8.9087, 47.4801], [8.9087, 47.4802], [8.9087, 47.4803], [8.9086, 47.4804], [8.9086, 47.4805], [8.9085, 47.4806], [8.9085, 47.4808], [8.9084, 47.481], [8.9083, 47.4814], [8.9082, 47.4819], [8.908, 47.4824], [8.908, 47.4826], [8.9079, 47.4828], [8.9079, 47.483], [8.9079, 47.4832], [8.9077, 47.4838], [8.9077, 47.484], [8.9077, 47.4841], [8.9076, 47.4843], [8.9076, 47.4844], [8.9075, 47.4845], [8.9075, 47.4846], [8.9075, 47.4848], [8.9074, 47.4849], [8.9073, 47.4851], [8.9072, 47.4853], [8.9071, 47.4854], [8.907, 47.4855], [8.9069, 47.4857], [8.9068, 47.4858], [8.9067, 47.4859], [8.9067, 47.486], [8.9066, 47.4861], [8.9065, 47.4861], [8.9064, 47.4862], [8.9063, 47.4863], [8.9062, 47.4864], [8.9061, 47.4865], [8.906, 47.4866], [8.9059, 47.4867], [8.9058, 47.4868], [8.9057, 47.4868], [8.9056, 47.4869], [8.9055, 47.487], [8.9054, 47.487], [8.9052, 47.4871], [8.9051, 47.4872]], [[8.9051, 47.4872], [8.9048, 47.4873], [8.9047, 47.4874], [8.9045, 47.4875], [8.9044, 47.4875], [8.9043, 47.4876], [8.9041, 47.4877], [8.904, 47.4877], [8.9038, 47.4878], [8.9037, 47.4878], [8.9035, 47.4879], [8.9033, 47.488], [8.903, 47.4881], [8.9028, 47.4881], [8.9027, 47.4882], [8.9025, 47.4882], [8.9023, 47.4883], [8.9022, 47.4883], [8.902, 47.4884], [8.9018, 47.4885], [8.9017, 47.4885], [8.9014, 47.4886], [8.9009, 47.4888], [8.9005, 47.489], [8.9001, 47.4892], [8.899, 47.4895]], [[8.899, 47.4895], [8.8983, 47.4898]], [[8.8983, 47.4898], [8.8935, 47.4915]], [[8.8935, 47.4915], [8.8934, 47.4916]], [[8.8934, 47.4916], [8.8839, 47.495], [8.8837, 47.4951], [8.8835, 47.4952], [8.8833, 47.4953], [8.8832, 47.4953], [8.883, 47.4953], [8.8829, 47.4954], [8.8827, 47.4954], [8.8825, 47.4955], [8.8824, 47.4955], [8.8823, 47.4956], [8.8821, 47.4956], [8.8819, 47.4956], [8.8817, 47.4957], [8.8814, 47.4957], [8.8813, 47.4958], [8.8811, 47.4958], [8.8808, 47.4958], [8.8802, 47.4959], [8.8767, 47.4965]], [[8.8767, 47.4965], [8.8764, 47.4965]], [[8.8764, 47.4965], [8.8703, 47.4975]], [[8.8703, 47.4975], [8.8702, 47.4976], [8.869, 47.4977]], [[8.869, 47.4977], [8.8638, 47.4986], [8.8619, 47.4989]], [[8.8619, 47.4989], [8.8607, 47.4991], [8.8606, 47.4991]], [[8.8606, 47.4991], [8.8593, 47.4993], [8.859, 47.4994], [8.8587, 47.4994], [8.8585, 47.4994], [8.8584, 47.4995], [8.8582, 47.4995], [8.858, 47.4995], [8.8578, 47.4996], [8.8575, 47.4997], [8.8572, 47.4997], [8.8569, 47.4998], [8.8566, 47.4999], [8.8564, 47.5], [8.8563, 47.5], [8.8562, 47.5]], [[8.8562, 47.5], [8.8561, 47.5001], [8.8559, 47.5001], [8.8557, 47.5002], [8.8555, 47.5003], [8.8554, 47.5003], [8.8552, 47.5004], [8.855, 47.5004], [8.8547, 47.5006], [8.8533, 47.5012]], [[8.8493, 47.5028], [8.8438, 47.505], [8.8426, 47.5055]], [[8.8426, 47.5055], [8.8417, 47.5059], [8.8415, 47.5059]], [[8.8415, 47.5059], [8.8408, 47.5062], [8.8406, 47.5063], [8.8401, 47.5065], [8.8398, 47.5066], [8.8395, 47.5067], [8.8393, 47.5068]], [[8.8393, 47.5068], [8.8389, 47.5069], [8.8386, 47.507], [8.8383, 47.507], [8.838, 47.5071], [8.8378, 47.5071], [8.8376, 47.5072], [8.8374, 47.5072], [8.8372, 47.5072], [8.837, 47.5073], [8.8368, 47.5073], [8.8366, 47.5073], [8.8364, 47.5073], [8.8362, 47.5073], [8.8361, 47.5074], [8.8359, 47.5074], [8.8357, 47.5074], [8.8356, 47.5074], [8.8354, 47.5074], [8.8352, 47.5074], [8.835, 47.5074], [8.8348, 47.5074], [8.8346, 47.5074], [8.8344, 47.5074], [8.8342, 47.5074], [8.834, 47.5074], [8.8337, 47.5074], [8.8336, 47.5074], [8.8334, 47.5074], [8.8332, 47.5074], [8.833, 47.5074], [8.8329, 47.5073], [8.8327, 47.5073], [8.8325, 47.5073], [8.8323, 47.5073], [8.8321, 47.5072], [8.8319, 47.5072], [8.8318, 47.5072], [8.8316, 47.5072], [8.8315, 47.5071], [8.8313, 47.5071]], [[8.8313, 47.5071], [8.831, 47.5071], [8.8308, 47.507], [8.8305, 47.5069], [8.8302, 47.5068], [8.8298, 47.5067], [8.8295, 47.5066], [8.8226, 47.5048]], [[8.8226, 47.5048], [8.8224, 47.5047]], [[8.8224, 47.5047], [8.8204, 47.5042], [8.8203, 47.5042], [8.8201, 47.5041]], [[8.8201, 47.5041], [8.8199, 47.5041], [8.8198, 47.504], [8.8197, 47.504], [8.8195, 47.5039], [8.8194, 47.5039], [8.8193, 47.5038], [8.8191, 47.5038], [8.819, 47.5037], [8.8189, 47.5037], [8.8187, 47.5036], [8.8185, 47.5035], [8.8184, 47.5034], [8.8182, 47.5033], [8.8181, 47.5032], [8.818, 47.5032], [8.8179, 47.5031], [8.8177, 47.503], [8.8176, 47.5029], [8.8175, 47.5028], [8.8174, 47.5027], [8.8172, 47.5026], [8.8164, 47.502], [8.8162, 47.5018], [8.8161, 47.5017], [8.8159, 47.5016], [8.8157, 47.5015], [8.8156, 47.5014], [8.8155, 47.5013], [8.8154, 47.5013], [8.8153, 47.5012], [8.8152, 47.5011], [8.815, 47.5011], [8.8149, 47.501]], [[8.8149, 47.501], [8.8147, 47.5009], [8.8146, 47.5009], [8.8145, 47.5008], [8.8144, 47.5008], [8.8143, 47.5007], [8.8142, 47.5007], [8.814, 47.5006], [8.8139, 47.5006], [8.8138, 47.5005], [8.8136, 47.5005], [8.8135, 47.5005], [8.8133, 47.5004], [8.8132, 47.5004], [8.813, 47.5004], [8.8129, 47.5003], [8.8128, 47.5003], [8.8127, 47.5003], [8.8125, 47.5003], [8.8124, 47.5002], [8.8123, 47.5002], [8.8122, 47.5002], [8.8121, 47.5002], [8.812, 47.5002], [8.8119, 47.5002], [8.8118, 47.5002], [8.8117, 47.5002], [8.8116, 47.5002], [8.8115, 47.5002], [8.8113, 47.5002], [8.8112, 47.5002], [8.8111, 47.5002], [8.8109, 47.5002], [8.8108, 47.5002], [8.8107, 47.5002], [8.8106, 47.5002], [8.8105, 47.5002], [8.8103, 47.5002], [8.8102, 47.5002], [8.81, 47.5002], [8.8098, 47.5002], [8.8096, 47.5003], [8.8093, 47.5003], [8.8088, 47.5004], [8.8084, 47.5004], [8.8081, 47.5005], [8.8079, 47.5005], [8.8077, 47.5005], [8.8075, 47.5005], [8.8073, 47.5005], [8.8071, 47.5005], [8.807, 47.5006], [8.8068, 47.5006], [8.8067, 47.5006], [8.8065, 47.5006], [8.8063, 47.5005], [8.8061, 47.5005], [8.8059, 47.5005], [8.8057, 47.5005], [8.8056, 47.5005], [8.8054, 47.5005], [8.8053, 47.5004], [8.8051, 47.5004], [8.805, 47.5004], [8.8049, 47.5004], [8.8048, 47.5003], [8.8046, 47.5003], [8.8045, 47.5003], [8.8043, 47.5002], [8.8042, 47.5002], [8.804, 47.5001], [8.8039, 47.5001], [8.8037, 47.5], [8.8035, 47.4999], [8.8033, 47.4998], [8.8032, 47.4998], [8.803, 47.4997], [8.8029, 47.4996], [8.8028, 47.4996], [8.8027, 47.4995], [8.8026, 47.4995], [8.8021, 47.4992], [8.8019, 47.4991], [8.8017, 47.499], [8.8016, 47.4989], [8.8015, 47.4989], [8.8014, 47.4988], [8.8013, 47.4988], [8.8012, 47.4987], [8.801, 47.4987], [8.8009, 47.4987], [8.8008, 47.4986], [8.8007, 47.4986], [8.8006, 47.4986], [8.8005, 47.4985], [8.8004, 47.4985], [8.8003, 47.4985]], [[8.8003, 47.4985], [8.8002, 47.4984]], [[8.8002, 47.4984], [8.8001, 47.4984], [8.8, 47.4984], [8.7999, 47.4984], [8.7998, 47.4984], [8.7997, 47.4983], [8.7996, 47.4983], [8.7995, 47.4983], [8.7994, 47.4983], [8.7993, 47.4983], [8.7992, 47.4983], [8.7991, 47.4983], [8.799, 47.4983], [8.7989, 47.4982], [8.7988, 47.4982], [8.7987, 47.4982], [8.7986, 47.4982], [8.7985, 47.4982], [8.7984, 47.4982], [8.7983, 47.4982], [8.7982, 47.4982], [8.7981, 47.4982], [8.798, 47.4982], [8.7979, 47.4982], [8.7977, 47.4982], [8.7976, 47.4983], [8.7975, 47.4983], [8.7973, 47.4983], [8.7972, 47.4983], [8.7971, 47.4983], [8.7969, 47.4983], [8.7968, 47.4984], [8.7966, 47.4984], [8.7964, 47.4985], [8.7951, 47.4988]], [[8.7951, 47.4988], [8.7823, 47.5018], [8.7819, 47.5019], [8.7815, 47.502], [8.7808, 47.5022], [8.7801, 47.5023], [8.7797, 47.5024], [8.7793, 47.5024], [8.7791, 47.5025], [8.7788, 47.5025], [8.7785, 47.5026], [8.7783, 47.5026], [8.778, 47.5026], [8.7778, 47.5027], [8.7775, 47.5027], [8.7773, 47.5027], [8.777, 47.5027], [8.7767, 47.5027], [8.7765, 47.5027], [8.7762, 47.5027], [8.7759, 47.5027], [8.7757, 47.5027], [8.7754, 47.5027], [8.7751, 47.5027], [8.7749, 47.5026], [8.7746, 47.5026], [8.7744, 47.5026], [8.7741, 47.5025], [8.7738, 47.5025], [8.7736, 47.5024], [8.7732, 47.5024], [8.7729, 47.5023], [8.7691, 47.5015], [8.7652, 47.5007], [8.7647, 47.5006], [8.7643, 47.5005], [8.764, 47.5004], [8.7634, 47.5003], [8.763, 47.5002], [8.7626, 47.5001]], [[8.7622, 47.4999], [8.7622, 47.5]], [[8.7622, 47.4999], [8.7606, 47.4995], [8.7602, 47.4995], [8.76, 47.4994], [8.7595, 47.4993]], [[8.7595, 47.4993], [8.7592, 47.4992], [8.759, 47.4991], [8.7588, 47.4991], [8.7586, 47.499], [8.7584, 47.499], [8.7582, 47.499], [8.758, 47.4989], [8.7579, 47.4989], [8.7577, 47.4989], [8.7575, 47.4988], [8.7573, 47.4988], [8.7571, 47.4988], [8.7569, 47.4988], [8.7568, 47.4987], [8.7566, 47.4987], [8.7565, 47.4987], [8.7563, 47.4987], [8.7561, 47.4987], [8.7559, 47.4987], [8.7557, 47.4987], [8.7555, 47.4986], [8.7553, 47.4986], [8.7551, 47.4986], [8.7549, 47.4986], [8.7547, 47.4986], [8.7545, 47.4986], [8.7542, 47.4986], [8.754, 47.4986], [8.7539, 47.4986], [8.7537, 47.4987], [8.7535, 47.4987], [8.7533, 47.4987], [8.7531, 47.4987], [8.7529, 47.4987], [8.7527, 47.4987], [8.7524, 47.4988]], [[8.7524, 47.4988], [8.7523, 47.4988], [8.7522, 47.4988], [8.7521, 47.4988], [8.7518, 47.4989], [8.7515, 47.4989], [8.7512, 47.499], [8.7509, 47.4991], [8.7506, 47.4992], [8.7504, 47.4992], [8.7491, 47.4996]], [[8.7491, 47.4996], [8.7485, 47.4997], [8.7482, 47.4998], [8.7468, 47.5002]], [[8.7468, 47.5002], [8.7467, 47.5002]], [[8.7467, 47.5002], [8.7461, 47.5003], [8.7457, 47.5004], [8.745, 47.5006]], [[8.745, 47.5006], [8.7442, 47.5009]], [[8.7442, 47.5009], [8.7407, 47.5019]], [[8.7407, 47.5019], [8.7391, 47.5023], [8.7384, 47.5026], [8.736, 47.5034]], [[8.736, 47.5034], [8.734, 47.5041]], [[8.734, 47.5041], [8.7322, 47.5047]], [[8.7322, 47.5047], [8.7315, 47.505], [8.7312, 47.5051], [8.731, 47.5051], [8.7308, 47.5052], [8.7306, 47.5052], [8.7304, 47.5052], [8.7302, 47.5053], [8.73, 47.5053], [8.7298, 47.5053], [8.7297, 47.5053], [8.7295, 47.5053], [8.7294, 47.5053], [8.7293, 47.5053], [8.7291, 47.5053], [8.7289, 47.5052], [8.7287, 47.5052], [8.7285, 47.5051], [8.7283, 47.5051], [8.728, 47.505], [8.7277, 47.5049], [8.7275, 47.5048], [8.7272, 47.5046], [8.7269, 47.5043], [8.7268, 47.5042]], [[8.7268, 47.5042], [8.7267, 47.5041], [8.7266, 47.504], [8.7261, 47.5034]], [[8.7261, 47.5034], [8.726, 47.5033]], [[8.7257, 47.503], [8.726, 47.5033]], [[8.7215, 47.4976], [8.7216, 47.4977], [8.7216, 47.4978], [8.7218, 47.498], [8.722, 47.4983], [8.7222, 47.4986]], [[8.7215, 47.4976], [8.7213, 47.4974]], [[8.7213, 47.4974], [8.7209, 47.4969]], [[8.7209, 47.4969], [8.7203, 47.4962]], [[8.7203, 47.4962], [8.7181, 47.4934]], [[8.7181, 47.4934], [8.7175, 47.4926]], [[8.7175, 47.4926], [8.7166, 47.4914]], [[8.7166, 47.4914], [8.7158, 47.4905], [8.7157, 47.4904], [8.7154, 47.49], [8.715, 47.4896]], [[8.715, 47.4896], [8.7143, 47.4888], [8.7137, 47.4881], [8.7135, 47.4877], [8.7128, 47.4869]], [[8.7128, 47.4869], [8.7122, 47.486], [8.7113, 47.4849]], [[8.7113, 47.4849], [8.7111, 47.4846]], [[8.7111, 47.4846], [8.711, 47.4845]], [[8.711, 47.4845], [8.7102, 47.4836]], [[8.7102, 47.4836], [8.7087, 47.4816]], [[8.7087, 47.4816], [8.7082, 47.481]], [[8.7082, 47.481], [8.7079, 47.4807]], [[8.7079, 47.4807], [8.7076, 47.4803], [8.7075, 47.4801], [8.7073, 47.4799], [8.7072, 47.4797], [8.707, 47.4795], [8.7069, 47.4793], [8.7068, 47.4791], [8.7066, 47.4787], [8.7065, 47.4785], [8.7065, 47.4783], [8.7064, 47.4781], [8.7063, 47.4779], [8.7063, 47.4778], [8.7062, 47.4776], [8.7062, 47.4774], [8.7062, 47.4773]], [[8.7062, 47.4773], [8.7062, 47.4772], [8.7061, 47.477], [8.7061, 47.4769], [8.7061, 47.4767], [8.7061, 47.4765], [8.7061, 47.4764], [8.7061, 47.4763], [8.7061, 47.4761], [8.7061, 47.476], [8.7061, 47.4758], [8.7061, 47.4756], [8.7062, 47.4753], [8.7062, 47.4748]], [[8.7062, 47.4748], [8.7062, 47.4743]], [[8.7062, 47.4743], [8.7064, 47.4726]], [[8.7064, 47.4726], [8.7064, 47.4725]], [[8.7064, 47.4725], [8.7064, 47.4715]], [[8.7064, 47.4715], [8.7065, 47.4708], [8.7066, 47.4699]], [[8.7067, 47.4682], [8.7067, 47.4674]], [[8.7067, 47.4673], [8.7069, 47.4652], [8.7069, 47.4649], [8.7069, 47.4648], [8.7069, 47.4647], [8.707, 47.4646], [8.707, 47.4645], [8.707, 47.4644], [8.707, 47.4642], [8.707, 47.4641], [8.7071, 47.4641], [8.7071, 47.464], [8.7071, 47.4639], [8.7072, 47.4638], [8.7072, 47.4637], [8.7072, 47.4636], [8.7073, 47.4635], [8.7073, 47.4634], [8.7074, 47.4633], [8.7074, 47.4632], [8.7075, 47.4629], [8.7077, 47.4626], [8.7077, 47.4625], [8.7078, 47.4623], [8.7078, 47.4622], [8.7079, 47.4621], [8.7079, 47.4619], [8.708, 47.4619], [8.708, 47.4618], [8.708, 47.4617], [8.708, 47.4616], [8.708, 47.4615], [8.7081, 47.4614], [8.7081, 47.4613], [8.7081, 47.4612], [8.7081, 47.4611], [8.7081, 47.461], [8.7081, 47.4609], [8.7081, 47.4607], [8.7081, 47.4606], [8.7081, 47.4605], [8.7081, 47.4604], [8.7081, 47.4602], [8.7081, 47.4601], [8.7081, 47.46], [8.7081, 47.4599], [8.708, 47.4598], [8.708, 47.4597], [8.708, 47.4596], [8.708, 47.4595], [8.7079, 47.4594], [8.7079, 47.4593], [8.7079, 47.4592], [8.7078, 47.4591], [8.7078, 47.4589]], [[8.7078, 47.4589], [8.7077, 47.4588], [8.7072, 47.4572]], [[8.7072, 47.4572], [8.7069, 47.4562], [8.7067, 47.4557], [8.7065, 47.455], [8.7064, 47.4546]], [[8.7064, 47.4546], [8.7062, 47.4539], [8.706, 47.4533], [8.7059, 47.453], [8.7059, 47.4529], [8.7057, 47.4524], [8.7056, 47.4521], [8.7055, 47.4518], [8.7053, 47.4511], [8.7052, 47.4511], [8.7052, 47.451]], [[8.7052, 47.451], [8.705, 47.4505], [8.7049, 47.4501], [8.7045, 47.4488]], [[8.7045, 47.4488], [8.7044, 47.4484], [8.7043, 47.4483], [8.7043, 47.4482], [8.7043, 47.4481], [8.7042, 47.448], [8.7042, 47.4479], [8.7042, 47.4478], [8.7042, 47.4477], [8.7042, 47.4476], [8.7041, 47.4475], [8.7041, 47.4473], [8.7041, 47.4472], [8.7041, 47.4471], [8.7041, 47.4469], [8.7041, 47.4468], [8.7041, 47.4466], [8.7041, 47.4465], [8.7042, 47.4464], [8.7042, 47.4462], [8.7042, 47.446], [8.7043, 47.4458], [8.7043, 47.4457], [8.7049, 47.4436], [8.705, 47.4434], [8.705, 47.4433], [8.705, 47.4432], [8.7051, 47.4431], [8.7051, 47.443], [8.7051, 47.4429], [8.7051, 47.4428], [8.7051, 47.4426], [8.7052, 47.4425], [8.7052, 47.4424]], [[8.7052, 47.4424], [8.7052, 47.4423]], [[8.7052, 47.4423], [8.7052, 47.4422], [8.7052, 47.4421], [8.7052, 47.4419], [8.7052, 47.4417], [8.7051, 47.4415], [8.7051, 47.4414], [8.7051, 47.4412], [8.7051, 47.441], [8.705, 47.4409], [8.705, 47.4408], [8.7049, 47.4406], [8.7049, 47.4404], [8.7048, 47.4403], [8.7047, 47.4401], [8.7046, 47.44], [8.7045, 47.4398], [8.7044, 47.4397], [8.7043, 47.4395], [8.7042, 47.4394], [8.7041, 47.4392], [8.704, 47.4391], [8.7039, 47.439], [8.7037, 47.4388], [8.7036, 47.4387], [8.7035, 47.4386], [8.7033, 47.4385], [8.7031, 47.4383], [8.703, 47.4382], [8.7027, 47.438], [8.7026, 47.4379], [8.7024, 47.4378], [8.7023, 47.4378], [8.7022, 47.4377], [8.702, 47.4376], [8.7019, 47.4376], [8.7017, 47.4375], [8.7014, 47.4373]], [[8.7014, 47.4373], [8.7011, 47.4372]], [[8.7011, 47.4372], [8.7009, 47.4371], [8.7007, 47.4371], [8.7003, 47.4369], [8.7001, 47.4369], [8.6998, 47.4368], [8.6996, 47.4368], [8.6994, 47.4367], [8.6992, 47.4367], [8.699, 47.4366], [8.6987, 47.4366], [8.6984, 47.4365], [8.6971, 47.4364], [8.6968, 47.4363]], [[8.6968, 47.4363], [8.6965, 47.4363], [8.6962, 47.4362], [8.696, 47.4362], [8.6958, 47.4361], [8.6956, 47.4361], [8.6954, 47.4361], [8.6953, 47.436], [8.6951, 47.436], [8.695, 47.4359], [8.6949, 47.4359], [8.6947, 47.4358], [8.6946, 47.4358], [8.6945, 47.4358], [8.6944, 47.4357], [8.6942, 47.4357], [8.6941, 47.4356], [8.6939, 47.4355], [8.6938, 47.4355], [8.6937, 47.4354], [8.6935, 47.4353], [8.6934, 47.4353], [8.6933, 47.4352], [8.6931, 47.4351], [8.693, 47.4351], [8.6929, 47.435], [8.6927, 47.4349], [8.6926, 47.4348], [8.6924, 47.4347], [8.6923, 47.4346], [8.6922, 47.4345], [8.6921, 47.4345], [8.692, 47.4344], [8.6919, 47.4342], [8.6918, 47.4341], [8.6917, 47.434], [8.6915, 47.4339], [8.6914, 47.4337], [8.6913, 47.4336], [8.6912, 47.4334], [8.6911, 47.4333], [8.691, 47.4332], [8.6909, 47.433], [8.6907, 47.4327], [8.6905, 47.4324], [8.6901, 47.4315]], [[8.6901, 47.4315], [8.69, 47.4314]], [[8.69, 47.4314], [8.6898, 47.431], [8.6897, 47.4307], [8.6895, 47.4304], [8.6893, 47.4301]], [[8.6893, 47.4301], [8.6893, 47.43]], [[8.6893, 47.43], [8.6885, 47.4285], [8.6881, 47.4278]], [[8.6881, 47.4278], [8.688, 47.4277], [8.6867, 47.4253], [8.6866, 47.4251], [8.6865, 47.425], [8.6864, 47.4248], [8.6864, 47.4247], [8.6863, 47.4246], [8.6862, 47.4245], [8.6861, 47.4244], [8.686, 47.4242], [8.6859, 47.4241], [8.6858, 47.424], [8.6858, 47.4239], [8.6857, 47.4239], [8.6856, 47.4238], [8.6855, 47.4237], [8.6854, 47.4235], [8.6852, 47.4234], [8.685, 47.4232]], [[8.685, 47.4232], [8.6848, 47.4231]], [[8.6848, 47.4231], [8.6846, 47.4229], [8.6845, 47.4228], [8.6843, 47.4227], [8.6841, 47.4225], [8.684, 47.4225], [8.6839, 47.4224], [8.6838, 47.4223], [8.6836, 47.4222], [8.6834, 47.4221], [8.6833, 47.4221], [8.6832, 47.422], [8.683, 47.4219], [8.6828, 47.4218], [8.6827, 47.4218], [8.6826, 47.4217], [8.6825, 47.4217], [8.6823, 47.4216], [8.682, 47.4214]], [[8.682, 47.4214], [8.6818, 47.4214], [8.6816, 47.4213], [8.6815, 47.4213], [8.6813, 47.4212], [8.6811, 47.4212], [8.681, 47.4211], [8.6807, 47.4211], [8.6806, 47.421], [8.6804, 47.421], [8.6802, 47.4209], [8.6801, 47.4209], [8.68, 47.4209], [8.6798, 47.4208], [8.6796, 47.4208], [8.6794, 47.4208], [8.6793, 47.4207], [8.6791, 47.4207], [8.6789, 47.4207], [8.6787, 47.4207], [8.6785, 47.4207], [8.6783, 47.4206], [8.678, 47.4206], [8.6778, 47.4206], [8.6777, 47.4206], [8.6776, 47.4206], [8.6773, 47.4206], [8.6772, 47.4206], [8.677, 47.4206], [8.6768, 47.4206], [8.6766, 47.4206], [8.6763, 47.4206], [8.6762, 47.4206], [8.676, 47.4206], [8.6758, 47.4207], [8.6756, 47.4207], [8.6754, 47.4207], [8.6752, 47.4207], [8.6751, 47.4207]], [[8.6751, 47.4207], [8.675, 47.4207], [8.6738, 47.4209], [8.6689, 47.4216], [8.6686, 47.4216], [8.6684, 47.4217], [8.6682, 47.4217], [8.668, 47.4217], [8.6671, 47.4219], [8.6663, 47.422]], [[8.6663, 47.422], [8.6661, 47.422], [8.6656, 47.4221]], [[8.6656, 47.4221], [8.6599, 47.4229], [8.6594, 47.423], [8.6563, 47.4234], [8.6521, 47.424], [8.6499, 47.4243]], [[8.6499, 47.4243], [8.6466, 47.4248], [8.6428, 47.4253]], [[8.6428, 47.4253], [8.6427, 47.4253]], [[8.6427, 47.4253], [8.6387, 47.4259], [8.6369, 47.4261], [8.6361, 47.4262]], [[8.6361, 47.4262], [8.6358, 47.4263]], [[8.6358, 47.4263], [8.6344, 47.4265], [8.634, 47.4265], [8.6336, 47.4266], [8.6333, 47.4266], [8.6332, 47.4266], [8.633, 47.4267], [8.6328, 47.4267], [8.6327, 47.4267], [8.6324, 47.4267], [8.6321, 47.4267], [8.6318, 47.4267], [8.6315, 47.4267]], [[8.624, 47.425], [8.6242, 47.4251], [8.6245, 47.4253], [8.6246, 47.4253], [8.6248, 47.4254], [8.625, 47.4255], [8.6252, 47.4256], [8.6255, 47.4257], [8.6257, 47.4258], [8.6259, 47.4258], [8.626, 47.4259], [8.6262, 47.426], [8.6264, 47.426], [8.6266, 47.4261], [8.6267, 47.4261], [8.6269, 47.4262], [8.6271, 47.4262], [8.6272, 47.4263], [8.6274, 47.4263], [8.6275, 47.4263], [8.6277, 47.4264], [8.6278, 47.4264], [8.628, 47.4264], [8.6282, 47.4265], [8.6284, 47.4265], [8.6286, 47.4265], [8.6288, 47.4266], [8.6291, 47.4266], [8.6293, 47.4266], [8.6295, 47.4267], [8.6297, 47.4267], [8.63, 47.4267], [8.6303, 47.4267], [8.6305, 47.4267], [8.6308, 47.4267], [8.6311, 47.4267], [8.6313, 47.4267], [8.6315, 47.4267]], [[8.6239, 47.425], [8.624, 47.425]], [[8.623, 47.4245], [8.6232, 47.4246], [8.6235, 47.4247], [8.6237, 47.4248], [8.6239, 47.425]], [[8.623, 47.4245], [8.6228, 47.4243], [8.6226, 47.4242], [8.6224, 47.424], [8.6223, 47.4239], [8.6221, 47.4238], [8.622, 47.4237], [8.6218, 47.4235], [8.6216, 47.4233], [8.6215, 47.4232], [8.6214, 47.4231], [8.6213, 47.423], [8.6212, 47.4229], [8.6211, 47.4228], [8.621, 47.4226], [8.6209, 47.4224], [8.6207, 47.4223], [8.6207, 47.4222], [8.6206, 47.422], [8.6205, 47.4219], [8.6205, 47.4218], [8.6204, 47.4216], [8.6202, 47.4214]], [[8.6202, 47.4214], [8.6201, 47.4211], [8.62, 47.4209], [8.6199, 47.4208], [8.6199, 47.4207], [8.6198, 47.4205], [8.6196, 47.4202], [8.6191, 47.4194], [8.6189, 47.419], [8.6187, 47.4186]], [[8.6187, 47.4186], [8.6183, 47.4179]], [[8.6183, 47.4179], [8.6179, 47.4173], [8.6176, 47.4168], [8.6174, 47.4166], [8.6173, 47.4164], [8.6172, 47.4163], [8.6171, 47.4161], [8.6169, 47.4158]], [[8.6169, 47.4158], [8.6168, 47.4156]], [[8.6168, 47.4156], [8.6166, 47.4153], [8.6165, 47.4151], [8.6163, 47.4149], [8.6162, 47.4148], [8.6162, 47.4147], [8.6161, 47.4146], [8.6161, 47.4145], [8.6161, 47.4144], [8.616, 47.4143], [8.6159, 47.4141], [8.6159, 47.414], [8.6158, 47.4139], [8.6158, 47.4137], [8.6157, 47.4136]], [[8.6157, 47.4136], [8.6157, 47.4134], [8.6156, 47.4133], [8.6156, 47.4131], [8.6156, 47.413], [8.6155, 47.4128], [8.6155, 47.4125], [8.6154, 47.4121], [8.6154, 47.4118], [8.6154, 47.4116], [8.6153, 47.4115], [8.6153, 47.4113], [8.6152, 47.4112], [8.6152, 47.411], [8.6151, 47.4109], [8.6151, 47.4107], [8.615, 47.4106], [8.615, 47.4105], [8.6149, 47.4104], [8.6148, 47.4103], [8.6148, 47.4102], [8.6147, 47.41], [8.6146, 47.4099], [8.6145, 47.4098], [8.6145, 47.4097], [8.6144, 47.4096], [8.6143, 47.4095], [8.6142, 47.4094], [8.6141, 47.4093], [8.614, 47.4092], [8.6139, 47.4091], [8.6138, 47.409], [8.6137, 47.4089], [8.6136, 47.4088]], [[8.6136, 47.4088], [8.6135, 47.4087], [8.6134, 47.4086], [8.6133, 47.4085], [8.6132, 47.4084]], [[8.6132, 47.4084], [8.6131, 47.4083]], [[8.6131, 47.4083], [8.6129, 47.4082], [8.6128, 47.4081], [8.6127, 47.408], [8.6125, 47.4079]], [[8.6105, 47.4068], [8.6102, 47.4067], [8.6099, 47.4065]], [[8.6099, 47.4065], [8.6096, 47.4064], [8.6094, 47.4063], [8.6091, 47.4062], [8.6088, 47.4061], [8.6085, 47.406], [8.6081, 47.4058], [8.6078, 47.4057], [8.6076, 47.4056], [8.6069, 47.4053], [8.6065, 47.4052], [8.6062, 47.4051], [8.6061, 47.405], [8.6056, 47.4048], [8.6052, 47.4046], [8.605, 47.4045], [8.6048, 47.4045]], [[8.6048, 47.4045], [8.6042, 47.4042], [8.6026, 47.4033], [8.6017, 47.4029], [8.601, 47.4025], [8.6005, 47.4022]], [[8.6005, 47.4022], [8.6003, 47.4022], [8.6002, 47.4021], [8.6001, 47.402], [8.6, 47.4019], [8.5998, 47.4019], [8.5997, 47.4018]], [[8.5997, 47.4018], [8.5996, 47.4017], [8.5994, 47.4015], [8.5992, 47.4014], [8.599, 47.4012], [8.5989, 47.4011], [8.5988, 47.401], [8.5987, 47.4009], [8.5985, 47.4007], [8.5984, 47.4006], [8.5981, 47.4003]], [[8.5981, 47.4003], [8.5979, 47.4], [8.5977, 47.3997], [8.5974, 47.3994], [8.5972, 47.399]], [[8.5972, 47.399], [8.5971, 47.3988], [8.597, 47.3987]], [[8.597, 47.3987], [8.5968, 47.3984], [8.5967, 47.3981]], [[8.5501, 47.366], [8.5499, 47.3661], [8.5497, 47.3662], [8.5496, 47.3662], [8.5494, 47.3663], [8.5492, 47.3664], [8.549, 47.3665], [8.5489, 47.3666], [8.5487, 47.3667], [8.5486, 47.3668], [8.5484, 47.3669], [8.5483, 47.367], [8.5482, 47.3671], [8.5481, 47.3672], [8.548, 47.3673], [8.5479, 47.3674], [8.5478, 47.3675], [8.5477, 47.3676]], [[8.5323, 47.3805], [8.5313, 47.3808], [8.531, 47.3809], [8.5307, 47.381], [8.5305, 47.381]], [[8.5305, 47.381], [8.5299, 47.3811], [8.5296, 47.3812], [8.5293, 47.3812], [8.5291, 47.3813], [8.5289, 47.3813], [8.5287, 47.3814], [8.5286, 47.3814], [8.5285, 47.3814]], [[8.5285, 47.3814], [8.5283, 47.3815], [8.5282, 47.3815], [8.5281, 47.3816], [8.528, 47.3816]], [[8.528, 47.3816], [8.5279, 47.3817], [8.5278, 47.3817], [8.5276, 47.3818], [8.5275, 47.3818], [8.5274, 47.3819], [8.5272, 47.382], [8.5271, 47.382], [8.5267, 47.3823], [8.5266, 47.3823], [8.5263, 47.3824], [8.526, 47.3826], [8.5258, 47.3827], [8.5257, 47.3828], [8.5254, 47.3829], [8.5253, 47.3829], [8.5251, 47.383], [8.5249, 47.3831], [8.5248, 47.3831], [8.5246, 47.3832], [8.5243, 47.3833], [8.5241, 47.3833], [8.5238, 47.3834], [8.5235, 47.3835], [8.523, 47.3837], [8.5226, 47.3838]], [[8.5226, 47.3838], [8.5209, 47.3842]], [[8.5209, 47.3842], [8.5206, 47.3843], [8.5205, 47.3843], [8.5204, 47.3843], [8.5203, 47.3844], [8.5202, 47.3844], [8.5201, 47.3844], [8.5198, 47.3845], [8.5195, 47.3845], [8.5194, 47.3845], [8.5192, 47.3845], [8.5191, 47.3846], [8.519, 47.3846], [8.5189, 47.3846], [8.5188, 47.3846]], [[8.5188, 47.3846], [8.5186, 47.3847], [8.5185, 47.3847], [8.5184, 47.3847], [8.5174, 47.385], [8.5153, 47.3856], [8.515, 47.3856], [8.515, 47.3857], [8.5148, 47.3857], [8.5146, 47.3858], [8.5145, 47.3858], [8.5143, 47.3859]], [[8.5143, 47.3859], [8.514, 47.3859], [8.5137, 47.386], [8.5135, 47.3861], [8.5133, 47.3862], [8.513, 47.3863], [8.5128, 47.3863], [8.5127, 47.3864], [8.5126, 47.3864], [8.5124, 47.3865], [8.512, 47.3867], [8.5119, 47.3867]], [[8.5119, 47.3867], [8.5102, 47.3874]], [[8.5102, 47.3874], [8.5098, 47.3875], [8.5095, 47.3876], [8.5094, 47.3877], [8.5092, 47.3877], [8.509, 47.3878], [8.5088, 47.3878], [8.5086, 47.3879], [8.5085, 47.388], [8.5083, 47.388], [8.5081, 47.388], [8.508, 47.3881], [8.5078, 47.3881]], [[8.5078, 47.3881], [8.5076, 47.3882], [8.5073, 47.3882], [8.5071, 47.3883], [8.5069, 47.3883], [8.5066, 47.3883], [8.5063, 47.3884], [8.5061, 47.3884], [8.5057, 47.3885], [8.5047, 47.3886], [8.5044, 47.3886], [8.5041, 47.3887], [8.5039, 47.3887], [8.5037, 47.3887]], [[8.5037, 47.3887], [8.5035, 47.3887], [8.5033, 47.3888], [8.5031, 47.3888], [8.5029, 47.3889], [8.5026, 47.3889], [8.5024, 47.389], [8.5019, 47.3891]], [[8.5019, 47.3891], [8.5009, 47.3893], [8.5005, 47.3894], [8.5, 47.3895], [8.4995, 47.3896], [8.4992, 47.3896], [8.4987, 47.3897], [8.4975, 47.3898], [8.4966, 47.3899], [8.4963, 47.3899], [8.4962, 47.3899], [8.496, 47.39], [8.4959, 47.39], [8.4957, 47.39], [8.4953, 47.3901], [8.4951, 47.3901]], [[8.4951, 47.3901], [8.495, 47.3901], [8.4944, 47.3902]], [[8.4944, 47.3902], [8.4942, 47.3903]], [[8.4942, 47.3903], [8.494, 47.3903], [8.4939, 47.3903], [8.4937, 47.3904], [8.4934, 47.3904], [8.4932, 47.3905], [8.4927, 47.3906]], [[8.4923, 47.3907], [8.4927, 47.3906]], [[8.4875, 47.392], [8.4891, 47.3916], [8.4923, 47.3907]], [[8.4847, 47.3928], [8.4852, 47.3927], [8.4854, 47.3926], [8.4856, 47.3926], [8.4863, 47.3924], [8.4875, 47.392]], [[8.4847, 47.3928], [8.4836, 47.3931]], [[8.4836, 47.3931], [8.4833, 47.3932]], [[8.4833, 47.3932], [8.4828, 47.3933]], [[8.4828, 47.3933], [8.4819, 47.3935], [8.4811, 47.3937], [8.4789, 47.3943], [8.4784, 47.3945], [8.478, 47.3946], [8.4755, 47.3953]], [[8.4755, 47.3953], [8.475, 47.3954], [8.4742, 47.3956], [8.473, 47.396], [8.4702, 47.3967], [8.4653, 47.398], [8.4649, 47.3981], [8.4645, 47.3983], [8.4641, 47.3984], [8.4637, 47.3985], [8.4626, 47.3988]], [[8.4626, 47.3988], [8.4624, 47.3989]], [[8.4624, 47.3989], [8.4618, 47.3991], [8.4613, 47.3992], [8.4609, 47.3993], [8.4606, 47.3994], [8.4605, 47.3994], [8.4603, 47.3995], [8.4601, 47.3995], [8.4598, 47.3996], [8.4597, 47.3996], [8.4596, 47.3997], [8.4594, 47.3997], [8.4591, 47.3997], [8.4589, 47.3998], [8.4586, 47.3998], [8.4583, 47.3999], [8.4581, 47.3999], [8.4579, 47.3999], [8.4577, 47.3999], [8.4576, 47.3999], [8.4574, 47.3999], [8.4572, 47.3999], [8.457, 47.3999], [8.4569, 47.3999], [8.4567, 47.3999], [8.4566, 47.3999], [8.4565, 47.3999], [8.4563, 47.3999], [8.456, 47.3999], [8.4559, 47.3999], [8.4557, 47.3999], [8.4547, 47.3998], [8.4534, 47.3997]], [[8.4534, 47.3997], [8.4531, 47.3997]], [[8.4531, 47.3997], [8.4522, 47.3996], [8.4519, 47.3996], [8.4517, 47.3996], [8.4515, 47.3996], [8.4503, 47.3995], [8.4496, 47.3995]], [[8.4496, 47.3995], [8.4493, 47.3995], [8.449, 47.3994], [8.4484, 47.3994], [8.4465, 47.3993], [8.4422, 47.3989], [8.4415, 47.3989], [8.44, 47.3988]], [[8.44, 47.3988], [8.4395, 47.3987]], [[8.4395, 47.3987], [8.4378, 47.3986], [8.4359, 47.3984], [8.4349, 47.3983], [8.4337, 47.3982], [8.4331, 47.3982], [8.4327, 47.3982], [8.4322, 47.3981], [8.4318, 47.3981], [8.4314, 47.398], [8.4311, 47.398], [8.4305, 47.3979], [8.4301, 47.3979], [8.4299, 47.3979], [8.4298, 47.3979], [8.4296, 47.3979], [8.4295, 47.3978], [8.4294, 47.3978], [8.4292, 47.3978], [8.4291, 47.3978], [8.4289, 47.3978], [8.4288, 47.3978], [8.4286, 47.3978], [8.4285, 47.3978], [8.4283, 47.3978], [8.428, 47.3978], [8.4278, 47.3978], [8.4274, 47.3978], [8.4272, 47.3978], [8.427, 47.3978], [8.4268, 47.3979], [8.4265, 47.3979], [8.4263, 47.3979], [8.4262, 47.3979], [8.426, 47.3979], [8.4258, 47.398], [8.4255, 47.398], [8.4252, 47.3981], [8.4248, 47.3981]], [[8.4248, 47.3981], [8.4234, 47.3983], [8.422, 47.3985], [8.4204, 47.3988], [8.4185, 47.3991]], [[8.4185, 47.3991], [8.418, 47.3992], [8.4173, 47.3993], [8.4126, 47.4]], [[8.4126, 47.4], [8.4121, 47.4001], [8.4119, 47.4001], [8.4118, 47.4002], [8.4117, 47.4002], [8.4115, 47.4002], [8.4114, 47.4002], [8.4113, 47.4003], [8.4111, 47.4003], [8.411, 47.4003], [8.4108, 47.4004], [8.4107, 47.4004], [8.4105, 47.4005], [8.4104, 47.4005], [8.4103, 47.4006], [8.4101, 47.4006], [8.4099, 47.4007], [8.4098, 47.4007], [8.4096, 47.4008], [8.4095, 47.4008], [8.4094, 47.4009], [8.4093, 47.4009], [8.4092, 47.401], [8.4091, 47.4011], [8.409, 47.4011], [8.4089, 47.4012], [8.4087, 47.4013], [8.4086, 47.4013], [8.4084, 47.4015]], [[8.4084, 47.4015], [8.4082, 47.4016]], [[8.4082, 47.4016], [8.408, 47.4017], [8.4079, 47.4018], [8.4078, 47.4019], [8.4077, 47.402], [8.4075, 47.4021], [8.4074, 47.4022], [8.4073, 47.4023], [8.4073, 47.4024], [8.4072, 47.4024], [8.407, 47.4026], [8.4069, 47.4028], [8.4068, 47.4029], [8.4068, 47.403]], [[8.4068, 47.403], [8.4067, 47.4031], [8.4066, 47.4032], [8.4065, 47.4033], [8.4065, 47.4034], [8.4064, 47.4036], [8.4063, 47.4038], [8.4059, 47.4044], [8.4058, 47.4046], [8.4051, 47.4059], [8.4048, 47.4065]], [[8.4048, 47.4065], [8.4047, 47.4066]], [[8.4047, 47.4066], [8.4045, 47.407], [8.4042, 47.4075], [8.404, 47.4079], [8.4039, 47.408]], [[8.4039, 47.408], [8.4038, 47.4082], [8.4037, 47.4084], [8.4036, 47.4086], [8.4035, 47.4087], [8.4034, 47.4088], [8.4032, 47.409]], [[8.4032, 47.409], [8.4032, 47.4091]], [[8.4032, 47.4091], [8.4029, 47.4094], [8.4028, 47.4096], [8.4026, 47.4098], [8.4025, 47.4099], [8.4023, 47.4101], [8.402, 47.4104], [8.4018, 47.4106], [8.4016, 47.4107], [8.4014, 47.4109], [8.4012, 47.411], [8.401, 47.4112], [8.4007, 47.4114], [8.4002, 47.4118], [8.3997, 47.4121]], [[8.3997, 47.4121], [8.3904, 47.4189], [8.3893, 47.4197], [8.3885, 47.4203], [8.3881, 47.4206], [8.3877, 47.4209], [8.3875, 47.421], [8.3874, 47.4211], [8.387, 47.4213]], [[8.387, 47.4213], [8.3868, 47.4215], [8.3866, 47.4216], [8.3864, 47.4217], [8.3862, 47.4218], [8.386, 47.4219], [8.3858, 47.422]], [[8.3845, 47.4227], [8.3842, 47.4228], [8.384, 47.4229], [8.3837, 47.423], [8.3832, 47.4231], [8.3818, 47.4236], [8.3788, 47.4247], [8.3724, 47.427], [8.3611, 47.4311], [8.3606, 47.4312], [8.3602, 47.4314], [8.3592, 47.4318], [8.3571, 47.4325]], [[8.3571, 47.4325], [8.3562, 47.4329]], [[8.3562, 47.4329], [8.3554, 47.4331], [8.3547, 47.4334], [8.3543, 47.4336], [8.3495, 47.4353]], [[8.3495, 47.4353], [8.3494, 47.4353]], [[8.3494, 47.4353], [8.3477, 47.4359]], [[8.3477, 47.4359], [8.3476, 47.4359]], [[8.3476, 47.4359], [8.3468, 47.4362], [8.3465, 47.4363], [8.3461, 47.4365], [8.3459, 47.4366], [8.3454, 47.4367]], [[8.3454, 47.4367], [8.345, 47.4369], [8.3444, 47.4372], [8.3439, 47.4374], [8.3435, 47.4376], [8.343, 47.4379], [8.3428, 47.438], [8.3426, 47.4381], [8.342, 47.4385], [8.3414, 47.4389], [8.3409, 47.4392], [8.3404, 47.4396], [8.34, 47.44], [8.3394, 47.4405], [8.3374, 47.4423], [8.3365, 47.4431], [8.3361, 47.4435], [8.3357, 47.444], [8.3352, 47.4445], [8.3348, 47.4449], [8.3343, 47.4457], [8.334, 47.4462], [8.3335, 47.4471], [8.3331, 47.448], [8.333, 47.4482], [8.3328, 47.4484], [8.3327, 47.4487], [8.3324, 47.4491], [8.3322, 47.4494], [8.3321, 47.4496]], [[8.3321, 47.4496], [8.3318, 47.4499], [8.3316, 47.4502], [8.3311, 47.4508], [8.3308, 47.4512], [8.3306, 47.4514], [8.3304, 47.4516], [8.3303, 47.4517], [8.33, 47.4521]], [[8.33, 47.4521], [8.3297, 47.4522], [8.3294, 47.4525], [8.3291, 47.4527], [8.329, 47.4528], [8.3287, 47.453], [8.3285, 47.4531], [8.3283, 47.4532], [8.3282, 47.4532], [8.3281, 47.4533], [8.3279, 47.4534], [8.3277, 47.4535], [8.3275, 47.4536], [8.3273, 47.4537], [8.327, 47.4538], [8.3268, 47.4539]], [[8.3265, 47.454], [8.3257, 47.4542], [8.3254, 47.4544]], [[8.3254, 47.4544], [8.3241, 47.4548]], [[8.3241, 47.4548], [8.324, 47.4549], [8.3238, 47.4549], [8.3237, 47.455], [8.3235, 47.455], [8.3234, 47.4551], [8.3233, 47.4551], [8.3231, 47.4552]], [[8.3231, 47.4552], [8.3229, 47.4553]], [[8.3229, 47.4553], [8.3227, 47.4554], [8.3224, 47.4555], [8.322, 47.4557], [8.3218, 47.4558], [8.3218, 47.4559], [8.3215, 47.456]], [[8.3215, 47.456], [8.3199, 47.457]], [[8.3199, 47.457], [8.3191, 47.4575]], [[8.3191, 47.4575], [8.3179, 47.4582], [8.3176, 47.4583], [8.3173, 47.4585], [8.317, 47.4587], [8.3168, 47.4588]], [[8.3168, 47.4588], [8.3164, 47.4591], [8.3159, 47.4593], [8.315, 47.4598], [8.313, 47.4611]], [[8.313, 47.4611], [8.3108, 47.4624], [8.3101, 47.4628]], [[8.3101, 47.4628], [8.31, 47.4629]], [[8.31, 47.4629], [8.3098, 47.463]], [[8.3098, 47.463], [8.3092, 47.4633], [8.3081, 47.464]], [[8.3081, 47.464], [8.3078, 47.4642], [8.3076, 47.4643], [8.3072, 47.4645]], [[8.3072, 47.4645], [8.3069, 47.4648]], [[8.3069, 47.4648], [8.3066, 47.465], [8.3063, 47.4652], [8.306, 47.4654]], [[8.3065, 47.4741], [8.3066, 47.4742], [8.3066, 47.4743]], [[8.3066, 47.4743], [8.3068, 47.4746], [8.3068, 47.4748], [8.3069, 47.475], [8.307, 47.4751], [8.3071, 47.4754], [8.3074, 47.4765], [8.3075, 47.4769], [8.3077, 47.4776], [8.3077, 47.4777], [8.3077, 47.4779], [8.3078, 47.478], [8.3078, 47.4782], [8.3077, 47.4784]], [[8.3077, 47.4786], [8.3077, 47.4785], [8.3077, 47.4784]], [[8.3067, 47.4798], [8.307, 47.4796], [8.3072, 47.4794], [8.3074, 47.4792], [8.3075, 47.479], [8.3076, 47.4788], [8.3077, 47.4786]], [[8.3067, 47.4798], [8.3064, 47.48], [8.306, 47.4802], [8.3057, 47.4803], [8.3053, 47.4805], [8.3049, 47.4806], [8.3045, 47.4806], [8.3028, 47.481]], [[8.3028, 47.481], [8.3025, 47.4811]], [[8.3025, 47.4811], [8.3021, 47.4812], [8.3016, 47.4813], [8.3012, 47.4814], [8.3009, 47.4816], [8.3005, 47.4817], [8.3, 47.482], [8.2994, 47.4823], [8.2989, 47.4825], [8.2985, 47.4827], [8.2981, 47.4828], [8.2976, 47.4829], [8.2971, 47.483], [8.2953, 47.4833], [8.2945, 47.4834], [8.2937, 47.4834], [8.2864, 47.484], [8.2857, 47.484], [8.2852, 47.4841], [8.2848, 47.484], [8.2845, 47.484], [8.2842, 47.484], [8.2839, 47.484], [8.2834, 47.4839], [8.2828, 47.4838], [8.2823, 47.4837], [8.2778, 47.4826], [8.2774, 47.4825], [8.277, 47.4824], [8.2766, 47.4824], [8.2762, 47.4824], [8.2758, 47.4823], [8.2754, 47.4824], [8.275, 47.4824], [8.2746, 47.4824], [8.2738, 47.4825], [8.273, 47.4827], [8.2725, 47.4828], [8.2721, 47.4829], [8.2717, 47.483], [8.2713, 47.4831], [8.271, 47.4833], [8.2706, 47.4834], [8.2703, 47.4836], [8.27, 47.4838], [8.2697, 47.484], [8.2695, 47.4842], [8.2693, 47.4844], [8.2691, 47.4847], [8.269, 47.4849], [8.2684, 47.4856], [8.2682, 47.4859], [8.2679, 47.4861], [8.2677, 47.4864], [8.2675, 47.4865], [8.2672, 47.4867], [8.2669, 47.4869], [8.2665, 47.4871], [8.2661, 47.4873], [8.2657, 47.4874], [8.263, 47.4885]], [[8.263, 47.4885], [8.2613, 47.4891], [8.261, 47.4892], [8.2608, 47.4893], [8.2605, 47.4894], [8.2603, 47.4895], [8.2598, 47.4896]], [[8.2598, 47.4896], [8.2595, 47.4898], [8.2592, 47.4899], [8.2589, 47.49]], [[8.2589, 47.49], [8.2581, 47.4903], [8.2579, 47.4903], [8.2577, 47.4904], [8.2575, 47.4904], [8.2573, 47.4905], [8.257, 47.4906], [8.2567, 47.4907]], [[8.2564, 47.4907], [8.2567, 47.4907]], [[8.2511, 47.4925], [8.2517, 47.4922], [8.2521, 47.4921], [8.2522, 47.4921], [8.2523, 47.492], [8.2524, 47.492], [8.2525, 47.492], [8.2529, 47.4918], [8.2544, 47.4914], [8.2547, 47.4913], [8.2549, 47.4912], [8.2551, 47.4911], [8.2554, 47.4911], [8.2558, 47.4909], [8.2564, 47.4907]], [[8.2511, 47.4925], [8.2505, 47.4927], [8.2503, 47.4927], [8.2502, 47.4928], [8.25, 47.4929], [8.2499, 47.4929], [8.2497, 47.4929], [8.2496, 47.493], [8.2495, 47.493], [8.2493, 47.493], [8.2492, 47.4931], [8.2491, 47.4931], [8.2489, 47.4931], [8.2488, 47.4932], [8.2487, 47.4932], [8.2486, 47.4932], [8.2484, 47.4932], [8.2483, 47.4933], [8.2482, 47.4933], [8.248, 47.4933], [8.2479, 47.4933], [8.2478, 47.4933], [8.2477, 47.4933], [8.2475, 47.4933], [8.2474, 47.4934], [8.2472, 47.4934], [8.2471, 47.4934], [8.247, 47.4934], [8.2469, 47.4934], [8.2467, 47.4934], [8.2466, 47.4934], [8.2464, 47.4934], [8.2462, 47.4934], [8.246, 47.4934]], [[8.246, 47.4934], [8.2459, 47.4934], [8.2457, 47.4934], [8.2456, 47.4933], [8.2454, 47.4933], [8.2452, 47.4933], [8.245, 47.4933], [8.2445, 47.4932], [8.244, 47.4931], [8.2435, 47.493], [8.2431, 47.4929], [8.2426, 47.4927], [8.2421, 47.4925], [8.2417, 47.4924], [8.2414, 47.4922], [8.2407, 47.4918], [8.2386, 47.4907]], [[8.2376, 47.4902], [8.2386, 47.4907]], [[8.2376, 47.4902], [8.2289, 47.4855], [8.2284, 47.4852], [8.228, 47.485], [8.2276, 47.4849], [8.2272, 47.4847], [8.2267, 47.4846]], [[8.2267, 47.4846], [8.2262, 47.4844], [8.2257, 47.4843], [8.2253, 47.4843], [8.2207, 47.4836], [8.2198, 47.4834], [8.2195, 47.4834], [8.2192, 47.4834], [8.219, 47.4833], [8.2188, 47.4833], [8.2184, 47.4833], [8.2172, 47.4833]], [[8.6316, 47.697], [8.6317, 47.6971], [8.6317, 47.6972], [8.6318, 47.6973], [8.6319, 47.6974], [8.6321, 47.6976], [8.6322, 47.6977], [8.6323, 47.6978], [8.6322, 47.6978], [8.6323, 47.6978], [8.6323, 47.6979], [8.6324, 47.6979], [8.6326, 47.6981], [8.633, 47.6985], [8.6331, 47.6986], [8.6331, 47.6987], [8.6332, 47.6987], [8.6333, 47.6988], [8.6332, 47.6988], [8.6334, 47.699], [8.6341, 47.6997], [8.6334, 47.699], [8.6332, 47.6988], [8.6331, 47.6988], [8.633, 47.6986], [8.6329, 47.6985], [8.6326, 47.6982], [8.6325, 47.6981], [8.6322, 47.6978], [8.6321, 47.6977], [8.632, 47.6976], [8.6319, 47.6975], [8.6319, 47.6974], [8.6318, 47.6974], [8.6318, 47.6973], [8.6317, 47.6973], [8.6317, 47.6972], [8.6317, 47.6971], [8.6316, 47.697]], [[8.6129, 47.6679], [8.613, 47.6678], [8.6134, 47.6674], [8.6137, 47.6671], [8.6146, 47.6663], [8.6141, 47.6668], [8.6139, 47.6669], [8.6138, 47.667], [8.6137, 47.6671], [8.6136, 47.6672], [8.6134, 47.6674], [8.6129, 47.6679]], [[8.6558, 47.6319], [8.6559, 47.6316], [8.6559, 47.6315], [8.6559, 47.6314], [8.656, 47.6313], [8.656, 47.6312], [8.6559, 47.6312], [8.656, 47.6308], [8.6561, 47.6308], [8.6562, 47.6299], [8.6561, 47.6308], [8.656, 47.6311], [8.656, 47.6313], [8.656, 47.6315], [8.6559, 47.6316], [8.6559, 47.6318], [8.6558, 47.6319]], [[8.6851, 47.5644], [8.6841, 47.5664], [8.6842, 47.5662], [8.6845, 47.5655], [8.6849, 47.5647], [8.6849, 47.5645], [8.685, 47.5643], [8.6851, 47.5644]], [[8.6946, 47.5456], [8.6954, 47.5437], [8.6953, 47.5437], [8.6949, 47.5447], [8.6948, 47.545], [8.6947, 47.5452], [8.6947, 47.5453], [8.6946, 47.5456]], [[8.6341, 47.6998], [8.633, 47.6987], [8.6327, 47.6983]], [[8.6327, 47.6983], [8.6321, 47.6977], [8.632, 47.6977], [8.632, 47.6976], [8.6319, 47.6976], [8.6319, 47.6975], [8.6318, 47.6974], [8.6318, 47.6973], [8.6317, 47.6973], [8.6317, 47.6972], [8.6317, 47.6971]], [[8.6317, 47.6971], [8.6316, 47.6971], [8.6316, 47.697], [8.6316, 47.6969], [8.6316, 47.6968]], [[8.6316, 47.6968], [8.6315, 47.6966], [8.6315, 47.6959]], [[8.6315, 47.6959], [8.6315, 47.6958], [8.6315, 47.6957], [8.6314, 47.6956], [8.6314, 47.6955], [8.6314, 47.6954], [8.6314, 47.6953], [8.6313, 47.6953], [8.6313, 47.6952], [8.6312, 47.6951], [8.6312, 47.695], [8.6311, 47.695], [8.6311, 47.6949], [8.631, 47.6948], [8.6309, 47.6947]], [[8.6119, 47.6691], [8.612, 47.669], [8.6121, 47.6689], [8.6121, 47.6688], [8.6125, 47.6683], [8.6126, 47.6682], [8.6127, 47.6681], [8.6128, 47.668], [8.6128, 47.6679], [8.6129, 47.6678], [8.613, 47.6678], [8.6131, 47.6677], [8.6132, 47.6676], [8.6132, 47.6675], [8.6133, 47.6674], [8.6135, 47.6672], [8.6137, 47.6671], [8.614, 47.6668], [8.6143, 47.6665], [8.6144, 47.6664], [8.6145, 47.6664], [8.6146, 47.6662], [8.6147, 47.6661], [8.6149, 47.6659], [8.6152, 47.6657], [8.6155, 47.6654], [8.6158, 47.6651]], [[8.6542, 47.634], [8.6541, 47.6341], [8.6534, 47.6347], [8.6531, 47.6349], [8.6529, 47.635], [8.6525, 47.6353], [8.6518, 47.6359]], [[8.6553, 47.6328], [8.6552, 47.633], [8.6551, 47.6331], [8.655, 47.6333], [8.6548, 47.6334], [8.6547, 47.6336], [8.6546, 47.6337], [8.6545, 47.6338], [8.6544, 47.6338], [8.6542, 47.634]], [[8.6557, 47.6322], [8.6556, 47.6323], [8.6556, 47.6324], [8.6555, 47.6325], [8.6555, 47.6326], [8.6553, 47.6328]], [[8.6558, 47.632], [8.6557, 47.6322]], [[8.6563, 47.6299], [8.6561, 47.6308], [8.6561, 47.6311], [8.656, 47.6312], [8.656, 47.6313], [8.656, 47.6316], [8.6559, 47.6317], [8.6559, 47.6318], [8.6558, 47.632]], [[8.6565, 47.6288], [8.6565, 47.6289], [8.6564, 47.629], [8.6564, 47.6292], [8.6563, 47.6294], [8.6563, 47.6295], [8.6563, 47.6299]], [[8.6566, 47.6287], [8.6565, 47.6288]], [[8.6637, 47.6199], [8.6628, 47.6215], [8.6627, 47.6217], [8.6626, 47.6218], [8.6623, 47.6222], [8.662, 47.6226], [8.6616, 47.623], [8.6613, 47.6234], [8.6611, 47.6236], [8.6609, 47.6238], [8.6594, 47.6253], [8.6591, 47.6256], [8.659, 47.6258], [8.6581, 47.6266], [8.6577, 47.6271], [8.6575, 47.6273], [8.6573, 47.6275], [8.6571, 47.6277], [8.657, 47.6279], [8.6569, 47.6281], [8.6568, 47.6283], [8.6567, 47.6285], [8.6566, 47.6287]], [[8.6857, 47.5609], [8.6857, 47.5611], [8.6857, 47.5614], [8.6857, 47.5616], [8.6857, 47.562], [8.6857, 47.5624], [8.6856, 47.5627], [8.6856, 47.5631], [8.6855, 47.5633], [8.6855, 47.5635], [8.6854, 47.5637], [8.6853, 47.5639], [8.6852, 47.5641], [8.6851, 47.5643], [8.6849, 47.5649], [8.6842, 47.5663], [8.6841, 47.5665], [8.684, 47.5668], [8.6838, 47.5672], [8.6835, 47.5682]], [[8.6856, 47.5604], [8.6856, 47.5605], [8.6856, 47.5607], [8.6857, 47.5609]], [[8.6872, 47.5542], [8.6871, 47.5543], [8.687, 47.5545], [8.687, 47.5546], [8.6869, 47.5547], [8.6868, 47.5549], [8.6867, 47.5549], [8.6867, 47.555], [8.6866, 47.5552], [8.6865, 47.5554], [8.6864, 47.5557], [8.6862, 47.556], [8.6858, 47.5572], [8.6855, 47.5579], [8.6854, 47.5581], [8.6854, 47.5584], [8.6854, 47.5587], [8.6854, 47.5589], [8.6854, 47.5592], [8.6854, 47.5595], [8.6855, 47.5599], [8.6856, 47.5604]], [[8.6957, 47.543], [8.6957, 47.5431], [8.6956, 47.5433], [8.6954, 47.5437], [8.6951, 47.5446], [8.6946, 47.5457], [8.6946, 47.5458], [8.694, 47.5471], [8.6935, 47.5485], [8.6934, 47.5488], [8.6932, 47.5491], [8.693, 47.5495], [8.6928, 47.5498], [8.6926, 47.5501], [8.6923, 47.5503], [8.6921, 47.5506], [8.6918, 47.5509], [8.6915, 47.5511], [8.6912, 47.5513], [8.691, 47.5515], [8.6904, 47.5518], [8.6893, 47.5525], [8.689, 47.5527], [8.6887, 47.5529], [8.6886, 47.553], [8.6884, 47.5531], [8.6883, 47.5532], [8.6882, 47.5533], [8.688, 47.5534], [8.6879, 47.5535], [8.6877, 47.5537], [8.6876, 47.5538]], [[8.6958, 47.5429], [8.6957, 47.543]], [[8.696, 47.5424], [8.6959, 47.5427], [8.6958, 47.5429]], [[8.7261, 47.5049], [8.7262, 47.5047], [8.7262, 47.5046], [8.7262, 47.5045], [8.7262, 47.5044], [8.7262, 47.5043]], [[8.7262, 47.5043], [8.7261, 47.504]], [[8.7261, 47.504], [8.726, 47.5039]], [[8.7253, 47.5027], [8.7257, 47.5032], [8.7257, 47.5033], [8.7258, 47.5034], [8.7258, 47.5035], [8.7259, 47.5035], [8.7259, 47.5036], [8.7259, 47.5037], [8.726, 47.5039]], [[8.7253, 47.5027], [8.7252, 47.5026], [8.7251, 47.5025], [8.725, 47.5024]], [[8.725, 47.5024], [8.7246, 47.502]], [[8.7213, 47.4975], [8.7211, 47.4972]], [[8.7209, 47.4969], [8.7211, 47.4972]], [[8.2162, 47.4832], [8.2159, 47.4832], [8.2156, 47.4832], [8.2154, 47.4832], [8.2152, 47.4832], [8.215, 47.4832], [8.2148, 47.4832]]]}, "properties": {"ref": "S12", "opened_year": 1990, "is_tunnel": false, "segment_count": 659}}, {"type": "Feature", "geometry": {"type": "MultiLineString", "coordinates": [[[8.5344, 47.3801], [8.5346, 47.3801], [8.5347, 47.3801], [8.535, 47.38], [8.5353, 47.3799]], [[8.5353, 47.3799], [8.5358, 47.3798]], [[8.5358, 47.3798], [8.5366, 47.3796]], [[8.5366, 47.3796], [8.5391, 47.3789], [8.5405, 47.3785], [8.542, 47.378]], [[8.542, 47.378], [8.5421, 47.378]], [[8.5421, 47.378], [8.5429, 47.3777]], [[8.5429, 47.3777], [8.5434, 47.3776], [8.5438, 47.3774], [8.5442, 47.3773], [8.5444, 47.3772], [8.5446, 47.3771], [8.5449, 47.377], [8.5451, 47.3769], [8.5453, 47.3767], [8.5454, 47.3766], [8.5457, 47.3764], [8.5459, 47.3762], [8.5461, 47.376], [8.5463, 47.3758], [8.5465, 47.3756], [8.5467, 47.3754], [8.547, 47.375], [8.5472, 47.3748], [8.5473, 47.3745], [8.5475, 47.3741], [8.5476, 47.3738], [8.5477, 47.3736], [8.5478, 47.3733], [8.5478, 47.373], [8.5479, 47.3728], [8.5479, 47.3726], [8.5479, 47.3723], [8.5479, 47.3721], [8.5479, 47.3719], [8.5478, 47.3717], [8.5477, 47.3714], [8.5477, 47.3712], [8.5476, 47.371], [8.5475, 47.3709], [8.5473, 47.3704], [8.5472, 47.3702], [8.5472, 47.37], [8.5471, 47.3698], [8.5471, 47.3697], [8.5471, 47.3694], [8.5471, 47.3692], [8.5471, 47.3691], [8.5472, 47.3689]], [[8.5478, 47.3676], [8.5477, 47.3678], [8.5476, 47.3679], [8.5474, 47.3682], [8.5473, 47.3684], [8.5473, 47.3685], [8.5472, 47.3687], [8.5472, 47.3689]], [[8.5502, 47.3661], [8.5498, 47.3662], [8.5495, 47.3664], [8.5493, 47.3665], [8.5491, 47.3666], [8.549, 47.3667], [8.5488, 47.3668], [8.5486, 47.367], [8.5483, 47.3672], [8.5481, 47.3674], [8.5479, 47.3675], [8.5478, 47.3676]], [[8.5949, 47.3939], [8.595, 47.3943], [8.5951, 47.3945], [8.5953, 47.3953], [8.5954, 47.3954], [8.5955, 47.3957], [8.5957, 47.3963], [8.5959, 47.3969], [8.596, 47.3972], [8.5963, 47.3977], [8.5965, 47.3982]], [[8.5967, 47.3981], [8.5964, 47.3976], [8.5962, 47.3973], [8.5962, 47.3972], [8.596, 47.3968], [8.5958, 47.3963], [8.5956, 47.3957], [8.5955, 47.3954], [8.5954, 47.3952], [8.5951, 47.3945], [8.595, 47.3939], [8.5948, 47.3936], [8.5947, 47.3933]], [[8.552, 47.3656], [8.5513, 47.3657], [8.5506, 47.3659]], [[8.5506, 47.3659], [8.5504, 47.366], [8.5501, 47.366]], [[8.5474, 47.3681], [8.5475, 47.368], [8.5475, 47.3679], [8.5476, 47.3678], [8.5477, 47.3676]], [[8.5474, 47.3681], [8.5473, 47.3684], [8.5472, 47.3685], [8.5472, 47.3687]], [[8.5472, 47.3687], [8.5471, 47.3689], [8.5471, 47.3691], [8.5471, 47.3693], [8.5471, 47.3695], [8.5471, 47.3697], [8.5471, 47.3698], [8.5471, 47.37], [8.5472, 47.3702], [8.5473, 47.3704], [8.5475, 47.3709], [8.5476, 47.3712], [8.5477, 47.3714], [8.5478, 47.3717], [8.5478, 47.3719], [8.5479, 47.3721], [8.5479, 47.3723], [8.5478, 47.3725], [8.5478, 47.3728], [8.5478, 47.373], [8.5477, 47.3733], [8.5477, 47.3736], [8.5476, 47.3738], [8.5475, 47.3741], [8.5473, 47.3745], [8.5471, 47.3747], [8.547, 47.375], [8.5467, 47.3754], [8.5465, 47.3756], [8.5463, 47.3758], [8.5461, 47.376], [8.5459, 47.3762], [8.5456, 47.3764], [8.5454, 47.3766], [8.5452, 47.3767], [8.545, 47.3768], [8.5448, 47.3769], [8.5446, 47.377], [8.5442, 47.3772], [8.5438, 47.3773], [8.543, 47.3776]], [[8.543, 47.3776], [8.5425, 47.3778], [8.5421, 47.3779]], [[8.5421, 47.3779], [8.542, 47.378]], [[8.542, 47.378], [8.5417, 47.3781], [8.541, 47.3783], [8.5403, 47.3785], [8.5391, 47.3788], [8.5366, 47.3795]], [[8.5366, 47.3795], [8.5358, 47.3797]], [[8.5358, 47.3797], [8.5353, 47.3799]], [[8.5353, 47.3799], [8.535, 47.3799], [8.5346, 47.38], [8.5343, 47.3801]]]}, "properties": {"ref": "S12", "opened_year": 1990, "is_tunnel": true, "segment_count": 22}}, {"type": "Feature", "geometry": {"type": "MultiLineString", "coordinates": [[[8.6759, 47.2284], [8.6758, 47.2284], [8.6757, 47.2285], [8.6755, 47.2289], [8.6753, 47.2292], [8.6751, 47.2294], [8.6751, 47.2295], [8.675, 47.2296], [8.675, 47.2297], [8.6748, 47.23], [8.6749, 47.23], [8.675, 47.2298], [8.6752, 47.2295], [8.6755, 47.229], [8.6756, 47.2289], [8.6759, 47.2284]], [[8.6918, 47.208], [8.6923, 47.2084], [8.6926, 47.2086], [8.6929, 47.2088], [8.693, 47.2088], [8.693, 47.2089], [8.6937, 47.2093]], [[8.6887, 47.1987], [8.6887, 47.1988], [8.6878, 47.1985], [8.6867, 47.1981], [8.6887, 47.1987]], [[8.6874, 47.1909], [8.6852, 47.1918], [8.6856, 47.1916], [8.6863, 47.1913], [8.6864, 47.1913], [8.6865, 47.1912], [8.687, 47.191], [8.6874, 47.1909]], [[8.7079, 47.1773], [8.708, 47.1773], [8.7081, 47.1772], [8.7082, 47.1772], [8.7083, 47.1771], [8.7084, 47.1771], [8.7084, 47.177], [8.7085, 47.177], [8.7086, 47.1769], [8.7088, 47.1768], [8.7095, 47.1762], [8.7097, 47.176], [8.7095, 47.1761], [8.7094, 47.1761], [8.7094, 47.1762], [8.7091, 47.1764], [8.7087, 47.1768], [8.7085, 47.1769], [8.7084, 47.177], [8.7083, 47.177], [8.7082, 47.1771], [8.7082, 47.1772], [8.7081, 47.1772], [8.708, 47.1772], [8.7079, 47.1773]], [[8.7226, 47.1562], [8.7226, 47.1571], [8.7227, 47.1572], [8.7227, 47.1573], [8.7227, 47.1574], [8.7228, 47.1575], [8.7228, 47.1576], [8.7229, 47.1577], [8.7229, 47.1578], [8.7229, 47.1577], [8.7228, 47.1576], [8.7228, 47.1575], [8.7227, 47.1574], [8.7227, 47.1573], [8.7227, 47.1572], [8.7227, 47.1571], [8.7227, 47.1566], [8.7227, 47.1562], [8.7226, 47.1562]], [[8.7441, 47.1282], [8.7451, 47.1296], [8.7452, 47.1296], [8.7452, 47.1297], [8.7453, 47.1297], [8.7453, 47.1298], [8.7454, 47.1299], [8.7456, 47.13], [8.7455, 47.13], [8.7453, 47.1298], [8.7452, 47.1297], [8.7451, 47.1296], [8.7441, 47.1282]], [[8.676, 47.2282], [8.6757, 47.2288], [8.6752, 47.2295], [8.675, 47.2298]], [[8.6762, 47.2279], [8.6761, 47.2281], [8.676, 47.2282]], [[8.6767, 47.2274], [8.6766, 47.2275], [8.6765, 47.2275], [8.6764, 47.2276], [8.6764, 47.2277], [8.6763, 47.2278], [8.6762, 47.2279]], [[8.6772, 47.2269], [8.677, 47.2271], [8.6768, 47.2273], [8.6767, 47.2274]], [[8.6814, 47.2232], [8.6812, 47.2234], [8.6811, 47.2234], [8.6811, 47.2235], [8.6809, 47.2236], [8.6808, 47.2236], [8.6807, 47.2237], [8.6806, 47.2238], [8.6802, 47.2241], [8.679, 47.225], [8.6789, 47.2251], [8.6787, 47.2252], [8.6787, 47.2253], [8.6786, 47.2253], [8.6785, 47.2254], [8.6784, 47.2255], [8.6783, 47.2256], [8.6782, 47.2257], [8.6782, 47.2258], [8.6781, 47.2258], [8.6781, 47.2259], [8.678, 47.226], [8.6779, 47.2262], [8.6778, 47.2263], [8.6777, 47.2264], [8.6777, 47.2265], [8.6776, 47.2265], [8.6776, 47.2266], [8.6775, 47.2266], [8.6775, 47.2267], [8.6774, 47.2267], [8.6773, 47.2268], [8.6772, 47.2269]], [[8.6815, 47.2232], [8.6814, 47.2232]], [[8.6897, 47.2182], [8.6891, 47.2189], [8.6889, 47.2191], [8.6888, 47.2191], [8.6887, 47.2192], [8.6887, 47.2193], [8.6886, 47.2194], [8.6885, 47.2194], [8.6884, 47.2195], [8.6883, 47.2196], [8.6882, 47.2196], [8.6881, 47.2197], [8.688, 47.2198], [8.6879, 47.2198], [8.6878, 47.2199], [8.6877, 47.2199], [8.6876, 47.22], [8.6875, 47.2201], [8.6873, 47.2202], [8.687, 47.2203], [8.6858, 47.2209], [8.6848, 47.2213], [8.6846, 47.2214], [8.6845, 47.2215], [8.6842, 47.2216], [8.684, 47.2217], [8.6837, 47.2219], [8.6831, 47.2223], [8.6823, 47.2227], [8.6815, 47.2232]], [[8.6897, 47.2181], [8.6897, 47.2182]], [[8.6957, 47.2117], [8.6958, 47.2119], [8.6959, 47.2121], [8.6959, 47.2123], [8.6959, 47.2125], [8.6959, 47.2127], [8.6959, 47.213], [8.6958, 47.2132], [8.6957, 47.2134], [8.6955, 47.2136], [8.6953, 47.2138], [8.6951, 47.214], [8.6949, 47.2142], [8.6906, 47.2173], [8.6904, 47.2175], [8.6902, 47.2176], [8.6899, 47.2179], [8.6897, 47.2181]], [[8.6956, 47.2116], [8.6957, 47.2117]], [[8.6948, 47.2105], [8.6955, 47.2114], [8.6956, 47.2116]], [[8.6948, 47.2104], [8.6948, 47.2105]], [[8.6947, 47.2103], [8.6948, 47.2104]], [[8.6911, 47.2077], [8.6915, 47.2079], [8.6917, 47.2081], [8.692, 47.2082], [8.6927, 47.2087], [8.6936, 47.2093], [8.6938, 47.2094], [8.6939, 47.2095], [8.694, 47.2096], [8.6941, 47.2096], [8.6942, 47.2097], [8.6943, 47.2098], [8.6944, 47.2099], [8.6945, 47.21], [8.6946, 47.2101], [8.6946, 47.2102], [8.6947, 47.2103]], [[8.6907, 47.2074], [8.6911, 47.2077]], [[8.6903, 47.2072], [8.6907, 47.2074]], [[8.6891, 47.2042], [8.6891, 47.2043], [8.689, 47.2044], [8.689, 47.2045], [8.6889, 47.2047], [8.6889, 47.2048], [8.6889, 47.2049], [8.6889, 47.2051], [8.6889, 47.2052], [8.6889, 47.2054], [8.6889, 47.2055], [8.6889, 47.2056], [8.689, 47.2057], [8.689, 47.2058], [8.6891, 47.2059], [8.6891, 47.206], [8.6892, 47.2061], [8.6892, 47.2062], [8.6893, 47.2063], [8.6894, 47.2064], [8.6895, 47.2065], [8.6896, 47.2066], [8.6897, 47.2067], [8.6898, 47.2068], [8.6898, 47.2069], [8.6899, 47.2069], [8.69, 47.207], [8.6902, 47.2071], [8.6903, 47.2072]], [[8.6891, 47.2041], [8.6891, 47.2042]], [[8.6907, 47.2019], [8.6906, 47.202], [8.6904, 47.2022], [8.6894, 47.2037], [8.6893, 47.2039], [8.6891, 47.2041]], [[8.6909, 47.2013], [8.6909, 47.2014], [8.6908, 47.2015], [8.6908, 47.2016], [8.6908, 47.2017], [8.6907, 47.2018], [8.6907, 47.2019]], [[8.6843, 47.1973], [8.6844, 47.1973], [8.6845, 47.1974], [8.6846, 47.1974], [8.6848, 47.1974], [8.6849, 47.1975], [8.685, 47.1975], [8.6852, 47.1976], [8.6874, 47.1983], [8.6886, 47.1987], [8.6887, 47.1987], [8.6888, 47.1987], [8.6889, 47.1988], [8.689, 47.1988], [8.6891, 47.1988], [8.6892, 47.1989], [8.6893, 47.1989], [8.6894, 47.199], [8.6895, 47.199], [8.6896, 47.1991], [8.6897, 47.1991], [8.6898, 47.1992], [8.6899, 47.1993], [8.69, 47.1994], [8.6901, 47.1994], [8.6902, 47.1995], [8.6903, 47.1996], [8.6904, 47.1997], [8.6905, 47.1998], [8.6906, 47.1999], [8.6907, 47.2001], [8.6907, 47.2002], [8.6908, 47.2003], [8.6908, 47.2004], [8.6909, 47.2005], [8.6909, 47.2006], [8.6909, 47.2007], [8.6909, 47.2008], [8.6909, 47.2009], [8.6909, 47.201], [8.6909, 47.2011], [8.6909, 47.2012], [8.6909, 47.2013]], [[8.6842, 47.1972], [8.6843, 47.1972], [8.6843, 47.1973]], [[8.6841, 47.1922], [8.6839, 47.1923], [8.6838, 47.1923], [8.6836, 47.1924], [8.6835, 47.1925], [8.6834, 47.1925], [8.6833, 47.1926], [8.6832, 47.1927], [8.6831, 47.1927], [8.683, 47.1928], [8.6829, 47.1929], [8.6828, 47.1929], [8.6828, 47.193], [8.6827, 47.193], [8.6827, 47.1931], [8.6826, 47.1931], [8.6826, 47.1932], [8.6825, 47.1933], [8.6824, 47.1934], [8.6824, 47.1935], [8.6823, 47.1936], [8.6823, 47.1937], [8.6822, 47.1937], [8.6822, 47.1938], [8.6822, 47.1939], [8.6821, 47.194], [8.6821, 47.1941], [8.6821, 47.1942], [8.6821, 47.1943], [8.6821, 47.1944], [8.6821, 47.1945], [8.6821, 47.1946], [8.6821, 47.1947], [8.6821, 47.1948], [8.6821, 47.1949], [8.6822, 47.195], [8.6822, 47.1951], [8.6822, 47.1952], [8.6823, 47.1953], [8.6823, 47.1954], [8.6824, 47.1955], [8.6825, 47.1956], [8.6825, 47.1957], [8.6826, 47.1957], [8.6826, 47.1958], [8.6827, 47.1959], [8.6828, 47.1959], [8.6828, 47.196], [8.6829, 47.1961], [8.6831, 47.1963], [8.6832, 47.1964], [8.6833, 47.1966], [8.6834, 47.1966], [8.6835, 47.1967], [8.6836, 47.1968], [8.6837, 47.1969], [8.6838, 47.1969], [8.6839, 47.197], [8.684, 47.1971], [8.6841, 47.1971], [8.6842, 47.1972]], [[8.685, 47.1919], [8.6848, 47.1919], [8.6846, 47.192], [8.6843, 47.1921], [8.6841, 47.1922]], [[8.6851, 47.1918], [8.685, 47.1919]], [[8.6879, 47.1907], [8.6874, 47.1909], [8.6872, 47.191], [8.6861, 47.1914], [8.686, 47.1914], [8.6856, 47.1916], [8.6851, 47.1918]], [[8.6892, 47.1897], [8.6891, 47.1898], [8.6891, 47.1899], [8.689, 47.1899], [8.689, 47.19], [8.6889, 47.19], [8.6889, 47.1901], [8.6888, 47.1901], [8.6887, 47.1902], [8.6886, 47.1903], [8.6885, 47.1903], [8.6884, 47.1904], [8.6883, 47.1905], [8.6881, 47.1906], [8.688, 47.1907], [8.6879, 47.1907]], [[8.6893, 47.1896], [8.6892, 47.1897]], [[8.6893, 47.1896], [8.6893, 47.1895], [8.6894, 47.1894], [8.6894, 47.1893], [8.6894, 47.1892], [8.6895, 47.1892], [8.6895, 47.1891], [8.6895, 47.189], [8.6895, 47.1889], [8.6895, 47.1888], [8.6895, 47.1887], [8.6895, 47.1886], [8.6895, 47.1885], [8.6895, 47.1884], [8.6895, 47.1883], [8.6895, 47.1882], [8.6894, 47.1881], [8.6894, 47.188], [8.6894, 47.1879], [8.6893, 47.1878], [8.6893, 47.1877], [8.6892, 47.1876], [8.6891, 47.1875], [8.6891, 47.1874], [8.689, 47.1873], [8.6888, 47.1871], [8.6885, 47.1868], [8.6882, 47.1865], [8.688, 47.1863], [8.6879, 47.1861], [8.6878, 47.1858], [8.6877, 47.1856], [8.6877, 47.1854], [8.6877, 47.1852], [8.6877, 47.185], [8.6877, 47.1849], [8.6877, 47.1848], [8.6878, 47.1846], [8.6879, 47.1843], [8.688, 47.1841], [8.6883, 47.1839], [8.6885, 47.1837], [8.6886, 47.1835], [8.6888, 47.1834], [8.6892, 47.1832], [8.6894, 47.1831], [8.6897, 47.183], [8.69, 47.1829], [8.6903, 47.1828], [8.6906, 47.1828], [8.691, 47.1827], [8.693, 47.1825], [8.6958, 47.1821], [8.6962, 47.1821], [8.6966, 47.182], [8.6972, 47.1819], [8.6979, 47.1818], [8.6987, 47.1816], [8.699, 47.1816], [8.6992, 47.1815], [8.6996, 47.1814], [8.6999, 47.1813], [8.7002, 47.1811], [8.7005, 47.181], [8.7008, 47.1808], [8.7012, 47.1806], [8.7018, 47.1802], [8.702, 47.18], [8.7024, 47.1799], [8.7063, 47.1781]], [[8.7101, 47.1757], [8.71, 47.1758], [8.7099, 47.1759], [8.7097, 47.176], [8.7091, 47.1765], [8.7089, 47.1767], [8.7086, 47.1769], [8.7085, 47.177], [8.7084, 47.1771], [8.7083, 47.1771], [8.7083, 47.1772], [8.7081, 47.1772], [8.708, 47.1773], [8.7079, 47.1773], [8.7078, 47.1774], [8.7076, 47.1775], [8.7063, 47.1781]], [[8.7106, 47.1751], [8.7103, 47.1755], [8.7101, 47.1757]], [[8.7113, 47.1741], [8.7111, 47.1744], [8.711, 47.1746], [8.7108, 47.1748], [8.7108, 47.1749], [8.7107, 47.1751], [8.7106, 47.1751]], [[8.7116, 47.1736], [8.7113, 47.1741]], [[8.7116, 47.1736], [8.7119, 47.1731], [8.7121, 47.1726], [8.7124, 47.1721], [8.7125, 47.1719], [8.7126, 47.1717], [8.7128, 47.1716], [8.7129, 47.1715], [8.713, 47.1713], [8.7133, 47.1711], [8.7135, 47.1709], [8.7137, 47.1708], [8.7139, 47.1707], [8.7142, 47.1705], [8.7146, 47.1704], [8.7151, 47.1702], [8.7156, 47.1701], [8.7167, 47.1696], [8.7169, 47.1696], [8.7171, 47.1695], [8.7173, 47.1695], [8.7175, 47.1694], [8.7176, 47.1694], [8.7178, 47.1694], [8.718, 47.1693], [8.7182, 47.1693], [8.7184, 47.1693], [8.7186, 47.1693], [8.719, 47.1693], [8.7211, 47.1692], [8.7213, 47.1692], [8.7214, 47.1692], [8.7216, 47.1692], [8.7217, 47.1691], [8.7218, 47.1691], [8.722, 47.1691], [8.7221, 47.1691], [8.7222, 47.1691], [8.7223, 47.1691], [8.7224, 47.169], [8.7226, 47.169], [8.7227, 47.169], [8.7228, 47.1689], [8.7229, 47.1689], [8.723, 47.1689], [8.7231, 47.1688], [8.7233, 47.1688], [8.7234, 47.1687], [8.7235, 47.1686], [8.7237, 47.1686]], [[8.7237, 47.1686], [8.7267, 47.1671], [8.727, 47.1669], [8.7271, 47.1669], [8.7272, 47.1668], [8.7273, 47.1667], [8.7274, 47.1667], [8.7275, 47.1666], [8.7276, 47.1665], [8.7277, 47.1665], [8.7278, 47.1664], [8.7279, 47.1663], [8.7279, 47.1662], [8.728, 47.1661], [8.7281, 47.1661], [8.7281, 47.166], [8.7282, 47.1659], [8.7282, 47.1658], [8.7283, 47.1656], [8.7283, 47.1655], [8.7283, 47.1654], [8.7283, 47.1653], [8.7283, 47.1652], [8.7283, 47.165], [8.7283, 47.1649], [8.7283, 47.1648], [8.7283, 47.1647], [8.7283, 47.1646], [8.7283, 47.1644], [8.7283, 47.1643], [8.7282, 47.1642], [8.7282, 47.1641], [8.7282, 47.164], [8.7282, 47.1639], [8.7282, 47.1638], [8.7282, 47.1637], [8.7283, 47.1635], [8.7283, 47.1633], [8.7283, 47.1629], [8.7284, 47.1624], [8.7284, 47.1622], [8.7284, 47.162], [8.7285, 47.1619], [8.7284, 47.1618], [8.7284, 47.1617], [8.7284, 47.1616], [8.7284, 47.1615], [8.7284, 47.1614], [8.7283, 47.1613], [8.7283, 47.1612], [8.7282, 47.1611], [8.7282, 47.161], [8.7281, 47.161], [8.728, 47.1609], [8.728, 47.1608], [8.7279, 47.1607], [8.7278, 47.1606], [8.7277, 47.1606], [8.7277, 47.1605], [8.7276, 47.1604], [8.7275, 47.1604], [8.7274, 47.1603], [8.7273, 47.1603], [8.7272, 47.1602], [8.7268, 47.1599], [8.7264, 47.1597]], [[8.7264, 47.1597], [8.7263, 47.1596], [8.7262, 47.1596], [8.7261, 47.1595], [8.726, 47.1594], [8.7259, 47.1593], [8.7258, 47.1592], [8.7257, 47.1592], [8.7256, 47.1591], [8.7255, 47.159], [8.7254, 47.159], [8.7253, 47.1589], [8.7252, 47.1588], [8.7251, 47.1588], [8.725, 47.1587], [8.7249, 47.1587], [8.7248, 47.1586], [8.7247, 47.1586], [8.7246, 47.1586], [8.7244, 47.1585]], [[8.7244, 47.1585], [8.7242, 47.1585], [8.7241, 47.1584], [8.7239, 47.1584]], [[8.7239, 47.1584], [8.7238, 47.1583], [8.7237, 47.1583], [8.7236, 47.1583], [8.7235, 47.1582], [8.7234, 47.1582], [8.7233, 47.1581], [8.7232, 47.1581], [8.7231, 47.158], [8.723, 47.1579], [8.7229, 47.1578], [8.7228, 47.1577], [8.7228, 47.1576], [8.7227, 47.1575], [8.7227, 47.1574], [8.7226, 47.1573], [8.7226, 47.1572], [8.7226, 47.1571], [8.7226, 47.157], [8.7226, 47.1563], [8.7226, 47.1561], [8.7226, 47.1559], [8.7226, 47.1558], [8.7226, 47.1557], [8.7227, 47.1557], [8.7227, 47.1556], [8.7227, 47.1555]], [[8.7227, 47.1555], [8.7228, 47.1554], [8.7228, 47.1553]], [[8.7228, 47.1553], [8.7229, 47.1553], [8.7229, 47.1552], [8.723, 47.1552], [8.723, 47.1551]], [[8.723, 47.1551], [8.7231, 47.1551], [8.7232, 47.155], [8.7233, 47.1549], [8.7234, 47.1549], [8.7235, 47.1548], [8.7236, 47.1548], [8.7237, 47.1547], [8.7238, 47.1547], [8.7239, 47.1547], [8.724, 47.1546]], [[8.724, 47.1546], [8.7242, 47.1546], [8.7243, 47.1546], [8.7255, 47.1543], [8.7257, 47.1543], [8.7258, 47.1542], [8.7259, 47.1542], [8.7261, 47.1542], [8.7262, 47.1541], [8.7263, 47.1541], [8.7265, 47.154], [8.7266, 47.1539], [8.7267, 47.1539], [8.7268, 47.1538], [8.7269, 47.1538], [8.727, 47.1537], [8.7272, 47.1536], [8.7273, 47.1535], [8.7277, 47.1531], [8.7279, 47.153], [8.728, 47.1529], [8.7282, 47.1528], [8.7283, 47.1528], [8.7284, 47.1527], [8.7285, 47.1526], [8.7286, 47.1526], [8.7288, 47.1525], [8.729, 47.1524], [8.7291, 47.1523], [8.7292, 47.1522], [8.7293, 47.1522], [8.7294, 47.1521], [8.7295, 47.1521], [8.7296, 47.152], [8.7297, 47.1519], [8.7298, 47.1518], [8.7299, 47.1518], [8.73, 47.1517], [8.7301, 47.1516], [8.7302, 47.1514], [8.7304, 47.1511], [8.7307, 47.1509], [8.7309, 47.1507], [8.7309, 47.1506], [8.731, 47.1505], [8.7311, 47.1504], [8.7312, 47.1503], [8.7313, 47.1503], [8.7313, 47.1502], [8.7314, 47.1502], [8.7315, 47.1501], [8.7316, 47.1501], [8.7317, 47.15], [8.7318, 47.15], [8.7319, 47.15], [8.732, 47.1499], [8.7321, 47.1499], [8.7322, 47.1499], [8.7323, 47.1499], [8.7324, 47.1498], [8.7326, 47.1498], [8.7327, 47.1498], [8.7329, 47.1498], [8.7331, 47.1498], [8.7338, 47.1498]], [[8.7338, 47.1498], [8.7339, 47.1498]], [[8.7339, 47.1498], [8.7352, 47.1498], [8.7355, 47.1498], [8.7356, 47.1498], [8.7357, 47.1498], [8.7358, 47.1498], [8.7359, 47.1498], [8.736, 47.1498], [8.7361, 47.1498], [8.7362, 47.1499], [8.7363, 47.1499], [8.7364, 47.1499], [8.7365, 47.1499], [8.7366, 47.1499], [8.7367, 47.15], [8.7368, 47.15], [8.7371, 47.1501], [8.7375, 47.1503], [8.7376, 47.1503], [8.7377, 47.1503], [8.7378, 47.1504], [8.7379, 47.1504], [8.738, 47.1504], [8.7382, 47.1505], [8.7383, 47.1505], [8.7385, 47.1505], [8.7387, 47.1506], [8.7391, 47.1506], [8.7394, 47.1507], [8.7395, 47.1507], [8.7396, 47.1507], [8.7398, 47.1507], [8.7399, 47.1508], [8.7401, 47.1508], [8.7402, 47.1508], [8.7405, 47.1509], [8.742, 47.1514], [8.7422, 47.1514], [8.7423, 47.1515], [8.7424, 47.1515], [8.7425, 47.1516], [8.7426, 47.1516], [8.7427, 47.1517], [8.7428, 47.1517], [8.7429, 47.1517], [8.743, 47.1518], [8.7431, 47.1518], [8.7432, 47.1519]], [[8.7432, 47.1519], [8.7434, 47.152], [8.7436, 47.152], [8.7437, 47.1521], [8.7438, 47.1522], [8.7439, 47.1522], [8.744, 47.1522], [8.7441, 47.1523], [8.7442, 47.1523], [8.7443, 47.1523], [8.7444, 47.1523], [8.7446, 47.1524], [8.7447, 47.1524], [8.7448, 47.1524], [8.7449, 47.1524], [8.745, 47.1524], [8.7451, 47.1524], [8.7452, 47.1524], [8.7453, 47.1524], [8.7454, 47.1524], [8.7455, 47.1523], [8.7456, 47.1523], [8.7457, 47.1523], [8.7458, 47.1523], [8.7459, 47.1522], [8.746, 47.1522], [8.7461, 47.1521], [8.7462, 47.1521], [8.7464, 47.152], [8.7465, 47.1519], [8.7466, 47.1518], [8.7467, 47.1518], [8.7468, 47.1517], [8.7469, 47.1516], [8.747, 47.1515], [8.7471, 47.1514], [8.7474, 47.151]], [[8.7474, 47.151], [8.7475, 47.1509], [8.7476, 47.1509], [8.7476, 47.1508], [8.7477, 47.1507], [8.7478, 47.1506], [8.7479, 47.1505], [8.748, 47.1505], [8.7481, 47.1504], [8.7482, 47.1504], [8.7483, 47.1503], [8.7484, 47.1502], [8.7487, 47.1501], [8.7488, 47.1501], [8.7489, 47.15], [8.749, 47.15], [8.7491, 47.1499], [8.7492, 47.1499], [8.7493, 47.1498], [8.7494, 47.1497], [8.7495, 47.1497], [8.7495, 47.1496], [8.7496, 47.1496], [8.7496, 47.1495], [8.7497, 47.1494], [8.7497, 47.1493], [8.7497, 47.1492]], [[8.7497, 47.1492], [8.7498, 47.1492], [8.7498, 47.1491], [8.7498, 47.149], [8.7499, 47.1485], [8.7503, 47.1471], [8.7503, 47.147], [8.7503, 47.1469], [8.7503, 47.1468], [8.7504, 47.1467], [8.7504, 47.1466], [8.7504, 47.1465], [8.7503, 47.1464], [8.7503, 47.1463], [8.7503, 47.1462], [8.7503, 47.1461], [8.7502, 47.146], [8.7502, 47.1459], [8.7501, 47.1458], [8.75, 47.1457], [8.75, 47.1456], [8.7498, 47.1454], [8.7497, 47.1453], [8.7497, 47.1452], [8.7496, 47.1451], [8.7495, 47.145], [8.7495, 47.1449], [8.7495, 47.1448], [8.7495, 47.1447], [8.7495, 47.1446], [8.7495, 47.1445], [8.7495, 47.1444], [8.7495, 47.1443], [8.7495, 47.1442], [8.7495, 47.1441], [8.7496, 47.144], [8.7496, 47.1439], [8.7498, 47.1436], [8.7499, 47.1435], [8.75, 47.1434], [8.75, 47.1433], [8.75, 47.1432], [8.7501, 47.1431], [8.7501, 47.143], [8.7501, 47.1429], [8.7501, 47.1428], [8.7501, 47.1427], [8.7502, 47.1426], [8.7502, 47.1425], [8.7501, 47.1424], [8.7501, 47.1423], [8.7501, 47.1422], [8.7501, 47.142], [8.7501, 47.1419], [8.75, 47.1418], [8.75, 47.1417]], [[8.75, 47.1417], [8.75, 47.1416], [8.75, 47.1415], [8.7499, 47.1414], [8.7499, 47.1413]], [[8.7499, 47.1413], [8.7498, 47.1412], [8.7498, 47.1411], [8.7497, 47.141], [8.7497, 47.1409], [8.7496, 47.1408], [8.7495, 47.1408], [8.7494, 47.1407], [8.7493, 47.1405], [8.7489, 47.1402]], [[8.7489, 47.1402], [8.7487, 47.1399], [8.7486, 47.1398], [8.7484, 47.1396], [8.7483, 47.1396], [8.7482, 47.1395], [8.7482, 47.1394], [8.7481, 47.1393], [8.748, 47.1392], [8.7479, 47.1391], [8.7478, 47.139], [8.7478, 47.1389], [8.7477, 47.1388], [8.7476, 47.1387], [8.7476, 47.1386], [8.7475, 47.1385], [8.7475, 47.1384], [8.7475, 47.1383], [8.7474, 47.1382], [8.7474, 47.1381], [8.7474, 47.138], [8.7474, 47.1378], [8.7473, 47.1376], [8.7473, 47.1371], [8.7473, 47.1364], [8.7472, 47.1359], [8.7472, 47.1357], [8.7472, 47.1354], [8.7472, 47.1353]], [[8.7472, 47.1353], [8.7472, 47.1352]], [[8.7472, 47.1352], [8.7472, 47.1351], [8.7471, 47.1336], [8.7471, 47.1335]], [[8.7463, 47.1309], [8.7464, 47.1311], [8.7465, 47.1312], [8.7466, 47.1313], [8.7466, 47.1314], [8.7467, 47.1314], [8.7467, 47.1315], [8.7468, 47.1316], [8.7468, 47.1317], [8.7468, 47.1318], [8.7469, 47.1318], [8.7469, 47.1319], [8.7469, 47.132], [8.747, 47.1321], [8.747, 47.1322], [8.747, 47.1323], [8.747, 47.1325], [8.747, 47.1326], [8.7471, 47.1328], [8.7471, 47.133], [8.7471, 47.1335]], [[8.7463, 47.1309], [8.7462, 47.1307], [8.7461, 47.1306]], [[8.7461, 47.1306], [8.7459, 47.1304], [8.7459, 47.1303]], [[8.7459, 47.1303], [8.7458, 47.1303], [8.7458, 47.1302], [8.7457, 47.1301], [8.7454, 47.1299], [8.7453, 47.1298], [8.7453, 47.1297], [8.7452, 47.1296], [8.7443, 47.1284], [8.7441, 47.1282]], [[8.7453, 47.1295], [8.7454, 47.1295], [8.7446, 47.1285], [8.7444, 47.1281], [8.7444, 47.1282], [8.7443, 47.1282], [8.7453, 47.1295]], [[8.6852, 47.1918], [8.6853, 47.1917], [8.6856, 47.1916], [8.6857, 47.1915], [8.6858, 47.1915], [8.6859, 47.1914], [8.6867, 47.1911], [8.6869, 47.191], [8.687, 47.191], [8.6873, 47.1909], [8.6874, 47.1909], [8.687, 47.191], [8.6865, 47.1912], [8.6864, 47.1913], [8.6863, 47.1913], [8.6856, 47.1916], [8.6852, 47.1918]], [[8.7453, 47.1295], [8.7444, 47.1283], [8.7443, 47.1282]], [[8.746, 47.1304], [8.7453, 47.1295]], [[8.7461, 47.1305], [8.746, 47.1304]], [[8.7464, 47.1309], [8.7461, 47.1305]], [[8.7464, 47.1309], [8.7465, 47.1311], [8.7466, 47.1313], [8.7467, 47.1314], [8.7468, 47.1315], [8.7468, 47.1316], [8.7469, 47.1316], [8.7469, 47.1317], [8.7469, 47.1318], [8.747, 47.1319], [8.747, 47.132], [8.747, 47.1321], [8.7471, 47.1322], [8.7471, 47.1323], [8.7471, 47.1324], [8.7471, 47.1326], [8.7471, 47.1327], [8.7471, 47.1329], [8.7472, 47.1336]], [[8.7473, 47.1352], [8.7473, 47.1351], [8.7472, 47.1336]], [[8.7473, 47.1353], [8.7473, 47.1352]], [[8.7489, 47.1402], [8.7484, 47.1396], [8.7482, 47.1394], [8.7481, 47.1393], [8.7481, 47.1392], [8.748, 47.1391], [8.7479, 47.139], [8.7478, 47.1389], [8.7478, 47.1388], [8.7477, 47.1387], [8.7477, 47.1386], [8.7476, 47.1385], [8.7476, 47.1384], [8.7475, 47.1383], [8.7475, 47.1382], [8.7475, 47.1381], [8.7474, 47.138], [8.7474, 47.1379], [8.7474, 47.1377], [8.7474, 47.1371], [8.7473, 47.1356], [8.7473, 47.1353]], [[8.7074, 47.1775], [8.7076, 47.1775], [8.7077, 47.1774], [8.7079, 47.1773], [8.708, 47.1773], [8.7081, 47.1772], [8.7081, 47.1771], [8.7082, 47.1771], [8.7083, 47.177], [8.7084, 47.177], [8.7085, 47.1769], [8.7086, 47.1768], [8.7087, 47.1767], [8.709, 47.1764], [8.7093, 47.1762], [8.7094, 47.1761], [8.7096, 47.176], [8.7098, 47.1759], [8.7099, 47.1758], [8.71, 47.1757], [8.7102, 47.1755], [8.7106, 47.1751]], [[8.7053, 47.1785], [8.7066, 47.1779], [8.7074, 47.1775]], [[8.6895, 47.1886], [8.6895, 47.1885], [8.6895, 47.1884], [8.6895, 47.1883], [8.6894, 47.1882], [8.6894, 47.1881], [8.6894, 47.188], [8.6893, 47.1879], [8.6893, 47.1878], [8.6892, 47.1877], [8.6892, 47.1876], [8.6891, 47.1875], [8.689, 47.1874], [8.6889, 47.1873], [8.6887, 47.1871], [8.6884, 47.1868], [8.6881, 47.1865], [8.688, 47.1863], [8.6878, 47.1861], [8.6877, 47.1858], [8.6877, 47.1856], [8.6876, 47.1854], [8.6876, 47.1852], [8.6876, 47.185], [8.6877, 47.1849], [8.6877, 47.1847], [8.6877, 47.1846], [8.6879, 47.1843], [8.688, 47.1841], [8.6882, 47.1838], [8.6884, 47.1836], [8.6886, 47.1835], [8.6888, 47.1834], [8.6891, 47.1832], [8.6894, 47.1831], [8.6897, 47.183], [8.69, 47.1829], [8.6903, 47.1828], [8.6906, 47.1827], [8.691, 47.1827], [8.693, 47.1824], [8.6958, 47.1821], [8.6962, 47.182], [8.6966, 47.182], [8.6972, 47.1819], [8.6979, 47.1817], [8.6987, 47.1816], [8.6989, 47.1815], [8.6992, 47.1814], [8.6995, 47.1813], [8.6999, 47.1812], [8.7002, 47.1811], [8.7004, 47.181], [8.7008, 47.1807], [8.7012, 47.1805], [8.7017, 47.1802], [8.702, 47.18], [8.7024, 47.1798], [8.7053, 47.1785]], [[8.6881, 47.1905], [8.6882, 47.1905], [8.6883, 47.1905], [8.6883, 47.1904], [8.6884, 47.1904], [8.6885, 47.1903], [8.6886, 47.1903], [8.6886, 47.1902], [8.6887, 47.1901], [8.6888, 47.1901], [8.6888, 47.19], [8.6889, 47.19], [8.689, 47.1899], [8.689, 47.1898], [8.6891, 47.1897], [8.6892, 47.1896], [8.6892, 47.1895], [8.6893, 47.1895], [8.6893, 47.1894], [8.6893, 47.1893], [8.6894, 47.1893], [8.6894, 47.1892], [8.6894, 47.1891], [8.6894, 47.189], [8.6895, 47.189], [8.6895, 47.1889], [8.6895, 47.1888], [8.6895, 47.1887], [8.6895, 47.1886]], [[8.6881, 47.1905], [8.688, 47.1906], [8.6879, 47.1906], [8.6878, 47.1907], [8.6877, 47.1907], [8.6876, 47.1908], [8.6875, 47.1908], [8.6873, 47.1909], [8.687, 47.191], [8.6869, 47.191], [8.6866, 47.1911]], [[8.6866, 47.1911], [8.6863, 47.1913]], [[8.6863, 47.1913], [8.6861, 47.1913], [8.6859, 47.1914]], [[8.6859, 47.1914], [8.6858, 47.1915], [8.6856, 47.1916], [8.6855, 47.1916], [8.6853, 47.1917], [8.6851, 47.1918], [8.685, 47.1918]], [[8.685, 47.1918], [8.6841, 47.1922]]]}, "properties": {"ref": "S13", "opened_year": 1990, "is_tunnel": false, "segment_count": 82}}, {"type": "Feature", "geometry": {"type": "MultiLineString", "coordinates": [[[8.7163, 47.3517], [8.7163, 47.3518], [8.7162, 47.3518], [8.7161, 47.3518], [8.7161, 47.3519], [8.717, 47.3514], [8.7178, 47.3509], [8.7191, 47.3502], [8.7193, 47.3501], [8.7194, 47.35], [8.7191, 47.3502], [8.7189, 47.3503], [8.7188, 47.3503], [8.7187, 47.3504], [8.7186, 47.3504], [8.7186, 47.3505], [8.7182, 47.3506], [8.718, 47.3508], [8.7178, 47.351], [8.7177, 47.3509], [8.717, 47.3513], [8.7169, 47.3514], [8.7166, 47.3516], [8.7165, 47.3516], [8.7163, 47.3517]], [[8.6841, 47.3706], [8.6842, 47.3705], [8.6848, 47.3702], [8.6853, 47.3698], [8.686, 47.3695], [8.6863, 47.3693], [8.6867, 47.3691]], [[8.49, 47.3912], [8.4903, 47.3912], [8.4904, 47.3911], [8.4905, 47.3911], [8.4909, 47.391], [8.4911, 47.3909], [8.4912, 47.3909], [8.4912, 47.391], [8.4903, 47.3912], [8.4899, 47.3913], [8.4877, 47.3919], [8.4872, 47.392], [8.4874, 47.3919], [8.4876, 47.3919], [8.4881, 47.3918], [8.489, 47.3915], [8.4898, 47.3913], [8.4899, 47.3913], [8.49, 47.3912]], [[8.4373, 47.3913], [8.4373, 47.3914], [8.437, 47.3914], [8.4367, 47.3913], [8.4365, 47.3913], [8.4363, 47.3913], [8.4361, 47.3913], [8.4359, 47.3912], [8.4357, 47.3912], [8.4355, 47.3911], [8.4354, 47.3911], [8.4353, 47.3911], [8.4352, 47.3911], [8.4351, 47.391], [8.4349, 47.391], [8.4347, 47.391], [8.4346, 47.3909], [8.4344, 47.3908], [8.4342, 47.3908], [8.434, 47.3907], [8.4338, 47.3906], [8.4337, 47.3906], [8.4335, 47.3905], [8.4334, 47.3904], [8.4335, 47.3904], [8.4335, 47.3905], [8.4337, 47.3905], [8.4337, 47.3906], [8.4338, 47.3906], [8.4339, 47.3907], [8.4342, 47.3907], [8.4343, 47.3908], [8.4344, 47.3908], [8.4345, 47.3908], [8.4346, 47.3908], [8.4347, 47.3909], [8.4348, 47.3909], [8.4352, 47.391], [8.4353, 47.3911], [8.4356, 47.3911], [8.4357, 47.3911], [8.436, 47.3912], [8.4363, 47.3912], [8.4366, 47.3913], [8.4367, 47.3913], [8.4368, 47.3913], [8.4372, 47.3913], [8.4373, 47.3913]], [[8.4298, 47.3823], [8.4298, 47.3821], [8.4299, 47.382], [8.4299, 47.3818], [8.43, 47.3816], [8.4301, 47.3815], [8.4302, 47.3813], [8.4303, 47.381], [8.4304, 47.3809], [8.4305, 47.3808], [8.4305, 47.3807], [8.4307, 47.3805], [8.4308, 47.3803], [8.4309, 47.3802], [8.431, 47.3801], [8.4311, 47.3799], [8.4313, 47.3797], [8.4312, 47.3798], [8.4311, 47.3799], [8.4308, 47.3802], [8.4307, 47.3803], [8.4306, 47.3805], [8.4305, 47.3807], [8.4304, 47.3809], [8.4303, 47.381], [8.4302, 47.3812], [8.4301, 47.3814], [8.43, 47.3816], [8.4299, 47.3818], [8.4298, 47.382], [8.4298, 47.3821], [8.4297, 47.3823], [8.4298, 47.3823]], [[8.4352, 47.3582], [8.4354, 47.3582], [8.4355, 47.3581], [8.4368, 47.3577], [8.439, 47.3571], [8.439, 47.357], [8.4392, 47.357], [8.4391, 47.357], [8.4387, 47.3571], [8.4385, 47.3572], [8.4383, 47.3572], [8.4382, 47.3573], [8.4378, 47.3574], [8.4375, 47.3575], [8.4373, 47.3575], [8.4368, 47.3577], [8.4354, 47.3581], [8.4352, 47.3582]], [[8.4678, 47.3245], [8.4678, 47.3249], [8.4678, 47.3252], [8.4679, 47.3259], [8.468, 47.3264], [8.4681, 47.3265], [8.4681, 47.3267], [8.4681, 47.3269], [8.4682, 47.3274], [8.4683, 47.3274], [8.4681, 47.3264], [8.4681, 47.3259], [8.4679, 47.3252], [8.4679, 47.3249], [8.4678, 47.3245]], [[8.4441, 47.3002], [8.4453, 47.2992], [8.4461, 47.2985], [8.4463, 47.2983], [8.4465, 47.2982], [8.4466, 47.2981], [8.4467, 47.298], [8.4465, 47.2981], [8.4464, 47.2982], [8.4464, 47.2983], [8.446, 47.2986], [8.4455, 47.299], [8.4451, 47.2993], [8.4441, 47.3002]], [[8.4474, 47.277], [8.4474, 47.2771], [8.4471, 47.2767], [8.4467, 47.2764], [8.4464, 47.2762], [8.4461, 47.2759], [8.4458, 47.2756], [8.4454, 47.2753], [8.4452, 47.2751], [8.4451, 47.2749], [8.4449, 47.2747], [8.4451, 47.2749], [8.4453, 47.2751], [8.4455, 47.2752], [8.4459, 47.2756], [8.4462, 47.2758], [8.4465, 47.2762], [8.4468, 47.2764], [8.4471, 47.2767], [8.4474, 47.277]], [[8.8405, 47.2992], [8.84, 47.2997], [8.839, 47.3006], [8.8388, 47.3008], [8.8386, 47.301], [8.8385, 47.301], [8.8384, 47.3011], [8.8383, 47.3012], [8.8382, 47.3013]], [[8.8382, 47.3013], [8.8381, 47.3014]], [[8.8381, 47.3014], [8.838, 47.3015], [8.8379, 47.3015], [8.8378, 47.3016], [8.8377, 47.3017], [8.8376, 47.3017], [8.8375, 47.3018], [8.8374, 47.3018], [8.8373, 47.3018], [8.8372, 47.3019], [8.8371, 47.3019], [8.837, 47.3019], [8.8369, 47.302], [8.8368, 47.302], [8.8367, 47.302]], [[8.8367, 47.302], [8.8366, 47.3021], [8.8364, 47.3021], [8.8363, 47.3021], [8.8362, 47.3022], [8.8361, 47.3022], [8.836, 47.3022], [8.8358, 47.3022], [8.8357, 47.3022], [8.8355, 47.3022], [8.8354, 47.3022], [8.8353, 47.3022], [8.8352, 47.3022], [8.835, 47.3022], [8.8349, 47.3022], [8.8347, 47.3022], [8.8343, 47.3022]], [[8.8343, 47.3022], [8.8339, 47.3022]], [[8.8339, 47.3022], [8.8297, 47.3019], [8.8274, 47.3018], [8.8252, 47.3017]], [[8.8252, 47.3017], [8.8249, 47.3016], [8.8246, 47.3016], [8.8244, 47.3016], [8.8242, 47.3016], [8.8241, 47.3016], [8.8239, 47.3016], [8.8238, 47.3016], [8.8237, 47.3016], [8.8235, 47.3016], [8.8234, 47.3016], [8.8232, 47.3017], [8.8231, 47.3017], [8.8229, 47.3017], [8.8228, 47.3017], [8.8226, 47.3018], [8.8224, 47.3018], [8.8223, 47.3018], [8.8221, 47.3019], [8.8219, 47.3019], [8.8217, 47.302]], [[8.8217, 47.302], [8.8202, 47.3024], [8.8177, 47.3031], [8.814, 47.3041], [8.8137, 47.3042], [8.8134, 47.3043], [8.8132, 47.3043], [8.8129, 47.3044], [8.8125, 47.3045], [8.8119, 47.3046], [8.8088, 47.3053], [8.8086, 47.3053], [8.8084, 47.3054], [8.8082, 47.3054], [8.808, 47.3055], [8.8079, 47.3055], [8.8077, 47.3056], [8.8075, 47.3056], [8.8073, 47.3057], [8.8072, 47.3057], [8.807, 47.3058], [8.8069, 47.3059], [8.8067, 47.3059], [8.8065, 47.306], [8.8064, 47.3061], [8.8062, 47.3062], [8.806, 47.3063], [8.8057, 47.3065], [8.8054, 47.3066], [8.8023, 47.3085], [8.7995, 47.3101], [8.7993, 47.3102], [8.7992, 47.3102], [8.7991, 47.3103], [8.799, 47.3104], [8.7988, 47.3105], [8.7987, 47.3106], [8.7986, 47.3107], [8.7984, 47.3108], [8.7983, 47.3109], [8.7982, 47.311], [8.7981, 47.3111], [8.798, 47.3112]], [[8.798, 47.3112], [8.7979, 47.3113], [8.7978, 47.3114], [8.7978, 47.3115], [8.7977, 47.3116], [8.7975, 47.3118], [8.7974, 47.312], [8.7967, 47.3128], [8.7966, 47.3129], [8.7963, 47.3133]], [[8.7963, 47.3133], [8.796, 47.3138]], [[8.796, 47.3138], [8.7959, 47.3139], [8.7958, 47.314], [8.7956, 47.3143], [8.7955, 47.3144], [8.7954, 47.3145]], [[8.7953, 47.3146], [8.7954, 47.3145]], [[8.7953, 47.3146], [8.7951, 47.3149], [8.7948, 47.3152], [8.7946, 47.3155], [8.7944, 47.3157], [8.7942, 47.3158], [8.794, 47.3161], [8.7938, 47.3163], [8.7936, 47.3165], [8.7933, 47.3167], [8.7932, 47.3168], [8.7929, 47.317], [8.792, 47.3178], [8.791, 47.3187]], [[8.791, 47.3187], [8.7906, 47.319], [8.7904, 47.3193], [8.7902, 47.3194], [8.7901, 47.3195], [8.79, 47.3196], [8.7898, 47.3197]], [[8.7898, 47.3198], [8.7898, 47.3197]], [[8.7898, 47.3198], [8.7896, 47.32], [8.7895, 47.3201], [8.789, 47.3205], [8.7884, 47.321], [8.7883, 47.3211]], [[8.7883, 47.3211], [8.7883, 47.3212], [8.7881, 47.3213], [8.7879, 47.3215], [8.7875, 47.3218], [8.7868, 47.3225]], [[8.7868, 47.3225], [8.7851, 47.3239], [8.7844, 47.3245], [8.7842, 47.3246], [8.7841, 47.3247], [8.784, 47.3248], [8.7839, 47.3249], [8.7837, 47.325], [8.7835, 47.3252], [8.7834, 47.3252], [8.7833, 47.3253], [8.7832, 47.3254], [8.7831, 47.3255], [8.7829, 47.3256], [8.7827, 47.3258], [8.7824, 47.3259], [8.782, 47.3262], [8.7818, 47.3263], [8.7817, 47.3264], [8.7816, 47.3265], [8.7815, 47.3265], [8.7813, 47.3266], [8.7812, 47.3267], [8.781, 47.3269], [8.7809, 47.3269], [8.7808, 47.327], [8.7807, 47.3271], [8.7806, 47.3272], [8.7805, 47.3273], [8.7804, 47.3274], [8.7803, 47.3275], [8.7802, 47.3276], [8.7801, 47.3277], [8.78, 47.3278], [8.7799, 47.3279], [8.7796, 47.3282], [8.7794, 47.3284], [8.7793, 47.3285], [8.7792, 47.3286], [8.7791, 47.3287], [8.779, 47.3288], [8.7789, 47.3289], [8.7788, 47.329], [8.7787, 47.329], [8.7786, 47.3291], [8.7785, 47.3292], [8.7784, 47.3293], [8.7783, 47.3294], [8.7782, 47.3294], [8.7781, 47.3295], [8.778, 47.3296], [8.7779, 47.3296], [8.7777, 47.3297], [8.7776, 47.3298], [8.7775, 47.3298], [8.7774, 47.3299], [8.7773, 47.3299], [8.7772, 47.33], [8.7771, 47.3301], [8.7769, 47.3301], [8.7768, 47.3302], [8.7767, 47.3302], [8.7765, 47.3303], [8.7764, 47.3304], [8.7763, 47.3304], [8.7762, 47.3305], [8.776, 47.3305], [8.7758, 47.3306], [8.7754, 47.3308], [8.7752, 47.3308], [8.7751, 47.3309], [8.7749, 47.331], [8.7747, 47.3311], [8.7746, 47.3311], [8.7745, 47.3312], [8.7744, 47.3312], [8.7743, 47.3313], [8.7742, 47.3313], [8.7741, 47.3314], [8.774, 47.3314], [8.7739, 47.3315], [8.7738, 47.3316], [8.7735, 47.3317]], [[8.7735, 47.3317], [8.7733, 47.3319], [8.7732, 47.3319], [8.7729, 47.3321], [8.7727, 47.3323], [8.7725, 47.3324], [8.7724, 47.3325], [8.7723, 47.3326], [8.7722, 47.3326], [8.7721, 47.3327], [8.772, 47.3328], [8.7719, 47.3328], [8.7718, 47.3329], [8.7717, 47.333], [8.7715, 47.333], [8.7714, 47.3331], [8.7713, 47.3332], [8.7712, 47.3332], [8.7711, 47.3333], [8.771, 47.3333], [8.7709, 47.3334]], [[8.7674, 47.3348], [8.7673, 47.3349], [8.7672, 47.3349], [8.7671, 47.335], [8.767, 47.3351], [8.7668, 47.3351], [8.7666, 47.3352], [8.7664, 47.3353], [8.7663, 47.3355], [8.7661, 47.3356], [8.7659, 47.3357], [8.7657, 47.3358], [8.7654, 47.336], [8.7652, 47.3362], [8.7649, 47.3364], [8.7647, 47.3365], [8.7646, 47.3366], [8.7645, 47.3367], [8.7643, 47.3367], [8.7643, 47.3368], [8.7642, 47.3368]], [[8.7642, 47.3368], [8.7641, 47.3369], [8.7639, 47.337], [8.7638, 47.337], [8.7637, 47.3371], [8.7636, 47.3372], [8.7635, 47.3372], [8.7619, 47.3381]], [[8.7619, 47.3381], [8.7611, 47.3385], [8.761, 47.3386], [8.7608, 47.3387], [8.7607, 47.3388], [8.7605, 47.3389], [8.7604, 47.339], [8.7602, 47.339], [8.7601, 47.3391], [8.76, 47.3391], [8.7598, 47.3392], [8.7597, 47.3392], [8.7596, 47.3393], [8.7594, 47.3394], [8.7593, 47.3394], [8.7592, 47.3394], [8.7591, 47.3395], [8.7589, 47.3395], [8.7585, 47.3396], [8.7578, 47.3398]], [[8.7578, 47.3398], [8.7577, 47.3398]], [[8.7577, 47.3398], [8.7574, 47.3399], [8.7569, 47.3399], [8.7563, 47.34], [8.7552, 47.34], [8.7551, 47.3401], [8.7549, 47.3401], [8.7548, 47.3401], [8.7546, 47.3401], [8.7544, 47.3401], [8.7542, 47.3401], [8.754, 47.3402], [8.7538, 47.3402], [8.7536, 47.3402], [8.7534, 47.3402], [8.7532, 47.3403], [8.753, 47.3403], [8.7528, 47.3403], [8.7527, 47.3404], [8.7525, 47.3404], [8.7524, 47.3404], [8.7522, 47.3405], [8.7521, 47.3405], [8.7519, 47.3405], [8.7517, 47.3406], [8.7515, 47.3406], [8.7514, 47.3407], [8.7512, 47.3407], [8.751, 47.3408], [8.7507, 47.3409], [8.7505, 47.3409], [8.7503, 47.341], [8.7501, 47.3411], [8.7499, 47.3411], [8.7497, 47.3412], [8.7495, 47.3413], [8.7494, 47.3413], [8.7492, 47.3414], [8.7489, 47.3415], [8.7488, 47.3415], [8.7486, 47.3416], [8.7484, 47.3417], [8.7482, 47.3418], [8.748, 47.3418], [8.7478, 47.3419], [8.7476, 47.342], [8.7474, 47.3421], [8.7472, 47.3421], [8.7463, 47.3425], [8.7458, 47.3428], [8.7451, 47.3431], [8.7444, 47.3434]], [[8.7444, 47.3434], [8.7433, 47.3439], [8.7418, 47.3446], [8.7416, 47.3447], [8.7413, 47.3448], [8.7412, 47.3449], [8.741, 47.3449], [8.7409, 47.345], [8.7407, 47.3451], [8.7405, 47.3451], [8.7403, 47.3452], [8.7402, 47.3452], [8.7401, 47.3453], [8.74, 47.3453], [8.7399, 47.3453], [8.7398, 47.3453], [8.7397, 47.3454], [8.7396, 47.3454], [8.7395, 47.3454], [8.7393, 47.3455], [8.7391, 47.3455], [8.739, 47.3455], [8.7388, 47.3456], [8.7386, 47.3456], [8.7385, 47.3456], [8.7384, 47.3456], [8.7383, 47.3456], [8.7382, 47.3456], [8.738, 47.3456], [8.7378, 47.3457]], [[8.7378, 47.3457], [8.7375, 47.3457]], [[8.7375, 47.3457], [8.7373, 47.3457], [8.7371, 47.3457], [8.737, 47.3457], [8.7361, 47.3458], [8.7335, 47.346], [8.7321, 47.3461], [8.7319, 47.3461], [8.7318, 47.3461], [8.7316, 47.3461], [8.7314, 47.3461], [8.7313, 47.3461], [8.7312, 47.3462], [8.731, 47.3462], [8.7308, 47.3462], [8.7307, 47.3462], [8.7305, 47.3463], [8.7304, 47.3463], [8.7302, 47.3463], [8.73, 47.3463], [8.7297, 47.3464], [8.7294, 47.3465], [8.7292, 47.3465], [8.7291, 47.3465], [8.7289, 47.3466], [8.7288, 47.3466], [8.7287, 47.3467], [8.7285, 47.3467], [8.7283, 47.3468], [8.7281, 47.3468], [8.7279, 47.3469], [8.7275, 47.347], [8.7272, 47.3471], [8.727, 47.3472], [8.7269, 47.3472], [8.7242, 47.3481], [8.7237, 47.3483], [8.7231, 47.3485]], [[8.7231, 47.3485], [8.7225, 47.3487], [8.7222, 47.3488], [8.7219, 47.3489], [8.7218, 47.3489], [8.7217, 47.3489], [8.7216, 47.349], [8.7214, 47.3491], [8.7212, 47.3491], [8.7211, 47.3492], [8.7209, 47.3493], [8.7207, 47.3494], [8.7205, 47.3494], [8.7204, 47.3495], [8.7203, 47.3496], [8.7201, 47.3496], [8.72, 47.3497], [8.7198, 47.3498], [8.7197, 47.3499], [8.7196, 47.3499], [8.7195, 47.35], [8.7177, 47.351], [8.7158, 47.3521], [8.7153, 47.3524], [8.7143, 47.353], [8.714, 47.3532], [8.7129, 47.3538], [8.7128, 47.3538], [8.7103, 47.3553]], [[8.7103, 47.3553], [8.7095, 47.3558], [8.7082, 47.3565], [8.7079, 47.3567], [8.7075, 47.3569], [8.7069, 47.3573], [8.7063, 47.3576], [8.7058, 47.358], [8.7055, 47.3581], [8.7053, 47.3583], [8.705, 47.3585], [8.7047, 47.3586], [8.7043, 47.3588], [8.704, 47.3591], [8.7036, 47.3593], [8.7032, 47.3595], [8.703, 47.3596], [8.7025, 47.3599]], [[8.7025, 47.3599], [8.7008, 47.3609], [8.7, 47.3614], [8.6991, 47.3619], [8.698, 47.3625], [8.6927, 47.3656]], [[8.6927, 47.3656], [8.6915, 47.3663]], [[8.6915, 47.3663], [8.69, 47.3671], [8.6887, 47.3679], [8.6886, 47.3679], [8.6867, 47.3691]], [[8.6867, 47.3691], [8.6856, 47.3697], [8.6841, 47.3706]], [[8.6841, 47.3706], [8.6839, 47.3707]], [[8.6839, 47.3707], [8.6815, 47.3721], [8.6754, 47.3757], [8.6752, 47.3758], [8.6744, 47.3762], [8.6733, 47.3768], [8.6729, 47.377], [8.6664, 47.3803], [8.6632, 47.382]], [[8.6632, 47.382], [8.6631, 47.382]], [[8.6631, 47.382], [8.663, 47.382]], [[8.663, 47.382], [8.6623, 47.3824], [8.662, 47.3826], [8.6617, 47.3827], [8.6608, 47.3831]], [[8.6608, 47.3831], [8.6601, 47.3835], [8.6595, 47.3838], [8.6587, 47.3842], [8.6582, 47.3844], [8.6578, 47.3846], [8.6568, 47.3851], [8.6566, 47.3853], [8.6553, 47.3859], [8.6541, 47.3866], [8.6529, 47.3872], [8.6517, 47.3878]], [[8.6517, 47.3878], [8.651, 47.3881], [8.6506, 47.3883], [8.6496, 47.3889], [8.6453, 47.391], [8.645, 47.3912], [8.6446, 47.3914], [8.6444, 47.3915], [8.6442, 47.3916], [8.644, 47.3917], [8.6437, 47.3918], [8.6433, 47.392], [8.6428, 47.3922], [8.6408, 47.393], [8.6398, 47.3934]], [[8.6398, 47.3934], [8.6395, 47.3935]], [[8.6395, 47.3935], [8.6331, 47.3962], [8.6322, 47.3965], [8.6317, 47.3968], [8.6314, 47.3968], [8.631, 47.397], [8.6292, 47.3978]], [[8.6292, 47.3978], [8.6283, 47.3982]], [[8.6283, 47.3982], [8.6278, 47.3984], [8.6272, 47.3987], [8.6267, 47.3989], [8.6263, 47.3991], [8.6248, 47.3997], [8.6234, 47.4002], [8.6227, 47.4005], [8.6223, 47.4007], [8.6221, 47.4008], [8.6219, 47.4008], [8.6217, 47.4009], [8.6215, 47.401], [8.6211, 47.4012]], [[8.6211, 47.4012], [8.6208, 47.4013]], [[8.6208, 47.4013], [8.6205, 47.4014], [8.6202, 47.4015], [8.6195, 47.4018], [8.6188, 47.4021]], [[8.6188, 47.4021], [8.6187, 47.4021]], [[8.6187, 47.4021], [8.6186, 47.4022]], [[8.6186, 47.4022], [8.6184, 47.4023]], [[8.6184, 47.4023], [8.6171, 47.4028], [8.6149, 47.4037], [8.6143, 47.4039], [8.6135, 47.4043]], [[8.6135, 47.4043], [8.612, 47.4049]], [[8.612, 47.4049], [8.6119, 47.4049]], [[8.6119, 47.4049], [8.6117, 47.405]], [[8.6117, 47.405], [8.6101, 47.4057], [8.6092, 47.406], [8.609, 47.4061], [8.6087, 47.4062], [8.6085, 47.4063], [8.6083, 47.4064], [8.6081, 47.4065], [8.6079, 47.4066], [8.6078, 47.4066], [8.6077, 47.4067], [8.6075, 47.4068], [8.6073, 47.4069], [8.6072, 47.407], [8.6071, 47.407], [8.6069, 47.4072], [8.6067, 47.4073], [8.6065, 47.4074], [8.6064, 47.4075], [8.6062, 47.4077]], [[8.6062, 47.4077], [8.6057, 47.4081]], [[8.6057, 47.4081], [8.6055, 47.4083], [8.6053, 47.4084], [8.6051, 47.4086], [8.6049, 47.4088], [8.6047, 47.4089], [8.6045, 47.409], [8.6042, 47.4092], [8.604, 47.4093], [8.6038, 47.4094], [8.6037, 47.4095], [8.6035, 47.4096], [8.6033, 47.4097], [8.6031, 47.4098]], [[8.6031, 47.4098], [8.6029, 47.4098], [8.6028, 47.4099], [8.6026, 47.4099], [8.6024, 47.41]], [[8.6024, 47.41], [8.6023, 47.41], [8.6023, 47.4101], [8.6021, 47.4101], [8.6019, 47.4102], [8.6018, 47.4102], [8.6017, 47.4102], [8.6015, 47.4103], [8.6014, 47.4103], [8.6013, 47.4103], [8.601, 47.4104], [8.6005, 47.4105]], [[8.6005, 47.4105], [8.6002, 47.4106]], [[8.6002, 47.4106], [8.5998, 47.4107], [8.5995, 47.4107], [8.5978, 47.4112], [8.5975, 47.4112]], [[8.5975, 47.4112], [8.5961, 47.4116]], [[8.5961, 47.4116], [8.596, 47.4116]], [[8.596, 47.4116], [8.595, 47.4118], [8.5921, 47.4125], [8.5914, 47.4126], [8.5903, 47.4129], [8.5898, 47.413], [8.5896, 47.413], [8.5894, 47.413], [8.5892, 47.4131], [8.5889, 47.4131]], [[8.5889, 47.4131], [8.5888, 47.4132], [8.5884, 47.4132], [8.5881, 47.4133]], [[8.5881, 47.4133], [8.5879, 47.4133]], [[8.5879, 47.4133], [8.5877, 47.4133], [8.5875, 47.4133], [8.5874, 47.4133], [8.5872, 47.4133], [8.587, 47.4133], [8.5868, 47.4133], [8.5867, 47.4133], [8.5865, 47.4133], [8.5862, 47.4133], [8.5857, 47.4133], [8.5674, 47.413]], [[8.5674, 47.413], [8.567, 47.413]], [[8.567, 47.413], [8.5526, 47.4128]], [[8.5526, 47.4128], [8.5524, 47.4128]], [[8.5524, 47.4128], [8.5521, 47.4128], [8.5507, 47.4128]], [[8.5507, 47.4128], [8.5504, 47.4128]], [[8.5504, 47.4128], [8.5494, 47.4127]], [[8.5494, 47.4127], [8.5493, 47.4127], [8.5485, 47.4127], [8.5483, 47.4127], [8.5482, 47.4127], [8.548, 47.4127], [8.5479, 47.4127], [8.5478, 47.4127], [8.5477, 47.4127], [8.5476, 47.4127], [8.5475, 47.4126], [8.5474, 47.4126], [8.5473, 47.4126], [8.5472, 47.4126], [8.5471, 47.4126], [8.547, 47.4125], [8.5469, 47.4125]], [[8.5469, 47.4125], [8.5468, 47.4125], [8.5467, 47.4125], [8.5465, 47.4124], [8.5463, 47.4124]], [[8.5463, 47.4124], [8.5459, 47.4122], [8.5453, 47.412], [8.5449, 47.4119], [8.5445, 47.4118], [8.5435, 47.4114], [8.5433, 47.4114], [8.5432, 47.4113], [8.5431, 47.4112], [8.5429, 47.4112], [8.5428, 47.4111], [8.5427, 47.4111], [8.5425, 47.411]], [[8.5425, 47.411], [8.5424, 47.4109], [8.5423, 47.4109], [8.5422, 47.4108], [8.5421, 47.4107], [8.542, 47.4107], [8.5419, 47.4106], [8.5418, 47.4105], [8.5416, 47.4105], [8.5415, 47.4104], [8.5414, 47.4103], [8.5413, 47.4103], [8.5412, 47.4102], [8.5411, 47.4101], [8.5409, 47.4101], [8.5408, 47.41], [8.5406, 47.4099], [8.5403, 47.4098], [8.5401, 47.4097], [8.5399, 47.4096], [8.5398, 47.4095], [8.5397, 47.4094], [8.5395, 47.4094], [8.5394, 47.4093], [8.5393, 47.4092], [8.5392, 47.4091], [8.5389, 47.409], [8.5388, 47.4088], [8.5386, 47.4087], [8.5385, 47.4086], [8.5383, 47.4084]], [[8.5383, 47.4084], [8.5382, 47.4083], [8.5381, 47.4082], [8.538, 47.4081], [8.538, 47.408], [8.5379, 47.4079]], [[8.5379, 47.4079], [8.5377, 47.4077], [8.5376, 47.4074], [8.5372, 47.4067]], [[8.5372, 47.4067], [8.5371, 47.4066], [8.5369, 47.4061], [8.5365, 47.4053], [8.5365, 47.4052], [8.5363, 47.4049], [8.5362, 47.4047], [8.536, 47.4045]], [[8.5325, 47.3797], [8.5322, 47.3797]], [[8.5322, 47.3797], [8.5311, 47.38], [8.5307, 47.3801]], [[8.5307, 47.3801], [8.5306, 47.3802]], [[8.5306, 47.3802], [8.5297, 47.3804]], [[8.5297, 47.3804], [8.5294, 47.3805], [8.5292, 47.3806], [8.5289, 47.3807], [8.5285, 47.3808]], [[8.5285, 47.3808], [8.5284, 47.3808]], [[8.5284, 47.3808], [8.5282, 47.3809], [8.5281, 47.3809], [8.5279, 47.3809], [8.5278, 47.3809], [8.5277, 47.381], [8.5275, 47.381], [8.5274, 47.381], [8.5273, 47.381], [8.5272, 47.381], [8.527, 47.381], [8.5269, 47.3811], [8.5268, 47.3811], [8.5267, 47.3811]], [[8.5267, 47.3811], [8.5265, 47.3811], [8.5264, 47.3811], [8.5259, 47.381], [8.5247, 47.3809]], [[8.5247, 47.3809], [8.5246, 47.3809], [8.5245, 47.3809], [8.5243, 47.3809], [8.5242, 47.3809], [8.5241, 47.3809], [8.524, 47.3809], [8.5239, 47.3809], [8.5238, 47.3809], [8.5236, 47.3809], [8.5234, 47.3809], [8.5233, 47.3809], [8.5232, 47.381], [8.5231, 47.381], [8.523, 47.381], [8.5228, 47.381], [8.5227, 47.381], [8.5226, 47.3811], [8.5225, 47.3811], [8.5224, 47.3811], [8.5223, 47.3811], [8.5222, 47.3812], [8.5221, 47.3812], [8.522, 47.3812]], [[8.522, 47.3812], [8.5219, 47.3813], [8.5218, 47.3813], [8.5217, 47.3813], [8.5216, 47.3814], [8.5215, 47.3814], [8.5215, 47.3815], [8.5214, 47.3815], [8.5213, 47.3815], [8.5212, 47.3816], [8.5211, 47.3816], [8.521, 47.3817], [8.5209, 47.3818], [8.5207, 47.3819], [8.5206, 47.382], [8.5205, 47.3821], [8.5201, 47.3824]], [[8.5201, 47.3824], [8.5199, 47.3825], [8.5198, 47.3826], [8.5196, 47.3828], [8.5194, 47.3829], [8.5192, 47.383], [8.519, 47.3831], [8.5188, 47.3832], [8.5186, 47.3833], [8.5185, 47.3834], [8.5183, 47.3835], [8.5182, 47.3835], [8.5181, 47.3836]], [[8.5181, 47.3836], [8.5179, 47.3836], [8.5178, 47.3837], [8.5177, 47.3837], [8.5176, 47.3838], [8.5175, 47.3838], [8.5174, 47.3838], [8.5173, 47.3839], [8.5172, 47.3839], [8.5171, 47.3839], [8.5169, 47.384], [8.5165, 47.3841], [8.5159, 47.3843], [8.5157, 47.3843], [8.5151, 47.3845], [8.5148, 47.3846], [8.5145, 47.3847], [8.514, 47.3849], [8.5136, 47.385], [8.5134, 47.3851], [8.5131, 47.3852], [8.513, 47.3852], [8.5128, 47.3853], [8.5125, 47.3854]], [[8.5078, 47.3867], [8.5083, 47.3865], [8.5085, 47.3865], [8.5087, 47.3864], [8.5088, 47.3864], [8.5089, 47.3863], [8.5091, 47.3863], [8.5092, 47.3862], [8.5093, 47.3862], [8.5094, 47.3862], [8.5095, 47.3862], [8.5097, 47.3861], [8.5098, 47.3861], [8.51, 47.3861], [8.5101, 47.386], [8.5102, 47.386], [8.5104, 47.3859], [8.5106, 47.3859], [8.5121, 47.3855], [8.5122, 47.3854], [8.5124, 47.3854], [8.5125, 47.3854]], [[8.5078, 47.3867], [8.5071, 47.387]], [[8.5002, 47.3891], [8.5004, 47.3891], [8.5007, 47.389], [8.5009, 47.389], [8.501, 47.3889], [8.5012, 47.3889], [8.5015, 47.3888], [8.5053, 47.3877], [8.5054, 47.3877], [8.5055, 47.3876], [8.5056, 47.3876], [8.5058, 47.3875], [8.5059, 47.3875], [8.506, 47.3874], [8.5061, 47.3874], [8.5062, 47.3873], [8.5064, 47.3873], [8.5068, 47.3871], [8.507, 47.387], [8.5071, 47.387]], [[8.4977, 47.3893], [8.4979, 47.3893], [8.498, 47.3893], [8.4995, 47.3892], [8.4998, 47.3892], [8.4999, 47.3891], [8.5002, 47.3891]], [[8.4957, 47.3898], [8.4963, 47.3896], [8.4966, 47.3895], [8.4968, 47.3895], [8.4971, 47.3894], [8.4973, 47.3894], [8.4975, 47.3894], [8.4977, 47.3893]], [[8.4952, 47.3899], [8.4957, 47.3898]], [[8.4917, 47.3908], [8.4952, 47.3899]], [[8.4912, 47.391], [8.4917, 47.3908]], [[8.4872, 47.3921], [8.4891, 47.3916], [8.4912, 47.391]], [[8.4861, 47.3923], [8.4867, 47.3922], [8.4868, 47.3922], [8.487, 47.3921], [8.4871, 47.3921], [8.4872, 47.3921]], [[8.485, 47.3924], [8.4851, 47.3924], [8.4852, 47.3924], [8.4853, 47.3924], [8.4854, 47.3924], [8.4855, 47.3924], [8.4856, 47.3924], [8.4857, 47.3924], [8.4859, 47.3923], [8.4861, 47.3923]], [[8.485, 47.3924], [8.4849, 47.3924], [8.4847, 47.3924], [8.4846, 47.3924], [8.4844, 47.3924], [8.4842, 47.3924], [8.484, 47.3924], [8.4839, 47.3924], [8.4837, 47.3924], [8.4835, 47.3923], [8.48, 47.3918], [8.4797, 47.3918], [8.4795, 47.3918], [8.4793, 47.3917], [8.4791, 47.3917], [8.479, 47.3917]], [[8.479, 47.3917], [8.4789, 47.3917], [8.4787, 47.3917], [8.4786, 47.3917], [8.4784, 47.3916], [8.4783, 47.3916]], [[8.4783, 47.3916], [8.4782, 47.3916], [8.4781, 47.3916], [8.478, 47.3916], [8.4779, 47.3916]], [[8.4779, 47.3916], [8.4777, 47.3916], [8.4775, 47.3916], [8.4774, 47.3916], [8.4772, 47.3917], [8.4771, 47.3917], [8.477, 47.3917], [8.4768, 47.3917], [8.4767, 47.3917], [8.4766, 47.3917], [8.4765, 47.3917], [8.4764, 47.3917], [8.4763, 47.3917], [8.4762, 47.3918], [8.476, 47.3918], [8.4759, 47.3918], [8.4758, 47.3918], [8.4757, 47.3918], [8.4756, 47.3919], [8.4754, 47.3919], [8.4752, 47.3919], [8.4751, 47.392], [8.4749, 47.392], [8.4748, 47.3921], [8.4746, 47.3921], [8.4745, 47.3922], [8.4743, 47.3922], [8.4741, 47.3923], [8.474, 47.3923], [8.4739, 47.3924], [8.4737, 47.3924], [8.4735, 47.3925]], [[8.4406, 47.3916], [8.4448, 47.3919], [8.4449, 47.3919], [8.445, 47.3919], [8.4452, 47.3919], [8.4453, 47.3919], [8.4454, 47.3919], [8.4455, 47.392], [8.4456, 47.392], [8.4457, 47.392], [8.4458, 47.392], [8.446, 47.392], [8.4461, 47.3921], [8.4462, 47.3921], [8.4464, 47.3921], [8.4465, 47.3922], [8.4467, 47.3922], [8.4468, 47.3922], [8.4469, 47.3923], [8.447, 47.3923], [8.4472, 47.3923], [8.4473, 47.3924], [8.4474, 47.3924], [8.4475, 47.3925], [8.4477, 47.3925], [8.4477, 47.3926], [8.4478, 47.3926], [8.4479, 47.3926], [8.448, 47.3927], [8.4481, 47.3927], [8.4483, 47.3928], [8.4484, 47.3929], [8.4485, 47.3929], [8.4486, 47.393], [8.4488, 47.3931], [8.4488, 47.3932], [8.4489, 47.3932], [8.449, 47.3933], [8.4491, 47.3934], [8.4492, 47.3934], [8.4493, 47.3935], [8.4494, 47.3936], [8.4495, 47.3937], [8.4496, 47.3938], [8.4498, 47.3939], [8.4498, 47.394], [8.45, 47.3942], [8.4502, 47.3943], [8.4503, 47.3944], [8.4504, 47.3945], [8.4505, 47.3946], [8.4506, 47.3947], [8.4507, 47.3948], [8.4508, 47.3949], [8.4509, 47.395], [8.4511, 47.395], [8.4512, 47.3951], [8.4514, 47.3952], [8.4515, 47.3953], [8.4516, 47.3954], [8.4518, 47.3954], [8.4519, 47.3955], [8.452, 47.3955], [8.4521, 47.3956], [8.4523, 47.3957], [8.4524, 47.3957], [8.4525, 47.3957], [8.4526, 47.3958], [8.4528, 47.3958], [8.4529, 47.3959], [8.4531, 47.3959], [8.4532, 47.3959], [8.4533, 47.396], [8.4534, 47.396], [8.4536, 47.396], [8.4538, 47.3961], [8.4539, 47.3961], [8.4541, 47.3961], [8.4542, 47.3961], [8.4543, 47.3961], [8.4544, 47.3962], [8.4545, 47.3962], [8.4547, 47.3962], [8.4548, 47.3962], [8.4549, 47.3962], [8.455, 47.3962], [8.4552, 47.3962], [8.4553, 47.3962], [8.4554, 47.3962], [8.4555, 47.3962], [8.4556, 47.3962], [8.4558, 47.3962], [8.4559, 47.3962], [8.456, 47.3962], [8.4561, 47.3962], [8.4563, 47.3962], [8.4564, 47.3962], [8.4566, 47.3962], [8.4567, 47.3961], [8.4568, 47.3961], [8.4569, 47.3961], [8.4572, 47.3961], [8.4573, 47.396], [8.4629, 47.3952], [8.4631, 47.3951], [8.4633, 47.3951], [8.4634, 47.3951], [8.4635, 47.3951], [8.4636, 47.3951], [8.4637, 47.395], [8.4639, 47.395], [8.464, 47.395], [8.4642, 47.395], [8.4643, 47.395], [8.4644, 47.395], [8.4649, 47.3949], [8.4662, 47.3948], [8.4665, 47.3948], [8.4667, 47.3948], [8.4669, 47.3947], [8.467, 47.3947], [8.4671, 47.3947], [8.4673, 47.3947], [8.4674, 47.3947], [8.4676, 47.3946], [8.4677, 47.3946], [8.468, 47.3945], [8.4682, 47.3945], [8.4684, 47.3944], [8.4686, 47.3944], [8.4688, 47.3943], [8.469, 47.3943], [8.4691, 47.3942], [8.4693, 47.3942], [8.4694, 47.3942], [8.4696, 47.3941], [8.4697, 47.394], [8.4699, 47.394], [8.4701, 47.3939], [8.4703, 47.3938], [8.4704, 47.3938], [8.4706, 47.3937], [8.4735, 47.3925]], [[8.4406, 47.3916], [8.4398, 47.3916], [8.4392, 47.3915], [8.4373, 47.3914], [8.4369, 47.3914], [8.4366, 47.3913], [8.4363, 47.3913], [8.4359, 47.3912], [8.4356, 47.3912], [8.4354, 47.3911], [8.4351, 47.3911], [8.4347, 47.391], [8.4344, 47.3909], [8.434, 47.3907], [8.4337, 47.3906], [8.4333, 47.3904], [8.4329, 47.3902], [8.4327, 47.3901], [8.4324, 47.3899], [8.4322, 47.3897], [8.4319, 47.3896], [8.4317, 47.3894], [8.4315, 47.3892], [8.4312, 47.3889], [8.4309, 47.3885], [8.4307, 47.3881], [8.4305, 47.3878], [8.4302, 47.3871], [8.4299, 47.3865], [8.4298, 47.3863], [8.4297, 47.3861], [8.4297, 47.3859], [8.4296, 47.3857], [8.4295, 47.3852], [8.4294, 47.3849], [8.4294, 47.3846], [8.4294, 47.3842], [8.4294, 47.3838], [8.4294, 47.3836], [8.4294, 47.3833], [8.4295, 47.3831], [8.4295, 47.3828], [8.4296, 47.3826], [8.4297, 47.3823], [8.4298, 47.382], [8.43, 47.3816], [8.4302, 47.3812], [8.4303, 47.381], [8.4305, 47.3807], [8.4307, 47.3803], [8.4311, 47.3798], [8.4318, 47.3791], [8.4321, 47.3787], [8.4323, 47.3784], [8.4325, 47.3781], [8.4325, 47.378], [8.4327, 47.3778], [8.4328, 47.3775], [8.4329, 47.3772]], [[8.433, 47.3597], [8.4327, 47.3603], [8.4325, 47.3606], [8.4323, 47.361], [8.4321, 47.3613], [8.432, 47.3617], [8.4318, 47.362], [8.4318, 47.3624], [8.4317, 47.3627], [8.4316, 47.363], [8.4316, 47.3633], [8.4316, 47.3637], [8.4316, 47.364], [8.4316, 47.3642], [8.4317, 47.3643], [8.4317, 47.3646], [8.4319, 47.3653], [8.4327, 47.3684], [8.4333, 47.3704], [8.4334, 47.3709], [8.4335, 47.3714], [8.4336, 47.3718], [8.4336, 47.3723], [8.4335, 47.3727], [8.4332, 47.3759], [8.4331, 47.3765], [8.433, 47.3769], [8.4329, 47.3772]], [[8.4333, 47.3594], [8.4331, 47.3596], [8.433, 47.3597]], [[8.435, 47.3583], [8.4349, 47.3584], [8.4345, 47.3585], [8.4342, 47.3587], [8.4339, 47.3589], [8.4336, 47.3591], [8.4334, 47.3593], [8.4333, 47.3594]], [[8.4351, 47.3583], [8.435, 47.3583]], [[8.4414, 47.3567], [8.4408, 47.3567], [8.4404, 47.3567], [8.44, 47.3568], [8.4396, 47.3569], [8.4395, 47.3569], [8.439, 47.3571], [8.4375, 47.3575], [8.4357, 47.3581], [8.4353, 47.3582], [8.4351, 47.3583]], [[8.4654, 47.3528], [8.4652, 47.3529], [8.465, 47.353], [8.4648, 47.3531], [8.4645, 47.3532], [8.4642, 47.3533], [8.4638, 47.3534], [8.4635, 47.3535], [8.4631, 47.3536], [8.4627, 47.3537], [8.4625, 47.3537], [8.4621, 47.3538], [8.4619, 47.3538], [8.4617, 47.3538], [8.4615, 47.3539], [8.4614, 47.3539], [8.4611, 47.3539], [8.4608, 47.3539], [8.4606, 47.3539], [8.4603, 47.3539], [8.46, 47.3538], [8.4593, 47.3538], [8.4589, 47.3538], [8.4585, 47.3538], [8.4582, 47.3538], [8.4579, 47.3538], [8.4576, 47.3538], [8.4573, 47.3538], [8.4569, 47.3539], [8.4557, 47.3541], [8.4554, 47.3541], [8.4551, 47.3542], [8.4548, 47.3542], [8.4545, 47.3543], [8.4541, 47.3544], [8.4538, 47.3545], [8.4535, 47.3546], [8.4533, 47.3547], [8.453, 47.3548], [8.4527, 47.3549], [8.4525, 47.355], [8.4522, 47.3552], [8.4518, 47.3554], [8.4515, 47.3556], [8.4504, 47.3563], [8.4502, 47.3564], [8.45, 47.3565], [8.4497, 47.3567], [8.4494, 47.3568], [8.4491, 47.3569], [8.4488, 47.357], [8.4485, 47.3571], [8.4482, 47.3571], [8.4478, 47.3572], [8.4475, 47.3573], [8.4473, 47.3573], [8.4469, 47.3573], [8.4465, 47.3573], [8.4462, 47.3573], [8.4458, 47.3573], [8.4455, 47.3573], [8.4451, 47.3572], [8.4448, 47.3572], [8.4444, 47.3571], [8.4437, 47.3569], [8.4434, 47.3569], [8.4431, 47.3568], [8.4429, 47.3568], [8.4425, 47.3567], [8.4423, 47.3567], [8.442, 47.3567], [8.4417, 47.3567], [8.4414, 47.3567]], [[8.467, 47.3496], [8.467, 47.3499], [8.4671, 47.35], [8.4671, 47.3501], [8.4671, 47.3503], [8.4671, 47.3504], [8.4671, 47.3505], [8.467, 47.3507], [8.467, 47.3509], [8.467, 47.351], [8.4669, 47.3512], [8.4669, 47.3513], [8.4668, 47.3515], [8.4667, 47.3516], [8.4666, 47.3518], [8.4665, 47.3519], [8.4664, 47.352], [8.4663, 47.3521], [8.4661, 47.3523], [8.466, 47.3524], [8.4658, 47.3525], [8.4656, 47.3527], [8.4654, 47.3528]], [[8.4656, 47.3454], [8.4652, 47.3441], [8.465, 47.3434], [8.4649, 47.3431], [8.4648, 47.3428]], [[8.4648, 47.3428], [8.4647, 47.3426], [8.4647, 47.3425], [8.4647, 47.3422], [8.4646, 47.342], [8.4646, 47.3416], [8.4646, 47.3414], [8.4646, 47.3412], [8.4646, 47.341], [8.4646, 47.3408], [8.4647, 47.3404], [8.4647, 47.3402], [8.4648, 47.3399], [8.4649, 47.3396], [8.465, 47.3392]], [[8.465, 47.3392], [8.4651, 47.3389], [8.4652, 47.3388], [8.4652, 47.3385], [8.4664, 47.335], [8.4665, 47.3347]], [[8.4665, 47.3347], [8.4667, 47.3342], [8.4668, 47.3339], [8.467, 47.3334], [8.4672, 47.3327]], [[8.4672, 47.3327], [8.4681, 47.3301], [8.4682, 47.3297], [8.4683, 47.3294], [8.4683, 47.3292], [8.4683, 47.329], [8.4684, 47.3287]], [[8.4684, 47.3287], [8.4684, 47.3283], [8.4684, 47.3279], [8.4683, 47.3276]], [[8.4683, 47.3276], [8.4683, 47.3274], [8.4682, 47.327], [8.4681, 47.3262], [8.468, 47.3252], [8.4679, 47.325], [8.4678, 47.3244]], [[8.4678, 47.3244], [8.4677, 47.3238], [8.4673, 47.3214]], [[8.4673, 47.3214], [8.4673, 47.3212], [8.4673, 47.3209], [8.4672, 47.3206], [8.4671, 47.3204], [8.467, 47.3202], [8.467, 47.32], [8.4669, 47.3198], [8.4667, 47.3196], [8.4666, 47.3195], [8.4665, 47.3192], [8.4663, 47.3191], [8.4661, 47.3189], [8.4659, 47.3187], [8.4658, 47.3186], [8.4656, 47.3185]], [[8.4656, 47.3185], [8.4655, 47.3184]], [[8.4655, 47.3184], [8.4654, 47.3183], [8.4653, 47.3183], [8.4652, 47.3182], [8.4651, 47.3182], [8.465, 47.3181], [8.4649, 47.3181], [8.4648, 47.318], [8.4647, 47.3179], [8.4646, 47.3179], [8.4645, 47.3178], [8.4644, 47.3178], [8.4642, 47.3177], [8.4641, 47.3177], [8.464, 47.3177], [8.4639, 47.3176], [8.4637, 47.3176], [8.4636, 47.3175], [8.4635, 47.3175], [8.4634, 47.3175], [8.4633, 47.3175], [8.4632, 47.3174], [8.4631, 47.3174], [8.4629, 47.3174], [8.4628, 47.3174], [8.4626, 47.3173], [8.4622, 47.3173], [8.4619, 47.3172]], [[8.4619, 47.3172], [8.4616, 47.3171], [8.4614, 47.3171], [8.4612, 47.3171], [8.4611, 47.317], [8.461, 47.317], [8.4608, 47.317], [8.4606, 47.3169], [8.4605, 47.3169], [8.4604, 47.3169], [8.4603, 47.3168], [8.4602, 47.3168], [8.46, 47.3167], [8.4599, 47.3167], [8.4598, 47.3166], [8.4597, 47.3166], [8.4595, 47.3165], [8.4594, 47.3165], [8.4593, 47.3164], [8.4592, 47.3164], [8.4591, 47.3163], [8.459, 47.3163], [8.4589, 47.3162], [8.4588, 47.3161], [8.4586, 47.316], [8.4585, 47.316], [8.4584, 47.3159], [8.4583, 47.3158], [8.4582, 47.3157], [8.4581, 47.3156], [8.458, 47.3156], [8.4579, 47.3155], [8.4578, 47.3154], [8.4577, 47.3153], [8.4576, 47.3152], [8.4576, 47.3151], [8.4575, 47.315], [8.4574, 47.3149], [8.4573, 47.3149], [8.4573, 47.3148], [8.4572, 47.3147], [8.4572, 47.3146], [8.4571, 47.3145], [8.4571, 47.3144], [8.457, 47.3143], [8.457, 47.3142], [8.4569, 47.3141], [8.4569, 47.314], [8.4568, 47.3138], [8.4568, 47.3137], [8.4566, 47.3132], [8.4565, 47.3129], [8.4565, 47.3128], [8.4564, 47.3127], [8.4564, 47.3126], [8.4564, 47.3125], [8.4563, 47.3124], [8.4563, 47.3123], [8.4562, 47.3122], [8.4562, 47.3121], [8.4561, 47.312], [8.4561, 47.3119], [8.456, 47.3117], [8.4559, 47.3116], [8.4559, 47.3115], [8.4557, 47.3114], [8.4556, 47.3112], [8.4555, 47.3111], [8.4554, 47.311], [8.4553, 47.3109], [8.4552, 47.3108], [8.4551, 47.3107], [8.455, 47.3106], [8.4549, 47.3105], [8.4548, 47.3104], [8.4548, 47.3103], [8.4547, 47.3103], [8.4546, 47.3102], [8.4545, 47.3102], [8.4545, 47.3101], [8.4544, 47.3101], [8.4543, 47.31], [8.4542, 47.31], [8.4542, 47.3099], [8.4541, 47.3099], [8.454, 47.3098], [8.4538, 47.3097], [8.4537, 47.3097], [8.4536, 47.3096], [8.4535, 47.3095], [8.4534, 47.3095], [8.4533, 47.3094], [8.4532, 47.3094], [8.4531, 47.3093], [8.4529, 47.3093], [8.4528, 47.3092], [8.4527, 47.3092], [8.4525, 47.3091], [8.4524, 47.3091], [8.4522, 47.309], [8.452, 47.3089], [8.4518, 47.3089], [8.4516, 47.3088], [8.45, 47.3083]], [[8.45, 47.3083], [8.4497, 47.3082], [8.4495, 47.3081], [8.4494, 47.3081], [8.4492, 47.308], [8.449, 47.308], [8.4487, 47.3079], [8.4484, 47.3078], [8.4482, 47.3077], [8.4479, 47.3076], [8.4477, 47.3076], [8.4471, 47.3074], [8.4465, 47.3072], [8.4462, 47.3071], [8.4458, 47.3069], [8.4456, 47.3069], [8.4455, 47.3068], [8.4453, 47.3068], [8.4452, 47.3067], [8.445, 47.3067], [8.4449, 47.3066], [8.4448, 47.3065], [8.4446, 47.3065], [8.4446, 47.3064], [8.4445, 47.3064], [8.4444, 47.3063], [8.4443, 47.3063], [8.4441, 47.3062], [8.4441, 47.3061], [8.444, 47.3061], [8.4439, 47.306], [8.4438, 47.306], [8.4437, 47.3059], [8.4436, 47.3058], [8.4435, 47.3057], [8.4434, 47.3056], [8.4433, 47.3055], [8.4432, 47.3054], [8.4431, 47.3053], [8.443, 47.3052]], [[8.443, 47.3052], [8.4429, 47.3051], [8.4428, 47.305]], [[8.4428, 47.305], [8.4428, 47.3049], [8.4427, 47.3048], [8.4427, 47.3047], [8.4426, 47.3046], [8.4426, 47.3045], [8.4425, 47.3044], [8.4425, 47.3043], [8.4424, 47.3042], [8.4424, 47.3041], [8.4424, 47.304], [8.4423, 47.3039], [8.4423, 47.3038], [8.4423, 47.3037], [8.4423, 47.3036], [8.4423, 47.3035], [8.4423, 47.3033], [8.4423, 47.3032], [8.4423, 47.3031], [8.4423, 47.303], [8.4423, 47.3029], [8.4423, 47.3028], [8.4423, 47.3027], [8.4423, 47.3026], [8.4423, 47.3025], [8.4424, 47.3025], [8.4424, 47.3024], [8.4424, 47.3023], [8.4424, 47.3022], [8.4425, 47.3021], [8.4425, 47.302], [8.4426, 47.3018], [8.4426, 47.3017], [8.4427, 47.3016], [8.4428, 47.3016], [8.4428, 47.3015], [8.4429, 47.3014], [8.443, 47.3013], [8.443, 47.3012], [8.4431, 47.3011], [8.4432, 47.301]], [[8.4432, 47.301], [8.4433, 47.3009], [8.4434, 47.3008], [8.4436, 47.3007], [8.4438, 47.3005], [8.4442, 47.3001]], [[8.4442, 47.3001], [8.4457, 47.2989], [8.4462, 47.2985], [8.4462, 47.2984], [8.4463, 47.2983], [8.4464, 47.2983], [8.4465, 47.2982], [8.4466, 47.2981], [8.4467, 47.2981], [8.4467, 47.298], [8.4468, 47.2979], [8.4469, 47.2978], [8.4469, 47.2977], [8.447, 47.2977], [8.4471, 47.2976], [8.4471, 47.2975], [8.4471, 47.2974], [8.4472, 47.2974], [8.4472, 47.2973], [8.4473, 47.2972], [8.4473, 47.2971], [8.4474, 47.297], [8.4474, 47.2969], [8.4474, 47.2968], [8.4474, 47.2967], [8.4475, 47.2966], [8.4475, 47.2965], [8.4475, 47.2964], [8.4475, 47.2962], [8.4475, 47.2961], [8.4475, 47.2958], [8.4475, 47.2956]], [[8.4475, 47.2956], [8.4476, 47.2955]], [[8.4476, 47.2955], [8.4476, 47.295], [8.4477, 47.2936], [8.4478, 47.2935], [8.4478, 47.2934], [8.4478, 47.2932], [8.4478, 47.2931], [8.4478, 47.293], [8.4479, 47.2928], [8.4479, 47.2927], [8.4479, 47.2926], [8.448, 47.2925], [8.448, 47.2924], [8.4481, 47.2922], [8.4481, 47.2921], [8.4482, 47.292], [8.4483, 47.2918], [8.4483, 47.2917], [8.4484, 47.2916], [8.4485, 47.2915], [8.4485, 47.2914], [8.4486, 47.2913], [8.4487, 47.2912], [8.4487, 47.2911], [8.4488, 47.291], [8.4489, 47.2909], [8.449, 47.2908], [8.4491, 47.2907], [8.4493, 47.2906], [8.4494, 47.2905], [8.4495, 47.2904], [8.4497, 47.2902], [8.4499, 47.29], [8.45, 47.2899], [8.4501, 47.2898], [8.4503, 47.2896], [8.4504, 47.2895], [8.4505, 47.2893], [8.4507, 47.2892], [8.4507, 47.2891], [8.4508, 47.289], [8.4509, 47.2889], [8.451, 47.2887], [8.4511, 47.2886], [8.4512, 47.2884], [8.4513, 47.2883], [8.4514, 47.2881], [8.4514, 47.288], [8.4515, 47.2878], [8.4516, 47.2877], [8.4517, 47.2875], [8.4517, 47.2874], [8.4518, 47.2872], [8.4518, 47.2871], [8.4519, 47.287], [8.4519, 47.2868], [8.452, 47.2867], [8.452, 47.2865], [8.452, 47.2863], [8.4521, 47.2862], [8.4521, 47.286], [8.4521, 47.2859], [8.4521, 47.2857], [8.4521, 47.2856], [8.4521, 47.2855]], [[8.4521, 47.2855], [8.4521, 47.2854]], [[8.4521, 47.2854], [8.4521, 47.2852], [8.4521, 47.2851], [8.4521, 47.2849], [8.4521, 47.2847], [8.4521, 47.2846], [8.4521, 47.2844], [8.452, 47.2842], [8.452, 47.284], [8.452, 47.2839], [8.4519, 47.2838], [8.4519, 47.2837], [8.4519, 47.2835], [8.4518, 47.2833], [8.4517, 47.2831]], [[8.4517, 47.2831], [8.4517, 47.283]], [[8.4517, 47.283], [8.4517, 47.2829], [8.4516, 47.2829], [8.4516, 47.2827], [8.4515, 47.2826], [8.4514, 47.2825], [8.4514, 47.2824], [8.4513, 47.2823], [8.4512, 47.2821], [8.4502, 47.2805]], [[8.4502, 47.2805], [8.4501, 47.2803]], [[8.4501, 47.2803], [8.4497, 47.2796]], [[8.4497, 47.2796], [8.4495, 47.2794], [8.4494, 47.2792], [8.4493, 47.279], [8.4492, 47.2789]], [[8.4492, 47.2789], [8.4491, 47.2787], [8.4489, 47.2786], [8.4488, 47.2784], [8.4487, 47.2783], [8.4485, 47.2781], [8.4484, 47.278]], [[8.4484, 47.278], [8.4479, 47.2774], [8.4477, 47.2773], [8.4474, 47.277], [8.4472, 47.2768], [8.4468, 47.2764], [8.4465, 47.2761], [8.4457, 47.2754], [8.4455, 47.2752], [8.4454, 47.2751], [8.4452, 47.275], [8.4449, 47.2747], [8.4447, 47.2745], [8.4446, 47.2745], [8.4445, 47.2744], [8.4444, 47.2743], [8.4443, 47.2742], [8.4442, 47.2741], [8.4441, 47.2739], [8.4439, 47.2738]], [[8.4468, 47.2981], [8.4468, 47.298], [8.4467, 47.2981], [8.4466, 47.2982], [8.4465, 47.2983], [8.4464, 47.2984], [8.4463, 47.2985], [8.4462, 47.2986], [8.4452, 47.2994], [8.4443, 47.3001], [8.4442, 47.3002], [8.4443, 47.3002], [8.4444, 47.3001], [8.4445, 47.3], [8.4452, 47.2995], [8.4459, 47.2988], [8.446, 47.2987], [8.4462, 47.2986], [8.4463, 47.2985], [8.4464, 47.2984], [8.4465, 47.2983], [8.4466, 47.2983], [8.4467, 47.2982], [8.4468, 47.2981]], [[8.4391, 47.3571], [8.4395, 47.357], [8.4393, 47.3571], [8.439, 47.3571], [8.4356, 47.3582], [8.4352, 47.3583], [8.4356, 47.3582], [8.4357, 47.3582], [8.4369, 47.3578], [8.4377, 47.3576], [8.4377, 47.3575], [8.4384, 47.3573], [8.4391, 47.3571]], [[8.4296, 47.3823], [8.4297, 47.3819], [8.4298, 47.3817], [8.4299, 47.3815], [8.4299, 47.3814], [8.43, 47.3812], [8.4302, 47.381], [8.4302, 47.3809], [8.4304, 47.3806], [8.4305, 47.3805], [8.4306, 47.3803], [8.4308, 47.3801], [8.4309, 47.38], [8.4312, 47.3796], [8.4309, 47.38], [8.4308, 47.3801], [8.4307, 47.3803], [8.4304, 47.3806], [8.4302, 47.381], [8.4301, 47.3812], [8.43, 47.3814], [8.4299, 47.3816], [8.4298, 47.3818], [8.4297, 47.3819], [8.4297, 47.3821], [8.4296, 47.3823]], [[8.4333, 47.3905], [8.4335, 47.3906], [8.4337, 47.3907], [8.434, 47.3908], [8.4342, 47.3909], [8.4345, 47.391], [8.4346, 47.391], [8.4347, 47.3911], [8.435, 47.3911], [8.4352, 47.3912], [8.4354, 47.3912], [8.4354, 47.3913], [8.4357, 47.3913], [8.436, 47.3914], [8.4363, 47.3914], [8.4364, 47.3914], [8.4366, 47.3914], [8.4369, 47.3914], [8.4371, 47.3914], [8.4374, 47.3915], [8.4374, 47.3914], [8.4369, 47.3914], [8.4368, 47.3914], [8.4366, 47.3914], [8.4364, 47.3914], [8.4363, 47.3913], [8.4361, 47.3913], [8.4359, 47.3913], [8.4358, 47.3913], [8.4356, 47.3912], [8.4355, 47.3912], [8.4353, 47.3912], [8.4351, 47.3911], [8.4349, 47.3911], [8.4347, 47.391], [8.4345, 47.391], [8.4343, 47.3909], [8.4341, 47.3908], [8.434, 47.3908], [8.4337, 47.3907], [8.4335, 47.3906], [8.4334, 47.3905], [8.4333, 47.3905]], [[8.6868, 47.3691], [8.6865, 47.3693], [8.6862, 47.3694], [8.6854, 47.3699], [8.6848, 47.3703], [8.6846, 47.3704], [8.6844, 47.3705], [8.6841, 47.3707]], [[8.4502, 47.2803], [8.4501, 47.2802], [8.45, 47.2801], [8.4499, 47.28], [8.4499, 47.2799], [8.4498, 47.2798], [8.4497, 47.2797], [8.4497, 47.2796]], [[8.4503, 47.2805], [8.4502, 47.2803]], [[8.4517, 47.283], [8.4517, 47.2829], [8.4516, 47.2828], [8.4516, 47.2827], [8.4515, 47.2826], [8.4515, 47.2825], [8.4514, 47.2824], [8.4514, 47.2823], [8.4512, 47.2821], [8.4503, 47.2805]], [[8.4518, 47.2831], [8.4517, 47.283]], [[8.4522, 47.2854], [8.4522, 47.2852], [8.4522, 47.2851], [8.4522, 47.2849], [8.4522, 47.2847], [8.4522, 47.2846], [8.4521, 47.2844], [8.4521, 47.2843], [8.4521, 47.2842], [8.4521, 47.284], [8.452, 47.2839], [8.452, 47.2838], [8.452, 47.2836], [8.4519, 47.2835], [8.4519, 47.2833], [8.4518, 47.2832], [8.4518, 47.2831]], [[8.4522, 47.2855], [8.4522, 47.2854]], [[8.4476, 47.295], [8.4478, 47.2939], [8.4478, 47.2936], [8.4478, 47.2935], [8.4478, 47.2934], [8.4478, 47.2932], [8.4479, 47.2931], [8.4479, 47.293], [8.4479, 47.2928], [8.448, 47.2927], [8.448, 47.2926], [8.448, 47.2925], [8.4481, 47.2924], [8.4481, 47.2922], [8.4482, 47.2921], [8.4483, 47.292], [8.4483, 47.2918], [8.4484, 47.2918], [8.4484, 47.2916], [8.4485, 47.2915], [8.4486, 47.2914], [8.4487, 47.2913], [8.4487, 47.2912], [8.4488, 47.2912], [8.4489, 47.2911], [8.449, 47.291], [8.4491, 47.2908], [8.4492, 47.2907], [8.4493, 47.2906], [8.4494, 47.2905], [8.4495, 47.2904], [8.4497, 47.2902], [8.4499, 47.29], [8.45, 47.2899], [8.4502, 47.2898], [8.4503, 47.2896], [8.4504, 47.2895], [8.4506, 47.2894], [8.4507, 47.2892], [8.4508, 47.2891], [8.4509, 47.289], [8.4509, 47.2889], [8.4511, 47.2887], [8.4512, 47.2886], [8.4512, 47.2884], [8.4513, 47.2883], [8.4514, 47.2882], [8.4515, 47.288], [8.4516, 47.2878], [8.4516, 47.2877], [8.4517, 47.2875], [8.4518, 47.2874], [8.4518, 47.2872], [8.4519, 47.2871], [8.4519, 47.287], [8.452, 47.2868], [8.452, 47.2867], [8.4521, 47.2865], [8.4521, 47.2863], [8.4521, 47.2862], [8.4521, 47.286], [8.4522, 47.2859], [8.4522, 47.2857], [8.4522, 47.2856], [8.4522, 47.2855]], [[8.4476, 47.2955], [8.4476, 47.295]], [[8.4476, 47.2956], [8.4476, 47.2955]], [[8.4425, 47.3023], [8.4425, 47.3021], [8.4426, 47.302], [8.4426, 47.3019], [8.4427, 47.3018], [8.4428, 47.3017], [8.4428, 47.3016], [8.4428, 47.3015], [8.4429, 47.3015], [8.4429, 47.3014], [8.443, 47.3014], [8.443, 47.3013], [8.4431, 47.3013], [8.4431, 47.3012], [8.4432, 47.3011], [8.4432, 47.301], [8.4433, 47.301], [8.4434, 47.3009], [8.4435, 47.3008], [8.4436, 47.3007], [8.4437, 47.3006], [8.4441, 47.3003], [8.4442, 47.3002], [8.4457, 47.2989], [8.4461, 47.2986], [8.4463, 47.2985], [8.4464, 47.2984], [8.4465, 47.2983], [8.4466, 47.2982], [8.4467, 47.2981], [8.4468, 47.298], [8.4468, 47.2979], [8.4469, 47.2979], [8.447, 47.2978], [8.447, 47.2977], [8.4471, 47.2976], [8.4471, 47.2975], [8.4472, 47.2975], [8.4472, 47.2974], [8.4473, 47.2973], [8.4473, 47.2972], [8.4474, 47.2971], [8.4474, 47.297], [8.4474, 47.2969], [8.4475, 47.2968], [8.4475, 47.2967], [8.4475, 47.2966], [8.4475, 47.2965], [8.4475, 47.2964], [8.4476, 47.2962], [8.4476, 47.2961], [8.4476, 47.2958], [8.4476, 47.2956]], [[8.4429, 47.305], [8.4428, 47.3049], [8.4428, 47.3048], [8.4427, 47.3047], [8.4427, 47.3046], [8.4426, 47.3045], [8.4426, 47.3044], [8.4425, 47.3043], [8.4425, 47.3042], [8.4425, 47.3041], [8.4424, 47.304], [8.4424, 47.3039], [8.4424, 47.3038], [8.4424, 47.3037], [8.4423, 47.3036], [8.4423, 47.3035], [8.4423, 47.3033], [8.4423, 47.3032], [8.4423, 47.3031], [8.4423, 47.303], [8.4423, 47.3029], [8.4423, 47.3028], [8.4424, 47.3027], [8.4424, 47.3026], [8.4424, 47.3025], [8.4424, 47.3024], [8.4424, 47.3023], [8.4425, 47.3023]], [[8.4431, 47.3052], [8.443, 47.3051], [8.4429, 47.305]], [[8.45, 47.3083], [8.4487, 47.3078], [8.4482, 47.3077], [8.4477, 47.3075], [8.4466, 47.3071], [8.4462, 47.307], [8.4458, 47.3069], [8.4457, 47.3069], [8.4455, 47.3068], [8.4453, 47.3067], [8.4452, 47.3067], [8.4451, 47.3066], [8.4449, 47.3066], [8.4448, 47.3065], [8.4447, 47.3064], [8.4445, 47.3064], [8.4444, 47.3063], [8.4443, 47.3063], [8.4442, 47.3062], [8.444, 47.3061], [8.4439, 47.306], [8.4438, 47.3059], [8.4436, 47.3058], [8.4436, 47.3057], [8.4435, 47.3057], [8.4434, 47.3056], [8.4433, 47.3055], [8.4432, 47.3054], [8.4432, 47.3053], [8.4431, 47.3053], [8.4431, 47.3052]], [[8.4619, 47.3172], [8.4622, 47.3172], [8.4622, 47.3173], [8.4624, 47.3173], [8.4626, 47.3173], [8.4627, 47.3174], [8.4629, 47.3174], [8.463, 47.3174], [8.4632, 47.3175], [8.4634, 47.3175], [8.4635, 47.3176], [8.4636, 47.3176], [8.4638, 47.3176], [8.4639, 47.3177], [8.464, 47.3177], [8.4642, 47.3178], [8.4643, 47.3178], [8.4644, 47.3179], [8.4646, 47.3179], [8.4647, 47.318], [8.4648, 47.318], [8.4649, 47.3181], [8.465, 47.3182], [8.4652, 47.3182], [8.4653, 47.3183], [8.4654, 47.3183], [8.4655, 47.3184]], [[8.4656, 47.3185], [8.4657, 47.3186], [8.4659, 47.3187], [8.4661, 47.3189], [8.4662, 47.3191], [8.4664, 47.3193], [8.4666, 47.3195], [8.4667, 47.3196], [8.4668, 47.3198], [8.4669, 47.32], [8.467, 47.3202], [8.4671, 47.3205], [8.4671, 47.3207], [8.4672, 47.3209], [8.4672, 47.3212], [8.4677, 47.3241]], [[8.4677, 47.3241], [8.4677, 47.3245], [8.4678, 47.3248], [8.4678, 47.325], [8.4679, 47.3256], [8.468, 47.3262], [8.4681, 47.3267], [8.4681, 47.3269], [8.4682, 47.3274], [8.4683, 47.3277], [8.4683, 47.3279]], [[8.4683, 47.3279], [8.4683, 47.3281], [8.4683, 47.3284], [8.4683, 47.3287]], [[8.4683, 47.3287], [8.4682, 47.3292], [8.4682, 47.3294], [8.4681, 47.3297], [8.468, 47.3301], [8.4665, 47.3347]], [[8.4351, 47.3583], [8.4353, 47.3583], [8.4357, 47.3581], [8.4376, 47.3576], [8.439, 47.3571], [8.4395, 47.357], [8.4396, 47.3569], [8.4397, 47.3569], [8.44, 47.3568], [8.4404, 47.3568], [8.4408, 47.3567], [8.4414, 47.3567]], [[8.4333, 47.3594], [8.4335, 47.3593], [8.4336, 47.3591], [8.4339, 47.3589], [8.4342, 47.3587], [8.4345, 47.3586], [8.4349, 47.3584], [8.4351, 47.3583]], [[8.4406, 47.3916], [8.4392, 47.3915], [8.4372, 47.3914], [8.4369, 47.3914], [8.4366, 47.3914], [8.4363, 47.3913], [8.4359, 47.3913], [8.4356, 47.3912], [8.4354, 47.3912], [8.4351, 47.3911], [8.4347, 47.391], [8.4343, 47.3909], [8.434, 47.3908], [8.4336, 47.3906], [8.4333, 47.3905], [8.4331, 47.3904], [8.4329, 47.3902], [8.4326, 47.3901], [8.4324, 47.3899], [8.4321, 47.3897], [8.4319, 47.3896], [8.4317, 47.3894], [8.4315, 47.3892], [8.4312, 47.3889], [8.4309, 47.3885], [8.4306, 47.3882], [8.4305, 47.3878], [8.4301, 47.3871], [8.4299, 47.3866], [8.4298, 47.3863], [8.4297, 47.3861], [8.4296, 47.3859], [8.4295, 47.3857], [8.4294, 47.3852], [8.4294, 47.3849], [8.4293, 47.3846], [8.4293, 47.3842], [8.4293, 47.3838], [8.4294, 47.3836], [8.4294, 47.3833], [8.4294, 47.3831], [8.4295, 47.3828], [8.4296, 47.3826], [8.4296, 47.3823], [8.4298, 47.382], [8.4299, 47.3816], [8.4301, 47.3812], [8.4302, 47.381], [8.4304, 47.3807], [8.4307, 47.3803], [8.4311, 47.3798], [8.4317, 47.3791], [8.432, 47.3787], [8.4322, 47.3784], [8.4325, 47.3781], [8.4326, 47.3778], [8.4328, 47.3775], [8.4329, 47.3772]], [[8.479, 47.3917], [8.4791, 47.3917], [8.4792, 47.3917], [8.4793, 47.3917], [8.4794, 47.3917], [8.4795, 47.3918], [8.4796, 47.3918], [8.4797, 47.3918], [8.4799, 47.3918], [8.4801, 47.3919], [8.4802, 47.3919], [8.4803, 47.3919], [8.4805, 47.3919], [8.4837, 47.3924], [8.4839, 47.3924], [8.484, 47.3924], [8.4842, 47.3925], [8.4844, 47.3925], [8.4846, 47.3925], [8.4847, 47.3925], [8.4849, 47.3925]], [[8.4849, 47.3925], [8.485, 47.3925], [8.4851, 47.3925], [8.4852, 47.3925], [8.4853, 47.3925], [8.4854, 47.3925], [8.4856, 47.3925], [8.4857, 47.3924], [8.4858, 47.3924], [8.486, 47.3924], [8.4863, 47.3924], [8.4865, 47.3923], [8.4866, 47.3923], [8.4867, 47.3923], [8.4869, 47.3923], [8.487, 47.3923], [8.4871, 47.3922], [8.4872, 47.3922], [8.4874, 47.3922]], [[8.4874, 47.3922], [8.4892, 47.3917], [8.4899, 47.3915], [8.4903, 47.3914], [8.4907, 47.3913], [8.491, 47.3912], [8.4914, 47.391]], [[8.4914, 47.391], [8.4919, 47.3909], [8.4922, 47.3908], [8.4927, 47.3907]], [[8.4927, 47.3907], [8.4929, 47.3906], [8.493, 47.3906], [8.4933, 47.3905], [8.4934, 47.3905], [8.4936, 47.3904], [8.4937, 47.3904], [8.4938, 47.3904], [8.4939, 47.3903], [8.494, 47.3903], [8.4942, 47.3903]], [[8.4944, 47.3902], [8.4942, 47.3903]], [[8.4944, 47.3902], [8.4946, 47.3902], [8.4947, 47.3902], [8.4948, 47.3901], [8.4949, 47.3901], [8.4952, 47.39], [8.4956, 47.3899], [8.496, 47.3898], [8.4962, 47.3898], [8.4963, 47.3897], [8.4965, 47.3897], [8.4966, 47.3896], [8.4968, 47.3896], [8.4972, 47.3895]], [[8.4972, 47.3895], [8.4977, 47.3894], [8.4979, 47.3894], [8.498, 47.3894], [8.4982, 47.3894], [8.4983, 47.3893], [8.4986, 47.3893], [8.4989, 47.3893]], [[8.4989, 47.3893], [8.4996, 47.3892], [8.4997, 47.3892], [8.4998, 47.3892], [8.5, 47.3892], [8.5002, 47.3892], [8.5004, 47.3891], [8.5006, 47.3891], [8.5007, 47.389], [8.5008, 47.389], [8.5011, 47.389], [8.5013, 47.3889], [8.5014, 47.3889], [8.5016, 47.3888], [8.5034, 47.3883], [8.5035, 47.3883], [8.5037, 47.3882], [8.5039, 47.3881], [8.5044, 47.388], [8.5048, 47.3879], [8.505, 47.3879], [8.5052, 47.3878], [8.5054, 47.3877], [8.5056, 47.3877], [8.5057, 47.3876], [8.5058, 47.3876], [8.5061, 47.3874], [8.5067, 47.3872], [8.5068, 47.3872], [8.5069, 47.3871], [8.507, 47.3871], [8.5072, 47.387], [8.5083, 47.3866]], [[8.5083, 47.3866], [8.5088, 47.3864], [8.5089, 47.3864], [8.5091, 47.3863], [8.5092, 47.3863], [8.5094, 47.3862], [8.5096, 47.3862], [8.5098, 47.3861], [8.51, 47.3861], [8.5102, 47.386], [8.5103, 47.386], [8.5107, 47.3859]], [[8.512, 47.3856], [8.5118, 47.3856], [8.5117, 47.3857], [8.5116, 47.3857], [8.5113, 47.3858], [8.5112, 47.3858], [8.511, 47.3858], [8.5109, 47.3858], [8.5108, 47.3859], [8.5107, 47.3859]], [[8.512, 47.3856], [8.5137, 47.3852]], [[8.5137, 47.3852], [8.5139, 47.3851], [8.514, 47.3851], [8.5141, 47.385], [8.5142, 47.385], [8.5143, 47.385], [8.515, 47.3848], [8.5152, 47.3848], [8.5153, 47.3848], [8.5155, 47.3847]], [[8.5178, 47.3841], [8.5169, 47.3843], [8.5162, 47.3845], [8.5155, 47.3847]], [[8.5178, 47.3841], [8.5184, 47.3839], [8.5186, 47.3839], [8.5187, 47.3838], [8.5189, 47.3838], [8.519, 47.3837], [8.5191, 47.3837]], [[8.5191, 47.3837], [8.5192, 47.3836], [8.5194, 47.3836], [8.5195, 47.3835], [8.5197, 47.3834], [8.5198, 47.3834], [8.5199, 47.3833], [8.52, 47.3832], [8.5202, 47.3831], [8.5203, 47.383], [8.5204, 47.383], [8.5205, 47.3829], [8.5206, 47.3828], [8.5208, 47.3826], [8.521, 47.3825], [8.5212, 47.3823], [8.5214, 47.3822], [8.5215, 47.3821], [8.5218, 47.3819], [8.522, 47.3818], [8.5222, 47.3817], [8.5224, 47.3816], [8.5226, 47.3815], [8.5228, 47.3815], [8.5229, 47.3814], [8.523, 47.3814], [8.5231, 47.3813], [8.5233, 47.3813], [8.5234, 47.3813], [8.5236, 47.3813], [8.5237, 47.3812], [8.524, 47.3812], [8.5241, 47.3812], [8.5242, 47.3812], [8.5244, 47.3811], [8.5245, 47.3811]], [[8.5265, 47.3812], [8.5264, 47.3812], [8.5262, 47.3812], [8.5259, 47.3812], [8.5255, 47.3812], [8.5251, 47.3811], [8.5248, 47.3811], [8.5247, 47.3811], [8.5246, 47.3811], [8.5245, 47.3811]], [[8.5284, 47.3809], [8.5279, 47.381], [8.5277, 47.381], [8.5276, 47.3811], [8.5275, 47.3811], [8.5273, 47.3811], [8.5272, 47.3811], [8.5271, 47.3811], [8.527, 47.3812], [8.5269, 47.3812], [8.5268, 47.3812], [8.5266, 47.3812], [8.5265, 47.3812]], [[8.5284, 47.3809], [8.5285, 47.3808]], [[8.5285, 47.3808], [8.5292, 47.3806], [8.5294, 47.3806], [8.5297, 47.3805]], [[8.5297, 47.3805], [8.53, 47.3804], [8.5302, 47.3803], [8.5305, 47.3802], [8.5307, 47.3802], [8.5309, 47.3801], [8.5313, 47.38], [8.5317, 47.3799]], [[8.5317, 47.3799], [8.5322, 47.3797]], [[8.5362, 47.4051], [8.5362, 47.4052]], [[8.5362, 47.4052], [8.5364, 47.4055], [8.5365, 47.4057], [8.5367, 47.4061], [8.5367, 47.4062], [8.5368, 47.4063], [8.5369, 47.4066], [8.537, 47.4067]], [[8.537, 47.4067], [8.5374, 47.4075], [8.5376, 47.4077]], [[8.5376, 47.4077], [8.5376, 47.4078], [8.5377, 47.4079]], [[8.5377, 47.4079], [8.5378, 47.408], [8.5378, 47.4081], [8.5379, 47.4081], [8.538, 47.4082], [8.5381, 47.4083], [8.5382, 47.4084], [8.5383, 47.4086], [8.5384, 47.4087], [8.5386, 47.4088], [8.5386, 47.4089], [8.5387, 47.409]], [[8.5399, 47.4097], [8.5403, 47.4098], [8.5405, 47.4099], [8.5408, 47.41], [8.541, 47.4102], [8.5413, 47.4103], [8.5414, 47.4104], [8.5416, 47.4105], [8.542, 47.4108], [8.5421, 47.4109]], [[8.5421, 47.4109], [8.5423, 47.4109], [8.5424, 47.411], [8.5425, 47.411], [8.5426, 47.4111], [8.5427, 47.4112], [8.5428, 47.4112], [8.5429, 47.4112], [8.5431, 47.4113]], [[8.5431, 47.4113], [8.5434, 47.4114], [8.5445, 47.4118], [8.5455, 47.4122], [8.5459, 47.4123], [8.5463, 47.4124]], [[8.5463, 47.4124], [8.5464, 47.4124], [8.5465, 47.4125], [8.5466, 47.4125], [8.5467, 47.4125], [8.5468, 47.4125], [8.5469, 47.4126]], [[8.5469, 47.4126], [8.547, 47.4126], [8.5471, 47.4126], [8.5472, 47.4126], [8.5474, 47.4127], [8.5475, 47.4127], [8.5476, 47.4127], [8.5477, 47.4127], [8.5479, 47.4127], [8.548, 47.4127], [8.5481, 47.4127], [8.5483, 47.4127], [8.5484, 47.4128], [8.5503, 47.4128]], [[8.5503, 47.4128], [8.5504, 47.4128]], [[8.5526, 47.4128], [8.567, 47.4131]], [[8.567, 47.4131], [8.5674, 47.4131]], [[8.5674, 47.4131], [8.582, 47.4133], [8.5857, 47.4134], [8.5862, 47.4134], [8.5864, 47.4134]], [[8.5864, 47.4134], [8.5867, 47.4134], [8.5869, 47.4134], [8.5871, 47.4134], [8.5873, 47.4134], [8.5874, 47.4134], [8.5876, 47.4133], [8.5878, 47.4133], [8.588, 47.4133], [8.5881, 47.4133], [8.5883, 47.4133], [8.5885, 47.4133], [8.5887, 47.4132], [8.5889, 47.4132], [8.5892, 47.4131], [8.5895, 47.4131], [8.5899, 47.413]], [[8.5899, 47.413], [8.5903, 47.4129], [8.591, 47.4128], [8.5913, 47.4127], [8.5921, 47.4125], [8.5951, 47.4119], [8.597, 47.4114], [8.5974, 47.4113]], [[8.5974, 47.4113], [8.5976, 47.4113]], [[8.5976, 47.4113], [8.598, 47.4112], [8.5982, 47.4111], [8.5984, 47.4111], [8.5989, 47.4109], [8.5995, 47.4108], [8.6001, 47.4106]], [[8.6001, 47.4106], [8.6005, 47.4105]], [[8.6005, 47.4105], [8.601, 47.4104], [8.6013, 47.4104], [8.6014, 47.4103], [8.6016, 47.4103], [8.6017, 47.4103], [8.6018, 47.4102], [8.6019, 47.4102], [8.6021, 47.4101], [8.6023, 47.4101], [8.6024, 47.4101], [8.6025, 47.41]], [[8.6025, 47.41], [8.6027, 47.41], [8.6028, 47.4099], [8.603, 47.4098], [8.6031, 47.4098]], [[8.6031, 47.4098], [8.6033, 47.4097], [8.6035, 47.4096], [8.6037, 47.4095], [8.6039, 47.4094], [8.6041, 47.4093], [8.6043, 47.4092], [8.6045, 47.4091], [8.6047, 47.4089], [8.6049, 47.4088], [8.6052, 47.4086], [8.6053, 47.4085], [8.6055, 47.4083], [8.6057, 47.4081]], [[8.6062, 47.4077], [8.6064, 47.4076], [8.6066, 47.4074], [8.6067, 47.4073], [8.6069, 47.4072], [8.6071, 47.4071], [8.6072, 47.407], [8.6074, 47.4069], [8.6075, 47.4068], [8.6077, 47.4067], [8.6078, 47.4067], [8.6079, 47.4066], [8.608, 47.4066], [8.6081, 47.4065], [8.6083, 47.4064], [8.6085, 47.4063], [8.6087, 47.4062], [8.6091, 47.4061], [8.6092, 47.406], [8.6101, 47.4057], [8.6107, 47.4054], [8.611, 47.4053], [8.6113, 47.4052], [8.6117, 47.405]], [[8.6119, 47.4049], [8.6135, 47.4043]], [[8.6135, 47.4043], [8.6143, 47.404], [8.6149, 47.4037], [8.6171, 47.4028], [8.6176, 47.4026]], [[8.6176, 47.4026], [8.6184, 47.4023]], [[8.6186, 47.4022], [8.6189, 47.4021], [8.6191, 47.402], [8.6192, 47.402], [8.6194, 47.4019], [8.62, 47.4017], [8.6202, 47.4016], [8.6206, 47.4015], [8.6209, 47.4013]], [[8.6209, 47.4013], [8.6212, 47.4012]], [[8.6212, 47.4012], [8.622, 47.4009], [8.6227, 47.4006], [8.6231, 47.4005], [8.6235, 47.4003], [8.6237, 47.4002], [8.6243, 47.4], [8.6248, 47.3998], [8.6253, 47.3995], [8.6259, 47.3993], [8.6263, 47.3991], [8.6271, 47.3988], [8.6276, 47.3986], [8.6282, 47.3983], [8.6303, 47.3974]], [[8.6303, 47.3974], [8.6304, 47.3973], [8.6307, 47.3972], [8.631, 47.3971], [8.6317, 47.3968], [8.6322, 47.3966], [8.6331, 47.3962], [8.6396, 47.3935]], [[8.6396, 47.3935], [8.6398, 47.3935]], [[8.6398, 47.3935], [8.6408, 47.393], [8.6428, 47.3922], [8.6433, 47.392], [8.6438, 47.3918], [8.644, 47.3917], [8.6442, 47.3916], [8.6444, 47.3915], [8.6446, 47.3914], [8.645, 47.3912], [8.6453, 47.3911], [8.6496, 47.3889], [8.6527, 47.3873]], [[8.6527, 47.3873], [8.6528, 47.3873]], [[8.6528, 47.3873], [8.6541, 47.3866], [8.6569, 47.3852], [8.6587, 47.3843], [8.6602, 47.3835], [8.6613, 47.383]], [[8.6613, 47.383], [8.6619, 47.3827]], [[8.6619, 47.3827], [8.6621, 47.3825]], [[8.6621, 47.3825], [8.663, 47.3821], [8.6631, 47.382]], [[8.6632, 47.382], [8.6664, 47.3804], [8.6729, 47.377], [8.6733, 47.3769], [8.6745, 47.3762], [8.6752, 47.3758], [8.6754, 47.3757], [8.6815, 47.3721], [8.6839, 47.3708]], [[8.6841, 47.3706], [8.6839, 47.3708]], [[8.6868, 47.3691], [8.6856, 47.3698], [8.6841, 47.3706]], [[8.6868, 47.3691], [8.6887, 47.368], [8.6887, 47.3679], [8.6901, 47.3672], [8.6915, 47.3663]], [[8.6916, 47.3663], [8.6915, 47.3663]], [[8.6927, 47.3656], [8.6916, 47.3663]], [[8.6927, 47.3656], [8.698, 47.3626], [8.6992, 47.3619], [8.7, 47.3614], [8.7008, 47.3609], [8.7025, 47.3599]], [[8.7025, 47.3599], [8.7029, 47.3597], [8.7031, 47.3596], [8.7032, 47.3595], [8.7036, 47.3593], [8.704, 47.3591], [8.7043, 47.3589], [8.7047, 47.3587], [8.705, 47.3585], [8.7053, 47.3583], [8.7056, 47.3581], [8.7058, 47.358], [8.7063, 47.3577], [8.7069, 47.3573], [8.7076, 47.3569], [8.7079, 47.3567], [8.7083, 47.3565], [8.7095, 47.3558], [8.7113, 47.3548]], [[8.7114, 47.3547], [8.7113, 47.3548]], [[8.7114, 47.3547], [8.7128, 47.3539], [8.7129, 47.3539], [8.7129, 47.3538], [8.7132, 47.3536], [8.7143, 47.353], [8.7153, 47.3524], [8.7158, 47.3521], [8.7177, 47.3511], [8.7195, 47.35], [8.7197, 47.35], [8.7197, 47.3499], [8.7198, 47.3499], [8.7201, 47.3497], [8.7202, 47.3497], [8.7203, 47.3496], [8.7204, 47.3496], [8.7206, 47.3495]], [[8.7231, 47.3485], [8.7226, 47.3486], [8.7222, 47.3488], [8.722, 47.3489], [8.7218, 47.3489], [8.7216, 47.349], [8.7214, 47.3491], [8.7212, 47.3492], [8.7209, 47.3493], [8.7208, 47.3494], [8.7206, 47.3495]], [[8.7619, 47.3381], [8.7621, 47.338], [8.7622, 47.3379], [8.7624, 47.3378], [8.7626, 47.3378], [8.7627, 47.3377], [8.7633, 47.3374], [8.7635, 47.3373], [8.7636, 47.3372], [8.7637, 47.3372], [8.7638, 47.3371], [8.764, 47.337], [8.7641, 47.337], [8.7643, 47.3369]], [[8.7643, 47.3369], [8.7644, 47.3368], [8.7645, 47.3367], [8.7647, 47.3366], [8.7648, 47.3366], [8.765, 47.3365], [8.7651, 47.3364], [8.7653, 47.3363], [8.7655, 47.3361], [8.7662, 47.3357], [8.7664, 47.3355], [8.7665, 47.3354], [8.7666, 47.3353], [8.7667, 47.3353], [8.7669, 47.3352], [8.7671, 47.3351], [8.7672, 47.335], [8.7673, 47.335], [8.7674, 47.3349], [8.7675, 47.3348]], [[8.7709, 47.3334], [8.771, 47.3333], [8.7711, 47.3333], [8.7712, 47.3332], [8.7713, 47.3332], [8.7714, 47.3331], [8.7716, 47.3331], [8.7717, 47.333], [8.7718, 47.3329], [8.7719, 47.3329], [8.772, 47.3328], [8.7721, 47.3327], [8.7722, 47.3327], [8.7723, 47.3326], [8.7724, 47.3325], [8.7726, 47.3324], [8.7727, 47.3323], [8.773, 47.3322], [8.7734, 47.3319]], [[8.7734, 47.3319], [8.7735, 47.3318], [8.7738, 47.3316], [8.7739, 47.3315], [8.774, 47.3315], [8.7741, 47.3314], [8.7742, 47.3314], [8.7743, 47.3313], [8.7744, 47.3313], [8.7745, 47.3312], [8.7746, 47.3312], [8.7748, 47.3311], [8.775, 47.331], [8.7751, 47.3309], [8.7752, 47.3309], [8.7754, 47.3308], [8.7758, 47.3307], [8.7762, 47.3305], [8.7763, 47.3304], [8.7764, 47.3304], [8.7765, 47.3303], [8.7767, 47.3303], [8.7769, 47.3302], [8.777, 47.3301], [8.7771, 47.3301], [8.7772, 47.33], [8.7773, 47.33], [8.7775, 47.3299], [8.7777, 47.3298], [8.7778, 47.3297], [8.7779, 47.3297], [8.778, 47.3296], [8.7781, 47.3295], [8.7782, 47.3294], [8.7783, 47.3294], [8.7784, 47.3293], [8.7785, 47.3292], [8.7786, 47.3291], [8.7787, 47.3291], [8.7788, 47.329], [8.7789, 47.3289], [8.779, 47.3289], [8.7791, 47.3288], [8.7792, 47.3287], [8.7793, 47.3286], [8.7794, 47.3285], [8.7794, 47.3284], [8.7796, 47.3282], [8.78, 47.3279], [8.7801, 47.3277], [8.7802, 47.3276], [8.7803, 47.3275], [8.7805, 47.3274], [8.7806, 47.3273], [8.7807, 47.3272], [8.7808, 47.3271], [8.7809, 47.327], [8.781, 47.327], [8.7811, 47.3269], [8.7812, 47.3268], [8.7814, 47.3266], [8.7815, 47.3266], [8.7816, 47.3265], [8.7817, 47.3264], [8.7819, 47.3263], [8.7821, 47.3262], [8.7824, 47.326], [8.7827, 47.3258], [8.7829, 47.3257], [8.7831, 47.3255], [8.7832, 47.3254], [8.7834, 47.3253], [8.7835, 47.3253], [8.7836, 47.3252], [8.7837, 47.3251], [8.7839, 47.3249], [8.784, 47.3249], [8.7841, 47.3248], [8.7843, 47.3246], [8.7845, 47.3245], [8.7851, 47.3239], [8.7852, 47.3239], [8.7868, 47.3225]], [[8.7868, 47.3225], [8.7875, 47.3219], [8.7879, 47.3215], [8.7881, 47.3213], [8.7884, 47.3211], [8.7891, 47.3205]], [[8.7891, 47.3205], [8.7899, 47.3198]], [[8.7906, 47.3192], [8.7906, 47.3193], [8.7903, 47.3194], [8.7902, 47.3195], [8.7901, 47.3196], [8.79, 47.3197], [8.7899, 47.3198]], [[8.7934, 47.3169], [8.7931, 47.3171], [8.7922, 47.3179], [8.7911, 47.3188], [8.7907, 47.3191], [8.7906, 47.3192]], [[8.7939, 47.3164], [8.7935, 47.3168], [8.7934, 47.3169]], [[8.7957, 47.3142], [8.7952, 47.3149], [8.7951, 47.315], [8.7949, 47.3152], [8.7948, 47.3154], [8.7947, 47.3155], [8.7946, 47.3157], [8.7945, 47.3158], [8.7944, 47.3159], [8.7943, 47.316], [8.7941, 47.3162], [8.7939, 47.3164]], [[8.796, 47.3138], [8.7957, 47.3142]]]}, "properties": {"ref": "S14", "opened_year": 1990, "is_tunnel": false, "segment_count": 259}}, {"type": "Feature", "geometry": {"type": "MultiLineString", "coordinates": [[[8.5431, 47.3765], [8.5413, 47.3771], [8.5412, 47.3771]], [[8.5412, 47.3771], [8.5399, 47.3775], [8.5391, 47.3778], [8.5384, 47.378], [8.5377, 47.3782], [8.5372, 47.3783], [8.5341, 47.3792], [8.5337, 47.3793], [8.5325, 47.3797]], [[8.5325, 47.3797], [8.5343, 47.3792], [8.5368, 47.3785], [8.5372, 47.3784], [8.5379, 47.3782], [8.539, 47.3779], [8.5399, 47.3776], [8.5412, 47.3771]], [[8.5412, 47.3771], [8.5422, 47.3768], [8.5423, 47.3768]]]}, "properties": {"ref": "S14", "opened_year": 1990, "is_tunnel": true, "segment_count": 4}}, {"type": "Feature", "geometry": {"type": "MultiLineString", "coordinates": [[[8.8344, 47.2296], [8.8349, 47.2314], [8.8346, 47.2302], [8.8345, 47.2301], [8.8345, 47.23], [8.8344, 47.2296]], [[8.8527, 47.2609], [8.8532, 47.2607], [8.8535, 47.2606], [8.8538, 47.2606], [8.854, 47.2605], [8.8541, 47.2605], [8.8544, 47.2604], [8.8546, 47.2603], [8.8552, 47.2601], [8.8552, 47.26], [8.8553, 47.26], [8.8555, 47.2599], [8.8556, 47.2598], [8.8557, 47.2598], [8.8558, 47.2597], [8.8559, 47.2597], [8.8561, 47.2596], [8.8564, 47.2593], [8.8565, 47.2593], [8.8562, 47.2595], [8.8559, 47.2597], [8.8558, 47.2598], [8.8556, 47.2599], [8.8552, 47.2601], [8.855, 47.2602], [8.8549, 47.2602], [8.8547, 47.2603], [8.8544, 47.2604], [8.8541, 47.2605], [8.8536, 47.2607], [8.8535, 47.2607], [8.8532, 47.2608], [8.8531, 47.2608], [8.8529, 47.2609], [8.8527, 47.2609]], [[8.7163, 47.3517], [8.7163, 47.3518], [8.7162, 47.3518], [8.7161, 47.3518], [8.7161, 47.3519], [8.717, 47.3514], [8.7178, 47.3509], [8.7191, 47.3502], [8.7193, 47.3501], [8.7194, 47.35], [8.7191, 47.3502], [8.7189, 47.3503], [8.7188, 47.3503], [8.7187, 47.3504], [8.7186, 47.3504], [8.7186, 47.3505], [8.7182, 47.3506], [8.718, 47.3508], [8.7178, 47.351], [8.7177, 47.3509], [8.717, 47.3513], [8.7169, 47.3514], [8.7166, 47.3516], [8.7165, 47.3516], [8.7163, 47.3517]], [[8.5482, 47.3669], [8.5481, 47.367], [8.548, 47.3671], [8.5479, 47.3671], [8.5479, 47.3672], [8.5478, 47.3672], [8.5478, 47.3673], [8.5477, 47.3674], [8.5476, 47.3675], [8.5476, 47.3676], [8.5477, 47.3675], [8.5478, 47.3674], [8.5479, 47.3672], [8.5481, 47.3671], [8.5483, 47.3669], [8.5485, 47.3668], [8.5487, 47.3666], [8.5489, 47.3665], [8.549, 47.3664], [8.5492, 47.3663], [8.5493, 47.3663], [8.5495, 47.3662], [8.5497, 47.3661], [8.55, 47.366], [8.5501, 47.366], [8.5501, 47.3659], [8.5499, 47.3659], [8.5499, 47.366], [8.5498, 47.366], [8.5496, 47.3661], [8.5493, 47.3662], [8.5492, 47.3663], [8.5491, 47.3663], [8.549, 47.3663], [8.5489, 47.3664], [8.5487, 47.3664], [8.5487, 47.3665], [8.5487, 47.3666], [8.5485, 47.3666], [8.5484, 47.3667], [8.5484, 47.3668], [8.5483, 47.3668], [8.5482, 47.3669]], [[8.5153, 47.3857], [8.5156, 47.3856], [8.5159, 47.3855], [8.5162, 47.3854], [8.5166, 47.3853], [8.5169, 47.3853], [8.517, 47.3852], [8.5173, 47.3851], [8.5177, 47.385], [8.5178, 47.385], [8.5185, 47.3848], [8.519, 47.3847], [8.5195, 47.3846], [8.5186, 47.3849], [8.5179, 47.3851], [8.5177, 47.3851], [8.5173, 47.3852], [8.517, 47.3853], [8.5166, 47.3854], [8.5162, 47.3855], [8.516, 47.3856], [8.5156, 47.3856], [8.5153, 47.3857]], [[8.4874, 47.4784], [8.4874, 47.4785], [8.4875, 47.4785], [8.4875, 47.4784], [8.4877, 47.4784], [8.4879, 47.4784], [8.4882, 47.4783], [8.4883, 47.4783], [8.4883, 47.4784], [8.4885, 47.4783], [8.4886, 47.4783], [8.4888, 47.4783], [8.4889, 47.4783], [8.4893, 47.4782], [8.49, 47.4781], [8.4903, 47.478], [8.4906, 47.4779], [8.4909, 47.4779], [8.4912, 47.4778], [8.4916, 47.4777], [8.4913, 47.4778], [8.4911, 47.4778], [8.4908, 47.4779], [8.4906, 47.4779], [8.4905, 47.478], [8.4903, 47.478], [8.49, 47.478], [8.4899, 47.4781], [8.4897, 47.4781], [8.4895, 47.4781], [8.4893, 47.4782], [8.4891, 47.4782], [8.4889, 47.4782], [8.4887, 47.4783], [8.4885, 47.4783], [8.4883, 47.4783], [8.4881, 47.4783], [8.488, 47.4783], [8.4879, 47.4784], [8.4877, 47.4784], [8.4874, 47.4784]], [[8.4484, 47.49], [8.4485, 47.49], [8.4487, 47.4899], [8.4488, 47.4899], [8.449, 47.4898], [8.4492, 47.4898], [8.4493, 47.4897], [8.4494, 47.4897], [8.4496, 47.4896], [8.4495, 47.4896], [8.4494, 47.4897], [8.4493, 47.4897], [8.4492, 47.4897], [8.4492, 47.4898], [8.4491, 47.4898], [8.449, 47.4898], [8.4489, 47.4898], [8.4488, 47.4899], [8.4487, 47.4899], [8.4486, 47.4899], [8.4485, 47.4899], [8.4484, 47.4899], [8.4484, 47.49], [8.4482, 47.49], [8.4481, 47.49], [8.448, 47.49], [8.4479, 47.49], [8.4477, 47.49], [8.4474, 47.49], [8.4474, 47.4901], [8.4473, 47.49], [8.4472, 47.49], [8.4471, 47.49], [8.447, 47.49], [8.4469, 47.49], [8.4468, 47.49], [8.4467, 47.49], [8.4466, 47.49], [8.4465, 47.49], [8.4463, 47.49], [8.4463, 47.4899], [8.4461, 47.4899], [8.4458, 47.4898], [8.4455, 47.4898], [8.4461, 47.4899], [8.4462, 47.49], [8.4463, 47.49], [8.4464, 47.49], [8.4465, 47.49], [8.4466, 47.49], [8.4467, 47.49], [8.4468, 47.49], [8.4469, 47.4901], [8.447, 47.4901], [8.4471, 47.4901], [8.4472, 47.4901], [8.4473, 47.4901], [8.4474, 47.4901], [8.4475, 47.4901], [8.4476, 47.4901], [8.4477, 47.4901], [8.4478, 47.4901], [8.448, 47.49], [8.4482, 47.49], [8.4484, 47.49]], [[8.4134, 47.4975], [8.4096, 47.4985], [8.4095, 47.4985], [8.4134, 47.4975]], [[8.3837, 47.5052], [8.3802, 47.5061], [8.3801, 47.5061], [8.38, 47.5061], [8.3799, 47.5062], [8.3798, 47.5062], [8.3802, 47.5061], [8.3805, 47.506], [8.3807, 47.506], [8.3809, 47.506], [8.381, 47.5059], [8.3812, 47.5058], [8.3837, 47.5052]], [[8.3681, 47.5119], [8.3681, 47.5118], [8.3685, 47.5116], [8.3716, 47.5102], [8.3699, 47.511], [8.3695, 47.5112], [8.3681, 47.5119]], [[8.8147, 47.2243], [8.8148, 47.2243], [8.8149, 47.2243], [8.815, 47.2244], [8.8152, 47.2244], [8.8153, 47.2244], [8.8154, 47.2244], [8.8156, 47.2245], [8.8157, 47.2245], [8.8158, 47.2245], [8.8159, 47.2245], [8.816, 47.2245], [8.8161, 47.2245], [8.8169, 47.2246], [8.8177, 47.2247], [8.8179, 47.2247], [8.8181, 47.2248], [8.8184, 47.2248], [8.8186, 47.2248], [8.8187, 47.2248], [8.8191, 47.2249]], [[8.8191, 47.2249], [8.8208, 47.2251]], [[8.8208, 47.2251], [8.8215, 47.2251]], [[8.8215, 47.2251], [8.8239, 47.2253]], [[8.8239, 47.2253], [8.8243, 47.2254]], [[8.8243, 47.2254], [8.8248, 47.2254], [8.8249, 47.2254], [8.8251, 47.2254], [8.8253, 47.2254], [8.8254, 47.2254], [8.8256, 47.2254], [8.8259, 47.2254], [8.8261, 47.2254], [8.8264, 47.2254], [8.8266, 47.2254]], [[8.8266, 47.2254], [8.8268, 47.2254], [8.827, 47.2254], [8.8272, 47.2254], [8.8274, 47.2254], [8.8276, 47.2255], [8.8278, 47.2255], [8.8279, 47.2255], [8.8281, 47.2255], [8.8283, 47.2256], [8.8285, 47.2256]], [[8.8285, 47.2256], [8.8288, 47.2256]], [[8.8288, 47.2256], [8.8294, 47.2258], [8.8298, 47.2259], [8.8301, 47.226], [8.8302, 47.226], [8.8305, 47.2261], [8.8307, 47.2262], [8.8317, 47.2266], [8.8325, 47.2272], [8.8328, 47.2275]], [[8.8328, 47.2275], [8.833, 47.2276]], [[8.833, 47.2276], [8.8333, 47.2279], [8.8335, 47.2282], [8.8337, 47.2284], [8.8338, 47.2286], [8.834, 47.2289], [8.8342, 47.2292]], [[8.8342, 47.2292], [8.8343, 47.2296]], [[8.8343, 47.2296], [8.8345, 47.2302], [8.835, 47.232]], [[8.835, 47.232], [8.8351, 47.2322]], [[8.8351, 47.2322], [8.8356, 47.2341]], [[8.8356, 47.2341], [8.8358, 47.2347]], [[8.8358, 47.2347], [8.8359, 47.2348]], [[8.8359, 47.2348], [8.8361, 47.2354], [8.8364, 47.2358], [8.8366, 47.236], [8.8368, 47.2363], [8.8371, 47.2365]], [[8.8371, 47.2365], [8.8374, 47.2368]], [[8.8374, 47.2368], [8.8375, 47.2369], [8.8376, 47.237]], [[8.8376, 47.237], [8.8378, 47.2371]], [[8.8378, 47.2371], [8.8382, 47.2374], [8.8386, 47.2377], [8.8395, 47.238], [8.8399, 47.2382], [8.8404, 47.2383], [8.841, 47.2385], [8.8417, 47.2386], [8.8422, 47.2387], [8.8426, 47.2387], [8.843, 47.2388], [8.8434, 47.2388], [8.8493, 47.2391], [8.85, 47.2392], [8.8502, 47.2392], [8.8504, 47.2392], [8.8506, 47.2392], [8.8507, 47.2392], [8.8509, 47.2393], [8.8511, 47.2393], [8.8513, 47.2393], [8.8515, 47.2394], [8.8517, 47.2394], [8.852, 47.2395], [8.8522, 47.2395], [8.8523, 47.2396], [8.8526, 47.2396], [8.8529, 47.2397], [8.8533, 47.2398], [8.8536, 47.24], [8.8542, 47.2402], [8.8546, 47.2403], [8.8548, 47.2404], [8.8549, 47.2404], [8.8553, 47.2406], [8.8554, 47.2406], [8.8556, 47.2407], [8.8559, 47.2409], [8.8562, 47.241], [8.8568, 47.2413], [8.8586, 47.2422], [8.8599, 47.2429]], [[8.8599, 47.2429], [8.8601, 47.243]], [[8.8601, 47.243], [8.8605, 47.2432], [8.8607, 47.2433], [8.8609, 47.2434], [8.8612, 47.2435], [8.8614, 47.2437], [8.8616, 47.2438], [8.8618, 47.244], [8.862, 47.2441], [8.8622, 47.2442], [8.8623, 47.2444], [8.8625, 47.2445], [8.8627, 47.2447], [8.8629, 47.2449], [8.863, 47.245], [8.8631, 47.2451], [8.8632, 47.2453], [8.8633, 47.2454], [8.8634, 47.2456], [8.8635, 47.2458], [8.8636, 47.2459], [8.8636, 47.246], [8.8637, 47.2462], [8.8638, 47.2463], [8.8638, 47.2464], [8.8639, 47.2466], [8.8639, 47.2467], [8.8639, 47.2468], [8.864, 47.247], [8.864, 47.2472], [8.864, 47.2474], [8.864, 47.2475], [8.864, 47.2476], [8.864, 47.2477], [8.864, 47.2478], [8.864, 47.2479], [8.864, 47.248], [8.864, 47.2481], [8.864, 47.2482], [8.864, 47.2484], [8.8639, 47.2485], [8.8639, 47.2486], [8.8639, 47.2487], [8.8638, 47.2489], [8.8638, 47.249], [8.8637, 47.2492], [8.8637, 47.2493], [8.8636, 47.2494], [8.8635, 47.2496], [8.8635, 47.2497], [8.8634, 47.2498], [8.8633, 47.25], [8.8631, 47.2503], [8.8626, 47.251]], [[8.8618, 47.2522], [8.8606, 47.2539], [8.8595, 47.2556]], [[8.8595, 47.2556], [8.8593, 47.2558]], [[8.8593, 47.2558], [8.8586, 47.2569]], [[8.8586, 47.2569], [8.8585, 47.2571], [8.8584, 47.2572]], [[8.8584, 47.2572], [8.8582, 47.2574], [8.8581, 47.2577], [8.858, 47.2578], [8.8579, 47.258], [8.8578, 47.2581], [8.8577, 47.2582], [8.8576, 47.2582], [8.8575, 47.2584]], [[8.8575, 47.2584], [8.8574, 47.2585], [8.8573, 47.2587], [8.8572, 47.2587], [8.8571, 47.2588], [8.8569, 47.259], [8.8568, 47.2591], [8.8567, 47.2592], [8.8565, 47.2593], [8.8564, 47.2594], [8.8563, 47.2594], [8.8562, 47.2595], [8.856, 47.2596], [8.8559, 47.2597], [8.8557, 47.2598], [8.8555, 47.2599], [8.8552, 47.2601], [8.8551, 47.2602], [8.8549, 47.2602], [8.8547, 47.2603], [8.8545, 47.2604], [8.8543, 47.2604], [8.8542, 47.2605], [8.854, 47.2606], [8.8539, 47.2606], [8.8535, 47.2607], [8.8534, 47.2607], [8.8532, 47.2608], [8.853, 47.2608], [8.8529, 47.2609], [8.8526, 47.2609]], [[8.8526, 47.2609], [8.8524, 47.261], [8.8523, 47.261], [8.8522, 47.261]], [[8.8522, 47.261], [8.8512, 47.2612]], [[8.8512, 47.2612], [8.8511, 47.2612], [8.8509, 47.2613], [8.8507, 47.2613], [8.8505, 47.2613], [8.8504, 47.2614], [8.8502, 47.2614], [8.8501, 47.2615], [8.85, 47.2615], [8.8499, 47.2615], [8.8498, 47.2615], [8.8497, 47.2616], [8.8496, 47.2616], [8.8494, 47.2617], [8.8493, 47.2617], [8.8492, 47.2618], [8.849, 47.2618], [8.8489, 47.2619], [8.8487, 47.262], [8.8486, 47.262], [8.8485, 47.2621], [8.8483, 47.2622], [8.8482, 47.2622], [8.848, 47.2623], [8.8478, 47.2624], [8.8472, 47.2628]], [[8.8472, 47.2628], [8.8464, 47.2633], [8.8445, 47.2643], [8.8443, 47.2644], [8.844, 47.2646], [8.8438, 47.2647], [8.8437, 47.2648], [8.8435, 47.2649], [8.8433, 47.2649], [8.8431, 47.265], [8.843, 47.2651], [8.8428, 47.2651], [8.8427, 47.2652], [8.8425, 47.2652], [8.8424, 47.2653], [8.8422, 47.2653], [8.8421, 47.2654], [8.842, 47.2654], [8.8418, 47.2654], [8.8417, 47.2655], [8.8416, 47.2655], [8.8414, 47.2655], [8.8412, 47.2656], [8.841, 47.2656], [8.8409, 47.2656], [8.8407, 47.2657], [8.8406, 47.2657], [8.8404, 47.2657], [8.8403, 47.2657], [8.8401, 47.2657], [8.8399, 47.2658], [8.8396, 47.2658], [8.8393, 47.2658], [8.8358, 47.2661], [8.8342, 47.2663], [8.8326, 47.2664]], [[8.8326, 47.2664], [8.8322, 47.2664]], [[8.8322, 47.2664], [8.8319, 47.2665], [8.8317, 47.2665], [8.8315, 47.2665], [8.8313, 47.2665], [8.8311, 47.2666], [8.8309, 47.2666], [8.8305, 47.2667], [8.8304, 47.2667], [8.8302, 47.2667], [8.83, 47.2668], [8.8299, 47.2668], [8.8297, 47.2668], [8.8296, 47.2669], [8.8294, 47.2669], [8.8293, 47.267], [8.8291, 47.267], [8.8289, 47.2671], [8.8288, 47.2671], [8.8285, 47.2672]], [[8.8285, 47.2672], [8.8283, 47.2673]], [[8.8283, 47.2673], [8.8281, 47.2674], [8.8278, 47.2676], [8.8276, 47.2676], [8.8275, 47.2677], [8.8271, 47.2679], [8.8269, 47.2681], [8.8267, 47.2682], [8.8258, 47.2688], [8.8256, 47.269]], [[8.8256, 47.269], [8.8235, 47.2704], [8.8227, 47.2709], [8.8225, 47.2711], [8.822, 47.2714]], [[8.822, 47.2714], [8.8215, 47.2718], [8.821, 47.2722], [8.8206, 47.2724], [8.8203, 47.2726]], [[8.8203, 47.2726], [8.8201, 47.2728], [8.8199, 47.2729], [8.8197, 47.2731]], [[8.8197, 47.2731], [8.8196, 47.2732]], [[8.8196, 47.2732], [8.8194, 47.2733], [8.8193, 47.2735], [8.8191, 47.2736], [8.819, 47.2738], [8.8188, 47.2739], [8.8187, 47.2742], [8.8185, 47.2744], [8.8184, 47.2745], [8.8184, 47.2747], [8.8183, 47.2748], [8.8182, 47.2749], [8.8182, 47.2751], [8.8181, 47.2753], [8.8179, 47.2758], [8.8174, 47.2774]], [[8.8149, 47.2868], [8.8147, 47.2842], [8.8146, 47.2839], [8.8146, 47.2837], [8.8146, 47.2835], [8.8146, 47.2833], [8.8146, 47.2832], [8.8147, 47.2829], [8.8147, 47.2827], [8.8147, 47.2825], [8.8148, 47.2824], [8.8149, 47.2821], [8.815, 47.2819], [8.8151, 47.2817], [8.8152, 47.2815], [8.8155, 47.2811], [8.816, 47.2804], [8.8165, 47.2797], [8.8167, 47.2794], [8.817, 47.2788], [8.8174, 47.2774]], [[8.8149, 47.287], [8.8149, 47.2868]], [[8.7979, 47.3111], [8.7985, 47.3103], [8.7988, 47.3099], [8.7991, 47.3096], [8.7994, 47.3091], [8.8044, 47.3019], [8.8058, 47.2999], [8.806, 47.2996], [8.8061, 47.2994], [8.8062, 47.2994], [8.8062, 47.2993], [8.8063, 47.2992], [8.8065, 47.299], [8.8067, 47.2988], [8.8067, 47.2987], [8.8069, 47.2985], [8.8072, 47.2982], [8.8108, 47.2945], [8.8135, 47.2918], [8.8136, 47.2916], [8.8138, 47.2915], [8.8139, 47.2914], [8.814, 47.2913], [8.814, 47.2912], [8.8141, 47.2911], [8.8142, 47.291], [8.8143, 47.2909], [8.8143, 47.2908], [8.8144, 47.2907], [8.8144, 47.2906], [8.8145, 47.2905], [8.8146, 47.2904], [8.8147, 47.2902], [8.8147, 47.29], [8.8148, 47.2899], [8.8148, 47.2897], [8.8149, 47.2896], [8.8149, 47.2894], [8.815, 47.2893], [8.815, 47.2891], [8.815, 47.2889], [8.815, 47.2888], [8.815, 47.2886], [8.815, 47.2885], [8.815, 47.2883], [8.815, 47.2881], [8.815, 47.2878], [8.8149, 47.287]], [[8.7967, 47.3128], [8.7975, 47.3118], [8.7979, 47.3111]], [[8.7962, 47.3135], [8.7963, 47.3133], [8.7967, 47.3128]], [[8.7962, 47.3135], [8.7959, 47.3138], [8.7958, 47.314], [8.7956, 47.3142], [8.7954, 47.3144], [8.7952, 47.3147], [8.7948, 47.3151], [8.7947, 47.3152], [8.7946, 47.3154], [8.7944, 47.3155], [8.7943, 47.3157], [8.7942, 47.3158], [8.7941, 47.3159], [8.7939, 47.3161]], [[8.7939, 47.3161], [8.7937, 47.3163], [8.7935, 47.3164], [8.7933, 47.3166], [8.7931, 47.3167], [8.7928, 47.317], [8.7924, 47.3173], [8.7919, 47.3177], [8.7915, 47.3181], [8.7913, 47.3182], [8.7912, 47.3184], [8.7909, 47.3187]], [[8.7909, 47.3187], [8.7908, 47.3188], [8.7906, 47.319], [8.7903, 47.3193], [8.7898, 47.3197]], [[8.7898, 47.3198], [8.7898, 47.3197]], [[8.7898, 47.3198], [8.7896, 47.32], [8.7895, 47.3201], [8.789, 47.3205], [8.7884, 47.321], [8.7883, 47.3211]], [[8.7883, 47.3211], [8.7883, 47.3212], [8.7881, 47.3213], [8.7879, 47.3215], [8.7875, 47.3218], [8.7868, 47.3225]], [[8.7868, 47.3225], [8.7851, 47.3239], [8.7844, 47.3245], [8.7842, 47.3246], [8.7841, 47.3247], [8.784, 47.3248], [8.7839, 47.3249], [8.7837, 47.325], [8.7835, 47.3252], [8.7834, 47.3252], [8.7833, 47.3253], [8.7832, 47.3254], [8.7831, 47.3255], [8.7829, 47.3256], [8.7827, 47.3258], [8.7824, 47.3259], [8.782, 47.3262], [8.7818, 47.3263], [8.7817, 47.3264], [8.7816, 47.3265], [8.7815, 47.3265], [8.7813, 47.3266], [8.7812, 47.3267], [8.781, 47.3269], [8.7809, 47.3269], [8.7808, 47.327], [8.7807, 47.3271], [8.7806, 47.3272], [8.7805, 47.3273], [8.7804, 47.3274], [8.7803, 47.3275], [8.7802, 47.3276], [8.7801, 47.3277], [8.78, 47.3278], [8.7799, 47.3279], [8.7796, 47.3282], [8.7794, 47.3284], [8.7793, 47.3285], [8.7792, 47.3286], [8.7791, 47.3287], [8.779, 47.3288], [8.7789, 47.3289], [8.7788, 47.329], [8.7787, 47.329], [8.7786, 47.3291], [8.7785, 47.3292], [8.7784, 47.3293], [8.7783, 47.3294], [8.7782, 47.3294], [8.7781, 47.3295], [8.778, 47.3296], [8.7779, 47.3296], [8.7777, 47.3297], [8.7776, 47.3298], [8.7775, 47.3298], [8.7774, 47.3299], [8.7773, 47.3299], [8.7772, 47.33], [8.7771, 47.3301], [8.7769, 47.3301], [8.7768, 47.3302], [8.7767, 47.3302], [8.7765, 47.3303], [8.7764, 47.3304], [8.7763, 47.3304], [8.7762, 47.3305], [8.776, 47.3305], [8.7758, 47.3306], [8.7754, 47.3308], [8.7752, 47.3308], [8.7751, 47.3309], [8.7749, 47.331], [8.7747, 47.3311], [8.7746, 47.3311], [8.7745, 47.3312], [8.7744, 47.3312], [8.7743, 47.3313], [8.7742, 47.3313], [8.7741, 47.3314], [8.774, 47.3314], [8.7739, 47.3315], [8.7738, 47.3316], [8.7735, 47.3317]], [[8.7735, 47.3317], [8.7733, 47.3319], [8.7732, 47.3319], [8.7729, 47.3321], [8.7727, 47.3323], [8.7725, 47.3324], [8.7724, 47.3325], [8.7723, 47.3326], [8.7722, 47.3326], [8.7721, 47.3327], [8.772, 47.3328], [8.7719, 47.3328], [8.7718, 47.3329], [8.7717, 47.333], [8.7715, 47.333], [8.7714, 47.3331], [8.7713, 47.3332], [8.7712, 47.3332], [8.7711, 47.3333], [8.771, 47.3333], [8.7709, 47.3334]], [[8.7674, 47.3348], [8.7673, 47.3349], [8.7672, 47.3349], [8.7671, 47.335], [8.767, 47.3351], [8.7668, 47.3351], [8.7666, 47.3352], [8.7664, 47.3353], [8.7663, 47.3355], [8.7661, 47.3356], [8.7659, 47.3357], [8.7657, 47.3358], [8.7654, 47.336], [8.7652, 47.3362], [8.7649, 47.3364], [8.7647, 47.3365], [8.7646, 47.3366], [8.7645, 47.3367], [8.7643, 47.3367], [8.7643, 47.3368], [8.7642, 47.3368]], [[8.7642, 47.3368], [8.7641, 47.3369], [8.7639, 47.337], [8.7638, 47.337], [8.7637, 47.3371], [8.7636, 47.3372], [8.7635, 47.3372], [8.7619, 47.3381]], [[8.7619, 47.3381], [8.7611, 47.3385], [8.761, 47.3386], [8.7608, 47.3387], [8.7607, 47.3388], [8.7605, 47.3389], [8.7604, 47.339], [8.7602, 47.339], [8.7601, 47.3391], [8.76, 47.3391], [8.7598, 47.3392], [8.7597, 47.3392], [8.7596, 47.3393], [8.7594, 47.3394], [8.7593, 47.3394], [8.7592, 47.3394], [8.7591, 47.3395], [8.7589, 47.3395], [8.7585, 47.3396], [8.7578, 47.3398]], [[8.7578, 47.3398], [8.7577, 47.3398]], [[8.7577, 47.3398], [8.7574, 47.3399], [8.7569, 47.3399], [8.7563, 47.34], [8.7552, 47.34], [8.7551, 47.3401], [8.7549, 47.3401], [8.7548, 47.3401], [8.7546, 47.3401], [8.7544, 47.3401], [8.7542, 47.3401], [8.754, 47.3402], [8.7538, 47.3402], [8.7536, 47.3402], [8.7534, 47.3402], [8.7532, 47.3403], [8.753, 47.3403], [8.7528, 47.3403], [8.7527, 47.3404], [8.7525, 47.3404], [8.7524, 47.3404], [8.7522, 47.3405], [8.7521, 47.3405], [8.7519, 47.3405], [8.7517, 47.3406], [8.7515, 47.3406], [8.7514, 47.3407], [8.7512, 47.3407], [8.751, 47.3408], [8.7507, 47.3409], [8.7505, 47.3409], [8.7503, 47.341], [8.7501, 47.3411], [8.7499, 47.3411], [8.7497, 47.3412], [8.7495, 47.3413], [8.7494, 47.3413], [8.7492, 47.3414], [8.7489, 47.3415], [8.7488, 47.3415], [8.7486, 47.3416], [8.7484, 47.3417], [8.7482, 47.3418], [8.748, 47.3418], [8.7478, 47.3419], [8.7476, 47.342], [8.7474, 47.3421], [8.7472, 47.3421], [8.7463, 47.3425], [8.7458, 47.3428], [8.7451, 47.3431], [8.7444, 47.3434]], [[8.7444, 47.3434], [8.7433, 47.3439], [8.7418, 47.3446], [8.7416, 47.3447], [8.7413, 47.3448], [8.7412, 47.3449], [8.741, 47.3449], [8.7409, 47.345], [8.7407, 47.3451], [8.7405, 47.3451], [8.7403, 47.3452], [8.7402, 47.3452], [8.7401, 47.3453], [8.74, 47.3453], [8.7399, 47.3453], [8.7398, 47.3453], [8.7397, 47.3454], [8.7396, 47.3454], [8.7395, 47.3454], [8.7393, 47.3455], [8.7391, 47.3455], [8.739, 47.3455], [8.7388, 47.3456], [8.7386, 47.3456], [8.7385, 47.3456], [8.7384, 47.3456], [8.7383, 47.3456], [8.7382, 47.3456], [8.738, 47.3456], [8.7378, 47.3457]], [[8.7378, 47.3457], [8.7375, 47.3457]], [[8.7375, 47.3457], [8.7373, 47.3457], [8.7371, 47.3457], [8.737, 47.3457], [8.7361, 47.3458], [8.7335, 47.346], [8.7321, 47.3461], [8.7319, 47.3461], [8.7318, 47.3461], [8.7316, 47.3461], [8.7314, 47.3461], [8.7313, 47.3461], [8.7312, 47.3462], [8.731, 47.3462], [8.7308, 47.3462], [8.7307, 47.3462], [8.7305, 47.3463], [8.7304, 47.3463], [8.7302, 47.3463], [8.73, 47.3463], [8.7297, 47.3464], [8.7294, 47.3465], [8.7292, 47.3465], [8.7291, 47.3465], [8.7289, 47.3466], [8.7288, 47.3466], [8.7287, 47.3467], [8.7285, 47.3467], [8.7283, 47.3468], [8.7281, 47.3468], [8.7279, 47.3469], [8.7275, 47.347], [8.7272, 47.3471], [8.727, 47.3472], [8.7269, 47.3472], [8.7242, 47.3481], [8.7237, 47.3483], [8.7231, 47.3485]], [[8.7231, 47.3485], [8.7225, 47.3487], [8.7222, 47.3488], [8.7219, 47.3489], [8.7218, 47.3489], [8.7217, 47.3489], [8.7216, 47.349], [8.7214, 47.3491], [8.7212, 47.3491], [8.7211, 47.3492], [8.7209, 47.3493], [8.7207, 47.3494], [8.7205, 47.3494], [8.7204, 47.3495], [8.7203, 47.3496], [8.7201, 47.3496], [8.72, 47.3497], [8.7198, 47.3498], [8.7197, 47.3499], [8.7196, 47.3499], [8.7195, 47.35], [8.7177, 47.351], [8.7158, 47.3521], [8.7153, 47.3524], [8.7143, 47.353], [8.714, 47.3532], [8.7129, 47.3538], [8.7128, 47.3538], [8.7103, 47.3553]], [[8.7103, 47.3553], [8.7095, 47.3558], [8.7082, 47.3565], [8.7079, 47.3567], [8.7075, 47.3569], [8.7069, 47.3573], [8.7063, 47.3576], [8.7058, 47.358], [8.7055, 47.3581], [8.7053, 47.3583], [8.705, 47.3585], [8.7047, 47.3586], [8.7043, 47.3588], [8.704, 47.3591], [8.7036, 47.3593], [8.7032, 47.3595], [8.703, 47.3596], [8.7025, 47.3599]], [[8.7025, 47.3599], [8.7008, 47.3609], [8.7, 47.3614], [8.6991, 47.3619], [8.698, 47.3625], [8.6927, 47.3656]], [[8.6927, 47.3656], [8.6915, 47.3663]], [[8.6915, 47.3663], [8.69, 47.3671], [8.6887, 47.3679], [8.6886, 47.3679], [8.6867, 47.3691]], [[8.6867, 47.3691], [8.6856, 47.3697], [8.6841, 47.3706]], [[8.6841, 47.3706], [8.6839, 47.3707]], [[8.6839, 47.3707], [8.6815, 47.3721], [8.6754, 47.3757], [8.6752, 47.3758], [8.6744, 47.3762], [8.6733, 47.3768], [8.6729, 47.377], [8.6664, 47.3803], [8.6632, 47.382]], [[8.6632, 47.382], [8.6631, 47.382]], [[8.6631, 47.382], [8.663, 47.382]], [[8.663, 47.382], [8.6623, 47.3824], [8.662, 47.3826], [8.6617, 47.3827], [8.6608, 47.3831]], [[8.6608, 47.3831], [8.6601, 47.3835], [8.6595, 47.3838], [8.6587, 47.3842], [8.6582, 47.3844], [8.6578, 47.3846], [8.6568, 47.3851], [8.6566, 47.3853], [8.6553, 47.3859], [8.6541, 47.3866], [8.6529, 47.3872], [8.6517, 47.3878]], [[8.6517, 47.3878], [8.651, 47.3881], [8.6506, 47.3883], [8.6496, 47.3889], [8.6453, 47.391], [8.645, 47.3912], [8.6446, 47.3914], [8.6444, 47.3915], [8.6442, 47.3916], [8.644, 47.3917], [8.6437, 47.3918], [8.6433, 47.392], [8.6428, 47.3922], [8.6408, 47.393], [8.6398, 47.3934]], [[8.6398, 47.3934], [8.6395, 47.3935]], [[8.6395, 47.3935], [8.6331, 47.3962], [8.6322, 47.3965], [8.6317, 47.3968], [8.6314, 47.3968], [8.631, 47.397], [8.6292, 47.3978]], [[8.6292, 47.3978], [8.6283, 47.3982]], [[8.6283, 47.3982], [8.6278, 47.3984], [8.6272, 47.3987], [8.6267, 47.3989], [8.6263, 47.3991], [8.6248, 47.3997], [8.6234, 47.4002], [8.6227, 47.4005], [8.6223, 47.4007], [8.6221, 47.4008], [8.6219, 47.4008], [8.6217, 47.4009], [8.6215, 47.401], [8.6211, 47.4012]], [[8.6211, 47.4012], [8.6208, 47.4013]], [[8.6208, 47.4013], [8.6205, 47.4014], [8.6202, 47.4015], [8.6195, 47.4018], [8.6188, 47.4021]], [[8.6188, 47.4021], [8.6187, 47.4021]], [[8.6187, 47.4021], [8.6186, 47.4022]], [[8.6186, 47.4022], [8.6184, 47.4023]], [[8.6184, 47.4023], [8.6171, 47.4028], [8.6149, 47.4037], [8.6143, 47.4039], [8.6135, 47.4043]], [[8.6135, 47.4043], [8.613, 47.4044], [8.6127, 47.4046], [8.6124, 47.4047], [8.6119, 47.4049]], [[8.6119, 47.4049], [8.6116, 47.4049]], [[8.6116, 47.4049], [8.6114, 47.405], [8.6112, 47.4051], [8.611, 47.4051], [8.6109, 47.4052], [8.6108, 47.4052], [8.6106, 47.4052], [8.6104, 47.4053], [8.6103, 47.4053], [8.6101, 47.4053], [8.6099, 47.4054]], [[8.6099, 47.4054], [8.6098, 47.4054], [8.6096, 47.4054], [8.6095, 47.4054], [8.6094, 47.4054], [8.6093, 47.4054], [8.6091, 47.4054], [8.609, 47.4054], [8.6089, 47.4054], [8.6088, 47.4054], [8.6087, 47.4054], [8.6086, 47.4054], [8.6085, 47.4054], [8.6084, 47.4054], [8.6083, 47.4054], [8.6082, 47.4054], [8.6081, 47.4054], [8.608, 47.4054], [8.6079, 47.4054], [8.6078, 47.4054], [8.6077, 47.4054], [8.6075, 47.4053], [8.6074, 47.4053], [8.6073, 47.4053], [8.6072, 47.4053], [8.6071, 47.4053], [8.607, 47.4052], [8.6069, 47.4052], [8.6068, 47.4052], [8.6067, 47.4052], [8.6066, 47.4051], [8.6065, 47.4051], [8.6064, 47.4051], [8.6063, 47.4051], [8.6061, 47.405], [8.606, 47.4049], [8.6059, 47.4049], [8.6057, 47.4048], [8.6056, 47.4048], [8.6054, 47.4047], [8.6052, 47.4046], [8.605, 47.4045], [8.6048, 47.4045]], [[8.6048, 47.4045], [8.6042, 47.4042], [8.6026, 47.4033], [8.6017, 47.4029], [8.601, 47.4025], [8.6005, 47.4022]], [[8.6005, 47.4022], [8.6003, 47.4022], [8.6002, 47.4021], [8.6001, 47.402], [8.6, 47.4019], [8.5998, 47.4019], [8.5997, 47.4018]], [[8.5997, 47.4018], [8.5996, 47.4017], [8.5994, 47.4015], [8.5992, 47.4014], [8.599, 47.4012], [8.5989, 47.4011], [8.5988, 47.401], [8.5987, 47.4009], [8.5985, 47.4007], [8.5984, 47.4006], [8.5981, 47.4003]], [[8.5981, 47.4003], [8.5979, 47.4], [8.5977, 47.3997], [8.5974, 47.3994], [8.5972, 47.399]], [[8.5972, 47.399], [8.5971, 47.3988], [8.597, 47.3987]], [[8.597, 47.3987], [8.5968, 47.3984], [8.5967, 47.3981]], [[8.5501, 47.366], [8.5499, 47.366], [8.5497, 47.3661], [8.5495, 47.3662], [8.5493, 47.3663], [8.5492, 47.3664], [8.549, 47.3665], [8.5489, 47.3665], [8.5487, 47.3667], [8.5485, 47.3667], [8.5484, 47.3669], [8.5482, 47.367], [8.5481, 47.3671], [8.548, 47.3672], [8.5479, 47.3673], [8.5478, 47.3674], [8.5477, 47.3675], [8.5477, 47.3676]], [[8.5323, 47.3805], [8.5313, 47.3808], [8.531, 47.3809], [8.5307, 47.381], [8.5305, 47.381]], [[8.5305, 47.381], [8.5299, 47.3811], [8.5296, 47.3812], [8.5293, 47.3812], [8.5291, 47.3813], [8.5289, 47.3813], [8.5287, 47.3814], [8.5286, 47.3814], [8.5285, 47.3814]], [[8.5285, 47.3814], [8.5283, 47.3815], [8.5282, 47.3815], [8.5281, 47.3816], [8.528, 47.3816]], [[8.528, 47.3816], [8.5279, 47.3817], [8.5278, 47.3817], [8.5276, 47.3818], [8.5275, 47.3818], [8.5274, 47.3819], [8.5272, 47.382], [8.5271, 47.382], [8.5267, 47.3823], [8.5266, 47.3823], [8.5263, 47.3824], [8.526, 47.3826], [8.5258, 47.3827], [8.5257, 47.3828], [8.5254, 47.3829], [8.5253, 47.3829], [8.5251, 47.383], [8.5249, 47.3831], [8.5248, 47.3831], [8.5246, 47.3832], [8.5243, 47.3833], [8.5241, 47.3833], [8.5238, 47.3834], [8.5235, 47.3835], [8.523, 47.3837], [8.5226, 47.3838]], [[8.5226, 47.3838], [8.5209, 47.3842]], [[8.5209, 47.3842], [8.5206, 47.3843], [8.5204, 47.3843], [8.5202, 47.3844], [8.5201, 47.3844], [8.5199, 47.3845], [8.5193, 47.3846], [8.5189, 47.3847], [8.5174, 47.3851]], [[8.5174, 47.3851], [8.5159, 47.3855], [8.5153, 47.3857], [8.5152, 47.3857], [8.5148, 47.3858], [8.5146, 47.3859], [8.5141, 47.386]], [[8.5141, 47.386], [8.5139, 47.386], [8.5137, 47.3861], [8.5135, 47.3862], [8.5133, 47.3862], [8.5132, 47.3863], [8.513, 47.3864], [8.5129, 47.3864], [8.5127, 47.3865], [8.5126, 47.3865], [8.5125, 47.3866], [8.5124, 47.3866], [8.5123, 47.3867], [8.5122, 47.3868], [8.5121, 47.3868], [8.512, 47.3869], [8.5119, 47.3869], [8.5118, 47.387], [8.5117, 47.3871], [8.5116, 47.3872], [8.5115, 47.3873], [8.5114, 47.3874], [8.5113, 47.3875], [8.5112, 47.3876], [8.5111, 47.3877], [8.5111, 47.3878], [8.511, 47.3879], [8.5109, 47.388], [8.5109, 47.3881], [8.5108, 47.3882], [8.5108, 47.3883], [8.5108, 47.3884], [8.5107, 47.3885], [8.5107, 47.3886], [8.5107, 47.3887], [8.5106, 47.3888], [8.5106, 47.3889], [8.5106, 47.389], [8.5106, 47.3891], [8.5106, 47.3892], [8.5106, 47.3893], [8.5106, 47.3894], [8.5106, 47.3895], [8.5106, 47.3896], [8.5107, 47.3897], [8.5107, 47.3898], [8.5107, 47.3899], [8.5107, 47.39], [8.5108, 47.3901], [8.5108, 47.3902], [8.5109, 47.3904], [8.5109, 47.3905], [8.511, 47.3906], [8.5111, 47.3908], [8.5112, 47.3911], [8.5113, 47.3913], [8.5114, 47.3915]], [[8.5114, 47.3915], [8.5118, 47.3922], [8.5123, 47.3932]], [[8.5123, 47.3932], [8.5128, 47.394], [8.513, 47.3943], [8.5133, 47.3948], [8.5133, 47.395]], [[8.5133, 47.395], [8.5135, 47.3952]], [[8.5359, 47.4053], [8.536, 47.4054], [8.5361, 47.4056], [8.5362, 47.4057], [8.5363, 47.4059], [8.5364, 47.4059], [8.5365, 47.4062], [8.5366, 47.4064], [8.5368, 47.4067]], [[8.5368, 47.4067], [8.5369, 47.4068]], [[8.5369, 47.4068], [8.5371, 47.4072], [8.5373, 47.4077], [8.5375, 47.4079], [8.5376, 47.408], [8.5376, 47.4081], [8.5377, 47.4083], [8.5378, 47.4084]], [[8.5378, 47.4084], [8.5382, 47.4088], [8.5384, 47.409], [8.5387, 47.4092], [8.5389, 47.4094]], [[8.54, 47.4101], [8.5397, 47.4099], [8.5394, 47.4097], [8.5392, 47.4096], [8.5389, 47.4094]], [[8.5401, 47.4101], [8.54, 47.4101]], [[8.5461, 47.4129], [8.5459, 47.4128], [8.5457, 47.4127], [8.5456, 47.4126], [8.5455, 47.4126], [8.5454, 47.4125], [8.5451, 47.4124], [8.5442, 47.4121], [8.5437, 47.412], [8.5436, 47.4119], [8.5434, 47.4118], [8.5433, 47.4118], [8.5432, 47.4117], [8.543, 47.4117], [8.5429, 47.4116], [8.5427, 47.4116], [8.5426, 47.4115], [8.5424, 47.4114], [8.5423, 47.4113], [8.5422, 47.4113], [8.5421, 47.4112], [8.5419, 47.4111], [8.5418, 47.4111], [8.5416, 47.411], [8.5413, 47.4108], [8.5412, 47.4107], [8.541, 47.4106], [8.5408, 47.4105], [8.5407, 47.4104], [8.5401, 47.4101]], [[8.5466, 47.4131], [8.5464, 47.413], [8.5463, 47.413], [8.5463, 47.4129], [8.5461, 47.4129]], [[8.5471, 47.4136], [8.5469, 47.4134], [8.5469, 47.4133], [8.5468, 47.4133], [8.5467, 47.4132], [8.5466, 47.4131]], [[8.5473, 47.4138], [8.5471, 47.4136]], [[8.5475, 47.414], [8.5473, 47.4138]], [[8.548, 47.4145], [8.5477, 47.4142], [8.5475, 47.414]], [[8.548, 47.4145], [8.5482, 47.4147]], [[8.5482, 47.4147], [8.5486, 47.4152], [8.5487, 47.4153]], [[8.5487, 47.4153], [8.549, 47.4156], [8.5495, 47.4162]], [[8.5495, 47.4162], [8.5499, 47.4166], [8.5501, 47.4169], [8.5503, 47.4171], [8.5504, 47.4172], [8.5506, 47.4174], [8.5507, 47.4177], [8.5512, 47.4183], [8.5514, 47.4185], [8.5515, 47.4188], [8.5517, 47.419], [8.5519, 47.4192], [8.5521, 47.4196], [8.5526, 47.4205]], [[8.5526, 47.4205], [8.5527, 47.4206], [8.5527, 47.4207], [8.5528, 47.4209], [8.5529, 47.421], [8.5531, 47.4211], [8.5532, 47.4212], [8.5533, 47.4214]], [[8.5533, 47.4214], [8.5534, 47.4215], [8.5549, 47.423], [8.5551, 47.4232]], [[8.5551, 47.4232], [8.5556, 47.4237], [8.5561, 47.4241], [8.5563, 47.4243], [8.5565, 47.4245], [8.5568, 47.4247], [8.557, 47.4249], [8.5572, 47.425], [8.5574, 47.4251], [8.5576, 47.4253], [8.5577, 47.4254], [8.5579, 47.4255], [8.5582, 47.4258], [8.5583, 47.4259], [8.5585, 47.4261], [8.5586, 47.4262], [8.5587, 47.4263]], [[8.5587, 47.4263], [8.5588, 47.4264], [8.5589, 47.4265], [8.559, 47.4266], [8.559, 47.4267], [8.5591, 47.4268], [8.5592, 47.427], [8.5593, 47.4271], [8.5594, 47.4273], [8.5594, 47.4274], [8.5595, 47.4275], [8.5595, 47.4276], [8.5596, 47.4277], [8.5596, 47.4279], [8.5596, 47.428]], [[8.5596, 47.428], [8.5596, 47.4281], [8.5597, 47.4281], [8.5597, 47.4282], [8.5597, 47.4283], [8.5597, 47.4284], [8.5597, 47.4285], [8.5597, 47.4286], [8.5597, 47.4287], [8.5597, 47.4288], [8.5597, 47.4289], [8.5597, 47.429], [8.5597, 47.4291], [8.5597, 47.4292], [8.5596, 47.4293], [8.5596, 47.4294]], [[8.5595, 47.4295], [8.5595, 47.4296]], [[8.5595, 47.4296], [8.5595, 47.4297], [8.5594, 47.4298], [8.5594, 47.4299], [8.5593, 47.4299], [8.5593, 47.43], [8.5592, 47.4301], [8.5592, 47.4302], [8.5591, 47.4302], [8.559, 47.4303], [8.559, 47.4304], [8.5589, 47.4305], [8.5588, 47.4306], [8.5587, 47.4307], [8.5586, 47.4307], [8.5585, 47.4309], [8.5584, 47.431], [8.5583, 47.4311], [8.5581, 47.4312], [8.558, 47.4313], [8.5579, 47.4313], [8.5578, 47.4314], [8.5576, 47.4315], [8.5575, 47.4316], [8.5574, 47.4317], [8.5569, 47.432]], [[8.5569, 47.432], [8.5553, 47.4329], [8.5532, 47.4341]], [[8.5532, 47.4341], [8.553, 47.4343]], [[8.553, 47.4343], [8.5518, 47.4349]], [[8.5518, 47.4349], [8.5517, 47.435]], [[8.5517, 47.435], [8.5508, 47.4356], [8.5503, 47.4359], [8.5499, 47.4361], [8.5495, 47.4364], [8.5492, 47.4366], [8.5488, 47.4369], [8.5484, 47.4372], [8.548, 47.4374], [8.5477, 47.4377], [8.5473, 47.438], [8.5467, 47.4384], [8.5465, 47.4386], [8.5463, 47.4388], [8.5458, 47.4393], [8.5455, 47.4395], [8.5452, 47.4397], [8.5443, 47.4407], [8.5436, 47.4413]], [[8.5436, 47.4413], [8.5433, 47.4417], [8.5431, 47.442], [8.5428, 47.4422], [8.5426, 47.4425], [8.5424, 47.4428], [8.5421, 47.4431], [8.542, 47.4433], [8.5417, 47.4436], [8.5414, 47.444], [8.5412, 47.4443], [8.541, 47.4446], [8.5408, 47.4449], [8.5406, 47.4453], [8.5391, 47.4478], [8.539, 47.448], [8.5389, 47.4482], [8.5387, 47.4484], [8.5386, 47.4485], [8.5385, 47.4487], [8.5384, 47.4489], [8.5382, 47.4491], [8.5381, 47.4493]], [[8.5381, 47.4493], [8.5379, 47.4495], [8.5378, 47.4497], [8.5377, 47.4498], [8.5375, 47.4499], [8.5373, 47.4502], [8.5371, 47.4504]], [[8.5371, 47.4504], [8.5371, 47.4505], [8.5369, 47.4507], [8.5367, 47.4508], [8.5366, 47.451], [8.5364, 47.4512], [8.5362, 47.4513], [8.5361, 47.4514], [8.5359, 47.4516]], [[8.5359, 47.4516], [8.5358, 47.4517]], [[8.5358, 47.4517], [8.5355, 47.452], [8.5353, 47.4522], [8.5351, 47.4524], [8.5349, 47.4525], [8.5346, 47.4528], [8.5344, 47.453], [8.5341, 47.4532], [8.5337, 47.4535], [8.5331, 47.454], [8.5315, 47.4552]], [[8.5315, 47.4552], [8.5314, 47.4553]], [[8.5314, 47.4553], [8.5313, 47.4554], [8.5311, 47.4556], [8.5309, 47.4557], [8.5308, 47.4558], [8.5307, 47.4559], [8.5306, 47.456], [8.5304, 47.456], [8.5304, 47.4561], [8.5303, 47.4561], [8.5301, 47.4562], [8.53, 47.4563], [8.5298, 47.4564], [8.5297, 47.4565], [8.5295, 47.4566], [8.5294, 47.4566], [8.5292, 47.4567], [8.529, 47.4568], [8.5289, 47.4569], [8.5287, 47.4569], [8.5286, 47.457], [8.5284, 47.4571], [8.5283, 47.4571], [8.5281, 47.4572], [8.528, 47.4572], [8.5279, 47.4573], [8.5277, 47.4573], [8.5275, 47.4574], [8.5274, 47.4574], [8.5272, 47.4574], [8.527, 47.4575], [8.5269, 47.4575], [8.5267, 47.4575], [8.5266, 47.4576], [8.5265, 47.4576], [8.5263, 47.4576], [8.5262, 47.4576], [8.526, 47.4577], [8.5259, 47.4577], [8.5256, 47.4577], [8.5254, 47.4578], [8.5252, 47.4578], [8.5246, 47.4579], [8.5243, 47.4579], [8.5242, 47.4579], [8.524, 47.4579], [8.5238, 47.458], [8.5237, 47.458], [8.5235, 47.458], [8.5233, 47.4581], [8.5231, 47.4581], [8.523, 47.4581], [8.5228, 47.4582], [8.5226, 47.4582], [8.5225, 47.4583], [8.5223, 47.4583], [8.5222, 47.4583], [8.5221, 47.4584], [8.5219, 47.4584], [8.5218, 47.4584], [8.5217, 47.4585], [8.5215, 47.4585], [8.5214, 47.4586], [8.5213, 47.4586], [8.5211, 47.4587], [8.521, 47.4587], [8.5209, 47.4588], [8.5208, 47.4588], [8.5206, 47.4589], [8.5205, 47.459], [8.5204, 47.459], [8.5203, 47.4591], [8.5202, 47.4591], [8.5201, 47.4592], [8.52, 47.4592], [8.5199, 47.4593], [8.5197, 47.4594], [8.5196, 47.4595], [8.5195, 47.4595], [8.5194, 47.4596], [8.5193, 47.4597], [8.5192, 47.4597], [8.5191, 47.4598], [8.519, 47.4599], [8.5189, 47.4599], [8.5188, 47.46], [8.5187, 47.4601], [8.5186, 47.4601], [8.5186, 47.4602], [8.5185, 47.4603], [8.5184, 47.4604], [8.5183, 47.4604], [8.5182, 47.4605], [8.5181, 47.4606], [8.518, 47.4607], [8.5179, 47.4609], [8.5177, 47.461], [8.5176, 47.4611], [8.5175, 47.4613], [8.5174, 47.4614], [8.5171, 47.4617], [8.5169, 47.462], [8.5151, 47.4644], [8.5141, 47.4656], [8.5132, 47.4669], [8.5122, 47.468]], [[8.5122, 47.468], [8.5121, 47.4681]], [[8.5121, 47.4681], [8.5102, 47.4705], [8.5099, 47.4708], [8.5096, 47.4712], [8.5094, 47.4715], [8.5092, 47.4717], [8.509, 47.4719], [8.5088, 47.4721], [8.5086, 47.4723]], [[8.5086, 47.4723], [8.5085, 47.4725], [8.5084, 47.4725], [8.5083, 47.4726], [8.5082, 47.4727], [8.5081, 47.4728], [8.5078, 47.473]], [[8.5078, 47.473], [8.5077, 47.4731], [8.5077, 47.4732], [8.5076, 47.4732], [8.5075, 47.4733]], [[8.5075, 47.4733], [8.5074, 47.4734], [8.5072, 47.4735]], [[8.5072, 47.4735], [8.5071, 47.4736], [8.507, 47.4736], [8.5069, 47.4737], [8.5067, 47.4738], [8.5066, 47.4738], [8.5065, 47.4739], [8.5063, 47.4739], [8.5062, 47.474], [8.5061, 47.4741], [8.5059, 47.4741], [8.5058, 47.4741], [8.5057, 47.4742], [8.5055, 47.4743], [8.5054, 47.4743], [8.5052, 47.4744], [8.505, 47.4744], [8.5049, 47.4744], [8.5048, 47.4745], [8.5046, 47.4745], [8.5044, 47.4746], [8.5042, 47.4746], [8.5016, 47.4753], [8.4969, 47.4764], [8.4922, 47.4775], [8.4915, 47.4777], [8.4913, 47.4778], [8.4912, 47.4778], [8.491, 47.4778], [8.4908, 47.4779], [8.4906, 47.4779], [8.4904, 47.4779], [8.4902, 47.478], [8.49, 47.478], [8.4899, 47.4781], [8.4897, 47.4781], [8.4896, 47.4781], [8.4894, 47.4781], [8.4893, 47.4782], [8.4892, 47.4782], [8.489, 47.4782], [8.4888, 47.4782], [8.4886, 47.4783], [8.4885, 47.4783], [8.4884, 47.4783], [8.4882, 47.4783], [8.4881, 47.4783], [8.4879, 47.4783], [8.4878, 47.4784], [8.4876, 47.4784], [8.4874, 47.4784]], [[8.4874, 47.4784], [8.4872, 47.4784]], [[8.4872, 47.4784], [8.487, 47.4784], [8.4869, 47.4784], [8.4867, 47.4784], [8.4865, 47.4784], [8.4863, 47.4784], [8.4862, 47.4785], [8.486, 47.4785], [8.4857, 47.4785], [8.4855, 47.4785], [8.4853, 47.4785], [8.4851, 47.4784], [8.4849, 47.4784], [8.4848, 47.4784], [8.4846, 47.4784], [8.4844, 47.4784]], [[8.4844, 47.4784], [8.4843, 47.4784]], [[8.4843, 47.4784], [8.4723, 47.4778], [8.4722, 47.4778], [8.4719, 47.4778], [8.4717, 47.4778], [8.4715, 47.4778], [8.4713, 47.4778], [8.4712, 47.4778], [8.471, 47.4778], [8.4709, 47.4778], [8.4707, 47.4778], [8.4705, 47.4778], [8.4704, 47.4778], [8.4702, 47.4778], [8.4701, 47.4778], [8.4699, 47.4778], [8.4697, 47.4779], [8.4695, 47.4779], [8.4694, 47.4779], [8.4692, 47.4779], [8.469, 47.478], [8.4688, 47.478], [8.4686, 47.478], [8.4685, 47.4781], [8.4683, 47.4781], [8.4681, 47.4782], [8.4678, 47.4783], [8.4648, 47.479], [8.4643, 47.4791], [8.4641, 47.4792], [8.464, 47.4793], [8.4638, 47.4793], [8.4635, 47.4794], [8.4633, 47.4795], [8.4632, 47.4795], [8.4629, 47.4796], [8.4628, 47.4797], [8.4626, 47.4798]], [[8.4626, 47.4798], [8.4623, 47.4799], [8.4622, 47.48], [8.4621, 47.48]], [[8.4621, 47.48], [8.462, 47.4801], [8.4619, 47.4801], [8.4618, 47.4802]], [[8.4618, 47.4802], [8.4616, 47.4803], [8.4615, 47.4804], [8.4614, 47.4805], [8.4613, 47.4806], [8.4611, 47.4806], [8.461, 47.4807], [8.4609, 47.4808], [8.4608, 47.4809], [8.4607, 47.4811], [8.4606, 47.4812]], [[8.4606, 47.4812], [8.4604, 47.4814], [8.4603, 47.4815], [8.4602, 47.4816], [8.4601, 47.4818], [8.4597, 47.4823], [8.4589, 47.4833]], [[8.4589, 47.4833], [8.4584, 47.484]], [[8.4584, 47.484], [8.4582, 47.4841], [8.4581, 47.4843], [8.458, 47.4844], [8.4579, 47.4845], [8.4578, 47.4846], [8.4578, 47.4847], [8.4577, 47.4847], [8.4576, 47.4848], [8.4574, 47.4849], [8.4573, 47.485], [8.4572, 47.4851], [8.4571, 47.4852], [8.457, 47.4852], [8.4569, 47.4853], [8.4568, 47.4854], [8.4566, 47.4854], [8.4565, 47.4855], [8.4539, 47.4868]], [[8.4539, 47.4868], [8.4538, 47.4868]], [[8.4538, 47.4868], [8.4532, 47.4871], [8.453, 47.4872], [8.4529, 47.4873], [8.4528, 47.4873], [8.4527, 47.4874], [8.4526, 47.4875], [8.4524, 47.4876], [8.4522, 47.4877], [8.4521, 47.4878], [8.4519, 47.4879], [8.4518, 47.488], [8.4516, 47.4882], [8.4514, 47.4883], [8.4513, 47.4884]], [[8.4513, 47.4884], [8.4511, 47.4886]], [[8.4511, 47.4886], [8.4508, 47.4888], [8.4506, 47.489], [8.4505, 47.4891], [8.4504, 47.4892]], [[8.4504, 47.4892], [8.4502, 47.4893], [8.4501, 47.4893], [8.45, 47.4894], [8.4499, 47.4895], [8.4498, 47.4896], [8.4497, 47.4896], [8.4496, 47.4896], [8.4494, 47.4897], [8.4493, 47.4897], [8.4492, 47.4898], [8.449, 47.4898], [8.4489, 47.4899], [8.4488, 47.4899], [8.4487, 47.4899], [8.4485, 47.49], [8.4484, 47.49], [8.4483, 47.49], [8.4481, 47.49], [8.448, 47.4901]], [[8.448, 47.4901], [8.4479, 47.4901], [8.4478, 47.4901], [8.4477, 47.4901]], [[8.4477, 47.4901], [8.4476, 47.4901], [8.4475, 47.4901], [8.4474, 47.4901], [8.4473, 47.4901], [8.4472, 47.4901], [8.4471, 47.4901], [8.447, 47.4901], [8.4469, 47.4901], [8.4468, 47.4901], [8.4467, 47.4901], [8.4466, 47.49], [8.4465, 47.49], [8.4463, 47.49], [8.4462, 47.49], [8.4461, 47.49], [8.4459, 47.4899], [8.4447, 47.4897]], [[8.4447, 47.4897], [8.4446, 47.4896], [8.4444, 47.4896], [8.4443, 47.4896], [8.4441, 47.4895], [8.444, 47.4895], [8.4439, 47.4895], [8.4437, 47.4895], [8.4436, 47.4895], [8.4435, 47.4895], [8.4433, 47.4895], [8.4432, 47.4894], [8.443, 47.4894], [8.4429, 47.4894], [8.4428, 47.4894], [8.4426, 47.4895], [8.4425, 47.4895], [8.4424, 47.4895], [8.4422, 47.4895], [8.4421, 47.4895], [8.4419, 47.4895], [8.4418, 47.4895], [8.4417, 47.4895], [8.4416, 47.4896], [8.4415, 47.4896], [8.4414, 47.4896], [8.4413, 47.4896], [8.4411, 47.4897], [8.441, 47.4897], [8.4409, 47.4897], [8.4408, 47.4898], [8.4406, 47.4898], [8.4405, 47.4898], [8.4404, 47.4899], [8.4403, 47.4899], [8.4402, 47.49], [8.44, 47.49], [8.4399, 47.4901], [8.4397, 47.4902], [8.4394, 47.4903]], [[8.4394, 47.4903], [8.4388, 47.4906], [8.4356, 47.4922], [8.4354, 47.4923], [8.4352, 47.4924], [8.4351, 47.4925], [8.435, 47.4925], [8.4349, 47.4926], [8.4347, 47.4926], [8.4346, 47.4927], [8.4345, 47.4927], [8.4343, 47.4927], [8.4342, 47.4928], [8.4341, 47.4928], [8.4339, 47.4929], [8.4338, 47.4929], [8.4336, 47.4929], [8.4335, 47.4929], [8.4334, 47.493], [8.4332, 47.493], [8.4331, 47.493], [8.4329, 47.493], [8.4328, 47.4931], [8.4327, 47.4931], [8.4326, 47.4931], [8.429, 47.4935], [8.4288, 47.4935], [8.4287, 47.4935], [8.4285, 47.4935], [8.4283, 47.4935], [8.4282, 47.4936], [8.4281, 47.4936], [8.428, 47.4936], [8.4278, 47.4936], [8.4277, 47.4936], [8.4276, 47.4937], [8.4274, 47.4937], [8.4273, 47.4937], [8.4271, 47.4938], [8.4269, 47.4938], [8.4267, 47.4939], [8.4265, 47.4939], [8.4263, 47.494], [8.4261, 47.494], [8.4259, 47.4941], [8.4253, 47.4943], [8.4247, 47.4945], [8.4245, 47.4946], [8.4243, 47.4946], [8.4242, 47.4947], [8.424, 47.4947], [8.4238, 47.4948], [8.4237, 47.4948], [8.4235, 47.4949], [8.4233, 47.4949], [8.4232, 47.4949], [8.4145, 47.4972]], [[8.4145, 47.4972], [8.4144, 47.4972]], [[8.4144, 47.4972], [8.412, 47.4978], [8.3964, 47.5019], [8.3945, 47.5024], [8.3808, 47.5059], [8.3805, 47.506], [8.3802, 47.5061], [8.38, 47.5061], [8.3799, 47.5062], [8.3798, 47.5062], [8.3795, 47.5063], [8.3794, 47.5063], [8.3793, 47.5063], [8.3791, 47.5064], [8.379, 47.5065], [8.3788, 47.5065], [8.3786, 47.5066], [8.3785, 47.5066]], [[8.3785, 47.5066], [8.3783, 47.5067]], [[8.3783, 47.5067], [8.3781, 47.5068], [8.3779, 47.5068], [8.3776, 47.5069], [8.3774, 47.507], [8.3771, 47.5071], [8.377, 47.5072], [8.3768, 47.5072], [8.3767, 47.5073], [8.3766, 47.5073], [8.3766, 47.5074], [8.3765, 47.5074], [8.3764, 47.5075], [8.3763, 47.5075], [8.3762, 47.5075], [8.3761, 47.5076], [8.376, 47.5077], [8.3759, 47.5077], [8.3756, 47.5079], [8.3755, 47.508], [8.3742, 47.5088], [8.3732, 47.5094]], [[8.3732, 47.5094], [8.3731, 47.5095]], [[8.3731, 47.5095], [8.3729, 47.5095], [8.3728, 47.5096], [8.3727, 47.5096], [8.3726, 47.5097], [8.3725, 47.5097], [8.3724, 47.5098], [8.3722, 47.5099]], [[8.371, 47.5105], [8.3714, 47.5103], [8.3717, 47.5101], [8.3722, 47.5099]], [[8.3681, 47.5118], [8.3694, 47.5112], [8.3707, 47.5106], [8.371, 47.5105]], [[8.5481, 47.3673], [8.5483, 47.3671], [8.5485, 47.3669], [8.5486, 47.3669], [8.5488, 47.3668], [8.5489, 47.3667], [8.5491, 47.3666], [8.5493, 47.3665], [8.5495, 47.3664], [8.5496, 47.3663], [8.5498, 47.3662], [8.5502, 47.3661], [8.5502, 47.366], [8.5501, 47.366], [8.5498, 47.3662], [8.5495, 47.3663], [8.5494, 47.3663], [8.5492, 47.3664], [8.549, 47.3665], [8.5488, 47.3666], [8.5487, 47.3667], [8.5485, 47.3669], [8.5484, 47.3669], [8.5482, 47.3671], [8.5481, 47.3671], [8.548, 47.3672], [8.5479, 47.3674], [8.5478, 47.3676], [8.548, 47.3674], [8.5481, 47.3673]], [[8.8349, 47.232], [8.835, 47.2322], [8.835, 47.2323], [8.8349, 47.2323], [8.835, 47.2323], [8.8342, 47.2296], [8.8342, 47.2295], [8.8344, 47.23], [8.8345, 47.2306], [8.8346, 47.2307], [8.8346, 47.2308], [8.8348, 47.2314], [8.8349, 47.2319], [8.8349, 47.232]], [[8.4618, 47.4802], [8.4617, 47.4803], [8.4616, 47.4804], [8.4615, 47.4804], [8.4615, 47.4805], [8.4614, 47.4805], [8.4613, 47.4806], [8.4612, 47.4807], [8.461, 47.4808], [8.461, 47.4809], [8.4609, 47.481], [8.4608, 47.4811], [8.4607, 47.4812], [8.4606, 47.4813], [8.4605, 47.4814], [8.4598, 47.4824], [8.4595, 47.4827], [8.4594, 47.4828], [8.4593, 47.4829], [8.4592, 47.483], [8.4591, 47.4832], [8.4588, 47.4834], [8.4587, 47.4836], [8.4586, 47.4837], [8.4584, 47.4839], [8.4584, 47.484]], [[8.4621, 47.48], [8.4619, 47.4801], [8.4618, 47.4802]], [[8.4626, 47.4798], [8.4624, 47.4798], [8.4623, 47.4799], [8.4622, 47.48], [8.4621, 47.48]], [[8.5115, 47.4688], [8.5114, 47.4689], [8.5111, 47.4692], [8.511, 47.4693], [8.5108, 47.4695], [8.5105, 47.4699], [8.51, 47.4705], [8.5086, 47.4723], [8.5085, 47.4724], [8.5084, 47.4725], [8.5083, 47.4726], [8.5082, 47.4727], [8.5081, 47.4728], [8.508, 47.4728], [8.5078, 47.473]], [[8.5121, 47.4681], [8.512, 47.4683], [8.5119, 47.4684], [8.5118, 47.4685], [8.5115, 47.4688]], [[8.5129, 47.4672], [8.5128, 47.4674], [8.5127, 47.4675], [8.5125, 47.4677], [8.5124, 47.4678], [8.5124, 47.4679], [8.5122, 47.468]], [[8.5302, 47.4562], [8.5301, 47.4563], [8.5299, 47.4564], [8.5298, 47.4565], [8.5296, 47.4566], [8.5294, 47.4567], [8.5293, 47.4567], [8.5291, 47.4568], [8.5289, 47.4569], [8.5288, 47.457], [8.5287, 47.457], [8.5285, 47.4571], [8.5283, 47.4571], [8.5282, 47.4572], [8.528, 47.4572], [8.5278, 47.4573], [8.5277, 47.4573], [8.5275, 47.4574], [8.5274, 47.4574], [8.5272, 47.4575], [8.527, 47.4575], [8.5269, 47.4576], [8.5267, 47.4576], [8.5266, 47.4576], [8.5264, 47.4576], [8.5262, 47.4577], [8.5261, 47.4577], [8.5259, 47.4577], [8.5257, 47.4578], [8.5255, 47.4578], [8.5254, 47.4578], [8.5252, 47.4578], [8.5246, 47.4579], [8.5243, 47.4579], [8.524, 47.458], [8.5239, 47.458], [8.5237, 47.458], [8.5235, 47.4581], [8.5233, 47.4581], [8.5232, 47.4581], [8.523, 47.4582], [8.5228, 47.4582], [8.5226, 47.4582], [8.5225, 47.4583], [8.5224, 47.4583], [8.5222, 47.4584], [8.522, 47.4584], [8.5218, 47.4585], [8.5217, 47.4585], [8.5216, 47.4586], [8.5214, 47.4586], [8.5213, 47.4587], [8.5212, 47.4587], [8.521, 47.4588], [8.5209, 47.4588], [8.5208, 47.4589], [8.5206, 47.4589], [8.5205, 47.459], [8.5204, 47.459], [8.5203, 47.4591], [8.5202, 47.4592], [8.5201, 47.4592], [8.52, 47.4593], [8.5199, 47.4593], [8.5197, 47.4594], [8.5196, 47.4595], [8.5195, 47.4596], [8.5194, 47.4596], [8.5193, 47.4597], [8.5192, 47.4598], [8.5191, 47.4598], [8.519, 47.4599], [8.5189, 47.46], [8.5188, 47.46], [8.5188, 47.4601], [8.5187, 47.4602], [8.5186, 47.4602], [8.5185, 47.4603], [8.5184, 47.4604], [8.5183, 47.4605], [8.5182, 47.4605], [8.5182, 47.4606], [8.5181, 47.4607], [8.5179, 47.4609], [8.5178, 47.461], [8.5176, 47.4611], [8.5175, 47.4613], [8.5174, 47.4614], [8.5173, 47.4616], [8.5172, 47.4617], [8.517, 47.462], [8.5151, 47.4644], [8.5142, 47.4657], [8.5132, 47.4669], [8.5129, 47.4672]], [[8.5303, 47.4562], [8.5302, 47.4562]], [[8.5358, 47.4518], [8.5356, 47.452], [8.5354, 47.4522], [8.535, 47.4526], [8.5347, 47.4528], [8.5345, 47.453], [8.5339, 47.4535], [8.5336, 47.4538], [8.5334, 47.4539], [8.5332, 47.454], [8.533, 47.4542], [8.5327, 47.4544], [8.5325, 47.4546], [8.5322, 47.4548], [8.5319, 47.455], [8.5316, 47.4553], [8.5314, 47.4554], [8.5312, 47.4556], [8.531, 47.4557], [8.5308, 47.4559], [8.5306, 47.456], [8.5305, 47.4561], [8.5303, 47.4562]], [[8.536, 47.4516], [8.5358, 47.4518]], [[8.538, 47.4495], [8.5378, 47.4497], [8.5376, 47.45], [8.5374, 47.4501], [8.5373, 47.4503], [8.5371, 47.4505], [8.537, 47.4507], [8.5368, 47.4509], [8.5366, 47.451], [8.5364, 47.4512], [8.5363, 47.4513], [8.5362, 47.4514], [8.536, 47.4516]], [[8.5381, 47.4493], [8.538, 47.4495]], [[8.5436, 47.4414], [8.5434, 47.4417], [8.5431, 47.442], [8.5429, 47.4423], [8.5426, 47.4425], [8.5424, 47.4428], [8.5422, 47.4431], [8.542, 47.4433], [8.5418, 47.4436], [8.5415, 47.444], [8.5413, 47.4443], [8.5411, 47.4446], [8.5407, 47.4453], [8.5391, 47.4478], [8.539, 47.448], [8.5389, 47.4482], [8.5388, 47.4484], [8.5387, 47.4486], [8.5385, 47.4487], [8.5384, 47.4489], [8.5383, 47.4491], [8.5381, 47.4493]], [[8.5505, 47.4358], [8.5499, 47.4361], [8.5495, 47.4364], [8.5492, 47.4367], [8.5488, 47.4369], [8.5484, 47.4372], [8.5481, 47.4375], [8.5477, 47.4377], [8.5473, 47.438], [8.5468, 47.4384], [8.5466, 47.4386], [8.5463, 47.4388], [8.5458, 47.4393], [8.5455, 47.4395], [8.5453, 47.4398], [8.5443, 47.4407], [8.5436, 47.4414]], [[8.552, 47.4349], [8.5513, 47.4353], [8.5511, 47.4354], [8.5505, 47.4358]], [[8.553, 47.4343], [8.552, 47.4349]], [[8.5533, 47.4342], [8.553, 47.4343]], [[8.5571, 47.432], [8.5566, 47.4322], [8.5564, 47.4323], [8.5533, 47.4342]], [[8.5571, 47.432], [8.5573, 47.4318], [8.5576, 47.4316], [8.5577, 47.4316], [8.5579, 47.4315], [8.558, 47.4314], [8.5581, 47.4313], [8.5582, 47.4313], [8.5583, 47.4312], [8.5584, 47.4311], [8.5585, 47.431], [8.5586, 47.4309], [8.5588, 47.4308], [8.5588, 47.4307], [8.5589, 47.4306], [8.5591, 47.4304], [8.5591, 47.4303], [8.5592, 47.4302], [8.5593, 47.4302], [8.5594, 47.43], [8.5594, 47.4299]], [[8.5594, 47.4299], [8.5595, 47.4297], [8.5596, 47.4296]], [[8.5597, 47.4294], [8.5597, 47.4293], [8.5597, 47.4292], [8.5597, 47.4291], [8.5598, 47.429], [8.5598, 47.4289], [8.5598, 47.4288], [8.5598, 47.4287], [8.5598, 47.4286], [8.5598, 47.4285], [8.5598, 47.4284], [8.5598, 47.4283], [8.5598, 47.4282], [8.5598, 47.4281], [8.5597, 47.428], [8.5597, 47.4279], [8.5597, 47.4278], [8.5597, 47.4277], [8.5596, 47.4276], [8.5596, 47.4275], [8.5595, 47.4275], [8.5595, 47.4274], [8.5594, 47.4273], [8.5594, 47.4272], [8.5593, 47.427], [8.5592, 47.4269], [8.5591, 47.4267]], [[8.5591, 47.4267], [8.559, 47.4266], [8.5589, 47.4265]], [[8.5589, 47.4265], [8.5587, 47.4262], [8.5586, 47.4261], [8.5584, 47.4259], [8.5583, 47.4258], [8.5582, 47.4257], [8.5581, 47.4256], [8.558, 47.4255], [8.5578, 47.4254], [8.5577, 47.4253], [8.5576, 47.4252], [8.5572, 47.425]], [[8.5572, 47.425], [8.5571, 47.4249]], [[8.5571, 47.4249], [8.5569, 47.4247], [8.5567, 47.4246], [8.5565, 47.4244], [8.5563, 47.4243], [8.5561, 47.4241], [8.5558, 47.4238]], [[8.5558, 47.4238], [8.555, 47.423], [8.5534, 47.4215], [8.5533, 47.4213]], [[8.5533, 47.4213], [8.5532, 47.4212], [8.5531, 47.4211], [8.553, 47.421], [8.5529, 47.4208], [8.5528, 47.4207], [8.5527, 47.4206], [8.5526, 47.4204]], [[8.5526, 47.4204], [8.5524, 47.4201], [8.5522, 47.4197], [8.5519, 47.4192], [8.5517, 47.4189], [8.5515, 47.4186], [8.5512, 47.4182], [8.5508, 47.4177], [8.5507, 47.4175], [8.5505, 47.4173], [8.5503, 47.417]], [[8.5503, 47.417], [8.55, 47.4167]], [[8.55, 47.4167], [8.5492, 47.4158], [8.5489, 47.4155]], [[8.5489, 47.4155], [8.5489, 47.4154], [8.5488, 47.4153]], [[8.5488, 47.4153], [8.5487, 47.4152]], [[8.5487, 47.4152], [8.548, 47.4145], [8.548, 47.4144], [8.5479, 47.4144]], [[8.5479, 47.4144], [8.5477, 47.4142], [8.5476, 47.414]], [[8.5476, 47.414], [8.5474, 47.4138]], [[8.5474, 47.4138], [8.5473, 47.4136], [8.5472, 47.4135], [8.547, 47.4134]], [[8.547, 47.4134], [8.5469, 47.4133], [8.5468, 47.4132], [8.5467, 47.4131], [8.5466, 47.413]], [[8.5466, 47.413], [8.5465, 47.413], [8.5464, 47.4129], [8.5463, 47.4129], [8.5463, 47.4128], [8.5462, 47.4128]], [[8.5462, 47.4128], [8.5461, 47.4127], [8.546, 47.4127], [8.5459, 47.4126], [8.5458, 47.4126], [8.5456, 47.4125], [8.5455, 47.4124], [8.5454, 47.4124], [8.5452, 47.4124], [8.545, 47.4123], [8.5443, 47.412], [8.5434, 47.4117], [8.5433, 47.4117], [8.5431, 47.4116], [8.543, 47.4116], [8.5429, 47.4115], [8.5427, 47.4115], [8.5426, 47.4114], [8.5424, 47.4113], [8.5423, 47.4113], [8.5422, 47.4112], [8.5421, 47.4112], [8.542, 47.4111], [8.5419, 47.4111], [8.5417, 47.411]], [[8.5417, 47.411], [8.5414, 47.4108], [8.541, 47.4106], [8.5409, 47.4105], [8.5403, 47.4102]], [[8.5387, 47.4091], [8.539, 47.4093], [8.5391, 47.4094], [8.5393, 47.4095], [8.5394, 47.4097], [8.5396, 47.4098], [8.5403, 47.4102]], [[8.5386, 47.409], [8.5387, 47.4091]], [[8.5376, 47.4079], [8.5377, 47.4082], [8.5379, 47.4084], [8.5381, 47.4086], [8.5383, 47.4087], [8.5386, 47.409]], [[8.5376, 47.4079], [8.5375, 47.4079], [8.5374, 47.4078]], [[8.5374, 47.4078], [8.5373, 47.4076], [8.5371, 47.4072], [8.5368, 47.4066], [8.5366, 47.4063], [8.5364, 47.406]], [[8.5364, 47.406], [8.5364, 47.4059], [8.5362, 47.4057], [8.5361, 47.4055], [8.536, 47.4054], [8.536, 47.4053]], [[8.5135, 47.3952], [8.5134, 47.395]], [[8.5134, 47.395], [8.5133, 47.3948], [8.513, 47.3943], [8.5129, 47.3941]], [[8.5129, 47.3941], [8.5115, 47.3916], [8.5114, 47.3914], [8.5113, 47.3911], [8.5112, 47.391], [8.5111, 47.3908], [8.511, 47.3906], [8.511, 47.3905], [8.5109, 47.3903], [8.5108, 47.3902], [8.5108, 47.3901], [8.5108, 47.39], [8.5108, 47.3899], [8.5107, 47.3898], [8.5107, 47.3897], [8.5107, 47.3896], [8.5107, 47.3895], [8.5107, 47.3894], [8.5106, 47.3893], [8.5106, 47.3892], [8.5107, 47.3891], [8.5107, 47.389], [8.5107, 47.3889], [8.5107, 47.3888], [8.5107, 47.3887], [8.5107, 47.3886], [8.5108, 47.3885], [8.5108, 47.3884], [8.5109, 47.3883], [8.5109, 47.3882], [8.5109, 47.3881], [8.511, 47.388], [8.5111, 47.3879], [8.5111, 47.3878], [8.5112, 47.3877], [8.5113, 47.3876], [8.5113, 47.3875], [8.5114, 47.3875], [8.5115, 47.3874], [8.5116, 47.3873], [8.5117, 47.3872], [8.5118, 47.3871], [8.5119, 47.387], [8.512, 47.3869], [8.5121, 47.3869], [8.5121, 47.3868], [8.5122, 47.3868], [8.5123, 47.3867], [8.5124, 47.3867], [8.5125, 47.3866], [8.5126, 47.3866], [8.5128, 47.3865], [8.5129, 47.3864], [8.513, 47.3864], [8.5132, 47.3863], [8.5134, 47.3863], [8.5135, 47.3862], [8.5137, 47.3861], [8.5139, 47.3861], [8.5141, 47.386]], [[8.5141, 47.386], [8.5147, 47.3859], [8.5148, 47.3858], [8.5151, 47.3858], [8.5154, 47.3857], [8.5157, 47.3856], [8.5159, 47.3856], [8.5163, 47.3855], [8.5165, 47.3855], [8.5175, 47.3852]], [[8.5175, 47.3852], [8.5193, 47.3847], [8.5196, 47.3846], [8.52, 47.3845], [8.521, 47.3842]], [[8.521, 47.3842], [8.5218, 47.384]], [[8.5218, 47.384], [8.523, 47.3837], [8.5235, 47.3836], [8.5239, 47.3835], [8.5241, 47.3834], [8.5244, 47.3833], [8.5246, 47.3832], [8.5248, 47.3831], [8.525, 47.3831], [8.5252, 47.383], [8.5253, 47.383], [8.5254, 47.3829], [8.5257, 47.3828], [8.5258, 47.3827], [8.526, 47.3827], [8.5264, 47.3825], [8.5266, 47.3824], [8.5267, 47.3823], [8.5271, 47.3821], [8.5275, 47.3819]], [[8.5275, 47.3819], [8.5276, 47.3818]], [[8.5276, 47.3818], [8.5279, 47.3817], [8.528, 47.3816], [8.5282, 47.3816], [8.5283, 47.3815], [8.5284, 47.3815], [8.5286, 47.3814], [8.5287, 47.3814], [8.5288, 47.3814], [8.5291, 47.3813]], [[8.5291, 47.3813], [8.5293, 47.3813], [8.5295, 47.3812], [8.5296, 47.3812], [8.5305, 47.381]], [[8.5305, 47.381], [8.5307, 47.381], [8.531, 47.3809], [8.5313, 47.3809], [8.5323, 47.3806]], [[8.5965, 47.3982], [8.5967, 47.3985], [8.5969, 47.3987]], [[8.5969, 47.3987], [8.597, 47.3988], [8.5971, 47.3991]], [[8.5971, 47.3991], [8.5973, 47.3993]], [[8.5973, 47.3993], [8.5975, 47.3995], [8.5977, 47.3998], [8.5978, 47.4], [8.5981, 47.4003], [8.5982, 47.4005], [8.5984, 47.4006], [8.5985, 47.4007], [8.5986, 47.4009], [8.5988, 47.401], [8.5989, 47.4011], [8.599, 47.4012], [8.5992, 47.4014], [8.5994, 47.4016], [8.5995, 47.4017], [8.5997, 47.4018]], [[8.5997, 47.4018], [8.5998, 47.4019], [8.5999, 47.402], [8.6001, 47.402], [8.6003, 47.4022], [8.6004, 47.4023], [8.6006, 47.4024], [8.601, 47.4026], [8.6019, 47.403]], [[8.6019, 47.403], [8.6022, 47.4032]], [[8.6022, 47.4032], [8.6027, 47.4035], [8.603, 47.4036], [8.6033, 47.4038], [8.6037, 47.4041], [8.6041, 47.4043], [8.6045, 47.4045], [8.6046, 47.4046], [8.6048, 47.4047], [8.605, 47.4048], [8.6052, 47.4049], [8.6054, 47.405], [8.6055, 47.4051], [8.6058, 47.4052], [8.6059, 47.4052], [8.6062, 47.4053], [8.6064, 47.4054], [8.6066, 47.4054], [8.6069, 47.4055]], [[8.6069, 47.4055], [8.6071, 47.4055], [8.6074, 47.4056], [8.6075, 47.4056], [8.6077, 47.4056], [8.6078, 47.4056], [8.608, 47.4056], [8.6082, 47.4057], [8.6085, 47.4057], [8.6086, 47.4056], [8.6089, 47.4056], [8.6091, 47.4056], [8.6093, 47.4056], [8.6095, 47.4056], [8.6097, 47.4055], [8.6099, 47.4055], [8.61, 47.4055], [8.6103, 47.4054], [8.6105, 47.4054], [8.6108, 47.4053], [8.6112, 47.4052], [8.6115, 47.4051], [8.6116, 47.405]], [[8.6116, 47.405], [8.6119, 47.4049]], [[8.6119, 47.4049], [8.612, 47.4049]], [[8.612, 47.4049], [8.6123, 47.4048], [8.6128, 47.4046], [8.6131, 47.4045], [8.6135, 47.4043]], [[8.6135, 47.4043], [8.6143, 47.404], [8.6149, 47.4037], [8.6171, 47.4028], [8.6176, 47.4026]], [[8.6176, 47.4026], [8.6184, 47.4023]], [[8.6186, 47.4022], [8.6189, 47.4021], [8.6191, 47.402], [8.6192, 47.402], [8.6194, 47.4019], [8.62, 47.4017], [8.6202, 47.4016], [8.6206, 47.4015], [8.6209, 47.4013]], [[8.6209, 47.4013], [8.6212, 47.4012]], [[8.6212, 47.4012], [8.622, 47.4009], [8.6227, 47.4006], [8.6231, 47.4005], [8.6235, 47.4003], [8.6237, 47.4002], [8.6243, 47.4], [8.6248, 47.3998], [8.6253, 47.3995], [8.6259, 47.3993], [8.6263, 47.3991], [8.6271, 47.3988], [8.6276, 47.3986], [8.6282, 47.3983], [8.6303, 47.3974]], [[8.6303, 47.3974], [8.6304, 47.3973], [8.6307, 47.3972], [8.631, 47.3971], [8.6317, 47.3968], [8.6322, 47.3966], [8.6331, 47.3962], [8.6396, 47.3935]], [[8.6396, 47.3935], [8.6398, 47.3935]], [[8.6398, 47.3935], [8.6408, 47.393], [8.6428, 47.3922], [8.6433, 47.392], [8.6438, 47.3918], [8.644, 47.3917], [8.6442, 47.3916], [8.6444, 47.3915], [8.6446, 47.3914], [8.645, 47.3912], [8.6453, 47.3911], [8.6496, 47.3889], [8.6527, 47.3873]], [[8.6527, 47.3873], [8.6528, 47.3873]], [[8.6528, 47.3873], [8.6541, 47.3866], [8.6569, 47.3852], [8.6587, 47.3843], [8.6602, 47.3835], [8.6613, 47.383]], [[8.6613, 47.383], [8.6619, 47.3827]], [[8.6619, 47.3827], [8.6621, 47.3825]], [[8.6621, 47.3825], [8.663, 47.3821], [8.6631, 47.382]], [[8.6632, 47.382], [8.6664, 47.3804], [8.6729, 47.377], [8.6733, 47.3769], [8.6745, 47.3762], [8.6752, 47.3758], [8.6754, 47.3757], [8.6815, 47.3721], [8.6839, 47.3708]], [[8.6841, 47.3706], [8.6839, 47.3708]], [[8.6868, 47.3691], [8.6856, 47.3698], [8.6841, 47.3706]], [[8.6868, 47.3691], [8.6887, 47.368], [8.6887, 47.3679], [8.6901, 47.3672], [8.6915, 47.3663]], [[8.6916, 47.3663], [8.6915, 47.3663]], [[8.6927, 47.3656], [8.6916, 47.3663]], [[8.6927, 47.3656], [8.698, 47.3626], [8.6992, 47.3619], [8.7, 47.3614], [8.7008, 47.3609], [8.7025, 47.3599]], [[8.7025, 47.3599], [8.7029, 47.3597], [8.7031, 47.3596], [8.7032, 47.3595], [8.7036, 47.3593], [8.704, 47.3591], [8.7043, 47.3589], [8.7047, 47.3587], [8.705, 47.3585], [8.7053, 47.3583], [8.7056, 47.3581], [8.7058, 47.358], [8.7063, 47.3577], [8.7069, 47.3573], [8.7076, 47.3569], [8.7079, 47.3567], [8.7083, 47.3565], [8.7095, 47.3558], [8.7113, 47.3548]], [[8.7114, 47.3547], [8.7113, 47.3548]], [[8.7114, 47.3547], [8.7128, 47.3539], [8.7129, 47.3539], [8.7129, 47.3538], [8.7132, 47.3536], [8.7143, 47.353], [8.7153, 47.3524], [8.7158, 47.3521], [8.7177, 47.3511], [8.7195, 47.35], [8.7197, 47.35], [8.7197, 47.3499], [8.7198, 47.3499], [8.7201, 47.3497], [8.7202, 47.3497], [8.7203, 47.3496], [8.7204, 47.3496], [8.7206, 47.3495]], [[8.7231, 47.3485], [8.7226, 47.3486], [8.7222, 47.3488], [8.722, 47.3489], [8.7218, 47.3489], [8.7216, 47.349], [8.7214, 47.3491], [8.7212, 47.3492], [8.7209, 47.3493], [8.7208, 47.3494], [8.7206, 47.3495]], [[8.7619, 47.3381], [8.7621, 47.338], [8.7622, 47.3379], [8.7624, 47.3378], [8.7626, 47.3378], [8.7627, 47.3377], [8.7633, 47.3374], [8.7635, 47.3373], [8.7636, 47.3372], [8.7637, 47.3372], [8.7638, 47.3371], [8.764, 47.337], [8.7641, 47.337], [8.7643, 47.3369]], [[8.7643, 47.3369], [8.7644, 47.3368], [8.7645, 47.3367], [8.7647, 47.3366], [8.7648, 47.3366], [8.765, 47.3365], [8.7651, 47.3364], [8.7653, 47.3363], [8.7655, 47.3361], [8.7662, 47.3357], [8.7664, 47.3355], [8.7665, 47.3354], [8.7666, 47.3353], [8.7667, 47.3353], [8.7669, 47.3352], [8.7671, 47.3351], [8.7672, 47.335], [8.7673, 47.335], [8.7674, 47.3349], [8.7675, 47.3348]], [[8.7709, 47.3334], [8.771, 47.3333], [8.7711, 47.3333], [8.7712, 47.3332], [8.7713, 47.3332], [8.7714, 47.3331], [8.7716, 47.3331], [8.7717, 47.333], [8.7718, 47.3329], [8.7719, 47.3329], [8.772, 47.3328], [8.7721, 47.3327], [8.7722, 47.3327], [8.7723, 47.3326], [8.7724, 47.3325], [8.7726, 47.3324], [8.7727, 47.3323], [8.773, 47.3322], [8.7734, 47.3319]], [[8.7734, 47.3319], [8.7735, 47.3318], [8.7738, 47.3316], [8.7739, 47.3315], [8.774, 47.3315], [8.7741, 47.3314], [8.7742, 47.3314], [8.7743, 47.3313], [8.7744, 47.3313], [8.7745, 47.3312], [8.7746, 47.3312], [8.7748, 47.3311], [8.775, 47.331], [8.7751, 47.3309], [8.7752, 47.3309], [8.7754, 47.3308], [8.7758, 47.3307], [8.7762, 47.3305], [8.7763, 47.3304], [8.7764, 47.3304], [8.7765, 47.3303], [8.7767, 47.3303], [8.7769, 47.3302], [8.777, 47.3301], [8.7771, 47.3301], [8.7772, 47.33], [8.7773, 47.33], [8.7775, 47.3299], [8.7777, 47.3298], [8.7778, 47.3297], [8.7779, 47.3297], [8.778, 47.3296], [8.7781, 47.3295], [8.7782, 47.3294], [8.7783, 47.3294], [8.7784, 47.3293], [8.7785, 47.3292], [8.7786, 47.3291], [8.7787, 47.3291], [8.7788, 47.329], [8.7789, 47.3289], [8.779, 47.3289], [8.7791, 47.3288], [8.7792, 47.3287], [8.7793, 47.3286], [8.7794, 47.3285], [8.7794, 47.3284], [8.7796, 47.3282], [8.78, 47.3279], [8.7801, 47.3277], [8.7802, 47.3276], [8.7803, 47.3275], [8.7805, 47.3274], [8.7806, 47.3273], [8.7807, 47.3272], [8.7808, 47.3271], [8.7809, 47.327], [8.781, 47.327], [8.7811, 47.3269], [8.7812, 47.3268], [8.7814, 47.3266], [8.7815, 47.3266], [8.7816, 47.3265], [8.7817, 47.3264], [8.7819, 47.3263], [8.7821, 47.3262], [8.7824, 47.326], [8.7827, 47.3258], [8.7829, 47.3257], [8.7831, 47.3255], [8.7832, 47.3254], [8.7834, 47.3253], [8.7835, 47.3253], [8.7836, 47.3252], [8.7837, 47.3251], [8.7839, 47.3249], [8.784, 47.3249], [8.7841, 47.3248], [8.7843, 47.3246], [8.7845, 47.3245], [8.7851, 47.3239], [8.7852, 47.3239], [8.7868, 47.3225]], [[8.7868, 47.3225], [8.7875, 47.3219], [8.7879, 47.3215], [8.7881, 47.3213], [8.7884, 47.3211], [8.7891, 47.3205]], [[8.7891, 47.3205], [8.7899, 47.3198]], [[8.7899, 47.3198], [8.7907, 47.3191]], [[8.7907, 47.3191], [8.791, 47.3187]], [[8.791, 47.3187], [8.7921, 47.3178], [8.7929, 47.3171], [8.7932, 47.3168], [8.7934, 47.3167], [8.7936, 47.3165], [8.7939, 47.3163], [8.794, 47.3161], [8.7943, 47.3159], [8.7944, 47.3158], [8.7945, 47.3157], [8.7946, 47.3155], [8.7947, 47.3154], [8.7949, 47.3152], [8.795, 47.3151], [8.7952, 47.3149], [8.7953, 47.3146]], [[8.7953, 47.3146], [8.7954, 47.3145]], [[8.7954, 47.3145], [8.7962, 47.3135]], [[8.8256, 47.269], [8.8253, 47.2693], [8.8231, 47.2708], [8.8228, 47.271], [8.8225, 47.2712], [8.8217, 47.2717], [8.821, 47.2722], [8.8206, 47.2724], [8.8203, 47.2726]], [[8.8273, 47.2679], [8.827, 47.268], [8.8267, 47.2682], [8.8265, 47.2684], [8.8261, 47.2687], [8.8259, 47.2688], [8.8258, 47.269], [8.8256, 47.269]], [[8.8283, 47.2673], [8.8281, 47.2674], [8.8278, 47.2676], [8.8277, 47.2677], [8.8275, 47.2678], [8.8273, 47.2679]], [[8.8286, 47.2672], [8.8283, 47.2673]], [[8.8322, 47.2665], [8.8319, 47.2665], [8.8317, 47.2665], [8.8315, 47.2665], [8.8313, 47.2666], [8.8311, 47.2666], [8.8309, 47.2666], [8.8306, 47.2667], [8.8304, 47.2667], [8.8302, 47.2668], [8.8301, 47.2668], [8.8299, 47.2668], [8.8297, 47.2669], [8.8296, 47.2669], [8.8294, 47.2669], [8.8293, 47.267], [8.8291, 47.2671], [8.8289, 47.2671], [8.8288, 47.2672], [8.8286, 47.2672]], [[8.8326, 47.2664], [8.8322, 47.2665]], [[8.8472, 47.2628], [8.8464, 47.2633], [8.8446, 47.2643], [8.8443, 47.2645], [8.844, 47.2646], [8.8439, 47.2647], [8.8437, 47.2648], [8.8435, 47.2649], [8.8433, 47.265], [8.8432, 47.265], [8.843, 47.2651], [8.8428, 47.2652], [8.8427, 47.2652], [8.8425, 47.2653], [8.8424, 47.2653], [8.8423, 47.2654], [8.8421, 47.2654], [8.842, 47.2654], [8.8419, 47.2655], [8.8417, 47.2655], [8.8416, 47.2655], [8.8414, 47.2656], [8.8412, 47.2656], [8.841, 47.2656], [8.8409, 47.2657], [8.8407, 47.2657], [8.8406, 47.2657], [8.8404, 47.2657], [8.8403, 47.2658], [8.8401, 47.2658], [8.8399, 47.2658], [8.8396, 47.2658], [8.8393, 47.2659], [8.8358, 47.2662], [8.8342, 47.2663], [8.8326, 47.2664]], [[8.8472, 47.2628], [8.8479, 47.2625], [8.848, 47.2624], [8.8482, 47.2623], [8.8483, 47.2622], [8.8485, 47.2621], [8.8486, 47.2621], [8.8488, 47.262], [8.8489, 47.2619], [8.849, 47.2619], [8.8492, 47.2618], [8.8493, 47.2618], [8.8494, 47.2617], [8.8496, 47.2617], [8.8498, 47.2616], [8.8499, 47.2616], [8.85, 47.2615], [8.8501, 47.2615]], [[8.8501, 47.2615], [8.8504, 47.2614], [8.8505, 47.2614], [8.8507, 47.2613], [8.8508, 47.2613], [8.851, 47.2613], [8.8511, 47.2613]], [[8.8517, 47.2612], [8.8512, 47.2612], [8.8511, 47.2613]], [[8.8518, 47.2611], [8.8517, 47.2612]], [[8.8518, 47.2611], [8.8519, 47.2611], [8.8521, 47.2611], [8.8522, 47.2611]], [[8.8522, 47.2611], [8.8524, 47.261], [8.8526, 47.261], [8.8527, 47.261], [8.8528, 47.261], [8.8529, 47.261], [8.853, 47.2609], [8.8531, 47.2609], [8.8533, 47.2609], [8.8534, 47.2609], [8.8536, 47.2608], [8.8537, 47.2608], [8.8538, 47.2608], [8.8539, 47.2607], [8.8541, 47.2607], [8.8542, 47.2606], [8.8543, 47.2606], [8.8546, 47.2605], [8.8549, 47.2604], [8.8551, 47.2603], [8.8553, 47.2602], [8.8555, 47.2601], [8.8556, 47.2601], [8.8557, 47.26], [8.8558, 47.26], [8.8559, 47.2599], [8.856, 47.2598], [8.8561, 47.2598], [8.8562, 47.2597], [8.8564, 47.2596], [8.8565, 47.2595], [8.8567, 47.2594], [8.8568, 47.2593]], [[8.8568, 47.2593], [8.8569, 47.2592], [8.857, 47.259], [8.8572, 47.2589], [8.8573, 47.2588], [8.8574, 47.2586], [8.8576, 47.2583]], [[8.8576, 47.2583], [8.8577, 47.2582], [8.8578, 47.2582], [8.8578, 47.2581], [8.8579, 47.258], [8.858, 47.2579], [8.8581, 47.2577], [8.8583, 47.2574], [8.8584, 47.2572]], [[8.8356, 47.2341], [8.8355, 47.2337], [8.8354, 47.2334], [8.8352, 47.2329], [8.835, 47.2322]], [[8.835, 47.2322], [8.835, 47.232]], [[8.8343, 47.2296], [8.8341, 47.2292]], [[8.8341, 47.2292], [8.834, 47.229], [8.8338, 47.2286], [8.8336, 47.2284], [8.8335, 47.2282], [8.8332, 47.2279], [8.833, 47.2277]], [[8.833, 47.2277], [8.8328, 47.2275]], [[8.8328, 47.2275], [8.8324, 47.2272], [8.8316, 47.2267], [8.8306, 47.2262], [8.8305, 47.2262], [8.8302, 47.2261], [8.8298, 47.2259], [8.8294, 47.2258], [8.8288, 47.2257]], [[8.8288, 47.2257], [8.8285, 47.2256]], [[8.8285, 47.2256], [8.8282, 47.2256], [8.828, 47.2255], [8.8279, 47.2255], [8.8277, 47.2255], [8.8275, 47.2255], [8.8274, 47.2255], [8.8271, 47.2255], [8.8269, 47.2255], [8.8266, 47.2255]], [[8.8266, 47.2255], [8.8262, 47.2255], [8.8258, 47.2255], [8.8255, 47.2255], [8.8254, 47.2255], [8.8252, 47.2255], [8.825, 47.2254], [8.8247, 47.2254], [8.8245, 47.2254], [8.8243, 47.2254], [8.8227, 47.2253]], [[8.8227, 47.2253], [8.8224, 47.2253]], [[8.8224, 47.2253], [8.8215, 47.2252], [8.8208, 47.2251], [8.8198, 47.225], [8.8196, 47.225]], [[8.8196, 47.225], [8.8189, 47.2249], [8.8187, 47.2249], [8.8186, 47.2249], [8.8185, 47.2249], [8.8183, 47.2248], [8.818, 47.2248], [8.8179, 47.2248], [8.8177, 47.2248], [8.8169, 47.2247], [8.8161, 47.2246], [8.816, 47.2246], [8.8159, 47.2246], [8.8157, 47.2245], [8.8156, 47.2245], [8.8155, 47.2245], [8.8153, 47.2245], [8.8152, 47.2244], [8.8151, 47.2244], [8.815, 47.2244], [8.8149, 47.2244], [8.8148, 47.2243], [8.8147, 47.2243]]]}, "properties": {"ref": "S15", "opened_year": 1990, "is_tunnel": false, "segment_count": 319}}, {"type": "Feature", "geometry": {"type": "MultiLineString", "coordinates": [[[8.5967, 47.3981], [8.5964, 47.3976], [8.5962, 47.3973], [8.5962, 47.3972], [8.596, 47.3968], [8.5958, 47.3963], [8.5956, 47.3957], [8.5955, 47.3954], [8.5954, 47.3952], [8.5951, 47.3945], [8.595, 47.3939], [8.5948, 47.3936], [8.5947, 47.3933]], [[8.552, 47.3656], [8.5513, 47.3657], [8.5509, 47.3658], [8.5505, 47.3659]], [[8.5505, 47.3659], [8.5503, 47.3659], [8.5501, 47.366]], [[8.5477, 47.3676], [8.5475, 47.3677], [8.5475, 47.3679], [8.5473, 47.3681], [8.5473, 47.3683], [8.5472, 47.3687]], [[8.5472, 47.3687], [8.5471, 47.3689], [8.5471, 47.3691], [8.5471, 47.3693], [8.5471, 47.3695], [8.5471, 47.3697], [8.5471, 47.3698], [8.5471, 47.37], [8.5472, 47.3702], [8.5473, 47.3704], [8.5475, 47.3709], [8.5476, 47.3712], [8.5477, 47.3714], [8.5478, 47.3717], [8.5478, 47.3719], [8.5479, 47.3721], [8.5479, 47.3723], [8.5478, 47.3725], [8.5478, 47.3728], [8.5478, 47.373], [8.5477, 47.3733], [8.5477, 47.3736], [8.5476, 47.3738], [8.5475, 47.3741], [8.5473, 47.3745], [8.5471, 47.3747], [8.547, 47.375], [8.5467, 47.3754], [8.5465, 47.3756], [8.5463, 47.3758], [8.5461, 47.376], [8.5459, 47.3762], [8.5456, 47.3764], [8.5454, 47.3766], [8.5452, 47.3767], [8.545, 47.3768], [8.5448, 47.3769], [8.5446, 47.377], [8.5442, 47.3772], [8.5438, 47.3773], [8.543, 47.3776]], [[8.543, 47.3776], [8.5425, 47.3778], [8.5421, 47.3779]], [[8.5421, 47.3779], [8.542, 47.378]], [[8.542, 47.378], [8.5417, 47.3781], [8.541, 47.3783], [8.5403, 47.3785], [8.5391, 47.3788], [8.5366, 47.3795]], [[8.5366, 47.3795], [8.5358, 47.3797]], [[8.5358, 47.3797], [8.5353, 47.3799]], [[8.5353, 47.3799], [8.535, 47.3799], [8.5346, 47.38], [8.5343, 47.3801]], [[8.5344, 47.3801], [8.5346, 47.3801], [8.5347, 47.3801], [8.535, 47.38], [8.5353, 47.3799]], [[8.5353, 47.3799], [8.5358, 47.3798]], [[8.5358, 47.3798], [8.5366, 47.3796]], [[8.5366, 47.3796], [8.5391, 47.3789], [8.5405, 47.3785], [8.542, 47.378]], [[8.542, 47.378], [8.5421, 47.378]], [[8.5421, 47.378], [8.5429, 47.3777]], [[8.5429, 47.3777], [8.5434, 47.3776], [8.5438, 47.3774], [8.5442, 47.3773], [8.5444, 47.3772], [8.5446, 47.3771], [8.5449, 47.377], [8.5451, 47.3769], [8.5453, 47.3767], [8.5454, 47.3766], [8.5457, 47.3764], [8.5459, 47.3762], [8.5461, 47.376], [8.5463, 47.3758], [8.5465, 47.3756], [8.5467, 47.3754], [8.547, 47.375], [8.5472, 47.3748], [8.5473, 47.3745], [8.5475, 47.3741], [8.5476, 47.3738], [8.5477, 47.3736], [8.5478, 47.3733], [8.5478, 47.373], [8.5479, 47.3728], [8.5479, 47.3726], [8.5479, 47.3723], [8.5479, 47.3721], [8.5479, 47.3719], [8.5478, 47.3717], [8.5477, 47.3714], [8.5477, 47.3712], [8.5476, 47.371], [8.5475, 47.3709], [8.5473, 47.3704], [8.5472, 47.3702], [8.5472, 47.37], [8.5471, 47.3698], [8.5471, 47.3697], [8.5471, 47.3694], [8.5471, 47.3692], [8.5471, 47.3691], [8.5472, 47.3689]], [[8.5478, 47.3676], [8.5477, 47.3678], [8.5476, 47.3679], [8.5474, 47.3682], [8.5473, 47.3684], [8.5473, 47.3685], [8.5472, 47.3687], [8.5472, 47.3689]], [[8.5502, 47.3661], [8.5498, 47.3662], [8.5495, 47.3664], [8.5493, 47.3665], [8.5491, 47.3666], [8.549, 47.3667], [8.5488, 47.3668], [8.5486, 47.367], [8.5483, 47.3672], [8.5481, 47.3674], [8.5479, 47.3675], [8.5478, 47.3676]], [[8.5949, 47.3939], [8.595, 47.3943], [8.5951, 47.3945], [8.5953, 47.3953], [8.5954, 47.3954], [8.5955, 47.3957], [8.5957, 47.3963], [8.5959, 47.3969], [8.596, 47.3972], [8.5963, 47.3977], [8.5965, 47.3982]]]}, "properties": {"ref": "S15", "opened_year": 1990, "is_tunnel": true, "segment_count": 21}}, {"type": "Feature", "geometry": {"type": "MultiLineString", "coordinates": [[[8.5993, 47.2963], [8.599, 47.297], [8.5989, 47.2974], [8.5987, 47.2976], [8.5986, 47.2977], [8.5985, 47.2979], [8.5984, 47.2981], [8.5983, 47.2982], [8.598, 47.2985], [8.5977, 47.2988], [8.5976, 47.2989], [8.5975, 47.2989], [8.5977, 47.2987], [8.598, 47.2985], [8.5981, 47.2983], [8.5982, 47.2982], [8.5985, 47.2979], [8.5987, 47.2976], [8.5988, 47.2974], [8.5988, 47.2973], [8.599, 47.2971], [8.599, 47.297], [8.5993, 47.2963]], [[8.5929, 47.3044], [8.5926, 47.3047], [8.5923, 47.3049], [8.5921, 47.3051], [8.592, 47.3053], [8.5917, 47.3057], [8.5917, 47.3058], [8.5909, 47.3069], [8.5909, 47.307], [8.5915, 47.3061], [8.5917, 47.3058], [8.5918, 47.3057], [8.5919, 47.3055], [8.5921, 47.3054], [8.5922, 47.3052], [8.5924, 47.305], [8.5926, 47.3047], [8.5929, 47.3044]], [[8.58, 47.321], [8.5801, 47.321], [8.5803, 47.3205], [8.5806, 47.3199], [8.5808, 47.3195], [8.5809, 47.3193], [8.581, 47.319], [8.581, 47.3189], [8.581, 47.3188], [8.5811, 47.3187], [8.5813, 47.3181], [8.5812, 47.3181], [8.581, 47.3187], [8.5809, 47.3188], [8.5809, 47.3189], [8.5809, 47.319], [8.5808, 47.3192], [8.5807, 47.3195], [8.5805, 47.3199], [8.5802, 47.3205], [8.58, 47.321]], [[8.5749, 47.3276], [8.5748, 47.3276], [8.5752, 47.3273], [8.5753, 47.3271], [8.5756, 47.3269], [8.576, 47.3265], [8.5763, 47.3263], [8.5764, 47.3262], [8.5765, 47.3261], [8.5767, 47.3259], [8.5768, 47.3258], [8.5772, 47.3254], [8.5773, 47.3253], [8.5771, 47.3255], [8.577, 47.3256], [8.5769, 47.3258], [8.5767, 47.3259], [8.5765, 47.3262], [8.5763, 47.3263], [8.5762, 47.3264], [8.5761, 47.3265], [8.576, 47.3266], [8.5758, 47.3268], [8.5756, 47.3269], [8.5754, 47.3271], [8.5752, 47.3273], [8.575, 47.3274], [8.5749, 47.3276]], [[8.5693, 47.3375], [8.5693, 47.3377], [8.5692, 47.3378], [8.5691, 47.3379], [8.569, 47.338], [8.569, 47.3382], [8.5689, 47.3384], [8.5688, 47.3385], [8.5687, 47.3387], [8.5688, 47.3387], [8.5689, 47.3385], [8.5689, 47.3384], [8.5691, 47.3381], [8.5693, 47.3378], [8.5694, 47.3376], [8.5695, 47.3374], [8.5704, 47.336], [8.5703, 47.336], [8.5702, 47.3362], [8.5701, 47.3364], [8.5699, 47.3366], [8.5696, 47.337], [8.5694, 47.3374], [8.5693, 47.3375]], [[8.5482, 47.3669], [8.5481, 47.367], [8.548, 47.3671], [8.5479, 47.3671], [8.5479, 47.3672], [8.5478, 47.3672], [8.5478, 47.3673], [8.5477, 47.3674], [8.5476, 47.3675], [8.5476, 47.3676], [8.5477, 47.3675], [8.5478, 47.3674], [8.5479, 47.3672], [8.5481, 47.3671], [8.5483, 47.3669], [8.5485, 47.3668], [8.5487, 47.3666], [8.5489, 47.3665], [8.549, 47.3664], [8.5492, 47.3663], [8.5493, 47.3663], [8.5495, 47.3662], [8.5497, 47.3661], [8.55, 47.366], [8.5501, 47.366], [8.5501, 47.3659], [8.5499, 47.3659], [8.5499, 47.366], [8.5498, 47.366], [8.5496, 47.3661], [8.5493, 47.3662], [8.5492, 47.3663], [8.5491, 47.3663], [8.549, 47.3663], [8.5489, 47.3664], [8.5487, 47.3664], [8.5487, 47.3665], [8.5487, 47.3666], [8.5485, 47.3666], [8.5484, 47.3667], [8.5484, 47.3668], [8.5483, 47.3668], [8.5482, 47.3669]], [[8.5153, 47.3857], [8.5156, 47.3856], [8.5159, 47.3855], [8.5162, 47.3854], [8.5166, 47.3853], [8.5169, 47.3853], [8.517, 47.3852], [8.5173, 47.3851], [8.5177, 47.385], [8.5178, 47.385], [8.5185, 47.3848], [8.519, 47.3847], [8.5195, 47.3846], [8.5186, 47.3849], [8.5179, 47.3851], [8.5177, 47.3851], [8.5173, 47.3852], [8.517, 47.3853], [8.5166, 47.3854], [8.5162, 47.3855], [8.516, 47.3856], [8.5156, 47.3856], [8.5153, 47.3857]], [[8.56, 47.4485], [8.5601, 47.4486], [8.5602, 47.4488], [8.5604, 47.449], [8.5605, 47.4492], [8.5606, 47.4493], [8.5607, 47.4494], [8.5609, 47.4495], [8.5611, 47.4497], [8.5612, 47.4498], [8.5613, 47.4499], [8.5614, 47.45], [8.5615, 47.45], [8.5616, 47.4501], [8.5617, 47.4501], [8.5618, 47.4502], [8.5619, 47.4503], [8.562, 47.4503], [8.562, 47.4504], [8.5622, 47.4504], [8.5623, 47.4505], [8.5625, 47.4506], [8.5626, 47.4506], [8.5627, 47.4507], [8.5628, 47.4507], [8.563, 47.4508], [8.5631, 47.4508], [8.5632, 47.4509], [8.5633, 47.4509], [8.5634, 47.4509], [8.5635, 47.451], [8.5638, 47.451], [8.5639, 47.4511], [8.564, 47.451], [8.5639, 47.451], [8.5636, 47.4509], [8.5634, 47.4508], [8.5632, 47.4508], [8.5629, 47.4507], [8.5627, 47.4506], [8.5625, 47.4505], [8.5623, 47.4504], [8.5622, 47.4503], [8.5621, 47.4502], [8.5619, 47.4501], [8.5618, 47.4501], [8.5616, 47.45], [8.5614, 47.4498], [8.561, 47.4495], [8.5608, 47.4493], [8.5606, 47.4491], [8.5605, 47.449], [8.5603, 47.4488], [8.5602, 47.4485], [8.5601, 47.4484], [8.56, 47.4485]], [[8.6177, 47.2784], [8.6178, 47.2784], [8.6179, 47.2783], [8.618, 47.2783], [8.6181, 47.2782], [8.6182, 47.2782], [8.6183, 47.2781], [8.6184, 47.2781], [8.6186, 47.278], [8.6187, 47.278], [8.6189, 47.2779], [8.619, 47.2779], [8.6192, 47.2778], [8.6193, 47.2778], [8.6195, 47.2777], [8.6199, 47.2776], [8.6207, 47.2774], [8.6209, 47.2774], [8.6211, 47.2773]], [[8.6177, 47.2784], [8.6176, 47.2785], [8.6175, 47.2786]], [[8.6175, 47.2786], [8.6173, 47.2787], [8.6171, 47.2789]], [[8.6163, 47.2793], [8.6165, 47.2792], [8.6169, 47.279], [8.6171, 47.2789]], [[8.6163, 47.2793], [8.6162, 47.2795]], [[8.6162, 47.2795], [8.616, 47.2795]], [[8.616, 47.2795], [8.6159, 47.2796]], [[8.6159, 47.2796], [8.6153, 47.2801], [8.6147, 47.2805]], [[8.6147, 47.2805], [8.6132, 47.2816], [8.6123, 47.2823]], [[8.6123, 47.2823], [8.6122, 47.2823], [8.612, 47.2825], [8.6118, 47.2827], [8.6115, 47.2829]], [[8.6115, 47.2829], [8.6114, 47.283]], [[8.6112, 47.2832], [8.6114, 47.283]], [[8.6099, 47.2844], [8.6105, 47.2839], [8.6106, 47.2837], [8.611, 47.2834], [8.6112, 47.2832]], [[8.6097, 47.2846], [8.6099, 47.2844]], [[8.6093, 47.285], [8.6097, 47.2846]], [[8.6079, 47.2867], [8.608, 47.2866], [8.6083, 47.2862], [8.6086, 47.2858], [8.6087, 47.2857], [8.6088, 47.2855], [8.609, 47.2854], [8.609, 47.2853], [8.6093, 47.285]], [[8.6075, 47.2872], [8.6077, 47.287], [8.6079, 47.2867]], [[8.6072, 47.2873], [8.6074, 47.2872], [8.6075, 47.2872]], [[8.607, 47.2875], [8.6072, 47.2873]], [[8.6037, 47.2904], [8.6039, 47.2901], [8.6041, 47.2898], [8.6042, 47.2897], [8.6044, 47.2895], [8.6046, 47.2893], [8.6048, 47.2892], [8.6049, 47.2891], [8.6052, 47.2888], [8.6059, 47.2883], [8.6068, 47.2877], [8.607, 47.2875]], [[8.6036, 47.2906], [8.6037, 47.2904]], [[8.5995, 47.296], [8.5996, 47.2956], [8.5998, 47.2953], [8.6002, 47.2941], [8.6003, 47.2938], [8.6004, 47.2935], [8.6006, 47.2932], [8.6008, 47.293], [8.601, 47.2927], [8.6012, 47.2925], [8.6014, 47.2923], [8.6016, 47.2921], [8.6019, 47.292], [8.6024, 47.2916], [8.6027, 47.2914], [8.6028, 47.2913], [8.6031, 47.2911], [8.6032, 47.291], [8.6033, 47.2908], [8.6035, 47.2906], [8.6036, 47.2906]], [[8.5971, 47.2993], [8.5977, 47.2988], [8.598, 47.2985], [8.5983, 47.2982], [8.5985, 47.2979], [8.5987, 47.2976], [8.5989, 47.2974], [8.599, 47.2971], [8.5995, 47.296]], [[8.5968, 47.2996], [8.5971, 47.2993]], [[8.5948, 47.302], [8.5949, 47.3018], [8.595, 47.3015], [8.5952, 47.3012], [8.5954, 47.3009], [8.5956, 47.3007], [8.5958, 47.3005], [8.596, 47.3002], [8.5968, 47.2996]], [[8.5941, 47.3032], [8.5943, 47.303], [8.5944, 47.3028], [8.5945, 47.3026]], [[8.5941, 47.3032], [8.594, 47.3034], [8.5938, 47.3035], [8.5936, 47.3037], [8.5932, 47.3041], [8.593, 47.3042], [8.5928, 47.3044]], [[8.5928, 47.3044], [8.5927, 47.3044], [8.5925, 47.3047], [8.5923, 47.3049], [8.5921, 47.3051], [8.592, 47.3053], [8.5916, 47.3058], [8.5908, 47.307]], [[8.5899, 47.3082], [8.5899, 47.3081], [8.5902, 47.3079], [8.5903, 47.3076], [8.5906, 47.3073], [8.5908, 47.307]], [[8.5874, 47.3097], [8.5875, 47.3097], [8.5883, 47.3093], [8.5886, 47.3091], [8.5888, 47.309], [8.5891, 47.3088], [8.5893, 47.3087], [8.5894, 47.3086], [8.5899, 47.3082]], [[8.5872, 47.3099], [8.5874, 47.3097]], [[8.5856, 47.3111], [8.5862, 47.3106], [8.5866, 47.3103], [8.5869, 47.3101], [8.5872, 47.3099]], [[8.5855, 47.3112], [8.5856, 47.3111]], [[8.5814, 47.3174], [8.5816, 47.3167], [8.5818, 47.316], [8.5819, 47.3158], [8.582, 47.3156], [8.5821, 47.3154], [8.5822, 47.3152], [8.5835, 47.3134], [8.5839, 47.3129], [8.5842, 47.3125], [8.5846, 47.3121], [8.585, 47.3116], [8.5855, 47.3112]], [[8.5814, 47.3174], [8.5814, 47.3175]], [[8.5814, 47.3175], [8.5813, 47.3176]], [[8.5813, 47.3176], [8.581, 47.3187], [8.5808, 47.3191], [8.5807, 47.3195], [8.5805, 47.3199], [8.5802, 47.3205], [8.579, 47.3228], [8.5789, 47.3231], [8.5788, 47.3232], [8.5788, 47.3233]], [[8.5788, 47.3233], [8.5787, 47.3235], [8.5786, 47.3236]], [[8.5786, 47.3236], [8.5785, 47.3238], [8.5784, 47.3239], [8.5783, 47.3241], [8.5782, 47.3243], [8.5781, 47.3244], [8.578, 47.3245], [8.5778, 47.3247], [8.5777, 47.3249], [8.5776, 47.325]], [[8.5776, 47.325], [8.5775, 47.3251]], [[8.5775, 47.3251], [8.5774, 47.3253], [8.5773, 47.3254], [8.5771, 47.3255], [8.577, 47.3257], [8.5769, 47.3258], [8.5768, 47.3259], [8.5767, 47.326], [8.5766, 47.3261], [8.5765, 47.3261], [8.5764, 47.3262], [8.5762, 47.3264], [8.5761, 47.3265], [8.576, 47.3266], [8.5759, 47.3267], [8.5757, 47.3269], [8.5754, 47.3271], [8.5753, 47.3272], [8.5752, 47.3273], [8.5751, 47.3274], [8.575, 47.3275], [8.5749, 47.3276], [8.5749, 47.3277], [8.5748, 47.3277], [8.5748, 47.3278], [8.5747, 47.3278]], [[8.5747, 47.3278], [8.5747, 47.3279], [8.5746, 47.3279], [8.5746, 47.328]], [[8.5746, 47.328], [8.5745, 47.3281], [8.5745, 47.3282], [8.5744, 47.3283], [8.5744, 47.3284], [8.5743, 47.3285], [8.5743, 47.3286], [8.5743, 47.3287], [8.5742, 47.3287], [8.5742, 47.3288], [8.5742, 47.3289], [8.5742, 47.329], [8.5742, 47.3291], [8.5741, 47.3293], [8.5741, 47.3294], [8.5741, 47.3295], [8.5741, 47.3296], [8.5741, 47.3297], [8.574, 47.3297], [8.574, 47.3298], [8.574, 47.3299], [8.574, 47.33], [8.5739, 47.3301], [8.5739, 47.3302], [8.5739, 47.3303], [8.5739, 47.3304], [8.5738, 47.3304], [8.5738, 47.3305], [8.5738, 47.3306], [8.5737, 47.3306], [8.5737, 47.3307], [8.5736, 47.3308], [8.5736, 47.331], [8.5735, 47.3311], [8.5734, 47.3313], [8.5732, 47.3315], [8.5731, 47.3317], [8.573, 47.3319], [8.5728, 47.3321], [8.5727, 47.3323], [8.5725, 47.3325], [8.5725, 47.3326], [8.5724, 47.3327]], [[8.5724, 47.3327], [8.5723, 47.3329]], [[8.5723, 47.3329], [8.572, 47.3332], [8.5719, 47.3334], [8.5718, 47.3335], [8.5717, 47.3336], [8.5717, 47.3337], [8.5716, 47.3338]], [[8.5716, 47.3338], [8.5715, 47.334], [8.5712, 47.3345], [8.5709, 47.335], [8.5707, 47.3353], [8.5706, 47.3355], [8.5705, 47.3357], [8.5703, 47.3359]], [[8.5703, 47.3359], [8.5702, 47.3362], [8.57, 47.3364], [8.5698, 47.3368], [8.5694, 47.3374], [8.5692, 47.3377], [8.5692, 47.3378], [8.5691, 47.3379], [8.569, 47.338], [8.5689, 47.3382], [8.5689, 47.3384], [8.5688, 47.3385], [8.5687, 47.3387], [8.5686, 47.339]], [[8.5686, 47.339], [8.5685, 47.3393]], [[8.5685, 47.3393], [8.5684, 47.3395], [8.5683, 47.3397], [8.5682, 47.34], [8.5682, 47.3403], [8.5681, 47.3405], [8.5681, 47.3406], [8.5681, 47.3409], [8.5681, 47.3412], [8.5681, 47.3415], [8.5682, 47.3419], [8.5682, 47.3423], [8.5681, 47.3426], [8.5681, 47.3429], [8.5679, 47.3432], [8.5678, 47.3434], [8.5677, 47.3437], [8.5675, 47.3439], [8.5673, 47.3442], [8.567, 47.3444], [8.5665, 47.345], [8.5659, 47.3456], [8.5652, 47.3462]], [[8.5652, 47.3462], [8.565, 47.3465], [8.5647, 47.3468]], [[8.5647, 47.3468], [8.5645, 47.347], [8.5643, 47.3472], [8.5638, 47.3477], [8.5636, 47.3479]], [[8.5636, 47.3479], [8.5615, 47.3502], [8.561, 47.3508], [8.5608, 47.351]], [[8.5608, 47.351], [8.5607, 47.3511], [8.5606, 47.3513], [8.5604, 47.3514], [8.5603, 47.3516], [8.5602, 47.3518]], [[8.5602, 47.3518], [8.5601, 47.3519], [8.5601, 47.352], [8.56, 47.3521], [8.56, 47.3522], [8.56, 47.3523], [8.5599, 47.3524], [8.5599, 47.3525], [8.5599, 47.3526], [8.5599, 47.3528], [8.5599, 47.353], [8.5598, 47.3535], [8.5598, 47.3541], [8.5597, 47.3544], [8.5597, 47.3545], [8.5597, 47.3547], [8.5596, 47.3549], [8.5595, 47.3552]], [[8.5501, 47.366], [8.5499, 47.366], [8.5497, 47.3661], [8.5495, 47.3662], [8.5493, 47.3663], [8.5492, 47.3664], [8.549, 47.3665], [8.5489, 47.3665], [8.5487, 47.3667], [8.5485, 47.3667], [8.5484, 47.3669], [8.5482, 47.367], [8.5481, 47.3671], [8.548, 47.3672], [8.5479, 47.3673], [8.5478, 47.3674], [8.5477, 47.3675], [8.5477, 47.3676]], [[8.5323, 47.3805], [8.5313, 47.3808], [8.531, 47.3809], [8.5307, 47.381], [8.5305, 47.381]], [[8.5305, 47.381], [8.5299, 47.3811], [8.5296, 47.3812], [8.5293, 47.3812], [8.5291, 47.3813], [8.5289, 47.3813], [8.5287, 47.3814], [8.5286, 47.3814], [8.5285, 47.3814]], [[8.5285, 47.3814], [8.5283, 47.3815], [8.5282, 47.3815], [8.5281, 47.3816], [8.528, 47.3816]], [[8.528, 47.3816], [8.5279, 47.3817], [8.5278, 47.3817], [8.5276, 47.3818], [8.5275, 47.3818], [8.5274, 47.3819], [8.5272, 47.382], [8.5271, 47.382], [8.5267, 47.3823], [8.5266, 47.3823], [8.5263, 47.3824], [8.526, 47.3826], [8.5258, 47.3827], [8.5257, 47.3828], [8.5254, 47.3829], [8.5253, 47.3829], [8.5251, 47.383], [8.5249, 47.3831], [8.5248, 47.3831], [8.5246, 47.3832], [8.5243, 47.3833], [8.5241, 47.3833], [8.5238, 47.3834], [8.5235, 47.3835], [8.523, 47.3837], [8.5226, 47.3838]], [[8.5226, 47.3838], [8.5209, 47.3842]], [[8.5209, 47.3842], [8.5206, 47.3843], [8.5204, 47.3843], [8.5202, 47.3844], [8.5201, 47.3844], [8.5199, 47.3845], [8.5193, 47.3846], [8.5189, 47.3847], [8.5174, 47.3851]], [[8.5174, 47.3851], [8.5159, 47.3855], [8.5153, 47.3857], [8.5152, 47.3857], [8.5148, 47.3858], [8.5146, 47.3859], [8.5141, 47.386]], [[8.5141, 47.386], [8.5139, 47.386], [8.5137, 47.3861], [8.5135, 47.3862], [8.5133, 47.3862], [8.5132, 47.3863], [8.513, 47.3864], [8.5129, 47.3864], [8.5127, 47.3865], [8.5126, 47.3865], [8.5125, 47.3866], [8.5124, 47.3866], [8.5123, 47.3867], [8.5122, 47.3868], [8.5121, 47.3868], [8.512, 47.3869], [8.5119, 47.3869], [8.5118, 47.387], [8.5117, 47.3871], [8.5116, 47.3872], [8.5115, 47.3873], [8.5114, 47.3874], [8.5113, 47.3875], [8.5112, 47.3876], [8.5111, 47.3877], [8.5111, 47.3878], [8.511, 47.3879], [8.5109, 47.388], [8.5109, 47.3881], [8.5108, 47.3882], [8.5108, 47.3883], [8.5108, 47.3884], [8.5107, 47.3885], [8.5107, 47.3886], [8.5107, 47.3887], [8.5106, 47.3888], [8.5106, 47.3889], [8.5106, 47.389], [8.5106, 47.3891], [8.5106, 47.3892], [8.5106, 47.3893], [8.5106, 47.3894], [8.5106, 47.3895], [8.5106, 47.3896], [8.5107, 47.3897], [8.5107, 47.3898], [8.5107, 47.3899], [8.5107, 47.39], [8.5108, 47.3901], [8.5108, 47.3902], [8.5109, 47.3904], [8.5109, 47.3905], [8.511, 47.3906], [8.5111, 47.3908], [8.5112, 47.3911], [8.5113, 47.3913], [8.5114, 47.3915]], [[8.5114, 47.3915], [8.5118, 47.3922], [8.5123, 47.3932]], [[8.5123, 47.3932], [8.5128, 47.394], [8.513, 47.3943], [8.5133, 47.3948], [8.5133, 47.395]], [[8.5133, 47.395], [8.5135, 47.3952]], [[8.5359, 47.4053], [8.536, 47.4054], [8.5361, 47.4056], [8.5362, 47.4057], [8.5363, 47.4059], [8.5364, 47.4059], [8.5365, 47.4062], [8.5366, 47.4064], [8.5368, 47.4067]], [[8.5368, 47.4067], [8.5369, 47.4068]], [[8.5369, 47.4068], [8.5371, 47.4072], [8.5373, 47.4077], [8.5375, 47.4079], [8.5376, 47.408], [8.5376, 47.4081], [8.5377, 47.4083], [8.5378, 47.4084]], [[8.5378, 47.4084], [8.5382, 47.4088], [8.5384, 47.409], [8.5387, 47.4092], [8.5389, 47.4094], [8.5391, 47.4096], [8.5393, 47.4097], [8.5395, 47.4099], [8.5397, 47.41], [8.54, 47.4102]], [[8.54, 47.4102], [8.5409, 47.4107], [8.5413, 47.4108], [8.5416, 47.411], [8.5418, 47.4111], [8.5419, 47.4112], [8.542, 47.4113], [8.5421, 47.4113], [8.5423, 47.4114], [8.5424, 47.4114], [8.5426, 47.4115], [8.5427, 47.4116], [8.5428, 47.4116], [8.543, 47.4117], [8.5431, 47.4118], [8.5432, 47.4118], [8.5433, 47.4118], [8.5436, 47.4119], [8.5437, 47.412], [8.5442, 47.4122], [8.545, 47.4124], [8.5452, 47.4125], [8.5454, 47.4126], [8.5455, 47.4126], [8.5456, 47.4126], [8.5457, 47.4127], [8.5458, 47.4127], [8.5459, 47.4128], [8.546, 47.4128], [8.5461, 47.4129]], [[8.5461, 47.4129], [8.5462, 47.413], [8.5463, 47.413], [8.5464, 47.4131], [8.5465, 47.4132]], [[8.5465, 47.4132], [8.5466, 47.4132], [8.5467, 47.4133], [8.5468, 47.4134], [8.5469, 47.4134], [8.547, 47.4136]], [[8.547, 47.4136], [8.5471, 47.4136], [8.5473, 47.4138]], [[8.5473, 47.4138], [8.5475, 47.414]], [[8.5475, 47.414], [8.5477, 47.4142], [8.548, 47.4145]], [[8.548, 47.4145], [8.5482, 47.4147]], [[8.5482, 47.4147], [8.5486, 47.4152], [8.5487, 47.4153]], [[8.5487, 47.4153], [8.549, 47.4156], [8.5495, 47.4162]], [[8.5495, 47.4162], [8.5497, 47.4164], [8.5498, 47.4165], [8.5499, 47.4166], [8.55, 47.4167], [8.5501, 47.4169], [8.5502, 47.417], [8.5503, 47.4172], [8.5504, 47.4174], [8.5505, 47.4176], [8.5507, 47.4179], [8.5508, 47.4182], [8.5509, 47.4183], [8.5509, 47.4184], [8.551, 47.4185], [8.5511, 47.4187], [8.5512, 47.4188], [8.5513, 47.4189], [8.5514, 47.419]], [[8.5514, 47.419], [8.5514, 47.4191], [8.5515, 47.4192], [8.5516, 47.4193], [8.5517, 47.4194], [8.5518, 47.4195], [8.552, 47.4196], [8.5521, 47.4197], [8.5522, 47.4198], [8.5523, 47.4199], [8.5525, 47.42], [8.5527, 47.4202], [8.5529, 47.4204], [8.5534, 47.4206], [8.5536, 47.4208], [8.5538, 47.421], [8.554, 47.421], [8.5541, 47.4211], [8.5542, 47.4212], [8.5543, 47.4213]], [[8.5543, 47.4213], [8.5544, 47.4214], [8.5545, 47.4215], [8.5546, 47.4216], [8.5547, 47.4217], [8.5548, 47.4218], [8.5551, 47.4221], [8.5563, 47.4235], [8.5573, 47.4246]], [[8.5573, 47.4246], [8.5575, 47.4247]], [[8.5575, 47.4247], [8.5577, 47.4249], [8.5579, 47.4251], [8.5581, 47.4254], [8.5583, 47.4255], [8.5584, 47.4256], [8.5587, 47.4259], [8.5589, 47.4262]], [[8.559, 47.4263], [8.5589, 47.4262]], [[8.559, 47.4263], [8.5592, 47.4265], [8.5594, 47.4267], [8.5595, 47.4269], [8.5599, 47.4272], [8.5601, 47.4275], [8.5602, 47.4276], [8.5604, 47.4278]], [[8.5604, 47.4278], [8.5609, 47.4284], [8.561, 47.4285], [8.5611, 47.4286], [8.5612, 47.4287], [8.5613, 47.4288], [8.5614, 47.4289], [8.5614, 47.429], [8.5615, 47.4291]], [[8.5624, 47.4317], [8.5624, 47.4318], [8.5626, 47.4329], [8.5626, 47.4332], [8.5626, 47.4333], [8.5627, 47.4334], [8.5627, 47.4336], [8.5627, 47.4337], [8.5627, 47.4338], [8.5627, 47.4339], [8.5627, 47.434], [8.5627, 47.4341], [8.5627, 47.4343], [8.5627, 47.4344], [8.5627, 47.4345], [8.5626, 47.4347]], [[8.5626, 47.4347], [8.5626, 47.4348], [8.5625, 47.4351], [8.5624, 47.4352]], [[8.5624, 47.4352], [8.5624, 47.4353], [8.5624, 47.4354], [8.5623, 47.4355], [8.5623, 47.4356], [8.5622, 47.4357], [8.5622, 47.4358], [8.5621, 47.4359], [8.562, 47.436], [8.562, 47.4361], [8.5619, 47.4362], [8.5618, 47.4362], [8.5618, 47.4363], [8.5617, 47.4364], [8.5616, 47.4365], [8.5615, 47.4366], [8.5614, 47.4367], [8.5613, 47.4368]], [[8.5652, 47.4513], [8.5654, 47.4513]], [[8.5602, 47.4484], [8.5602, 47.4485], [8.5604, 47.4488], [8.5606, 47.4489], [8.5607, 47.4491], [8.5609, 47.4493], [8.561, 47.4494], [8.5612, 47.4496], [8.5613, 47.4497], [8.5615, 47.4498], [8.5616, 47.4498], [8.5617, 47.4499], [8.5618, 47.45], [8.5619, 47.4501], [8.5621, 47.4502], [8.5623, 47.4503], [8.5624, 47.4503], [8.5626, 47.4504], [8.5628, 47.4505], [8.563, 47.4506], [8.5632, 47.4507], [8.5633, 47.4507], [8.5634, 47.4508], [8.5636, 47.4508], [8.5639, 47.4509], [8.564, 47.4509], [8.5637, 47.4508], [8.5634, 47.4507], [8.5633, 47.4506], [8.5631, 47.4506], [8.5629, 47.4504], [8.5628, 47.4504], [8.5627, 47.4504], [8.5626, 47.4503], [8.5624, 47.4502], [8.5622, 47.4501], [8.5621, 47.4501], [8.5621, 47.45], [8.562, 47.45], [8.5619, 47.45], [8.5619, 47.4499], [8.5617, 47.4498], [8.5616, 47.4497], [8.5614, 47.4496], [8.5613, 47.4495], [8.5612, 47.4494], [8.561, 47.4492], [8.5608, 47.449], [8.5607, 47.4489], [8.5605, 47.4487], [8.5603, 47.4485], [8.5603, 47.4484], [8.5602, 47.4484]], [[8.5481, 47.3673], [8.5483, 47.3671], [8.5485, 47.3669], [8.5486, 47.3669], [8.5488, 47.3668], [8.5489, 47.3667], [8.5491, 47.3666], [8.5493, 47.3665], [8.5495, 47.3664], [8.5496, 47.3663], [8.5498, 47.3662], [8.5502, 47.3661], [8.5502, 47.366], [8.5501, 47.366], [8.5498, 47.3662], [8.5495, 47.3663], [8.5494, 47.3663], [8.5492, 47.3664], [8.549, 47.3665], [8.5488, 47.3666], [8.5487, 47.3667], [8.5485, 47.3669], [8.5484, 47.3669], [8.5482, 47.3671], [8.5481, 47.3671], [8.548, 47.3672], [8.5479, 47.3674], [8.5478, 47.3676], [8.548, 47.3674], [8.5481, 47.3673]], [[8.5774, 47.3253], [8.5775, 47.3253], [8.577, 47.3258], [8.5769, 47.3259], [8.5768, 47.326], [8.5766, 47.3262], [8.5764, 47.3263], [8.576, 47.3267], [8.5756, 47.3271], [8.5755, 47.3271], [8.5754, 47.3272], [8.5753, 47.3274], [8.5752, 47.3275], [8.575, 47.3277], [8.575, 47.3276], [8.5752, 47.3274], [8.5754, 47.3272], [8.5755, 47.3271], [8.5757, 47.327], [8.576, 47.3267], [8.5764, 47.3263], [8.5765, 47.3262], [8.5767, 47.326], [8.5769, 47.3258], [8.5774, 47.3253]], [[8.5995, 47.2961], [8.5995, 47.2962], [8.5992, 47.2969], [8.5992, 47.2971], [8.5991, 47.2971], [8.599, 47.2973], [8.599, 47.2974], [8.599, 47.2975], [8.5989, 47.2975], [8.5988, 47.2977], [8.5988, 47.2978], [8.5987, 47.2979], [8.5986, 47.298], [8.5985, 47.2981], [8.5984, 47.2983], [8.5983, 47.2984], [8.5982, 47.2984], [8.5984, 47.2983], [8.5984, 47.2981], [8.5986, 47.298], [8.5987, 47.2978], [8.5988, 47.2976], [8.5989, 47.2974], [8.5991, 47.2971], [8.5991, 47.297], [8.5992, 47.2968], [8.5994, 47.2964], [8.5995, 47.2961]], [[8.5598, 47.4477], [8.5597, 47.4476]], [[8.5613, 47.4368], [8.5615, 47.4367], [8.5616, 47.4366], [8.5617, 47.4365], [8.5618, 47.4364], [8.5618, 47.4363], [8.5619, 47.4362], [8.562, 47.4361], [8.5621, 47.436], [8.5621, 47.4359], [8.5622, 47.4358], [8.5623, 47.4357], [8.5623, 47.4356], [8.5624, 47.4355], [8.5624, 47.4354], [8.5624, 47.4353], [8.5625, 47.4352]], [[8.5625, 47.4352], [8.5626, 47.4351], [8.5626, 47.4348], [8.5627, 47.4347], [8.5627, 47.4346]], [[8.5627, 47.4346], [8.5627, 47.4345], [8.5627, 47.4344], [8.5627, 47.4343], [8.5627, 47.4341], [8.5627, 47.434], [8.5627, 47.4339], [8.5627, 47.4338], [8.5627, 47.4337], [8.5627, 47.4336], [8.5627, 47.4334], [8.5627, 47.4333], [8.5627, 47.4332], [8.5626, 47.4329], [8.5624, 47.4318], [8.5624, 47.4317]], [[8.5616, 47.4291], [8.5615, 47.4289], [8.5614, 47.4289], [8.5614, 47.4288], [8.5613, 47.4287], [8.5612, 47.4286], [8.5611, 47.4285], [8.561, 47.4284], [8.5605, 47.4278], [8.5603, 47.4277], [8.5602, 47.4275]], [[8.5602, 47.4275], [8.5601, 47.4274], [8.5599, 47.4272], [8.5598, 47.427], [8.5593, 47.4265], [8.5592, 47.4263], [8.559, 47.4261], [8.5588, 47.4258], [8.5586, 47.4256], [8.5583, 47.4253], [8.5581, 47.425], [8.5578, 47.4248], [8.5565, 47.4234], [8.5565, 47.4233], [8.5558, 47.4226], [8.5552, 47.4219], [8.555, 47.4217], [8.5548, 47.4216], [8.5546, 47.4213], [8.5545, 47.4212]], [[8.5545, 47.4212], [8.5543, 47.421], [8.5541, 47.4209], [8.5535, 47.4203]], [[8.5535, 47.4203], [8.5532, 47.4201], [8.553, 47.4198], [8.5528, 47.4196], [8.5526, 47.4194], [8.5519, 47.4186], [8.5514, 47.4181], [8.5507, 47.4173]], [[8.5501, 47.4167], [8.5502, 47.4169], [8.5504, 47.417], [8.5506, 47.4172], [8.5507, 47.4173]], [[8.5491, 47.4156], [8.55, 47.4166], [8.5501, 47.4167]], [[8.5488, 47.4153], [8.5489, 47.4154], [8.549, 47.4155], [8.5491, 47.4156]], [[8.5481, 47.4145], [8.5487, 47.4152], [8.5488, 47.4153]], [[8.5479, 47.4143], [8.5481, 47.4144], [8.5481, 47.4145]], [[8.5477, 47.414], [8.5478, 47.4141], [8.5479, 47.4143]], [[8.5474, 47.4138], [8.5477, 47.414]], [[8.547, 47.4134], [8.5472, 47.4135], [8.5473, 47.4137], [8.5474, 47.4138]], [[8.547, 47.4134], [8.5469, 47.4133], [8.5468, 47.4132], [8.5467, 47.4131], [8.5466, 47.413]], [[8.5466, 47.413], [8.5465, 47.413], [8.5464, 47.4129], [8.5463, 47.4129], [8.5463, 47.4128], [8.5462, 47.4128]], [[8.5462, 47.4128], [8.5461, 47.4127], [8.546, 47.4127], [8.5459, 47.4126], [8.5458, 47.4126], [8.5456, 47.4125], [8.5455, 47.4124], [8.5454, 47.4124], [8.5452, 47.4124], [8.545, 47.4123], [8.5443, 47.412], [8.5434, 47.4117], [8.5433, 47.4117], [8.5431, 47.4116], [8.543, 47.4116], [8.5429, 47.4115], [8.5427, 47.4115], [8.5426, 47.4114], [8.5424, 47.4113], [8.5423, 47.4113], [8.5422, 47.4112], [8.5421, 47.4112], [8.542, 47.4111], [8.5419, 47.4111], [8.5417, 47.411]], [[8.5417, 47.411], [8.5414, 47.4108], [8.541, 47.4106], [8.5409, 47.4105], [8.5403, 47.4102]], [[8.5387, 47.4091], [8.539, 47.4093], [8.5391, 47.4094], [8.5393, 47.4095], [8.5394, 47.4097], [8.5396, 47.4098], [8.5403, 47.4102]], [[8.5386, 47.409], [8.5387, 47.4091]], [[8.5376, 47.4079], [8.5377, 47.4082], [8.5379, 47.4084], [8.5381, 47.4086], [8.5383, 47.4087], [8.5386, 47.409]], [[8.5376, 47.4079], [8.5375, 47.4079], [8.5374, 47.4078]], [[8.5374, 47.4078], [8.5373, 47.4076], [8.5371, 47.4072], [8.5368, 47.4066], [8.5366, 47.4063], [8.5364, 47.406]], [[8.5364, 47.406], [8.5364, 47.4059], [8.5362, 47.4057], [8.5361, 47.4055], [8.536, 47.4054], [8.536, 47.4053]], [[8.5135, 47.3952], [8.5134, 47.395]], [[8.5134, 47.395], [8.5133, 47.3948], [8.513, 47.3943], [8.5129, 47.3941]], [[8.5129, 47.3941], [8.5115, 47.3916], [8.5114, 47.3914], [8.5113, 47.3911], [8.5112, 47.391], [8.5111, 47.3908], [8.511, 47.3906], [8.511, 47.3905], [8.5109, 47.3903], [8.5108, 47.3902], [8.5108, 47.3901], [8.5108, 47.39], [8.5108, 47.3899], [8.5107, 47.3898], [8.5107, 47.3897], [8.5107, 47.3896], [8.5107, 47.3895], [8.5107, 47.3894], [8.5106, 47.3893], [8.5106, 47.3892], [8.5107, 47.3891], [8.5107, 47.389], [8.5107, 47.3889], [8.5107, 47.3888], [8.5107, 47.3887], [8.5107, 47.3886], [8.5108, 47.3885], [8.5108, 47.3884], [8.5109, 47.3883], [8.5109, 47.3882], [8.5109, 47.3881], [8.511, 47.388], [8.5111, 47.3879], [8.5111, 47.3878], [8.5112, 47.3877], [8.5113, 47.3876], [8.5113, 47.3875], [8.5114, 47.3875], [8.5115, 47.3874], [8.5116, 47.3873], [8.5117, 47.3872], [8.5118, 47.3871], [8.5119, 47.387], [8.512, 47.3869], [8.5121, 47.3869], [8.5121, 47.3868], [8.5122, 47.3868], [8.5123, 47.3867], [8.5124, 47.3867], [8.5125, 47.3866], [8.5126, 47.3866], [8.5128, 47.3865], [8.5129, 47.3864], [8.513, 47.3864], [8.5132, 47.3863], [8.5134, 47.3863], [8.5135, 47.3862], [8.5137, 47.3861], [8.5139, 47.3861], [8.5141, 47.386]], [[8.5141, 47.386], [8.5147, 47.3859], [8.5148, 47.3858], [8.5151, 47.3858], [8.5154, 47.3857], [8.5157, 47.3856], [8.5159, 47.3856], [8.5163, 47.3855], [8.5165, 47.3855], [8.5175, 47.3852]], [[8.5175, 47.3852], [8.5193, 47.3847], [8.5196, 47.3846], [8.52, 47.3845], [8.521, 47.3842]], [[8.521, 47.3842], [8.5218, 47.384]], [[8.5218, 47.384], [8.523, 47.3837], [8.5235, 47.3836], [8.5239, 47.3835], [8.5241, 47.3834], [8.5244, 47.3833], [8.5246, 47.3832], [8.5248, 47.3831], [8.525, 47.3831], [8.5252, 47.383], [8.5253, 47.383], [8.5254, 47.3829], [8.5257, 47.3828], [8.5258, 47.3827], [8.526, 47.3827], [8.5264, 47.3825], [8.5266, 47.3824], [8.5267, 47.3823], [8.5271, 47.3821], [8.5275, 47.3819]], [[8.5275, 47.3819], [8.5276, 47.3818]], [[8.5276, 47.3818], [8.5279, 47.3817], [8.528, 47.3816], [8.5282, 47.3816], [8.5283, 47.3815], [8.5284, 47.3815], [8.5286, 47.3814], [8.5287, 47.3814], [8.5288, 47.3814], [8.5291, 47.3813]], [[8.5291, 47.3813], [8.5293, 47.3813], [8.5295, 47.3812], [8.5296, 47.3812], [8.5305, 47.381]], [[8.5305, 47.381], [8.5307, 47.381], [8.531, 47.3809], [8.5313, 47.3809], [8.5323, 47.3806]], [[8.5501, 47.366], [8.5499, 47.3661], [8.5497, 47.3662], [8.5496, 47.3662], [8.5494, 47.3663], [8.5492, 47.3664], [8.549, 47.3665], [8.5489, 47.3666], [8.5487, 47.3667], [8.5486, 47.3668], [8.5484, 47.3669], [8.5483, 47.367], [8.5482, 47.3671], [8.5481, 47.3672], [8.548, 47.3673], [8.5479, 47.3674], [8.5478, 47.3675], [8.5477, 47.3676]], [[8.5606, 47.3513], [8.5604, 47.3515], [8.5603, 47.3516], [8.5602, 47.3518]], [[8.5638, 47.3478], [8.5637, 47.3479], [8.5634, 47.3482], [8.5616, 47.3502], [8.5611, 47.3507], [8.5609, 47.351], [8.5606, 47.3513]], [[8.5642, 47.3474], [8.564, 47.3475], [8.5638, 47.3478]], [[8.5659, 47.3456], [8.565, 47.3465], [8.5648, 47.3467], [8.5646, 47.3469], [8.5642, 47.3474]], [[8.5685, 47.3393], [8.5684, 47.3395], [8.5683, 47.3397], [8.5683, 47.34], [8.5682, 47.3403], [8.5682, 47.3405], [8.5682, 47.3406], [8.5682, 47.3409], [8.5682, 47.3412], [8.5682, 47.3415], [8.5682, 47.3419], [8.5682, 47.3423], [8.5682, 47.3426], [8.5681, 47.3429], [8.568, 47.3432], [8.5679, 47.3434], [8.5677, 47.3437], [8.5675, 47.344], [8.5673, 47.3442], [8.5671, 47.3444], [8.5665, 47.345], [8.5659, 47.3456]], [[8.5704, 47.336], [8.5703, 47.3361], [8.5702, 47.3363], [8.57, 47.3367], [8.5695, 47.3375], [8.5692, 47.3381], [8.5691, 47.3382], [8.569, 47.3384], [8.5689, 47.3385], [8.5688, 47.3387], [8.5686, 47.339]], [[8.5712, 47.3345], [8.5709, 47.3351], [8.5707, 47.3355], [8.5704, 47.336]], [[8.5723, 47.3329], [8.5721, 47.3332], [8.572, 47.3334], [8.5719, 47.3335], [8.5718, 47.3337], [8.5717, 47.3337], [8.5717, 47.3338], [8.5715, 47.334], [8.5712, 47.3345]], [[8.5724, 47.3328], [8.5723, 47.3329]], [[8.5746, 47.328], [8.5746, 47.3281], [8.5745, 47.3282], [8.5745, 47.3283], [8.5744, 47.3284], [8.5744, 47.3285], [8.5744, 47.3286], [8.5743, 47.3287], [8.5743, 47.3288], [8.5742, 47.3289], [8.5742, 47.329], [8.5742, 47.3291], [8.5742, 47.3293], [8.5741, 47.3295], [8.5741, 47.3296], [8.5741, 47.3297], [8.5741, 47.3298], [8.5741, 47.3299], [8.574, 47.33], [8.574, 47.3301], [8.574, 47.3302], [8.5739, 47.3303], [8.5739, 47.3304], [8.5739, 47.3305], [8.5738, 47.3306], [8.5737, 47.3307], [8.5737, 47.3308], [8.5737, 47.3309], [8.5736, 47.331], [8.5736, 47.3311], [8.5735, 47.3311], [8.5734, 47.3313], [8.5733, 47.3315], [8.5732, 47.3317], [8.5731, 47.3319], [8.5729, 47.3321], [8.5727, 47.3323], [8.5726, 47.3326], [8.5725, 47.3327], [8.5724, 47.3328]], [[8.5747, 47.3279], [8.5747, 47.328], [8.5746, 47.328]], [[8.5776, 47.3251], [8.5774, 47.3253], [8.5773, 47.3254], [8.5771, 47.3256], [8.5769, 47.3258], [8.5769, 47.3259], [8.5767, 47.326], [8.5766, 47.3261], [8.5765, 47.3262], [8.5761, 47.3265], [8.5759, 47.3267], [8.5757, 47.3269], [8.5755, 47.3271], [8.5754, 47.3272], [8.5753, 47.3273], [8.5752, 47.3274], [8.5751, 47.3274], [8.5751, 47.3275], [8.575, 47.3276], [8.5749, 47.3277], [8.5748, 47.3278], [8.5747, 47.3279]], [[8.5777, 47.325], [8.5776, 47.3251]], [[8.5782, 47.3243], [8.5781, 47.3244], [8.578, 47.3245], [8.5779, 47.3246], [8.5779, 47.3248], [8.5777, 47.3249], [8.5777, 47.325]], [[8.5815, 47.3175], [8.5814, 47.3179], [8.5811, 47.3187], [8.581, 47.3192], [8.5808, 47.3195], [8.5806, 47.3199], [8.5803, 47.3205], [8.5791, 47.3228], [8.5788, 47.3233], [8.5787, 47.3235], [8.5787, 47.3236], [8.5786, 47.3237], [8.5785, 47.3238], [8.5785, 47.3239], [8.5784, 47.324], [8.5783, 47.3242], [8.5782, 47.3243]], [[8.5815, 47.3173], [8.5815, 47.3175]], [[8.5817, 47.3165], [8.5815, 47.3173]], [[8.5855, 47.3112], [8.585, 47.3117], [8.5846, 47.3121], [8.5843, 47.3125], [8.5839, 47.3129], [8.5835, 47.3134], [8.5823, 47.3152], [8.5821, 47.3154], [8.582, 47.3156], [8.5819, 47.3158], [8.5818, 47.316], [8.5817, 47.3165]], [[8.5857, 47.3111], [8.5855, 47.3112]], [[8.5872, 47.3099], [8.5869, 47.3101], [8.5866, 47.3103], [8.5862, 47.3106], [8.5857, 47.3111]], [[8.5873, 47.3098], [8.5872, 47.3099]], [[8.5889, 47.309], [8.5886, 47.3091], [8.5878, 47.3095], [8.5875, 47.3097], [8.5873, 47.3098]], [[8.5909, 47.307], [8.5906, 47.3073], [8.5904, 47.3077], [8.5902, 47.3079], [8.59, 47.3081], [8.5897, 47.3084], [8.5895, 47.3086], [8.5893, 47.3087], [8.5889, 47.309]], [[8.5929, 47.3044], [8.5927, 47.3047], [8.5924, 47.305], [8.5923, 47.3052], [8.5921, 47.3054], [8.592, 47.3056], [8.5918, 47.3058], [8.5914, 47.3064], [8.5909, 47.307]], [[8.5945, 47.3028], [8.5943, 47.303], [8.5942, 47.3032], [8.5941, 47.3033], [8.594, 47.3034], [8.5939, 47.3035], [8.5937, 47.3037], [8.5932, 47.3041], [8.5929, 47.3044]], [[8.5946, 47.3026], [8.5945, 47.3028]], [[8.5969, 47.2995], [8.5961, 47.3003], [8.5958, 47.3005], [8.5956, 47.3007], [8.5954, 47.301], [8.5953, 47.3012], [8.5951, 47.3016], [8.595, 47.3018], [8.5949, 47.302]], [[8.5972, 47.2993], [8.5969, 47.2995]], [[8.5995, 47.296], [8.5991, 47.2971], [8.5989, 47.2974], [8.5988, 47.2976], [8.5986, 47.2979], [8.5983, 47.2982], [8.5981, 47.2985], [8.5978, 47.2988], [8.5972, 47.2993]], [[8.6036, 47.2906], [8.6035, 47.2907], [8.6034, 47.2909], [8.6032, 47.291], [8.6031, 47.2911], [8.6029, 47.2913], [8.6027, 47.2914], [8.6024, 47.2916], [8.6019, 47.292], [8.6017, 47.2921], [8.6015, 47.2923], [8.6013, 47.2925], [8.601, 47.2927], [8.6008, 47.293], [8.6007, 47.2932], [8.6005, 47.2935], [8.6004, 47.2937], [8.6003, 47.2939], [8.6002, 47.2941], [8.5998, 47.2953], [8.5997, 47.2956], [8.5995, 47.296]], [[8.607, 47.2875], [8.6068, 47.2877], [8.606, 47.2883], [8.6053, 47.2888], [8.6049, 47.2891], [8.6048, 47.2892], [8.6046, 47.2894], [8.6045, 47.2895], [8.6043, 47.2897], [8.6042, 47.2899], [8.6039, 47.2901], [8.6037, 47.2904]], [[8.6072, 47.2874], [8.607, 47.2875]], [[8.6075, 47.2872], [8.6074, 47.2873], [8.6072, 47.2874]], [[8.6079, 47.2868], [8.6077, 47.287], [8.6075, 47.2872]], [[8.6094, 47.285], [8.6091, 47.2853], [8.6089, 47.2855], [8.6088, 47.2856], [8.6086, 47.2858], [8.6083, 47.2863], [8.6081, 47.2866], [8.6079, 47.2868]], [[8.6098, 47.2846], [8.6094, 47.285]], [[8.6108, 47.2837], [8.6105, 47.284], [8.6102, 47.2842], [8.6098, 47.2846]], [[8.6108, 47.2836], [8.6108, 47.2837]], [[8.6108, 47.2836], [8.6112, 47.2833]], [[8.6112, 47.2833], [8.6114, 47.2831]], [[8.6114, 47.2831], [8.6115, 47.283]], [[8.6115, 47.283], [8.6119, 47.2827], [8.6123, 47.2824], [8.6127, 47.2821], [8.6133, 47.2817], [8.6145, 47.2808], [8.6147, 47.2806], [8.6149, 47.2804], [8.6151, 47.2803]], [[8.6151, 47.2803], [8.6155, 47.28], [8.616, 47.2797]], [[8.616, 47.2797], [8.6161, 47.2796]], [[8.6171, 47.2789], [8.6161, 47.2796]]]}, "properties": {"ref": "S16", "opened_year": 1990, "is_tunnel": false, "segment_count": 186}}, {"type": "Feature", "geometry": {"type": "MultiLineString", "coordinates": [[[8.552, 47.3655], [8.5505, 47.3659]], [[8.5505, 47.3659], [8.5503, 47.3659], [8.5501, 47.366]], [[8.5477, 47.3676], [8.5475, 47.3677], [8.5475, 47.3679], [8.5473, 47.3681], [8.5473, 47.3683], [8.5472, 47.3687]], [[8.5472, 47.3687], [8.5471, 47.3689], [8.5471, 47.3691], [8.5471, 47.3693], [8.5471, 47.3695], [8.5471, 47.3697], [8.5471, 47.3698], [8.5471, 47.37], [8.5472, 47.3702], [8.5473, 47.3704], [8.5475, 47.3709], [8.5476, 47.3712], [8.5477, 47.3714], [8.5478, 47.3717], [8.5478, 47.3719], [8.5479, 47.3721], [8.5479, 47.3723], [8.5478, 47.3725], [8.5478, 47.3728], [8.5478, 47.373], [8.5477, 47.3733], [8.5477, 47.3736], [8.5476, 47.3738], [8.5475, 47.3741], [8.5473, 47.3745], [8.5471, 47.3747], [8.547, 47.375], [8.5467, 47.3754], [8.5465, 47.3756], [8.5463, 47.3758], [8.5461, 47.376], [8.5459, 47.3762], [8.5456, 47.3764], [8.5454, 47.3766], [8.5452, 47.3767], [8.545, 47.3768], [8.5448, 47.3769], [8.5446, 47.377], [8.5442, 47.3772], [8.5438, 47.3773], [8.543, 47.3776]], [[8.543, 47.3776], [8.5425, 47.3778], [8.5421, 47.3779]], [[8.5421, 47.3779], [8.542, 47.378]], [[8.542, 47.378], [8.5417, 47.3781], [8.541, 47.3783], [8.5403, 47.3785], [8.5391, 47.3788], [8.5366, 47.3795]], [[8.5366, 47.3795], [8.5358, 47.3797]], [[8.5358, 47.3797], [8.5353, 47.3799]], [[8.5353, 47.3799], [8.535, 47.3799], [8.5346, 47.38], [8.5343, 47.3801]], [[8.5344, 47.3801], [8.5346, 47.3801], [8.5347, 47.3801], [8.535, 47.38], [8.5353, 47.3799]], [[8.5353, 47.3799], [8.5358, 47.3798]], [[8.5358, 47.3798], [8.5366, 47.3796]], [[8.5366, 47.3796], [8.5391, 47.3789], [8.5405, 47.3785], [8.542, 47.378]], [[8.542, 47.378], [8.5421, 47.378]], [[8.5421, 47.378], [8.5429, 47.3777]], [[8.5429, 47.3777], [8.5434, 47.3776], [8.5438, 47.3774], [8.5442, 47.3773], [8.5444, 47.3772], [8.5446, 47.3771], [8.5449, 47.377], [8.5451, 47.3769], [8.5453, 47.3767], [8.5454, 47.3766], [8.5457, 47.3764], [8.5459, 47.3762], [8.5461, 47.376], [8.5463, 47.3758], [8.5465, 47.3756], [8.5467, 47.3754], [8.547, 47.375], [8.5472, 47.3748], [8.5473, 47.3745], [8.5475, 47.3741], [8.5476, 47.3738], [8.5477, 47.3736], [8.5478, 47.3733], [8.5478, 47.373], [8.5479, 47.3728], [8.5479, 47.3726], [8.5479, 47.3723], [8.5479, 47.3721], [8.5479, 47.3719], [8.5478, 47.3717], [8.5477, 47.3714], [8.5477, 47.3712], [8.5476, 47.371], [8.5475, 47.3709], [8.5473, 47.3704], [8.5472, 47.3702], [8.5472, 47.37], [8.5471, 47.3698], [8.5471, 47.3697], [8.5471, 47.3694], [8.5471, 47.3692], [8.5471, 47.3691], [8.5472, 47.3689]], [[8.5472, 47.3689], [8.5472, 47.3687], [8.5473, 47.3684], [8.5473, 47.3683], [8.5474, 47.3681]], [[8.5474, 47.3681], [8.5475, 47.368], [8.5475, 47.3679], [8.5476, 47.3678], [8.5477, 47.3676]], [[8.5506, 47.3659], [8.5504, 47.366], [8.5501, 47.366]], [[8.552, 47.3655], [8.5513, 47.3657], [8.5506, 47.3659]]]}, "properties": {"ref": "S16", "opened_year": 1990, "is_tunnel": true, "segment_count": 21}}, {"type": "Feature", "geometry": {"type": "MultiLineString", "coordinates": [[[9.0584, 47.1376], [9.0597, 47.1368], [9.0602, 47.1366], [9.0612, 47.1361], [9.0615, 47.1359], [9.0617, 47.1358], [9.0618, 47.1357], [9.062, 47.1356], [9.0619, 47.1356], [9.0617, 47.1357], [9.0613, 47.1359], [9.0601, 47.1366], [9.0597, 47.1368], [9.0579, 47.1378], [9.0584, 47.1376]], [[8.8988, 47.1829], [8.8988, 47.1828], [8.9005, 47.1828], [8.9032, 47.1829], [8.9005, 47.1829], [8.8988, 47.1829]], [[8.8506, 47.1895], [8.8506, 47.1896], [8.8526, 47.1899], [8.8531, 47.19], [8.8536, 47.1901], [8.8547, 47.1903], [8.8547, 47.1902], [8.8536, 47.19], [8.8531, 47.1899], [8.8527, 47.1899], [8.8526, 47.1898], [8.8513, 47.1896], [8.8506, 47.1895]], [[8.825, 47.1938], [8.8209, 47.1943], [8.8209, 47.1942], [8.8221, 47.1941], [8.8225, 47.194], [8.8231, 47.194], [8.8238, 47.1939], [8.825, 47.1937], [8.825, 47.1938]], [[8.7762, 47.2032], [8.7764, 47.2032], [8.7766, 47.2032], [8.7768, 47.2032], [8.7771, 47.2032], [8.7778, 47.2032], [8.7782, 47.2032], [8.7787, 47.2031], [8.7788, 47.2031], [8.7791, 47.2031], [8.7801, 47.2031], [8.7806, 47.2031], [8.7809, 47.203], [8.7814, 47.203], [8.7818, 47.203], [8.7818, 47.2029], [8.7813, 47.203], [8.7804, 47.203], [8.7801, 47.203], [8.7788, 47.2031], [8.7787, 47.2031], [8.7782, 47.2031], [8.7778, 47.2031], [8.7771, 47.2031], [8.7768, 47.2032], [8.7766, 47.2032], [8.7764, 47.2032], [8.7762, 47.2032]], [[8.7049, 47.2105], [8.705, 47.2105], [8.7051, 47.2103], [8.7053, 47.2101], [8.7055, 47.21], [8.7058, 47.2098], [8.706, 47.2096], [8.7074, 47.2086], [8.708, 47.2081], [8.7079, 47.2081], [8.7077, 47.2082], [8.7074, 47.2085], [8.7073, 47.2086], [8.7072, 47.2087], [8.7063, 47.2093], [8.706, 47.2095], [8.7057, 47.2097], [8.7055, 47.2099], [8.7053, 47.2101], [8.7051, 47.2103], [8.7049, 47.2105]], [[8.5625, 47.2976], [8.5626, 47.2976], [8.5631, 47.2971], [8.5638, 47.2964], [8.5648, 47.2955], [8.5656, 47.2948], [8.5657, 47.2947], [8.5658, 47.2947], [8.5659, 47.2945], [8.5657, 47.2946], [8.5656, 47.2947], [8.5655, 47.2948], [8.5652, 47.295], [8.5648, 47.2954], [8.5641, 47.296], [8.5637, 47.2964], [8.563, 47.2971], [8.5625, 47.2976]], [[8.5299, 47.3653], [8.53, 47.3653], [8.5302, 47.3649], [8.5303, 47.3648], [8.5304, 47.3646], [8.5304, 47.3645], [8.5305, 47.3644], [8.5305, 47.3643], [8.5306, 47.3641], [8.5307, 47.364], [8.5307, 47.3638], [8.5308, 47.3635], [8.5308, 47.3636], [8.5309, 47.3635], [8.531, 47.3632], [8.531, 47.363], [8.5311, 47.3627], [8.531, 47.3627], [8.5309, 47.363], [8.5308, 47.3633], [8.5308, 47.3634], [8.5307, 47.3635], [8.5306, 47.3638], [8.5305, 47.364], [8.5304, 47.3642], [8.5304, 47.3643], [8.5303, 47.3644], [8.5303, 47.3645], [8.5302, 47.3646], [8.5302, 47.3647], [8.53, 47.3651], [8.5299, 47.3653]], [[8.5204, 47.3735], [8.5204, 47.3736], [8.5207, 47.3734], [8.5216, 47.3727], [8.5225, 47.3721], [8.5226, 47.372], [8.5234, 47.3715], [8.5235, 47.3714], [8.5234, 47.3714], [8.523, 47.3716], [8.5226, 47.372], [8.5224, 47.3721], [8.5216, 47.3727], [8.5207, 47.3733], [8.5204, 47.3735]], [[8.5602, 47.4484], [8.5602, 47.4485], [8.5604, 47.4488], [8.5606, 47.4489], [8.5607, 47.4491], [8.5609, 47.4493], [8.561, 47.4494], [8.5612, 47.4496], [8.5613, 47.4497], [8.5615, 47.4498], [8.5616, 47.4498], [8.5617, 47.4499], [8.5618, 47.45], [8.5619, 47.4501], [8.5621, 47.4502], [8.5623, 47.4503], [8.5624, 47.4503], [8.5626, 47.4504], [8.5628, 47.4505], [8.563, 47.4506], [8.5632, 47.4507], [8.5633, 47.4507], [8.5634, 47.4508], [8.5636, 47.4508], [8.5639, 47.4509], [8.564, 47.4509], [8.5637, 47.4508], [8.5634, 47.4507], [8.5633, 47.4506], [8.5631, 47.4506], [8.5629, 47.4504], [8.5628, 47.4504], [8.5627, 47.4504], [8.5626, 47.4503], [8.5624, 47.4502], [8.5622, 47.4501], [8.5621, 47.4501], [8.5621, 47.45], [8.562, 47.45], [8.5619, 47.45], [8.5619, 47.4499], [8.5617, 47.4498], [8.5616, 47.4497], [8.5614, 47.4496], [8.5613, 47.4495], [8.5612, 47.4494], [8.561, 47.4492], [8.5608, 47.449], [8.5607, 47.4489], [8.5605, 47.4487], [8.5603, 47.4485], [8.5603, 47.4484], [8.5602, 47.4484]], [[9.06, 47.1367], [9.0612, 47.1361], [9.0615, 47.1359], [9.0618, 47.1357], [9.0619, 47.1356], [9.062, 47.1356], [9.0626, 47.1352], [9.063, 47.1349], [9.0633, 47.1347]], [[9.0569, 47.1382], [9.0573, 47.1381], [9.0575, 47.138], [9.0577, 47.1379], [9.058, 47.1378], [9.0583, 47.1376], [9.0585, 47.1375], [9.0587, 47.1374], [9.06, 47.1367]], [[9.0554, 47.1388], [9.0559, 47.1386], [9.0563, 47.1385], [9.0566, 47.1383], [9.0569, 47.1382]], [[9.0553, 47.1389], [9.0554, 47.1388]], [[9.0551, 47.139], [9.0553, 47.1389]], [[9.054, 47.1393], [9.0542, 47.1393], [9.0543, 47.1392], [9.0544, 47.1392], [9.0545, 47.1392], [9.0546, 47.1392], [9.0547, 47.1391], [9.0548, 47.1391], [9.0549, 47.1391], [9.0551, 47.139]], [[9.054, 47.1393], [9.0539, 47.1393]], [[9.0539, 47.1393], [9.0531, 47.1395]], [[9.0531, 47.1395], [9.0523, 47.1397], [9.0521, 47.1398], [9.0517, 47.1398], [9.0514, 47.1399], [9.0512, 47.14], [9.0508, 47.1401], [9.0504, 47.1403], [9.05, 47.1405], [9.0496, 47.1407]], [[9.0496, 47.1407], [9.0492, 47.1409], [9.0489, 47.1411], [9.048, 47.1416], [9.0473, 47.142]], [[9.0461, 47.1427], [9.0422, 47.1451], [9.0417, 47.1453], [9.0385, 47.1473], [9.0375, 47.1479], [9.0351, 47.1493]], [[9.0351, 47.1493], [9.0349, 47.1494]], [[9.0349, 47.1494], [9.0336, 47.1502], [9.0323, 47.151], [9.0318, 47.1512]], [[9.0318, 47.1512], [9.0301, 47.1522], [9.0298, 47.1524], [9.0296, 47.1526], [9.0293, 47.1527], [9.0291, 47.1528], [9.0289, 47.153], [9.0287, 47.1531], [9.0283, 47.1533]], [[9.0272, 47.1538], [9.0273, 47.1538], [9.0281, 47.1534], [9.0283, 47.1533]], [[9.0271, 47.1539], [9.0272, 47.1538]], [[9.027, 47.1539], [9.0271, 47.1539]], [[9.027, 47.1539], [9.025, 47.1549], [9.024, 47.1554], [9.022, 47.1564], [9.0218, 47.1564], [9.0185, 47.1579], [9.0141, 47.1599], [9.0103, 47.1617], [9.0031, 47.1649], [8.9982, 47.1672], [8.9925, 47.1698], [8.9922, 47.1699], [8.992, 47.17], [8.9915, 47.1702], [8.9912, 47.1703], [8.9907, 47.1705], [8.9899, 47.1708], [8.9892, 47.171], [8.9879, 47.1714]], [[8.9879, 47.1714], [8.9878, 47.1714], [8.9864, 47.1718], [8.9862, 47.1719], [8.9857, 47.172]], [[8.9857, 47.172], [8.9854, 47.1721]], [[8.9854, 47.1721], [8.9844, 47.1723], [8.9821, 47.1729], [8.9809, 47.1731]], [[8.9809, 47.1731], [8.9802, 47.1733], [8.9799, 47.1734], [8.9796, 47.1735], [8.9781, 47.1738], [8.978, 47.1738], [8.9771, 47.174], [8.9765, 47.1741], [8.9759, 47.1743], [8.9752, 47.1744], [8.9745, 47.1744], [8.9733, 47.1746]], [[8.9733, 47.1746], [8.9731, 47.1746]], [[8.9731, 47.1746], [8.9729, 47.1746], [8.9721, 47.1747], [8.9719, 47.1748]], [[8.9719, 47.1748], [8.9717, 47.1748]], [[8.9717, 47.1748], [8.9661, 47.1755], [8.9627, 47.1759]], [[8.9627, 47.1759], [8.9625, 47.1759]], [[8.9625, 47.1759], [8.9624, 47.1759]], [[8.9624, 47.1759], [8.9623, 47.176]], [[8.9623, 47.176], [8.9598, 47.1763], [8.9517, 47.1772], [8.9512, 47.1773], [8.9511, 47.1773], [8.9501, 47.1774], [8.9496, 47.1774], [8.9492, 47.1774], [8.9486, 47.1774], [8.948, 47.1774], [8.9475, 47.1773], [8.9467, 47.1773], [8.9454, 47.1771], [8.9421, 47.1768]], [[8.9421, 47.1768], [8.9408, 47.1767], [8.9384, 47.1765], [8.9362, 47.1763], [8.936, 47.1763]], [[8.936, 47.1763], [8.9347, 47.1762], [8.9338, 47.1761], [8.9334, 47.1761], [8.9329, 47.1761], [8.9324, 47.1761], [8.932, 47.1761], [8.9315, 47.1761], [8.931, 47.1762], [8.9305, 47.1762], [8.93, 47.1763], [8.9295, 47.1764], [8.9291, 47.1765], [8.9285, 47.1767], [8.928, 47.1769], [8.9277, 47.177], [8.9274, 47.1771], [8.9271, 47.1772], [8.9268, 47.1774], [8.9264, 47.1776], [8.9259, 47.1779], [8.9254, 47.1782], [8.9235, 47.1794], [8.9233, 47.1795], [8.9228, 47.1798], [8.9223, 47.18], [8.922, 47.1802], [8.9217, 47.1803], [8.9214, 47.1805], [8.921, 47.1807], [8.9206, 47.1808], [8.9201, 47.181], [8.9196, 47.1811], [8.9192, 47.1812], [8.9189, 47.1813], [8.9187, 47.1814], [8.9182, 47.1815], [8.9178, 47.1816], [8.9168, 47.1817], [8.9117, 47.1825], [8.9106, 47.1827], [8.9101, 47.1828], [8.9099, 47.1828], [8.9097, 47.1828], [8.9095, 47.1828], [8.909, 47.1829], [8.9089, 47.1829], [8.9086, 47.1829], [8.9078, 47.1829], [8.9069, 47.1829], [8.9068, 47.1829], [8.9064, 47.1829], [8.9053, 47.1829], [8.9045, 47.1828], [8.9043, 47.1828]], [[8.9043, 47.1828], [8.9005, 47.1828], [8.8989, 47.1828]], [[8.8989, 47.1828], [8.8987, 47.1828], [8.8984, 47.1828]], [[8.8984, 47.1828], [8.898, 47.1828]], [[8.898, 47.1828], [8.8975, 47.1829], [8.8968, 47.1829], [8.8963, 47.183], [8.8961, 47.183], [8.8958, 47.1831], [8.8954, 47.1832], [8.8948, 47.1833], [8.8944, 47.1834], [8.8941, 47.1835]], [[8.8931, 47.1839], [8.8934, 47.1838], [8.8939, 47.1836], [8.8941, 47.1835]], [[8.8931, 47.1839], [8.8899, 47.1852], [8.8883, 47.1859], [8.8882, 47.1859]], [[8.8882, 47.1859], [8.8881, 47.186]], [[8.8881, 47.186], [8.8877, 47.1861], [8.8813, 47.1888]], [[8.8812, 47.1888], [8.8813, 47.1888]], [[8.8812, 47.1888], [8.8793, 47.1896], [8.8778, 47.1902]], [[8.8778, 47.1902], [8.8768, 47.1906], [8.8764, 47.1908], [8.8761, 47.1909], [8.8758, 47.1909], [8.8757, 47.191], [8.8753, 47.1911], [8.8752, 47.1911], [8.8749, 47.1912], [8.8747, 47.1912], [8.8744, 47.1912], [8.8742, 47.1913], [8.8739, 47.1913], [8.8736, 47.1913], [8.8734, 47.1913], [8.8731, 47.1914]], [[8.8724, 47.1914], [8.8731, 47.1914]], [[8.8724, 47.1914], [8.8718, 47.1914]], [[8.8718, 47.1914], [8.8704, 47.1915], [8.8677, 47.1916], [8.8674, 47.1916]], [[8.8674, 47.1916], [8.8672, 47.1916]], [[8.8672, 47.1916], [8.8671, 47.1916], [8.8664, 47.1916]], [[8.8664, 47.1916], [8.8655, 47.1916]], [[8.8655, 47.1916], [8.8652, 47.1917], [8.8648, 47.1917], [8.8645, 47.1917], [8.8642, 47.1917], [8.8639, 47.1917], [8.8636, 47.1917], [8.8633, 47.1917], [8.863, 47.1916], [8.8624, 47.1916], [8.8618, 47.1915], [8.8612, 47.1914], [8.8577, 47.1908]], [[8.8577, 47.1908], [8.857, 47.1907], [8.8562, 47.1905], [8.8558, 47.1904], [8.855, 47.1903], [8.854, 47.1901], [8.8528, 47.1898], [8.8521, 47.1897], [8.8513, 47.1896], [8.8506, 47.1895], [8.8504, 47.1895], [8.85, 47.1894], [8.8499, 47.1894], [8.8496, 47.1894], [8.8495, 47.1893], [8.8492, 47.1893], [8.849, 47.1893], [8.8487, 47.1893], [8.8485, 47.1893], [8.8482, 47.1893], [8.8478, 47.1893], [8.8477, 47.1893], [8.8474, 47.1893], [8.8471, 47.1893], [8.8468, 47.1893]], [[8.8467, 47.1893], [8.8468, 47.1893]], [[8.8467, 47.1893], [8.8448, 47.1894], [8.8447, 47.1894], [8.8437, 47.1894], [8.8431, 47.1895], [8.8426, 47.1895], [8.8421, 47.1895], [8.8418, 47.1896], [8.8414, 47.1896], [8.8412, 47.1896], [8.8409, 47.1897], [8.8406, 47.1897], [8.8404, 47.1898], [8.8401, 47.1899], [8.8398, 47.1899], [8.8395, 47.19], [8.8393, 47.1901], [8.8389, 47.1902], [8.8387, 47.1903], [8.8384, 47.1905], [8.838, 47.1907], [8.8363, 47.1916], [8.836, 47.1917], [8.834, 47.1927], [8.8336, 47.1929]], [[8.8336, 47.1929], [8.8332, 47.1931], [8.8328, 47.1933], [8.8323, 47.1934], [8.8318, 47.1935], [8.8312, 47.1937], [8.8308, 47.1937], [8.8302, 47.1937], [8.8297, 47.1937], [8.8295, 47.1937], [8.8274, 47.1937], [8.8266, 47.1937], [8.8258, 47.1937]], [[8.8258, 47.1937], [8.8257, 47.1937], [8.8252, 47.1938], [8.825, 47.1938], [8.8229, 47.194], [8.8201, 47.1944]], [[8.8201, 47.1944], [8.8196, 47.1944], [8.8191, 47.1945], [8.8186, 47.1946], [8.8182, 47.1946], [8.8178, 47.1947], [8.8173, 47.1949], [8.8169, 47.1951], [8.8164, 47.1953], [8.8159, 47.1956], [8.8155, 47.1959], [8.8151, 47.1962], [8.8148, 47.1965], [8.8146, 47.1968], [8.8145, 47.1968], [8.813, 47.1987], [8.8126, 47.1991], [8.8124, 47.1994], [8.8122, 47.1996], [8.8119, 47.1998], [8.8117, 47.2], [8.8116, 47.2], [8.8113, 47.2002], [8.8109, 47.2004], [8.8105, 47.2006], [8.81, 47.2007], [8.8096, 47.2008], [8.8092, 47.2009], [8.8089, 47.201], [8.8084, 47.201], [8.8076, 47.2011]], [[8.8076, 47.2011], [8.8066, 47.2012], [8.8049, 47.2013], [8.8044, 47.2014], [8.8032, 47.2015], [8.8007, 47.2017], [8.7933, 47.2023], [8.79, 47.2025], [8.7889, 47.2026]], [[8.7868, 47.2027], [8.7882, 47.2026], [8.7885, 47.2026], [8.7887, 47.2026], [8.7889, 47.2026]], [[8.7846, 47.2028], [8.7863, 47.2028], [8.7868, 47.2027]], [[8.7818, 47.203], [8.7835, 47.2029], [8.7846, 47.2028]], [[8.7763, 47.2033], [8.7765, 47.2032], [8.7767, 47.2032], [8.777, 47.2032], [8.7782, 47.2032], [8.7788, 47.2031], [8.7798, 47.2031], [8.7803, 47.2031], [8.7808, 47.2031], [8.7812, 47.203], [8.7818, 47.203]], [[8.7757, 47.2033], [8.7758, 47.2033], [8.776, 47.2033], [8.7762, 47.2033], [8.7763, 47.2033]], [[8.7739, 47.2035], [8.7748, 47.2034], [8.7752, 47.2034], [8.7754, 47.2033], [8.7755, 47.2033], [8.7757, 47.2033]], [[8.7731, 47.2036], [8.7733, 47.2036], [8.7736, 47.2036], [8.7739, 47.2035]], [[8.7719, 47.2038], [8.7722, 47.2038], [8.7724, 47.2037], [8.7726, 47.2037], [8.7728, 47.2037], [8.773, 47.2036], [8.7731, 47.2036]], [[8.7711, 47.204], [8.7716, 47.2039], [8.7717, 47.2039], [8.7719, 47.2038]], [[8.7705, 47.2041], [8.7711, 47.204]], [[8.7658, 47.2052], [8.7678, 47.2048], [8.7705, 47.2041]], [[8.7657, 47.2053], [8.7658, 47.2052]], [[8.7579, 47.207], [8.7581, 47.207], [8.7583, 47.207], [8.7585, 47.2069], [8.7588, 47.2069], [8.7595, 47.2067], [8.761, 47.2063], [8.7657, 47.2053]], [[8.7538, 47.2072], [8.7539, 47.2072], [8.7541, 47.2072], [8.7542, 47.2072], [8.7544, 47.2072], [8.7545, 47.2073], [8.7547, 47.2073], [8.7549, 47.2073], [8.7551, 47.2073], [8.7552, 47.2073], [8.7554, 47.2073], [8.7556, 47.2073], [8.7557, 47.2073], [8.7559, 47.2073], [8.7561, 47.2073], [8.7563, 47.2072], [8.7564, 47.2072], [8.7566, 47.2072], [8.7568, 47.2072], [8.757, 47.2072], [8.7572, 47.2072], [8.7574, 47.2071], [8.7576, 47.2071], [8.7577, 47.2071], [8.7579, 47.207]], [[8.7417, 47.205], [8.7422, 47.2052], [8.7424, 47.2052], [8.7426, 47.2053], [8.7427, 47.2053], [8.7428, 47.2054], [8.743, 47.2054], [8.7431, 47.2055], [8.7433, 47.2056], [8.7435, 47.2056], [8.7437, 47.2057], [8.7439, 47.2057], [8.7441, 47.2058], [8.7443, 47.2058], [8.7444, 47.2058], [8.7446, 47.2059], [8.7448, 47.2059], [8.7449, 47.2059], [8.7451, 47.206], [8.7455, 47.206], [8.7529, 47.2071], [8.7532, 47.2071], [8.7535, 47.2072], [8.7536, 47.2072], [8.7538, 47.2072]], [[8.7414, 47.2048], [8.7417, 47.205]], [[8.7303, 47.2016], [8.7337, 47.2028], [8.7342, 47.203], [8.7345, 47.2031], [8.7348, 47.2032], [8.7353, 47.2033], [8.7356, 47.2034], [8.736, 47.2035], [8.7364, 47.2036], [8.7367, 47.2036], [8.737, 47.2037], [8.7373, 47.2037], [8.738, 47.2038], [8.7382, 47.2039], [8.7385, 47.2039], [8.7388, 47.204], [8.739, 47.204], [8.7392, 47.204], [8.7393, 47.2041], [8.7395, 47.2041], [8.7396, 47.2042], [8.7398, 47.2042], [8.74, 47.2043], [8.7401, 47.2043], [8.7403, 47.2044], [8.7404, 47.2044], [8.7406, 47.2045], [8.7408, 47.2045], [8.741, 47.2046], [8.7412, 47.2047], [8.7414, 47.2048]], [[8.7301, 47.2015], [8.7303, 47.2016]], [[8.7296, 47.2014], [8.7298, 47.2014], [8.7299, 47.2015], [8.7301, 47.2015]], [[8.7231, 47.2003], [8.7233, 47.2003], [8.7237, 47.2003], [8.7239, 47.2003], [8.7241, 47.2003], [8.7243, 47.2004], [8.7245, 47.2004], [8.7247, 47.2004], [8.7249, 47.2004], [8.7251, 47.2004], [8.7253, 47.2005], [8.7255, 47.2005], [8.7259, 47.2006], [8.7271, 47.2008], [8.7274, 47.2009], [8.7277, 47.2009], [8.7279, 47.201], [8.7281, 47.201], [8.7283, 47.2011], [8.7287, 47.2011], [8.729, 47.2012], [8.7291, 47.2012], [8.7292, 47.2013], [8.7294, 47.2013], [8.7295, 47.2014], [8.7296, 47.2014]], [[8.7228, 47.2003], [8.723, 47.2003], [8.7231, 47.2003]], [[8.72, 47.2005], [8.7205, 47.2004], [8.7207, 47.2004], [8.7209, 47.2004], [8.7211, 47.2003], [8.7213, 47.2003], [8.7214, 47.2003], [8.7216, 47.2003], [8.7218, 47.2003], [8.7219, 47.2003], [8.7221, 47.2003], [8.7223, 47.2003], [8.7225, 47.2003], [8.7226, 47.2003], [8.7228, 47.2003]], [[8.7176, 47.2009], [8.72, 47.2005]], [[8.7086, 47.2076], [8.7095, 47.2069], [8.7099, 47.2066], [8.7102, 47.2064], [8.7103, 47.2063], [8.7104, 47.2062], [8.7105, 47.206], [8.7106, 47.206], [8.7107, 47.2059], [8.7108, 47.2057], [8.7109, 47.2056], [8.711, 47.2054], [8.7112, 47.2051], [8.7114, 47.2047], [8.7115, 47.2045], [8.7116, 47.2043], [8.7117, 47.2042], [8.7117, 47.2041], [8.7118, 47.2041], [8.7119, 47.204], [8.7119, 47.2039], [8.712, 47.2038], [8.7121, 47.2037], [8.7122, 47.2036], [8.7123, 47.2035], [8.7124, 47.2034], [8.7125, 47.2033], [8.7128, 47.2031], [8.713, 47.2029], [8.7132, 47.2027], [8.7134, 47.2026], [8.7135, 47.2025], [8.7136, 47.2024], [8.7138, 47.2022], [8.7139, 47.2022], [8.714, 47.2021], [8.7141, 47.202], [8.7142, 47.2019], [8.7144, 47.2019], [8.7145, 47.2018], [8.7147, 47.2017], [8.7148, 47.2017], [8.7149, 47.2016], [8.7151, 47.2015], [8.7152, 47.2015], [8.7153, 47.2014], [8.7155, 47.2014], [8.7156, 47.2013], [8.7158, 47.2013], [8.7159, 47.2012], [8.7161, 47.2012], [8.7162, 47.2012], [8.7164, 47.2011], [8.7166, 47.2011], [8.7167, 47.2011], [8.717, 47.201], [8.7172, 47.201], [8.7176, 47.2009]], [[8.7083, 47.2079], [8.7086, 47.2076]], [[8.705, 47.2105], [8.7051, 47.2103], [8.7053, 47.2102], [8.7055, 47.21], [8.7058, 47.2098], [8.706, 47.2096], [8.7074, 47.2086], [8.7083, 47.2079]], [[8.6804, 47.225], [8.6808, 47.2248], [8.6811, 47.2247], [8.6813, 47.2246], [8.6815, 47.2245], [8.6816, 47.2244], [8.6818, 47.2243], [8.682, 47.2242], [8.6821, 47.2242], [8.6823, 47.2241], [8.6825, 47.224], [8.6828, 47.2239], [8.6835, 47.2236], [8.6841, 47.2234], [8.6845, 47.2233], [8.6846, 47.2232], [8.6847, 47.2232], [8.6849, 47.223], [8.6851, 47.2229], [8.6853, 47.2228], [8.6856, 47.2226], [8.6861, 47.2223], [8.6865, 47.222], [8.6868, 47.2218], [8.687, 47.2217], [8.6872, 47.2216], [8.6874, 47.2215], [8.6877, 47.2213], [8.688, 47.2212], [8.689, 47.2207], [8.69, 47.2203], [8.6907, 47.22], [8.6914, 47.2197], [8.6924, 47.2192], [8.6927, 47.2191], [8.6931, 47.2189], [8.6933, 47.2189], [8.6935, 47.2188], [8.6937, 47.2188], [8.6939, 47.2187], [8.6941, 47.2187], [8.6942, 47.2187], [8.6944, 47.2186], [8.6946, 47.2186], [8.6947, 47.2186], [8.6948, 47.2186], [8.6951, 47.2185], [8.6954, 47.2185], [8.6956, 47.2185], [8.6959, 47.2184], [8.696, 47.2184], [8.6962, 47.2184], [8.6963, 47.2184], [8.6965, 47.2183], [8.6966, 47.2183], [8.6967, 47.2183], [8.6968, 47.2182], [8.6969, 47.2182], [8.6971, 47.2181], [8.6972, 47.2181], [8.6974, 47.218], [8.6975, 47.218], [8.6976, 47.2179], [8.6978, 47.2179], [8.6979, 47.2178], [8.6981, 47.2177], [8.6982, 47.2176], [8.6984, 47.2175], [8.6986, 47.2174], [8.6988, 47.2173], [8.699, 47.2171], [8.6991, 47.217], [8.6993, 47.2169], [8.6994, 47.2168], [8.6996, 47.2167], [8.6998, 47.2166], [8.6999, 47.2165], [8.7001, 47.2163], [8.7002, 47.2162], [8.7003, 47.2162], [8.7004, 47.2161], [8.7005, 47.216], [8.7006, 47.2159], [8.7006, 47.2158], [8.7007, 47.2157], [8.7008, 47.2156], [8.7009, 47.2155], [8.701, 47.2154], [8.701, 47.2153], [8.7012, 47.2151], [8.7013, 47.2149], [8.7013, 47.2148], [8.7014, 47.2147], [8.7015, 47.2145], [8.7015, 47.2144], [8.7016, 47.2143], [8.7017, 47.2142], [8.7017, 47.2141], [8.7018, 47.2141], [8.7019, 47.214], [8.702, 47.2139], [8.7023, 47.2135], [8.7026, 47.2132], [8.7029, 47.2129], [8.7037, 47.2119], [8.7046, 47.2109], [8.705, 47.2105]], [[8.6803, 47.2251], [8.6804, 47.225]], [[8.6799, 47.2253], [8.6803, 47.2251]], [[8.678, 47.2265], [8.6782, 47.2263], [8.6783, 47.2262], [8.6784, 47.2262], [8.6785, 47.2261], [8.6786, 47.226], [8.6788, 47.2259], [8.6789, 47.2258], [8.6792, 47.2257], [8.6799, 47.2253]], [[8.6757, 47.2287], [8.676, 47.2283], [8.6761, 47.2282], [8.6762, 47.228], [8.6763, 47.2278], [8.6764, 47.2278], [8.6765, 47.2277], [8.6765, 47.2276], [8.6766, 47.2276], [8.6767, 47.2275], [8.6768, 47.2274], [8.6769, 47.2273], [8.677, 47.2272], [8.6772, 47.227], [8.6774, 47.2269], [8.678, 47.2265]], [[8.6741, 47.2309], [8.6741, 47.2308], [8.6742, 47.2308], [8.6743, 47.2307], [8.6745, 47.2305], [8.6746, 47.2304], [8.6748, 47.2302], [8.6748, 47.2301], [8.675, 47.2299], [8.6753, 47.2295], [8.6757, 47.2287]], [[8.6728, 47.2316], [8.6732, 47.2314], [8.6734, 47.2313], [8.6735, 47.2312], [8.6736, 47.2312], [8.6737, 47.2311], [8.6739, 47.231], [8.674, 47.231], [8.6741, 47.2309]], [[8.6727, 47.2317], [8.6728, 47.2316]], [[8.6698, 47.2328], [8.6707, 47.2325], [8.6709, 47.2325], [8.6713, 47.2323], [8.6714, 47.2323], [8.6715, 47.2322], [8.6716, 47.2322], [8.6717, 47.2322], [8.6718, 47.2321], [8.6719, 47.2321], [8.6721, 47.232], [8.6723, 47.2319], [8.6727, 47.2317]], [[8.6698, 47.2328], [8.6696, 47.2328], [8.6693, 47.2329], [8.6691, 47.233], [8.6689, 47.2331], [8.6687, 47.2332], [8.6685, 47.2333], [8.6683, 47.2334], [8.6678, 47.2336], [8.6646, 47.2356], [8.664, 47.236], [8.6637, 47.2361], [8.6634, 47.2363], [8.6627, 47.2367], [8.6623, 47.2368], [8.6621, 47.237], [8.6618, 47.2371], [8.6616, 47.2373], [8.6613, 47.2374], [8.6611, 47.2376], [8.6609, 47.2378], [8.6607, 47.238], [8.6605, 47.2382], [8.6604, 47.2383], [8.6602, 47.2385], [8.6601, 47.2387], [8.6598, 47.2391], [8.6596, 47.2395], [8.6595, 47.2399], [8.6593, 47.2403], [8.6592, 47.2407], [8.659, 47.2411], [8.6588, 47.2414], [8.6586, 47.2416], [8.6585, 47.2418], [8.6583, 47.242], [8.6582, 47.2421], [8.658, 47.2423], [8.6579, 47.2424], [8.6577, 47.2426], [8.6575, 47.2427], [8.6574, 47.2428], [8.6572, 47.2429], [8.657, 47.2431], [8.6568, 47.2432], [8.6567, 47.2433], [8.6564, 47.2435], [8.6562, 47.2436], [8.6559, 47.2437], [8.6556, 47.2439], [8.6553, 47.244], [8.655, 47.2441], [8.6508, 47.2458], [8.6503, 47.246], [8.6498, 47.2461], [8.6495, 47.2463], [8.649, 47.2464], [8.6486, 47.2465], [8.6483, 47.2465], [8.6481, 47.2465], [8.6478, 47.2466], [8.6475, 47.2466], [8.6472, 47.2466], [8.6465, 47.2467]], [[8.6464, 47.2467], [8.6465, 47.2467]], [[8.6464, 47.2467], [8.6452, 47.2468], [8.644, 47.2469], [8.641, 47.2472], [8.6407, 47.2472]], [[8.6407, 47.2472], [8.6404, 47.2473], [8.6399, 47.2474], [8.6395, 47.2475], [8.639, 47.2476], [8.6386, 47.2477], [8.6381, 47.2479], [8.6371, 47.2482], [8.6358, 47.2486]], [[8.6357, 47.2486], [8.6358, 47.2486]], [[8.6357, 47.2486], [8.6338, 47.2493], [8.6321, 47.2499], [8.6301, 47.2506], [8.6297, 47.2507], [8.6294, 47.2508], [8.6292, 47.2509], [8.6289, 47.251], [8.6286, 47.2511], [8.6283, 47.2511], [8.6279, 47.2512], [8.6275, 47.2513], [8.627, 47.2514], [8.6262, 47.2516], [8.6257, 47.2517], [8.6248, 47.2519], [8.6233, 47.2522], [8.623, 47.2523], [8.6227, 47.2523], [8.6224, 47.2524], [8.6221, 47.2525], [8.6218, 47.2526], [8.6215, 47.2528], [8.621, 47.253], [8.6204, 47.2533], [8.6196, 47.2537], [8.6191, 47.2539], [8.6187, 47.2541]], [[8.6174, 47.2547], [8.6175, 47.2547], [8.6181, 47.2544], [8.6187, 47.2541]], [[8.6173, 47.2548], [8.6174, 47.2547]], [[8.6152, 47.2554], [8.6155, 47.2554], [8.6157, 47.2553], [8.616, 47.2553], [8.6162, 47.2552], [8.6165, 47.2551], [8.6167, 47.255], [8.617, 47.2549], [8.6172, 47.2548], [8.6173, 47.2548]], [[8.6152, 47.2554], [8.6148, 47.2555], [8.6144, 47.2555], [8.6141, 47.2556], [8.6137, 47.2556], [8.6128, 47.2557], [8.6123, 47.2558], [8.6121, 47.2559], [8.6119, 47.2559], [8.6115, 47.256], [8.6112, 47.2561], [8.6109, 47.2562], [8.6106, 47.2563], [8.6103, 47.2564], [8.6099, 47.2566], [8.6092, 47.2569], [8.6089, 47.2571], [8.6082, 47.2574], [8.6078, 47.2576], [8.6076, 47.2577], [8.6073, 47.2578], [8.6069, 47.258], [8.6066, 47.2581], [8.6063, 47.2583], [8.6056, 47.2585], [8.6052, 47.2587], [8.6047, 47.2588], [8.6043, 47.259], [8.6037, 47.2592], [8.6033, 47.2593], [8.6031, 47.2594], [8.603, 47.2594], [8.6028, 47.2595], [8.6027, 47.2595], [8.6025, 47.2596], [8.6024, 47.2596], [8.6022, 47.2597], [8.6021, 47.2597], [8.602, 47.2598], [8.6019, 47.2598], [8.6017, 47.2599], [8.6014, 47.2601], [8.6012, 47.2602]], [[8.6, 47.2608], [8.6001, 47.2607], [8.6002, 47.2607], [8.6003, 47.2607], [8.6004, 47.2606], [8.6005, 47.2605], [8.6007, 47.2605], [8.6009, 47.2604], [8.601, 47.2603], [8.6012, 47.2602]], [[8.6, 47.2608], [8.5998, 47.2609], [8.5996, 47.261], [8.5995, 47.261], [8.5993, 47.261], [8.5992, 47.2611], [8.599, 47.2611], [8.5989, 47.2612], [8.5987, 47.2612], [8.5986, 47.2613], [8.5985, 47.2613], [8.5984, 47.2613], [8.5983, 47.2613], [8.5983, 47.2614], [8.5981, 47.2614], [8.598, 47.2614], [8.5979, 47.2614], [8.5978, 47.2615], [8.5977, 47.2615], [8.5976, 47.2615], [8.5975, 47.2615], [8.5974, 47.2615], [8.5973, 47.2616], [8.5972, 47.2616], [8.5971, 47.2616], [8.5969, 47.2616], [8.5968, 47.2616], [8.5965, 47.2617], [8.5961, 47.2617], [8.5959, 47.2618], [8.5958, 47.2618], [8.5956, 47.2618], [8.5955, 47.2618], [8.5953, 47.2619], [8.5952, 47.2619], [8.5951, 47.2619], [8.595, 47.2619], [8.5949, 47.262], [8.5948, 47.262], [8.5946, 47.262], [8.5945, 47.262], [8.5944, 47.2621], [8.5943, 47.2621], [8.5941, 47.2622], [8.594, 47.2622], [8.5938, 47.2623], [8.5936, 47.2623], [8.5935, 47.2624], [8.5933, 47.2624], [8.5932, 47.2625], [8.5931, 47.2625], [8.5929, 47.2626], [8.5928, 47.2626], [8.5926, 47.2627], [8.5925, 47.2628], [8.5923, 47.2629], [8.5922, 47.2629], [8.5921, 47.263], [8.592, 47.2631], [8.5918, 47.2632], [8.5917, 47.2632], [8.5916, 47.2633], [8.5912, 47.2635], [8.5911, 47.2636], [8.591, 47.2637], [8.5908, 47.2638], [8.5906, 47.264]], [[8.5905, 47.2641], [8.5906, 47.264]], [[8.5886, 47.2662], [8.589, 47.2656], [8.5894, 47.2652], [8.5895, 47.265], [8.5896, 47.2649], [8.5898, 47.2647], [8.59, 47.2645], [8.5901, 47.2644], [8.5902, 47.2643], [8.5904, 47.2641], [8.5905, 47.2641]], [[8.5886, 47.2662], [8.588, 47.267], [8.5879, 47.2671], [8.5877, 47.2673]], [[8.5875, 47.2675], [8.5877, 47.2673]], [[8.5862, 47.2692], [8.5864, 47.269], [8.5866, 47.2687], [8.5867, 47.2685], [8.5875, 47.2675]], [[8.5861, 47.2693], [8.5862, 47.2692]], [[8.5861, 47.2693], [8.5855, 47.2699], [8.5851, 47.2703], [8.5846, 47.2708], [8.5842, 47.2711], [8.5839, 47.2714], [8.5836, 47.2717], [8.5834, 47.2719], [8.5832, 47.2721], [8.5831, 47.2723], [8.5829, 47.2726], [8.5827, 47.273], [8.5824, 47.2733], [8.5822, 47.2738]], [[8.582, 47.2742], [8.5822, 47.2738]], [[8.582, 47.2742], [8.5813, 47.2754], [8.5806, 47.2765], [8.5804, 47.2769], [8.5802, 47.2772], [8.58, 47.2775], [8.5799, 47.2777], [8.5798, 47.278], [8.5796, 47.2782], [8.5795, 47.2784]], [[8.5795, 47.2784], [8.5786, 47.2795], [8.5779, 47.2805], [8.5778, 47.2808], [8.5776, 47.281], [8.5776, 47.2811]], [[8.5776, 47.2811], [8.5775, 47.2813]], [[8.5775, 47.2813], [8.5774, 47.2815], [8.5773, 47.2816], [8.5773, 47.2818], [8.5772, 47.2821], [8.5771, 47.2824], [8.577, 47.2827], [8.5769, 47.2829], [8.5768, 47.2831], [8.5767, 47.2833], [8.5766, 47.2834], [8.5764, 47.2838], [8.576, 47.2843]], [[8.576, 47.2843], [8.576, 47.2844]], [[8.576, 47.2844], [8.5757, 47.2847], [8.5756, 47.2848], [8.5755, 47.285], [8.5754, 47.2852], [8.5753, 47.2853], [8.5751, 47.2855], [8.5751, 47.2856], [8.575, 47.2858], [8.5747, 47.2862], [8.5738, 47.2876], [8.5737, 47.2878], [8.5727, 47.2893], [8.5724, 47.2896], [8.5722, 47.29]], [[8.5722, 47.29], [8.572, 47.2902], [8.5718, 47.2906], [8.5716, 47.2908], [8.5716, 47.2909], [8.5715, 47.291], [8.5714, 47.291], [8.5714, 47.2911], [8.5713, 47.2912], [8.5712, 47.2913], [8.5711, 47.2913], [8.5711, 47.2914], [8.571, 47.2915], [8.5709, 47.2915], [8.5709, 47.2916], [8.5708, 47.2916], [8.5707, 47.2917], [8.5706, 47.2918], [8.5705, 47.2918], [8.5705, 47.2919], [8.5704, 47.2919], [8.5703, 47.292]], [[8.5698, 47.2923], [8.5691, 47.2927], [8.5688, 47.2928], [8.5687, 47.2929], [8.5686, 47.293], [8.5685, 47.293], [8.5684, 47.2931], [8.5683, 47.2932], [8.5682, 47.2932], [8.5681, 47.2932], [8.568, 47.2933], [8.5675, 47.2935], [8.5674, 47.2936], [8.5673, 47.2936], [8.5672, 47.2937], [8.5671, 47.2938]], [[8.5669, 47.2938], [8.5671, 47.2938]], [[8.5667, 47.294], [8.5669, 47.2938]], [[8.5666, 47.294], [8.5667, 47.294]], [[8.5662, 47.2943], [8.5664, 47.2942], [8.5665, 47.2941], [8.5666, 47.294]], [[8.5662, 47.2943], [8.5659, 47.2945], [8.5656, 47.2947], [8.5654, 47.2949], [8.5652, 47.295], [8.565, 47.2952], [8.5648, 47.2954], [8.5643, 47.2958], [8.5642, 47.296], [8.564, 47.2961], [8.5638, 47.2963], [8.5624, 47.2977], [8.5623, 47.2978], [8.5622, 47.2979], [8.5621, 47.298], [8.5619, 47.2982]], [[8.5619, 47.2982], [8.5616, 47.2985], [8.5616, 47.2986], [8.5614, 47.2987], [8.5613, 47.2988], [8.5612, 47.299]], [[8.5612, 47.299], [8.5611, 47.299]], [[8.5611, 47.299], [8.561, 47.2991]], [[8.561, 47.2991], [8.5609, 47.2992]], [[8.5609, 47.2992], [8.5605, 47.2996], [8.5603, 47.2997], [8.5602, 47.2998], [8.5601, 47.2999]], [[8.5601, 47.2999], [8.5599, 47.3001], [8.5598, 47.3002], [8.5597, 47.3003], [8.5596, 47.3004], [8.5595, 47.3005], [8.5595, 47.3006], [8.5594, 47.3007], [8.5593, 47.3008], [8.5592, 47.3009], [8.5592, 47.301], [8.5591, 47.301], [8.5591, 47.3011], [8.559, 47.3012], [8.5589, 47.3013], [8.5588, 47.3014], [8.5587, 47.3016], [8.5586, 47.3017], [8.5586, 47.3018], [8.5585, 47.3018], [8.5581, 47.3024]], [[8.558, 47.3025], [8.5581, 47.3024]], [[8.5558, 47.3055], [8.5558, 47.3054], [8.5559, 47.3053], [8.5559, 47.3052], [8.5559, 47.3051], [8.556, 47.305], [8.5561, 47.3049], [8.5561, 47.3048], [8.5562, 47.3047], [8.5562, 47.3046], [8.5563, 47.3045], [8.5564, 47.3044], [8.5565, 47.3043], [8.5565, 47.3042], [8.5566, 47.3041], [8.558, 47.3025]], [[8.5545, 47.3083], [8.5545, 47.3082], [8.5547, 47.3077], [8.5551, 47.3069], [8.5556, 47.3057], [8.5558, 47.3055]], [[8.5528, 47.3124], [8.5531, 47.3115], [8.5532, 47.3113], [8.5532, 47.3111], [8.5533, 47.3109], [8.5533, 47.3108], [8.5534, 47.3107], [8.5534, 47.3106], [8.5535, 47.3104], [8.5536, 47.3102], [8.5545, 47.3083]], [[8.5528, 47.3126], [8.5528, 47.3124]], [[8.5497, 47.3193], [8.5497, 47.3192], [8.5498, 47.3191], [8.5498, 47.319], [8.5499, 47.3189], [8.5499, 47.3188], [8.55, 47.3186], [8.5501, 47.3185], [8.5504, 47.3181], [8.5508, 47.3175], [8.5511, 47.3171], [8.5512, 47.317], [8.5513, 47.3169], [8.5514, 47.3168], [8.5514, 47.3167], [8.5515, 47.3166], [8.5515, 47.3165], [8.5516, 47.3164], [8.5516, 47.3163], [8.5517, 47.3162], [8.5517, 47.3161], [8.5517, 47.316], [8.5518, 47.316], [8.5518, 47.3159], [8.5518, 47.3158], [8.552, 47.3151], [8.5528, 47.3126]], [[8.5496, 47.3193], [8.5497, 47.3193]], [[8.5489, 47.3213], [8.5494, 47.3199], [8.5495, 47.3196], [8.5496, 47.3195], [8.5496, 47.3194], [8.5496, 47.3193]], [[8.5484, 47.3227], [8.5484, 47.3226], [8.5485, 47.3225], [8.5485, 47.3224], [8.5489, 47.3213]], [[8.5474, 47.3257], [8.5478, 47.3244], [8.5483, 47.323], [8.5484, 47.3227]], [[8.5474, 47.3257], [8.5473, 47.326], [8.5471, 47.3268], [8.5469, 47.3272]], [[8.546, 47.329], [8.5464, 47.3284], [8.5465, 47.3282], [8.5465, 47.3281], [8.5466, 47.328], [8.5466, 47.3279], [8.5467, 47.3278], [8.5467, 47.3277], [8.5468, 47.3276], [8.5468, 47.3274], [8.5469, 47.3273], [8.5469, 47.3272]], [[8.546, 47.329], [8.5459, 47.3291]], [[8.5459, 47.3291], [8.5446, 47.3315], [8.5444, 47.3317], [8.5444, 47.3318], [8.5443, 47.3319], [8.5442, 47.332], [8.5442, 47.3321], [8.5441, 47.3322], [8.544, 47.3324], [8.5439, 47.3325], [8.5438, 47.3326], [8.5437, 47.3328], [8.5435, 47.3329], [8.5434, 47.333], [8.5433, 47.3331], [8.5432, 47.3332], [8.5431, 47.3333], [8.543, 47.3334], [8.5429, 47.3335], [8.5428, 47.3336], [8.5427, 47.3337], [8.5426, 47.3338], [8.5425, 47.3339], [8.5424, 47.3339], [8.5423, 47.334], [8.5422, 47.3341], [8.5421, 47.3341]], [[8.5421, 47.3341], [8.542, 47.3342]], [[8.542, 47.3342], [8.5419, 47.3343], [8.5418, 47.3343], [8.5417, 47.3344], [8.5416, 47.3345], [8.5415, 47.3345], [8.5413, 47.3346], [8.5411, 47.3347], [8.5409, 47.3349], [8.5404, 47.3351], [8.5403, 47.3352], [8.5402, 47.3353], [8.5401, 47.3353], [8.54, 47.3354], [8.5399, 47.3355], [8.5398, 47.3355], [8.5397, 47.3356], [8.5396, 47.3357], [8.5395, 47.3357], [8.5395, 47.3358], [8.5394, 47.3358], [8.5393, 47.3359], [8.5393, 47.336], [8.5392, 47.336], [8.5391, 47.3361], [8.5391, 47.3362], [8.539, 47.3362], [8.539, 47.3363], [8.539, 47.3364], [8.5389, 47.3364], [8.5389, 47.3365], [8.5388, 47.3365], [8.5388, 47.3366], [8.5387, 47.3367], [8.5387, 47.3368], [8.5386, 47.3369], [8.5386, 47.3371], [8.5385, 47.3372], [8.5385, 47.3373], [8.5385, 47.3374], [8.5384, 47.3375], [8.5384, 47.3378], [8.5384, 47.3379], [8.5383, 47.338], [8.5383, 47.3381], [8.5382, 47.3383], [8.5382, 47.3384], [8.5381, 47.3385], [8.5381, 47.3386]], [[8.5381, 47.3386], [8.538, 47.3387]], [[8.538, 47.3387], [8.5379, 47.339], [8.5373, 47.3401], [8.5372, 47.3403], [8.5371, 47.3405], [8.537, 47.3405], [8.537, 47.3406], [8.5369, 47.3408], [8.5368, 47.3409], [8.5367, 47.341], [8.5366, 47.3412], [8.5365, 47.3414], [8.5358, 47.3423], [8.5353, 47.343], [8.535, 47.3433], [8.5349, 47.3434], [8.5349, 47.3435], [8.5348, 47.3436], [8.5348, 47.3437]], [[8.5348, 47.3437], [8.5347, 47.3438], [8.5346, 47.3439]], [[8.5346, 47.3439], [8.5346, 47.344], [8.5345, 47.3441], [8.5345, 47.3442], [8.5345, 47.3443], [8.5344, 47.3443], [8.5344, 47.3444], [8.5344, 47.3445], [8.5344, 47.3446], [8.5343, 47.3447], [8.5343, 47.3448]], [[8.5343, 47.3448], [8.5343, 47.3449], [8.5342, 47.3452]], [[8.5342, 47.3452], [8.5342, 47.3453], [8.5341, 47.346]], [[8.5341, 47.346], [8.534, 47.3464], [8.5339, 47.3469], [8.5339, 47.3473], [8.5337, 47.3479], [8.5335, 47.3489], [8.5334, 47.35]], [[8.5334, 47.35], [8.5333, 47.35], [8.5332, 47.3506], [8.5332, 47.3508], [8.5332, 47.3509], [8.5332, 47.351], [8.5332, 47.3511], [8.5332, 47.3512], [8.5332, 47.3513], [8.5332, 47.3514], [8.5332, 47.3515], [8.5332, 47.3516], [8.5332, 47.3517], [8.5333, 47.3523], [8.5333, 47.3525], [8.5333, 47.3527], [8.5333, 47.3529], [8.5333, 47.353], [8.5333, 47.3531], [8.5333, 47.3533], [8.5333, 47.3534]], [[8.5333, 47.3534], [8.5333, 47.3536], [8.5333, 47.3537], [8.5332, 47.3538], [8.5332, 47.3539]], [[8.5332, 47.3539], [8.5332, 47.354]], [[8.5332, 47.354], [8.5332, 47.3541], [8.5331, 47.3541], [8.5331, 47.3543], [8.533, 47.3545], [8.5329, 47.3546], [8.5329, 47.3547]], [[8.5311, 47.3627], [8.5311, 47.3629], [8.531, 47.363], [8.531, 47.3632], [8.5309, 47.3635], [8.5308, 47.3636], [8.5307, 47.364], [8.5305, 47.3644], [8.5304, 47.3647], [8.5302, 47.3649], [8.53, 47.3653]], [[8.5235, 47.3715], [8.5233, 47.3716], [8.5232, 47.3716], [8.5221, 47.3724], [8.5209, 47.3733], [8.5203, 47.3737]], [[8.5203, 47.3737], [8.5201, 47.3738]], [[8.5201, 47.3738], [8.52, 47.3739], [8.5199, 47.374], [8.5198, 47.3741], [8.5197, 47.3742], [8.5196, 47.3743], [8.5195, 47.3744], [8.5194, 47.3745], [8.5194, 47.3746], [8.5193, 47.3747]], [[8.5193, 47.3747], [8.5192, 47.3748], [8.5191, 47.375], [8.519, 47.3751]], [[8.519, 47.3751], [8.519, 47.3752]], [[8.519, 47.3752], [8.5189, 47.3754], [8.5188, 47.3756], [8.5188, 47.3757], [8.5187, 47.3759], [8.5187, 47.3761], [8.5187, 47.3762], [8.5187, 47.3763], [8.5187, 47.3764], [8.5187, 47.3766], [8.5187, 47.3767], [8.5187, 47.3768], [8.5187, 47.3769], [8.5188, 47.377], [8.5188, 47.3771], [8.5189, 47.3773], [8.5189, 47.3774]], [[8.5189, 47.3774], [8.519, 47.3775], [8.519, 47.3776], [8.5191, 47.3777], [8.5191, 47.3778], [8.5193, 47.3779], [8.5194, 47.3781], [8.5196, 47.3783]], [[8.5196, 47.3783], [8.5202, 47.3789], [8.5208, 47.3796], [8.5211, 47.3798], [8.5213, 47.38], [8.5215, 47.3802], [8.5217, 47.3803], [8.5219, 47.3804]], [[8.5219, 47.3804], [8.522, 47.3805], [8.5221, 47.3805], [8.5222, 47.3806], [8.5223, 47.3806], [8.5224, 47.3807], [8.5225, 47.3807], [8.5226, 47.3807], [8.5227, 47.3808], [8.5228, 47.3808], [8.5229, 47.3808], [8.523, 47.3808], [8.5231, 47.3809], [8.5232, 47.3809], [8.5233, 47.3809], [8.5235, 47.3809], [8.5237, 47.381], [8.5238, 47.381], [8.524, 47.381], [8.5243, 47.381], [8.5257, 47.3811], [8.5259, 47.3811], [8.526, 47.3811], [8.5262, 47.3811], [8.5263, 47.3811]], [[8.5263, 47.3811], [8.5264, 47.3811], [8.5266, 47.3811], [8.5267, 47.3811], [8.5268, 47.3811], [8.5269, 47.3811], [8.5271, 47.3811], [8.5272, 47.3811], [8.5273, 47.3811], [8.5275, 47.3811], [8.5276, 47.381], [8.5277, 47.381], [8.5279, 47.381]], [[8.5279, 47.381], [8.5281, 47.3809], [8.5282, 47.3809], [8.5284, 47.3809]], [[8.5284, 47.3809], [8.5285, 47.3808]], [[8.5285, 47.3808], [8.5292, 47.3806], [8.5294, 47.3806], [8.5297, 47.3805]], [[8.5297, 47.3805], [8.53, 47.3804], [8.5302, 47.3803], [8.5305, 47.3802], [8.5307, 47.3802], [8.5309, 47.3801], [8.5313, 47.38], [8.5317, 47.3799]], [[8.5317, 47.3799], [8.5322, 47.3797]], [[8.5322, 47.3797], [8.5325, 47.3797]], [[8.5362, 47.4051], [8.5362, 47.4052]], [[8.5362, 47.4052], [8.5364, 47.4055], [8.5365, 47.4057], [8.5367, 47.4061], [8.5367, 47.4062], [8.5368, 47.4063], [8.5369, 47.4066], [8.537, 47.4067]], [[8.5378, 47.4078], [8.5374, 47.4073], [8.5373, 47.4071], [8.5372, 47.407], [8.537, 47.4067]], [[8.5386, 47.4087], [8.5382, 47.4084], [8.5382, 47.4083], [8.5381, 47.4083], [8.538, 47.4081], [8.5379, 47.408], [8.5378, 47.4078]], [[8.5391, 47.4092], [8.5388, 47.409], [8.5386, 47.4087]], [[8.54, 47.4099], [8.5397, 47.4097], [8.5395, 47.4095], [8.5391, 47.4092]], [[8.5416, 47.4107], [8.541, 47.4104], [8.5408, 47.4103], [8.5406, 47.4102], [8.5405, 47.4102], [8.5403, 47.4101], [8.54, 47.4099]], [[8.5416, 47.4107], [8.5416, 47.4108], [8.5417, 47.4108], [8.5418, 47.4109], [8.5421, 47.411], [8.5423, 47.4111], [8.5425, 47.4112], [8.5427, 47.4113], [8.5429, 47.4114], [8.5431, 47.4114], [8.5432, 47.4115], [8.5434, 47.4116], [8.5444, 47.4119], [8.5448, 47.4121], [8.545, 47.4121], [8.5452, 47.4122], [8.5453, 47.4122], [8.5454, 47.4123], [8.5455, 47.4123], [8.5456, 47.4123], [8.5457, 47.4124], [8.5458, 47.4124], [8.5459, 47.4125], [8.5461, 47.4125], [8.5461, 47.4126], [8.5462, 47.4127]], [[8.5462, 47.4127], [8.5463, 47.4127], [8.5464, 47.4127], [8.5464, 47.4128], [8.5465, 47.4128], [8.5466, 47.4129]], [[8.5475, 47.4138], [8.5473, 47.4135], [8.5471, 47.4134], [8.547, 47.4133], [8.547, 47.4132], [8.5469, 47.4132], [8.5469, 47.4131], [8.5468, 47.4131], [8.5467, 47.413], [8.5466, 47.4129]], [[8.5475, 47.4138], [8.5477, 47.414]], [[8.5477, 47.414], [8.5478, 47.4142], [8.5479, 47.4143]], [[8.5479, 47.4143], [8.5481, 47.4144], [8.5481, 47.4145]], [[8.5481, 47.4145], [8.5487, 47.4152], [8.5488, 47.4153]], [[8.5488, 47.4153], [8.5489, 47.4154], [8.549, 47.4155], [8.5491, 47.4156]], [[8.5491, 47.4156], [8.55, 47.4166], [8.5501, 47.4167]], [[8.5501, 47.4167], [8.5514, 47.4181], [8.5518, 47.4187], [8.5525, 47.4194], [8.5527, 47.4196], [8.553, 47.4198], [8.5532, 47.4201], [8.5535, 47.4203]], [[8.5535, 47.4203], [8.5541, 47.4209], [8.5543, 47.4211], [8.5544, 47.4212]], [[8.5544, 47.4212], [8.5545, 47.4213], [8.5548, 47.4216], [8.555, 47.4218], [8.5551, 47.4219], [8.5558, 47.4226], [8.5564, 47.4233], [8.5565, 47.4234], [8.558, 47.4251], [8.5583, 47.4253], [8.5585, 47.4256], [8.5587, 47.4259], [8.5589, 47.426], [8.559, 47.4261], [8.5591, 47.4263], [8.5593, 47.4265], [8.5597, 47.427], [8.5599, 47.4273], [8.5601, 47.4275], [8.5602, 47.4276], [8.5604, 47.4278]], [[8.5604, 47.4278], [8.5609, 47.4284], [8.561, 47.4285], [8.5611, 47.4286], [8.5612, 47.4287], [8.5613, 47.4288], [8.5614, 47.4289], [8.5614, 47.429], [8.5615, 47.4291]], [[8.5624, 47.4317], [8.5624, 47.4318], [8.5626, 47.4329], [8.5626, 47.4332], [8.5626, 47.4333], [8.5627, 47.4334], [8.5627, 47.4336], [8.5627, 47.4337], [8.5627, 47.4338], [8.5627, 47.4339], [8.5627, 47.434], [8.5627, 47.4341], [8.5627, 47.4343], [8.5627, 47.4344], [8.5627, 47.4345], [8.5626, 47.4347]], [[8.5626, 47.4347], [8.5626, 47.4348], [8.5625, 47.4351], [8.5624, 47.4352]], [[8.5624, 47.4352], [8.5624, 47.4353], [8.5624, 47.4354], [8.5623, 47.4355], [8.5623, 47.4356], [8.5622, 47.4357], [8.5622, 47.4358], [8.5621, 47.4359], [8.562, 47.436], [8.562, 47.4361], [8.5619, 47.4362], [8.5618, 47.4362], [8.5618, 47.4363], [8.5617, 47.4364], [8.5616, 47.4365], [8.5615, 47.4366], [8.5614, 47.4367], [8.5613, 47.4368]], [[8.5598, 47.4477], [8.5597, 47.4476]], [[8.56, 47.4485], [8.5601, 47.4486], [8.5602, 47.4488], [8.5604, 47.449], [8.5605, 47.4492], [8.5606, 47.4493], [8.5607, 47.4494], [8.5609, 47.4495], [8.5611, 47.4497], [8.5612, 47.4498], [8.5613, 47.4499], [8.5614, 47.45], [8.5615, 47.45], [8.5616, 47.4501], [8.5617, 47.4501], [8.5618, 47.4502], [8.5619, 47.4503], [8.562, 47.4503], [8.562, 47.4504], [8.5622, 47.4504], [8.5623, 47.4505], [8.5625, 47.4506], [8.5626, 47.4506], [8.5627, 47.4507], [8.5628, 47.4507], [8.563, 47.4508], [8.5631, 47.4508], [8.5632, 47.4509], [8.5633, 47.4509], [8.5634, 47.4509], [8.5635, 47.451], [8.5638, 47.451], [8.5639, 47.4511], [8.564, 47.451], [8.5639, 47.451], [8.5636, 47.4509], [8.5634, 47.4508], [8.5632, 47.4508], [8.5629, 47.4507], [8.5627, 47.4506], [8.5625, 47.4505], [8.5623, 47.4504], [8.5622, 47.4503], [8.5621, 47.4502], [8.5619, 47.4501], [8.5618, 47.4501], [8.5616, 47.45], [8.5614, 47.4498], [8.561, 47.4495], [8.5608, 47.4493], [8.5606, 47.4491], [8.5605, 47.449], [8.5603, 47.4488], [8.5602, 47.4485], [8.5601, 47.4484], [8.56, 47.4485]], [[8.5207, 47.3735], [8.5208, 47.3734], [8.5209, 47.3735], [8.5218, 47.3728], [8.5226, 47.3722], [8.5228, 47.3721], [8.5234, 47.3717], [8.5236, 47.3715], [8.5235, 47.3715], [8.5232, 47.3717], [8.5227, 47.3721], [8.5226, 47.3722], [8.5217, 47.3728], [8.5208, 47.3734], [8.5207, 47.3735]], [[8.5302, 47.3653], [8.5304, 47.365], [8.5305, 47.3648], [8.5306, 47.3647], [8.5305, 47.3647], [8.5306, 47.3646], [8.5307, 47.3645], [8.5307, 47.3644], [8.5308, 47.3642], [8.5309, 47.3638], [8.531, 47.3637], [8.531, 47.3636], [8.5311, 47.3636], [8.531, 47.3636], [8.5311, 47.3634], [8.5311, 47.3633], [8.5311, 47.3631], [8.5311, 47.363], [8.5312, 47.3629], [8.5312, 47.3627], [8.5311, 47.3629], [8.5311, 47.363], [8.5311, 47.3632], [8.531, 47.3635], [8.5309, 47.3636], [8.5309, 47.3637], [8.5308, 47.3638], [8.5308, 47.364], [8.5306, 47.3644], [8.5306, 47.3645], [8.5305, 47.3647], [8.5303, 47.3649], [8.5302, 47.3652], [8.5301, 47.3654], [8.5302, 47.3653]], [[8.5628, 47.2975], [8.5631, 47.2973], [8.5639, 47.2965], [8.5645, 47.296], [8.5656, 47.295], [8.5657, 47.2949], [8.566, 47.2947], [8.5661, 47.2945], [8.5663, 47.2944], [8.5662, 47.2944], [8.5661, 47.2945], [8.566, 47.2946], [8.5659, 47.2947], [8.5658, 47.2948], [8.5656, 47.2949], [8.5643, 47.2961], [8.5639, 47.2965], [8.5631, 47.2972], [8.5628, 47.2975]], [[8.7081, 47.2081], [8.7081, 47.2082], [8.7077, 47.2085], [8.7076, 47.2086], [8.707, 47.209], [8.7062, 47.2096], [8.7059, 47.2098], [8.7057, 47.21], [8.7056, 47.21], [8.7054, 47.2102], [8.7052, 47.2104], [8.7051, 47.2106], [8.7051, 47.2105], [8.705, 47.2105], [8.7052, 47.2104], [8.7054, 47.2102], [8.7056, 47.21], [8.7058, 47.2098], [8.7061, 47.2096], [8.7069, 47.209], [8.7075, 47.2086], [8.7081, 47.2081]], [[8.7763, 47.2034], [8.7779, 47.2033], [8.7782, 47.2033], [8.7788, 47.2033], [8.7801, 47.2032], [8.7818, 47.2031], [8.7802, 47.2032], [8.7788, 47.2032], [8.7782, 47.2033], [8.7779, 47.2033], [8.7772, 47.2033], [8.7763, 47.2034]], [[8.8209, 47.1943], [8.8212, 47.1943], [8.822, 47.1942], [8.8221, 47.1942], [8.8222, 47.1942], [8.8223, 47.1942], [8.8226, 47.1942], [8.8226, 47.1941], [8.8227, 47.1941], [8.8228, 47.1941], [8.8235, 47.194], [8.8251, 47.1939], [8.8251, 47.1938], [8.8209, 47.1943]], [[8.5652, 47.4513], [8.5654, 47.4513]], [[8.5613, 47.4368], [8.5615, 47.4367], [8.5616, 47.4366], [8.5617, 47.4365], [8.5618, 47.4364], [8.5618, 47.4363], [8.5619, 47.4362], [8.562, 47.4361], [8.5621, 47.436], [8.5621, 47.4359], [8.5622, 47.4358], [8.5623, 47.4357], [8.5623, 47.4356], [8.5624, 47.4355], [8.5624, 47.4354], [8.5624, 47.4353], [8.5625, 47.4352]], [[8.5625, 47.4352], [8.5626, 47.4351], [8.5626, 47.4348], [8.5627, 47.4347], [8.5627, 47.4346]], [[8.5627, 47.4346], [8.5627, 47.4345], [8.5627, 47.4344], [8.5627, 47.4343], [8.5627, 47.4341], [8.5627, 47.434], [8.5627, 47.4339], [8.5627, 47.4338], [8.5627, 47.4337], [8.5627, 47.4336], [8.5627, 47.4334], [8.5627, 47.4333], [8.5627, 47.4332], [8.5626, 47.4329], [8.5624, 47.4318], [8.5624, 47.4317]], [[8.5616, 47.4291], [8.5615, 47.4289], [8.5614, 47.4289], [8.5614, 47.4288], [8.5613, 47.4287], [8.5612, 47.4286], [8.5611, 47.4285], [8.561, 47.4284], [8.5605, 47.4278], [8.5603, 47.4277], [8.5602, 47.4275]], [[8.5602, 47.4275], [8.5601, 47.4274], [8.5599, 47.4272], [8.5598, 47.427], [8.5593, 47.4265], [8.5592, 47.4263], [8.559, 47.4261], [8.5588, 47.4258], [8.5586, 47.4256], [8.5583, 47.4253], [8.5581, 47.425], [8.5578, 47.4248], [8.5565, 47.4234], [8.5565, 47.4233], [8.5558, 47.4226], [8.5552, 47.4219], [8.555, 47.4217], [8.5548, 47.4216], [8.5546, 47.4213], [8.5545, 47.4212]], [[8.5545, 47.4212], [8.5543, 47.421], [8.5541, 47.4209], [8.5535, 47.4203]], [[8.5535, 47.4203], [8.5532, 47.4201], [8.553, 47.4198], [8.5528, 47.4196], [8.5526, 47.4194], [8.5519, 47.4186], [8.5514, 47.4181], [8.5507, 47.4173]], [[8.5507, 47.4173], [8.5499, 47.4164], [8.5493, 47.4157], [8.5491, 47.4155], [8.5489, 47.4153]], [[8.5489, 47.4153], [8.5488, 47.4152], [8.5482, 47.4146]], [[8.5482, 47.4146], [8.5481, 47.4145], [8.5481, 47.4144], [8.548, 47.4143], [8.5477, 47.414]], [[8.5477, 47.414], [8.5476, 47.4138]], [[8.5476, 47.4138], [8.5474, 47.4137]], [[8.5466, 47.4129], [8.5467, 47.413], [8.5468, 47.4131], [8.5469, 47.4131], [8.547, 47.4132], [8.547, 47.4133], [8.5471, 47.4133], [8.5472, 47.4134], [8.5473, 47.4135], [8.5474, 47.4137]], [[8.5416, 47.4107], [8.5412, 47.4105], [8.5408, 47.4103], [8.5406, 47.4102], [8.5403, 47.41]], [[8.5403, 47.41], [8.5402, 47.4099]], [[8.5402, 47.4099], [8.5399, 47.4098], [8.5397, 47.4096], [8.5395, 47.4095], [8.5393, 47.4093], [8.5391, 47.4092], [8.539, 47.4091], [8.5388, 47.4089], [8.5386, 47.4087], [8.5385, 47.4086], [8.5383, 47.4084]], [[8.5383, 47.4084], [8.5382, 47.4083], [8.5381, 47.4082], [8.538, 47.4081], [8.538, 47.408], [8.5379, 47.4079]], [[8.5379, 47.4079], [8.5377, 47.4077], [8.5376, 47.4074], [8.5372, 47.4067]], [[8.5372, 47.4067], [8.5371, 47.4066], [8.5369, 47.4061], [8.5365, 47.4053], [8.5365, 47.4052], [8.5363, 47.4049], [8.5362, 47.4047], [8.536, 47.4045]], [[8.5325, 47.3796], [8.5322, 47.3797]], [[8.5322, 47.3797], [8.5311, 47.38], [8.5307, 47.3801]], [[8.5307, 47.3801], [8.5306, 47.3802]], [[8.5306, 47.3802], [8.5297, 47.3804]], [[8.5297, 47.3804], [8.5294, 47.3805], [8.5292, 47.3806], [8.5289, 47.3807], [8.5285, 47.3808]], [[8.5285, 47.3808], [8.5284, 47.3808]], [[8.5284, 47.3808], [8.5282, 47.3809], [8.5281, 47.3809], [8.5279, 47.3809], [8.5277, 47.381], [8.5276, 47.381], [8.5275, 47.381], [8.5273, 47.381], [8.5272, 47.3811], [8.5271, 47.3811], [8.527, 47.3811], [8.5268, 47.3811], [8.5267, 47.3811], [8.5266, 47.3811], [8.5264, 47.3811], [8.5263, 47.3811], [8.5262, 47.3811], [8.5261, 47.3811], [8.5259, 47.3811], [8.5252, 47.381]], [[8.5252, 47.381], [8.5248, 47.381], [8.5243, 47.381], [8.524, 47.381], [8.5239, 47.381], [8.5237, 47.3809], [8.5235, 47.3809], [8.5233, 47.3809], [8.5232, 47.3809], [8.5231, 47.3808], [8.5229, 47.3808], [8.5228, 47.3808], [8.5226, 47.3807], [8.5225, 47.3807], [8.5224, 47.3806], [8.5223, 47.3806], [8.5222, 47.3805], [8.5221, 47.3805], [8.522, 47.3805], [8.522, 47.3804], [8.5219, 47.3804]], [[8.5219, 47.3804], [8.5217, 47.3803], [8.5216, 47.3802], [8.5213, 47.38], [8.5211, 47.3798], [8.5209, 47.3796], [8.5202, 47.3789], [8.5196, 47.3783], [8.5195, 47.3781], [8.5193, 47.3779], [8.5192, 47.3778], [8.5191, 47.3777], [8.5191, 47.3776], [8.519, 47.3775], [8.519, 47.3774]], [[8.519, 47.3774], [8.5189, 47.3773], [8.5188, 47.3771], [8.5188, 47.377], [8.5188, 47.3768], [8.5187, 47.3767], [8.5187, 47.3766], [8.5187, 47.3764], [8.5187, 47.3763], [8.5187, 47.3762]], [[8.5187, 47.3762], [8.5187, 47.3761], [8.5188, 47.3759], [8.5188, 47.3757], [8.5189, 47.3755], [8.519, 47.3752], [8.5191, 47.3751], [8.5192, 47.3749], [8.5193, 47.3747], [8.5194, 47.3746], [8.5195, 47.3745], [8.5196, 47.3743], [8.5198, 47.3742]], [[8.5198, 47.3742], [8.5199, 47.3741], [8.52, 47.374], [8.5201, 47.3739], [8.5203, 47.3737]], [[8.5203, 47.3737], [8.521, 47.3733], [8.5222, 47.3724], [8.5227, 47.372], [8.5233, 47.3717], [8.5234, 47.3716], [8.5235, 47.3715]], [[8.5301, 47.3654], [8.5302, 47.3651], [8.5303, 47.3649], [8.5304, 47.3647], [8.5306, 47.3644], [8.5307, 47.364], [8.5309, 47.3637], [8.5309, 47.3635], [8.531, 47.3632], [8.5311, 47.363], [8.5311, 47.3629], [8.5311, 47.3627]], [[8.5329, 47.3547], [8.533, 47.3546], [8.5331, 47.3545], [8.5331, 47.3543], [8.5332, 47.3542], [8.5332, 47.3541], [8.5332, 47.354], [8.5333, 47.3539], [8.5333, 47.3538], [8.5333, 47.3537], [8.5333, 47.3536], [8.5334, 47.3535], [8.5334, 47.3533], [8.5334, 47.3532], [8.5334, 47.3531], [8.5334, 47.353], [8.5334, 47.3529], [8.5334, 47.3526], [8.5333, 47.3524]], [[8.5333, 47.3524], [8.5333, 47.3523]], [[8.5333, 47.3523], [8.5333, 47.352], [8.5333, 47.3517], [8.5332, 47.3516], [8.5332, 47.3515], [8.5332, 47.3514], [8.5332, 47.3513], [8.5332, 47.3512], [8.5332, 47.3511], [8.5332, 47.351], [8.5333, 47.3509], [8.5333, 47.3508], [8.5333, 47.3506], [8.5333, 47.3505], [8.5334, 47.35]], [[8.5334, 47.35], [8.5335, 47.3497], [8.5337, 47.349], [8.5338, 47.3484], [8.5339, 47.3479], [8.534, 47.3474], [8.534, 47.347], [8.5341, 47.3468], [8.5342, 47.3457]], [[8.5342, 47.3457], [8.5343, 47.3452], [8.5343, 47.3451], [8.5343, 47.3449], [8.5344, 47.3448], [8.5344, 47.3447], [8.5344, 47.3446], [8.5344, 47.3445], [8.5345, 47.3444], [8.5345, 47.3443], [8.5345, 47.3442], [8.5346, 47.3441], [8.5346, 47.344]], [[8.5346, 47.344], [8.5347, 47.3439]], [[8.5347, 47.3439], [8.5347, 47.3438], [8.5348, 47.3436]], [[8.5348, 47.3436], [8.5349, 47.3435], [8.535, 47.3434], [8.5351, 47.3433], [8.5351, 47.3432], [8.5352, 47.3431], [8.5353, 47.343], [8.5356, 47.3426], [8.5357, 47.3425], [8.5358, 47.3423], [8.5365, 47.3414], [8.5366, 47.3412], [8.5368, 47.3411], [8.5369, 47.3409], [8.5369, 47.3408], [8.537, 47.3408], [8.537, 47.3407], [8.5371, 47.3406], [8.5371, 47.3405], [8.5372, 47.3403], [8.5373, 47.3401], [8.538, 47.339], [8.5381, 47.3388]], [[8.5381, 47.3388], [8.5381, 47.3387]], [[8.5381, 47.3387], [8.5382, 47.3385], [8.5382, 47.3384], [8.5383, 47.3383], [8.5383, 47.3382], [8.5384, 47.338], [8.5384, 47.3379], [8.5384, 47.3377], [8.5385, 47.3375], [8.5385, 47.3374], [8.5385, 47.3373], [8.5386, 47.3372], [8.5386, 47.3371], [8.5387, 47.3369], [8.5387, 47.3368], [8.5388, 47.3368], [8.5388, 47.3367], [8.5388, 47.3366], [8.5389, 47.3365], [8.539, 47.3364], [8.539, 47.3363], [8.5391, 47.3362], [8.5392, 47.3361], [8.5393, 47.336], [8.5394, 47.3359], [8.5395, 47.3358], [8.5396, 47.3358], [8.5396, 47.3357], [8.5397, 47.3356], [8.5398, 47.3356], [8.5398, 47.3355], [8.5399, 47.3355], [8.54, 47.3354], [8.5401, 47.3353], [8.5402, 47.3353], [8.5403, 47.3352], [8.5405, 47.3351], [8.5409, 47.3349], [8.5411, 47.3348], [8.5414, 47.3346], [8.5415, 47.3346], [8.5416, 47.3345], [8.5417, 47.3344], [8.5418, 47.3343], [8.542, 47.3343], [8.5421, 47.3342]], [[8.5421, 47.3342], [8.5422, 47.3341]], [[8.546, 47.3292], [8.5446, 47.3315], [8.5445, 47.3317], [8.5444, 47.3318], [8.5443, 47.3319], [8.5443, 47.332], [8.5442, 47.3321], [8.5442, 47.3322], [8.5441, 47.3323], [8.544, 47.3324], [8.5439, 47.3325], [8.5439, 47.3326], [8.5438, 47.3326], [8.5437, 47.3328], [8.5436, 47.3329], [8.5434, 47.3331], [8.5433, 47.3331], [8.5433, 47.3332], [8.5432, 47.3333], [8.5431, 47.3334], [8.543, 47.3335], [8.5428, 47.3336], [8.5427, 47.3337], [8.5426, 47.3338], [8.5425, 47.3339], [8.5424, 47.334], [8.5423, 47.334], [8.5422, 47.3341]], [[8.5461, 47.329], [8.546, 47.3291], [8.546, 47.3292]], [[8.5461, 47.329], [8.5464, 47.3284], [8.5465, 47.3282], [8.5466, 47.3281], [8.5466, 47.328], [8.5467, 47.3279], [8.5467, 47.3278], [8.5468, 47.3277], [8.5468, 47.3276], [8.5469, 47.3275], [8.5469, 47.3273], [8.547, 47.3272], [8.5471, 47.327], [8.5471, 47.3268], [8.5473, 47.3264], [8.5474, 47.326]], [[8.5475, 47.3257], [8.5474, 47.326]], [[8.5475, 47.3257], [8.5479, 47.3244], [8.5484, 47.323], [8.5485, 47.3227]], [[8.5485, 47.3227], [8.5485, 47.3226], [8.5485, 47.3225], [8.5486, 47.3224]], [[8.5497, 47.3193], [8.5497, 47.3194], [8.5496, 47.3195], [8.5496, 47.3196], [8.5495, 47.3199], [8.549, 47.3213], [8.5486, 47.3224]], [[8.5498, 47.3192], [8.5497, 47.3193]], [[8.5528, 47.3127], [8.5521, 47.3151], [8.5519, 47.3157], [8.5519, 47.3158], [8.5518, 47.3159], [8.5518, 47.316], [8.5518, 47.3161], [8.5517, 47.3162], [8.5517, 47.3163], [8.5516, 47.3164], [8.5516, 47.3165], [8.5515, 47.3166], [8.5515, 47.3167], [8.5514, 47.3168], [8.5514, 47.3169], [8.5513, 47.317], [8.5512, 47.3171], [8.5509, 47.3175], [8.5504, 47.3182], [8.5502, 47.3185], [8.5501, 47.3187], [8.55, 47.3188], [8.5499, 47.3189], [8.5499, 47.319], [8.5498, 47.3191], [8.5498, 47.3192]], [[8.5529, 47.3125], [8.5528, 47.3127]], [[8.5545, 47.3083], [8.5544, 47.3085], [8.5543, 47.3087], [8.5541, 47.3092], [8.5537, 47.31], [8.5535, 47.3105], [8.5535, 47.3106], [8.5534, 47.3107], [8.5534, 47.3108], [8.5533, 47.3109], [8.5533, 47.3111], [8.5532, 47.3113], [8.5531, 47.3116], [8.5529, 47.3125]], [[8.5558, 47.3055], [8.5557, 47.3057], [8.5552, 47.3069], [8.5551, 47.3071], [8.5548, 47.3077], [8.5545, 47.3083]], [[8.5561, 47.305], [8.556, 47.3051], [8.556, 47.3052], [8.5559, 47.3053], [8.5558, 47.3054], [8.5558, 47.3055]], [[8.5575, 47.3032], [8.5567, 47.3041], [8.5566, 47.3043], [8.5565, 47.3043], [8.5564, 47.3045], [8.5563, 47.3046], [8.5563, 47.3047], [8.5562, 47.3048], [8.5561, 47.305]], [[8.5587, 47.3017], [8.5575, 47.3032]], [[8.5587, 47.3017], [8.559, 47.3013], [8.5591, 47.3012], [8.5595, 47.3007], [8.5597, 47.3004], [8.5598, 47.3003], [8.5599, 47.3002], [8.56, 47.3001], [8.5601, 47.3], [8.5603, 47.2998], [8.5604, 47.2997], [8.5605, 47.2996], [8.5606, 47.2995], [8.5609, 47.2993]], [[8.5609, 47.2993], [8.5609, 47.2992]], [[8.5609, 47.2992], [8.5611, 47.2991]], [[8.5611, 47.2991], [8.5613, 47.2989], [8.5614, 47.2988]], [[8.5614, 47.2988], [8.5615, 47.2987], [8.5618, 47.2984]], [[8.5618, 47.2984], [8.562, 47.2983], [8.5626, 47.2977]], [[8.5626, 47.2977], [8.5631, 47.2973], [8.5631, 47.2972], [8.5632, 47.2972], [8.5646, 47.296], [8.5657, 47.2949], [8.5659, 47.2948], [8.5661, 47.2946], [8.5663, 47.2945], [8.5665, 47.2943]], [[8.5665, 47.2943], [8.5667, 47.2942], [8.5669, 47.294]], [[8.5669, 47.294], [8.567, 47.294], [8.5671, 47.2939]], [[8.5671, 47.2939], [8.5672, 47.2938], [8.5673, 47.2938], [8.5674, 47.2937], [8.5675, 47.2937]], [[8.5675, 47.2937], [8.5677, 47.2936], [8.5678, 47.2936], [8.5679, 47.2935], [8.5683, 47.2933]], [[8.5683, 47.2933], [8.5685, 47.2933], [8.5688, 47.2932], [8.5689, 47.2931], [8.5693, 47.2929], [8.5694, 47.2929], [8.5695, 47.2928], [8.5696, 47.2928], [8.5697, 47.2927], [8.5698, 47.2926], [8.5699, 47.2926], [8.57, 47.2925], [8.5701, 47.2925], [8.5702, 47.2924], [8.5703, 47.2924], [8.5704, 47.2923], [8.5705, 47.2922], [8.5705, 47.2921], [8.5706, 47.2921], [8.5707, 47.292], [8.5708, 47.2919], [8.5709, 47.2918], [8.571, 47.2917], [8.5711, 47.2916], [8.5711, 47.2915], [8.5712, 47.2915], [8.5712, 47.2914], [8.5713, 47.2913], [8.5714, 47.2912], [8.5715, 47.291], [8.5717, 47.2908]], [[8.5717, 47.2908], [8.572, 47.2903], [8.5722, 47.29], [8.5725, 47.2896], [8.5727, 47.2893]], [[8.5727, 47.2893], [8.5737, 47.2878], [8.5738, 47.2876], [8.5747, 47.2862], [8.575, 47.2858], [8.5751, 47.2856], [8.5753, 47.2853], [8.5754, 47.2852], [8.5756, 47.285], [8.5758, 47.2847], [8.576, 47.2844]], [[8.576, 47.2844], [8.5761, 47.2843]], [[8.5761, 47.2843], [8.5765, 47.2838], [8.5767, 47.2834], [8.5768, 47.2833], [8.5769, 47.2831], [8.577, 47.2829], [8.5771, 47.2827], [8.5771, 47.2824], [8.5772, 47.2821], [8.5773, 47.2819], [8.5774, 47.2816], [8.5774, 47.2815], [8.5775, 47.2813]], [[8.5776, 47.2811], [8.5777, 47.281], [8.5778, 47.2808], [8.578, 47.2806], [8.5787, 47.2795], [8.5795, 47.2784]], [[8.5795, 47.2784], [8.5796, 47.2782], [8.5798, 47.278], [8.5799, 47.2778], [8.5801, 47.2775], [8.5803, 47.2772], [8.5805, 47.2769], [8.5807, 47.2765], [8.5813, 47.2754], [8.582, 47.2742]], [[8.582, 47.2742], [8.5822, 47.2739]], [[8.5822, 47.2739], [8.5823, 47.2738], [8.5825, 47.2734], [8.5827, 47.273], [8.583, 47.2726], [8.5831, 47.2724], [8.5833, 47.2722], [8.5835, 47.2719], [8.5837, 47.2717], [8.5839, 47.2714], [8.5842, 47.2712], [8.5846, 47.2708], [8.5851, 47.2703], [8.5856, 47.2699], [8.5861, 47.2693]], [[8.5861, 47.2693], [8.5862, 47.2693]], [[8.5862, 47.2693], [8.5864, 47.269], [8.5866, 47.2687], [8.5868, 47.2686], [8.5876, 47.2676]], [[8.5876, 47.2676], [8.5877, 47.2674]], [[8.5877, 47.2674], [8.5878, 47.2672], [8.5879, 47.2671], [8.588, 47.267], [8.5888, 47.266], [8.5892, 47.2655]], [[8.5892, 47.2655], [8.5894, 47.2652], [8.5895, 47.265], [8.5896, 47.2649]], [[8.5896, 47.2649], [8.5898, 47.2648], [8.5899, 47.2646], [8.5901, 47.2645], [8.5902, 47.2644], [8.5903, 47.2643], [8.5904, 47.2642], [8.5905, 47.2641], [8.5906, 47.264], [8.5908, 47.2639], [8.5909, 47.2638], [8.591, 47.2637], [8.5911, 47.2637], [8.5912, 47.2636], [8.5913, 47.2635], [8.5914, 47.2635], [8.5915, 47.2634], [8.5916, 47.2633], [8.5917, 47.2632], [8.5919, 47.2632], [8.592, 47.2631], [8.5921, 47.263], [8.5922, 47.263], [8.5923, 47.2629], [8.5925, 47.2629], [8.5926, 47.2628], [8.5927, 47.2628], [8.5928, 47.2627], [8.593, 47.2626], [8.5931, 47.2626], [8.5932, 47.2625], [8.5933, 47.2625], [8.5934, 47.2625], [8.5935, 47.2624], [8.5937, 47.2624], [8.5938, 47.2623], [8.5939, 47.2623], [8.594, 47.2623], [8.5942, 47.2622], [8.5943, 47.2622], [8.5945, 47.2621], [8.5947, 47.2621], [8.5948, 47.2621], [8.5949, 47.262], [8.595, 47.262], [8.5951, 47.262], [8.5952, 47.262], [8.5953, 47.262], [8.5954, 47.2619], [8.5956, 47.2619], [8.5957, 47.2619], [8.5958, 47.2619], [8.596, 47.2619], [8.5965, 47.2618], [8.5967, 47.2617], [8.5969, 47.2617], [8.597, 47.2617], [8.5971, 47.2617], [8.5972, 47.2617], [8.5974, 47.2617], [8.5975, 47.2616], [8.5976, 47.2616], [8.5977, 47.2616], [8.5978, 47.2616], [8.5979, 47.2615], [8.598, 47.2615], [8.5981, 47.2615], [8.5982, 47.2615], [8.5984, 47.2614], [8.5985, 47.2614], [8.5986, 47.2614], [8.5987, 47.2613], [8.5988, 47.2613], [8.599, 47.2612], [8.5992, 47.2611], [8.5994, 47.2611], [8.5996, 47.261], [8.5997, 47.2609], [8.5999, 47.2609], [8.6, 47.2608], [8.6001, 47.2608], [8.6002, 47.2607], [8.6003, 47.2607], [8.6004, 47.2606], [8.6006, 47.2606], [8.6007, 47.2605], [8.6009, 47.2604], [8.601, 47.2603], [8.6012, 47.2602], [8.6014, 47.2601], [8.6016, 47.26], [8.6018, 47.2599], [8.6019, 47.2599], [8.602, 47.2599], [8.6022, 47.2597], [8.6025, 47.2596]], [[8.6025, 47.2596], [8.6026, 47.2596], [8.6028, 47.2595], [8.6029, 47.2595], [8.603, 47.2594], [8.6032, 47.2594], [8.6034, 47.2593], [8.6047, 47.2589], [8.6048, 47.2589], [8.6053, 47.2587], [8.6056, 47.2586], [8.6059, 47.2585], [8.6064, 47.2583], [8.6067, 47.2582], [8.6069, 47.258], [8.6073, 47.2579], [8.6079, 47.2575], [8.6087, 47.2572], [8.6092, 47.2569], [8.6099, 47.2566], [8.6104, 47.2564], [8.6106, 47.2563], [8.6109, 47.2562], [8.6112, 47.2561], [8.6116, 47.256], [8.6119, 47.2559], [8.6121, 47.2559], [8.6123, 47.2558], [8.6128, 47.2558], [8.6136, 47.2557], [8.6141, 47.2556], [8.6144, 47.2556], [8.6148, 47.2555], [8.6152, 47.2555]], [[8.6152, 47.2555], [8.6155, 47.2554], [8.6157, 47.2553], [8.616, 47.2553], [8.6162, 47.2552], [8.6165, 47.2551], [8.6168, 47.255], [8.617, 47.2549], [8.6172, 47.2548], [8.6173, 47.2548]], [[8.6173, 47.2548], [8.6174, 47.2548]], [[8.6174, 47.2548], [8.6175, 47.2547], [8.6181, 47.2544], [8.6187, 47.2541], [8.6191, 47.2539], [8.6192, 47.2539], [8.6196, 47.2537], [8.6205, 47.2533], [8.621, 47.253], [8.6215, 47.2528], [8.6219, 47.2527], [8.6221, 47.2526], [8.6224, 47.2525], [8.6227, 47.2524], [8.623, 47.2523], [8.6234, 47.2522], [8.6248, 47.2519], [8.6257, 47.2517], [8.6262, 47.2516], [8.6271, 47.2514], [8.6275, 47.2514], [8.6279, 47.2513], [8.6283, 47.2512], [8.6286, 47.2511], [8.6289, 47.251], [8.6292, 47.2509], [8.6295, 47.2508], [8.6297, 47.2508], [8.6302, 47.2506], [8.6322, 47.2499], [8.6338, 47.2493], [8.6347, 47.249]], [[8.6347, 47.249], [8.6356, 47.2487], [8.6367, 47.2484], [8.6371, 47.2482], [8.6381, 47.2479], [8.6386, 47.2477], [8.639, 47.2476], [8.6392, 47.2476], [8.6395, 47.2475], [8.6397, 47.2475], [8.6399, 47.2474], [8.6404, 47.2474], [8.6407, 47.2473]], [[8.6407, 47.2473], [8.644, 47.247], [8.6453, 47.2469], [8.6456, 47.2469], [8.646, 47.2468], [8.6468, 47.2467], [8.6471, 47.2467], [8.6474, 47.2467], [8.6478, 47.2466], [8.648, 47.2466]], [[8.648, 47.2466], [8.6483, 47.2466], [8.6487, 47.2465], [8.649, 47.2464], [8.6495, 47.2463], [8.6499, 47.2462], [8.6503, 47.246], [8.6508, 47.2458], [8.655, 47.2441], [8.6553, 47.244], [8.6557, 47.2439], [8.6559, 47.2438], [8.6562, 47.2436], [8.6564, 47.2435], [8.6567, 47.2434], [8.6569, 47.2432], [8.6571, 47.2431], [8.6573, 47.243], [8.6574, 47.2428], [8.6576, 47.2427], [8.6577, 47.2426], [8.6579, 47.2424], [8.6581, 47.2423], [8.6582, 47.2421], [8.6584, 47.242], [8.6585, 47.2418], [8.6586, 47.2416], [8.6588, 47.2414], [8.659, 47.2411], [8.6592, 47.2407], [8.6594, 47.2403], [8.6595, 47.2399], [8.6597, 47.2395], [8.6599, 47.2391], [8.6601, 47.2387], [8.6603, 47.2386], [8.6604, 47.2384], [8.6606, 47.2382], [8.6608, 47.238], [8.6609, 47.2378], [8.6612, 47.2376], [8.6614, 47.2375], [8.6616, 47.2373], [8.6619, 47.2371], [8.6621, 47.237], [8.6624, 47.2369], [8.6627, 47.2367], [8.6635, 47.2363], [8.6637, 47.2362], [8.664, 47.236], [8.6647, 47.2356], [8.6679, 47.2337], [8.6683, 47.2334], [8.6685, 47.2333], [8.6687, 47.2332], [8.6689, 47.2331], [8.6691, 47.233], [8.6694, 47.2329], [8.6696, 47.2328], [8.6699, 47.2327], [8.6706, 47.2326], [8.6709, 47.2325]], [[8.6709, 47.2325], [8.6713, 47.2324], [8.6714, 47.2323], [8.6715, 47.2323], [8.6716, 47.2322], [8.6717, 47.2322]], [[8.6717, 47.2322], [8.6719, 47.2321], [8.6721, 47.232], [8.6722, 47.232], [8.6723, 47.2319], [8.6725, 47.2318], [8.6727, 47.2317]], [[8.6727, 47.2317], [8.673, 47.2315], [8.6733, 47.2314], [8.6734, 47.2313], [8.6735, 47.2313], [8.6737, 47.2312], [8.6738, 47.2311], [8.6739, 47.2311], [8.674, 47.231], [8.6741, 47.2309]], [[8.6741, 47.2309], [8.6742, 47.2309], [8.6743, 47.2308], [8.6744, 47.2307], [8.6745, 47.2306], [8.6746, 47.2305], [8.6747, 47.2304], [8.6748, 47.2304], [8.6748, 47.2303], [8.6749, 47.2302], [8.675, 47.2301], [8.6751, 47.23], [8.6752, 47.2299], [8.6753, 47.2297], [8.6754, 47.2295], [8.6758, 47.2288], [8.676, 47.2285], [8.6761, 47.2283], [8.6762, 47.2282], [8.6762, 47.2281], [8.6763, 47.228], [8.6764, 47.2279], [8.6765, 47.2278], [8.6766, 47.2277], [8.6766, 47.2276], [8.6767, 47.2275], [8.6768, 47.2274], [8.6769, 47.2274], [8.677, 47.2273], [8.6771, 47.2272], [8.6772, 47.2271], [8.6773, 47.2271], [8.6778, 47.2267]], [[8.6778, 47.2267], [8.6781, 47.2264], [8.6782, 47.2263], [8.6783, 47.2263], [8.6784, 47.2262], [8.6785, 47.2261], [8.6787, 47.226], [8.6788, 47.2259], [8.679, 47.2258]], [[8.679, 47.2258], [8.681, 47.2247], [8.6814, 47.2246]], [[8.6814, 47.2246], [8.6815, 47.2245], [8.6816, 47.2244], [8.6818, 47.2244], [8.682, 47.2243], [8.6821, 47.2242], [8.6823, 47.2241], [8.6825, 47.2241], [8.6828, 47.224], [8.6835, 47.2237], [8.6842, 47.2234], [8.6845, 47.2233], [8.6846, 47.2232], [8.6847, 47.2232], [8.6849, 47.2231], [8.6851, 47.223], [8.6853, 47.2228], [8.6856, 47.2227], [8.6861, 47.2223], [8.6866, 47.222], [8.6868, 47.2219], [8.687, 47.2217], [8.6873, 47.2216], [8.6875, 47.2215], [8.6878, 47.2213], [8.688, 47.2212], [8.6885, 47.221], [8.689, 47.2208], [8.69, 47.2203], [8.6907, 47.22], [8.6914, 47.2197], [8.6919, 47.2195], [8.6924, 47.2193], [8.6927, 47.2191], [8.6929, 47.219], [8.6932, 47.219], [8.6933, 47.2189], [8.6935, 47.2189], [8.6937, 47.2188], [8.6939, 47.2188], [8.694, 47.2187], [8.6941, 47.2187], [8.6943, 47.2187], [8.6944, 47.2187], [8.6945, 47.2186], [8.6948, 47.2186], [8.6954, 47.2185], [8.6956, 47.2185], [8.6959, 47.2185], [8.696, 47.2184], [8.6962, 47.2184], [8.6963, 47.2184], [8.6965, 47.2184], [8.6966, 47.2183], [8.6967, 47.2183], [8.6968, 47.2183], [8.697, 47.2182], [8.6971, 47.2182], [8.6973, 47.2181], [8.6974, 47.2181], [8.6976, 47.218], [8.6978, 47.2179], [8.6979, 47.2178], [8.698, 47.2178], [8.6981, 47.2177], [8.6982, 47.2177], [8.6984, 47.2175], [8.6987, 47.2174], [8.6989, 47.2173], [8.6991, 47.2171], [8.6994, 47.2169], [8.6997, 47.2167], [8.7, 47.2165], [8.7001, 47.2164], [8.7003, 47.2162], [8.7005, 47.2161], [8.7006, 47.2159], [8.7007, 47.2158], [8.7008, 47.2157], [8.7009, 47.2156], [8.701, 47.2155], [8.701, 47.2154], [8.7011, 47.2153], [8.7012, 47.2151], [8.7013, 47.2149], [8.7014, 47.2148], [8.7014, 47.2147], [8.7015, 47.2145], [8.7016, 47.2144], [8.7017, 47.2143], [8.7017, 47.2142], [8.7018, 47.2142], [8.7018, 47.2141], [8.7019, 47.214], [8.702, 47.2139], [8.7024, 47.2135], [8.7026, 47.2132], [8.7029, 47.2129], [8.7038, 47.2119], [8.7047, 47.2109], [8.705, 47.2105]], [[8.705, 47.2105], [8.7052, 47.2104], [8.7054, 47.2102], [8.7056, 47.21], [8.7058, 47.2098], [8.7061, 47.2096], [8.7074, 47.2086], [8.7084, 47.2079]], [[8.7084, 47.2079], [8.7096, 47.2069], [8.71, 47.2066], [8.7102, 47.2064], [8.7103, 47.2063], [8.7104, 47.2062], [8.7106, 47.2061], [8.7106, 47.206], [8.7107, 47.2059], [8.7108, 47.2058], [8.7109, 47.2056], [8.711, 47.2054], [8.7112, 47.2051], [8.7114, 47.2047], [8.7115, 47.2045], [8.7116, 47.2044], [8.7117, 47.2042], [8.7118, 47.2042], [8.7118, 47.2041], [8.7119, 47.204], [8.712, 47.2039], [8.7121, 47.2038], [8.7121, 47.2037], [8.7122, 47.2036], [8.7123, 47.2035], [8.7124, 47.2034], [8.7126, 47.2033], [8.7129, 47.203], [8.7132, 47.2028], [8.7134, 47.2026], [8.7135, 47.2025], [8.7137, 47.2024], [8.7138, 47.2023], [8.7139, 47.2022], [8.7141, 47.2021], [8.7142, 47.202], [8.7143, 47.2019], [8.7145, 47.2019], [8.7146, 47.2018], [8.7147, 47.2018], [8.7148, 47.2017], [8.7149, 47.2016], [8.715, 47.2016], [8.7151, 47.2016], [8.7152, 47.2015], [8.7153, 47.2015], [8.7155, 47.2014], [8.7156, 47.2014], [8.7158, 47.2013], [8.7159, 47.2013], [8.7161, 47.2012], [8.7162, 47.2012], [8.7163, 47.2012], [8.7164, 47.2012], [8.7166, 47.2011], [8.7168, 47.2011], [8.717, 47.201], [8.7172, 47.201], [8.7178, 47.2009], [8.7188, 47.2007]], [[8.7188, 47.2007], [8.7189, 47.2007]], [[8.7189, 47.2007], [8.7199, 47.2006], [8.7202, 47.2005], [8.7204, 47.2005], [8.7206, 47.2004], [8.7208, 47.2004], [8.721, 47.2004], [8.7212, 47.2004], [8.7214, 47.2003], [8.7215, 47.2003], [8.7218, 47.2003], [8.7219, 47.2003], [8.7222, 47.2003], [8.7224, 47.2003], [8.7226, 47.2003], [8.7229, 47.2003]], [[8.7229, 47.2003], [8.723, 47.2003], [8.7232, 47.2003]], [[8.7232, 47.2003], [8.7234, 47.2003], [8.7236, 47.2003], [8.7238, 47.2003], [8.724, 47.2004], [8.7242, 47.2004], [8.7243, 47.2004], [8.7244, 47.2004], [8.7246, 47.2004], [8.7247, 47.2004], [8.7249, 47.2005], [8.7251, 47.2005], [8.7253, 47.2005], [8.7256, 47.2006], [8.7259, 47.2007], [8.7263, 47.2007], [8.7271, 47.2009], [8.7273, 47.2009], [8.7277, 47.201], [8.7281, 47.2011], [8.7289, 47.2012], [8.729, 47.2013], [8.7292, 47.2013], [8.7294, 47.2014], [8.7296, 47.2014]], [[8.7296, 47.2014], [8.7298, 47.2015], [8.73, 47.2015], [8.7301, 47.2016]], [[8.7301, 47.2016], [8.7303, 47.2016]], [[8.7303, 47.2016], [8.7305, 47.2017], [8.7337, 47.2028], [8.7342, 47.203], [8.7345, 47.2031], [8.7348, 47.2032], [8.7352, 47.2034], [8.7356, 47.2034], [8.736, 47.2036], [8.7363, 47.2036], [8.7367, 47.2037], [8.737, 47.2037], [8.7373, 47.2038], [8.738, 47.2039], [8.7382, 47.2039], [8.7385, 47.204], [8.7386, 47.204], [8.7388, 47.204], [8.7389, 47.204], [8.7391, 47.2041], [8.7393, 47.2041], [8.7394, 47.2041], [8.7396, 47.2042], [8.7398, 47.2042], [8.7399, 47.2043], [8.7401, 47.2043], [8.7402, 47.2044], [8.7404, 47.2045], [8.7406, 47.2045], [8.7409, 47.2047], [8.7413, 47.2048]], [[8.7413, 47.2048], [8.7416, 47.205]], [[8.7416, 47.205], [8.7422, 47.2052], [8.7425, 47.2053], [8.7428, 47.2054], [8.743, 47.2055], [8.7431, 47.2055], [8.7433, 47.2056], [8.7435, 47.2056], [8.7437, 47.2057], [8.7439, 47.2057], [8.7441, 47.2058], [8.7442, 47.2058], [8.7444, 47.2059], [8.7446, 47.2059], [8.7449, 47.2059], [8.7451, 47.206], [8.7454, 47.206], [8.7456, 47.2061], [8.7529, 47.2071], [8.7532, 47.2072], [8.7538, 47.2073]], [[8.7538, 47.2073], [8.754, 47.2073], [8.7542, 47.2073], [8.7544, 47.2073], [8.7545, 47.2073], [8.7546, 47.2073], [8.7548, 47.2074], [8.7549, 47.2074], [8.7551, 47.2074], [8.7552, 47.2074], [8.7553, 47.2074], [8.7554, 47.2074], [8.7555, 47.2074], [8.7557, 47.2074], [8.7559, 47.2074], [8.756, 47.2074], [8.7562, 47.2073], [8.7563, 47.2073], [8.7565, 47.2073], [8.7566, 47.2073], [8.7568, 47.2073], [8.7569, 47.2073], [8.757, 47.2073], [8.7572, 47.2072], [8.7573, 47.2072], [8.7575, 47.2072], [8.7576, 47.2072], [8.7577, 47.2071], [8.7579, 47.2071]], [[8.7579, 47.2071], [8.7581, 47.2071], [8.7583, 47.207], [8.7595, 47.2067], [8.7611, 47.2064], [8.7657, 47.2053]], [[8.7657, 47.2053], [8.7658, 47.2053]], [[8.7658, 47.2053], [8.7659, 47.2052], [8.7678, 47.2048], [8.77, 47.2043]], [[8.77, 47.2043], [8.7705, 47.2042], [8.7709, 47.2041], [8.7714, 47.204], [8.7716, 47.2039], [8.772, 47.2038], [8.7726, 47.2038], [8.7729, 47.2037], [8.7736, 47.2036]], [[8.7736, 47.2036], [8.7737, 47.2036]], [[8.7737, 47.2036], [8.7742, 47.2036], [8.7744, 47.2035]], [[8.7744, 47.2035], [8.7749, 47.2035], [8.7753, 47.2034], [8.7755, 47.2034], [8.7756, 47.2034]], [[8.7756, 47.2034], [8.7758, 47.2034], [8.776, 47.2034], [8.7762, 47.2033], [8.7763, 47.2033]], [[8.7763, 47.2033], [8.7765, 47.2033], [8.7767, 47.2033], [8.777, 47.2033], [8.7782, 47.2033], [8.7798, 47.2032], [8.7803, 47.2032], [8.7808, 47.2031], [8.7812, 47.2031], [8.7818, 47.2031]], [[8.7818, 47.2031], [8.7839, 47.203], [8.7854, 47.2029]], [[8.7854, 47.2029], [8.7857, 47.2029]], [[8.7857, 47.2029], [8.7862, 47.2028], [8.7868, 47.2028], [8.7872, 47.2028], [8.7876, 47.2027]], [[8.7876, 47.2027], [8.79, 47.2025], [8.8044, 47.2014], [8.8066, 47.2012], [8.8077, 47.2011]], [[8.8077, 47.2011], [8.8084, 47.2011], [8.8089, 47.201], [8.8092, 47.201], [8.8096, 47.2009], [8.81, 47.2008], [8.8105, 47.2006], [8.8109, 47.2004], [8.8113, 47.2002], [8.8117, 47.2], [8.8119, 47.1998], [8.8122, 47.1996], [8.8124, 47.1994], [8.8127, 47.1991], [8.813, 47.1987], [8.8146, 47.1969], [8.8147, 47.1968], [8.8148, 47.1966], [8.8152, 47.1962], [8.8156, 47.1959], [8.8159, 47.1956], [8.8164, 47.1953], [8.8169, 47.1951], [8.8173, 47.1949], [8.8178, 47.1948], [8.8179, 47.1948], [8.8182, 47.1947], [8.8186, 47.1946], [8.8191, 47.1945], [8.8197, 47.1945], [8.8201, 47.1944]], [[8.8201, 47.1944], [8.8229, 47.1941], [8.825, 47.1938], [8.8252, 47.1938], [8.8257, 47.1938], [8.8258, 47.1938]], [[8.8258, 47.1938], [8.8266, 47.1937], [8.8274, 47.1937], [8.8295, 47.1938], [8.8297, 47.1938], [8.8302, 47.1938], [8.8308, 47.1937], [8.8312, 47.1937], [8.8318, 47.1936], [8.8323, 47.1935], [8.8328, 47.1933], [8.8333, 47.1931], [8.8337, 47.193]], [[8.8337, 47.193], [8.8341, 47.1928], [8.836, 47.1917], [8.838, 47.1907], [8.8385, 47.1905], [8.8387, 47.1904], [8.8389, 47.1903], [8.8391, 47.1902], [8.8393, 47.1901], [8.8396, 47.19], [8.8398, 47.19], [8.8402, 47.1899], [8.8404, 47.1898], [8.8407, 47.1898], [8.841, 47.1897], [8.8413, 47.1897], [8.8415, 47.1896], [8.8419, 47.1896], [8.8422, 47.1896], [8.8426, 47.1895], [8.843, 47.1895], [8.8435, 47.1895], [8.8461, 47.1894]], [[8.8461, 47.1894], [8.8467, 47.1893]], [[8.8468, 47.1893], [8.8471, 47.1893], [8.8474, 47.1893], [8.8477, 47.1893], [8.8478, 47.1893], [8.8482, 47.1893], [8.8485, 47.1893], [8.8487, 47.1893], [8.849, 47.1893], [8.8492, 47.1894], [8.8494, 47.1894], [8.8496, 47.1894], [8.8498, 47.1894], [8.85, 47.1895], [8.8506, 47.1896], [8.8527, 47.1899], [8.8547, 47.1903], [8.8556, 47.1904]], [[8.8556, 47.1904], [8.8562, 47.1906], [8.8566, 47.1906]], [[8.8566, 47.1906], [8.8572, 47.1907], [8.8612, 47.1914], [8.8618, 47.1915], [8.8624, 47.1916], [8.863, 47.1917], [8.8633, 47.1917], [8.8636, 47.1917], [8.8638, 47.1917], [8.8639, 47.1917], [8.8642, 47.1917], [8.8645, 47.1917], [8.8648, 47.1917], [8.8652, 47.1917], [8.8656, 47.1917]], [[8.8656, 47.1917], [8.8664, 47.1916]], [[8.8664, 47.1916], [8.8669, 47.1916], [8.8671, 47.1916], [8.8672, 47.1916]], [[8.8674, 47.1916], [8.8677, 47.1916], [8.8683, 47.1916], [8.8697, 47.1915], [8.8704, 47.1915], [8.8718, 47.1915]], [[8.8718, 47.1915], [8.8724, 47.1914]], [[8.8724, 47.1914], [8.8729, 47.1914]], [[8.8729, 47.1914], [8.8734, 47.1914], [8.8736, 47.1914], [8.8739, 47.1914], [8.8742, 47.1913], [8.8744, 47.1913], [8.8747, 47.1913], [8.875, 47.1912], [8.8752, 47.1912], [8.8754, 47.1911], [8.8757, 47.191], [8.8759, 47.191], [8.8761, 47.1909], [8.8765, 47.1908], [8.8768, 47.1907], [8.8779, 47.1903]], [[8.8779, 47.1903], [8.8793, 47.1896], [8.8812, 47.1889]], [[8.8812, 47.1889], [8.8814, 47.1888]], [[8.8814, 47.1888], [8.8877, 47.1861], [8.8881, 47.186]], [[8.8882, 47.1859], [8.8899, 47.1852], [8.8922, 47.1843]], [[8.8922, 47.1843], [8.8926, 47.1841], [8.8932, 47.1839], [8.8934, 47.1838], [8.8939, 47.1836], [8.8942, 47.1835], [8.8948, 47.1833], [8.8954, 47.1832], [8.8959, 47.1831], [8.8961, 47.183], [8.8963, 47.183], [8.8969, 47.183], [8.8975, 47.1829], [8.898, 47.1829]], [[8.898, 47.1829], [8.8983, 47.1829]], [[8.8983, 47.1829], [8.8987, 47.1829], [8.8989, 47.1829]], [[8.8989, 47.1829], [8.9005, 47.1829], [8.9043, 47.1829]], [[8.9043, 47.1829], [8.9045, 47.1829], [8.9058, 47.1829], [8.9081, 47.1829], [8.9086, 47.1829], [8.9089, 47.1829], [8.909, 47.1829], [8.9095, 47.1829], [8.9097, 47.1828], [8.9099, 47.1828], [8.9101, 47.1828], [8.9106, 47.1827], [8.9117, 47.1825], [8.9168, 47.1818], [8.9178, 47.1816], [8.9182, 47.1815], [8.9188, 47.1814], [8.9189, 47.1814], [8.9192, 47.1813], [8.9197, 47.1811], [8.9201, 47.181], [8.9206, 47.1808], [8.921, 47.1807], [8.9214, 47.1805], [8.9217, 47.1804], [8.922, 47.1802], [8.9224, 47.1801], [8.9228, 47.1798], [8.9234, 47.1795], [8.9235, 47.1794], [8.9254, 47.1782], [8.9259, 47.1779], [8.9264, 47.1776], [8.9268, 47.1774], [8.9271, 47.1773], [8.9274, 47.1771], [8.9277, 47.177], [8.9281, 47.1769], [8.9285, 47.1767], [8.9291, 47.1766], [8.9295, 47.1765], [8.93, 47.1764], [8.9305, 47.1763], [8.931, 47.1762], [8.9311, 47.1762], [8.9313, 47.1762], [8.9315, 47.1762], [8.932, 47.1761], [8.9324, 47.1761], [8.9329, 47.1761], [8.9333, 47.1761], [8.9338, 47.1761], [8.9347, 47.1762], [8.936, 47.1763]], [[8.936, 47.1763], [8.9362, 47.1764], [8.9384, 47.1766], [8.9397, 47.1767], [8.9406, 47.1768], [8.9408, 47.1768], [8.9416, 47.1768], [8.9421, 47.1769]], [[8.9421, 47.1769], [8.9454, 47.1772], [8.9467, 47.1773], [8.9475, 47.1774], [8.948, 47.1774], [8.9486, 47.1774], [8.9492, 47.1774], [8.9496, 47.1774], [8.9501, 47.1774], [8.9506, 47.1774], [8.9511, 47.1774], [8.9512, 47.1773], [8.9517, 47.1773], [8.9598, 47.1763], [8.9623, 47.176]], [[8.9623, 47.176], [8.9624, 47.176]], [[8.9624, 47.176], [8.9625, 47.176]], [[8.9625, 47.176], [8.9627, 47.1759]], [[8.9717, 47.1748], [8.972, 47.1748]], [[8.972, 47.1748], [8.9729, 47.1747], [8.9731, 47.1747]], [[8.9731, 47.1747], [8.9732, 47.1746], [8.9733, 47.1746]], [[8.9733, 47.1746], [8.9743, 47.1745], [8.9751, 47.1744], [8.9759, 47.1743], [8.9765, 47.1742], [8.9768, 47.1741], [8.9772, 47.174], [8.9796, 47.1735], [8.9799, 47.1735], [8.981, 47.1732]], [[8.981, 47.1732], [8.9821, 47.173], [8.9841, 47.1725], [8.9845, 47.1724], [8.9855, 47.1721]], [[8.9855, 47.1721], [8.9856, 47.1721], [8.9857, 47.1721]], [[8.9857, 47.1721], [8.986, 47.172], [8.9862, 47.1719], [8.9891, 47.1711]], [[8.9891, 47.1711], [8.99, 47.1708], [8.9907, 47.1706], [8.9912, 47.1703], [8.9915, 47.1702], [8.992, 47.17], [8.9922, 47.1699], [8.9925, 47.1698], [8.9982, 47.1672], [9.0032, 47.165], [9.0103, 47.1617], [9.0141, 47.16], [9.0219, 47.1565], [9.022, 47.1564], [9.024, 47.1554], [9.0248, 47.1551], [9.0253, 47.1548], [9.026, 47.1545], [9.0261, 47.1544], [9.0271, 47.1539]], [[9.0271, 47.1539], [9.0273, 47.1539]], [[9.0273, 47.1539], [9.0283, 47.1533]], [[9.0283, 47.1533], [9.0287, 47.1531], [9.0289, 47.153], [9.0292, 47.1529], [9.0294, 47.1528], [9.0296, 47.1526], [9.0299, 47.1525], [9.03, 47.1524], [9.0302, 47.1523], [9.0304, 47.1522], [9.0306, 47.152], [9.0311, 47.1518], [9.0319, 47.1513]], [[9.0319, 47.1513], [9.0324, 47.151], [9.0346, 47.1496], [9.0349, 47.1495]], [[9.0349, 47.1495], [9.0351, 47.1494]], [[9.0351, 47.1494], [9.0358, 47.1489], [9.0366, 47.1484], [9.0375, 47.1479], [9.0385, 47.1473], [9.0418, 47.1454], [9.0423, 47.1451], [9.0462, 47.1428]], [[9.0474, 47.142], [9.048, 47.1417], [9.049, 47.1411], [9.0492, 47.1409], [9.0496, 47.1407]], [[9.0496, 47.1407], [9.05, 47.1405], [9.0504, 47.1403], [9.0508, 47.1402], [9.0512, 47.14], [9.0515, 47.14], [9.0518, 47.1399], [9.0521, 47.1398], [9.053, 47.1396]], [[9.053, 47.1396], [9.0539, 47.1394]], [[9.0539, 47.1394], [9.054, 47.1394], [9.0542, 47.1393]], [[9.0542, 47.1393], [9.0544, 47.1393], [9.0545, 47.1392], [9.0546, 47.1392], [9.0547, 47.1391], [9.0548, 47.1391], [9.0549, 47.1391], [9.0551, 47.139]]]}, "properties": {"ref": "S2", "opened_year": 1990, "is_tunnel": false, "segment_count": 388}}, {"type": "Feature", "geometry": {"type": "MultiLineString", "coordinates": [[[8.5325, 47.3797], [8.5329, 47.3796], [8.5337, 47.3794], [8.5344, 47.3793], [8.5352, 47.3791], [8.5361, 47.3788], [8.5373, 47.3785], [8.5381, 47.3783], [8.5385, 47.3782], [8.5389, 47.378], [8.5393, 47.3779], [8.5399, 47.3776], [8.5407, 47.3773], [8.5412, 47.3771]], [[8.5412, 47.3771], [8.5422, 47.3768], [8.5423, 47.3768]], [[8.5431, 47.3765], [8.5413, 47.3771], [8.5412, 47.3771]], [[8.5412, 47.3771], [8.5406, 47.3773], [8.5399, 47.3775], [8.5392, 47.3776], [8.5386, 47.3778], [8.538, 47.3779], [8.5371, 47.3782], [8.5362, 47.3784], [8.5353, 47.3787], [8.5343, 47.379], [8.5335, 47.3793], [8.5329, 47.3795], [8.5325, 47.3796]]]}, "properties": {"ref": "S2", "opened_year": 1990, "is_tunnel": true, "segment_count": 4}}, {"type": "Feature", "geometry": {"type": "MultiLineString", "coordinates": [[[8.5115, 47.469], [8.5116, 47.469], [8.5115, 47.4691], [8.5112, 47.4695], [8.5109, 47.4699], [8.5108, 47.47], [8.5105, 47.4703], [8.5104, 47.4704], [8.5103, 47.4706], [8.5101, 47.4708], [8.5098, 47.4712], [8.5096, 47.4714], [8.5095, 47.4715], [8.5094, 47.4715], [8.5099, 47.471], [8.51, 47.4708], [8.5107, 47.47], [8.5115, 47.469]], [[8.5153, 47.3857], [8.5156, 47.3856], [8.5159, 47.3855], [8.5162, 47.3854], [8.5166, 47.3853], [8.5169, 47.3853], [8.517, 47.3852], [8.5173, 47.3851], [8.5177, 47.385], [8.5178, 47.385], [8.5185, 47.3848], [8.519, 47.3847], [8.5195, 47.3846], [8.5186, 47.3849], [8.5179, 47.3851], [8.5177, 47.3851], [8.5173, 47.3852], [8.517, 47.3853], [8.5166, 47.3854], [8.5162, 47.3855], [8.516, 47.3856], [8.5156, 47.3856], [8.5153, 47.3857]], [[8.5481, 47.3673], [8.5483, 47.3671], [8.5485, 47.3669], [8.5486, 47.3669], [8.5488, 47.3668], [8.5489, 47.3667], [8.5491, 47.3666], [8.5493, 47.3665], [8.5495, 47.3664], [8.5496, 47.3663], [8.5498, 47.3662], [8.5502, 47.3661], [8.5502, 47.366], [8.5501, 47.366], [8.5498, 47.3662], [8.5495, 47.3663], [8.5494, 47.3663], [8.5492, 47.3664], [8.549, 47.3665], [8.5488, 47.3666], [8.5487, 47.3667], [8.5485, 47.3669], [8.5484, 47.3669], [8.5482, 47.3671], [8.5481, 47.3671], [8.548, 47.3672], [8.5479, 47.3674], [8.5478, 47.3676], [8.548, 47.3674], [8.5481, 47.3673]], [[8.6879, 47.4272], [8.6881, 47.4276], [8.688, 47.4274], [8.688, 47.4273], [8.688, 47.4272], [8.6879, 47.4271], [8.6878, 47.4269], [8.6875, 47.4264], [8.687, 47.4255], [8.6869, 47.4253], [8.6868, 47.4252], [8.6868, 47.4251], [8.6867, 47.425], [8.6865, 47.4248], [8.6866, 47.4249], [8.6867, 47.425], [8.6868, 47.4252], [8.6869, 47.4255], [8.6874, 47.4264], [8.6877, 47.427], [8.6878, 47.427], [8.6879, 47.4272]], [[8.722, 47.4102], [8.7221, 47.4102], [8.7222, 47.41], [8.7225, 47.4092], [8.7226, 47.4091], [8.7226, 47.409], [8.7227, 47.4089], [8.7228, 47.4087], [8.7229, 47.4084], [8.7232, 47.4076], [8.7233, 47.4074], [8.7225, 47.4092], [8.722, 47.4102]], [[8.7512, 47.3844], [8.7513, 47.3844], [8.749, 47.3857], [8.7489, 47.3857], [8.749, 47.3857], [8.7495, 47.3853], [8.7498, 47.3852], [8.75, 47.3851], [8.7502, 47.385], [8.7503, 47.3849], [8.7512, 47.3844]], [[8.7843, 47.3676], [8.7848, 47.3673], [8.7854, 47.3669], [8.7861, 47.3663], [8.7865, 47.366]], [[8.8039, 47.3311], [8.8054, 47.333], [8.8054, 47.3329], [8.8051, 47.3325], [8.8049, 47.3323], [8.8048, 47.3321], [8.8047, 47.3321], [8.8047, 47.332], [8.8046, 47.332], [8.8044, 47.3317], [8.8044, 47.3316], [8.8043, 47.3316], [8.804, 47.3312], [8.804, 47.3311], [8.8039, 47.3311]], [[8.7925, 47.3177], [8.7924, 47.3178], [8.7912, 47.3188], [8.7911, 47.3189], [8.7912, 47.3189], [8.7912, 47.3188], [8.7913, 47.3188], [8.7914, 47.3186], [8.7916, 47.3185], [8.7918, 47.3183], [8.792, 47.3182], [8.7921, 47.3182], [8.7923, 47.318], [8.7922, 47.318], [8.7925, 47.3178], [8.7925, 47.3177], [8.7927, 47.3176], [8.7929, 47.3174], [8.793, 47.3173], [8.7929, 47.3173], [8.7925, 47.3177]], [[8.5375, 47.521], [8.5376, 47.5211], [8.5376, 47.5212], [8.5376, 47.5213], [8.5376, 47.5214], [8.5376, 47.5215], [8.5376, 47.5216], [8.5376, 47.5217], [8.5376, 47.5218], [8.5376, 47.5219], [8.5376, 47.522], [8.5376, 47.5221], [8.5375, 47.5222], [8.5375, 47.5223], [8.5374, 47.5224], [8.5374, 47.5225], [8.5374, 47.5226], [8.5373, 47.5226], [8.5373, 47.5227], [8.5372, 47.5228], [8.5372, 47.5229], [8.5371, 47.523], [8.537, 47.5231], [8.5369, 47.5232], [8.5368, 47.5233], [8.5367, 47.5234], [8.5366, 47.5235], [8.5365, 47.5236], [8.5361, 47.5239], [8.5341, 47.5254], [8.5329, 47.5263], [8.5328, 47.5264], [8.5327, 47.5265], [8.5326, 47.5266], [8.5323, 47.5267], [8.5322, 47.5268], [8.5321, 47.5269], [8.532, 47.527], [8.5319, 47.5271], [8.5318, 47.5271]], [[8.5374, 47.5206], [8.5374, 47.5207], [8.5375, 47.5208], [8.5375, 47.521]], [[8.537, 47.5199], [8.537, 47.52], [8.5371, 47.5201], [8.5372, 47.5202], [8.5372, 47.5203], [8.5373, 47.5204], [8.5374, 47.5206]], [[8.5368, 47.5197], [8.5369, 47.5198], [8.537, 47.5199]], [[8.5259, 47.5143], [8.527, 47.5149], [8.5277, 47.5153], [8.5286, 47.5158], [8.5295, 47.5162], [8.5343, 47.5183], [8.535, 47.5186], [8.5355, 47.5189], [8.5358, 47.519], [8.536, 47.5191], [8.5364, 47.5194], [8.5365, 47.5195], [8.5366, 47.5196], [8.5367, 47.5196], [8.5367, 47.5197], [8.5368, 47.5197]], [[8.5256, 47.5141], [8.5259, 47.5143]], [[8.524, 47.5131], [8.5256, 47.5141]], [[8.5239, 47.513], [8.524, 47.5131]], [[8.5063, 47.4923], [8.5103, 47.4988], [8.5142, 47.5052], [8.5144, 47.5056], [8.5145, 47.5057], [8.5146, 47.5059], [8.5147, 47.506], [8.5148, 47.5061], [8.5149, 47.5063], [8.515, 47.5064], [8.5151, 47.5065], [8.5152, 47.5066], [8.5153, 47.5067], [8.5154, 47.5069], [8.5155, 47.507], [8.5156, 47.5071], [8.5157, 47.5072], [8.5157, 47.5073], [8.5158, 47.5074], [8.5159, 47.5075], [8.516, 47.5075], [8.516, 47.5076], [8.5162, 47.5077], [8.5163, 47.5078], [8.5164, 47.508], [8.5165, 47.5081], [8.5166, 47.5082], [8.5167, 47.5083], [8.5168, 47.5083], [8.5169, 47.5084], [8.5172, 47.5086], [8.5173, 47.5087], [8.5174, 47.5088], [8.5175, 47.5089], [8.5177, 47.509], [8.5178, 47.5091], [8.5179, 47.5092], [8.5181, 47.5093], [8.5182, 47.5094], [8.5183, 47.5095], [8.5185, 47.5096], [8.5187, 47.5098], [8.519, 47.5099], [8.5192, 47.51], [8.5239, 47.513]], [[8.5063, 47.4922], [8.5063, 47.4923]], [[8.5055, 47.4908], [8.5059, 47.4915], [8.5063, 47.4922]], [[8.5052, 47.4903], [8.5055, 47.4908]], [[8.5048, 47.4895], [8.5052, 47.4903]], [[8.5045, 47.4891], [8.5046, 47.4893], [8.5047, 47.4894], [8.5048, 47.4895]], [[8.5017, 47.4842], [8.5017, 47.4843], [8.5018, 47.4844], [8.5019, 47.4845], [8.502, 47.4848], [8.5021, 47.485], [8.5026, 47.4858], [8.5036, 47.4873], [8.5037, 47.4876], [8.5038, 47.4877], [8.5039, 47.4879], [8.5041, 47.4884], [8.5044, 47.4889], [8.5045, 47.4891]], [[8.5013, 47.4808], [8.5012, 47.481], [8.5012, 47.4811], [8.5012, 47.4812], [8.5011, 47.4813], [8.5011, 47.4814], [8.5011, 47.4815], [8.5011, 47.4816], [8.5011, 47.4817], [8.5011, 47.4818], [8.5011, 47.4819], [8.5011, 47.4821], [8.5011, 47.4822], [8.5011, 47.4823], [8.5011, 47.4825], [8.5011, 47.4826], [8.5011, 47.4827], [8.5012, 47.4829], [8.5012, 47.483], [8.5012, 47.4831], [8.5012, 47.4832], [8.5013, 47.4833], [8.5013, 47.4835], [8.5014, 47.4836], [8.5014, 47.4837], [8.5014, 47.4838], [8.5015, 47.4839], [8.5015, 47.484], [8.5016, 47.484], [8.5017, 47.4842]], [[8.5013, 47.4806], [8.5013, 47.4807], [8.5013, 47.4808]], [[8.502, 47.4794], [8.5018, 47.4796], [8.5018, 47.4798], [8.5017, 47.4799], [8.5015, 47.4801], [8.5015, 47.4802], [8.5014, 47.4803], [8.5013, 47.4806]], [[8.5073, 47.4737], [8.507, 47.4741], [8.5057, 47.4754], [8.503, 47.4782], [8.5028, 47.4785], [8.5026, 47.4787], [8.5024, 47.4789], [8.5023, 47.479], [8.5021, 47.4793], [8.502, 47.4794]], [[8.5129, 47.4672], [8.5116, 47.4688], [8.5116, 47.4689], [8.5115, 47.469], [8.5102, 47.4705], [8.51, 47.4709], [8.5099, 47.471], [8.5097, 47.4712], [8.5094, 47.4715], [8.5092, 47.4718], [8.509, 47.4719], [8.5089, 47.472], [8.5088, 47.4722], [8.5086, 47.4724], [8.5084, 47.4726], [8.5083, 47.4727], [8.508, 47.473], [8.5076, 47.4734], [8.5073, 47.4737]], [[8.5302, 47.4562], [8.5301, 47.4563], [8.5299, 47.4564], [8.5298, 47.4565], [8.5296, 47.4566], [8.5294, 47.4567], [8.5293, 47.4567], [8.5291, 47.4568], [8.5289, 47.4569], [8.5288, 47.457], [8.5287, 47.457], [8.5285, 47.4571], [8.5283, 47.4571], [8.5282, 47.4572], [8.528, 47.4572], [8.5278, 47.4573], [8.5277, 47.4573], [8.5275, 47.4574], [8.5274, 47.4574], [8.5272, 47.4575], [8.527, 47.4575], [8.5269, 47.4576], [8.5267, 47.4576], [8.5266, 47.4576], [8.5264, 47.4576], [8.5262, 47.4577], [8.5261, 47.4577], [8.5259, 47.4577], [8.5257, 47.4578], [8.5255, 47.4578], [8.5254, 47.4578], [8.5252, 47.4578], [8.5246, 47.4579], [8.5243, 47.4579], [8.524, 47.458], [8.5239, 47.458], [8.5237, 47.458], [8.5235, 47.4581], [8.5233, 47.4581], [8.5232, 47.4581], [8.523, 47.4582], [8.5228, 47.4582], [8.5226, 47.4582], [8.5225, 47.4583], [8.5224, 47.4583], [8.5222, 47.4584], [8.522, 47.4584], [8.5218, 47.4585], [8.5217, 47.4585], [8.5216, 47.4586], [8.5214, 47.4586], [8.5213, 47.4587], [8.5212, 47.4587], [8.521, 47.4588], [8.5209, 47.4588], [8.5208, 47.4589], [8.5206, 47.4589], [8.5205, 47.459], [8.5204, 47.459], [8.5203, 47.4591], [8.5202, 47.4592], [8.5201, 47.4592], [8.52, 47.4593], [8.5199, 47.4593], [8.5197, 47.4594], [8.5196, 47.4595], [8.5195, 47.4596], [8.5194, 47.4596], [8.5193, 47.4597], [8.5192, 47.4598], [8.5191, 47.4598], [8.519, 47.4599], [8.5189, 47.46], [8.5188, 47.46], [8.5188, 47.4601], [8.5187, 47.4602], [8.5186, 47.4602], [8.5185, 47.4603], [8.5184, 47.4604], [8.5183, 47.4605], [8.5182, 47.4605], [8.5182, 47.4606], [8.5181, 47.4607], [8.5179, 47.4609], [8.5178, 47.461], [8.5176, 47.4611], [8.5175, 47.4613], [8.5174, 47.4614], [8.5173, 47.4616], [8.5172, 47.4617], [8.517, 47.462], [8.5151, 47.4644], [8.5142, 47.4657], [8.5132, 47.4669], [8.5129, 47.4672]], [[8.5303, 47.4562], [8.5302, 47.4562]], [[8.5358, 47.4518], [8.5356, 47.452], [8.5354, 47.4522], [8.535, 47.4526], [8.5347, 47.4528], [8.5345, 47.453], [8.5339, 47.4535], [8.5336, 47.4538], [8.5334, 47.4539], [8.5332, 47.454], [8.533, 47.4542], [8.5327, 47.4544], [8.5325, 47.4546], [8.5322, 47.4548], [8.5319, 47.455], [8.5316, 47.4553], [8.5314, 47.4554], [8.5312, 47.4556], [8.531, 47.4557], [8.5308, 47.4559], [8.5306, 47.456], [8.5305, 47.4561], [8.5303, 47.4562]], [[8.536, 47.4516], [8.5358, 47.4518]], [[8.538, 47.4495], [8.5378, 47.4497], [8.5376, 47.45], [8.5374, 47.4501], [8.5373, 47.4503], [8.5371, 47.4505], [8.537, 47.4507], [8.5368, 47.4509], [8.5366, 47.451], [8.5364, 47.4512], [8.5363, 47.4513], [8.5362, 47.4514], [8.536, 47.4516]], [[8.5381, 47.4493], [8.538, 47.4495]], [[8.5436, 47.4414], [8.5434, 47.4417], [8.5431, 47.442], [8.5429, 47.4423], [8.5426, 47.4425], [8.5424, 47.4428], [8.5422, 47.4431], [8.542, 47.4433], [8.5418, 47.4436], [8.5415, 47.444], [8.5413, 47.4443], [8.5411, 47.4446], [8.5407, 47.4453], [8.5391, 47.4478], [8.539, 47.448], [8.5389, 47.4482], [8.5388, 47.4484], [8.5387, 47.4486], [8.5385, 47.4487], [8.5384, 47.4489], [8.5383, 47.4491], [8.5381, 47.4493]], [[8.5505, 47.4358], [8.5499, 47.4361], [8.5495, 47.4364], [8.5492, 47.4367], [8.5488, 47.4369], [8.5484, 47.4372], [8.5481, 47.4375], [8.5477, 47.4377], [8.5473, 47.438], [8.5468, 47.4384], [8.5466, 47.4386], [8.5463, 47.4388], [8.5458, 47.4393], [8.5455, 47.4395], [8.5453, 47.4398], [8.5443, 47.4407], [8.5436, 47.4414]], [[8.552, 47.4349], [8.5513, 47.4353], [8.5511, 47.4354], [8.5505, 47.4358]], [[8.553, 47.4343], [8.552, 47.4349]], [[8.5533, 47.4342], [8.553, 47.4343]], [[8.5571, 47.432], [8.5566, 47.4322], [8.5564, 47.4323], [8.5533, 47.4342]], [[8.5571, 47.432], [8.5573, 47.4318], [8.5576, 47.4316], [8.5577, 47.4316], [8.5579, 47.4315], [8.558, 47.4314], [8.5581, 47.4313], [8.5582, 47.4313], [8.5583, 47.4312], [8.5584, 47.4311], [8.5585, 47.431], [8.5586, 47.4309], [8.5588, 47.4308], [8.5588, 47.4307], [8.5589, 47.4306], [8.5591, 47.4304], [8.5591, 47.4303], [8.5592, 47.4302], [8.5593, 47.4302], [8.5594, 47.43], [8.5594, 47.4299]], [[8.5594, 47.4299], [8.5595, 47.4297], [8.5596, 47.4296]], [[8.5597, 47.4294], [8.5597, 47.4293], [8.5597, 47.4292], [8.5597, 47.4291], [8.5598, 47.429], [8.5598, 47.4289], [8.5598, 47.4288], [8.5598, 47.4287], [8.5598, 47.4286], [8.5598, 47.4285], [8.5598, 47.4284], [8.5598, 47.4283], [8.5598, 47.4282], [8.5598, 47.4281], [8.5597, 47.428], [8.5597, 47.4279], [8.5597, 47.4278], [8.5597, 47.4277], [8.5596, 47.4276], [8.5596, 47.4275], [8.5595, 47.4275], [8.5595, 47.4274], [8.5594, 47.4273], [8.5594, 47.4272], [8.5593, 47.427], [8.5592, 47.4269], [8.5591, 47.4267]], [[8.5591, 47.4267], [8.559, 47.4266], [8.5589, 47.4265]], [[8.5589, 47.4265], [8.5587, 47.4262], [8.5586, 47.4261], [8.5584, 47.4259], [8.5583, 47.4258], [8.5582, 47.4257], [8.5581, 47.4256], [8.558, 47.4255], [8.5578, 47.4254], [8.5577, 47.4253], [8.5576, 47.4252], [8.5572, 47.425]], [[8.5572, 47.425], [8.5571, 47.4249]], [[8.5571, 47.4249], [8.5569, 47.4247], [8.5567, 47.4246], [8.5565, 47.4244], [8.5563, 47.4243], [8.5561, 47.4241], [8.5558, 47.4238]], [[8.5558, 47.4238], [8.555, 47.423], [8.5534, 47.4215], [8.5533, 47.4213]], [[8.5533, 47.4213], [8.5532, 47.4212], [8.5531, 47.4211], [8.553, 47.421], [8.5529, 47.4208], [8.5528, 47.4207], [8.5527, 47.4206], [8.5526, 47.4204]], [[8.5526, 47.4204], [8.5524, 47.4201], [8.5522, 47.4197], [8.5519, 47.4192], [8.5517, 47.4189], [8.5515, 47.4186], [8.5512, 47.4182], [8.5508, 47.4177], [8.5507, 47.4175], [8.5505, 47.4173], [8.5503, 47.417]], [[8.5503, 47.417], [8.55, 47.4167]], [[8.55, 47.4167], [8.5492, 47.4158], [8.5489, 47.4155]], [[8.5489, 47.4155], [8.5489, 47.4154], [8.5488, 47.4153]], [[8.5488, 47.4153], [8.5487, 47.4152]], [[8.5487, 47.4152], [8.548, 47.4145], [8.548, 47.4144], [8.5479, 47.4144]], [[8.5476, 47.414], [8.5477, 47.4141], [8.5479, 47.4144]], [[8.5474, 47.4138], [8.5476, 47.414]], [[8.5471, 47.4136], [8.5474, 47.4138]], [[8.5471, 47.4136], [8.5469, 47.4134], [8.5469, 47.4133], [8.5468, 47.4133], [8.5467, 47.4132], [8.5466, 47.4131]], [[8.5466, 47.4131], [8.5464, 47.413], [8.5463, 47.413], [8.5463, 47.4129], [8.5461, 47.4129]], [[8.5461, 47.4129], [8.5459, 47.4128], [8.5457, 47.4127], [8.5456, 47.4126], [8.5455, 47.4126], [8.5454, 47.4125], [8.5451, 47.4124], [8.5442, 47.4121], [8.5437, 47.412], [8.5436, 47.4119], [8.5434, 47.4118], [8.5433, 47.4118], [8.5432, 47.4117], [8.543, 47.4117], [8.5429, 47.4116], [8.5427, 47.4116], [8.5426, 47.4115], [8.5424, 47.4114], [8.5423, 47.4113], [8.5422, 47.4113], [8.5421, 47.4112], [8.5419, 47.4111], [8.5418, 47.4111], [8.5416, 47.411], [8.5413, 47.4108], [8.5412, 47.4107], [8.541, 47.4106], [8.5408, 47.4105], [8.5407, 47.4104], [8.5401, 47.4101]], [[8.5401, 47.4101], [8.54, 47.4101]], [[8.54, 47.4101], [8.5397, 47.4099], [8.5394, 47.4097], [8.5392, 47.4096], [8.5389, 47.4094]], [[8.5389, 47.4094], [8.5387, 47.4092], [8.5385, 47.4091], [8.5382, 47.4088], [8.5381, 47.4087], [8.538, 47.4086], [8.5379, 47.4084], [8.5377, 47.4082], [8.5376, 47.4079]], [[8.5376, 47.4079], [8.5375, 47.4079], [8.5374, 47.4078]], [[8.5374, 47.4078], [8.5373, 47.4076], [8.5371, 47.4072], [8.5368, 47.4066], [8.5366, 47.4063], [8.5364, 47.406]], [[8.5364, 47.406], [8.5364, 47.4059], [8.5362, 47.4057], [8.5361, 47.4055], [8.536, 47.4054], [8.536, 47.4053]], [[8.5135, 47.3952], [8.5134, 47.395]], [[8.5134, 47.395], [8.5133, 47.3948], [8.513, 47.3943], [8.5129, 47.3941]], [[8.5129, 47.3941], [8.5115, 47.3916], [8.5114, 47.3914], [8.5113, 47.3911], [8.5112, 47.391], [8.5111, 47.3908], [8.511, 47.3906], [8.511, 47.3905], [8.5109, 47.3903], [8.5108, 47.3902], [8.5108, 47.3901], [8.5108, 47.39], [8.5108, 47.3899], [8.5107, 47.3898], [8.5107, 47.3897], [8.5107, 47.3896], [8.5107, 47.3895], [8.5107, 47.3894], [8.5106, 47.3893], [8.5106, 47.3892], [8.5107, 47.3891], [8.5107, 47.389], [8.5107, 47.3889], [8.5107, 47.3888], [8.5107, 47.3887], [8.5107, 47.3886], [8.5108, 47.3885], [8.5108, 47.3884], [8.5109, 47.3883], [8.5109, 47.3882], [8.5109, 47.3881], [8.511, 47.388], [8.5111, 47.3879], [8.5111, 47.3878], [8.5112, 47.3877], [8.5113, 47.3876], [8.5113, 47.3875], [8.5114, 47.3875], [8.5115, 47.3874], [8.5116, 47.3873], [8.5117, 47.3872], [8.5118, 47.3871], [8.5119, 47.387], [8.512, 47.3869], [8.5121, 47.3869], [8.5121, 47.3868], [8.5122, 47.3868], [8.5123, 47.3867], [8.5124, 47.3867], [8.5125, 47.3866], [8.5126, 47.3866], [8.5128, 47.3865], [8.5129, 47.3864], [8.513, 47.3864], [8.5132, 47.3863], [8.5134, 47.3863], [8.5135, 47.3862], [8.5137, 47.3861], [8.5139, 47.3861], [8.5141, 47.386]], [[8.5141, 47.386], [8.5147, 47.3859], [8.5148, 47.3858], [8.5151, 47.3858], [8.5154, 47.3857], [8.5157, 47.3856], [8.5159, 47.3856], [8.5163, 47.3855], [8.5165, 47.3855], [8.5175, 47.3852]], [[8.5175, 47.3852], [8.5193, 47.3847], [8.5196, 47.3846], [8.52, 47.3845], [8.521, 47.3842]], [[8.521, 47.3842], [8.5218, 47.384]], [[8.5218, 47.384], [8.523, 47.3837], [8.5235, 47.3836], [8.5239, 47.3835], [8.5241, 47.3834], [8.5244, 47.3833], [8.5246, 47.3832], [8.5248, 47.3831], [8.525, 47.3831], [8.5252, 47.383], [8.5253, 47.383], [8.5254, 47.3829], [8.5257, 47.3828], [8.5258, 47.3827], [8.526, 47.3827], [8.5264, 47.3825], [8.5266, 47.3824], [8.5267, 47.3823], [8.5271, 47.3821], [8.5275, 47.3819]], [[8.5275, 47.3819], [8.5276, 47.3818]], [[8.5276, 47.3818], [8.5279, 47.3817], [8.528, 47.3816], [8.5282, 47.3816], [8.5283, 47.3815], [8.5284, 47.3815], [8.5286, 47.3814], [8.5287, 47.3814], [8.5288, 47.3814], [8.5291, 47.3813]], [[8.5291, 47.3813], [8.5293, 47.3813], [8.5295, 47.3812], [8.5296, 47.3812], [8.5305, 47.381]], [[8.5305, 47.381], [8.5307, 47.381], [8.531, 47.3809], [8.5313, 47.3809], [8.5323, 47.3806]], [[8.5965, 47.3982], [8.5967, 47.3985], [8.5969, 47.3987]], [[8.5969, 47.3987], [8.597, 47.3988], [8.5971, 47.3991]], [[8.5971, 47.3991], [8.5973, 47.3993]], [[8.5973, 47.3993], [8.5975, 47.3995], [8.5977, 47.3998], [8.5978, 47.4], [8.5981, 47.4003], [8.5982, 47.4005], [8.5984, 47.4006], [8.5985, 47.4007], [8.5986, 47.4009], [8.5988, 47.401], [8.5989, 47.4011], [8.599, 47.4012], [8.5992, 47.4014], [8.5994, 47.4016], [8.5995, 47.4017], [8.5997, 47.4018]], [[8.5997, 47.4018], [8.5998, 47.4019], [8.5999, 47.402], [8.6001, 47.402], [8.6003, 47.4022], [8.6004, 47.4023], [8.6006, 47.4024], [8.601, 47.4026], [8.6019, 47.403]], [[8.6019, 47.403], [8.6022, 47.4032]], [[8.6022, 47.4032], [8.6025, 47.4034], [8.6042, 47.4042], [8.6047, 47.4045], [8.6052, 47.4047], [8.6055, 47.4048], [8.6062, 47.4051], [8.6065, 47.4052], [8.6066, 47.4053], [8.6069, 47.4054], [8.6075, 47.4056], [8.6078, 47.4057], [8.608, 47.4058], [8.6085, 47.406], [8.6088, 47.4061], [8.6091, 47.4062], [8.6093, 47.4063], [8.6096, 47.4064], [8.6099, 47.4066]], [[8.6105, 47.4068], [8.6102, 47.4067], [8.6099, 47.4066]], [[8.6131, 47.4084], [8.6129, 47.4082], [8.6128, 47.4081], [8.6126, 47.408], [8.6125, 47.4079]], [[8.6131, 47.4084], [8.6132, 47.4084]], [[8.6132, 47.4084], [8.6134, 47.4086], [8.6135, 47.4087], [8.6136, 47.4088]], [[8.6136, 47.4088], [8.6137, 47.4089], [8.6138, 47.409], [8.6139, 47.4091], [8.614, 47.4092], [8.6141, 47.4093], [8.6142, 47.4094], [8.6143, 47.4095], [8.6144, 47.4096], [8.6144, 47.4097], [8.6145, 47.4098], [8.6146, 47.4099], [8.6147, 47.41], [8.6147, 47.4102], [8.6148, 47.4103], [8.6149, 47.4104], [8.6149, 47.4105], [8.615, 47.4106], [8.615, 47.4107], [8.6151, 47.4109], [8.6151, 47.411], [8.6152, 47.4112], [8.6152, 47.4113], [8.6153, 47.4115], [8.6153, 47.4116], [8.6153, 47.4118], [8.6154, 47.4121], [8.6154, 47.4125], [8.6155, 47.4128], [8.6155, 47.413], [8.6155, 47.4131], [8.6156, 47.4133], [8.6156, 47.4134], [8.6157, 47.4136]], [[8.6157, 47.4136], [8.6157, 47.4137], [8.6158, 47.4139], [8.6158, 47.414], [8.6159, 47.4141], [8.6159, 47.4143], [8.616, 47.4143], [8.616, 47.4144], [8.6161, 47.4145], [8.6161, 47.4146], [8.6161, 47.4147], [8.6162, 47.4148], [8.6163, 47.4149], [8.6164, 47.4151], [8.6165, 47.4152], [8.6165, 47.4153], [8.6168, 47.4157]], [[8.6168, 47.4157], [8.6169, 47.4158]], [[8.6169, 47.4158], [8.617, 47.416]], [[8.617, 47.416], [8.6173, 47.4164]], [[8.6173, 47.4164], [8.6173, 47.4165]], [[8.6173, 47.4165], [8.6175, 47.4168], [8.6177, 47.4172]], [[8.6177, 47.4172], [8.618, 47.4177], [8.6182, 47.4179], [8.6185, 47.4186]], [[8.6185, 47.4186], [8.6188, 47.419], [8.619, 47.4194], [8.6195, 47.4202], [8.6202, 47.4214]], [[8.6202, 47.4214], [8.6204, 47.4218], [8.6205, 47.4221], [8.6207, 47.4223], [8.6208, 47.4225], [8.6209, 47.4226], [8.6211, 47.4228], [8.6212, 47.423], [8.6213, 47.4231], [8.6214, 47.4232], [8.6216, 47.4233]], [[8.6216, 47.4233], [8.6218, 47.4235], [8.6219, 47.4237]], [[8.6219, 47.4237], [8.6221, 47.4238], [8.6222, 47.4239], [8.6224, 47.4241], [8.6225, 47.4242], [8.6226, 47.4242], [8.6228, 47.4243], [8.623, 47.4245], [8.6232, 47.4246], [8.6234, 47.4248], [8.6236, 47.4249], [8.6239, 47.425]], [[8.6239, 47.4251], [8.6239, 47.425]], [[8.6315, 47.4268], [8.6313, 47.4268], [8.631, 47.4268], [8.6308, 47.4268], [8.6305, 47.4268], [8.6303, 47.4267], [8.63, 47.4267], [8.6298, 47.4267], [8.6296, 47.4267], [8.6294, 47.4267], [8.6292, 47.4267], [8.629, 47.4266], [8.6287, 47.4266], [8.6285, 47.4265], [8.6282, 47.4265], [8.628, 47.4265], [8.6278, 47.4264], [8.6276, 47.4264], [8.6274, 47.4263], [8.6272, 47.4263], [8.627, 47.4262], [8.6267, 47.4262], [8.6265, 47.4261], [8.6264, 47.426], [8.6262, 47.426], [8.626, 47.4259], [8.6258, 47.4259], [8.6256, 47.4258], [8.6255, 47.4257], [8.6251, 47.4256], [8.625, 47.4255], [8.6248, 47.4255], [8.6246, 47.4254], [8.6244, 47.4253], [8.6242, 47.4252], [8.6239, 47.4251]], [[8.6315, 47.4268], [8.6317, 47.4268], [8.6319, 47.4268], [8.6321, 47.4268], [8.6323, 47.4268], [8.6325, 47.4267], [8.6327, 47.4267], [8.6329, 47.4267], [8.633, 47.4267], [8.6332, 47.4267], [8.6333, 47.4267], [8.6337, 47.4266], [8.634, 47.4266], [8.6358, 47.4263]], [[8.6358, 47.4263], [8.6361, 47.4263]], [[8.6361, 47.4263], [8.6369, 47.4262], [8.6387, 47.4259], [8.6427, 47.4254]], [[8.6427, 47.4254], [8.6428, 47.4253]], [[8.6428, 47.4253], [8.6466, 47.4248], [8.6493, 47.4244]], [[8.6493, 47.4244], [8.6498, 47.4244], [8.6501, 47.4243], [8.6504, 47.4243], [8.6511, 47.4242], [8.6518, 47.4241], [8.6524, 47.4241], [8.6525, 47.4241], [8.6532, 47.424], [8.6535, 47.424], [8.6564, 47.4236], [8.6573, 47.4235], [8.658, 47.4234], [8.6582, 47.4234]], [[8.6582, 47.4234], [8.6588, 47.4233], [8.6597, 47.4232], [8.6599, 47.4232], [8.6603, 47.4231], [8.6605, 47.4231], [8.6607, 47.4231], [8.6611, 47.423], [8.6614, 47.4229], [8.6617, 47.4229], [8.662, 47.4229], [8.6623, 47.4228], [8.6627, 47.4228], [8.6634, 47.4226]], [[8.6634, 47.4226], [8.6638, 47.4226], [8.6655, 47.4223], [8.6659, 47.4222], [8.6663, 47.4222], [8.6667, 47.4221], [8.6671, 47.422], [8.6683, 47.4218], [8.6689, 47.4217], [8.6695, 47.4216]], [[8.6695, 47.4216], [8.67, 47.4216]], [[8.6726, 47.4212], [8.6722, 47.4212], [8.672, 47.4213], [8.6717, 47.4213], [8.671, 47.4214], [8.6708, 47.4215], [8.6705, 47.4215], [8.67, 47.4216]], [[8.6726, 47.4212], [8.6739, 47.421], [8.675, 47.4208], [8.6751, 47.4208]], [[8.6751, 47.4208], [8.6752, 47.4208], [8.6754, 47.4208], [8.6756, 47.4208], [8.6758, 47.4207], [8.6761, 47.4207], [8.6763, 47.4207], [8.6766, 47.4207], [8.6768, 47.4207], [8.6771, 47.4207], [8.6773, 47.4207], [8.6776, 47.4207], [8.6777, 47.4207], [8.6778, 47.4207], [8.678, 47.4207], [8.6782, 47.4207], [8.6785, 47.4207], [8.6786, 47.4208], [8.6787, 47.4208], [8.6789, 47.4208], [8.6792, 47.4208], [8.6794, 47.4209], [8.6796, 47.4209], [8.6798, 47.4209], [8.6799, 47.421], [8.6802, 47.421], [8.6804, 47.421], [8.6805, 47.4211], [8.6807, 47.4211], [8.6809, 47.4212], [8.6811, 47.4213], [8.6813, 47.4213]], [[8.6813, 47.4213], [8.6814, 47.4213]], [[8.6814, 47.4213], [8.6819, 47.4215], [8.6821, 47.4216], [8.6823, 47.4216], [8.6824, 47.4217], [8.6825, 47.4217], [8.6826, 47.4218], [8.6828, 47.4219]], [[8.6836, 47.4223], [8.6835, 47.4222], [8.6834, 47.4221], [8.6832, 47.422], [8.683, 47.4219], [8.6828, 47.4219]], [[8.6836, 47.4223], [8.6838, 47.4224], [8.6839, 47.4225], [8.6842, 47.4226], [8.6844, 47.4227], [8.6845, 47.4228], [8.6846, 47.4229], [8.6848, 47.4231]], [[8.685, 47.4232], [8.6848, 47.4231]], [[8.686, 47.4241], [8.6858, 47.4239], [8.6856, 47.4237], [8.6855, 47.4236], [8.6854, 47.4235], [8.685, 47.4232]], [[8.6861, 47.4242], [8.686, 47.4241]], [[8.6883, 47.4281], [8.6881, 47.4276], [8.6872, 47.4261], [8.6868, 47.4253], [8.6867, 47.4251], [8.6867, 47.425], [8.6865, 47.4248], [8.6864, 47.4246], [8.6863, 47.4245], [8.6862, 47.4244], [8.6861, 47.4242]], [[8.6884, 47.4283], [8.6883, 47.4281]], [[8.6887, 47.4287], [8.6886, 47.4286], [8.6886, 47.4285], [8.6885, 47.4284], [8.6884, 47.4283]], [[8.6906, 47.4303], [8.6905, 47.4302], [8.6904, 47.4302], [8.6903, 47.4301], [8.6901, 47.43], [8.6899, 47.4299], [8.6898, 47.4299], [8.6897, 47.4298], [8.6896, 47.4297], [8.6895, 47.4296], [8.6894, 47.4295], [8.6892, 47.4294], [8.6891, 47.4293], [8.689, 47.4292], [8.6889, 47.4291], [8.6888, 47.4289], [8.6887, 47.4287]], [[8.6907, 47.4303], [8.6906, 47.4303]], [[8.7024, 47.4312], [8.7024, 47.4313], [8.7023, 47.4313], [8.7022, 47.4313], [8.702, 47.4313], [8.702, 47.4314], [8.7018, 47.4314], [8.7017, 47.4314], [8.7016, 47.4314], [8.7015, 47.4314], [8.7013, 47.4314], [8.7012, 47.4314], [8.7011, 47.4314], [8.701, 47.4314], [8.7009, 47.4314], [8.7007, 47.4314], [8.7006, 47.4314], [8.7005, 47.4314], [8.7003, 47.4314], [8.7002, 47.4314], [8.6996, 47.4314], [8.6928, 47.4307], [8.6925, 47.4307], [8.6924, 47.4307], [8.6922, 47.4307], [8.6921, 47.4306], [8.692, 47.4306], [8.6919, 47.4306], [8.6918, 47.4306], [8.6917, 47.4306], [8.6916, 47.4306], [8.6914, 47.4305], [8.6913, 47.4305], [8.6912, 47.4305], [8.6911, 47.4304], [8.6909, 47.4304], [8.6908, 47.4303], [8.6907, 47.4303]], [[8.7045, 47.4299], [8.7044, 47.43], [8.7044, 47.4301], [8.7043, 47.4302], [8.7042, 47.4302], [8.7041, 47.4303], [8.7041, 47.4304], [8.704, 47.4304], [8.704, 47.4305], [8.7039, 47.4305], [8.7038, 47.4306], [8.7037, 47.4307], [8.7036, 47.4307], [8.7035, 47.4308], [8.7034, 47.4308], [8.7033, 47.4309], [8.7032, 47.4309], [8.7031, 47.431], [8.703, 47.431], [8.7029, 47.4311], [8.7028, 47.4311], [8.7027, 47.4312], [8.7026, 47.4312], [8.7025, 47.4312], [8.7024, 47.4312]], [[8.7047, 47.4296], [8.7046, 47.4297], [8.7046, 47.4298], [8.7045, 47.4298], [8.7045, 47.4299]], [[8.7051, 47.4285], [8.7048, 47.4293], [8.7048, 47.4294], [8.7047, 47.4295], [8.7047, 47.4296]], [[8.7072, 47.4259], [8.7064, 47.4266], [8.7062, 47.4268], [8.7061, 47.4269], [8.706, 47.427], [8.7059, 47.4271], [8.7059, 47.4272], [8.7058, 47.4273], [8.7057, 47.4273], [8.7057, 47.4274], [8.7056, 47.4275], [8.7056, 47.4276], [8.7055, 47.4277], [8.7055, 47.4278], [8.7054, 47.4278], [8.7054, 47.4279], [8.7054, 47.428], [8.7053, 47.4281], [8.7051, 47.4285]], [[8.7082, 47.425], [8.7072, 47.4259]], [[8.7089, 47.4244], [8.7082, 47.425]], [[8.712, 47.4214], [8.7089, 47.4244]], [[8.7199, 47.414], [8.7198, 47.4144], [8.7197, 47.4145], [8.7197, 47.4146], [8.7197, 47.4147], [8.7196, 47.4148], [8.7196, 47.4149], [8.7195, 47.415], [8.7195, 47.4151], [8.7194, 47.4152], [8.7194, 47.4153], [8.7193, 47.4153], [8.7193, 47.4154], [8.7192, 47.4155], [8.7191, 47.4156], [8.719, 47.4157], [8.719, 47.4158], [8.7189, 47.4158], [8.7188, 47.4159], [8.7187, 47.416], [8.7186, 47.416], [8.7185, 47.4161], [8.7184, 47.4161], [8.7184, 47.4162], [8.7183, 47.4162], [8.7182, 47.4162], [8.7181, 47.4163], [8.718, 47.4164], [8.7179, 47.4164], [8.7175, 47.4166], [8.7174, 47.4167], [8.7173, 47.4167], [8.7172, 47.4167], [8.7171, 47.4168], [8.717, 47.4169], [8.7169, 47.4169], [8.7168, 47.417], [8.7167, 47.417], [8.7166, 47.4171], [8.7166, 47.4172], [8.7165, 47.4172], [8.7164, 47.4173], [8.7163, 47.4174], [8.7162, 47.4174], [8.7162, 47.4175], [8.7161, 47.4175], [8.7156, 47.418], [8.7145, 47.419], [8.7139, 47.4196], [8.712, 47.4214]], [[8.7211, 47.4116], [8.721, 47.4117], [8.721, 47.4118], [8.7207, 47.4122], [8.7206, 47.4123], [8.7205, 47.4124], [8.7205, 47.4125], [8.7204, 47.4126], [8.7204, 47.4127], [8.7203, 47.4128], [8.7203, 47.4129], [8.7202, 47.413], [8.7202, 47.4131], [8.7202, 47.4132], [8.7201, 47.4132], [8.7201, 47.4133], [8.7201, 47.4135], [8.7199, 47.414]], [[8.7219, 47.4105], [8.7218, 47.4106], [8.7218, 47.4107], [8.7217, 47.4108], [8.7217, 47.4109], [8.7216, 47.411], [8.7215, 47.4111], [8.7215, 47.4112], [8.7214, 47.4112], [8.7213, 47.4113], [8.7211, 47.4116]], [[8.7219, 47.4105], [8.722, 47.4103], [8.7226, 47.4088], [8.7233, 47.4074]], [[8.7233, 47.4074], [8.7234, 47.4071]], [[8.7234, 47.4071], [8.7235, 47.4069], [8.7236, 47.4066], [8.7236, 47.4065], [8.7237, 47.4064], [8.7237, 47.4063], [8.7238, 47.4063], [8.7238, 47.4062]], [[8.7249, 47.4046], [8.7242, 47.4056], [8.7241, 47.4057], [8.724, 47.4058], [8.7239, 47.406], [8.7238, 47.4062]], [[8.7311, 47.3939], [8.7311, 47.394], [8.731, 47.394], [8.731, 47.3941], [8.7309, 47.3942], [8.7308, 47.3943], [8.7308, 47.3944], [8.7307, 47.3944], [8.7307, 47.3945], [8.7298, 47.396], [8.7284, 47.3982], [8.7283, 47.3983], [8.7282, 47.3984], [8.7282, 47.3986], [8.7281, 47.3987], [8.728, 47.3988], [8.728, 47.3989], [8.728, 47.399], [8.7279, 47.3991], [8.7279, 47.3992], [8.7279, 47.3993], [8.7278, 47.3994], [8.7278, 47.3995], [8.7278, 47.3996], [8.7277, 47.3999], [8.7277, 47.4001], [8.7277, 47.4002], [8.7277, 47.4003], [8.7276, 47.4004], [8.7276, 47.4005], [8.7276, 47.4006], [8.7275, 47.4007], [8.7275, 47.4008], [8.7275, 47.4009], [8.7274, 47.4009], [8.7274, 47.401], [8.7274, 47.4011], [8.7273, 47.4011], [8.7273, 47.4012], [8.7272, 47.4013], [8.7272, 47.4014], [8.7271, 47.4014], [8.7271, 47.4015], [8.7249, 47.4046]], [[8.7312, 47.3938], [8.7311, 47.3939]], [[8.7398, 47.3909], [8.7396, 47.391], [8.7395, 47.391], [8.7394, 47.3911], [8.7393, 47.3912], [8.7392, 47.3912], [8.7391, 47.3913], [8.739, 47.3913], [8.7389, 47.3914], [8.7388, 47.3914], [8.7387, 47.3914], [8.7386, 47.3915], [8.7385, 47.3915], [8.7384, 47.3915], [8.7383, 47.3916], [8.7382, 47.3916], [8.7381, 47.3916], [8.738, 47.3916], [8.7379, 47.3917], [8.7378, 47.3917], [8.7377, 47.3917], [8.7375, 47.3917], [8.7373, 47.3918], [8.7371, 47.3918], [8.737, 47.3918], [8.7349, 47.3922], [8.7348, 47.3922], [8.7346, 47.3922], [8.7345, 47.3923], [8.7343, 47.3923], [8.7342, 47.3923], [8.7341, 47.3923], [8.734, 47.3924], [8.7339, 47.3924], [8.7338, 47.3924], [8.7337, 47.3924], [8.7336, 47.3925], [8.7335, 47.3925], [8.7334, 47.3925], [8.7333, 47.3926], [8.7332, 47.3926], [8.7331, 47.3926], [8.733, 47.3926], [8.7329, 47.3927], [8.7328, 47.3927], [8.7327, 47.3928], [8.7326, 47.3928], [8.7325, 47.3929], [8.7324, 47.3929], [8.7323, 47.393], [8.7322, 47.393], [8.7321, 47.3931], [8.732, 47.3932], [8.7319, 47.3932], [8.7318, 47.3933], [8.7317, 47.3933], [8.7317, 47.3934], [8.7316, 47.3935], [8.7315, 47.3935], [8.7314, 47.3936], [8.7314, 47.3937], [8.7313, 47.3937], [8.7313, 47.3938], [8.7312, 47.3938]], [[8.7419, 47.3897], [8.7398, 47.3909]], [[8.7419, 47.3897], [8.7423, 47.3895], [8.7426, 47.3893], [8.7428, 47.3892], [8.7432, 47.389], [8.7432, 47.3889], [8.7436, 47.3887], [8.7462, 47.3872], [8.7473, 47.3866]], [[8.7473, 47.3866], [8.7486, 47.3859], [8.7489, 47.3858]], [[8.7489, 47.3858], [8.7499, 47.3852], [8.7514, 47.3844]], [[8.7514, 47.3844], [8.7519, 47.3841], [8.7523, 47.3839], [8.7524, 47.3838], [8.7527, 47.3836], [8.7528, 47.3836], [8.7531, 47.3835], [8.7535, 47.3832]], [[8.7592, 47.3801], [8.7564, 47.3816], [8.7551, 47.3823], [8.7535, 47.3832]], [[8.7701, 47.374], [8.7693, 47.3744], [8.7692, 47.3745], [8.7673, 47.3755], [8.7595, 47.3799], [8.7592, 47.3801]], [[8.7778, 47.3712], [8.7777, 47.3712], [8.7776, 47.3713], [8.7774, 47.3713], [8.7772, 47.3714], [8.7747, 47.372], [8.7746, 47.372], [8.7744, 47.3721], [8.7742, 47.3721], [8.774, 47.3722], [8.7739, 47.3722], [8.7737, 47.3723], [8.7735, 47.3723], [8.7733, 47.3724], [8.7732, 47.3725], [8.773, 47.3725], [8.7728, 47.3726], [8.7727, 47.3726], [8.7725, 47.3727], [8.7723, 47.3728], [8.7721, 47.3729], [8.7719, 47.373], [8.7718, 47.373], [8.7716, 47.3731], [8.7715, 47.3732], [8.7713, 47.3733], [8.7712, 47.3734], [8.771, 47.3734], [8.7708, 47.3736], [8.7701, 47.374]], [[8.7807, 47.3701], [8.7806, 47.3701], [8.7804, 47.3702], [8.7802, 47.3703], [8.7801, 47.3704], [8.7799, 47.3705], [8.7796, 47.3706], [8.7794, 47.3706], [8.7793, 47.3707], [8.7791, 47.3708], [8.7789, 47.3709], [8.7787, 47.3709], [8.7785, 47.371], [8.7783, 47.3711], [8.7781, 47.3711], [8.7779, 47.3712], [8.7778, 47.3712]], [[8.7835, 47.3682], [8.7834, 47.3683], [8.7827, 47.3688], [8.7826, 47.3689], [8.7824, 47.3691], [8.7822, 47.3692], [8.7821, 47.3693], [8.782, 47.3693], [8.7818, 47.3694], [8.7817, 47.3695], [8.7815, 47.3696], [8.7814, 47.3697], [8.7812, 47.3698], [8.781, 47.3699], [8.7809, 47.37], [8.7807, 47.3701]], [[8.7875, 47.3652], [8.7866, 47.3659], [8.785, 47.3671], [8.7844, 47.3675], [8.7838, 47.368], [8.7835, 47.3682]], [[8.7901, 47.3622], [8.79, 47.3624], [8.7896, 47.363], [8.7895, 47.3632], [8.7893, 47.3635], [8.7892, 47.3636], [8.7891, 47.3637], [8.789, 47.3639], [8.7889, 47.364], [8.7888, 47.3641], [8.7887, 47.3642], [8.7886, 47.3643], [8.7885, 47.3644], [8.7884, 47.3645], [8.7883, 47.3645], [8.7882, 47.3646], [8.7881, 47.3647], [8.788, 47.3648], [8.788, 47.3649], [8.7879, 47.3649], [8.7877, 47.365], [8.7876, 47.3652], [8.7875, 47.3652]], [[8.7955, 47.3576], [8.7928, 47.3594], [8.7925, 47.3595], [8.7924, 47.3596], [8.7923, 47.3597], [8.7922, 47.3597], [8.7921, 47.3598], [8.792, 47.3599], [8.7919, 47.36], [8.7918, 47.36], [8.7917, 47.3601], [8.7916, 47.3602], [8.7915, 47.3603], [8.7914, 47.3604], [8.7913, 47.3605], [8.7912, 47.3606], [8.7911, 47.3607], [8.7911, 47.3608], [8.791, 47.3609], [8.7909, 47.3609], [8.7909, 47.361], [8.7908, 47.3611], [8.7907, 47.3613], [8.7901, 47.3622]], [[8.7956, 47.3575], [8.7955, 47.3576]], [[8.8032, 47.3442], [8.8031, 47.3443], [8.8031, 47.3445], [8.8027, 47.347], [8.8022, 47.3502], [8.8022, 47.3504], [8.8022, 47.3505], [8.8022, 47.3506], [8.8021, 47.3508], [8.8021, 47.351], [8.8021, 47.3511], [8.802, 47.3512], [8.802, 47.3514], [8.8019, 47.3515], [8.8019, 47.3516], [8.8019, 47.3517], [8.8018, 47.3518], [8.8018, 47.352], [8.8017, 47.3521], [8.8017, 47.3522], [8.8016, 47.3523], [8.8015, 47.3524], [8.8015, 47.3525], [8.8014, 47.3526], [8.8013, 47.3528], [8.8013, 47.3529], [8.8012, 47.353], [8.8011, 47.3531], [8.801, 47.3532], [8.8009, 47.3534], [8.8009, 47.3535], [8.8008, 47.3536], [8.8007, 47.3537], [8.8006, 47.3538], [8.8005, 47.3539], [8.8004, 47.354], [8.8003, 47.3541], [8.8002, 47.3542], [8.8001, 47.3543], [8.8, 47.3544], [8.7999, 47.3545], [8.7998, 47.3546], [8.7997, 47.3547], [8.7996, 47.3548], [8.7995, 47.3549], [8.7994, 47.355], [8.7993, 47.355], [8.7991, 47.3552], [8.799, 47.3552], [8.7988, 47.3554], [8.7987, 47.3555], [8.7984, 47.3556], [8.7983, 47.3557], [8.7978, 47.3561], [8.7958, 47.3574], [8.7956, 47.3575]], [[8.8035, 47.3433], [8.8035, 47.3434], [8.8034, 47.3435], [8.8034, 47.3436], [8.8033, 47.3437], [8.8033, 47.3438], [8.8032, 47.3439], [8.8032, 47.344], [8.8032, 47.3441], [8.8032, 47.3442]], [[8.8035, 47.3432], [8.8035, 47.3433]], [[8.8061, 47.3365], [8.806, 47.3388], [8.806, 47.339], [8.8059, 47.3391], [8.8059, 47.3392], [8.8059, 47.3393], [8.8059, 47.3394], [8.8059, 47.3395], [8.8059, 47.3396], [8.8058, 47.3397], [8.8058, 47.3398], [8.8058, 47.3399], [8.8058, 47.34], [8.8057, 47.3401], [8.8057, 47.3402], [8.8056, 47.3403], [8.8056, 47.3404], [8.8055, 47.3405], [8.8055, 47.3406], [8.8054, 47.3406], [8.8054, 47.3407], [8.8054, 47.3408], [8.8053, 47.3408], [8.8052, 47.341], [8.8051, 47.3411], [8.805, 47.3412], [8.8049, 47.3414], [8.8039, 47.3427], [8.8039, 47.3428], [8.8038, 47.3428], [8.8037, 47.343], [8.8036, 47.3431], [8.8035, 47.3432]], [[8.8062, 47.3361], [8.8061, 47.3365]], [[8.8062, 47.336], [8.8062, 47.3361]], [[8.8062, 47.3359], [8.8062, 47.336]], [[8.8059, 47.3337], [8.8059, 47.3338], [8.806, 47.334], [8.8061, 47.3341], [8.8061, 47.3342], [8.8061, 47.3344], [8.8062, 47.3345], [8.8062, 47.3346], [8.8062, 47.3347], [8.8062, 47.3348], [8.8062, 47.3349], [8.8062, 47.335], [8.8062, 47.3351], [8.8062, 47.3352], [8.8062, 47.3354], [8.8062, 47.3355], [8.8062, 47.3359]], [[8.8033, 47.3305], [8.8035, 47.3307], [8.8036, 47.3309], [8.8037, 47.3309], [8.8037, 47.331], [8.8038, 47.3311], [8.8039, 47.3312], [8.804, 47.3313], [8.8045, 47.332], [8.8049, 47.3324], [8.8052, 47.3327], [8.8053, 47.333], [8.8054, 47.3331], [8.8055, 47.3332], [8.8056, 47.3334], [8.8058, 47.3336], [8.8059, 47.3337]], [[8.8025, 47.3298], [8.8026, 47.3299], [8.8027, 47.3299], [8.8027, 47.33], [8.8028, 47.33], [8.8029, 47.3301], [8.803, 47.3302], [8.8031, 47.3303], [8.8032, 47.3304], [8.8033, 47.3305]], [[8.8024, 47.3297], [8.8025, 47.3298]], [[8.8004, 47.3289], [8.8009, 47.3291], [8.801, 47.3291], [8.8012, 47.3292], [8.8013, 47.3292], [8.8014, 47.3293], [8.8015, 47.3293], [8.8016, 47.3293], [8.8017, 47.3294], [8.8018, 47.3294], [8.8019, 47.3295], [8.802, 47.3295], [8.8021, 47.3296], [8.8022, 47.3296], [8.8023, 47.3297], [8.8024, 47.3297]], [[8.8002, 47.3288], [8.8004, 47.3289]], [[8.799, 47.3284], [8.8002, 47.3288]], [[8.7974, 47.3279], [8.799, 47.3284]], [[8.7972, 47.3278], [8.7974, 47.3279]], [[8.7951, 47.3271], [8.7953, 47.3272], [8.7972, 47.3278]], [[8.7949, 47.327], [8.7951, 47.3271]], [[8.7909, 47.3257], [8.7937, 47.3266], [8.7949, 47.327]], [[8.788, 47.3233], [8.7881, 47.3234], [8.7881, 47.3235], [8.7881, 47.3236], [8.7882, 47.3236], [8.7882, 47.3237], [8.7882, 47.3238], [8.7883, 47.3239], [8.7883, 47.324], [8.7884, 47.324], [8.7884, 47.3241], [8.7885, 47.3242], [8.7886, 47.3243], [8.7886, 47.3244], [8.7887, 47.3244], [8.7887, 47.3245], [8.7888, 47.3246], [8.7889, 47.3246], [8.789, 47.3247], [8.7891, 47.3248], [8.7892, 47.3249], [8.7893, 47.3249], [8.7893, 47.325], [8.7894, 47.325], [8.7895, 47.3251], [8.7896, 47.3251], [8.7897, 47.3252], [8.7898, 47.3252], [8.7899, 47.3253], [8.79, 47.3254], [8.7901, 47.3254], [8.7902, 47.3254], [8.7903, 47.3255], [8.7904, 47.3255], [8.7905, 47.3255], [8.7905, 47.3256], [8.7906, 47.3256], [8.7907, 47.3256], [8.7908, 47.3256], [8.7909, 47.3257]], [[8.788, 47.3226], [8.788, 47.3227], [8.788, 47.3228], [8.788, 47.3229], [8.788, 47.323], [8.788, 47.3231], [8.788, 47.3232], [8.788, 47.3233]], [[8.7882, 47.3218], [8.7881, 47.3219], [8.7881, 47.322], [8.7881, 47.3221], [8.788, 47.3222], [8.788, 47.3223], [8.788, 47.3224], [8.788, 47.3225], [8.788, 47.3226]], [[8.7884, 47.3214], [8.7884, 47.3215], [8.7883, 47.3215], [8.7883, 47.3216], [8.7882, 47.3217], [8.7882, 47.3218]], [[8.7893, 47.3205], [8.7892, 47.3206], [8.7891, 47.3207], [8.789, 47.3207], [8.789, 47.3208], [8.7889, 47.3209], [8.7888, 47.3209], [8.7887, 47.321], [8.7886, 47.3211], [8.7886, 47.3212], [8.7885, 47.3213], [8.7884, 47.3214]], [[8.7903, 47.3196], [8.7896, 47.3202], [8.7893, 47.3205]], [[8.7911, 47.3188], [8.7909, 47.319], [8.7907, 47.3192], [8.7903, 47.3196]], [[8.7929, 47.3173], [8.7922, 47.3179], [8.7912, 47.3188], [8.7911, 47.3188]], [[8.7514, 47.3845], [8.7513, 47.3845], [8.7491, 47.3857], [8.749, 47.3858], [8.7491, 47.3858], [8.7496, 47.3855], [8.7496, 47.3854], [8.7498, 47.3854], [8.7501, 47.3852], [8.7502, 47.3852], [8.7502, 47.3851], [8.7503, 47.3851], [8.7505, 47.385], [8.7507, 47.3848], [8.7514, 47.3845]], [[8.5482, 47.3669], [8.5481, 47.367], [8.548, 47.3671], [8.5479, 47.3671], [8.5479, 47.3672], [8.5478, 47.3672], [8.5478, 47.3673], [8.5477, 47.3674], [8.5476, 47.3675], [8.5476, 47.3676], [8.5477, 47.3675], [8.5478, 47.3674], [8.5479, 47.3672], [8.5481, 47.3671], [8.5483, 47.3669], [8.5485, 47.3668], [8.5487, 47.3666], [8.5489, 47.3665], [8.549, 47.3664], [8.5492, 47.3663], [8.5493, 47.3663], [8.5495, 47.3662], [8.5497, 47.3661], [8.55, 47.366], [8.5501, 47.366], [8.5501, 47.3659], [8.5499, 47.3659], [8.5499, 47.366], [8.5498, 47.366], [8.5496, 47.3661], [8.5493, 47.3662], [8.5492, 47.3663], [8.5491, 47.3663], [8.549, 47.3663], [8.5489, 47.3664], [8.5487, 47.3664], [8.5487, 47.3665], [8.5487, 47.3666], [8.5485, 47.3666], [8.5484, 47.3667], [8.5484, 47.3668], [8.5483, 47.3668], [8.5482, 47.3669]], [[8.7535, 47.3832], [8.7531, 47.3835], [8.7527, 47.3837], [8.7523, 47.3839], [8.7516, 47.3843]], [[8.7516, 47.3843], [8.7515, 47.3844], [8.75, 47.3852], [8.7489, 47.3858]], [[8.7489, 47.3858], [8.7487, 47.3859], [8.7483, 47.3861]], [[8.7483, 47.3861], [8.7463, 47.3873], [8.7436, 47.3888], [8.7435, 47.3888], [8.7433, 47.3889], [8.7432, 47.389], [8.7419, 47.3897]], [[8.6848, 47.4231], [8.6846, 47.4229], [8.6845, 47.4228], [8.6843, 47.4227], [8.6841, 47.4225], [8.684, 47.4225], [8.6839, 47.4224], [8.6838, 47.4223], [8.6836, 47.4222], [8.6834, 47.4221], [8.6833, 47.4221], [8.6832, 47.422], [8.683, 47.4219], [8.6828, 47.4218], [8.6827, 47.4218], [8.6826, 47.4217], [8.6825, 47.4217], [8.6823, 47.4216], [8.682, 47.4214]], [[8.682, 47.4214], [8.6818, 47.4214], [8.6816, 47.4213], [8.6815, 47.4213], [8.6813, 47.4212], [8.6811, 47.4212], [8.681, 47.4211], [8.6807, 47.4211], [8.6806, 47.421], [8.6804, 47.421], [8.6802, 47.4209], [8.6801, 47.4209], [8.68, 47.4209], [8.6798, 47.4208], [8.6796, 47.4208], [8.6794, 47.4208], [8.6793, 47.4207], [8.6791, 47.4207], [8.6789, 47.4207], [8.6787, 47.4207], [8.6785, 47.4207], [8.6783, 47.4206], [8.678, 47.4206], [8.6778, 47.4206], [8.6777, 47.4206], [8.6776, 47.4206], [8.6773, 47.4206], [8.6772, 47.4206], [8.677, 47.4206], [8.6768, 47.4206], [8.6766, 47.4206], [8.6763, 47.4206], [8.6762, 47.4206], [8.676, 47.4206], [8.6758, 47.4207], [8.6756, 47.4207], [8.6754, 47.4207], [8.6752, 47.4207], [8.6751, 47.4207]], [[8.6751, 47.4207], [8.675, 47.4207], [8.6738, 47.4209], [8.6689, 47.4216], [8.6686, 47.4216], [8.6684, 47.4217], [8.6682, 47.4217], [8.668, 47.4217], [8.6671, 47.4219], [8.6663, 47.422]], [[8.6663, 47.422], [8.6661, 47.422], [8.6656, 47.4221]], [[8.6656, 47.4221], [8.6599, 47.4229], [8.6594, 47.423], [8.6563, 47.4234], [8.6521, 47.424], [8.6499, 47.4243]], [[8.6499, 47.4243], [8.6466, 47.4248], [8.6428, 47.4253]], [[8.6428, 47.4253], [8.6427, 47.4253]], [[8.6427, 47.4253], [8.6387, 47.4259], [8.6369, 47.4261], [8.6361, 47.4262]], [[8.6361, 47.4262], [8.6358, 47.4263]], [[8.6358, 47.4263], [8.6344, 47.4265], [8.634, 47.4265], [8.6336, 47.4266], [8.6333, 47.4266], [8.6332, 47.4266], [8.633, 47.4267], [8.6328, 47.4267], [8.6327, 47.4267], [8.6324, 47.4267], [8.6321, 47.4267], [8.6318, 47.4267], [8.6315, 47.4267]], [[8.624, 47.425], [8.6242, 47.4251], [8.6245, 47.4253], [8.6246, 47.4253], [8.6248, 47.4254], [8.625, 47.4255], [8.6252, 47.4256], [8.6255, 47.4257], [8.6257, 47.4258], [8.6259, 47.4258], [8.626, 47.4259], [8.6262, 47.426], [8.6264, 47.426], [8.6266, 47.4261], [8.6267, 47.4261], [8.6269, 47.4262], [8.6271, 47.4262], [8.6272, 47.4263], [8.6274, 47.4263], [8.6275, 47.4263], [8.6277, 47.4264], [8.6278, 47.4264], [8.628, 47.4264], [8.6282, 47.4265], [8.6284, 47.4265], [8.6286, 47.4265], [8.6288, 47.4266], [8.6291, 47.4266], [8.6293, 47.4266], [8.6295, 47.4267], [8.6297, 47.4267], [8.63, 47.4267], [8.6303, 47.4267], [8.6305, 47.4267], [8.6308, 47.4267], [8.6311, 47.4267], [8.6313, 47.4267], [8.6315, 47.4267]], [[8.6239, 47.425], [8.624, 47.425]], [[8.623, 47.4245], [8.6232, 47.4246], [8.6235, 47.4247], [8.6237, 47.4248], [8.6239, 47.425]], [[8.623, 47.4245], [8.6228, 47.4243], [8.6226, 47.4242], [8.6224, 47.424], [8.6223, 47.4239], [8.6221, 47.4238], [8.622, 47.4237], [8.6218, 47.4235], [8.6216, 47.4233], [8.6215, 47.4232], [8.6214, 47.4231], [8.6213, 47.423], [8.6212, 47.4229], [8.6211, 47.4228], [8.621, 47.4226], [8.6209, 47.4224], [8.6207, 47.4223], [8.6207, 47.4222], [8.6206, 47.422], [8.6205, 47.4219], [8.6205, 47.4218], [8.6204, 47.4216], [8.6202, 47.4214]], [[8.6202, 47.4214], [8.6201, 47.4211], [8.62, 47.4209], [8.6199, 47.4208], [8.6199, 47.4207], [8.6198, 47.4205], [8.6196, 47.4202], [8.6191, 47.4194], [8.6189, 47.419], [8.6187, 47.4186]], [[8.6187, 47.4186], [8.6183, 47.4179]], [[8.6183, 47.4179], [8.6179, 47.4173], [8.6176, 47.4168], [8.6174, 47.4166], [8.6173, 47.4164], [8.6172, 47.4163], [8.6171, 47.4161], [8.6169, 47.4158]], [[8.6169, 47.4158], [8.6168, 47.4156]], [[8.6168, 47.4156], [8.6166, 47.4153], [8.6165, 47.4151], [8.6163, 47.4149], [8.6162, 47.4148], [8.6162, 47.4147], [8.6161, 47.4146], [8.6161, 47.4145], [8.6161, 47.4144], [8.616, 47.4143], [8.6159, 47.4141], [8.6159, 47.414], [8.6158, 47.4139], [8.6158, 47.4137], [8.6157, 47.4136]], [[8.6157, 47.4136], [8.6157, 47.4134], [8.6156, 47.4133], [8.6156, 47.4131], [8.6156, 47.413], [8.6155, 47.4128], [8.6155, 47.4125], [8.6154, 47.4121], [8.6154, 47.4118], [8.6154, 47.4116], [8.6153, 47.4115], [8.6153, 47.4113], [8.6152, 47.4112], [8.6152, 47.411], [8.6151, 47.4109], [8.6151, 47.4107], [8.615, 47.4106], [8.615, 47.4105], [8.6149, 47.4104], [8.6148, 47.4103], [8.6148, 47.4102], [8.6147, 47.41], [8.6146, 47.4099], [8.6145, 47.4098], [8.6145, 47.4097], [8.6144, 47.4096], [8.6143, 47.4095], [8.6142, 47.4094], [8.6141, 47.4093], [8.614, 47.4092], [8.6139, 47.4091], [8.6138, 47.409], [8.6137, 47.4089], [8.6136, 47.4088]], [[8.6136, 47.4088], [8.6135, 47.4087], [8.6134, 47.4086], [8.6133, 47.4085], [8.6132, 47.4084]], [[8.6132, 47.4084], [8.6131, 47.4083]], [[8.6131, 47.4083], [8.6129, 47.4082], [8.6128, 47.4081], [8.6127, 47.408], [8.6125, 47.4079]], [[8.6105, 47.4068], [8.6102, 47.4067], [8.6099, 47.4065]], [[8.6099, 47.4065], [8.6096, 47.4064], [8.6094, 47.4063], [8.6091, 47.4062], [8.6088, 47.4061], [8.6085, 47.406], [8.6081, 47.4058], [8.6078, 47.4057], [8.6076, 47.4056], [8.6069, 47.4053], [8.6065, 47.4052], [8.6062, 47.4051], [8.6061, 47.405], [8.6056, 47.4048], [8.6052, 47.4046], [8.605, 47.4045], [8.6048, 47.4045]], [[8.6048, 47.4045], [8.6042, 47.4042], [8.6026, 47.4033], [8.6017, 47.4029], [8.601, 47.4025], [8.6005, 47.4022]], [[8.6005, 47.4022], [8.6003, 47.4022], [8.6002, 47.4021], [8.6001, 47.402], [8.6, 47.4019], [8.5998, 47.4019], [8.5997, 47.4018]], [[8.5997, 47.4018], [8.5996, 47.4017], [8.5994, 47.4015], [8.5992, 47.4014], [8.599, 47.4012], [8.5989, 47.4011], [8.5988, 47.401], [8.5987, 47.4009], [8.5985, 47.4007], [8.5984, 47.4006], [8.5981, 47.4003]], [[8.5981, 47.4003], [8.5979, 47.4], [8.5977, 47.3997], [8.5974, 47.3994], [8.5972, 47.399]], [[8.5972, 47.399], [8.5971, 47.3988], [8.597, 47.3987]], [[8.597, 47.3987], [8.5968, 47.3984], [8.5967, 47.3981]], [[8.5501, 47.366], [8.5499, 47.366], [8.5497, 47.3661], [8.5495, 47.3662], [8.5493, 47.3663], [8.5492, 47.3664], [8.549, 47.3665], [8.5489, 47.3665], [8.5487, 47.3667], [8.5485, 47.3667], [8.5484, 47.3669], [8.5482, 47.367], [8.5481, 47.3671], [8.548, 47.3672], [8.5479, 47.3673], [8.5478, 47.3674], [8.5477, 47.3675], [8.5477, 47.3676]], [[8.5323, 47.3805], [8.5313, 47.3808], [8.531, 47.3809], [8.5307, 47.381], [8.5305, 47.381]], [[8.5305, 47.381], [8.5299, 47.3811], [8.5296, 47.3812], [8.5293, 47.3812], [8.5291, 47.3813], [8.5289, 47.3813], [8.5287, 47.3814], [8.5286, 47.3814], [8.5285, 47.3814]], [[8.5285, 47.3814], [8.5283, 47.3815], [8.5282, 47.3815], [8.5281, 47.3816], [8.528, 47.3816]], [[8.528, 47.3816], [8.5279, 47.3817], [8.5278, 47.3817], [8.5276, 47.3818], [8.5275, 47.3818], [8.5274, 47.3819], [8.5272, 47.382], [8.5271, 47.382], [8.5267, 47.3823], [8.5266, 47.3823], [8.5263, 47.3824], [8.526, 47.3826], [8.5258, 47.3827], [8.5257, 47.3828], [8.5254, 47.3829], [8.5253, 47.3829], [8.5251, 47.383], [8.5249, 47.3831], [8.5248, 47.3831], [8.5246, 47.3832], [8.5243, 47.3833], [8.5241, 47.3833], [8.5238, 47.3834], [8.5235, 47.3835], [8.523, 47.3837], [8.5226, 47.3838]], [[8.5226, 47.3838], [8.5209, 47.3842]], [[8.5209, 47.3842], [8.5206, 47.3843], [8.5204, 47.3843], [8.5202, 47.3844], [8.5201, 47.3844], [8.5199, 47.3845], [8.5193, 47.3846], [8.5189, 47.3847], [8.5174, 47.3851]], [[8.5174, 47.3851], [8.5159, 47.3855], [8.5153, 47.3857], [8.5152, 47.3857], [8.5148, 47.3858], [8.5146, 47.3859], [8.5141, 47.386]], [[8.5141, 47.386], [8.5139, 47.386], [8.5137, 47.3861], [8.5135, 47.3862], [8.5133, 47.3862], [8.5132, 47.3863], [8.513, 47.3864], [8.5129, 47.3864], [8.5127, 47.3865], [8.5126, 47.3865], [8.5125, 47.3866], [8.5124, 47.3866], [8.5123, 47.3867], [8.5122, 47.3868], [8.5121, 47.3868], [8.512, 47.3869], [8.5119, 47.3869], [8.5118, 47.387], [8.5117, 47.3871], [8.5116, 47.3872], [8.5115, 47.3873], [8.5114, 47.3874], [8.5113, 47.3875], [8.5112, 47.3876], [8.5111, 47.3877], [8.5111, 47.3878], [8.511, 47.3879], [8.5109, 47.388], [8.5109, 47.3881], [8.5108, 47.3882], [8.5108, 47.3883], [8.5108, 47.3884], [8.5107, 47.3885], [8.5107, 47.3886], [8.5107, 47.3887], [8.5106, 47.3888], [8.5106, 47.3889], [8.5106, 47.389], [8.5106, 47.3891], [8.5106, 47.3892], [8.5106, 47.3893], [8.5106, 47.3894], [8.5106, 47.3895], [8.5106, 47.3896], [8.5107, 47.3897], [8.5107, 47.3898], [8.5107, 47.3899], [8.5107, 47.39], [8.5108, 47.3901], [8.5108, 47.3902], [8.5109, 47.3904], [8.5109, 47.3905], [8.511, 47.3906], [8.5111, 47.3908], [8.5112, 47.3911], [8.5113, 47.3913], [8.5114, 47.3915]], [[8.5114, 47.3915], [8.5118, 47.3922], [8.5123, 47.3932]], [[8.5123, 47.3932], [8.5128, 47.394], [8.513, 47.3943], [8.5133, 47.3948], [8.5133, 47.395]], [[8.5133, 47.395], [8.5135, 47.3952]], [[8.5359, 47.4053], [8.536, 47.4054], [8.5361, 47.4056], [8.5362, 47.4057], [8.5363, 47.4059], [8.5364, 47.4059], [8.5365, 47.4062], [8.5366, 47.4064], [8.5368, 47.4067]], [[8.5368, 47.4067], [8.5369, 47.4068]], [[8.5369, 47.4068], [8.5371, 47.4072], [8.5373, 47.4077], [8.5375, 47.4079], [8.5376, 47.408], [8.5376, 47.4081], [8.5377, 47.4083], [8.5378, 47.4084]], [[8.5378, 47.4084], [8.5382, 47.4088], [8.5384, 47.409], [8.5387, 47.4092], [8.5389, 47.4094], [8.5391, 47.4096], [8.5393, 47.4097], [8.5395, 47.4099], [8.5397, 47.41], [8.54, 47.4102]], [[8.54, 47.4102], [8.5409, 47.4107], [8.5413, 47.4108], [8.5416, 47.411], [8.5418, 47.4111], [8.5419, 47.4112], [8.542, 47.4113], [8.5421, 47.4113], [8.5423, 47.4114], [8.5424, 47.4114], [8.5426, 47.4115], [8.5427, 47.4116], [8.5428, 47.4116], [8.543, 47.4117], [8.5431, 47.4118], [8.5432, 47.4118], [8.5433, 47.4118], [8.5436, 47.4119], [8.5437, 47.412], [8.5442, 47.4122], [8.545, 47.4124], [8.5452, 47.4125], [8.5454, 47.4126], [8.5455, 47.4126], [8.5456, 47.4126], [8.5457, 47.4127], [8.5458, 47.4127], [8.5459, 47.4128], [8.546, 47.4128], [8.5461, 47.4129]], [[8.5461, 47.4129], [8.5462, 47.413], [8.5463, 47.413], [8.5464, 47.4131], [8.5465, 47.4132]], [[8.5465, 47.4132], [8.5466, 47.4132], [8.5467, 47.4133], [8.5468, 47.4134], [8.5469, 47.4134], [8.547, 47.4136]], [[8.547, 47.4136], [8.5471, 47.4136], [8.5473, 47.4138]], [[8.5473, 47.4138], [8.5475, 47.414]], [[8.5475, 47.414], [8.5477, 47.4142], [8.548, 47.4145]], [[8.548, 47.4145], [8.5482, 47.4147]], [[8.5482, 47.4147], [8.5486, 47.4152], [8.5487, 47.4153]], [[8.5487, 47.4153], [8.549, 47.4156], [8.5495, 47.4162]], [[8.5495, 47.4162], [8.5499, 47.4166], [8.5501, 47.4169], [8.5503, 47.4171], [8.5504, 47.4172], [8.5506, 47.4174], [8.5507, 47.4177], [8.5512, 47.4183], [8.5514, 47.4185], [8.5515, 47.4188], [8.5517, 47.419], [8.5519, 47.4192], [8.5521, 47.4196], [8.5526, 47.4205]], [[8.5526, 47.4205], [8.5527, 47.4206], [8.5527, 47.4207], [8.5528, 47.4209], [8.5529, 47.421], [8.5531, 47.4211], [8.5532, 47.4212], [8.5533, 47.4214]], [[8.5533, 47.4214], [8.5534, 47.4215], [8.5549, 47.423], [8.5551, 47.4232]], [[8.5551, 47.4232], [8.5556, 47.4237], [8.5561, 47.4241], [8.5563, 47.4243], [8.5565, 47.4245], [8.5568, 47.4247], [8.557, 47.4249], [8.5572, 47.425], [8.5574, 47.4251], [8.5576, 47.4253], [8.5577, 47.4254], [8.5579, 47.4255], [8.5582, 47.4258], [8.5583, 47.4259], [8.5585, 47.4261], [8.5586, 47.4262], [8.5587, 47.4263]], [[8.5587, 47.4263], [8.5588, 47.4264], [8.5589, 47.4265], [8.559, 47.4266], [8.559, 47.4267], [8.5591, 47.4268], [8.5592, 47.427], [8.5593, 47.4271], [8.5594, 47.4273], [8.5594, 47.4274], [8.5595, 47.4275], [8.5595, 47.4276], [8.5596, 47.4277], [8.5596, 47.4279], [8.5596, 47.428]], [[8.5596, 47.428], [8.5596, 47.4281], [8.5597, 47.4281], [8.5597, 47.4282], [8.5597, 47.4283], [8.5597, 47.4284], [8.5597, 47.4285], [8.5597, 47.4286], [8.5597, 47.4287], [8.5597, 47.4288], [8.5597, 47.4289], [8.5597, 47.429], [8.5597, 47.4291], [8.5597, 47.4292], [8.5596, 47.4293], [8.5596, 47.4294]], [[8.5595, 47.4295], [8.5595, 47.4296]], [[8.5595, 47.4296], [8.5595, 47.4297], [8.5594, 47.4298], [8.5594, 47.4299], [8.5593, 47.4299], [8.5593, 47.43], [8.5592, 47.4301], [8.5592, 47.4302], [8.5591, 47.4302], [8.559, 47.4303], [8.559, 47.4304], [8.5589, 47.4305], [8.5588, 47.4306], [8.5587, 47.4307], [8.5586, 47.4307], [8.5585, 47.4309], [8.5584, 47.431], [8.5583, 47.4311], [8.5581, 47.4312], [8.558, 47.4313], [8.5579, 47.4313], [8.5578, 47.4314], [8.5576, 47.4315], [8.5575, 47.4316], [8.5574, 47.4317], [8.5569, 47.432]], [[8.5569, 47.432], [8.5553, 47.4329], [8.5532, 47.4341]], [[8.5532, 47.4341], [8.553, 47.4343]], [[8.553, 47.4343], [8.5518, 47.4349]], [[8.5518, 47.4349], [8.5517, 47.435]], [[8.5517, 47.435], [8.5508, 47.4356], [8.5503, 47.4359], [8.5499, 47.4361], [8.5495, 47.4364], [8.5492, 47.4366], [8.5488, 47.4369], [8.5484, 47.4372], [8.548, 47.4374], [8.5477, 47.4377], [8.5473, 47.438], [8.5467, 47.4384], [8.5465, 47.4386], [8.5463, 47.4388], [8.5458, 47.4393], [8.5455, 47.4395], [8.5452, 47.4397], [8.5443, 47.4407], [8.5436, 47.4413]], [[8.5436, 47.4413], [8.5433, 47.4417], [8.5431, 47.442], [8.5428, 47.4422], [8.5426, 47.4425], [8.5424, 47.4428], [8.5421, 47.4431], [8.542, 47.4433], [8.5417, 47.4436], [8.5414, 47.444], [8.5412, 47.4443], [8.541, 47.4446], [8.5408, 47.4449], [8.5406, 47.4453], [8.5391, 47.4478], [8.539, 47.448], [8.5389, 47.4482], [8.5387, 47.4484], [8.5386, 47.4485], [8.5385, 47.4487], [8.5384, 47.4489], [8.5382, 47.4491], [8.5381, 47.4493]], [[8.5381, 47.4493], [8.5379, 47.4495], [8.5378, 47.4497], [8.5377, 47.4498], [8.5375, 47.4499], [8.5373, 47.4502], [8.5371, 47.4504]], [[8.5371, 47.4504], [8.5371, 47.4505], [8.5369, 47.4507], [8.5367, 47.4508], [8.5366, 47.451], [8.5364, 47.4512], [8.5362, 47.4513], [8.5361, 47.4514], [8.5359, 47.4516]], [[8.5359, 47.4516], [8.5358, 47.4517]], [[8.5358, 47.4517], [8.5355, 47.452], [8.5353, 47.4522], [8.5351, 47.4524], [8.5349, 47.4525], [8.5346, 47.4528], [8.5344, 47.453], [8.5341, 47.4532], [8.5337, 47.4535], [8.5331, 47.454], [8.5315, 47.4552]], [[8.5315, 47.4552], [8.5314, 47.4553]], [[8.5314, 47.4553], [8.5313, 47.4554], [8.5311, 47.4556], [8.5309, 47.4557], [8.5308, 47.4558], [8.5307, 47.4559], [8.5306, 47.456], [8.5304, 47.456], [8.5304, 47.4561], [8.5303, 47.4561], [8.5301, 47.4562], [8.53, 47.4563], [8.5298, 47.4564], [8.5297, 47.4565], [8.5295, 47.4566], [8.5294, 47.4566], [8.5292, 47.4567], [8.529, 47.4568], [8.5289, 47.4569], [8.5287, 47.4569], [8.5286, 47.457], [8.5284, 47.4571], [8.5283, 47.4571], [8.5281, 47.4572], [8.528, 47.4572], [8.5279, 47.4573], [8.5277, 47.4573], [8.5275, 47.4574], [8.5274, 47.4574], [8.5272, 47.4574], [8.527, 47.4575], [8.5269, 47.4575], [8.5267, 47.4575], [8.5266, 47.4576], [8.5265, 47.4576], [8.5263, 47.4576], [8.5262, 47.4576], [8.526, 47.4577], [8.5259, 47.4577], [8.5256, 47.4577], [8.5254, 47.4578], [8.5252, 47.4578], [8.5246, 47.4579], [8.5243, 47.4579], [8.5242, 47.4579], [8.524, 47.4579], [8.5238, 47.458], [8.5237, 47.458], [8.5235, 47.458], [8.5233, 47.4581], [8.5231, 47.4581], [8.523, 47.4581], [8.5228, 47.4582], [8.5226, 47.4582], [8.5225, 47.4583], [8.5223, 47.4583], [8.5222, 47.4583], [8.5221, 47.4584], [8.5219, 47.4584], [8.5218, 47.4584], [8.5217, 47.4585], [8.5215, 47.4585], [8.5214, 47.4586], [8.5213, 47.4586], [8.5211, 47.4587], [8.521, 47.4587], [8.5209, 47.4588], [8.5208, 47.4588], [8.5206, 47.4589], [8.5205, 47.459], [8.5204, 47.459], [8.5203, 47.4591], [8.5202, 47.4591], [8.5201, 47.4592], [8.52, 47.4592], [8.5199, 47.4593], [8.5197, 47.4594], [8.5196, 47.4595], [8.5195, 47.4595], [8.5194, 47.4596], [8.5193, 47.4597], [8.5192, 47.4597], [8.5191, 47.4598], [8.519, 47.4599], [8.5189, 47.4599], [8.5188, 47.46], [8.5187, 47.4601], [8.5186, 47.4601], [8.5186, 47.4602], [8.5185, 47.4603], [8.5184, 47.4604], [8.5183, 47.4604], [8.5182, 47.4605], [8.5181, 47.4606], [8.518, 47.4607], [8.5179, 47.4609], [8.5177, 47.461], [8.5176, 47.4611], [8.5175, 47.4613], [8.5174, 47.4614], [8.5171, 47.4617], [8.5169, 47.462], [8.5151, 47.4644], [8.5141, 47.4656], [8.5132, 47.4669], [8.5122, 47.468]], [[8.5122, 47.468], [8.5121, 47.4681]], [[8.5121, 47.4681], [8.5102, 47.4705], [8.5099, 47.4708], [8.5096, 47.4712], [8.5094, 47.4715], [8.5092, 47.4717], [8.509, 47.4719], [8.5088, 47.4721], [8.5086, 47.4723]], [[8.5086, 47.4723], [8.5083, 47.4727], [8.508, 47.473]], [[8.508, 47.473], [8.5076, 47.4734], [8.5075, 47.4735], [8.507, 47.4741], [8.5056, 47.4754], [8.503, 47.4782], [8.5027, 47.4785], [8.5026, 47.4787], [8.5024, 47.4789], [8.5022, 47.479], [8.5021, 47.4792], [8.502, 47.4793], [8.5019, 47.4794], [8.5018, 47.4795], [8.5018, 47.4797], [8.5017, 47.4798], [8.5016, 47.4799], [8.5015, 47.4801], [8.5015, 47.4802], [8.5014, 47.4803], [8.5013, 47.4806]], [[8.5152, 47.3858], [8.516, 47.3856], [8.5168, 47.3854], [8.517, 47.3853], [8.517, 47.3854], [8.517, 47.3853], [8.5172, 47.3853], [8.5174, 47.3852], [8.5176, 47.3852], [8.5179, 47.3851], [8.5184, 47.385], [8.5191, 47.3848], [8.5192, 47.3848], [8.5191, 47.3848], [8.5189, 47.3849], [8.5188, 47.3849], [8.5187, 47.3849], [8.5186, 47.385], [8.5185, 47.385], [8.5175, 47.3853], [8.5174, 47.3853], [8.5172, 47.3853], [8.517, 47.3854], [8.5169, 47.3854], [8.5167, 47.3855], [8.5166, 47.3855], [8.5161, 47.3856], [8.516, 47.3856], [8.5152, 47.3858]], [[8.5149, 47.3859], [8.5151, 47.3858], [8.5156, 47.3857], [8.516, 47.3857], [8.5161, 47.3856], [8.5163, 47.3856], [8.517, 47.3854], [8.5175, 47.3853], [8.5184, 47.385], [8.5186, 47.385], [8.5187, 47.3849], [8.5189, 47.3849], [8.519, 47.3849], [8.5192, 47.3848], [8.5193, 47.3848], [8.5195, 47.3847]], [[8.5195, 47.3847], [8.5199, 47.3846], [8.5201, 47.3845], [8.5202, 47.3845], [8.5204, 47.3844], [8.5205, 47.3844], [8.5206, 47.3843], [8.5208, 47.3843], [8.521, 47.3842]], [[8.5151, 47.3856], [8.5151, 47.3857], [8.5159, 47.3855], [8.516, 47.3854], [8.5164, 47.3853], [8.5168, 47.3852], [8.5169, 47.3852], [8.5172, 47.3851], [8.5173, 47.3851], [8.5174, 47.3851], [8.5178, 47.385], [8.5183, 47.3848], [8.519, 47.3846], [8.5189, 47.3846], [8.5187, 47.3847], [8.5186, 47.3847], [8.5185, 47.3847], [8.5183, 47.3848], [8.5173, 47.385], [8.5172, 47.3851], [8.5171, 47.3851], [8.517, 47.3851], [8.5169, 47.3852], [8.5168, 47.3852], [8.5167, 47.3852], [8.5158, 47.3854], [8.5151, 47.3856]], [[8.5209, 47.3842], [8.5206, 47.3843], [8.5205, 47.3843], [8.5204, 47.3843], [8.5203, 47.3844], [8.5202, 47.3844], [8.5201, 47.3844], [8.5198, 47.3845], [8.5195, 47.3845], [8.5194, 47.3845], [8.5192, 47.3845], [8.5191, 47.3846], [8.519, 47.3846], [8.5189, 47.3846], [8.5188, 47.3846]], [[8.5188, 47.3846], [8.5186, 47.3847], [8.5185, 47.3847], [8.5184, 47.3847], [8.5174, 47.385], [8.5153, 47.3856], [8.515, 47.3856], [8.515, 47.3857], [8.5148, 47.3857], [8.5146, 47.3858], [8.5145, 47.3858], [8.5143, 47.3859]]]}, "properties": {"ref": "S3", "opened_year": 1990, "is_tunnel": false, "segment_count": 279}}, {"type": "Feature", "geometry": {"type": "MultiLineString", "coordinates": [[[8.5344, 47.3801], [8.5346, 47.3801], [8.5347, 47.3801], [8.535, 47.38], [8.5353, 47.3799]], [[8.5353, 47.3799], [8.5358, 47.3798]], [[8.5358, 47.3798], [8.5366, 47.3796]], [[8.5366, 47.3796], [8.5391, 47.3789], [8.5405, 47.3785], [8.542, 47.378]], [[8.542, 47.378], [8.5421, 47.378]], [[8.5421, 47.378], [8.5429, 47.3777]], [[8.5429, 47.3777], [8.5434, 47.3776], [8.5438, 47.3774], [8.5442, 47.3773], [8.5444, 47.3772], [8.5446, 47.3771], [8.5449, 47.377], [8.5451, 47.3769], [8.5453, 47.3767], [8.5454, 47.3766], [8.5457, 47.3764], [8.5459, 47.3762], [8.5461, 47.376], [8.5463, 47.3758], [8.5465, 47.3756], [8.5467, 47.3754], [8.547, 47.375], [8.5472, 47.3748], [8.5473, 47.3745], [8.5475, 47.3741], [8.5476, 47.3738], [8.5477, 47.3736], [8.5478, 47.3733], [8.5478, 47.373], [8.5479, 47.3728], [8.5479, 47.3726], [8.5479, 47.3723], [8.5479, 47.3721], [8.5479, 47.3719], [8.5478, 47.3717], [8.5477, 47.3714], [8.5477, 47.3712], [8.5476, 47.371], [8.5475, 47.3709], [8.5473, 47.3704], [8.5472, 47.3702], [8.5472, 47.37], [8.5471, 47.3698], [8.5471, 47.3697], [8.5471, 47.3694], [8.5471, 47.3692], [8.5471, 47.3691], [8.5472, 47.3689]], [[8.5478, 47.3676], [8.5477, 47.3678], [8.5476, 47.3679], [8.5474, 47.3682], [8.5473, 47.3684], [8.5473, 47.3685], [8.5472, 47.3687], [8.5472, 47.3689]], [[8.5502, 47.3661], [8.5498, 47.3662], [8.5495, 47.3664], [8.5493, 47.3665], [8.5491, 47.3666], [8.549, 47.3667], [8.5488, 47.3668], [8.5486, 47.367], [8.5483, 47.3672], [8.5481, 47.3674], [8.5479, 47.3675], [8.5478, 47.3676]], [[8.5949, 47.3939], [8.595, 47.3943], [8.5951, 47.3945], [8.5953, 47.3953], [8.5954, 47.3954], [8.5955, 47.3957], [8.5957, 47.3963], [8.5959, 47.3969], [8.596, 47.3972], [8.5963, 47.3977], [8.5965, 47.3982]], [[8.5967, 47.3981], [8.5964, 47.3976], [8.5962, 47.3973], [8.5962, 47.3972], [8.596, 47.3968], [8.5958, 47.3963], [8.5956, 47.3957], [8.5955, 47.3954], [8.5954, 47.3952], [8.5951, 47.3945], [8.595, 47.3939], [8.5948, 47.3936], [8.5947, 47.3933]], [[8.552, 47.3656], [8.5513, 47.3657], [8.5509, 47.3658], [8.5505, 47.3659]], [[8.5505, 47.3659], [8.5503, 47.3659], [8.5501, 47.366]], [[8.5477, 47.3676], [8.5475, 47.3677], [8.5475, 47.3679], [8.5473, 47.3681], [8.5473, 47.3683], [8.5472, 47.3687]], [[8.5472, 47.3687], [8.5471, 47.3689], [8.5471, 47.3691], [8.5471, 47.3693], [8.5471, 47.3695], [8.5471, 47.3697], [8.5471, 47.3698], [8.5471, 47.37], [8.5472, 47.3702], [8.5473, 47.3704], [8.5475, 47.3709], [8.5476, 47.3712], [8.5477, 47.3714], [8.5478, 47.3717], [8.5478, 47.3719], [8.5479, 47.3721], [8.5479, 47.3723], [8.5478, 47.3725], [8.5478, 47.3728], [8.5478, 47.373], [8.5477, 47.3733], [8.5477, 47.3736], [8.5476, 47.3738], [8.5475, 47.3741], [8.5473, 47.3745], [8.5471, 47.3747], [8.547, 47.375], [8.5467, 47.3754], [8.5465, 47.3756], [8.5463, 47.3758], [8.5461, 47.376], [8.5459, 47.3762], [8.5456, 47.3764], [8.5454, 47.3766], [8.5452, 47.3767], [8.545, 47.3768], [8.5448, 47.3769], [8.5446, 47.377], [8.5442, 47.3772], [8.5438, 47.3773], [8.543, 47.3776]], [[8.543, 47.3776], [8.5425, 47.3778], [8.5421, 47.3779]], [[8.5421, 47.3779], [8.542, 47.378]], [[8.542, 47.378], [8.5417, 47.3781], [8.541, 47.3783], [8.5403, 47.3785], [8.5391, 47.3788], [8.5366, 47.3795]], [[8.5366, 47.3795], [8.5358, 47.3797]], [[8.5358, 47.3797], [8.5353, 47.3799]], [[8.5353, 47.3799], [8.535, 47.3799], [8.5346, 47.38], [8.5343, 47.3801]]]}, "properties": {"ref": "S3", "opened_year": 1990, "is_tunnel": true, "segment_count": 21}}, {"type": "Feature", "geometry": {"type": "MultiLineString", "coordinates": [[[8.5439, 47.2869], [8.5439, 47.2872], [8.5439, 47.2873], [8.5439, 47.2874], [8.5438, 47.2877], [8.5438, 47.288]], [[8.5361, 47.2962], [8.5356, 47.2965], [8.5355, 47.2966], [8.5351, 47.2969]], [[8.5259, 47.3029], [8.5255, 47.3031], [8.5252, 47.3033], [8.525, 47.3035], [8.5246, 47.3037]], [[8.5216, 47.3192], [8.5216, 47.3193], [8.5215, 47.3193], [8.5215, 47.3194], [8.5215, 47.3195], [8.5215, 47.3196], [8.5215, 47.3197], [8.5215, 47.3198], [8.5215, 47.3199], [8.5215, 47.32], [8.5215, 47.3202]], [[8.5181, 47.3326], [8.5186, 47.3331], [8.5189, 47.3333], [8.519, 47.3334]], [[8.5197, 47.3373], [8.5197, 47.3379], [8.5197, 47.3387]], [[8.5259, 47.3511], [8.5259, 47.351], [8.526, 47.3511], [8.526, 47.3512], [8.5261, 47.3513], [8.5261, 47.3514], [8.5262, 47.3515], [8.5262, 47.3516], [8.5262, 47.3517], [8.5262, 47.3518], [8.5262, 47.3519], [8.5262, 47.352], [8.5262, 47.3521], [8.5261, 47.3521], [8.5261, 47.3522], [8.5261, 47.3523], [8.526, 47.3523], [8.5261, 47.3522], [8.5261, 47.3521], [8.5261, 47.352], [8.5261, 47.3519], [8.5261, 47.3518], [8.5262, 47.3518], [8.5262, 47.3517], [8.5261, 47.3517], [8.5261, 47.3516], [8.5261, 47.3515], [8.5261, 47.3514], [8.5261, 47.3513], [8.526, 47.3513], [8.526, 47.3512], [8.5259, 47.3511]], [[8.5216, 47.3581], [8.5219, 47.3577], [8.522, 47.3575], [8.5221, 47.3574], [8.5222, 47.3572], [8.5223, 47.3572], [8.5216, 47.3583], [8.5216, 47.3581]], [[8.5216, 47.3623], [8.5219, 47.3626], [8.5221, 47.3627], [8.5222, 47.3628], [8.5223, 47.3629], [8.5224, 47.363], [8.5225, 47.3631]], [[8.544, 47.2869], [8.544, 47.2868]], [[8.5439, 47.2874], [8.544, 47.2869]], [[8.5438, 47.2879], [8.5439, 47.2874]], [[8.5438, 47.288], [8.5438, 47.2879]], [[8.5438, 47.2884], [8.5438, 47.2883], [8.5438, 47.2882], [8.5438, 47.288]], [[8.5438, 47.2886], [8.5438, 47.2885], [8.5438, 47.2884]], [[8.5438, 47.289], [8.5438, 47.2889], [8.5438, 47.2888], [8.5438, 47.2886]], [[8.5438, 47.2891], [8.5438, 47.289]], [[8.5419, 47.2915], [8.5425, 47.291], [8.5429, 47.2907], [8.543, 47.2906], [8.5431, 47.2906], [8.5431, 47.2905], [8.5432, 47.2905], [8.5432, 47.2904], [8.5433, 47.2903], [8.5434, 47.2902], [8.5434, 47.2901], [8.5435, 47.29], [8.5435, 47.2899], [8.5436, 47.2899], [8.5436, 47.2898], [8.5436, 47.2897], [8.5437, 47.2896], [8.5437, 47.2895], [8.5437, 47.2894], [8.5437, 47.2893], [8.5438, 47.2892], [8.5438, 47.2891]], [[8.5361, 47.2961], [8.5367, 47.2957], [8.5371, 47.2954], [8.5385, 47.2943], [8.5387, 47.2942], [8.5388, 47.2941], [8.539, 47.294], [8.5391, 47.2939], [8.5392, 47.2938], [8.5393, 47.2938], [8.5397, 47.2934], [8.5403, 47.2929], [8.5413, 47.292], [8.5419, 47.2915]], [[8.5356, 47.2965], [8.5361, 47.2961]], [[8.5351, 47.2969], [8.5356, 47.2965]], [[8.5347, 47.2972], [8.5351, 47.2969]], [[8.526, 47.3028], [8.5265, 47.3025], [8.5267, 47.3023], [8.5269, 47.3022], [8.527, 47.3021], [8.5272, 47.302], [8.5275, 47.3018], [8.5278, 47.3017], [8.5279, 47.3016], [8.528, 47.3015], [8.5281, 47.3015], [8.5282, 47.3014], [8.5283, 47.3014], [8.5284, 47.3013], [8.5288, 47.301], [8.5289, 47.3009], [8.529, 47.3008], [8.5291, 47.3008], [8.5293, 47.3007], [8.5294, 47.3006], [8.5295, 47.3006], [8.5296, 47.3005], [8.5298, 47.3004], [8.5303, 47.3003], [8.5303, 47.3002], [8.5304, 47.3002], [8.5305, 47.3002], [8.5306, 47.3001], [8.5307, 47.3001], [8.5307, 47.3], [8.5308, 47.3], [8.5309, 47.3], [8.5309, 47.2999], [8.531, 47.2999], [8.5311, 47.2998], [8.5312, 47.2998], [8.5313, 47.2997], [8.5314, 47.2996], [8.5319, 47.2993], [8.5333, 47.2982], [8.5344, 47.2974], [8.5347, 47.2972]], [[8.5252, 47.3033], [8.5253, 47.3033], [8.5254, 47.3032], [8.5255, 47.3031], [8.5258, 47.303], [8.526, 47.3028]], [[8.5245, 47.3039], [8.5246, 47.3038], [8.5248, 47.3036], [8.525, 47.3035], [8.5252, 47.3033]], [[8.5241, 47.3066], [8.5241, 47.3065], [8.5241, 47.3064], [8.524, 47.3063], [8.524, 47.3062], [8.5239, 47.3061], [8.5238, 47.3059], [8.5238, 47.3058], [8.5238, 47.3057], [8.5237, 47.3056], [8.5237, 47.3055], [8.5237, 47.3054], [8.5237, 47.3053], [8.5237, 47.3052], [8.5237, 47.3051], [8.5237, 47.305], [8.5237, 47.3049], [8.5237, 47.3048], [8.5238, 47.3048], [8.5238, 47.3047], [8.5238, 47.3046], [8.5239, 47.3046], [8.5239, 47.3045], [8.524, 47.3044], [8.5241, 47.3043], [8.5241, 47.3042], [8.5242, 47.3042], [8.5242, 47.3041], [8.5243, 47.3041], [8.5243, 47.304], [8.5244, 47.304], [8.5245, 47.3039]], [[8.5244, 47.3082], [8.5244, 47.3081], [8.5244, 47.308], [8.5244, 47.3079], [8.5244, 47.3077], [8.5244, 47.3076], [8.5243, 47.3075], [8.5242, 47.3068], [8.5242, 47.3067], [8.5241, 47.3067], [8.5241, 47.3066]], [[8.5244, 47.3083], [8.5244, 47.3082]], [[8.5244, 47.3087], [8.5244, 47.3086], [8.5244, 47.3085], [8.5244, 47.3084], [8.5244, 47.3083]], [[8.5242, 47.3097], [8.5243, 47.3091], [8.5244, 47.3087]], [[8.524, 47.3113], [8.524, 47.3108], [8.5241, 47.3107], [8.5241, 47.3106], [8.5241, 47.3105], [8.5241, 47.3104], [8.5241, 47.3103], [8.5241, 47.3102], [8.5242, 47.3099], [8.5242, 47.3097]], [[8.524, 47.3117], [8.524, 47.3115], [8.524, 47.3113]], [[8.524, 47.3123], [8.524, 47.3117]], [[8.524, 47.3129], [8.524, 47.3123]], [[8.524, 47.313], [8.524, 47.3129]], [[8.524, 47.3133], [8.524, 47.3132], [8.524, 47.3131], [8.524, 47.313]], [[8.524, 47.3136], [8.524, 47.3135], [8.524, 47.3134], [8.524, 47.3133]], [[8.5238, 47.314], [8.5238, 47.3139], [8.5239, 47.3138], [8.5239, 47.3137], [8.524, 47.3136]], [[8.5237, 47.3143], [8.5238, 47.314]], [[8.5235, 47.3147], [8.5237, 47.3143]], [[8.5231, 47.3157], [8.5235, 47.3147]], [[8.5226, 47.3168], [8.5231, 47.3157]], [[8.5225, 47.3171], [8.5226, 47.3168]], [[8.5216, 47.319], [8.5218, 47.3186], [8.5225, 47.3171]], [[8.5215, 47.3196], [8.5215, 47.3195], [8.5215, 47.3194], [8.5215, 47.3193], [8.5216, 47.3192], [8.5216, 47.3191], [8.5216, 47.319]], [[8.5214, 47.3202], [8.5214, 47.3198], [8.5214, 47.3197], [8.5214, 47.3196], [8.5215, 47.3196]], [[8.5214, 47.3207], [8.5214, 47.3206], [8.5214, 47.3202]], [[8.519, 47.3238], [8.5191, 47.3237], [8.5193, 47.3236], [8.5205, 47.3224], [8.5208, 47.3222], [8.5209, 47.3221], [8.521, 47.322], [8.5211, 47.3219], [8.5212, 47.3218], [8.5212, 47.3217], [8.5213, 47.3216], [8.5213, 47.3215], [8.5213, 47.3214], [8.5214, 47.3213], [8.5214, 47.3212], [8.5214, 47.3211], [8.5214, 47.321], [8.5214, 47.3208], [8.5214, 47.3207]], [[8.518, 47.3288], [8.5185, 47.3282], [8.5186, 47.3281], [8.5187, 47.328], [8.5187, 47.3279], [8.5188, 47.3279], [8.5188, 47.3278], [8.5189, 47.3278], [8.5189, 47.3277], [8.5189, 47.3276], [8.519, 47.3276], [8.519, 47.3275], [8.519, 47.3274], [8.5191, 47.3274], [8.5191, 47.3273], [8.5191, 47.3272], [8.5191, 47.3271], [8.5191, 47.327], [8.5191, 47.3269], [8.5191, 47.3268], [8.519, 47.3267], [8.519, 47.3266], [8.519, 47.3265], [8.5187, 47.3254], [8.5186, 47.3253], [8.5186, 47.3252], [8.5186, 47.3251], [8.5186, 47.325], [8.5186, 47.3249], [8.5186, 47.3248], [8.5186, 47.3247], [8.5186, 47.3246], [8.5186, 47.3245], [8.5187, 47.3244], [8.5187, 47.3243], [8.5188, 47.3242], [8.5188, 47.3241], [8.5189, 47.324], [8.5189, 47.3239], [8.519, 47.3239], [8.519, 47.3238]], [[8.5178, 47.329], [8.518, 47.3288]], [[8.5167, 47.3305], [8.5168, 47.3305], [8.5168, 47.3304], [8.5168, 47.3303], [8.5168, 47.3302], [8.5169, 47.3302], [8.5169, 47.3301], [8.5169, 47.33], [8.517, 47.33], [8.517, 47.3299], [8.5171, 47.3298], [8.5172, 47.3297], [8.5173, 47.3296], [8.5174, 47.3295], [8.5178, 47.329]], [[8.5168, 47.3309], [8.5167, 47.3308], [8.5167, 47.3307], [8.5167, 47.3306], [8.5167, 47.3305]], [[8.5168, 47.331], [8.5168, 47.3309]], [[8.5169, 47.3313], [8.5169, 47.3312], [8.5168, 47.3312], [8.5168, 47.3311], [8.5168, 47.331]], [[8.517, 47.3314], [8.5169, 47.3313]], [[8.5171, 47.3316], [8.5171, 47.3315], [8.517, 47.3315], [8.517, 47.3314]], [[8.5172, 47.3317], [8.5171, 47.3316]], [[8.5179, 47.3323], [8.5176, 47.3321], [8.5174, 47.3319], [8.5173, 47.3318], [8.5172, 47.3318], [8.5172, 47.3317]], [[8.5182, 47.3326], [8.518, 47.3324], [8.5179, 47.3323]], [[8.5187, 47.3331], [8.5182, 47.3326]], [[8.5192, 47.3335], [8.5191, 47.3334], [8.519, 47.3333], [8.5187, 47.3331]], [[8.5196, 47.3347], [8.5196, 47.3345], [8.5195, 47.3345], [8.5195, 47.3344], [8.5195, 47.3343], [8.5195, 47.3342], [8.5195, 47.3341], [8.5195, 47.334], [8.5194, 47.3339], [8.5194, 47.3338], [8.5193, 47.3338], [8.5193, 47.3337], [8.5193, 47.3336], [8.5192, 47.3336], [8.5192, 47.3335]], [[8.5196, 47.3356], [8.5196, 47.3355], [8.5196, 47.3354], [8.5196, 47.3353], [8.5196, 47.3352], [8.5196, 47.3351], [8.5196, 47.3347]], [[8.5196, 47.3361], [8.5196, 47.336], [8.5196, 47.3358], [8.5196, 47.3357], [8.5196, 47.3356]], [[8.5196, 47.3362], [8.5196, 47.3361]], [[8.5197, 47.3368], [8.5196, 47.3362]], [[8.5197, 47.3371], [8.5197, 47.3368]], [[8.5197, 47.3378], [8.5197, 47.3371]], [[8.5197, 47.3387], [8.5197, 47.3384], [8.5197, 47.3378]], [[8.5197, 47.3389], [8.5197, 47.3387]], [[8.5197, 47.3391], [8.5197, 47.339], [8.5197, 47.3389]], [[8.5197, 47.3394], [8.5197, 47.3391]], [[8.5197, 47.3398], [8.5197, 47.3394]], [[8.5197, 47.3406], [8.5197, 47.3403], [8.5197, 47.34], [8.5197, 47.3398]], [[8.5198, 47.3419], [8.5198, 47.3417], [8.5198, 47.3416], [8.5198, 47.3414], [8.5197, 47.3406]], [[8.5198, 47.3434], [8.5198, 47.3432], [8.5198, 47.3431], [8.5198, 47.3425], [8.5198, 47.3419]], [[8.5198, 47.3443], [8.5198, 47.3442], [8.5198, 47.3435], [8.5198, 47.3434]], [[8.5199, 47.3447], [8.5198, 47.3445], [8.5198, 47.3443]], [[8.5199, 47.3449], [8.5199, 47.3447]], [[8.5201, 47.3457], [8.52, 47.3455], [8.52, 47.3454], [8.52, 47.3453], [8.5199, 47.3452], [8.5199, 47.3451], [8.5199, 47.3449]], [[8.5202, 47.3462], [8.5202, 47.3461], [8.5202, 47.346], [8.5201, 47.3459], [8.5201, 47.3457]], [[8.5208, 47.3469], [8.5207, 47.3468], [8.5206, 47.3468], [8.5206, 47.3467], [8.5205, 47.3466], [8.5204, 47.3465], [8.5203, 47.3464], [8.5203, 47.3463], [8.5203, 47.3462], [8.5202, 47.3462]], [[8.523, 47.3486], [8.5216, 47.3475], [8.5214, 47.3474], [8.5212, 47.3473], [8.5211, 47.3472], [8.521, 47.3471], [8.5209, 47.3471], [8.5209, 47.347], [8.5208, 47.3469]], [[8.5236, 47.3491], [8.523, 47.3486]], [[8.5238, 47.3491], [8.5236, 47.3491]], [[8.5245, 47.3497], [8.5244, 47.3496], [8.5243, 47.3496], [8.5239, 47.3493], [8.5238, 47.3491]], [[8.5258, 47.3509], [8.5258, 47.3508], [8.5257, 47.3508], [8.5256, 47.3507], [8.5252, 47.3502], [8.5251, 47.3502], [8.5249, 47.35], [8.5248, 47.3499], [8.5247, 47.3498], [8.5246, 47.3498], [8.5245, 47.3497]], [[8.5259, 47.351], [8.5259, 47.3509], [8.5258, 47.3509]], [[8.5262, 47.3515], [8.5262, 47.3514], [8.5261, 47.3514], [8.5261, 47.3513], [8.5261, 47.3512], [8.526, 47.3511], [8.5259, 47.351]], [[8.5261, 47.3523], [8.5261, 47.3522], [8.5262, 47.3521], [8.5262, 47.352], [8.5262, 47.3519], [8.5262, 47.3518], [8.5262, 47.3517], [8.5262, 47.3516], [8.5262, 47.3515]], [[8.5251, 47.3533], [8.5252, 47.3532], [8.5253, 47.3532], [8.5254, 47.3531], [8.5254, 47.353], [8.5255, 47.353], [8.5256, 47.3529], [8.5256, 47.3528], [8.5257, 47.3528], [8.5258, 47.3527], [8.5259, 47.3526], [8.526, 47.3525], [8.526, 47.3524], [8.5261, 47.3523]], [[8.5245, 47.3538], [8.5246, 47.3537], [8.5251, 47.3533]], [[8.5239, 47.3546], [8.5239, 47.3545], [8.524, 47.3544], [8.524, 47.3543], [8.5241, 47.3543], [8.5241, 47.3542], [8.5242, 47.3541], [8.5243, 47.354], [8.5244, 47.354], [8.5244, 47.3539], [8.5245, 47.3539], [8.5245, 47.3538]], [[8.5238, 47.3547], [8.5239, 47.3546]], [[8.5233, 47.3555], [8.5237, 47.3549], [8.5238, 47.3548], [8.5238, 47.3547]], [[8.5228, 47.3563], [8.5233, 47.3555]], [[8.5226, 47.3567], [8.5228, 47.3563]], [[8.5225, 47.3568], [8.5226, 47.3567]], [[8.5223, 47.3571], [8.5225, 47.3568]], [[8.522, 47.3577], [8.5221, 47.3575], [8.5223, 47.3571]], [[8.5218, 47.358], [8.522, 47.3577]], [[8.5216, 47.3583], [8.5218, 47.358]], [[8.5212, 47.3589], [8.5213, 47.3588], [8.5213, 47.3587], [8.5214, 47.3587], [8.5214, 47.3586], [8.5215, 47.3585], [8.5216, 47.3583]], [[8.5207, 47.3593], [8.5208, 47.3592], [8.5209, 47.3592], [8.521, 47.3591], [8.5211, 47.359], [8.5212, 47.3589]], [[8.5205, 47.3595], [8.5207, 47.3593]], [[8.5204, 47.3596], [8.5205, 47.3595]], [[8.5202, 47.3598], [8.5202, 47.3597], [8.5203, 47.3597], [8.5203, 47.3596], [8.5204, 47.3596]], [[8.52, 47.361], [8.52, 47.3609], [8.5199, 47.3608], [8.5199, 47.3607], [8.5199, 47.3606], [8.5199, 47.3605], [8.5199, 47.3604], [8.5199, 47.3603], [8.5199, 47.3602], [8.52, 47.3601], [8.52, 47.36], [8.5201, 47.3599], [8.5202, 47.3598]], [[8.5205, 47.3615], [8.5204, 47.3614], [8.5203, 47.3613], [8.5202, 47.3612], [8.5201, 47.3611], [8.5201, 47.361], [8.52, 47.361]], [[8.5208, 47.3618], [8.5207, 47.3617], [8.5206, 47.3616], [8.5205, 47.3615]], [[8.5209, 47.3618], [8.5208, 47.3618]], [[8.5209, 47.3619], [8.5209, 47.3618]], [[8.5213, 47.3621], [8.5211, 47.362], [8.521, 47.362], [8.521, 47.3619], [8.5209, 47.3619]], [[8.5216, 47.3624], [8.5215, 47.3623], [8.5214, 47.3622], [8.5213, 47.3621]], [[8.5219, 47.3626], [8.5216, 47.3624]], [[8.522, 47.3627], [8.5219, 47.3626]], [[8.5222, 47.3628], [8.522, 47.3627]], [[8.5223, 47.3629], [8.5222, 47.3628]], [[8.5228, 47.3634], [8.5224, 47.3631], [8.5223, 47.363], [8.5223, 47.3629]], [[8.5228, 47.3635], [8.5228, 47.3634]], [[8.5231, 47.3637], [8.5228, 47.3635]], [[8.5232, 47.3638], [8.5231, 47.3637]], [[8.5247, 47.366], [8.5247, 47.3659], [8.5246, 47.3659], [8.5246, 47.3658], [8.5245, 47.3657], [8.5244, 47.3656], [8.5243, 47.3655], [8.5242, 47.3654], [8.5241, 47.3653], [8.524, 47.3652], [8.524, 47.3651], [8.5239, 47.3651], [8.5239, 47.365], [8.5238, 47.3649], [8.5236, 47.3644], [8.5235, 47.3643], [8.5235, 47.3642], [8.5234, 47.3642], [8.5234, 47.3641], [8.5233, 47.364], [8.5232, 47.3639], [8.5232, 47.3638]], [[8.529, 47.3683], [8.5289, 47.3683], [8.5289, 47.3682], [8.5288, 47.3681], [8.5287, 47.368], [8.5286, 47.368], [8.5285, 47.3679], [8.5284, 47.3678], [8.5283, 47.3678], [8.5282, 47.3677], [8.5281, 47.3677], [8.528, 47.3676], [8.5279, 47.3676], [8.5278, 47.3676], [8.5277, 47.3675], [8.5276, 47.3675], [8.5275, 47.3675], [8.5274, 47.3674], [8.5273, 47.3674], [8.5272, 47.3674], [8.527, 47.3673], [8.5269, 47.3673], [8.5268, 47.3672], [8.5267, 47.3672], [8.5265, 47.3671], [8.5264, 47.3671], [8.5262, 47.367], [8.5259, 47.3669], [8.5256, 47.3667], [8.5254, 47.3665], [8.5252, 47.3664], [8.525, 47.3663], [8.525, 47.3662], [8.5249, 47.3662], [8.5248, 47.3661], [8.5247, 47.366]], [[8.5292, 47.3686], [8.5291, 47.3685], [8.5291, 47.3684], [8.529, 47.3683]], [[8.5297, 47.3692], [8.5296, 47.3691], [8.5295, 47.3689], [8.5294, 47.3688], [8.5292, 47.3686]], [[8.558, 47.268], [8.5571, 47.2689], [8.5575, 47.2685], [8.5577, 47.2683], [8.5578, 47.2681], [8.5579, 47.268], [8.558, 47.268]], [[8.558, 47.2679], [8.5582, 47.2678], [8.5582, 47.2677], [8.5583, 47.2676], [8.5584, 47.2675]], [[8.5577, 47.2683], [8.558, 47.2679]], [[8.5573, 47.2687], [8.5574, 47.2686], [8.5575, 47.2685], [8.5577, 47.2683]], [[8.5571, 47.2689], [8.5573, 47.2687]], [[8.557, 47.2691], [8.5571, 47.2689]], [[8.5566, 47.2695], [8.5568, 47.2692], [8.557, 47.2691]], [[8.5565, 47.2696], [8.5566, 47.2695]], [[8.5521, 47.2725], [8.5522, 47.2725], [8.5522, 47.2724], [8.5523, 47.2724], [8.5523, 47.2723], [8.5524, 47.2723], [8.5524, 47.2722], [8.5525, 47.2722], [8.5526, 47.2721], [8.5527, 47.272], [8.5528, 47.272], [8.5529, 47.2719], [8.553, 47.2718], [8.5531, 47.2718], [8.5533, 47.2717], [8.5535, 47.2716], [8.5543, 47.2713], [8.5545, 47.2712], [8.5547, 47.2711], [8.5549, 47.271], [8.555, 47.271], [8.5551, 47.2709], [8.5552, 47.2708], [8.5553, 47.2708], [8.5554, 47.2708], [8.5554, 47.2707], [8.5555, 47.2707], [8.5556, 47.2706], [8.5557, 47.2705], [8.5558, 47.2705], [8.5558, 47.2704], [8.5559, 47.2703], [8.556, 47.2702], [8.5562, 47.27], [8.5564, 47.2698], [8.5564, 47.2697], [8.5565, 47.2696]], [[8.5518, 47.2731], [8.552, 47.2727], [8.5521, 47.2727], [8.5521, 47.2726], [8.5521, 47.2725]], [[8.5462, 47.2814], [8.5463, 47.2813], [8.5464, 47.2812], [8.5465, 47.2811], [8.5466, 47.281], [8.5467, 47.281], [8.5468, 47.2809], [8.5469, 47.2809], [8.547, 47.2808], [8.5471, 47.2807], [8.5472, 47.2807], [8.5474, 47.2806], [8.548, 47.2803], [8.5482, 47.2802], [8.5484, 47.2801], [8.5487, 47.2799], [8.5489, 47.2798], [8.5491, 47.2797], [8.5496, 47.2795], [8.5508, 47.2788], [8.5509, 47.2787], [8.551, 47.2786], [8.5511, 47.2786], [8.5512, 47.2786], [8.5513, 47.2785], [8.5514, 47.2784], [8.5515, 47.2784], [8.5515, 47.2783], [8.5516, 47.2783], [8.5516, 47.2782], [8.5517, 47.2782], [8.5517, 47.2781], [8.5518, 47.278], [8.5519, 47.2779], [8.5519, 47.2778], [8.552, 47.2777], [8.552, 47.2776], [8.552, 47.2775], [8.5521, 47.2774], [8.5521, 47.2773], [8.5521, 47.2772], [8.5521, 47.2771], [8.5521, 47.277], [8.5521, 47.2769], [8.552, 47.2769], [8.552, 47.2768], [8.552, 47.2767], [8.552, 47.2766], [8.5519, 47.2766], [8.5519, 47.2765], [8.5518, 47.2764], [8.5518, 47.2763], [8.5517, 47.2763], [8.5517, 47.2762], [8.5516, 47.2762], [8.5516, 47.2761], [8.5515, 47.276], [8.5514, 47.2759], [8.5514, 47.2758], [8.5513, 47.2758], [8.5513, 47.2757], [8.5512, 47.2756], [8.5512, 47.2755], [8.5511, 47.2755], [8.5511, 47.2754], [8.551, 47.2753], [8.551, 47.2752], [8.551, 47.2751], [8.551, 47.275], [8.5509, 47.2749], [8.5509, 47.2748], [8.5509, 47.2747], [8.551, 47.2747], [8.551, 47.2746], [8.551, 47.2745], [8.551, 47.2744], [8.5511, 47.2743], [8.5511, 47.2742], [8.5511, 47.2741], [8.5512, 47.2741], [8.5512, 47.274], [8.5513, 47.2739], [8.5514, 47.2738], [8.5518, 47.2731]], [[8.545, 47.2846], [8.5451, 47.2845], [8.5452, 47.2843]], [[8.5445, 47.2851], [8.5446, 47.285], [8.545, 47.2846]], [[8.5442, 47.2858], [8.5442, 47.2857], [8.5442, 47.2856], [8.5443, 47.2855], [8.5443, 47.2854], [8.5444, 47.2853], [8.5444, 47.2852], [8.5445, 47.2851]], [[8.5441, 47.286], [8.5441, 47.2859], [8.5442, 47.2858]], [[8.5441, 47.2863], [8.5441, 47.286]], [[8.544, 47.2865], [8.5441, 47.2863]], [[8.544, 47.2868], [8.544, 47.2867], [8.544, 47.2865]], [[8.5224, 47.3572], [8.5219, 47.358], [8.5217, 47.3583], [8.5216, 47.3586], [8.5216, 47.3585], [8.5218, 47.3583], [8.5219, 47.3581], [8.5219, 47.358], [8.522, 47.358], [8.522, 47.3579], [8.5222, 47.3576], [8.5223, 47.3574], [8.5224, 47.3572]], [[8.5261, 47.3511], [8.5262, 47.3511], [8.5262, 47.3512], [8.5262, 47.3513], [8.5263, 47.3514], [8.5263, 47.3515], [8.5263, 47.3517], [8.5263, 47.3518], [8.5263, 47.3519], [8.5263, 47.352], [8.5263, 47.3521], [8.5263, 47.3522], [8.5262, 47.3522], [8.5262, 47.3523], [8.5262, 47.3522], [8.5262, 47.3521], [8.5263, 47.3521], [8.5263, 47.352], [8.5263, 47.3519], [8.5263, 47.3518], [8.5263, 47.3517], [8.5263, 47.3516], [8.5263, 47.3515], [8.5262, 47.3514], [8.5262, 47.3513], [8.5262, 47.3512], [8.5261, 47.3512], [8.5261, 47.3511]], [[8.5191, 47.3334], [8.519, 47.3333], [8.5189, 47.3332], [8.5186, 47.3329], [8.5182, 47.3326]], [[8.5297, 47.3693], [8.5296, 47.3691], [8.5295, 47.369], [8.5294, 47.3689], [8.5293, 47.3688], [8.5292, 47.3687]], [[8.5292, 47.3687], [8.5291, 47.3685], [8.529, 47.3685], [8.529, 47.3684], [8.5289, 47.3684]], [[8.5289, 47.3684], [8.5289, 47.3683], [8.5288, 47.3683], [8.5288, 47.3682], [8.5287, 47.3681], [8.5286, 47.368], [8.5285, 47.3679], [8.5284, 47.3679], [8.5283, 47.3678], [8.5282, 47.3678], [8.5281, 47.3677], [8.528, 47.3677], [8.5279, 47.3676], [8.5278, 47.3676], [8.5277, 47.3676], [8.5276, 47.3675], [8.5272, 47.3674], [8.5271, 47.3674], [8.527, 47.3674], [8.527, 47.3673], [8.5268, 47.3673], [8.5267, 47.3672], [8.5266, 47.3672], [8.5265, 47.3672], [8.5264, 47.3671], [8.5263, 47.3671], [8.5262, 47.367], [8.5261, 47.367], [8.526, 47.3669], [8.5259, 47.3669], [8.5258, 47.3668], [8.5257, 47.3668], [8.5256, 47.3667], [8.5255, 47.3667], [8.5254, 47.3666], [8.5253, 47.3665], [8.5252, 47.3665], [8.5251, 47.3664], [8.5251, 47.3663], [8.525, 47.3663], [8.5249, 47.3662], [8.5248, 47.3661], [8.5247, 47.366]], [[8.5247, 47.366], [8.5246, 47.3659], [8.5245, 47.3658], [8.5244, 47.3657], [8.5243, 47.3656], [8.5242, 47.3655]], [[8.5242, 47.3655], [8.5241, 47.3654], [8.5241, 47.3653], [8.524, 47.3653], [8.5239, 47.3652], [8.5239, 47.3651], [8.5238, 47.365], [8.5237, 47.3649], [8.5237, 47.3648], [8.5237, 47.3647], [8.5236, 47.3645], [8.5235, 47.3644], [8.5235, 47.3643], [8.5234, 47.3643], [8.5234, 47.3642], [8.5233, 47.3641], [8.5233, 47.364], [8.5232, 47.364]], [[8.5232, 47.364], [8.5232, 47.3639], [8.5231, 47.3638], [8.523, 47.3637]], [[8.523, 47.3637], [8.5229, 47.3636], [8.5228, 47.3635]], [[8.5216, 47.3624], [8.5213, 47.3621]], [[8.5213, 47.3621], [8.521, 47.3619], [8.5208, 47.3617], [8.5207, 47.3616], [8.5205, 47.3615], [8.5204, 47.3614], [8.5203, 47.3613], [8.5203, 47.3612], [8.5202, 47.3612], [8.5202, 47.3611], [8.5201, 47.361]], [[8.5201, 47.361], [8.52, 47.3609], [8.52, 47.3608]], [[8.52, 47.3608], [8.52, 47.3607], [8.52, 47.3606], [8.5199, 47.3606], [8.5199, 47.3605], [8.5199, 47.3604], [8.52, 47.3604], [8.52, 47.3603], [8.52, 47.3602], [8.52, 47.3601], [8.5201, 47.36], [8.5201, 47.3599], [8.5202, 47.3598], [8.5203, 47.3598]], [[8.5203, 47.3598], [8.5203, 47.3597], [8.5204, 47.3597], [8.5204, 47.3596], [8.5205, 47.3595], [8.5208, 47.3593]], [[8.5208, 47.3593], [8.5209, 47.3592], [8.521, 47.3592], [8.521, 47.3591], [8.5212, 47.359]], [[8.5212, 47.359], [8.5212, 47.3589]], [[8.5212, 47.3589], [8.5213, 47.3589], [8.5213, 47.3588], [8.5214, 47.3588], [8.5214, 47.3587], [8.5215, 47.3587], [8.5215, 47.3586]], [[8.5215, 47.3586], [8.5216, 47.3585], [8.5216, 47.3584]], [[8.5216, 47.3584], [8.5219, 47.358]], [[8.5219, 47.358], [8.522, 47.3579]], [[8.522, 47.3579], [8.5221, 47.3576], [8.5222, 47.3574], [8.5224, 47.3571]], [[8.5224, 47.3571], [8.5226, 47.3567], [8.5229, 47.3563]], [[8.5229, 47.3563], [8.5233, 47.3557]], [[8.5233, 47.3557], [8.5233, 47.3556]], [[8.5233, 47.3556], [8.5236, 47.3552]], [[8.5236, 47.3552], [8.5239, 47.3546]], [[8.5239, 47.3546], [8.524, 47.3545], [8.524, 47.3544], [8.5241, 47.3544], [8.5241, 47.3543], [8.5242, 47.3542], [8.5243, 47.3541], [8.5244, 47.354], [8.5245, 47.3539]], [[8.5245, 47.3539], [8.5246, 47.3538], [8.5251, 47.3534]], [[8.5251, 47.3534], [8.5251, 47.3533], [8.5252, 47.3533], [8.5252, 47.3532], [8.5253, 47.3532], [8.5254, 47.3531], [8.5255, 47.353], [8.5256, 47.353], [8.5256, 47.3529], [8.5257, 47.3529], [8.5257, 47.3528], [8.5258, 47.3528], [8.5258, 47.3527], [8.5259, 47.3527], [8.5259, 47.3526], [8.526, 47.3526], [8.526, 47.3525], [8.5261, 47.3524], [8.5261, 47.3523], [8.5262, 47.3523]], [[8.5262, 47.3523], [8.5262, 47.3522], [8.5262, 47.3521], [8.5262, 47.352], [8.5263, 47.3519], [8.5263, 47.3518], [8.5263, 47.3517], [8.5263, 47.3516], [8.5262, 47.3515]], [[8.5262, 47.3515], [8.5262, 47.3514], [8.5262, 47.3513], [8.5261, 47.3513], [8.5261, 47.3512], [8.5261, 47.3511], [8.526, 47.351]], [[8.526, 47.351], [8.5259, 47.3509], [8.5259, 47.3508]], [[8.5259, 47.3508], [8.5258, 47.3508], [8.5258, 47.3507], [8.5257, 47.3507], [8.5252, 47.3502], [8.5251, 47.3501], [8.525, 47.35], [8.5249, 47.35], [8.5249, 47.3499], [8.5248, 47.3499], [8.5247, 47.3498], [8.5246, 47.3497]], [[8.5246, 47.3497], [8.5245, 47.3497], [8.5244, 47.3496], [8.5242, 47.3495], [8.524, 47.3493], [8.5239, 47.3493], [8.5238, 47.3491]], [[8.5199, 47.3447], [8.5199, 47.3446], [8.5199, 47.3445], [8.5199, 47.3443]], [[8.5199, 47.3443], [8.5199, 47.3442], [8.5199, 47.3439], [8.5199, 47.3437], [8.52, 47.3434]], [[8.52, 47.3434], [8.52, 47.3433], [8.52, 47.3432], [8.52, 47.3431], [8.5199, 47.343], [8.5199, 47.3429], [8.5199, 47.3425], [8.5199, 47.3423], [8.5199, 47.3421], [8.5198, 47.3417], [8.5198, 47.3416], [8.5198, 47.3414], [8.5198, 47.3406]], [[8.5198, 47.3406], [8.5198, 47.3403], [8.5197, 47.34], [8.5197, 47.3398]], [[8.5196, 47.3361], [8.5196, 47.3358], [8.5196, 47.3356]], [[8.5196, 47.3356], [8.5196, 47.3353], [8.5196, 47.3351], [8.5196, 47.335], [8.5196, 47.3347]], [[8.5196, 47.3347], [8.5196, 47.3345], [8.5196, 47.3344], [8.5196, 47.3343], [8.5196, 47.3342], [8.5196, 47.3341], [8.5195, 47.3341], [8.5195, 47.334], [8.5195, 47.3339], [8.5194, 47.3338], [8.5194, 47.3337], [8.5193, 47.3337], [8.5193, 47.3336], [8.5192, 47.3335]], [[8.5192, 47.3335], [8.5191, 47.3334], [8.519, 47.3333], [8.5189, 47.3332], [8.5187, 47.333]], [[8.5187, 47.333], [8.5182, 47.3326]], [[8.5182, 47.3326], [8.5179, 47.3323]], [[8.5179, 47.3323], [8.5178, 47.3322], [8.5176, 47.3321], [8.5175, 47.3319], [8.5173, 47.3318], [8.5173, 47.3317], [8.5172, 47.3317]], [[8.5239, 47.3137], [8.5238, 47.314]], [[8.5239, 47.3137], [8.524, 47.3136]], [[8.524, 47.3136], [8.5241, 47.3134], [8.5241, 47.3133]], [[8.5241, 47.3133], [8.5241, 47.3132]], [[8.5241, 47.3132], [8.5241, 47.3131]], [[8.5241, 47.3131], [8.5241, 47.313], [8.5241, 47.3129]], [[8.5241, 47.3129], [8.5241, 47.3123]], [[8.5241, 47.3123], [8.5241, 47.3117]], [[8.5241, 47.3117], [8.5241, 47.3115]], [[8.5241, 47.3115], [8.5241, 47.3112]], [[8.5241, 47.3112], [8.5241, 47.311]], [[8.5241, 47.311], [8.5241, 47.3109], [8.5241, 47.3108], [8.5241, 47.3107], [8.5241, 47.3106], [8.5241, 47.3105], [8.5241, 47.3104], [8.5241, 47.3103], [8.5242, 47.3102], [8.5242, 47.31], [8.5242, 47.3099], [8.5243, 47.3097]], [[8.5243, 47.3097], [8.5244, 47.3091], [8.5244, 47.3089], [8.5244, 47.3088], [8.5244, 47.3087]], [[8.5244, 47.3087], [8.5244, 47.3085], [8.5244, 47.3083]], [[8.5439, 47.288], [8.544, 47.288], [8.544, 47.2878], [8.5441, 47.2868], [8.544, 47.2868], [8.5439, 47.2878], [8.5439, 47.288]], [[8.5438, 47.289], [8.5438, 47.2887]], [[8.5438, 47.2887], [8.5438, 47.2886]], [[8.5438, 47.2886], [8.5438, 47.2884]], [[8.5438, 47.2884], [8.5439, 47.2882], [8.5439, 47.288]], [[8.5439, 47.288], [8.544, 47.2874]], [[8.544, 47.2874], [8.544, 47.2868]]]}, "properties": {"ref": "S4", "opened_year": 1990, "is_tunnel": false, "segment_count": 211}}, {"type": "Feature", "geometry": {"type": "MultiLineString", "coordinates": [[[8.5156, 47.1753], [8.5155, 47.1752], [8.5155, 47.1751], [8.5155, 47.1749], [8.5154, 47.1748], [8.5154, 47.1746], [8.5153, 47.1744], [8.5153, 47.1743], [8.5152, 47.1742], [8.5151, 47.1741], [8.515, 47.174], [8.515, 47.1739], [8.5149, 47.1738], [8.5147, 47.1737], [8.5147, 47.1736], [8.5146, 47.1736], [8.5145, 47.1735], [8.5144, 47.1735], [8.5143, 47.1734], [8.5142, 47.1734], [8.5141, 47.1733], [8.514, 47.1733], [8.514, 47.1732], [8.5139, 47.1732], [8.5138, 47.1732], [8.5137, 47.1731], [8.5136, 47.1731], [8.5137, 47.1732], [8.5138, 47.1732], [8.514, 47.1733], [8.5141, 47.1733], [8.5142, 47.1734], [8.5144, 47.1735], [8.5145, 47.1736], [8.5146, 47.1736], [8.5148, 47.1738], [8.5149, 47.174], [8.5151, 47.1741], [8.5152, 47.1742], [8.5152, 47.1743], [8.5153, 47.1745], [8.5152, 47.1745], [8.5154, 47.1748], [8.5154, 47.1749], [8.5155, 47.1751], [8.5155, 47.1752], [8.5155, 47.1753], [8.5156, 47.1753]], [[8.4796, 47.1888], [8.4795, 47.1888], [8.4797, 47.1872], [8.4799, 47.1859], [8.48, 47.1859], [8.4798, 47.1874], [8.4797, 47.188], [8.4796, 47.1884], [8.4796, 47.1888]], [[8.4789, 47.1925], [8.478, 47.1953], [8.4788, 47.1925], [8.4789, 47.1925]], [[8.4658, 47.2221], [8.4664, 47.221], [8.4669, 47.2202], [8.4673, 47.2194], [8.4672, 47.2195], [8.4671, 47.2198], [8.467, 47.2198], [8.467, 47.2199], [8.4669, 47.2201], [8.4668, 47.2202], [8.4667, 47.2205], [8.4666, 47.2207], [8.4665, 47.2207], [8.4664, 47.221], [8.4662, 47.2212], [8.4662, 47.2213], [8.4662, 47.2214], [8.4658, 47.2221]], [[8.4567, 47.2457], [8.4569, 47.2453], [8.457, 47.2449], [8.4572, 47.2442], [8.4574, 47.2438], [8.4576, 47.2432], [8.4576, 47.2431], [8.4576, 47.243], [8.4577, 47.2429], [8.4575, 47.2437], [8.4574, 47.2439], [8.4574, 47.244], [8.4573, 47.2442], [8.457, 47.2449], [8.4569, 47.2453], [8.4567, 47.2457]], [[8.445, 47.2747], [8.4454, 47.275], [8.4457, 47.2753], [8.446, 47.2755], [8.4461, 47.2756], [8.4464, 47.2758], [8.4464, 47.2759], [8.4465, 47.2759], [8.4465, 47.276], [8.4466, 47.276], [8.4466, 47.2761], [8.4467, 47.2761], [8.4469, 47.2763], [8.4474, 47.2768], [8.4475, 47.277], [8.4472, 47.2767], [8.4469, 47.2764], [8.446, 47.2756], [8.4456, 47.2752], [8.4455, 47.2751], [8.4453, 47.275], [8.445, 47.2747]], [[8.4468, 47.2981], [8.4468, 47.298], [8.4467, 47.2981], [8.4466, 47.2982], [8.4465, 47.2983], [8.4464, 47.2984], [8.4463, 47.2985], [8.4462, 47.2986], [8.4452, 47.2994], [8.4443, 47.3001], [8.4442, 47.3002], [8.4443, 47.3002], [8.4444, 47.3001], [8.4445, 47.3], [8.4452, 47.2995], [8.4459, 47.2988], [8.446, 47.2987], [8.4462, 47.2986], [8.4463, 47.2985], [8.4464, 47.2984], [8.4465, 47.2983], [8.4466, 47.2983], [8.4467, 47.2982], [8.4468, 47.2981]], [[8.4678, 47.3245], [8.4678, 47.3249], [8.4678, 47.3252], [8.4679, 47.3259], [8.468, 47.3264], [8.4681, 47.3265], [8.4681, 47.3267], [8.4681, 47.3269], [8.4682, 47.3274], [8.4683, 47.3274], [8.4681, 47.3264], [8.4681, 47.3259], [8.4679, 47.3252], [8.4679, 47.3249], [8.4678, 47.3245]], [[8.4391, 47.3571], [8.4395, 47.357], [8.4393, 47.3571], [8.439, 47.3571], [8.4356, 47.3582], [8.4352, 47.3583], [8.4356, 47.3582], [8.4357, 47.3582], [8.4369, 47.3578], [8.4377, 47.3576], [8.4377, 47.3575], [8.4384, 47.3573], [8.4391, 47.3571]], [[8.4296, 47.3823], [8.4297, 47.3819], [8.4298, 47.3817], [8.4299, 47.3815], [8.4299, 47.3814], [8.43, 47.3812], [8.4302, 47.381], [8.4302, 47.3809], [8.4304, 47.3806], [8.4305, 47.3805], [8.4306, 47.3803], [8.4308, 47.3801], [8.4309, 47.38], [8.4312, 47.3796], [8.4309, 47.38], [8.4308, 47.3801], [8.4307, 47.3803], [8.4304, 47.3806], [8.4302, 47.381], [8.4301, 47.3812], [8.43, 47.3814], [8.4299, 47.3816], [8.4298, 47.3818], [8.4297, 47.3819], [8.4297, 47.3821], [8.4296, 47.3823]], [[8.4333, 47.3905], [8.4335, 47.3906], [8.4337, 47.3907], [8.434, 47.3908], [8.4342, 47.3909], [8.4345, 47.391], [8.4346, 47.391], [8.4347, 47.3911], [8.435, 47.3911], [8.4352, 47.3912], [8.4354, 47.3912], [8.4354, 47.3913], [8.4357, 47.3913], [8.436, 47.3914], [8.4363, 47.3914], [8.4364, 47.3914], [8.4366, 47.3914], [8.4369, 47.3914], [8.4371, 47.3914], [8.4374, 47.3915], [8.4374, 47.3914], [8.4369, 47.3914], [8.4368, 47.3914], [8.4366, 47.3914], [8.4364, 47.3914], [8.4363, 47.3913], [8.4361, 47.3913], [8.4359, 47.3913], [8.4358, 47.3913], [8.4356, 47.3912], [8.4355, 47.3912], [8.4353, 47.3912], [8.4351, 47.3911], [8.4349, 47.3911], [8.4347, 47.391], [8.4345, 47.391], [8.4343, 47.3909], [8.4341, 47.3908], [8.434, 47.3908], [8.4337, 47.3907], [8.4335, 47.3906], [8.4334, 47.3905], [8.4333, 47.3905]], [[8.5152, 47.3858], [8.516, 47.3856], [8.5168, 47.3854], [8.517, 47.3853], [8.517, 47.3854], [8.517, 47.3853], [8.5172, 47.3853], [8.5174, 47.3852], [8.5176, 47.3852], [8.5179, 47.3851], [8.5184, 47.385], [8.5191, 47.3848], [8.5192, 47.3848], [8.5191, 47.3848], [8.5189, 47.3849], [8.5188, 47.3849], [8.5187, 47.3849], [8.5186, 47.385], [8.5185, 47.385], [8.5175, 47.3853], [8.5174, 47.3853], [8.5172, 47.3853], [8.517, 47.3854], [8.5169, 47.3854], [8.5167, 47.3855], [8.5166, 47.3855], [8.5161, 47.3856], [8.516, 47.3856], [8.5152, 47.3858]], [[8.5481, 47.3673], [8.5483, 47.3671], [8.5485, 47.3669], [8.5486, 47.3669], [8.5488, 47.3668], [8.5489, 47.3667], [8.5491, 47.3666], [8.5493, 47.3665], [8.5495, 47.3664], [8.5496, 47.3663], [8.5498, 47.3662], [8.5502, 47.3661], [8.5502, 47.366], [8.5501, 47.366], [8.5498, 47.3662], [8.5495, 47.3663], [8.5494, 47.3663], [8.5492, 47.3664], [8.549, 47.3665], [8.5488, 47.3666], [8.5487, 47.3667], [8.5485, 47.3669], [8.5484, 47.3669], [8.5482, 47.3671], [8.5481, 47.3671], [8.548, 47.3672], [8.5479, 47.3674], [8.5478, 47.3676], [8.548, 47.3674], [8.5481, 47.3673]], [[8.8349, 47.232], [8.835, 47.2322], [8.835, 47.2323], [8.8349, 47.2323], [8.835, 47.2323], [8.8342, 47.2296], [8.8342, 47.2295], [8.8344, 47.23], [8.8345, 47.2306], [8.8346, 47.2307], [8.8346, 47.2308], [8.8348, 47.2314], [8.8349, 47.2319], [8.8349, 47.232]], [[8.7763, 47.2034], [8.7779, 47.2033], [8.7782, 47.2033], [8.7788, 47.2033], [8.7801, 47.2032], [8.7818, 47.2031], [8.7802, 47.2032], [8.7788, 47.2032], [8.7782, 47.2033], [8.7779, 47.2033], [8.7772, 47.2033], [8.7763, 47.2034]], [[8.5156, 47.1758], [8.5156, 47.1754], [8.5156, 47.1752], [8.5155, 47.1751], [8.5155, 47.175], [8.5155, 47.1749]], [[8.5125, 47.1728], [8.5129, 47.1729], [8.5131, 47.173], [8.5134, 47.173], [8.5136, 47.1731], [8.5137, 47.1731], [8.5138, 47.1732], [8.5139, 47.1732], [8.514, 47.1733], [8.5141, 47.1733], [8.5143, 47.1734], [8.5144, 47.1734], [8.5145, 47.1735], [8.5146, 47.1736], [8.5147, 47.1736], [8.5147, 47.1737], [8.5148, 47.1738], [8.5149, 47.1738], [8.515, 47.1739], [8.5151, 47.174], [8.5151, 47.1741], [8.5152, 47.1742], [8.5152, 47.1743], [8.5153, 47.1743], [8.5153, 47.1744], [8.5154, 47.1746], [8.5154, 47.1747], [8.5155, 47.1748], [8.5155, 47.1749]], [[8.5125, 47.1728], [8.5123, 47.1728]], [[8.5123, 47.1728], [8.5122, 47.1728], [8.5121, 47.1728], [8.5119, 47.1728], [8.5118, 47.1727], [8.5117, 47.1727], [8.5116, 47.1728]], [[8.5116, 47.1728], [8.5114, 47.1728], [8.5113, 47.1728], [8.5112, 47.1728], [8.511, 47.1728]], [[8.511, 47.1728], [8.5109, 47.1728], [8.5107, 47.1728]], [[8.5107, 47.1728], [8.5106, 47.1728]], [[8.5106, 47.1728], [8.5104, 47.1729], [8.5103, 47.1729], [8.5102, 47.1729], [8.51, 47.173], [8.5098, 47.173]], [[8.5064, 47.1741], [8.5073, 47.1738], [8.5094, 47.1731], [8.5096, 47.1731], [8.5098, 47.173]], [[8.5061, 47.1742], [8.5062, 47.1741], [8.5064, 47.1741]], [[8.5042, 47.1747], [8.5061, 47.1742]], [[8.5034, 47.175], [8.5042, 47.1747]], [[8.4976, 47.1768], [8.5034, 47.175]], [[8.4973, 47.1769], [8.4976, 47.1768]], [[8.4938, 47.178], [8.4973, 47.1769]], [[8.4937, 47.178], [8.4938, 47.178]], [[8.4841, 47.181], [8.4859, 47.1804], [8.4937, 47.178]], [[8.4839, 47.1811], [8.4841, 47.181]], [[8.4833, 47.1813], [8.4834, 47.1812], [8.4836, 47.1812], [8.4839, 47.1811]], [[8.4832, 47.1813], [8.4833, 47.1813]], [[8.48, 47.1847], [8.4801, 47.1845], [8.4801, 47.1844], [8.4801, 47.1843], [8.4801, 47.1842], [8.4801, 47.1841], [8.4802, 47.184], [8.4802, 47.1839], [8.4802, 47.1838], [8.4803, 47.1837], [8.4804, 47.1835], [8.4804, 47.1834], [8.4805, 47.1833], [8.4805, 47.1832], [8.4806, 47.1831], [8.4807, 47.183], [8.4808, 47.1828], [8.4809, 47.1827], [8.481, 47.1827], [8.4811, 47.1826], [8.4811, 47.1825], [8.4812, 47.1824], [8.4813, 47.1823], [8.4814, 47.1823], [8.4815, 47.1822], [8.4817, 47.182], [8.4818, 47.182], [8.4819, 47.1819], [8.482, 47.1818], [8.4821, 47.1818], [8.4823, 47.1817], [8.4824, 47.1816], [8.4825, 47.1816], [8.4827, 47.1815], [8.4828, 47.1814], [8.4829, 47.1814], [8.4832, 47.1813]], [[8.48, 47.1852], [8.48, 47.1847]], [[8.4795, 47.1892], [8.4795, 47.1889], [8.4795, 47.1888], [8.4796, 47.1881], [8.4797, 47.1872], [8.4799, 47.1859], [8.4799, 47.1857], [8.48, 47.1852]], [[8.4794, 47.1894], [8.4795, 47.1892]], [[8.4793, 47.1908], [8.4794, 47.1898], [8.4794, 47.1894]], [[8.4777, 47.1963], [8.4777, 47.1962], [8.4778, 47.1961], [8.4778, 47.196], [8.4779, 47.1959], [8.4779, 47.1957], [8.4781, 47.1953], [8.4783, 47.1944], [8.4786, 47.1935], [8.4787, 47.1931], [8.4789, 47.1927], [8.479, 47.1924], [8.479, 47.1923], [8.479, 47.1922], [8.479, 47.1921], [8.4791, 47.192], [8.4791, 47.1918], [8.4791, 47.1917], [8.4792, 47.1915], [8.4792, 47.1913], [8.4793, 47.1908]], [[8.4773, 47.1971], [8.4774, 47.1969], [8.4775, 47.1967], [8.4776, 47.1965], [8.4777, 47.1963]], [[8.4772, 47.1973], [8.4773, 47.1971]], [[8.472, 47.206], [8.4729, 47.2044], [8.4772, 47.1973]], [[8.4685, 47.2174], [8.469, 47.2164], [8.4691, 47.2162], [8.4693, 47.2159], [8.4694, 47.2157], [8.4695, 47.2155], [8.4696, 47.2153], [8.4696, 47.215], [8.4697, 47.2149], [8.4697, 47.2148], [8.4697, 47.2147], [8.4698, 47.2145], [8.4702, 47.2127], [8.4702, 47.2125], [8.4703, 47.2122], [8.4703, 47.212], [8.4704, 47.2117], [8.4707, 47.2099], [8.4708, 47.2089], [8.471, 47.2084], [8.4711, 47.208], [8.4712, 47.2077], [8.4713, 47.2074], [8.4714, 47.2071], [8.4716, 47.2068], [8.4717, 47.2066], [8.4718, 47.2063], [8.472, 47.206]], [[8.4653, 47.2232], [8.4655, 47.2227], [8.4657, 47.2224], [8.4658, 47.2221], [8.466, 47.2219], [8.4667, 47.2205], [8.4679, 47.2183], [8.4685, 47.2174]], [[8.4646, 47.2244], [8.4651, 47.2235], [8.4653, 47.2232]], [[8.4645, 47.2246], [8.4646, 47.2244]], [[8.4598, 47.23], [8.4599, 47.2298], [8.4599, 47.2297], [8.46, 47.2295], [8.46, 47.2294], [8.4601, 47.2293], [8.4601, 47.2292], [8.4602, 47.2291], [8.4602, 47.229], [8.4603, 47.2289], [8.4604, 47.2288], [8.4604, 47.2287], [8.4605, 47.2286], [8.4606, 47.2285], [8.4607, 47.2284], [8.4607, 47.2283], [8.4608, 47.2283], [8.4609, 47.2281], [8.461, 47.228], [8.4612, 47.2279], [8.4613, 47.2278], [8.4614, 47.2277], [8.4616, 47.2275], [8.4618, 47.2274], [8.462, 47.2273], [8.4622, 47.2271], [8.4626, 47.2268], [8.4628, 47.2267], [8.4629, 47.2266], [8.463, 47.2265], [8.4632, 47.2264], [8.4632, 47.2263], [8.4633, 47.2263], [8.4634, 47.2262], [8.4635, 47.2261], [8.4636, 47.226], [8.4636, 47.2259], [8.4637, 47.2258], [8.4638, 47.2257], [8.4639, 47.2256], [8.464, 47.2254], [8.4641, 47.2253], [8.4642, 47.2252], [8.4645, 47.2246]], [[8.4583, 47.2342], [8.4592, 47.2317], [8.4595, 47.231]], [[8.4573, 47.2405], [8.4571, 47.2401], [8.4571, 47.2399], [8.457, 47.2398], [8.457, 47.2396], [8.4569, 47.2394], [8.4569, 47.2392], [8.4569, 47.239], [8.4569, 47.2388], [8.4568, 47.2387], [8.4569, 47.2386], [8.4569, 47.2384], [8.4569, 47.2383], [8.4569, 47.2381], [8.4569, 47.238], [8.4569, 47.2378], [8.457, 47.2377], [8.457, 47.2375], [8.4571, 47.2374], [8.4572, 47.2371], [8.4583, 47.2342]], [[8.4577, 47.2417], [8.4576, 47.2416], [8.4576, 47.2415], [8.4576, 47.2414], [8.4575, 47.2412], [8.4573, 47.2405]], [[8.4572, 47.2441], [8.4575, 47.2432], [8.4576, 47.2431], [8.4576, 47.243], [8.4576, 47.2429], [8.4577, 47.2428], [8.4577, 47.2427], [8.4577, 47.2426], [8.4577, 47.2425], [8.4577, 47.2424], [8.4577, 47.2423], [8.4577, 47.2422], [8.4577, 47.2421], [8.4577, 47.242], [8.4577, 47.2419], [8.4577, 47.2418], [8.4577, 47.2417]], [[8.4544, 47.2488], [8.4545, 47.2488], [8.4546, 47.2487], [8.4548, 47.2486], [8.4548, 47.2485], [8.4549, 47.2484], [8.455, 47.2483], [8.4552, 47.2482], [8.4553, 47.2481], [8.4554, 47.248], [8.4555, 47.2479], [8.4556, 47.2478], [8.4557, 47.2477], [8.4557, 47.2476], [8.4558, 47.2475], [8.4559, 47.2473], [8.456, 47.2472], [8.4561, 47.2471], [8.4561, 47.247], [8.4562, 47.2469], [8.4562, 47.2468], [8.4563, 47.2467], [8.4564, 47.2466], [8.4564, 47.2464], [8.4565, 47.2463], [8.4565, 47.2462], [8.4566, 47.2461], [8.4567, 47.2457], [8.4572, 47.2441]], [[8.4407, 47.2663], [8.4407, 47.2661], [8.4407, 47.2659], [8.4407, 47.2658], [8.4408, 47.2657], [8.4408, 47.2655], [8.4408, 47.2654], [8.4409, 47.2652], [8.4409, 47.2651], [8.441, 47.2649], [8.441, 47.2647], [8.4411, 47.2646], [8.4412, 47.2642], [8.4431, 47.2591], [8.4432, 47.2589], [8.4433, 47.2587], [8.4434, 47.2586], [8.4434, 47.2585], [8.4435, 47.2583], [8.4436, 47.2582], [8.4437, 47.258], [8.4437, 47.2579], [8.4439, 47.2578], [8.4439, 47.2577], [8.444, 47.2576], [8.4441, 47.2575], [8.4443, 47.2573], [8.4479, 47.2531], [8.448, 47.253], [8.448, 47.2529], [8.4481, 47.2528], [8.4482, 47.2527], [8.4483, 47.2526], [8.4484, 47.2525], [8.4485, 47.2524], [8.4486, 47.2523], [8.4487, 47.2522], [8.4488, 47.2521], [8.4489, 47.252], [8.449, 47.252], [8.4491, 47.2519], [8.4492, 47.2518], [8.4493, 47.2517], [8.4494, 47.2517], [8.4494, 47.2516], [8.4495, 47.2516], [8.4496, 47.2515], [8.4497, 47.2515], [8.4498, 47.2514], [8.4499, 47.2513], [8.4502, 47.2512], [8.4504, 47.2511], [8.4533, 47.2495], [8.4534, 47.2494], [8.4536, 47.2493], [8.4538, 47.2492], [8.454, 47.2491], [8.4541, 47.249], [8.4543, 47.2489], [8.4544, 47.2488]], [[8.4406, 47.2664], [8.4407, 47.2663]], [[8.4432, 47.2731], [8.443, 47.2729], [8.443, 47.2728], [8.4429, 47.2727], [8.4428, 47.2726], [8.4426, 47.2724], [8.4425, 47.2723], [8.4423, 47.2721], [8.4422, 47.2719], [8.4421, 47.2717], [8.442, 47.2715], [8.4419, 47.2714], [8.4418, 47.2713], [8.4417, 47.2711], [8.4416, 47.2709], [8.4415, 47.2707], [8.4414, 47.2705], [8.4413, 47.2704], [8.4413, 47.2702], [8.4412, 47.2701], [8.4412, 47.27], [8.4411, 47.2699], [8.4411, 47.2698], [8.4411, 47.2697], [8.441, 47.2695], [8.4409, 47.2693], [8.4409, 47.2691], [8.4408, 47.2689], [8.4408, 47.2687], [8.4407, 47.2685], [8.4407, 47.2683], [8.4407, 47.2682], [8.4407, 47.268], [8.4406, 47.2678], [8.4406, 47.2676], [8.4406, 47.2674], [8.4406, 47.2672], [8.4406, 47.267], [8.4406, 47.2669], [8.4406, 47.2668], [8.4406, 47.2667], [8.4406, 47.2665], [8.4406, 47.2664]], [[8.4433, 47.2732], [8.4432, 47.2731]], [[8.4484, 47.278], [8.4482, 47.2778], [8.4478, 47.2773], [8.4475, 47.277], [8.4474, 47.2769], [8.4472, 47.2767], [8.4469, 47.2764], [8.4465, 47.2761], [8.4456, 47.2752], [8.4454, 47.2751], [8.4453, 47.275], [8.445, 47.2747], [8.4441, 47.2739], [8.444, 47.2738], [8.4439, 47.2738], [8.4438, 47.2736], [8.4437, 47.2736], [8.4436, 47.2735], [8.4433, 47.2732]], [[8.4502, 47.2803], [8.4499, 47.28], [8.4498, 47.2798], [8.4497, 47.2796], [8.4496, 47.2794], [8.4495, 47.2792], [8.4493, 47.279], [8.4492, 47.2789], [8.4491, 47.2787], [8.449, 47.2786], [8.4489, 47.2784], [8.4487, 47.2783], [8.4486, 47.2782], [8.4484, 47.278]], [[8.4503, 47.2805], [8.4502, 47.2803]], [[8.4517, 47.283], [8.4517, 47.2829], [8.4516, 47.2828], [8.4516, 47.2827], [8.4515, 47.2826], [8.4515, 47.2825], [8.4514, 47.2824], [8.4514, 47.2823], [8.4512, 47.2821], [8.4503, 47.2805]], [[8.4518, 47.2831], [8.4517, 47.283]], [[8.4522, 47.2854], [8.4522, 47.2852], [8.4522, 47.2851], [8.4522, 47.2849], [8.4522, 47.2847], [8.4522, 47.2846], [8.4521, 47.2844], [8.4521, 47.2843], [8.4521, 47.2842], [8.4521, 47.284], [8.452, 47.2839], [8.452, 47.2838], [8.452, 47.2836], [8.4519, 47.2835], [8.4519, 47.2833], [8.4518, 47.2832], [8.4518, 47.2831]], [[8.4522, 47.2855], [8.4522, 47.2854]], [[8.4476, 47.295], [8.4478, 47.2939], [8.4478, 47.2936], [8.4478, 47.2935], [8.4478, 47.2934], [8.4478, 47.2932], [8.4479, 47.2931], [8.4479, 47.293], [8.4479, 47.2928], [8.448, 47.2927], [8.448, 47.2926], [8.448, 47.2925], [8.4481, 47.2924], [8.4481, 47.2922], [8.4482, 47.2921], [8.4483, 47.292], [8.4483, 47.2918], [8.4484, 47.2918], [8.4484, 47.2916], [8.4485, 47.2915], [8.4486, 47.2914], [8.4487, 47.2913], [8.4487, 47.2912], [8.4488, 47.2912], [8.4489, 47.2911], [8.449, 47.291], [8.4491, 47.2908], [8.4492, 47.2907], [8.4493, 47.2906], [8.4494, 47.2905], [8.4495, 47.2904], [8.4497, 47.2902], [8.4499, 47.29], [8.45, 47.2899], [8.4502, 47.2898], [8.4503, 47.2896], [8.4504, 47.2895], [8.4506, 47.2894], [8.4507, 47.2892], [8.4508, 47.2891], [8.4509, 47.289], [8.4509, 47.2889], [8.4511, 47.2887], [8.4512, 47.2886], [8.4512, 47.2884], [8.4513, 47.2883], [8.4514, 47.2882], [8.4515, 47.288], [8.4516, 47.2878], [8.4516, 47.2877], [8.4517, 47.2875], [8.4518, 47.2874], [8.4518, 47.2872], [8.4519, 47.2871], [8.4519, 47.287], [8.452, 47.2868], [8.452, 47.2867], [8.4521, 47.2865], [8.4521, 47.2863], [8.4521, 47.2862], [8.4521, 47.286], [8.4522, 47.2859], [8.4522, 47.2857], [8.4522, 47.2856], [8.4522, 47.2855]], [[8.4476, 47.2955], [8.4476, 47.295]], [[8.4476, 47.2956], [8.4476, 47.2955]], [[8.4425, 47.3023], [8.4425, 47.3021], [8.4426, 47.302], [8.4426, 47.3019], [8.4427, 47.3018], [8.4428, 47.3017], [8.4428, 47.3016], [8.4428, 47.3015], [8.4429, 47.3015], [8.4429, 47.3014], [8.443, 47.3014], [8.443, 47.3013], [8.4431, 47.3013], [8.4431, 47.3012], [8.4432, 47.3011], [8.4432, 47.301], [8.4433, 47.301], [8.4434, 47.3009], [8.4435, 47.3008], [8.4436, 47.3007], [8.4437, 47.3006], [8.4441, 47.3003], [8.4442, 47.3002], [8.4457, 47.2989], [8.4461, 47.2986], [8.4463, 47.2985], [8.4464, 47.2984], [8.4465, 47.2983], [8.4466, 47.2982], [8.4467, 47.2981], [8.4468, 47.298], [8.4468, 47.2979], [8.4469, 47.2979], [8.447, 47.2978], [8.447, 47.2977], [8.4471, 47.2976], [8.4471, 47.2975], [8.4472, 47.2975], [8.4472, 47.2974], [8.4473, 47.2973], [8.4473, 47.2972], [8.4474, 47.2971], [8.4474, 47.297], [8.4474, 47.2969], [8.4475, 47.2968], [8.4475, 47.2967], [8.4475, 47.2966], [8.4475, 47.2965], [8.4475, 47.2964], [8.4476, 47.2962], [8.4476, 47.2961], [8.4476, 47.2958], [8.4476, 47.2956]], [[8.4429, 47.305], [8.4428, 47.3049], [8.4428, 47.3048], [8.4427, 47.3047], [8.4427, 47.3046], [8.4426, 47.3045], [8.4426, 47.3044], [8.4425, 47.3043], [8.4425, 47.3042], [8.4425, 47.3041], [8.4424, 47.304], [8.4424, 47.3039], [8.4424, 47.3038], [8.4424, 47.3037], [8.4423, 47.3036], [8.4423, 47.3035], [8.4423, 47.3033], [8.4423, 47.3032], [8.4423, 47.3031], [8.4423, 47.303], [8.4423, 47.3029], [8.4423, 47.3028], [8.4424, 47.3027], [8.4424, 47.3026], [8.4424, 47.3025], [8.4424, 47.3024], [8.4424, 47.3023], [8.4425, 47.3023]], [[8.4431, 47.3052], [8.443, 47.3051], [8.4429, 47.305]], [[8.45, 47.3083], [8.4487, 47.3078], [8.4482, 47.3077], [8.4477, 47.3075], [8.4466, 47.3071], [8.4462, 47.307], [8.4458, 47.3069], [8.4457, 47.3069], [8.4455, 47.3068], [8.4453, 47.3067], [8.4452, 47.3067], [8.4451, 47.3066], [8.4449, 47.3066], [8.4448, 47.3065], [8.4447, 47.3064], [8.4445, 47.3064], [8.4444, 47.3063], [8.4443, 47.3063], [8.4442, 47.3062], [8.444, 47.3061], [8.4439, 47.306], [8.4438, 47.3059], [8.4436, 47.3058], [8.4436, 47.3057], [8.4435, 47.3057], [8.4434, 47.3056], [8.4433, 47.3055], [8.4432, 47.3054], [8.4432, 47.3053], [8.4431, 47.3053], [8.4431, 47.3052]], [[8.4619, 47.3172], [8.4616, 47.3171], [8.4614, 47.3171], [8.4612, 47.3171], [8.4611, 47.317], [8.461, 47.317], [8.4608, 47.317], [8.4606, 47.3169], [8.4605, 47.3169], [8.4604, 47.3169], [8.4603, 47.3168], [8.4602, 47.3168], [8.46, 47.3167], [8.4599, 47.3167], [8.4598, 47.3166], [8.4597, 47.3166], [8.4595, 47.3165], [8.4594, 47.3165], [8.4593, 47.3164], [8.4592, 47.3164], [8.4591, 47.3163], [8.459, 47.3163], [8.4589, 47.3162], [8.4588, 47.3161], [8.4586, 47.316], [8.4585, 47.316], [8.4584, 47.3159], [8.4583, 47.3158], [8.4582, 47.3157], [8.4581, 47.3156], [8.458, 47.3156], [8.4579, 47.3155], [8.4578, 47.3154], [8.4577, 47.3153], [8.4576, 47.3152], [8.4576, 47.3151], [8.4575, 47.315], [8.4574, 47.3149], [8.4573, 47.3149], [8.4573, 47.3148], [8.4572, 47.3147], [8.4572, 47.3146], [8.4571, 47.3145], [8.4571, 47.3144], [8.457, 47.3143], [8.457, 47.3142], [8.4569, 47.3141], [8.4569, 47.314], [8.4568, 47.3138], [8.4568, 47.3137], [8.4566, 47.3132], [8.4565, 47.3129], [8.4565, 47.3128], [8.4564, 47.3127], [8.4564, 47.3126], [8.4564, 47.3125], [8.4563, 47.3124], [8.4563, 47.3123], [8.4562, 47.3122], [8.4562, 47.3121], [8.4561, 47.312], [8.4561, 47.3119], [8.456, 47.3117], [8.4559, 47.3116], [8.4559, 47.3115], [8.4557, 47.3114], [8.4556, 47.3112], [8.4555, 47.3111], [8.4554, 47.311], [8.4553, 47.3109], [8.4552, 47.3108], [8.4551, 47.3107], [8.455, 47.3106], [8.4549, 47.3105], [8.4548, 47.3104], [8.4548, 47.3103], [8.4547, 47.3103], [8.4546, 47.3102], [8.4545, 47.3102], [8.4545, 47.3101], [8.4544, 47.3101], [8.4543, 47.31], [8.4542, 47.31], [8.4542, 47.3099], [8.4541, 47.3099], [8.454, 47.3098], [8.4538, 47.3097], [8.4537, 47.3097], [8.4536, 47.3096], [8.4535, 47.3095], [8.4534, 47.3095], [8.4533, 47.3094], [8.4532, 47.3094], [8.4531, 47.3093], [8.4529, 47.3093], [8.4528, 47.3092], [8.4527, 47.3092], [8.4525, 47.3091], [8.4524, 47.3091], [8.4522, 47.309], [8.452, 47.3089], [8.4518, 47.3089], [8.4516, 47.3088], [8.45, 47.3083]], [[8.4619, 47.3172], [8.4622, 47.3172], [8.4622, 47.3173], [8.4624, 47.3173], [8.4626, 47.3173], [8.4627, 47.3174], [8.4629, 47.3174], [8.463, 47.3174], [8.4632, 47.3175], [8.4634, 47.3175], [8.4635, 47.3176], [8.4636, 47.3176], [8.4638, 47.3176], [8.4639, 47.3177], [8.464, 47.3177], [8.4642, 47.3178], [8.4643, 47.3178], [8.4644, 47.3179], [8.4646, 47.3179], [8.4647, 47.318], [8.4648, 47.318], [8.4649, 47.3181], [8.465, 47.3182], [8.4652, 47.3182], [8.4653, 47.3183], [8.4654, 47.3183], [8.4655, 47.3184]], [[8.4655, 47.3184], [8.4656, 47.3185]], [[8.4656, 47.3185], [8.4657, 47.3186], [8.4659, 47.3187], [8.4661, 47.3189], [8.4662, 47.3191], [8.4664, 47.3193], [8.4666, 47.3195], [8.4667, 47.3196], [8.4668, 47.3198], [8.4669, 47.32], [8.467, 47.3202], [8.4671, 47.3205], [8.4671, 47.3207], [8.4672, 47.3209], [8.4672, 47.3212], [8.4677, 47.3241]], [[8.4677, 47.3241], [8.4677, 47.3245], [8.4678, 47.3248], [8.4678, 47.325], [8.4679, 47.3256], [8.468, 47.3262], [8.4681, 47.3267], [8.4681, 47.3269], [8.4682, 47.3274], [8.4683, 47.3277], [8.4683, 47.3279]], [[8.4683, 47.3279], [8.4683, 47.3281], [8.4683, 47.3284], [8.4683, 47.3287]], [[8.4683, 47.3287], [8.4682, 47.3292], [8.4682, 47.3294], [8.4681, 47.3297], [8.468, 47.3301], [8.4665, 47.3347]], [[8.465, 47.3392], [8.4651, 47.3389], [8.4652, 47.3388], [8.4652, 47.3385], [8.4664, 47.335], [8.4665, 47.3347]], [[8.4648, 47.3428], [8.4647, 47.3426], [8.4647, 47.3425], [8.4647, 47.3422], [8.4646, 47.342], [8.4646, 47.3416], [8.4646, 47.3414], [8.4646, 47.3412], [8.4646, 47.341], [8.4646, 47.3408], [8.4647, 47.3404], [8.4647, 47.3402], [8.4648, 47.3399], [8.4649, 47.3396], [8.465, 47.3392]], [[8.4656, 47.3454], [8.4652, 47.3441], [8.465, 47.3434], [8.4649, 47.3431], [8.4648, 47.3428]], [[8.467, 47.3496], [8.467, 47.3499], [8.4671, 47.35], [8.4671, 47.3501], [8.4671, 47.3503], [8.4671, 47.3504], [8.4671, 47.3505], [8.467, 47.3507], [8.467, 47.3509], [8.467, 47.351], [8.4669, 47.3512], [8.4669, 47.3513], [8.4668, 47.3515], [8.4667, 47.3516], [8.4666, 47.3518], [8.4665, 47.3519], [8.4664, 47.352], [8.4663, 47.3521], [8.4661, 47.3523], [8.466, 47.3524], [8.4658, 47.3525], [8.4656, 47.3527], [8.4654, 47.3528]], [[8.4654, 47.3528], [8.4652, 47.3529], [8.465, 47.353], [8.4648, 47.3531], [8.4645, 47.3532], [8.4642, 47.3533], [8.4638, 47.3534], [8.4635, 47.3535], [8.4631, 47.3536], [8.4627, 47.3537], [8.4625, 47.3537], [8.4621, 47.3538], [8.4619, 47.3538], [8.4617, 47.3538], [8.4615, 47.3539], [8.4614, 47.3539], [8.4611, 47.3539], [8.4608, 47.3539], [8.4606, 47.3539], [8.4603, 47.3539], [8.46, 47.3538], [8.4593, 47.3538], [8.4589, 47.3538], [8.4585, 47.3538], [8.4582, 47.3538], [8.4579, 47.3538], [8.4576, 47.3538], [8.4573, 47.3538], [8.4569, 47.3539], [8.4557, 47.3541], [8.4554, 47.3541], [8.4551, 47.3542], [8.4548, 47.3542], [8.4545, 47.3543], [8.4541, 47.3544], [8.4538, 47.3545], [8.4535, 47.3546], [8.4533, 47.3547], [8.453, 47.3548], [8.4527, 47.3549], [8.4525, 47.355], [8.4522, 47.3552], [8.4518, 47.3554], [8.4515, 47.3556], [8.4504, 47.3563], [8.4502, 47.3564], [8.45, 47.3565], [8.4497, 47.3567], [8.4494, 47.3568], [8.4491, 47.3569], [8.4488, 47.357], [8.4485, 47.3571], [8.4482, 47.3571], [8.4478, 47.3572], [8.4475, 47.3573], [8.4473, 47.3573], [8.4469, 47.3573], [8.4465, 47.3573], [8.4462, 47.3573], [8.4458, 47.3573], [8.4455, 47.3573], [8.4451, 47.3572], [8.4448, 47.3572], [8.4444, 47.3571], [8.4437, 47.3569], [8.4434, 47.3569], [8.4431, 47.3568], [8.4429, 47.3568], [8.4425, 47.3567], [8.4423, 47.3567], [8.442, 47.3567], [8.4417, 47.3567], [8.4414, 47.3567]], [[8.4351, 47.3583], [8.4353, 47.3583], [8.4357, 47.3581], [8.4376, 47.3576], [8.439, 47.3571], [8.4395, 47.357], [8.4396, 47.3569], [8.4397, 47.3569], [8.44, 47.3568], [8.4404, 47.3568], [8.4408, 47.3567], [8.4414, 47.3567]], [[8.4333, 47.3594], [8.4335, 47.3593], [8.4336, 47.3591], [8.4339, 47.3589], [8.4342, 47.3587], [8.4345, 47.3586], [8.4349, 47.3584], [8.4351, 47.3583]], [[8.4333, 47.3594], [8.4331, 47.3596], [8.433, 47.3597]], [[8.433, 47.3597], [8.4327, 47.3603], [8.4325, 47.3606], [8.4323, 47.361], [8.4321, 47.3613], [8.432, 47.3617], [8.4318, 47.362], [8.4318, 47.3624], [8.4317, 47.3627], [8.4316, 47.363], [8.4316, 47.3633], [8.4316, 47.3637], [8.4316, 47.364], [8.4316, 47.3642], [8.4317, 47.3643], [8.4317, 47.3646], [8.4319, 47.3653], [8.4327, 47.3684], [8.4333, 47.3704], [8.4334, 47.3709], [8.4335, 47.3714], [8.4336, 47.3718], [8.4336, 47.3723], [8.4335, 47.3727], [8.4332, 47.3759], [8.4331, 47.3765], [8.433, 47.3769], [8.4329, 47.3772]], [[8.4406, 47.3916], [8.4392, 47.3915], [8.4372, 47.3914], [8.4369, 47.3914], [8.4366, 47.3914], [8.4363, 47.3913], [8.4359, 47.3913], [8.4356, 47.3912], [8.4354, 47.3912], [8.4351, 47.3911], [8.4347, 47.391], [8.4343, 47.3909], [8.434, 47.3908], [8.4336, 47.3906], [8.4333, 47.3905], [8.4331, 47.3904], [8.4329, 47.3902], [8.4326, 47.3901], [8.4324, 47.3899], [8.4321, 47.3897], [8.4319, 47.3896], [8.4317, 47.3894], [8.4315, 47.3892], [8.4312, 47.3889], [8.4309, 47.3885], [8.4306, 47.3882], [8.4305, 47.3878], [8.4301, 47.3871], [8.4299, 47.3866], [8.4298, 47.3863], [8.4297, 47.3861], [8.4296, 47.3859], [8.4295, 47.3857], [8.4294, 47.3852], [8.4294, 47.3849], [8.4293, 47.3846], [8.4293, 47.3842], [8.4293, 47.3838], [8.4294, 47.3836], [8.4294, 47.3833], [8.4294, 47.3831], [8.4295, 47.3828], [8.4296, 47.3826], [8.4296, 47.3823], [8.4298, 47.382], [8.4299, 47.3816], [8.4301, 47.3812], [8.4302, 47.381], [8.4304, 47.3807], [8.4307, 47.3803], [8.4311, 47.3798], [8.4317, 47.3791], [8.432, 47.3787], [8.4322, 47.3784], [8.4325, 47.3781], [8.4326, 47.3778], [8.4328, 47.3775], [8.4329, 47.3772]], [[8.4406, 47.3916], [8.4448, 47.3919], [8.4449, 47.3919], [8.445, 47.3919], [8.4452, 47.3919], [8.4453, 47.3919], [8.4454, 47.3919], [8.4455, 47.392], [8.4456, 47.392], [8.4457, 47.392], [8.4458, 47.392], [8.446, 47.392], [8.4461, 47.3921], [8.4462, 47.3921], [8.4464, 47.3921], [8.4465, 47.3922], [8.4467, 47.3922], [8.4468, 47.3922], [8.4469, 47.3923], [8.447, 47.3923], [8.4472, 47.3923], [8.4473, 47.3924], [8.4474, 47.3924], [8.4475, 47.3925], [8.4477, 47.3925], [8.4477, 47.3926], [8.4478, 47.3926], [8.4479, 47.3926], [8.448, 47.3927], [8.4481, 47.3927], [8.4483, 47.3928], [8.4484, 47.3929], [8.4485, 47.3929], [8.4486, 47.393], [8.4488, 47.3931], [8.4488, 47.3932], [8.4489, 47.3932], [8.449, 47.3933], [8.4491, 47.3934], [8.4492, 47.3934], [8.4493, 47.3935], [8.4494, 47.3936], [8.4495, 47.3937], [8.4496, 47.3938], [8.4498, 47.3939], [8.4498, 47.394], [8.45, 47.3942], [8.4502, 47.3943], [8.4503, 47.3944], [8.4504, 47.3945], [8.4505, 47.3946], [8.4506, 47.3947], [8.4507, 47.3948], [8.4508, 47.3949], [8.4509, 47.395], [8.4511, 47.395], [8.4512, 47.3951], [8.4514, 47.3952], [8.4515, 47.3953], [8.4516, 47.3954], [8.4518, 47.3954], [8.4519, 47.3955], [8.452, 47.3955], [8.4521, 47.3956], [8.4523, 47.3957], [8.4524, 47.3957], [8.4525, 47.3957], [8.4526, 47.3958], [8.4528, 47.3958], [8.4529, 47.3959], [8.4531, 47.3959], [8.4532, 47.3959], [8.4533, 47.396], [8.4534, 47.396], [8.4536, 47.396], [8.4538, 47.3961], [8.4539, 47.3961], [8.4541, 47.3961], [8.4542, 47.3961], [8.4543, 47.3961], [8.4544, 47.3962], [8.4545, 47.3962], [8.4547, 47.3962], [8.4548, 47.3962], [8.4549, 47.3962], [8.455, 47.3962], [8.4552, 47.3962], [8.4553, 47.3962], [8.4554, 47.3962], [8.4555, 47.3962], [8.4556, 47.3962], [8.4558, 47.3962], [8.4559, 47.3962], [8.456, 47.3962], [8.4561, 47.3962], [8.4563, 47.3962], [8.4564, 47.3962], [8.4566, 47.3962], [8.4567, 47.3961], [8.4568, 47.3961], [8.4569, 47.3961], [8.4572, 47.3961], [8.4573, 47.396], [8.4629, 47.3952], [8.4631, 47.3951], [8.4633, 47.3951], [8.4634, 47.3951], [8.4635, 47.3951], [8.4636, 47.3951], [8.4637, 47.395], [8.4639, 47.395], [8.464, 47.395], [8.4642, 47.395], [8.4643, 47.395], [8.4644, 47.395], [8.4649, 47.3949], [8.4662, 47.3948], [8.4665, 47.3948], [8.4667, 47.3948], [8.4669, 47.3947], [8.467, 47.3947], [8.4671, 47.3947], [8.4673, 47.3947], [8.4674, 47.3947], [8.4676, 47.3946], [8.4677, 47.3946], [8.468, 47.3945], [8.4682, 47.3945], [8.4684, 47.3944], [8.4686, 47.3944], [8.4688, 47.3943], [8.469, 47.3943], [8.4691, 47.3942], [8.4693, 47.3942], [8.4694, 47.3942], [8.4696, 47.3941], [8.4697, 47.394], [8.4699, 47.394], [8.4701, 47.3939], [8.4703, 47.3938], [8.4704, 47.3938], [8.4706, 47.3937], [8.4735, 47.3925]], [[8.4779, 47.3916], [8.4777, 47.3916], [8.4775, 47.3916], [8.4774, 47.3916], [8.4772, 47.3917], [8.4771, 47.3917], [8.477, 47.3917], [8.4768, 47.3917], [8.4767, 47.3917], [8.4766, 47.3917], [8.4765, 47.3917], [8.4764, 47.3917], [8.4763, 47.3917], [8.4762, 47.3918], [8.476, 47.3918], [8.4759, 47.3918], [8.4758, 47.3918], [8.4757, 47.3918], [8.4756, 47.3919], [8.4754, 47.3919], [8.4752, 47.3919], [8.4751, 47.392], [8.4749, 47.392], [8.4748, 47.3921], [8.4746, 47.3921], [8.4745, 47.3922], [8.4743, 47.3922], [8.4741, 47.3923], [8.474, 47.3923], [8.4739, 47.3924], [8.4737, 47.3924], [8.4735, 47.3925]], [[8.4783, 47.3916], [8.4782, 47.3916], [8.4781, 47.3916], [8.478, 47.3916], [8.4779, 47.3916]], [[8.479, 47.3917], [8.4789, 47.3917], [8.4787, 47.3917], [8.4786, 47.3917], [8.4784, 47.3916], [8.4783, 47.3916]], [[8.479, 47.3917], [8.4791, 47.3917], [8.4792, 47.3917], [8.4793, 47.3917], [8.4794, 47.3917], [8.4795, 47.3918], [8.4796, 47.3918], [8.4797, 47.3918], [8.4799, 47.3918], [8.4801, 47.3919], [8.4802, 47.3919], [8.4803, 47.3919], [8.4805, 47.3919], [8.4837, 47.3924], [8.4839, 47.3924], [8.484, 47.3924], [8.4842, 47.3925], [8.4844, 47.3925], [8.4846, 47.3925], [8.4847, 47.3925], [8.4849, 47.3925]], [[8.4849, 47.3925], [8.485, 47.3925], [8.4851, 47.3925], [8.4852, 47.3925], [8.4853, 47.3925], [8.4854, 47.3925], [8.4856, 47.3925], [8.4857, 47.3924], [8.4858, 47.3924], [8.486, 47.3924], [8.4863, 47.3924], [8.4865, 47.3923], [8.4866, 47.3923], [8.4867, 47.3923], [8.4869, 47.3923], [8.487, 47.3923], [8.4871, 47.3922], [8.4872, 47.3922], [8.4874, 47.3922]], [[8.4874, 47.3922], [8.4892, 47.3917], [8.4899, 47.3915], [8.4903, 47.3914], [8.4907, 47.3913], [8.491, 47.3912], [8.4914, 47.391]], [[8.4914, 47.391], [8.4919, 47.3909], [8.4922, 47.3908], [8.4927, 47.3907]], [[8.4927, 47.3907], [8.4931, 47.3906], [8.4933, 47.3905], [8.4935, 47.3905], [8.4938, 47.3904], [8.4942, 47.3903], [8.4949, 47.3902], [8.4953, 47.3901], [8.4955, 47.3901], [8.4957, 47.3901], [8.4961, 47.39], [8.4963, 47.39], [8.4966, 47.3899]], [[8.4966, 47.3899], [8.4968, 47.3899], [8.4972, 47.3899], [8.4976, 47.3898]], [[8.4976, 47.3898], [8.4982, 47.3898], [8.4989, 47.3897], [8.4992, 47.3897], [8.4996, 47.3896], [8.5, 47.3896], [8.5005, 47.3895], [8.5009, 47.3894], [8.5019, 47.3891]], [[8.5019, 47.3891], [8.5024, 47.389], [8.5026, 47.389], [8.5029, 47.3889], [8.5031, 47.3889], [8.5032, 47.3888], [8.5033, 47.3888], [8.5035, 47.3888], [8.5038, 47.3887]], [[8.5038, 47.3887], [8.5039, 47.3887], [8.5041, 47.3887], [8.5044, 47.3887], [8.5047, 47.3886], [8.5058, 47.3885], [8.5061, 47.3885], [8.5063, 47.3884], [8.5066, 47.3884], [8.5069, 47.3883], [8.5071, 47.3883], [8.5074, 47.3883], [8.5076, 47.3882], [8.5079, 47.3881]], [[8.5079, 47.3881], [8.508, 47.3881], [8.5081, 47.3881], [8.5083, 47.388], [8.5085, 47.388], [8.5087, 47.3879], [8.5088, 47.3879], [8.509, 47.3878], [8.5093, 47.3877], [8.5094, 47.3877], [8.5095, 47.3876], [8.5098, 47.3875], [8.5102, 47.3874]], [[8.5102, 47.3874], [8.5105, 47.3873], [8.5108, 47.3872], [8.5112, 47.387], [8.5117, 47.3868]], [[8.5117, 47.3868], [8.5118, 47.3868], [8.512, 47.3867], [8.5123, 47.3867], [8.5128, 47.3865], [8.5133, 47.3863], [8.5135, 47.3863], [8.5136, 47.3862], [8.5139, 47.3862], [8.5141, 47.3861], [8.5144, 47.386], [8.5147, 47.3859], [8.5149, 47.3859]], [[8.5149, 47.3859], [8.5151, 47.3858], [8.5156, 47.3857], [8.516, 47.3857], [8.5161, 47.3856], [8.5163, 47.3856], [8.517, 47.3854], [8.5175, 47.3853], [8.5184, 47.385], [8.5186, 47.385], [8.5187, 47.3849], [8.5189, 47.3849], [8.519, 47.3849], [8.5192, 47.3848], [8.5193, 47.3848], [8.5195, 47.3847]], [[8.5195, 47.3847], [8.5199, 47.3846], [8.5201, 47.3845], [8.5202, 47.3845], [8.5204, 47.3844], [8.5205, 47.3844], [8.5206, 47.3843], [8.5208, 47.3843], [8.521, 47.3842]], [[8.521, 47.3842], [8.5218, 47.384]], [[8.5218, 47.384], [8.523, 47.3837], [8.5235, 47.3836], [8.5239, 47.3835], [8.5241, 47.3834], [8.5244, 47.3833], [8.5246, 47.3832], [8.5248, 47.3831], [8.525, 47.3831], [8.5252, 47.383], [8.5253, 47.383], [8.5254, 47.3829], [8.5257, 47.3828], [8.5258, 47.3827], [8.526, 47.3827], [8.5264, 47.3825], [8.5266, 47.3824], [8.5267, 47.3823], [8.5271, 47.3821], [8.5275, 47.3819]], [[8.5275, 47.3819], [8.5276, 47.3818]], [[8.5276, 47.3818], [8.5279, 47.3817], [8.528, 47.3816], [8.5282, 47.3816], [8.5283, 47.3815], [8.5284, 47.3815], [8.5286, 47.3814], [8.5287, 47.3814], [8.5288, 47.3814], [8.5291, 47.3813]], [[8.5291, 47.3813], [8.5293, 47.3813], [8.5295, 47.3812], [8.5296, 47.3812], [8.5305, 47.381]], [[8.5305, 47.381], [8.5307, 47.381], [8.531, 47.3809], [8.5313, 47.3809], [8.5323, 47.3806]], [[8.5965, 47.3982], [8.5967, 47.3985], [8.5969, 47.3987]], [[8.5969, 47.3987], [8.597, 47.3988], [8.5971, 47.3991]], [[8.5971, 47.3991], [8.5973, 47.3993]], [[8.5973, 47.3993], [8.5975, 47.3995], [8.5977, 47.3998], [8.5978, 47.4], [8.5981, 47.4003], [8.5982, 47.4005], [8.5984, 47.4006], [8.5985, 47.4007], [8.5986, 47.4009], [8.5988, 47.401], [8.5989, 47.4011], [8.599, 47.4012], [8.5992, 47.4014], [8.5994, 47.4016], [8.5995, 47.4017], [8.5997, 47.4018]], [[8.5997, 47.4018], [8.5998, 47.4019], [8.5999, 47.402], [8.6001, 47.402], [8.6003, 47.4022], [8.6004, 47.4023], [8.6006, 47.4024], [8.601, 47.4026], [8.6019, 47.403]], [[8.6019, 47.403], [8.6022, 47.4032]], [[8.6022, 47.4032], [8.6027, 47.4035], [8.603, 47.4036], [8.6033, 47.4038], [8.6037, 47.4041], [8.6041, 47.4043], [8.6045, 47.4045], [8.6046, 47.4046], [8.6048, 47.4047], [8.605, 47.4048], [8.6052, 47.4049], [8.6054, 47.405], [8.6055, 47.4051], [8.6058, 47.4052], [8.6059, 47.4052], [8.6062, 47.4053], [8.6064, 47.4054], [8.6066, 47.4054], [8.6069, 47.4055]], [[8.6069, 47.4055], [8.6071, 47.4055], [8.6074, 47.4056], [8.6075, 47.4056], [8.6077, 47.4056], [8.6078, 47.4056], [8.608, 47.4056], [8.6082, 47.4057], [8.6085, 47.4057], [8.6086, 47.4056], [8.6089, 47.4056], [8.6091, 47.4056], [8.6093, 47.4056], [8.6095, 47.4056], [8.6097, 47.4055], [8.6099, 47.4055], [8.61, 47.4055], [8.6103, 47.4054], [8.6105, 47.4054], [8.6108, 47.4053], [8.6112, 47.4052], [8.6115, 47.4051], [8.6116, 47.405]], [[8.6116, 47.405], [8.6119, 47.4049]], [[8.6119, 47.4049], [8.612, 47.4049]], [[8.612, 47.4049], [8.6123, 47.4048], [8.6128, 47.4046], [8.6131, 47.4045], [8.6135, 47.4043]], [[8.6135, 47.4043], [8.6143, 47.404], [8.6149, 47.4037], [8.6171, 47.4028], [8.6176, 47.4026]], [[8.6176, 47.4026], [8.6184, 47.4023]], [[8.6184, 47.4023], [8.6186, 47.4022]], [[8.6186, 47.4022], [8.6189, 47.4021], [8.6191, 47.402], [8.6192, 47.402], [8.6194, 47.4019], [8.62, 47.4017], [8.6202, 47.4016], [8.6206, 47.4015], [8.6209, 47.4013]], [[8.6209, 47.4013], [8.6212, 47.4012]], [[8.6212, 47.4012], [8.622, 47.4009], [8.6227, 47.4006], [8.6231, 47.4005], [8.6235, 47.4003], [8.6237, 47.4002], [8.6243, 47.4], [8.6248, 47.3998], [8.6253, 47.3995], [8.6259, 47.3993], [8.6263, 47.3991], [8.6271, 47.3988], [8.6276, 47.3986], [8.6282, 47.3983], [8.6303, 47.3974]], [[8.6303, 47.3974], [8.6304, 47.3973], [8.6307, 47.3972], [8.631, 47.3971], [8.6317, 47.3968], [8.6322, 47.3966], [8.6331, 47.3962], [8.6396, 47.3935]], [[8.6396, 47.3935], [8.6398, 47.3935]], [[8.6398, 47.3935], [8.6408, 47.393], [8.6428, 47.3922], [8.6433, 47.392], [8.6438, 47.3918], [8.644, 47.3917], [8.6442, 47.3916], [8.6444, 47.3915], [8.6446, 47.3914], [8.645, 47.3912], [8.6453, 47.3911], [8.6496, 47.3889], [8.6527, 47.3873]], [[8.6527, 47.3873], [8.6528, 47.3873]], [[8.6528, 47.3873], [8.6541, 47.3866], [8.6569, 47.3852], [8.6587, 47.3843], [8.6602, 47.3835], [8.6613, 47.383]], [[8.6613, 47.383], [8.6619, 47.3827]], [[8.6619, 47.3827], [8.6621, 47.3825]], [[8.6621, 47.3825], [8.663, 47.3821], [8.6631, 47.382]], [[8.6631, 47.382], [8.6632, 47.382]], [[8.6632, 47.382], [8.6664, 47.3804], [8.6729, 47.377], [8.6733, 47.3769], [8.6745, 47.3762], [8.6752, 47.3758], [8.6754, 47.3757], [8.6815, 47.3721], [8.6839, 47.3708]], [[8.6841, 47.3706], [8.6839, 47.3708]], [[8.6868, 47.3691], [8.6856, 47.3698], [8.6841, 47.3706]], [[8.6868, 47.3691], [8.6887, 47.368], [8.6887, 47.3679], [8.6901, 47.3672], [8.6915, 47.3663]], [[8.6916, 47.3663], [8.6915, 47.3663]], [[8.6927, 47.3656], [8.6916, 47.3663]], [[8.6927, 47.3656], [8.698, 47.3626], [8.6992, 47.3619], [8.7, 47.3614], [8.7008, 47.3609], [8.7025, 47.3599]], [[8.7025, 47.3599], [8.7029, 47.3597], [8.7031, 47.3596], [8.7032, 47.3595], [8.7036, 47.3593], [8.704, 47.3591], [8.7043, 47.3589], [8.7047, 47.3587], [8.705, 47.3585], [8.7053, 47.3583], [8.7056, 47.3581], [8.7058, 47.358], [8.7063, 47.3577], [8.7069, 47.3573], [8.7076, 47.3569], [8.7079, 47.3567], [8.7083, 47.3565], [8.7095, 47.3558], [8.7113, 47.3548]], [[8.7114, 47.3547], [8.7113, 47.3548]], [[8.7114, 47.3547], [8.7128, 47.3539], [8.7129, 47.3539], [8.7129, 47.3538], [8.7132, 47.3536], [8.7143, 47.353], [8.7153, 47.3524], [8.7158, 47.3521], [8.7177, 47.3511], [8.7195, 47.35], [8.7197, 47.35], [8.7197, 47.3499], [8.7198, 47.3499], [8.7201, 47.3497], [8.7202, 47.3497], [8.7203, 47.3496], [8.7204, 47.3496], [8.7206, 47.3495]], [[8.7231, 47.3485], [8.7226, 47.3486], [8.7222, 47.3488], [8.722, 47.3489], [8.7218, 47.3489], [8.7216, 47.349], [8.7214, 47.3491], [8.7212, 47.3492], [8.7209, 47.3493], [8.7208, 47.3494], [8.7206, 47.3495]], [[8.7375, 47.3457], [8.7373, 47.3457], [8.7371, 47.3457], [8.737, 47.3457], [8.7361, 47.3458], [8.7335, 47.346], [8.7321, 47.3461], [8.7319, 47.3461], [8.7318, 47.3461], [8.7316, 47.3461], [8.7314, 47.3461], [8.7313, 47.3461], [8.7312, 47.3462], [8.731, 47.3462], [8.7308, 47.3462], [8.7307, 47.3462], [8.7305, 47.3463], [8.7304, 47.3463], [8.7302, 47.3463], [8.73, 47.3463], [8.7297, 47.3464], [8.7294, 47.3465], [8.7292, 47.3465], [8.7291, 47.3465], [8.7289, 47.3466], [8.7288, 47.3466], [8.7287, 47.3467], [8.7285, 47.3467], [8.7283, 47.3468], [8.7281, 47.3468], [8.7279, 47.3469], [8.7275, 47.347], [8.7272, 47.3471], [8.727, 47.3472], [8.7269, 47.3472], [8.7242, 47.3481], [8.7237, 47.3483], [8.7231, 47.3485]], [[8.7378, 47.3457], [8.7375, 47.3457]], [[8.7444, 47.3434], [8.7433, 47.3439], [8.7418, 47.3446], [8.7416, 47.3447], [8.7413, 47.3448], [8.7412, 47.3449], [8.741, 47.3449], [8.7409, 47.345], [8.7407, 47.3451], [8.7405, 47.3451], [8.7403, 47.3452], [8.7402, 47.3452], [8.7401, 47.3453], [8.74, 47.3453], [8.7399, 47.3453], [8.7398, 47.3453], [8.7397, 47.3454], [8.7396, 47.3454], [8.7395, 47.3454], [8.7393, 47.3455], [8.7391, 47.3455], [8.739, 47.3455], [8.7388, 47.3456], [8.7386, 47.3456], [8.7385, 47.3456], [8.7384, 47.3456], [8.7383, 47.3456], [8.7382, 47.3456], [8.738, 47.3456], [8.7378, 47.3457]], [[8.7577, 47.3398], [8.7574, 47.3399], [8.7569, 47.3399], [8.7563, 47.34], [8.7552, 47.34], [8.7551, 47.3401], [8.7549, 47.3401], [8.7548, 47.3401], [8.7546, 47.3401], [8.7544, 47.3401], [8.7542, 47.3401], [8.754, 47.3402], [8.7538, 47.3402], [8.7536, 47.3402], [8.7534, 47.3402], [8.7532, 47.3403], [8.753, 47.3403], [8.7528, 47.3403], [8.7527, 47.3404], [8.7525, 47.3404], [8.7524, 47.3404], [8.7522, 47.3405], [8.7521, 47.3405], [8.7519, 47.3405], [8.7517, 47.3406], [8.7515, 47.3406], [8.7514, 47.3407], [8.7512, 47.3407], [8.751, 47.3408], [8.7507, 47.3409], [8.7505, 47.3409], [8.7503, 47.341], [8.7501, 47.3411], [8.7499, 47.3411], [8.7497, 47.3412], [8.7495, 47.3413], [8.7494, 47.3413], [8.7492, 47.3414], [8.7489, 47.3415], [8.7488, 47.3415], [8.7486, 47.3416], [8.7484, 47.3417], [8.7482, 47.3418], [8.748, 47.3418], [8.7478, 47.3419], [8.7476, 47.342], [8.7474, 47.3421], [8.7472, 47.3421], [8.7463, 47.3425], [8.7458, 47.3428], [8.7451, 47.3431], [8.7444, 47.3434]], [[8.7578, 47.3398], [8.7577, 47.3398]], [[8.7619, 47.3381], [8.7611, 47.3385], [8.761, 47.3386], [8.7608, 47.3387], [8.7607, 47.3388], [8.7605, 47.3389], [8.7604, 47.339], [8.7602, 47.339], [8.7601, 47.3391], [8.76, 47.3391], [8.7598, 47.3392], [8.7597, 47.3392], [8.7596, 47.3393], [8.7594, 47.3394], [8.7593, 47.3394], [8.7592, 47.3394], [8.7591, 47.3395], [8.7589, 47.3395], [8.7585, 47.3396], [8.7578, 47.3398]], [[8.7619, 47.3381], [8.7621, 47.338], [8.7622, 47.3379], [8.7624, 47.3378], [8.7626, 47.3378], [8.7627, 47.3377], [8.7633, 47.3374], [8.7635, 47.3373], [8.7636, 47.3372], [8.7637, 47.3372], [8.7638, 47.3371], [8.764, 47.337], [8.7641, 47.337], [8.7643, 47.3369]], [[8.7643, 47.3369], [8.7644, 47.3368], [8.7645, 47.3367], [8.7647, 47.3366], [8.7648, 47.3366], [8.765, 47.3365], [8.7651, 47.3364], [8.7653, 47.3363], [8.7655, 47.3361], [8.7662, 47.3357], [8.7664, 47.3355], [8.7665, 47.3354], [8.7666, 47.3353], [8.7667, 47.3353], [8.7669, 47.3352], [8.7671, 47.3351], [8.7672, 47.335], [8.7673, 47.335], [8.7674, 47.3349], [8.7675, 47.3348]], [[8.7709, 47.3334], [8.771, 47.3333], [8.7711, 47.3333], [8.7712, 47.3332], [8.7713, 47.3332], [8.7714, 47.3331], [8.7716, 47.3331], [8.7717, 47.333], [8.7718, 47.3329], [8.7719, 47.3329], [8.772, 47.3328], [8.7721, 47.3327], [8.7722, 47.3327], [8.7723, 47.3326], [8.7724, 47.3325], [8.7726, 47.3324], [8.7727, 47.3323], [8.773, 47.3322], [8.7734, 47.3319]], [[8.7734, 47.3319], [8.7735, 47.3318], [8.7738, 47.3316], [8.7739, 47.3315], [8.774, 47.3315], [8.7741, 47.3314], [8.7742, 47.3314], [8.7743, 47.3313], [8.7744, 47.3313], [8.7745, 47.3312], [8.7746, 47.3312], [8.7748, 47.3311], [8.775, 47.331], [8.7751, 47.3309], [8.7752, 47.3309], [8.7754, 47.3308], [8.7758, 47.3307], [8.7762, 47.3305], [8.7763, 47.3304], [8.7764, 47.3304], [8.7765, 47.3303], [8.7767, 47.3303], [8.7769, 47.3302], [8.777, 47.3301], [8.7771, 47.3301], [8.7772, 47.33], [8.7773, 47.33], [8.7775, 47.3299], [8.7777, 47.3298], [8.7778, 47.3297], [8.7779, 47.3297], [8.778, 47.3296], [8.7781, 47.3295], [8.7782, 47.3294], [8.7783, 47.3294], [8.7784, 47.3293], [8.7785, 47.3292], [8.7786, 47.3291], [8.7787, 47.3291], [8.7788, 47.329], [8.7789, 47.3289], [8.779, 47.3289], [8.7791, 47.3288], [8.7792, 47.3287], [8.7793, 47.3286], [8.7794, 47.3285], [8.7794, 47.3284], [8.7796, 47.3282], [8.78, 47.3279], [8.7801, 47.3277], [8.7802, 47.3276], [8.7803, 47.3275], [8.7805, 47.3274], [8.7806, 47.3273], [8.7807, 47.3272], [8.7808, 47.3271], [8.7809, 47.327], [8.781, 47.327], [8.7811, 47.3269], [8.7812, 47.3268], [8.7814, 47.3266], [8.7815, 47.3266], [8.7816, 47.3265], [8.7817, 47.3264], [8.7819, 47.3263], [8.7821, 47.3262], [8.7824, 47.326], [8.7827, 47.3258], [8.7829, 47.3257], [8.7831, 47.3255], [8.7832, 47.3254], [8.7834, 47.3253], [8.7835, 47.3253], [8.7836, 47.3252], [8.7837, 47.3251], [8.7839, 47.3249], [8.784, 47.3249], [8.7841, 47.3248], [8.7843, 47.3246], [8.7845, 47.3245], [8.7851, 47.3239], [8.7852, 47.3239], [8.7868, 47.3225]], [[8.7868, 47.3225], [8.7875, 47.3219], [8.7879, 47.3215], [8.7881, 47.3213], [8.7884, 47.3211], [8.7891, 47.3205]], [[8.7891, 47.3205], [8.7899, 47.3198]], [[8.7899, 47.3198], [8.7907, 47.3191]], [[8.7907, 47.3191], [8.791, 47.3187]], [[8.791, 47.3187], [8.7921, 47.3178], [8.7929, 47.3171], [8.7932, 47.3168], [8.7934, 47.3167], [8.7936, 47.3165], [8.7939, 47.3163], [8.794, 47.3161], [8.7943, 47.3159], [8.7944, 47.3158], [8.7945, 47.3157], [8.7946, 47.3155], [8.7947, 47.3154], [8.7949, 47.3152], [8.795, 47.3151], [8.7952, 47.3149], [8.7953, 47.3146]], [[8.7953, 47.3146], [8.7954, 47.3145]], [[8.7954, 47.3145], [8.7962, 47.3135]], [[8.7962, 47.3135], [8.7963, 47.3133], [8.7967, 47.3128]], [[8.7967, 47.3128], [8.7975, 47.3118], [8.7979, 47.3111]], [[8.7979, 47.3111], [8.7985, 47.3103], [8.7988, 47.3099], [8.7991, 47.3096], [8.7994, 47.3091], [8.8044, 47.3019], [8.8058, 47.2999], [8.806, 47.2996], [8.8061, 47.2994], [8.8062, 47.2994], [8.8062, 47.2993], [8.8063, 47.2992], [8.8065, 47.299], [8.8067, 47.2988], [8.8067, 47.2987], [8.8069, 47.2985], [8.8072, 47.2982], [8.8108, 47.2945], [8.8135, 47.2918], [8.8136, 47.2916], [8.8138, 47.2915], [8.8139, 47.2914], [8.814, 47.2913], [8.814, 47.2912], [8.8141, 47.2911], [8.8142, 47.291], [8.8143, 47.2909], [8.8143, 47.2908], [8.8144, 47.2907], [8.8144, 47.2906], [8.8145, 47.2905], [8.8146, 47.2904], [8.8147, 47.2902], [8.8147, 47.29], [8.8148, 47.2899], [8.8148, 47.2897], [8.8149, 47.2896], [8.8149, 47.2894], [8.815, 47.2893], [8.815, 47.2891], [8.815, 47.2889], [8.815, 47.2888], [8.815, 47.2886], [8.815, 47.2885], [8.815, 47.2883], [8.815, 47.2881], [8.815, 47.2878], [8.8149, 47.287]], [[8.8149, 47.287], [8.8149, 47.2868]], [[8.8149, 47.2868], [8.8147, 47.2842], [8.8146, 47.2839], [8.8146, 47.2837], [8.8146, 47.2835], [8.8146, 47.2833], [8.8146, 47.2832], [8.8147, 47.2829], [8.8147, 47.2827], [8.8147, 47.2825], [8.8148, 47.2824], [8.8149, 47.2821], [8.815, 47.2819], [8.8151, 47.2817], [8.8152, 47.2815], [8.8155, 47.2811], [8.816, 47.2804], [8.8165, 47.2797], [8.8167, 47.2794], [8.817, 47.2788], [8.8174, 47.2774]], [[8.8196, 47.2732], [8.8194, 47.2733], [8.8193, 47.2735], [8.8191, 47.2736], [8.819, 47.2738], [8.8188, 47.2739], [8.8187, 47.2742], [8.8185, 47.2744], [8.8184, 47.2745], [8.8184, 47.2747], [8.8183, 47.2748], [8.8182, 47.2749], [8.8182, 47.2751], [8.8181, 47.2753], [8.8179, 47.2758], [8.8174, 47.2774]], [[8.8197, 47.2731], [8.8196, 47.2732]], [[8.8203, 47.2726], [8.8201, 47.2728], [8.8199, 47.2729], [8.8197, 47.2731]], [[8.8256, 47.269], [8.8253, 47.2693], [8.8231, 47.2708], [8.8228, 47.271], [8.8225, 47.2712], [8.8217, 47.2717], [8.821, 47.2722], [8.8206, 47.2724], [8.8203, 47.2726]], [[8.8273, 47.2679], [8.827, 47.268], [8.8267, 47.2682], [8.8265, 47.2684], [8.8261, 47.2687], [8.8259, 47.2688], [8.8258, 47.269], [8.8256, 47.269]], [[8.8283, 47.2673], [8.8281, 47.2674], [8.8278, 47.2676], [8.8277, 47.2677], [8.8275, 47.2678], [8.8273, 47.2679]], [[8.8286, 47.2672], [8.8283, 47.2673]], [[8.8322, 47.2665], [8.8319, 47.2665], [8.8317, 47.2665], [8.8315, 47.2665], [8.8313, 47.2666], [8.8311, 47.2666], [8.8309, 47.2666], [8.8306, 47.2667], [8.8304, 47.2667], [8.8302, 47.2668], [8.8301, 47.2668], [8.8299, 47.2668], [8.8297, 47.2669], [8.8296, 47.2669], [8.8294, 47.2669], [8.8293, 47.267], [8.8291, 47.2671], [8.8289, 47.2671], [8.8288, 47.2672], [8.8286, 47.2672]], [[8.8326, 47.2664], [8.8322, 47.2665]], [[8.8472, 47.2628], [8.8464, 47.2633], [8.8446, 47.2643], [8.8443, 47.2645], [8.844, 47.2646], [8.8439, 47.2647], [8.8437, 47.2648], [8.8435, 47.2649], [8.8433, 47.265], [8.8432, 47.265], [8.843, 47.2651], [8.8428, 47.2652], [8.8427, 47.2652], [8.8425, 47.2653], [8.8424, 47.2653], [8.8423, 47.2654], [8.8421, 47.2654], [8.842, 47.2654], [8.8419, 47.2655], [8.8417, 47.2655], [8.8416, 47.2655], [8.8414, 47.2656], [8.8412, 47.2656], [8.841, 47.2656], [8.8409, 47.2657], [8.8407, 47.2657], [8.8406, 47.2657], [8.8404, 47.2657], [8.8403, 47.2658], [8.8401, 47.2658], [8.8399, 47.2658], [8.8396, 47.2658], [8.8393, 47.2659], [8.8358, 47.2662], [8.8342, 47.2663], [8.8326, 47.2664]], [[8.8472, 47.2628], [8.8479, 47.2625], [8.848, 47.2624], [8.8482, 47.2623], [8.8483, 47.2622], [8.8485, 47.2621], [8.8486, 47.2621], [8.8488, 47.262], [8.8489, 47.2619], [8.849, 47.2619], [8.8492, 47.2618], [8.8493, 47.2618], [8.8494, 47.2617], [8.8496, 47.2617], [8.8498, 47.2616], [8.8499, 47.2616], [8.85, 47.2615], [8.8501, 47.2615]], [[8.8501, 47.2615], [8.8504, 47.2614], [8.8505, 47.2614], [8.8507, 47.2613], [8.8508, 47.2613], [8.851, 47.2613], [8.8511, 47.2613]], [[8.8517, 47.2612], [8.8512, 47.2612], [8.8511, 47.2613]], [[8.8518, 47.2611], [8.8517, 47.2612]], [[8.8522, 47.2611], [8.8518, 47.2611]], [[8.8522, 47.2611], [8.8523, 47.261], [8.8524, 47.261], [8.8525, 47.261], [8.8527, 47.261], [8.8529, 47.2609], [8.8531, 47.2609], [8.8532, 47.2608], [8.8534, 47.2608], [8.8535, 47.2607], [8.8537, 47.2607], [8.8538, 47.2607], [8.854, 47.2606], [8.8541, 47.2606], [8.8543, 47.2605], [8.8544, 47.2605], [8.8545, 47.2604], [8.8547, 47.2604], [8.8548, 47.2603], [8.8549, 47.2603], [8.8551, 47.2602], [8.8552, 47.2601], [8.8553, 47.2601], [8.8554, 47.26], [8.8556, 47.26], [8.8557, 47.2599], [8.8558, 47.2598], [8.8559, 47.2598], [8.8561, 47.2597], [8.8562, 47.2596], [8.8563, 47.2595], [8.8565, 47.2594], [8.8566, 47.2593], [8.8567, 47.2592], [8.8568, 47.2591], [8.857, 47.259], [8.8571, 47.2589], [8.8572, 47.2588], [8.8574, 47.2586], [8.8574, 47.2585], [8.8575, 47.2585], [8.8575, 47.2584], [8.8576, 47.2583]], [[8.8576, 47.2583], [8.8577, 47.2582], [8.8578, 47.2582], [8.8578, 47.2581], [8.8579, 47.258], [8.858, 47.2579], [8.8581, 47.2577], [8.8583, 47.2574], [8.8584, 47.2572]], [[8.8586, 47.2569], [8.8585, 47.2571], [8.8584, 47.2572]], [[8.8593, 47.2558], [8.8586, 47.2569]], [[8.8595, 47.2556], [8.8593, 47.2558]], [[8.8618, 47.2522], [8.8606, 47.2539], [8.8595, 47.2556]], [[8.8601, 47.243], [8.8605, 47.2432], [8.8607, 47.2433], [8.8609, 47.2434], [8.8612, 47.2435], [8.8614, 47.2437], [8.8616, 47.2438], [8.8618, 47.244], [8.862, 47.2441], [8.8622, 47.2442], [8.8623, 47.2444], [8.8625, 47.2445], [8.8627, 47.2447], [8.8629, 47.2449], [8.863, 47.245], [8.8631, 47.2451], [8.8632, 47.2453], [8.8633, 47.2454], [8.8634, 47.2456], [8.8635, 47.2458], [8.8636, 47.2459], [8.8636, 47.246], [8.8637, 47.2462], [8.8638, 47.2463], [8.8638, 47.2464], [8.8639, 47.2466], [8.8639, 47.2467], [8.8639, 47.2468], [8.864, 47.247], [8.864, 47.2472], [8.864, 47.2474], [8.864, 47.2475], [8.864, 47.2476], [8.864, 47.2477], [8.864, 47.2478], [8.864, 47.2479], [8.864, 47.248], [8.864, 47.2481], [8.864, 47.2482], [8.864, 47.2484], [8.8639, 47.2485], [8.8639, 47.2486], [8.8639, 47.2487], [8.8638, 47.2489], [8.8638, 47.249], [8.8637, 47.2492], [8.8637, 47.2493], [8.8636, 47.2494], [8.8635, 47.2496], [8.8635, 47.2497], [8.8634, 47.2498], [8.8633, 47.25], [8.8631, 47.2503], [8.8626, 47.251]], [[8.8599, 47.2429], [8.8601, 47.243]], [[8.8378, 47.2371], [8.8382, 47.2374], [8.8386, 47.2377], [8.8395, 47.238], [8.8399, 47.2382], [8.8404, 47.2383], [8.841, 47.2385], [8.8417, 47.2386], [8.8422, 47.2387], [8.8426, 47.2387], [8.843, 47.2388], [8.8434, 47.2388], [8.8493, 47.2391], [8.85, 47.2392], [8.8502, 47.2392], [8.8504, 47.2392], [8.8506, 47.2392], [8.8507, 47.2392], [8.8509, 47.2393], [8.8511, 47.2393], [8.8513, 47.2393], [8.8515, 47.2394], [8.8517, 47.2394], [8.852, 47.2395], [8.8522, 47.2395], [8.8523, 47.2396], [8.8526, 47.2396], [8.8529, 47.2397], [8.8533, 47.2398], [8.8536, 47.24], [8.8542, 47.2402], [8.8546, 47.2403], [8.8548, 47.2404], [8.8549, 47.2404], [8.8553, 47.2406], [8.8554, 47.2406], [8.8556, 47.2407], [8.8559, 47.2409], [8.8562, 47.241], [8.8568, 47.2413], [8.8586, 47.2422], [8.8599, 47.2429]], [[8.8376, 47.237], [8.8378, 47.2371]], [[8.8374, 47.2368], [8.8375, 47.2369], [8.8376, 47.237]], [[8.8371, 47.2365], [8.8374, 47.2368]], [[8.8359, 47.2348], [8.8361, 47.2354], [8.8364, 47.2358], [8.8366, 47.236], [8.8368, 47.2363], [8.8371, 47.2365]], [[8.8358, 47.2347], [8.8359, 47.2348]], [[8.8356, 47.2341], [8.8358, 47.2347]], [[8.8356, 47.2341], [8.8355, 47.2337], [8.8354, 47.2334], [8.8352, 47.2329], [8.835, 47.2322]], [[8.835, 47.2322], [8.835, 47.232]], [[8.835, 47.232], [8.8345, 47.2302], [8.8343, 47.2296]], [[8.8343, 47.2296], [8.8341, 47.2292]], [[8.8341, 47.2292], [8.834, 47.229], [8.8338, 47.2286], [8.8336, 47.2284], [8.8335, 47.2282], [8.8332, 47.2279], [8.833, 47.2277]], [[8.833, 47.2277], [8.8328, 47.2275]], [[8.8328, 47.2275], [8.8324, 47.2272], [8.8316, 47.2267], [8.8306, 47.2262], [8.8305, 47.2262], [8.8302, 47.2261], [8.8298, 47.2259], [8.8294, 47.2258], [8.8288, 47.2257]], [[8.8288, 47.2257], [8.8285, 47.2256]], [[8.8285, 47.2256], [8.8282, 47.2256], [8.828, 47.2255], [8.8279, 47.2255], [8.8277, 47.2255], [8.8275, 47.2255], [8.8274, 47.2255], [8.8271, 47.2255], [8.8269, 47.2255], [8.8266, 47.2255]], [[8.8266, 47.2255], [8.8262, 47.2255], [8.8258, 47.2255], [8.8255, 47.2255], [8.8254, 47.2255], [8.8252, 47.2255], [8.825, 47.2254], [8.8247, 47.2254], [8.8245, 47.2254], [8.8243, 47.2254], [8.8227, 47.2253]], [[8.8227, 47.2253], [8.8224, 47.2253]], [[8.8224, 47.2253], [8.8215, 47.2252], [8.8208, 47.2251], [8.8198, 47.225], [8.8196, 47.225]], [[8.8196, 47.225], [8.8189, 47.2249], [8.8187, 47.2249], [8.8186, 47.2249], [8.8185, 47.2249], [8.8183, 47.2248], [8.818, 47.2248], [8.8179, 47.2248], [8.8177, 47.2248], [8.8169, 47.2247], [8.8161, 47.2246], [8.816, 47.2246], [8.8159, 47.2246], [8.8157, 47.2245], [8.8156, 47.2245], [8.8155, 47.2245], [8.8153, 47.2245], [8.8152, 47.2244], [8.8151, 47.2244], [8.815, 47.2244], [8.8149, 47.2244], [8.8148, 47.2243], [8.8147, 47.2243]], [[8.8147, 47.2243], [8.8146, 47.2243], [8.8144, 47.2242], [8.8143, 47.2242], [8.8142, 47.2241], [8.8141, 47.224], [8.814, 47.224], [8.8139, 47.224], [8.8138, 47.2239], [8.8137, 47.2239], [8.8135, 47.2237]], [[8.8135, 47.2237], [8.8134, 47.2237], [8.8134, 47.2236]], [[8.8134, 47.2236], [8.8132, 47.2235]], [[8.8121, 47.2226], [8.8132, 47.2235]], [[8.8086, 47.2197], [8.8121, 47.2226]], [[8.8077, 47.219], [8.8086, 47.2197]], [[8.8067, 47.2181], [8.8077, 47.219]], [[8.7977, 47.2122], [8.7979, 47.2123], [8.7982, 47.2126], [8.7986, 47.2129], [8.799, 47.2132], [8.7994, 47.2134], [8.8, 47.2138], [8.8007, 47.2142], [8.8048, 47.2168], [8.8054, 47.2171], [8.8057, 47.2174], [8.8061, 47.2177], [8.8065, 47.2179], [8.8067, 47.2181]], [[8.794, 47.2078], [8.7943, 47.2081], [8.7945, 47.2084], [8.7947, 47.2086], [8.7951, 47.2092], [8.7955, 47.2097], [8.7958, 47.2102], [8.7961, 47.2106], [8.7966, 47.211], [8.7971, 47.2116], [8.7974, 47.2119], [8.7977, 47.2122]], [[8.7935, 47.2073], [8.794, 47.2078]], [[8.7935, 47.2073], [8.7931, 47.2069], [8.7928, 47.2065], [8.7924, 47.2062], [8.7919, 47.2057], [8.7905, 47.2046]], [[8.7905, 47.2046], [8.7896, 47.2039], [8.7895, 47.2038], [8.7894, 47.2038], [8.7892, 47.2037], [8.7891, 47.2036], [8.789, 47.2036], [8.7889, 47.2035], [8.7888, 47.2034], [8.7887, 47.2034], [8.7885, 47.2033], [8.7884, 47.2033], [8.7882, 47.2032], [8.7881, 47.2032], [8.788, 47.2031], [8.7878, 47.2031], [8.7877, 47.203], [8.7876, 47.203], [8.7875, 47.203], [8.7873, 47.203], [8.7872, 47.203], [8.787, 47.2029], [8.7869, 47.2029], [8.7868, 47.2029], [8.7866, 47.2029], [8.7865, 47.2029], [8.7864, 47.2029], [8.7863, 47.2029], [8.7861, 47.2029], [8.786, 47.2029], [8.7858, 47.2029], [8.784, 47.203]], [[8.7833, 47.2031], [8.784, 47.203]], [[8.7818, 47.2032], [8.7821, 47.2032], [8.7833, 47.2031]], [[8.7761, 47.2034], [8.7767, 47.2034], [8.7771, 47.2034], [8.7782, 47.2033], [8.7802, 47.2033], [8.7806, 47.2032], [8.7812, 47.2032], [8.7816, 47.2032], [8.7818, 47.2032]], [[8.8344, 47.2296], [8.8349, 47.2314], [8.8346, 47.2302], [8.8345, 47.2301], [8.8345, 47.23], [8.8344, 47.2296]], [[8.8527, 47.2609], [8.8532, 47.2607], [8.8535, 47.2606], [8.8538, 47.2606], [8.854, 47.2605], [8.8541, 47.2605], [8.8544, 47.2604], [8.8546, 47.2603], [8.8552, 47.2601], [8.8552, 47.26], [8.8553, 47.26], [8.8555, 47.2599], [8.8556, 47.2598], [8.8557, 47.2598], [8.8558, 47.2597], [8.8559, 47.2597], [8.8561, 47.2596], [8.8564, 47.2593], [8.8565, 47.2593], [8.8562, 47.2595], [8.8559, 47.2597], [8.8558, 47.2598], [8.8556, 47.2599], [8.8552, 47.2601], [8.855, 47.2602], [8.8549, 47.2602], [8.8547, 47.2603], [8.8544, 47.2604], [8.8541, 47.2605], [8.8536, 47.2607], [8.8535, 47.2607], [8.8532, 47.2608], [8.8531, 47.2608], [8.8529, 47.2609], [8.8527, 47.2609]], [[8.7163, 47.3517], [8.7163, 47.3518], [8.7162, 47.3518], [8.7161, 47.3518], [8.7161, 47.3519], [8.717, 47.3514], [8.7178, 47.3509], [8.7191, 47.3502], [8.7193, 47.3501], [8.7194, 47.35], [8.7191, 47.3502], [8.7189, 47.3503], [8.7188, 47.3503], [8.7187, 47.3504], [8.7186, 47.3504], [8.7186, 47.3505], [8.7182, 47.3506], [8.718, 47.3508], [8.7178, 47.351], [8.7177, 47.3509], [8.717, 47.3513], [8.7169, 47.3514], [8.7166, 47.3516], [8.7165, 47.3516], [8.7163, 47.3517]], [[8.5482, 47.3669], [8.5481, 47.367], [8.548, 47.3671], [8.5479, 47.3671], [8.5479, 47.3672], [8.5478, 47.3672], [8.5478, 47.3673], [8.5477, 47.3674], [8.5476, 47.3675], [8.5476, 47.3676], [8.5477, 47.3675], [8.5478, 47.3674], [8.5479, 47.3672], [8.5481, 47.3671], [8.5483, 47.3669], [8.5485, 47.3668], [8.5487, 47.3666], [8.5489, 47.3665], [8.549, 47.3664], [8.5492, 47.3663], [8.5493, 47.3663], [8.5495, 47.3662], [8.5497, 47.3661], [8.55, 47.366], [8.5501, 47.366], [8.5501, 47.3659], [8.5499, 47.3659], [8.5499, 47.366], [8.5498, 47.366], [8.5496, 47.3661], [8.5493, 47.3662], [8.5492, 47.3663], [8.5491, 47.3663], [8.549, 47.3663], [8.5489, 47.3664], [8.5487, 47.3664], [8.5487, 47.3665], [8.5487, 47.3666], [8.5485, 47.3666], [8.5484, 47.3667], [8.5484, 47.3668], [8.5483, 47.3668], [8.5482, 47.3669]], [[8.5151, 47.3856], [8.5151, 47.3857], [8.5159, 47.3855], [8.516, 47.3854], [8.5164, 47.3853], [8.5168, 47.3852], [8.5169, 47.3852], [8.5172, 47.3851], [8.5173, 47.3851], [8.5174, 47.3851], [8.5178, 47.385], [8.5183, 47.3848], [8.519, 47.3846], [8.5189, 47.3846], [8.5187, 47.3847], [8.5186, 47.3847], [8.5185, 47.3847], [8.5183, 47.3848], [8.5173, 47.385], [8.5172, 47.3851], [8.5171, 47.3851], [8.517, 47.3851], [8.5169, 47.3852], [8.5168, 47.3852], [8.5167, 47.3852], [8.5158, 47.3854], [8.5151, 47.3856]], [[8.4373, 47.3913], [8.4373, 47.3914], [8.437, 47.3914], [8.4367, 47.3913], [8.4365, 47.3913], [8.4363, 47.3913], [8.4361, 47.3913], [8.4359, 47.3912], [8.4357, 47.3912], [8.4355, 47.3911], [8.4354, 47.3911], [8.4353, 47.3911], [8.4352, 47.3911], [8.4351, 47.391], [8.4349, 47.391], [8.4347, 47.391], [8.4346, 47.3909], [8.4344, 47.3908], [8.4342, 47.3908], [8.434, 47.3907], [8.4338, 47.3906], [8.4337, 47.3906], [8.4335, 47.3905], [8.4334, 47.3904], [8.4335, 47.3904], [8.4335, 47.3905], [8.4337, 47.3905], [8.4337, 47.3906], [8.4338, 47.3906], [8.4339, 47.3907], [8.4342, 47.3907], [8.4343, 47.3908], [8.4344, 47.3908], [8.4345, 47.3908], [8.4346, 47.3908], [8.4347, 47.3909], [8.4348, 47.3909], [8.4352, 47.391], [8.4353, 47.3911], [8.4356, 47.3911], [8.4357, 47.3911], [8.436, 47.3912], [8.4363, 47.3912], [8.4366, 47.3913], [8.4367, 47.3913], [8.4368, 47.3913], [8.4372, 47.3913], [8.4373, 47.3913]], [[8.4298, 47.3823], [8.4298, 47.3821], [8.4299, 47.382], [8.4299, 47.3818], [8.43, 47.3816], [8.4301, 47.3815], [8.4302, 47.3813], [8.4303, 47.381], [8.4304, 47.3809], [8.4305, 47.3808], [8.4305, 47.3807], [8.4307, 47.3805], [8.4308, 47.3803], [8.4309, 47.3802], [8.431, 47.3801], [8.4311, 47.3799], [8.4313, 47.3797], [8.4312, 47.3798], [8.4311, 47.3799], [8.4308, 47.3802], [8.4307, 47.3803], [8.4306, 47.3805], [8.4305, 47.3807], [8.4304, 47.3809], [8.4303, 47.381], [8.4302, 47.3812], [8.4301, 47.3814], [8.43, 47.3816], [8.4299, 47.3818], [8.4298, 47.382], [8.4298, 47.3821], [8.4297, 47.3823], [8.4298, 47.3823]], [[8.4352, 47.3582], [8.4354, 47.3582], [8.4355, 47.3581], [8.4368, 47.3577], [8.439, 47.3571], [8.439, 47.357], [8.4392, 47.357], [8.4391, 47.357], [8.4387, 47.3571], [8.4385, 47.3572], [8.4383, 47.3572], [8.4382, 47.3573], [8.4378, 47.3574], [8.4375, 47.3575], [8.4373, 47.3575], [8.4368, 47.3577], [8.4354, 47.3581], [8.4352, 47.3582]], [[8.4661, 47.2219], [8.4668, 47.2205], [8.4676, 47.2192], [8.4668, 47.2205], [8.4665, 47.2211], [8.4666, 47.2211], [8.4665, 47.2212], [8.4664, 47.2213], [8.4662, 47.2216], [8.4661, 47.2219]], [[8.8132, 47.2235], [8.8133, 47.2236], [8.8134, 47.2236]], [[8.8134, 47.2236], [8.8135, 47.2237]], [[8.8135, 47.2237], [8.8136, 47.2238], [8.8137, 47.2238], [8.8138, 47.2239], [8.8139, 47.2239], [8.814, 47.224], [8.8141, 47.224], [8.8142, 47.2241], [8.8143, 47.2241], [8.8145, 47.2242], [8.8146, 47.2242], [8.8147, 47.2243]], [[8.8147, 47.2243], [8.8148, 47.2243], [8.8149, 47.2243], [8.815, 47.2244], [8.8152, 47.2244], [8.8153, 47.2244], [8.8154, 47.2244], [8.8156, 47.2245], [8.8157, 47.2245], [8.8158, 47.2245], [8.8159, 47.2245], [8.816, 47.2245], [8.8161, 47.2245], [8.8169, 47.2246], [8.8177, 47.2247], [8.8179, 47.2247], [8.8181, 47.2248], [8.8184, 47.2248], [8.8186, 47.2248], [8.8187, 47.2248], [8.8191, 47.2249]], [[8.8191, 47.2249], [8.8208, 47.2251]], [[8.8208, 47.2251], [8.8215, 47.2251]], [[8.8215, 47.2251], [8.8239, 47.2253]], [[8.8239, 47.2253], [8.8243, 47.2254]], [[8.8243, 47.2254], [8.8248, 47.2254], [8.8249, 47.2254], [8.8251, 47.2254], [8.8253, 47.2254], [8.8254, 47.2254], [8.8256, 47.2254], [8.8259, 47.2254], [8.8261, 47.2254], [8.8264, 47.2254], [8.8266, 47.2254]], [[8.8266, 47.2254], [8.8268, 47.2254], [8.827, 47.2254], [8.8272, 47.2254], [8.8274, 47.2254], [8.8276, 47.2255], [8.8278, 47.2255], [8.8279, 47.2255], [8.8281, 47.2255], [8.8283, 47.2256], [8.8285, 47.2256]], [[8.8285, 47.2256], [8.8288, 47.2256]], [[8.8288, 47.2256], [8.8294, 47.2258], [8.8298, 47.2259], [8.8301, 47.226], [8.8302, 47.226], [8.8305, 47.2261], [8.8307, 47.2262], [8.8317, 47.2266], [8.8325, 47.2272], [8.8328, 47.2275]], [[8.8328, 47.2275], [8.833, 47.2276]], [[8.833, 47.2276], [8.8333, 47.2279], [8.8335, 47.2282], [8.8337, 47.2284], [8.8338, 47.2286], [8.834, 47.2289], [8.8342, 47.2292]], [[8.8342, 47.2292], [8.8343, 47.2296]], [[8.835, 47.232], [8.8351, 47.2322]], [[8.8351, 47.2322], [8.8356, 47.2341]], [[8.8584, 47.2572], [8.8582, 47.2574], [8.8581, 47.2577], [8.858, 47.2578], [8.8579, 47.258], [8.8578, 47.2581], [8.8577, 47.2582], [8.8576, 47.2582], [8.8575, 47.2584]], [[8.8575, 47.2584], [8.8574, 47.2585], [8.8573, 47.2587], [8.8572, 47.2587], [8.8571, 47.2588], [8.8569, 47.259], [8.8568, 47.2591], [8.8567, 47.2592], [8.8565, 47.2593], [8.8564, 47.2594], [8.8563, 47.2594], [8.8562, 47.2595], [8.856, 47.2596], [8.8559, 47.2597], [8.8557, 47.2598], [8.8555, 47.2599], [8.8552, 47.2601], [8.8551, 47.2602], [8.8549, 47.2602], [8.8547, 47.2603], [8.8545, 47.2604], [8.8543, 47.2604], [8.8542, 47.2605], [8.854, 47.2606], [8.8539, 47.2606], [8.8535, 47.2607], [8.8534, 47.2607], [8.8532, 47.2608], [8.853, 47.2608], [8.8529, 47.2609], [8.8526, 47.2609]], [[8.8526, 47.2609], [8.8524, 47.261], [8.8523, 47.261], [8.8522, 47.261]], [[8.8522, 47.261], [8.8512, 47.2612]], [[8.8512, 47.2612], [8.8511, 47.2612], [8.8509, 47.2613], [8.8507, 47.2613], [8.8505, 47.2613], [8.8504, 47.2614], [8.8502, 47.2614], [8.8501, 47.2615], [8.85, 47.2615], [8.8499, 47.2615], [8.8498, 47.2615], [8.8497, 47.2616], [8.8496, 47.2616], [8.8494, 47.2617], [8.8493, 47.2617], [8.8492, 47.2618], [8.849, 47.2618], [8.8489, 47.2619], [8.8487, 47.262], [8.8486, 47.262], [8.8485, 47.2621], [8.8483, 47.2622], [8.8482, 47.2622], [8.848, 47.2623], [8.8478, 47.2624], [8.8472, 47.2628]], [[8.8472, 47.2628], [8.8464, 47.2633], [8.8445, 47.2643], [8.8443, 47.2644], [8.844, 47.2646], [8.8438, 47.2647], [8.8437, 47.2648], [8.8435, 47.2649], [8.8433, 47.2649], [8.8431, 47.265], [8.843, 47.2651], [8.8428, 47.2651], [8.8427, 47.2652], [8.8425, 47.2652], [8.8424, 47.2653], [8.8422, 47.2653], [8.8421, 47.2654], [8.842, 47.2654], [8.8418, 47.2654], [8.8417, 47.2655], [8.8416, 47.2655], [8.8414, 47.2655], [8.8412, 47.2656], [8.841, 47.2656], [8.8409, 47.2656], [8.8407, 47.2657], [8.8406, 47.2657], [8.8404, 47.2657], [8.8403, 47.2657], [8.8401, 47.2657], [8.8399, 47.2658], [8.8396, 47.2658], [8.8393, 47.2658], [8.8358, 47.2661], [8.8342, 47.2663], [8.8326, 47.2664]], [[8.8326, 47.2664], [8.8322, 47.2664]], [[8.8322, 47.2664], [8.8319, 47.2665], [8.8317, 47.2665], [8.8315, 47.2665], [8.8313, 47.2665], [8.8311, 47.2666], [8.8309, 47.2666], [8.8305, 47.2667], [8.8304, 47.2667], [8.8302, 47.2667], [8.83, 47.2668], [8.8299, 47.2668], [8.8297, 47.2668], [8.8296, 47.2669], [8.8294, 47.2669], [8.8293, 47.267], [8.8291, 47.267], [8.8289, 47.2671], [8.8288, 47.2671], [8.8285, 47.2672]], [[8.8285, 47.2672], [8.8283, 47.2673]], [[8.8283, 47.2673], [8.8281, 47.2674], [8.8278, 47.2676], [8.8276, 47.2676], [8.8275, 47.2677], [8.8271, 47.2679], [8.8269, 47.2681], [8.8267, 47.2682], [8.8258, 47.2688], [8.8256, 47.269]], [[8.8256, 47.269], [8.8235, 47.2704], [8.8227, 47.2709], [8.8225, 47.2711], [8.822, 47.2714]], [[8.822, 47.2714], [8.8215, 47.2718], [8.821, 47.2722], [8.8206, 47.2724], [8.8203, 47.2726]], [[8.7962, 47.3135], [8.7959, 47.3138], [8.7958, 47.314], [8.7956, 47.3142], [8.7954, 47.3144], [8.7952, 47.3147], [8.7948, 47.3151], [8.7947, 47.3152], [8.7946, 47.3154], [8.7944, 47.3155], [8.7943, 47.3157], [8.7942, 47.3158], [8.7941, 47.3159], [8.7939, 47.3161]], [[8.7939, 47.3161], [8.7937, 47.3163], [8.7935, 47.3164], [8.7933, 47.3166], [8.7931, 47.3167], [8.7928, 47.317], [8.7924, 47.3173], [8.7919, 47.3177], [8.7915, 47.3181], [8.7913, 47.3182], [8.7912, 47.3184], [8.7909, 47.3187]], [[8.7909, 47.3187], [8.7908, 47.3188], [8.7906, 47.319], [8.7903, 47.3193], [8.7898, 47.3197]], [[8.7898, 47.3198], [8.7898, 47.3197]], [[8.7898, 47.3198], [8.7896, 47.32], [8.7895, 47.3201], [8.789, 47.3205], [8.7884, 47.321], [8.7883, 47.3211]], [[8.7883, 47.3211], [8.7883, 47.3212], [8.7881, 47.3213], [8.7879, 47.3215], [8.7875, 47.3218], [8.7868, 47.3225]], [[8.7868, 47.3225], [8.7851, 47.3239], [8.7844, 47.3245], [8.7842, 47.3246], [8.7841, 47.3247], [8.784, 47.3248], [8.7839, 47.3249], [8.7837, 47.325], [8.7835, 47.3252], [8.7834, 47.3252], [8.7833, 47.3253], [8.7832, 47.3254], [8.7831, 47.3255], [8.7829, 47.3256], [8.7827, 47.3258], [8.7824, 47.3259], [8.782, 47.3262], [8.7818, 47.3263], [8.7817, 47.3264], [8.7816, 47.3265], [8.7815, 47.3265], [8.7813, 47.3266], [8.7812, 47.3267], [8.781, 47.3269], [8.7809, 47.3269], [8.7808, 47.327], [8.7807, 47.3271], [8.7806, 47.3272], [8.7805, 47.3273], [8.7804, 47.3274], [8.7803, 47.3275], [8.7802, 47.3276], [8.7801, 47.3277], [8.78, 47.3278], [8.7799, 47.3279], [8.7796, 47.3282], [8.7794, 47.3284], [8.7793, 47.3285], [8.7792, 47.3286], [8.7791, 47.3287], [8.779, 47.3288], [8.7789, 47.3289], [8.7788, 47.329], [8.7787, 47.329], [8.7786, 47.3291], [8.7785, 47.3292], [8.7784, 47.3293], [8.7783, 47.3294], [8.7782, 47.3294], [8.7781, 47.3295], [8.778, 47.3296], [8.7779, 47.3296], [8.7777, 47.3297], [8.7776, 47.3298], [8.7775, 47.3298], [8.7774, 47.3299], [8.7773, 47.3299], [8.7772, 47.33], [8.7771, 47.3301], [8.7769, 47.3301], [8.7768, 47.3302], [8.7767, 47.3302], [8.7765, 47.3303], [8.7764, 47.3304], [8.7763, 47.3304], [8.7762, 47.3305], [8.776, 47.3305], [8.7758, 47.3306], [8.7754, 47.3308], [8.7752, 47.3308], [8.7751, 47.3309], [8.7749, 47.331], [8.7747, 47.3311], [8.7746, 47.3311], [8.7745, 47.3312], [8.7744, 47.3312], [8.7743, 47.3313], [8.7742, 47.3313], [8.7741, 47.3314], [8.774, 47.3314], [8.7739, 47.3315], [8.7738, 47.3316], [8.7735, 47.3317]], [[8.7735, 47.3317], [8.7733, 47.3319], [8.7732, 47.3319], [8.7729, 47.3321], [8.7727, 47.3323], [8.7725, 47.3324], [8.7724, 47.3325], [8.7723, 47.3326], [8.7722, 47.3326], [8.7721, 47.3327], [8.772, 47.3328], [8.7719, 47.3328], [8.7718, 47.3329], [8.7717, 47.333], [8.7715, 47.333], [8.7714, 47.3331], [8.7713, 47.3332], [8.7712, 47.3332], [8.7711, 47.3333], [8.771, 47.3333], [8.7709, 47.3334]], [[8.7674, 47.3348], [8.7673, 47.3349], [8.7672, 47.3349], [8.7671, 47.335], [8.767, 47.3351], [8.7668, 47.3351], [8.7666, 47.3352], [8.7664, 47.3353], [8.7663, 47.3355], [8.7661, 47.3356], [8.7659, 47.3357], [8.7657, 47.3358], [8.7654, 47.336], [8.7652, 47.3362], [8.7649, 47.3364], [8.7647, 47.3365], [8.7646, 47.3366], [8.7645, 47.3367], [8.7643, 47.3367], [8.7643, 47.3368], [8.7642, 47.3368]], [[8.7642, 47.3368], [8.7641, 47.3369], [8.7639, 47.337], [8.7638, 47.337], [8.7637, 47.3371], [8.7636, 47.3372], [8.7635, 47.3372], [8.7619, 47.3381]], [[8.7231, 47.3485], [8.7225, 47.3487], [8.7222, 47.3488], [8.7219, 47.3489], [8.7218, 47.3489], [8.7217, 47.3489], [8.7216, 47.349], [8.7214, 47.3491], [8.7212, 47.3491], [8.7211, 47.3492], [8.7209, 47.3493], [8.7207, 47.3494], [8.7205, 47.3494], [8.7204, 47.3495], [8.7203, 47.3496], [8.7201, 47.3496], [8.72, 47.3497], [8.7198, 47.3498], [8.7197, 47.3499], [8.7196, 47.3499], [8.7195, 47.35], [8.7177, 47.351], [8.7158, 47.3521], [8.7153, 47.3524], [8.7143, 47.353], [8.714, 47.3532], [8.7129, 47.3538], [8.7128, 47.3538], [8.7103, 47.3553]], [[8.7103, 47.3553], [8.7095, 47.3558], [8.7082, 47.3565], [8.7079, 47.3567], [8.7075, 47.3569], [8.7069, 47.3573], [8.7063, 47.3576], [8.7058, 47.358], [8.7055, 47.3581], [8.7053, 47.3583], [8.705, 47.3585], [8.7047, 47.3586], [8.7043, 47.3588], [8.704, 47.3591], [8.7036, 47.3593], [8.7032, 47.3595], [8.703, 47.3596], [8.7025, 47.3599]], [[8.7025, 47.3599], [8.7008, 47.3609], [8.7, 47.3614], [8.6991, 47.3619], [8.698, 47.3625], [8.6927, 47.3656]], [[8.6927, 47.3656], [8.6915, 47.3663]], [[8.6915, 47.3663], [8.69, 47.3671], [8.6887, 47.3679], [8.6886, 47.3679], [8.6867, 47.3691]], [[8.6867, 47.3691], [8.6856, 47.3697], [8.6841, 47.3706]], [[8.6841, 47.3706], [8.6839, 47.3707]], [[8.6839, 47.3707], [8.6815, 47.3721], [8.6754, 47.3757], [8.6752, 47.3758], [8.6744, 47.3762], [8.6733, 47.3768], [8.6729, 47.377], [8.6664, 47.3803], [8.6632, 47.382]], [[8.6631, 47.382], [8.663, 47.382]], [[8.663, 47.382], [8.6623, 47.3824], [8.662, 47.3826], [8.6617, 47.3827], [8.6608, 47.3831]], [[8.6608, 47.3831], [8.6601, 47.3835], [8.6595, 47.3838], [8.6587, 47.3842], [8.6582, 47.3844], [8.6578, 47.3846], [8.6568, 47.3851], [8.6566, 47.3853], [8.6553, 47.3859], [8.6541, 47.3866], [8.6529, 47.3872], [8.6517, 47.3878]], [[8.6517, 47.3878], [8.651, 47.3881], [8.6506, 47.3883], [8.6496, 47.3889], [8.6453, 47.391], [8.645, 47.3912], [8.6446, 47.3914], [8.6444, 47.3915], [8.6442, 47.3916], [8.644, 47.3917], [8.6437, 47.3918], [8.6433, 47.392], [8.6428, 47.3922], [8.6408, 47.393], [8.6398, 47.3934]], [[8.6398, 47.3934], [8.6395, 47.3935]], [[8.6395, 47.3935], [8.6331, 47.3962], [8.6322, 47.3965], [8.6317, 47.3968], [8.6314, 47.3968], [8.631, 47.397], [8.6292, 47.3978]], [[8.6292, 47.3978], [8.6283, 47.3982]], [[8.6283, 47.3982], [8.6278, 47.3984], [8.6272, 47.3987], [8.6267, 47.3989], [8.6263, 47.3991], [8.6248, 47.3997], [8.6234, 47.4002], [8.6227, 47.4005], [8.6223, 47.4007], [8.6221, 47.4008], [8.6219, 47.4008], [8.6217, 47.4009], [8.6215, 47.401], [8.6211, 47.4012]], [[8.6211, 47.4012], [8.6208, 47.4013]], [[8.6208, 47.4013], [8.6205, 47.4014], [8.6202, 47.4015], [8.6195, 47.4018], [8.6188, 47.4021]], [[8.6188, 47.4021], [8.6187, 47.4021]], [[8.6187, 47.4021], [8.6186, 47.4022]], [[8.6184, 47.4023], [8.6171, 47.4028], [8.6149, 47.4037], [8.6143, 47.4039], [8.6135, 47.4043]], [[8.6135, 47.4043], [8.613, 47.4044], [8.6127, 47.4046], [8.6124, 47.4047], [8.6119, 47.4049]], [[8.6119, 47.4049], [8.6116, 47.4049]], [[8.6116, 47.4049], [8.6114, 47.405], [8.6112, 47.4051], [8.611, 47.4051], [8.6109, 47.4052], [8.6108, 47.4052], [8.6106, 47.4052], [8.6104, 47.4053], [8.6103, 47.4053], [8.6101, 47.4053], [8.6099, 47.4054]], [[8.6099, 47.4054], [8.6098, 47.4054], [8.6096, 47.4054], [8.6095, 47.4054], [8.6094, 47.4054], [8.6093, 47.4054], [8.6091, 47.4054], [8.609, 47.4054], [8.6089, 47.4054], [8.6088, 47.4054], [8.6087, 47.4054], [8.6086, 47.4054], [8.6085, 47.4054], [8.6084, 47.4054], [8.6083, 47.4054], [8.6082, 47.4054], [8.6081, 47.4054], [8.608, 47.4054], [8.6079, 47.4054], [8.6078, 47.4054], [8.6077, 47.4054], [8.6075, 47.4053], [8.6074, 47.4053], [8.6073, 47.4053], [8.6072, 47.4053], [8.6071, 47.4053], [8.607, 47.4052], [8.6069, 47.4052], [8.6068, 47.4052], [8.6067, 47.4052], [8.6066, 47.4051], [8.6065, 47.4051], [8.6064, 47.4051], [8.6063, 47.4051], [8.6061, 47.405], [8.606, 47.4049], [8.6059, 47.4049], [8.6057, 47.4048], [8.6056, 47.4048], [8.6054, 47.4047], [8.6052, 47.4046], [8.605, 47.4045], [8.6048, 47.4045]], [[8.6048, 47.4045], [8.6042, 47.4042], [8.6026, 47.4033], [8.6017, 47.4029], [8.601, 47.4025], [8.6005, 47.4022]], [[8.6005, 47.4022], [8.6003, 47.4022], [8.6002, 47.4021], [8.6001, 47.402], [8.6, 47.4019], [8.5998, 47.4019], [8.5997, 47.4018]], [[8.5997, 47.4018], [8.5996, 47.4017], [8.5994, 47.4015], [8.5992, 47.4014], [8.599, 47.4012], [8.5989, 47.4011], [8.5988, 47.401], [8.5987, 47.4009], [8.5985, 47.4007], [8.5984, 47.4006], [8.5981, 47.4003]], [[8.5981, 47.4003], [8.5979, 47.4], [8.5977, 47.3997], [8.5974, 47.3994], [8.5972, 47.399]], [[8.5972, 47.399], [8.5971, 47.3988], [8.597, 47.3987]], [[8.597, 47.3987], [8.5968, 47.3984], [8.5967, 47.3981]], [[8.5501, 47.366], [8.5499, 47.366], [8.5497, 47.3661], [8.5495, 47.3662], [8.5493, 47.3663], [8.5492, 47.3664], [8.549, 47.3665], [8.5489, 47.3665], [8.5487, 47.3667], [8.5485, 47.3667], [8.5484, 47.3669], [8.5482, 47.367], [8.5481, 47.3671], [8.548, 47.3672], [8.5479, 47.3673], [8.5478, 47.3674], [8.5477, 47.3675], [8.5477, 47.3676]], [[8.5323, 47.3805], [8.5313, 47.3808], [8.531, 47.3809], [8.5307, 47.381], [8.5305, 47.381]], [[8.5305, 47.381], [8.5299, 47.3811], [8.5296, 47.3812], [8.5293, 47.3812], [8.5291, 47.3813], [8.5289, 47.3813], [8.5287, 47.3814], [8.5286, 47.3814], [8.5285, 47.3814]], [[8.5285, 47.3814], [8.5283, 47.3815], [8.5282, 47.3815], [8.5281, 47.3816], [8.528, 47.3816]], [[8.528, 47.3816], [8.5279, 47.3817], [8.5278, 47.3817], [8.5276, 47.3818], [8.5275, 47.3818], [8.5274, 47.3819], [8.5272, 47.382], [8.5271, 47.382], [8.5267, 47.3823], [8.5266, 47.3823], [8.5263, 47.3824], [8.526, 47.3826], [8.5258, 47.3827], [8.5257, 47.3828], [8.5254, 47.3829], [8.5253, 47.3829], [8.5251, 47.383], [8.5249, 47.3831], [8.5248, 47.3831], [8.5246, 47.3832], [8.5243, 47.3833], [8.5241, 47.3833], [8.5238, 47.3834], [8.5235, 47.3835], [8.523, 47.3837], [8.5226, 47.3838]], [[8.5226, 47.3838], [8.5209, 47.3842]], [[8.5209, 47.3842], [8.5206, 47.3843], [8.5205, 47.3843], [8.5204, 47.3843], [8.5203, 47.3844], [8.5202, 47.3844], [8.5201, 47.3844], [8.5198, 47.3845], [8.5195, 47.3845], [8.5194, 47.3845], [8.5192, 47.3845], [8.5191, 47.3846], [8.519, 47.3846], [8.5189, 47.3846], [8.5188, 47.3846]], [[8.5188, 47.3846], [8.5186, 47.3847], [8.5185, 47.3847], [8.5184, 47.3847], [8.5174, 47.385], [8.5153, 47.3856], [8.515, 47.3856], [8.515, 47.3857], [8.5148, 47.3857], [8.5146, 47.3858], [8.5145, 47.3858], [8.5143, 47.3859]], [[8.5143, 47.3859], [8.514, 47.3859], [8.5137, 47.386], [8.5135, 47.3861], [8.5133, 47.3862], [8.513, 47.3863], [8.5128, 47.3863], [8.5127, 47.3864], [8.5126, 47.3864], [8.5124, 47.3865], [8.512, 47.3867], [8.5119, 47.3867]], [[8.5119, 47.3867], [8.5102, 47.3874]], [[8.5102, 47.3874], [8.5098, 47.3875], [8.5095, 47.3876], [8.5094, 47.3877], [8.5092, 47.3877], [8.509, 47.3878], [8.5088, 47.3878], [8.5086, 47.3879], [8.5085, 47.388], [8.5083, 47.388], [8.5081, 47.388], [8.508, 47.3881], [8.5078, 47.3881]], [[8.5078, 47.3881], [8.5076, 47.3882], [8.5073, 47.3882], [8.5071, 47.3883], [8.5069, 47.3883], [8.5066, 47.3883], [8.5063, 47.3884], [8.5061, 47.3884], [8.5057, 47.3885], [8.5047, 47.3886], [8.5044, 47.3886], [8.5041, 47.3887], [8.5039, 47.3887], [8.5037, 47.3887]], [[8.5037, 47.3887], [8.5035, 47.3887], [8.5033, 47.3888], [8.5031, 47.3888], [8.5029, 47.3889], [8.5026, 47.3889], [8.5024, 47.389], [8.5019, 47.3891]], [[8.5019, 47.3891], [8.5009, 47.3893], [8.5005, 47.3894], [8.5, 47.3895], [8.4995, 47.3896], [8.4992, 47.3896], [8.4987, 47.3897], [8.4975, 47.3898], [8.4966, 47.3899], [8.4963, 47.3899], [8.4962, 47.3899], [8.496, 47.39], [8.4959, 47.39], [8.4957, 47.39], [8.4953, 47.3901], [8.4951, 47.3901]], [[8.4951, 47.3901], [8.495, 47.3901], [8.4944, 47.3902]], [[8.4944, 47.3902], [8.4942, 47.3903]], [[8.4942, 47.3903], [8.494, 47.3903], [8.4939, 47.3903], [8.4937, 47.3904], [8.4934, 47.3904], [8.4932, 47.3905], [8.4927, 47.3906]], [[8.4923, 47.3907], [8.4927, 47.3906]], [[8.4875, 47.392], [8.4891, 47.3916], [8.4923, 47.3907]], [[8.4875, 47.392], [8.4873, 47.3921], [8.4871, 47.3921], [8.487, 47.3921], [8.4866, 47.3922], [8.4864, 47.3923], [8.4863, 47.3923]], [[8.4863, 47.3923], [8.4861, 47.3923], [8.4859, 47.3924], [8.4857, 47.3924], [8.4856, 47.3924], [8.4855, 47.3924], [8.4854, 47.3924], [8.4853, 47.3924], [8.4852, 47.3924], [8.4851, 47.3924], [8.485, 47.3924]], [[8.485, 47.3924], [8.4849, 47.3924], [8.4847, 47.3924], [8.4846, 47.3924], [8.4844, 47.3924], [8.4842, 47.3924], [8.484, 47.3924], [8.4839, 47.3924], [8.4837, 47.3924], [8.4835, 47.3923], [8.48, 47.3918], [8.4797, 47.3918], [8.4795, 47.3918], [8.4793, 47.3917], [8.4791, 47.3917], [8.479, 47.3917]], [[8.4406, 47.3916], [8.4398, 47.3916], [8.4392, 47.3915], [8.4373, 47.3914], [8.4369, 47.3914], [8.4366, 47.3913], [8.4363, 47.3913], [8.4359, 47.3912], [8.4356, 47.3912], [8.4354, 47.3911], [8.4351, 47.3911], [8.4347, 47.391], [8.4344, 47.3909], [8.434, 47.3907], [8.4337, 47.3906], [8.4333, 47.3904], [8.4329, 47.3902], [8.4327, 47.3901], [8.4324, 47.3899], [8.4322, 47.3897], [8.4319, 47.3896], [8.4317, 47.3894], [8.4315, 47.3892], [8.4312, 47.3889], [8.4309, 47.3885], [8.4307, 47.3881], [8.4305, 47.3878], [8.4302, 47.3871], [8.4299, 47.3865], [8.4298, 47.3863], [8.4297, 47.3861], [8.4297, 47.3859], [8.4296, 47.3857], [8.4295, 47.3852], [8.4294, 47.3849], [8.4294, 47.3846], [8.4294, 47.3842], [8.4294, 47.3838], [8.4294, 47.3836], [8.4294, 47.3833], [8.4295, 47.3831], [8.4295, 47.3828], [8.4296, 47.3826], [8.4297, 47.3823], [8.4298, 47.382], [8.43, 47.3816], [8.4302, 47.3812], [8.4303, 47.381], [8.4305, 47.3807], [8.4307, 47.3803], [8.4311, 47.3798], [8.4318, 47.3791], [8.4321, 47.3787], [8.4323, 47.3784], [8.4325, 47.3781], [8.4325, 47.378], [8.4327, 47.3778], [8.4328, 47.3775], [8.4329, 47.3772]], [[8.435, 47.3583], [8.4349, 47.3584], [8.4345, 47.3585], [8.4342, 47.3587], [8.4339, 47.3589], [8.4336, 47.3591], [8.4334, 47.3593], [8.4333, 47.3594]], [[8.4351, 47.3583], [8.435, 47.3583]], [[8.4414, 47.3567], [8.4408, 47.3567], [8.4404, 47.3567], [8.44, 47.3568], [8.4396, 47.3569], [8.4395, 47.3569], [8.439, 47.3571], [8.4375, 47.3575], [8.4357, 47.3581], [8.4353, 47.3582], [8.4351, 47.3583]], [[8.4665, 47.3347], [8.4667, 47.3342], [8.4668, 47.3339], [8.467, 47.3334], [8.4672, 47.3327]], [[8.4672, 47.3327], [8.4681, 47.3301], [8.4682, 47.3297], [8.4683, 47.3294], [8.4683, 47.3292], [8.4683, 47.329], [8.4684, 47.3287]], [[8.4684, 47.3287], [8.4684, 47.3283], [8.4684, 47.3279], [8.4683, 47.3276]], [[8.4683, 47.3276], [8.4683, 47.3274], [8.4682, 47.327], [8.4681, 47.3262], [8.468, 47.3252], [8.4679, 47.325], [8.4678, 47.3244]], [[8.4678, 47.3244], [8.4677, 47.3238], [8.4673, 47.3214]], [[8.4673, 47.3214], [8.4673, 47.3212], [8.4673, 47.3209], [8.4672, 47.3206], [8.4671, 47.3204], [8.467, 47.3202], [8.467, 47.32], [8.4669, 47.3198], [8.4667, 47.3196], [8.4666, 47.3195], [8.4665, 47.3192], [8.4663, 47.3191], [8.4661, 47.3189], [8.4659, 47.3187], [8.4658, 47.3186], [8.4656, 47.3185]], [[8.4655, 47.3184], [8.4654, 47.3183], [8.4653, 47.3183], [8.4652, 47.3182], [8.4651, 47.3182], [8.465, 47.3181], [8.4649, 47.3181], [8.4648, 47.318], [8.4647, 47.3179], [8.4646, 47.3179], [8.4645, 47.3178], [8.4644, 47.3178], [8.4642, 47.3177], [8.4641, 47.3177], [8.464, 47.3177], [8.4639, 47.3176], [8.4637, 47.3176], [8.4636, 47.3175], [8.4635, 47.3175], [8.4634, 47.3175], [8.4633, 47.3175], [8.4632, 47.3174], [8.4631, 47.3174], [8.4629, 47.3174], [8.4628, 47.3174], [8.4626, 47.3173], [8.4622, 47.3173], [8.4619, 47.3172]], [[8.4653, 47.2232], [8.4653, 47.223], [8.4654, 47.2229], [8.4656, 47.2227], [8.4657, 47.2226], [8.4657, 47.2224], [8.4658, 47.2223], [8.4658, 47.2222], [8.4668, 47.2205], [8.468, 47.2184], [8.468, 47.2183], [8.4681, 47.2182], [8.4681, 47.2181], [8.4682, 47.218], [8.4682, 47.2179], [8.4683, 47.2178], [8.4683, 47.2177], [8.4684, 47.2176], [8.4684, 47.2175], [8.4685, 47.2174]], [[8.4841, 47.181], [8.4855, 47.1805]], [[8.4855, 47.1805], [8.4859, 47.1804], [8.4937, 47.178]], [[8.4937, 47.178], [8.4938, 47.1779]], [[8.4938, 47.1779], [8.4973, 47.1768]], [[8.4973, 47.1768], [8.4976, 47.1768]], [[8.4976, 47.1768], [8.5034, 47.1749]], [[8.5034, 47.1749], [8.5043, 47.1747]], [[8.5043, 47.1747], [8.5061, 47.1741]], [[8.5061, 47.1741], [8.5063, 47.1741]], [[8.5063, 47.1741], [8.5073, 47.1737], [8.5095, 47.1731]], [[8.5106, 47.1728], [8.5102, 47.1729], [8.5101, 47.1729], [8.51, 47.173], [8.5099, 47.173], [8.5098, 47.173], [8.5097, 47.173], [8.5095, 47.1731]]]}, "properties": {"ref": "S5", "opened_year": 1990, "is_tunnel": false, "segment_count": 354}}, {"type": "Feature", "geometry": {"type": "MultiLineString", "coordinates": [[[8.5344, 47.3801], [8.5346, 47.3801], [8.5347, 47.3801], [8.535, 47.38], [8.5353, 47.3799]], [[8.5353, 47.3799], [8.5358, 47.3798]], [[8.5358, 47.3798], [8.5366, 47.3796]], [[8.5366, 47.3796], [8.5391, 47.3789], [8.5405, 47.3785], [8.542, 47.378]], [[8.542, 47.378], [8.5421, 47.378]], [[8.5421, 47.378], [8.5429, 47.3777]], [[8.5429, 47.3777], [8.5434, 47.3776], [8.5438, 47.3774], [8.5442, 47.3773], [8.5444, 47.3772], [8.5446, 47.3771], [8.5449, 47.377], [8.5451, 47.3769], [8.5453, 47.3767], [8.5454, 47.3766], [8.5457, 47.3764], [8.5459, 47.3762], [8.5461, 47.376], [8.5463, 47.3758], [8.5465, 47.3756], [8.5467, 47.3754], [8.547, 47.375], [8.5472, 47.3748], [8.5473, 47.3745], [8.5475, 47.3741], [8.5476, 47.3738], [8.5477, 47.3736], [8.5478, 47.3733], [8.5478, 47.373], [8.5479, 47.3728], [8.5479, 47.3726], [8.5479, 47.3723], [8.5479, 47.3721], [8.5479, 47.3719], [8.5478, 47.3717], [8.5477, 47.3714], [8.5477, 47.3712], [8.5476, 47.371], [8.5475, 47.3709], [8.5473, 47.3704], [8.5472, 47.3702], [8.5472, 47.37], [8.5471, 47.3698], [8.5471, 47.3697], [8.5471, 47.3694], [8.5471, 47.3692], [8.5471, 47.3691], [8.5472, 47.3689]], [[8.5478, 47.3676], [8.5477, 47.3678], [8.5476, 47.3679], [8.5474, 47.3682], [8.5473, 47.3684], [8.5473, 47.3685], [8.5472, 47.3687], [8.5472, 47.3689]], [[8.5502, 47.3661], [8.5498, 47.3662], [8.5495, 47.3664], [8.5493, 47.3665], [8.5491, 47.3666], [8.549, 47.3667], [8.5488, 47.3668], [8.5486, 47.367], [8.5483, 47.3672], [8.5481, 47.3674], [8.5479, 47.3675], [8.5478, 47.3676]], [[8.5949, 47.3939], [8.595, 47.3943], [8.5951, 47.3945], [8.5953, 47.3953], [8.5954, 47.3954], [8.5955, 47.3957], [8.5957, 47.3963], [8.5959, 47.3969], [8.596, 47.3972], [8.5963, 47.3977], [8.5965, 47.3982]], [[8.5967, 47.3981], [8.5964, 47.3976], [8.5962, 47.3973], [8.5962, 47.3972], [8.596, 47.3968], [8.5958, 47.3963], [8.5956, 47.3957], [8.5955, 47.3954], [8.5954, 47.3952], [8.5951, 47.3945], [8.595, 47.3939], [8.5948, 47.3936], [8.5947, 47.3933]], [[8.552, 47.3656], [8.5513, 47.3657], [8.5509, 47.3658], [8.5505, 47.3659]], [[8.5505, 47.3659], [8.5503, 47.3659], [8.5501, 47.366]], [[8.5477, 47.3676], [8.5475, 47.3677], [8.5475, 47.3679], [8.5473, 47.3681], [8.5473, 47.3683], [8.5472, 47.3687]], [[8.5472, 47.3687], [8.5471, 47.3689], [8.5471, 47.3691], [8.5471, 47.3693], [8.5471, 47.3695], [8.5471, 47.3697], [8.5471, 47.3698], [8.5471, 47.37], [8.5472, 47.3702], [8.5473, 47.3704], [8.5475, 47.3709], [8.5476, 47.3712], [8.5477, 47.3714], [8.5478, 47.3717], [8.5478, 47.3719], [8.5479, 47.3721], [8.5479, 47.3723], [8.5478, 47.3725], [8.5478, 47.3728], [8.5478, 47.373], [8.5477, 47.3733], [8.5477, 47.3736], [8.5476, 47.3738], [8.5475, 47.3741], [8.5473, 47.3745], [8.5471, 47.3747], [8.547, 47.375], [8.5467, 47.3754], [8.5465, 47.3756], [8.5463, 47.3758], [8.5461, 47.376], [8.5459, 47.3762], [8.5456, 47.3764], [8.5454, 47.3766], [8.5452, 47.3767], [8.545, 47.3768], [8.5448, 47.3769], [8.5446, 47.377], [8.5442, 47.3772], [8.5438, 47.3773], [8.543, 47.3776]], [[8.543, 47.3776], [8.5425, 47.3778], [8.5421, 47.3779]], [[8.5421, 47.3779], [8.542, 47.378]], [[8.542, 47.378], [8.5417, 47.3781], [8.541, 47.3783], [8.5403, 47.3785], [8.5391, 47.3788], [8.5366, 47.3795]], [[8.5366, 47.3795], [8.5358, 47.3797]], [[8.5358, 47.3797], [8.5353, 47.3799]], [[8.5353, 47.3799], [8.535, 47.3799], [8.5346, 47.38], [8.5343, 47.3801]]]}, "properties": {"ref": "S5", "opened_year": 1990, "is_tunnel": true, "segment_count": 21}}, {"type": "Feature", "geometry": {"type": "MultiLineString", "coordinates": [[[8.3169, 47.4589], [8.3159, 47.4595], [8.3157, 47.4596], [8.3156, 47.4596], [8.3153, 47.4598], [8.3151, 47.4599], [8.3132, 47.461], [8.315, 47.4599], [8.3151, 47.4599], [8.3153, 47.4598], [8.3156, 47.4595], [8.3158, 47.4594], [8.3168, 47.4589], [8.3169, 47.4589]], [[8.3589, 47.4459], [8.3588, 47.4459], [8.3583, 47.4459], [8.3578, 47.4459], [8.3573, 47.4459], [8.3559, 47.4459], [8.3589, 47.4459]], [[8.3898, 47.4555], [8.3891, 47.4553], [8.3889, 47.4552], [8.3889, 47.4553], [8.3888, 47.4553], [8.388, 47.455], [8.3878, 47.4549], [8.3872, 47.4547], [8.3891, 47.4553], [8.3898, 47.4555]], [[8.403, 47.4558], [8.4044, 47.4557], [8.4044, 47.4556], [8.403, 47.4557], [8.4002, 47.4559], [8.4002, 47.456], [8.4013, 47.4559], [8.4019, 47.4559], [8.4019, 47.4558], [8.4023, 47.4558], [8.4028, 47.4558], [8.403, 47.4558]], [[8.4351, 47.4534], [8.438, 47.4532], [8.4377, 47.4532], [8.4374, 47.4532], [8.4358, 47.4534], [8.4354, 47.4534], [8.4351, 47.4534]], [[8.4725, 47.4365], [8.4726, 47.4365], [8.4725, 47.4366], [8.4722, 47.4367], [8.472, 47.4369], [8.4714, 47.4372], [8.4709, 47.4374], [8.4707, 47.4375], [8.4702, 47.4378], [8.4701, 47.4377], [8.4707, 47.4375], [8.4713, 47.4371], [8.4719, 47.4368], [8.4725, 47.4365]], [[8.5106, 47.4203], [8.5103, 47.4204], [8.51, 47.4205], [8.5097, 47.4206], [8.5092, 47.4207], [8.5079, 47.4211], [8.5083, 47.421], [8.5088, 47.4208], [8.5094, 47.4207], [8.5097, 47.4206], [8.5099, 47.4205], [8.5102, 47.4204], [8.5106, 47.4203]], [[8.5153, 47.3857], [8.5156, 47.3856], [8.5159, 47.3855], [8.5162, 47.3854], [8.5166, 47.3853], [8.5169, 47.3853], [8.517, 47.3852], [8.5173, 47.3851], [8.5177, 47.385], [8.5178, 47.385], [8.5185, 47.3848], [8.519, 47.3847], [8.5195, 47.3846], [8.5186, 47.3849], [8.5179, 47.3851], [8.5177, 47.3851], [8.5173, 47.3852], [8.517, 47.3853], [8.5166, 47.3854], [8.5162, 47.3855], [8.516, 47.3856], [8.5156, 47.3856], [8.5153, 47.3857]], [[8.5481, 47.3673], [8.5483, 47.3671], [8.5485, 47.3669], [8.5486, 47.3669], [8.5488, 47.3668], [8.5489, 47.3667], [8.5491, 47.3666], [8.5493, 47.3665], [8.5495, 47.3664], [8.5496, 47.3663], [8.5498, 47.3662], [8.5502, 47.3661], [8.5502, 47.366], [8.5501, 47.366], [8.5498, 47.3662], [8.5495, 47.3663], [8.5494, 47.3663], [8.5492, 47.3664], [8.549, 47.3665], [8.5488, 47.3666], [8.5487, 47.3667], [8.5485, 47.3669], [8.5484, 47.3669], [8.5482, 47.3671], [8.5481, 47.3671], [8.548, 47.3672], [8.5479, 47.3674], [8.5478, 47.3676], [8.548, 47.3674], [8.5481, 47.3673]], [[8.5693, 47.3375], [8.5693, 47.3377], [8.5692, 47.3378], [8.5691, 47.3379], [8.569, 47.338], [8.569, 47.3382], [8.5689, 47.3384], [8.5688, 47.3385], [8.5687, 47.3387], [8.5688, 47.3387], [8.5689, 47.3385], [8.5689, 47.3384], [8.5691, 47.3381], [8.5693, 47.3378], [8.5694, 47.3376], [8.5695, 47.3374], [8.5704, 47.336], [8.5703, 47.336], [8.5702, 47.3362], [8.5701, 47.3364], [8.5699, 47.3366], [8.5696, 47.337], [8.5694, 47.3374], [8.5693, 47.3375]], [[8.5774, 47.3253], [8.5775, 47.3253], [8.577, 47.3258], [8.5769, 47.3259], [8.5768, 47.326], [8.5766, 47.3262], [8.5764, 47.3263], [8.576, 47.3267], [8.5756, 47.3271], [8.5755, 47.3271], [8.5754, 47.3272], [8.5753, 47.3274], [8.5752, 47.3275], [8.575, 47.3277], [8.575, 47.3276], [8.5752, 47.3274], [8.5754, 47.3272], [8.5755, 47.3271], [8.5757, 47.327], [8.576, 47.3267], [8.5764, 47.3263], [8.5765, 47.3262], [8.5767, 47.326], [8.5769, 47.3258], [8.5774, 47.3253]], [[8.58, 47.321], [8.5801, 47.321], [8.5803, 47.3205], [8.5806, 47.3199], [8.5808, 47.3195], [8.5809, 47.3193], [8.581, 47.319], [8.581, 47.3189], [8.581, 47.3188], [8.5811, 47.3187], [8.5813, 47.3181], [8.5812, 47.3181], [8.581, 47.3187], [8.5809, 47.3188], [8.5809, 47.3189], [8.5809, 47.319], [8.5808, 47.3192], [8.5807, 47.3195], [8.5805, 47.3199], [8.5802, 47.3205], [8.58, 47.321]], [[8.5929, 47.3044], [8.5926, 47.3047], [8.5923, 47.3049], [8.5921, 47.3051], [8.592, 47.3053], [8.5917, 47.3057], [8.5917, 47.3058], [8.5909, 47.3069], [8.5909, 47.307], [8.5915, 47.3061], [8.5917, 47.3058], [8.5918, 47.3057], [8.5919, 47.3055], [8.5921, 47.3054], [8.5922, 47.3052], [8.5924, 47.305], [8.5926, 47.3047], [8.5929, 47.3044]], [[8.5995, 47.2961], [8.5995, 47.2962], [8.5992, 47.2969], [8.5992, 47.2971], [8.5991, 47.2971], [8.599, 47.2973], [8.599, 47.2974], [8.599, 47.2975], [8.5989, 47.2975], [8.5988, 47.2977], [8.5988, 47.2978], [8.5987, 47.2979], [8.5986, 47.298], [8.5985, 47.2981], [8.5984, 47.2983], [8.5983, 47.2984], [8.5982, 47.2984], [8.5984, 47.2983], [8.5984, 47.2981], [8.5986, 47.298], [8.5987, 47.2978], [8.5988, 47.2976], [8.5989, 47.2974], [8.5991, 47.2971], [8.5991, 47.297], [8.5992, 47.2968], [8.5994, 47.2964], [8.5995, 47.2961]], [[8.6818, 47.2581], [8.6815, 47.2581], [8.6811, 47.2582], [8.6808, 47.2583], [8.6806, 47.2583], [8.6804, 47.2584], [8.6802, 47.2584], [8.6801, 47.2585], [8.6799, 47.2585], [8.6797, 47.2586], [8.6795, 47.2587], [8.6793, 47.2587], [8.6792, 47.2588], [8.6789, 47.2589], [8.6787, 47.259], [8.6786, 47.259], [8.6784, 47.2591], [8.6782, 47.2592], [8.678, 47.2593], [8.6782, 47.2592], [8.6785, 47.2591], [8.6789, 47.2589], [8.6793, 47.2588], [8.6796, 47.2587], [8.6798, 47.2586], [8.6801, 47.2585], [8.6803, 47.2585], [8.6804, 47.2584], [8.6806, 47.2584], [8.6808, 47.2583], [8.681, 47.2583], [8.6813, 47.2582], [8.6815, 47.2582], [8.6818, 47.2581]], [[8.3068, 47.4744], [8.3069, 47.4747], [8.307, 47.4748], [8.3071, 47.475], [8.3071, 47.4751], [8.3072, 47.4752], [8.3072, 47.4754], [8.3073, 47.4756], [8.3075, 47.4765], [8.3077, 47.477], [8.3077, 47.4772], [8.3078, 47.4774]], [[8.3066, 47.4741], [8.3068, 47.4744]], [[8.306, 47.4655], [8.3063, 47.4653], [8.3065, 47.4651], [8.3067, 47.465], [8.3069, 47.4648]], [[8.3069, 47.4648], [8.3072, 47.4646]], [[8.3072, 47.4646], [8.3076, 47.4644], [8.3078, 47.4642], [8.3081, 47.4641]], [[8.3081, 47.4641], [8.3093, 47.4634], [8.31, 47.4629]], [[8.31, 47.4629], [8.3102, 47.4628]], [[8.3106, 47.4626], [8.3102, 47.4628]], [[8.3131, 47.4611], [8.3124, 47.4616], [8.311, 47.4624], [8.3106, 47.4626]], [[8.3152, 47.4599], [8.3131, 47.4611]], [[8.3172, 47.4587], [8.3152, 47.4599]], [[8.3245, 47.4585], [8.3243, 47.4584], [8.3241, 47.4584], [8.3238, 47.4584], [8.3236, 47.4583], [8.3233, 47.4583], [8.3232, 47.4582], [8.3228, 47.4582], [8.3225, 47.4581], [8.3222, 47.458], [8.3219, 47.458], [8.3217, 47.4579], [8.3214, 47.4579], [8.321, 47.4579], [8.3207, 47.4579], [8.3205, 47.4579], [8.3203, 47.4579], [8.32, 47.4579], [8.3198, 47.4579], [8.3196, 47.4579], [8.3194, 47.4579], [8.3192, 47.4579], [8.3191, 47.458], [8.3189, 47.458], [8.3187, 47.4581], [8.3185, 47.4581], [8.3183, 47.4582], [8.3182, 47.4582], [8.318, 47.4583], [8.3179, 47.4583], [8.3177, 47.4584], [8.3176, 47.4585], [8.3174, 47.4586], [8.3172, 47.4587]], [[8.3426, 47.4499], [8.3383, 47.4524], [8.3361, 47.4536], [8.334, 47.4549], [8.3319, 47.456], [8.3303, 47.4569], [8.3298, 47.4572], [8.3296, 47.4573], [8.3294, 47.4574], [8.3292, 47.4575], [8.329, 47.4576], [8.3288, 47.4577], [8.3286, 47.4578], [8.3283, 47.4579], [8.3281, 47.458], [8.3279, 47.4581], [8.3277, 47.4581], [8.3274, 47.4582], [8.3273, 47.4582], [8.327, 47.4583], [8.3268, 47.4583], [8.3265, 47.4584], [8.3263, 47.4584], [8.326, 47.4584], [8.3258, 47.4584], [8.3256, 47.4585], [8.3254, 47.4585], [8.3252, 47.4585], [8.325, 47.4585], [8.3248, 47.4585], [8.3245, 47.4585]], [[8.3432, 47.4495], [8.3426, 47.4499]], [[8.3536, 47.4459], [8.3533, 47.4459], [8.353, 47.4459], [8.3528, 47.4459], [8.3527, 47.4459], [8.3524, 47.4459], [8.3522, 47.4459], [8.352, 47.4459], [8.3517, 47.446], [8.3515, 47.446], [8.3511, 47.4461], [8.3507, 47.4462], [8.3504, 47.4462], [8.3502, 47.4463], [8.3499, 47.4463], [8.3496, 47.4464], [8.3492, 47.4465], [8.3489, 47.4466], [8.3486, 47.4467], [8.3481, 47.4469], [8.3477, 47.4471], [8.3473, 47.4472], [8.3469, 47.4474], [8.3466, 47.4476], [8.3461, 47.4479], [8.3432, 47.4495]], [[8.3538, 47.4459], [8.3536, 47.4459]], [[8.3555, 47.4459], [8.3538, 47.4459]], [[8.3592, 47.4459], [8.359, 47.4459], [8.3578, 47.4459], [8.3555, 47.4459]], [[8.3602, 47.4458], [8.36, 47.4458], [8.3599, 47.4458], [8.3595, 47.4459], [8.3593, 47.4459], [8.3592, 47.4459]], [[8.3627, 47.4459], [8.3624, 47.4459], [8.3622, 47.4459], [8.362, 47.4459], [8.3617, 47.4458], [8.3614, 47.4458], [8.3604, 47.4458], [8.3602, 47.4458]], [[8.3628, 47.4459], [8.3627, 47.4459]], [[8.3663, 47.4469], [8.3661, 47.4468], [8.3658, 47.4467], [8.3657, 47.4466], [8.3654, 47.4465], [8.3651, 47.4464], [8.3647, 47.4463], [8.3645, 47.4462], [8.3643, 47.4462], [8.3641, 47.4461], [8.3639, 47.4461], [8.3636, 47.446], [8.3633, 47.446], [8.3631, 47.4459], [8.3628, 47.4459]], [[8.3664, 47.4469], [8.3663, 47.4469]], [[8.3788, 47.4521], [8.3754, 47.4511], [8.3746, 47.4509], [8.3731, 47.4504], [8.3729, 47.4504], [8.3725, 47.4502], [8.3722, 47.4502], [8.3721, 47.4501], [8.3717, 47.4499], [8.3715, 47.4499], [8.3713, 47.4498], [8.3711, 47.4497], [8.3709, 47.4496], [8.3704, 47.4493], [8.3693, 47.4486], [8.3685, 47.4482], [8.3674, 47.4475], [8.3672, 47.4474], [8.367, 47.4472], [8.3667, 47.4471], [8.3666, 47.447], [8.3664, 47.4469]], [[8.3789, 47.4522], [8.3788, 47.4521]], [[8.3827, 47.4533], [8.3807, 47.4527], [8.3789, 47.4522]], [[8.3865, 47.4545], [8.3852, 47.4541], [8.3849, 47.454], [8.384, 47.4537], [8.3837, 47.4536], [8.3833, 47.4535], [8.3827, 47.4533]], [[8.3865, 47.4545], [8.3872, 47.4547], [8.3881, 47.455], [8.39, 47.4555]], [[8.3909, 47.4558], [8.3902, 47.4556], [8.39, 47.4555]], [[8.3909, 47.4558], [8.3914, 47.456], [8.3916, 47.456], [8.3918, 47.4561], [8.3921, 47.4561], [8.3923, 47.4561], [8.3925, 47.4562], [8.3927, 47.4562], [8.3929, 47.4562], [8.3931, 47.4563], [8.3933, 47.4563], [8.3934, 47.4563], [8.3936, 47.4563], [8.3938, 47.4563], [8.394, 47.4563], [8.3941, 47.4563], [8.3943, 47.4563], [8.3946, 47.4563], [8.3949, 47.4563], [8.3951, 47.4563], [8.3953, 47.4563], [8.3955, 47.4563], [8.3958, 47.4563], [8.3968, 47.4562], [8.3969, 47.4562], [8.3972, 47.4562], [8.3973, 47.4562], [8.3976, 47.4562], [8.3988, 47.456], [8.399, 47.456], [8.3992, 47.456], [8.3995, 47.456]], [[8.4033, 47.4557], [8.4021, 47.4558], [8.4, 47.4559], [8.3995, 47.456]], [[8.419, 47.4545], [8.4176, 47.4547], [8.4175, 47.4547], [8.4048, 47.4556], [8.4047, 47.4556], [8.4033, 47.4557]], [[8.4228, 47.4543], [8.4217, 47.4544], [8.419, 47.4545]], [[8.4229, 47.4543], [8.4228, 47.4543]], [[8.4329, 47.4535], [8.4275, 47.4539], [8.4229, 47.4543]], [[8.4345, 47.4534], [8.4329, 47.4535]], [[8.4384, 47.4531], [8.4382, 47.4531], [8.438, 47.4532], [8.4369, 47.4532], [8.4366, 47.4533], [8.4345, 47.4534]], [[8.4407, 47.4527], [8.4404, 47.4527], [8.4402, 47.4528], [8.44, 47.4528], [8.4399, 47.4529], [8.4398, 47.4529], [8.4397, 47.4529], [8.4395, 47.453], [8.4393, 47.453], [8.4392, 47.453], [8.439, 47.4531], [8.4388, 47.4531], [8.4385, 47.4531], [8.4384, 47.4531]], [[8.4438, 47.4515], [8.4436, 47.4516], [8.4434, 47.4517], [8.4432, 47.4518], [8.443, 47.4519], [8.4427, 47.452], [8.4425, 47.4521], [8.4422, 47.4522], [8.4419, 47.4523], [8.4418, 47.4524], [8.4417, 47.4524], [8.4415, 47.4525], [8.4414, 47.4525], [8.4412, 47.4525], [8.4411, 47.4526], [8.4409, 47.4526], [8.4408, 47.4527], [8.4407, 47.4527]], [[8.4446, 47.451], [8.4438, 47.4515]], [[8.4447, 47.451], [8.4446, 47.451]], [[8.4579, 47.4441], [8.4447, 47.451]], [[8.4659, 47.4399], [8.4639, 47.441], [8.4579, 47.4441]], [[8.4664, 47.4397], [8.4659, 47.4399]], [[8.4669, 47.4394], [8.4664, 47.4397]], [[8.4701, 47.4378], [8.4669, 47.4394]], [[8.473, 47.4362], [8.4726, 47.4364], [8.4719, 47.4368], [8.4713, 47.4371], [8.4701, 47.4378]], [[8.4757, 47.4347], [8.4755, 47.4348], [8.4754, 47.4349], [8.4752, 47.435], [8.4751, 47.4351], [8.475, 47.4351], [8.475, 47.4352], [8.4748, 47.4353], [8.4746, 47.4354], [8.4744, 47.4355], [8.4738, 47.4358], [8.4734, 47.436], [8.473, 47.4362]], [[8.4766, 47.4341], [8.4759, 47.4346], [8.4757, 47.4347]], [[8.4769, 47.4339], [8.4766, 47.4341]], [[8.4886, 47.4261], [8.4885, 47.4262], [8.4883, 47.4262], [8.4876, 47.4263], [8.4875, 47.4264], [8.4873, 47.4264], [8.4871, 47.4264], [8.487, 47.4265], [8.4868, 47.4265], [8.4867, 47.4266], [8.4865, 47.4266], [8.4863, 47.4267], [8.4862, 47.4267], [8.4861, 47.4267], [8.486, 47.4268], [8.4859, 47.4268], [8.4858, 47.4269], [8.4856, 47.4269], [8.4855, 47.427], [8.4854, 47.4271], [8.4853, 47.4271], [8.4852, 47.4272], [8.4851, 47.4272], [8.4849, 47.4273], [8.4848, 47.4274], [8.4847, 47.4275], [8.4846, 47.4276], [8.4845, 47.4277], [8.4844, 47.4277], [8.4843, 47.4278], [8.4842, 47.4279], [8.4841, 47.428], [8.484, 47.4281], [8.4839, 47.4282], [8.4838, 47.4283], [8.4837, 47.4284], [8.4836, 47.4286], [8.4835, 47.4287], [8.4833, 47.4289], [8.4831, 47.4291], [8.483, 47.4293], [8.4829, 47.4294], [8.4828, 47.4295], [8.4827, 47.4296], [8.4826, 47.4297], [8.4825, 47.4298], [8.4824, 47.4298], [8.4823, 47.4299], [8.4822, 47.43], [8.4821, 47.4301], [8.4819, 47.4302], [8.4811, 47.4308], [8.4805, 47.4313], [8.4779, 47.4331], [8.4769, 47.4339]], [[8.4966, 47.4241], [8.4952, 47.4245], [8.4938, 47.4248], [8.4921, 47.4253], [8.4912, 47.4255], [8.4903, 47.4257], [8.489, 47.426], [8.4886, 47.4261]], [[8.4971, 47.424], [8.4966, 47.4241]], [[8.5074, 47.4213], [8.5073, 47.4213], [8.506, 47.4216], [8.5053, 47.4218], [8.5048, 47.422], [8.5043, 47.4221], [8.5033, 47.4224], [8.5032, 47.4224], [8.502, 47.4227], [8.5007, 47.4231], [8.5, 47.4232], [8.4996, 47.4233], [8.498, 47.4237], [8.4971, 47.424]], [[8.5106, 47.4203], [8.5105, 47.4204], [8.5104, 47.4204], [8.5102, 47.4205], [8.5101, 47.4205], [8.5099, 47.4206], [8.5096, 47.4207], [8.5093, 47.4207], [8.509, 47.4208], [8.5084, 47.421], [8.5078, 47.4212], [8.5075, 47.4212], [8.5074, 47.4213]], [[8.523, 47.4171], [8.522, 47.4172], [8.5209, 47.4173], [8.5205, 47.4173], [8.5202, 47.4173], [8.52, 47.4173], [8.5199, 47.4174], [8.5196, 47.4174], [8.5193, 47.4174], [8.5191, 47.4174], [8.5189, 47.4175], [8.5187, 47.4175], [8.5185, 47.4175], [8.5183, 47.4176], [8.5182, 47.4176], [8.518, 47.4177], [8.5178, 47.4177], [8.5177, 47.4177], [8.5175, 47.4178], [8.5172, 47.4178], [8.517, 47.4179], [8.5168, 47.4179], [8.5166, 47.418], [8.5164, 47.4181], [8.5163, 47.4181], [8.5161, 47.4182], [8.516, 47.4182], [8.5157, 47.4183], [8.5154, 47.4184], [8.5152, 47.4185], [8.5137, 47.4191], [8.5119, 47.4198], [8.5114, 47.42], [8.5111, 47.4201], [8.5109, 47.4202], [8.5106, 47.4203]], [[8.5231, 47.4171], [8.523, 47.4171]], [[8.533, 47.4173], [8.5318, 47.4171], [8.5315, 47.417], [8.5311, 47.417], [8.5308, 47.4169], [8.5304, 47.4169], [8.53, 47.4168], [8.5296, 47.4168], [8.5293, 47.4168], [8.5289, 47.4168], [8.5285, 47.4168], [8.5281, 47.4168], [8.5277, 47.4168], [8.5273, 47.4168], [8.5266, 47.4169], [8.5254, 47.4169], [8.5231, 47.4171]], [[8.5331, 47.4173], [8.533, 47.4173]], [[8.5381, 47.4181], [8.5369, 47.4179], [8.5366, 47.4179], [8.5363, 47.4179], [8.5357, 47.4178], [8.5351, 47.4177], [8.5331, 47.4173]], [[8.5382, 47.4181], [8.5381, 47.4181]], [[8.5392, 47.4182], [8.5382, 47.4181]], [[8.5425, 47.4184], [8.542, 47.4184], [8.5407, 47.4183], [8.5401, 47.4183], [8.5392, 47.4182]], [[8.5464, 47.4187], [8.544, 47.4185], [8.5425, 47.4184]], [[8.5471, 47.4188], [8.5464, 47.4187]], [[8.5475, 47.4188], [8.5471, 47.4188]], [[8.5489, 47.4187], [8.5487, 47.4188], [8.5486, 47.4188], [8.5485, 47.4188], [8.5484, 47.4188], [8.5483, 47.4188], [8.5482, 47.4188], [8.5481, 47.4189], [8.548, 47.4189], [8.5479, 47.4188], [8.5478, 47.4188], [8.5477, 47.4188], [8.5475, 47.4188]], [[8.5496, 47.4164], [8.5497, 47.4165], [8.5497, 47.4166], [8.5498, 47.4167], [8.5499, 47.4168], [8.5499, 47.4169], [8.55, 47.417], [8.55, 47.4171], [8.55, 47.4172], [8.5501, 47.4172], [8.5501, 47.4173], [8.5501, 47.4174], [8.5501, 47.4175], [8.5501, 47.4176], [8.5501, 47.4177], [8.55, 47.4178], [8.55, 47.4179], [8.55, 47.418], [8.5499, 47.418], [8.5499, 47.4181], [8.5498, 47.4181], [8.5498, 47.4182], [8.5498, 47.4183], [8.5497, 47.4183], [8.5496, 47.4184], [8.5495, 47.4184], [8.5494, 47.4185], [8.5493, 47.4186], [8.5492, 47.4186], [8.5491, 47.4187], [8.549, 47.4187], [8.5489, 47.4187]], [[8.5493, 47.4161], [8.5495, 47.4163], [8.5496, 47.4164]], [[8.5493, 47.4161], [8.5492, 47.416], [8.5492, 47.4159], [8.5489, 47.4156], [8.5488, 47.4154], [8.5487, 47.4153]], [[8.5482, 47.4147], [8.5486, 47.4152], [8.5487, 47.4153]], [[8.548, 47.4145], [8.5482, 47.4147]], [[8.548, 47.4145], [8.5477, 47.4142], [8.5475, 47.414]], [[8.5475, 47.414], [8.5473, 47.4138]], [[8.5473, 47.4138], [8.5471, 47.4136]], [[8.5471, 47.4136], [8.5469, 47.4134], [8.5469, 47.4133], [8.5468, 47.4133], [8.5467, 47.4132], [8.5466, 47.4131]], [[8.5466, 47.4131], [8.5464, 47.413], [8.5463, 47.413], [8.5463, 47.4129], [8.5461, 47.4129]], [[8.5461, 47.4129], [8.5459, 47.4128], [8.5457, 47.4127], [8.5456, 47.4126], [8.5455, 47.4126], [8.5454, 47.4125], [8.5451, 47.4124], [8.5442, 47.4121], [8.5437, 47.412], [8.5436, 47.4119], [8.5434, 47.4118], [8.5433, 47.4118], [8.5432, 47.4117], [8.543, 47.4117], [8.5429, 47.4116], [8.5427, 47.4116], [8.5426, 47.4115], [8.5424, 47.4114], [8.5423, 47.4113], [8.5422, 47.4113], [8.5421, 47.4112], [8.5419, 47.4111], [8.5418, 47.4111], [8.5416, 47.411], [8.5413, 47.4108], [8.5412, 47.4107], [8.541, 47.4106], [8.5408, 47.4105], [8.5407, 47.4104], [8.5401, 47.4101]], [[8.5401, 47.4101], [8.54, 47.4101]], [[8.54, 47.4101], [8.5397, 47.4099], [8.5394, 47.4097], [8.5392, 47.4096], [8.5389, 47.4094]], [[8.5389, 47.4094], [8.5387, 47.4092], [8.5385, 47.4091], [8.5382, 47.4088], [8.5381, 47.4087], [8.538, 47.4086], [8.5379, 47.4084], [8.5377, 47.4082], [8.5376, 47.4079]], [[8.5376, 47.4079], [8.5375, 47.4079], [8.5374, 47.4078]], [[8.5374, 47.4078], [8.5373, 47.4076], [8.5371, 47.4072], [8.5368, 47.4066], [8.5366, 47.4063], [8.5364, 47.406]], [[8.5364, 47.406], [8.5364, 47.4059], [8.5362, 47.4057], [8.5361, 47.4055], [8.536, 47.4054], [8.536, 47.4053]], [[8.5135, 47.3952], [8.5134, 47.395]], [[8.5134, 47.395], [8.5133, 47.3948], [8.513, 47.3943], [8.5129, 47.3941]], [[8.5129, 47.3941], [8.5115, 47.3916], [8.5114, 47.3914], [8.5113, 47.3911], [8.5112, 47.391], [8.5111, 47.3908], [8.511, 47.3906], [8.511, 47.3905], [8.5109, 47.3903], [8.5108, 47.3902], [8.5108, 47.3901], [8.5108, 47.39], [8.5108, 47.3899], [8.5107, 47.3898], [8.5107, 47.3897], [8.5107, 47.3896], [8.5107, 47.3895], [8.5107, 47.3894], [8.5106, 47.3893], [8.5106, 47.3892], [8.5107, 47.3891], [8.5107, 47.389], [8.5107, 47.3889], [8.5107, 47.3888], [8.5107, 47.3887], [8.5107, 47.3886], [8.5108, 47.3885], [8.5108, 47.3884], [8.5109, 47.3883], [8.5109, 47.3882], [8.5109, 47.3881], [8.511, 47.388], [8.5111, 47.3879], [8.5111, 47.3878], [8.5112, 47.3877], [8.5113, 47.3876], [8.5113, 47.3875], [8.5114, 47.3875], [8.5115, 47.3874], [8.5116, 47.3873], [8.5117, 47.3872], [8.5118, 47.3871], [8.5119, 47.387], [8.512, 47.3869], [8.5121, 47.3869], [8.5121, 47.3868], [8.5122, 47.3868], [8.5123, 47.3867], [8.5124, 47.3867], [8.5125, 47.3866], [8.5126, 47.3866], [8.5128, 47.3865], [8.5129, 47.3864], [8.513, 47.3864], [8.5132, 47.3863], [8.5134, 47.3863], [8.5135, 47.3862], [8.5137, 47.3861], [8.5139, 47.3861], [8.5141, 47.386]], [[8.5141, 47.386], [8.5147, 47.3859], [8.5148, 47.3858], [8.5151, 47.3858], [8.5154, 47.3857], [8.5157, 47.3856], [8.5159, 47.3856], [8.5163, 47.3855], [8.5165, 47.3855], [8.5175, 47.3852]], [[8.5175, 47.3852], [8.5193, 47.3847], [8.5196, 47.3846], [8.52, 47.3845], [8.521, 47.3842]], [[8.521, 47.3842], [8.5218, 47.384]], [[8.5218, 47.384], [8.523, 47.3837], [8.5235, 47.3836], [8.5239, 47.3835], [8.5241, 47.3834], [8.5244, 47.3833], [8.5246, 47.3832], [8.5248, 47.3831], [8.525, 47.3831], [8.5252, 47.383], [8.5253, 47.383], [8.5254, 47.3829], [8.5257, 47.3828], [8.5258, 47.3827], [8.526, 47.3827], [8.5264, 47.3825], [8.5266, 47.3824], [8.5267, 47.3823], [8.5271, 47.3821], [8.5275, 47.3819]], [[8.5275, 47.3819], [8.5276, 47.3818]], [[8.5276, 47.3818], [8.5279, 47.3817], [8.528, 47.3816], [8.5282, 47.3816], [8.5283, 47.3815], [8.5284, 47.3815], [8.5286, 47.3814], [8.5287, 47.3814], [8.5288, 47.3814], [8.5291, 47.3813]], [[8.5291, 47.3813], [8.5293, 47.3813], [8.5295, 47.3812], [8.5296, 47.3812], [8.5305, 47.381]], [[8.5305, 47.381], [8.5307, 47.381], [8.531, 47.3809], [8.5313, 47.3809], [8.5323, 47.3806]], [[8.5501, 47.366], [8.5499, 47.3661], [8.5497, 47.3662], [8.5496, 47.3662], [8.5494, 47.3663], [8.5492, 47.3664], [8.549, 47.3665], [8.5489, 47.3666], [8.5487, 47.3667], [8.5486, 47.3668], [8.5484, 47.3669], [8.5483, 47.367], [8.5482, 47.3671], [8.5481, 47.3672], [8.548, 47.3673], [8.5479, 47.3674], [8.5478, 47.3675], [8.5477, 47.3676]], [[8.5602, 47.3518], [8.5601, 47.3519], [8.5601, 47.352], [8.56, 47.3521], [8.56, 47.3522], [8.56, 47.3523], [8.5599, 47.3524], [8.5599, 47.3525], [8.5599, 47.3526], [8.5599, 47.3528], [8.5599, 47.353], [8.5598, 47.3535], [8.5598, 47.3541], [8.5597, 47.3544], [8.5597, 47.3545], [8.5597, 47.3547], [8.5596, 47.3549], [8.5595, 47.3552]], [[8.5606, 47.3513], [8.5604, 47.3515], [8.5603, 47.3516], [8.5602, 47.3518]], [[8.5638, 47.3478], [8.5637, 47.3479], [8.5634, 47.3482], [8.5616, 47.3502], [8.5611, 47.3507], [8.5609, 47.351], [8.5606, 47.3513]], [[8.5642, 47.3474], [8.564, 47.3475], [8.5638, 47.3478]], [[8.5659, 47.3456], [8.565, 47.3465], [8.5648, 47.3467], [8.5646, 47.3469], [8.5642, 47.3474]], [[8.5685, 47.3393], [8.5684, 47.3395], [8.5683, 47.3397], [8.5683, 47.34], [8.5682, 47.3403], [8.5682, 47.3405], [8.5682, 47.3406], [8.5682, 47.3409], [8.5682, 47.3412], [8.5682, 47.3415], [8.5682, 47.3419], [8.5682, 47.3423], [8.5682, 47.3426], [8.5681, 47.3429], [8.568, 47.3432], [8.5679, 47.3434], [8.5677, 47.3437], [8.5675, 47.344], [8.5673, 47.3442], [8.5671, 47.3444], [8.5665, 47.345], [8.5659, 47.3456]], [[8.5686, 47.339], [8.5685, 47.3393]], [[8.5704, 47.336], [8.5703, 47.3361], [8.5702, 47.3363], [8.57, 47.3367], [8.5695, 47.3375], [8.5692, 47.3381], [8.5691, 47.3382], [8.569, 47.3384], [8.5689, 47.3385], [8.5688, 47.3387], [8.5686, 47.339]], [[8.5712, 47.3345], [8.5709, 47.3351], [8.5707, 47.3355], [8.5704, 47.336]], [[8.5723, 47.3329], [8.5721, 47.3332], [8.572, 47.3334], [8.5719, 47.3335], [8.5718, 47.3337], [8.5717, 47.3337], [8.5717, 47.3338], [8.5715, 47.334], [8.5712, 47.3345]], [[8.5724, 47.3328], [8.5723, 47.3329]], [[8.5746, 47.328], [8.5746, 47.3281], [8.5745, 47.3282], [8.5745, 47.3283], [8.5744, 47.3284], [8.5744, 47.3285], [8.5744, 47.3286], [8.5743, 47.3287], [8.5743, 47.3288], [8.5742, 47.3289], [8.5742, 47.329], [8.5742, 47.3291], [8.5742, 47.3293], [8.5741, 47.3295], [8.5741, 47.3296], [8.5741, 47.3297], [8.5741, 47.3298], [8.5741, 47.3299], [8.574, 47.33], [8.574, 47.3301], [8.574, 47.3302], [8.5739, 47.3303], [8.5739, 47.3304], [8.5739, 47.3305], [8.5738, 47.3306], [8.5737, 47.3307], [8.5737, 47.3308], [8.5737, 47.3309], [8.5736, 47.331], [8.5736, 47.3311], [8.5735, 47.3311], [8.5734, 47.3313], [8.5733, 47.3315], [8.5732, 47.3317], [8.5731, 47.3319], [8.5729, 47.3321], [8.5727, 47.3323], [8.5726, 47.3326], [8.5725, 47.3327], [8.5724, 47.3328]], [[8.5747, 47.3279], [8.5747, 47.328], [8.5746, 47.328]], [[8.5776, 47.3251], [8.5774, 47.3253], [8.5773, 47.3254], [8.5771, 47.3256], [8.5769, 47.3258], [8.5769, 47.3259], [8.5767, 47.326], [8.5766, 47.3261], [8.5765, 47.3262], [8.5761, 47.3265], [8.5759, 47.3267], [8.5757, 47.3269], [8.5755, 47.3271], [8.5754, 47.3272], [8.5753, 47.3273], [8.5752, 47.3274], [8.5751, 47.3274], [8.5751, 47.3275], [8.575, 47.3276], [8.5749, 47.3277], [8.5748, 47.3278], [8.5747, 47.3279]], [[8.5777, 47.325], [8.5776, 47.3251]], [[8.5782, 47.3243], [8.5781, 47.3244], [8.578, 47.3245], [8.5779, 47.3246], [8.5779, 47.3248], [8.5777, 47.3249], [8.5777, 47.325]], [[8.5815, 47.3175], [8.5814, 47.3179], [8.5811, 47.3187], [8.581, 47.3192], [8.5808, 47.3195], [8.5806, 47.3199], [8.5803, 47.3205], [8.5791, 47.3228], [8.5788, 47.3233], [8.5787, 47.3235], [8.5787, 47.3236], [8.5786, 47.3237], [8.5785, 47.3238], [8.5785, 47.3239], [8.5784, 47.324], [8.5783, 47.3242], [8.5782, 47.3243]], [[8.5815, 47.3173], [8.5815, 47.3175]], [[8.5817, 47.3165], [8.5815, 47.3173]], [[8.5855, 47.3112], [8.585, 47.3117], [8.5846, 47.3121], [8.5843, 47.3125], [8.5839, 47.3129], [8.5835, 47.3134], [8.5823, 47.3152], [8.5821, 47.3154], [8.582, 47.3156], [8.5819, 47.3158], [8.5818, 47.316], [8.5817, 47.3165]], [[8.5857, 47.3111], [8.5855, 47.3112]], [[8.5872, 47.3099], [8.5869, 47.3101], [8.5866, 47.3103], [8.5862, 47.3106], [8.5857, 47.3111]], [[8.5873, 47.3098], [8.5872, 47.3099]], [[8.5889, 47.309], [8.5886, 47.3091], [8.5878, 47.3095], [8.5875, 47.3097], [8.5873, 47.3098]], [[8.5909, 47.307], [8.5906, 47.3073], [8.5904, 47.3077], [8.5902, 47.3079], [8.59, 47.3081], [8.5897, 47.3084], [8.5895, 47.3086], [8.5893, 47.3087], [8.5889, 47.309]], [[8.5929, 47.3044], [8.5927, 47.3047], [8.5924, 47.305], [8.5923, 47.3052], [8.5921, 47.3054], [8.592, 47.3056], [8.5918, 47.3058], [8.5914, 47.3064], [8.5909, 47.307]], [[8.5945, 47.3028], [8.5943, 47.303], [8.5942, 47.3032], [8.5941, 47.3033], [8.594, 47.3034], [8.5939, 47.3035], [8.5937, 47.3037], [8.5932, 47.3041], [8.5929, 47.3044]], [[8.5946, 47.3026], [8.5945, 47.3028]], [[8.5969, 47.2995], [8.5961, 47.3003], [8.5958, 47.3005], [8.5956, 47.3007], [8.5954, 47.301], [8.5953, 47.3012], [8.5951, 47.3016], [8.595, 47.3018], [8.5949, 47.302]], [[8.5972, 47.2993], [8.5969, 47.2995]], [[8.5995, 47.296], [8.5991, 47.2971], [8.5989, 47.2974], [8.5988, 47.2976], [8.5986, 47.2979], [8.5983, 47.2982], [8.5981, 47.2985], [8.5978, 47.2988], [8.5972, 47.2993]], [[8.6036, 47.2906], [8.6035, 47.2907], [8.6034, 47.2909], [8.6032, 47.291], [8.6031, 47.2911], [8.6029, 47.2913], [8.6027, 47.2914], [8.6024, 47.2916], [8.6019, 47.292], [8.6017, 47.2921], [8.6015, 47.2923], [8.6013, 47.2925], [8.601, 47.2927], [8.6008, 47.293], [8.6007, 47.2932], [8.6005, 47.2935], [8.6004, 47.2937], [8.6003, 47.2939], [8.6002, 47.2941], [8.5998, 47.2953], [8.5997, 47.2956], [8.5995, 47.296]], [[8.6037, 47.2904], [8.6036, 47.2906]], [[8.607, 47.2875], [8.6068, 47.2877], [8.606, 47.2883], [8.6053, 47.2888], [8.6049, 47.2891], [8.6048, 47.2892], [8.6046, 47.2894], [8.6045, 47.2895], [8.6043, 47.2897], [8.6042, 47.2899], [8.6039, 47.2901], [8.6037, 47.2904]], [[8.6072, 47.2874], [8.607, 47.2875]], [[8.6075, 47.2872], [8.6074, 47.2873], [8.6072, 47.2874]], [[8.6079, 47.2868], [8.6077, 47.287], [8.6075, 47.2872]], [[8.6094, 47.285], [8.6091, 47.2853], [8.6089, 47.2855], [8.6088, 47.2856], [8.6086, 47.2858], [8.6083, 47.2863], [8.6081, 47.2866], [8.6079, 47.2868]], [[8.6098, 47.2846], [8.6094, 47.285]], [[8.6108, 47.2837], [8.6105, 47.284], [8.6102, 47.2842], [8.6098, 47.2846]], [[8.6108, 47.2836], [8.6108, 47.2837]], [[8.6108, 47.2836], [8.6112, 47.2833]], [[8.6112, 47.2833], [8.6114, 47.2831]], [[8.6114, 47.2831], [8.6115, 47.283]], [[8.6115, 47.283], [8.6119, 47.2827], [8.6123, 47.2824], [8.6127, 47.2821], [8.6133, 47.2817], [8.6145, 47.2808], [8.6147, 47.2806], [8.6149, 47.2804], [8.6151, 47.2803]], [[8.6159, 47.2796], [8.6158, 47.2797], [8.6152, 47.2802], [8.6151, 47.2803]], [[8.616, 47.2795], [8.6159, 47.2796]], [[8.6162, 47.2795], [8.616, 47.2795]], [[8.6163, 47.2793], [8.6162, 47.2795]], [[8.6174, 47.2786], [8.6173, 47.2787], [8.6169, 47.2789], [8.6166, 47.2791], [8.6163, 47.2793]], [[8.6176, 47.2784], [8.6175, 47.2785], [8.6174, 47.2786]], [[8.6176, 47.2784], [8.6177, 47.2784], [8.6178, 47.2783], [8.618, 47.2782], [8.6182, 47.2781], [8.6183, 47.2781], [8.6184, 47.278], [8.6185, 47.278], [8.6186, 47.278], [8.6187, 47.2779], [8.6188, 47.2779], [8.6189, 47.2778], [8.6191, 47.2778], [8.6192, 47.2778], [8.6193, 47.2777], [8.6194, 47.2777], [8.6195, 47.2777], [8.6197, 47.2776], [8.6198, 47.2776], [8.6204, 47.2775], [8.6205, 47.2774], [8.6208, 47.2774], [8.6209, 47.2773], [8.6211, 47.2773], [8.6212, 47.2772], [8.6213, 47.2772], [8.6214, 47.2772], [8.6215, 47.2771], [8.6217, 47.277], [8.6218, 47.277], [8.6219, 47.2769], [8.6221, 47.2769], [8.6222, 47.2768], [8.6223, 47.2767], [8.6224, 47.2767], [8.6225, 47.2766], [8.6227, 47.2765], [8.6228, 47.2764], [8.6229, 47.2763]], [[8.6231, 47.2762], [8.6229, 47.2763]], [[8.6253, 47.2746], [8.6252, 47.2747], [8.625, 47.2747], [8.6249, 47.2748], [8.6247, 47.2749], [8.6246, 47.275], [8.6245, 47.2751], [8.6243, 47.2752], [8.6242, 47.2753], [8.6241, 47.2754], [8.624, 47.2754], [8.6236, 47.2758], [8.6233, 47.276], [8.6232, 47.2761], [8.6231, 47.2762]], [[8.6256, 47.2744], [8.6253, 47.2746]], [[8.6269, 47.2737], [8.6256, 47.2744]], [[8.6271, 47.2737], [8.6269, 47.2737]], [[8.6301, 47.2721], [8.6299, 47.2722], [8.6298, 47.2723], [8.6297, 47.2723], [8.6295, 47.2724], [8.6294, 47.2725], [8.6292, 47.2725], [8.629, 47.2726], [8.6281, 47.2731], [8.6271, 47.2737]], [[8.6302, 47.2721], [8.6301, 47.2721]], [[8.6413, 47.2707], [8.6412, 47.2707], [8.6411, 47.2707], [8.641, 47.2707], [8.6409, 47.2708], [8.6408, 47.2708], [8.6407, 47.2708], [8.6405, 47.2708], [8.6404, 47.2708], [8.6403, 47.2708], [8.6401, 47.2708], [8.64, 47.2708], [8.6397, 47.2708], [8.6382, 47.2707], [8.638, 47.2707], [8.6379, 47.2707], [8.6378, 47.2707], [8.6377, 47.2707], [8.6376, 47.2707], [8.6375, 47.2707], [8.6374, 47.2707], [8.6373, 47.2707], [8.6372, 47.2707], [8.6371, 47.2707], [8.6369, 47.2707], [8.6368, 47.2708], [8.6367, 47.2708], [8.6366, 47.2708], [8.6365, 47.2708], [8.6363, 47.2708], [8.6354, 47.271], [8.6349, 47.2711], [8.6347, 47.2711], [8.6344, 47.2711], [8.6341, 47.2712], [8.6329, 47.2714], [8.6327, 47.2714], [8.6325, 47.2714], [8.6323, 47.2715], [8.6322, 47.2715], [8.632, 47.2715], [8.6318, 47.2716], [8.6316, 47.2716], [8.6315, 47.2717], [8.6314, 47.2717], [8.6312, 47.2717], [8.631, 47.2718], [8.6309, 47.2718], [8.6307, 47.2719], [8.6306, 47.2719], [8.6304, 47.272], [8.6303, 47.272], [8.6302, 47.2721]], [[8.6413, 47.2707], [8.6414, 47.2707], [8.6415, 47.2707], [8.6416, 47.2706]], [[8.6416, 47.2706], [8.6419, 47.2706], [8.642, 47.2706], [8.6422, 47.2705], [8.6423, 47.2705], [8.6426, 47.2704]], [[8.6426, 47.2704], [8.6427, 47.2704], [8.6429, 47.2703], [8.6444, 47.2698], [8.6458, 47.2694], [8.6467, 47.2691]], [[8.6467, 47.2691], [8.6479, 47.2687], [8.6481, 47.2686], [8.6483, 47.2685], [8.6486, 47.2684]], [[8.6513, 47.2671], [8.6501, 47.2678], [8.6499, 47.2679], [8.6497, 47.268], [8.6495, 47.2681], [8.6493, 47.2681], [8.6491, 47.2682], [8.649, 47.2683], [8.6488, 47.2684], [8.6486, 47.2684]], [[8.6518, 47.2668], [8.6513, 47.2671]], [[8.6531, 47.2663], [8.6529, 47.2663], [8.6526, 47.2665], [8.6522, 47.2666], [8.6518, 47.2668]], [[8.6536, 47.2662], [8.6533, 47.2662], [8.6531, 47.2663]], [[8.655, 47.2659], [8.6549, 47.2659], [8.6548, 47.2659], [8.6547, 47.266], [8.6545, 47.266], [8.6544, 47.266], [8.6543, 47.266], [8.6542, 47.266], [8.654, 47.266], [8.6539, 47.2661], [8.6538, 47.2661], [8.6537, 47.2661], [8.6536, 47.2662]], [[8.6553, 47.2659], [8.6551, 47.2659], [8.655, 47.2659]], [[8.6569, 47.2659], [8.6558, 47.2659], [8.6557, 47.2659], [8.6556, 47.2659], [8.6554, 47.2659], [8.6553, 47.2659]], [[8.6571, 47.2659], [8.6569, 47.2659]], [[8.6599, 47.2659], [8.6571, 47.2659]], [[8.6626, 47.2657], [8.6625, 47.2657], [8.6624, 47.2657], [8.6623, 47.2657], [8.6622, 47.2658], [8.662, 47.2658], [8.6619, 47.2658], [8.6618, 47.2658], [8.6617, 47.2658], [8.6616, 47.2659], [8.6615, 47.2659], [8.6614, 47.2659], [8.6613, 47.2659], [8.6612, 47.2659], [8.6611, 47.2659], [8.661, 47.2659], [8.6609, 47.2659], [8.6608, 47.2659], [8.6607, 47.2659], [8.6599, 47.2659]], [[8.663, 47.2655], [8.6629, 47.2656], [8.6628, 47.2656], [8.6627, 47.2656], [8.6626, 47.2657]], [[8.6643, 47.2648], [8.6642, 47.2648], [8.6641, 47.2649], [8.664, 47.265], [8.6639, 47.2651], [8.6638, 47.2651], [8.6637, 47.2652], [8.6636, 47.2653], [8.6635, 47.2653], [8.6634, 47.2654], [8.6633, 47.2654], [8.6632, 47.2654], [8.6631, 47.2655], [8.663, 47.2655]], [[8.6644, 47.2646], [8.6644, 47.2647], [8.6643, 47.2648]], [[8.6667, 47.2631], [8.6664, 47.2632], [8.6663, 47.2633], [8.6661, 47.2634], [8.666, 47.2634], [8.6659, 47.2635], [8.6657, 47.2636], [8.6656, 47.2636], [8.6655, 47.2637], [8.6654, 47.2638], [8.6653, 47.2638], [8.6652, 47.2639], [8.6651, 47.264], [8.665, 47.2641], [8.6649, 47.2642], [8.6644, 47.2646]], [[8.6741, 47.2604], [8.6738, 47.2605], [8.6736, 47.2605], [8.6735, 47.2606], [8.6733, 47.2606], [8.6731, 47.2607], [8.6729, 47.2607], [8.6727, 47.2608], [8.6726, 47.2608], [8.6724, 47.2609], [8.6721, 47.261], [8.6667, 47.2631]], [[8.6752, 47.2601], [8.6748, 47.2602], [8.6744, 47.2603], [8.6743, 47.2603], [8.6741, 47.2604]], [[8.6757, 47.26], [8.6752, 47.2601]], [[8.6768, 47.2597], [8.6767, 47.2598], [8.6765, 47.2598], [8.6757, 47.26]], [[8.6768, 47.2597], [8.6769, 47.2597], [8.677, 47.2597], [8.6772, 47.2596], [8.6773, 47.2596]], [[8.6773, 47.2596], [8.6774, 47.2595], [8.6775, 47.2595], [8.6776, 47.2594], [8.6777, 47.2594], [8.6778, 47.2594], [8.6779, 47.2593], [8.6784, 47.2591], [8.6787, 47.259], [8.6793, 47.2587], [8.6796, 47.2586], [8.6798, 47.2585], [8.68, 47.2585], [8.6802, 47.2584], [8.6803, 47.2584], [8.6805, 47.2583], [8.6808, 47.2583], [8.6812, 47.2582], [8.6817, 47.2581], [8.6828, 47.2578]], [[8.5993, 47.2963], [8.599, 47.297], [8.5989, 47.2974], [8.5987, 47.2976], [8.5986, 47.2977], [8.5985, 47.2979], [8.5984, 47.2981], [8.5983, 47.2982], [8.598, 47.2985], [8.5977, 47.2988], [8.5976, 47.2989], [8.5975, 47.2989], [8.5977, 47.2987], [8.598, 47.2985], [8.5981, 47.2983], [8.5982, 47.2982], [8.5985, 47.2979], [8.5987, 47.2976], [8.5988, 47.2974], [8.5988, 47.2973], [8.599, 47.2971], [8.599, 47.297], [8.5993, 47.2963]], [[8.5749, 47.3276], [8.5748, 47.3276], [8.5752, 47.3273], [8.5753, 47.3271], [8.5756, 47.3269], [8.576, 47.3265], [8.5763, 47.3263], [8.5764, 47.3262], [8.5765, 47.3261], [8.5767, 47.3259], [8.5768, 47.3258], [8.5772, 47.3254], [8.5773, 47.3253], [8.5771, 47.3255], [8.577, 47.3256], [8.5769, 47.3258], [8.5767, 47.3259], [8.5765, 47.3262], [8.5763, 47.3263], [8.5762, 47.3264], [8.5761, 47.3265], [8.576, 47.3266], [8.5758, 47.3268], [8.5756, 47.3269], [8.5754, 47.3271], [8.5752, 47.3273], [8.575, 47.3274], [8.5749, 47.3276]], [[8.5482, 47.3669], [8.5481, 47.367], [8.548, 47.3671], [8.5479, 47.3671], [8.5479, 47.3672], [8.5478, 47.3672], [8.5478, 47.3673], [8.5477, 47.3674], [8.5476, 47.3675], [8.5476, 47.3676], [8.5477, 47.3675], [8.5478, 47.3674], [8.5479, 47.3672], [8.5481, 47.3671], [8.5483, 47.3669], [8.5485, 47.3668], [8.5487, 47.3666], [8.5489, 47.3665], [8.549, 47.3664], [8.5492, 47.3663], [8.5493, 47.3663], [8.5495, 47.3662], [8.5497, 47.3661], [8.55, 47.366], [8.5501, 47.366], [8.5501, 47.3659], [8.5499, 47.3659], [8.5499, 47.366], [8.5498, 47.366], [8.5496, 47.3661], [8.5493, 47.3662], [8.5492, 47.3663], [8.5491, 47.3663], [8.549, 47.3663], [8.5489, 47.3664], [8.5487, 47.3664], [8.5487, 47.3665], [8.5487, 47.3666], [8.5485, 47.3666], [8.5484, 47.3667], [8.5484, 47.3668], [8.5483, 47.3668], [8.5482, 47.3669]], [[8.5079, 47.4212], [8.5089, 47.4209], [8.5093, 47.4208], [8.5097, 47.4207], [8.5099, 47.4206], [8.5101, 47.4206], [8.5104, 47.4205], [8.5107, 47.4204], [8.5104, 47.4205], [8.5101, 47.4206], [8.5097, 47.4207], [8.509, 47.4209], [8.5089, 47.4209], [8.5079, 47.4212]], [[8.3559, 47.4458], [8.3578, 47.4458], [8.3581, 47.4458], [8.3589, 47.4458], [8.3559, 47.4458]], [[8.6752, 47.2601], [8.6738, 47.2604], [8.6737, 47.2604], [8.6735, 47.2605], [8.6733, 47.2605], [8.6732, 47.2606], [8.673, 47.2606], [8.6729, 47.2607], [8.6727, 47.2607], [8.6725, 47.2608], [8.6724, 47.2609], [8.672, 47.261], [8.6667, 47.2631]], [[8.6667, 47.2631], [8.6664, 47.2632], [8.6662, 47.2633], [8.666, 47.2634], [8.6659, 47.2634], [8.6658, 47.2635], [8.6657, 47.2635], [8.6656, 47.2636], [8.6655, 47.2636], [8.6654, 47.2637], [8.6653, 47.2638], [8.6652, 47.2639], [8.6651, 47.264], [8.665, 47.2641], [8.6649, 47.2642], [8.6644, 47.2646]], [[8.6644, 47.2646], [8.6643, 47.2647], [8.6642, 47.2647]], [[8.6642, 47.2647], [8.6641, 47.2648], [8.6641, 47.2649], [8.664, 47.265], [8.6639, 47.265], [8.6638, 47.2651], [8.6637, 47.2651], [8.6636, 47.2652], [8.6635, 47.2652], [8.6635, 47.2653], [8.6634, 47.2653], [8.6633, 47.2654], [8.6632, 47.2654], [8.6631, 47.2655], [8.663, 47.2655]], [[8.663, 47.2655], [8.6629, 47.2655], [8.6628, 47.2656], [8.6627, 47.2656], [8.6626, 47.2656]], [[8.6626, 47.2656], [8.6625, 47.2657], [8.6624, 47.2657], [8.6623, 47.2657], [8.6622, 47.2657], [8.662, 47.2658], [8.6619, 47.2658], [8.6618, 47.2658], [8.6617, 47.2658], [8.6616, 47.2658], [8.6615, 47.2658], [8.6614, 47.2658], [8.6613, 47.2658], [8.6612, 47.2658], [8.6611, 47.2659], [8.661, 47.2659], [8.6609, 47.2659], [8.6607, 47.2659], [8.6599, 47.2659]], [[8.6571, 47.2659], [8.6568, 47.2659]], [[8.6568, 47.2659], [8.6559, 47.2659], [8.6557, 47.2659], [8.6555, 47.2659], [8.6554, 47.2659], [8.6553, 47.2659]], [[8.655, 47.2659], [8.6548, 47.2659], [8.6547, 47.2659], [8.6546, 47.2659], [8.6544, 47.2659], [8.6543, 47.266], [8.6541, 47.266], [8.654, 47.266], [8.6539, 47.266], [8.6538, 47.2661], [8.6537, 47.2661], [8.6535, 47.2661]], [[8.6535, 47.2661], [8.6532, 47.2662], [8.6531, 47.2662]], [[8.6531, 47.2662], [8.6529, 47.2663], [8.6526, 47.2664], [8.6522, 47.2666], [8.6518, 47.2668]], [[8.6518, 47.2668], [8.6512, 47.2671]], [[8.6512, 47.2671], [8.6502, 47.2676]], [[8.6502, 47.2676], [8.6498, 47.2678]], [[8.6498, 47.2678], [8.6496, 47.268], [8.6494, 47.268]], [[8.6494, 47.268], [8.6492, 47.2681], [8.6491, 47.2682], [8.649, 47.2682], [8.6489, 47.2683], [8.6487, 47.2683], [8.6485, 47.2684], [8.6483, 47.2685], [8.6481, 47.2686], [8.6479, 47.2686], [8.6474, 47.2688]], [[8.6474, 47.2688], [8.6443, 47.2698], [8.6429, 47.2702], [8.6425, 47.2703]], [[8.6425, 47.2703], [8.6422, 47.2704], [8.6421, 47.2705], [8.642, 47.2705], [8.6418, 47.2706], [8.6416, 47.2706]], [[8.6159, 47.2796], [8.6153, 47.2801], [8.6147, 47.2805]], [[8.6147, 47.2805], [8.6132, 47.2816], [8.6123, 47.2823]], [[8.6123, 47.2823], [8.6122, 47.2823], [8.612, 47.2825], [8.6118, 47.2827], [8.6115, 47.2829]], [[8.6115, 47.2829], [8.6114, 47.283]], [[8.6112, 47.2832], [8.6114, 47.283]], [[8.6099, 47.2844], [8.6105, 47.2839], [8.6106, 47.2837], [8.611, 47.2834], [8.6112, 47.2832]], [[8.6097, 47.2846], [8.6099, 47.2844]], [[8.6093, 47.285], [8.6097, 47.2846]], [[8.6079, 47.2867], [8.608, 47.2866], [8.6083, 47.2862], [8.6086, 47.2858], [8.6087, 47.2857], [8.6088, 47.2855], [8.609, 47.2854], [8.609, 47.2853], [8.6093, 47.285]], [[8.6075, 47.2872], [8.6077, 47.287], [8.6079, 47.2867]], [[8.6072, 47.2873], [8.6074, 47.2872], [8.6075, 47.2872]], [[8.607, 47.2875], [8.6072, 47.2873]], [[8.6037, 47.2904], [8.6039, 47.2901], [8.6041, 47.2898], [8.6042, 47.2897], [8.6044, 47.2895], [8.6046, 47.2893], [8.6048, 47.2892], [8.6049, 47.2891], [8.6052, 47.2888], [8.6059, 47.2883], [8.6068, 47.2877], [8.607, 47.2875]], [[8.5995, 47.296], [8.5996, 47.2956], [8.5998, 47.2953], [8.6002, 47.2941], [8.6003, 47.2938], [8.6004, 47.2935], [8.6006, 47.2932], [8.6008, 47.293], [8.601, 47.2927], [8.6012, 47.2925], [8.6014, 47.2923], [8.6016, 47.2921], [8.6019, 47.292], [8.6024, 47.2916], [8.6027, 47.2914], [8.6028, 47.2913], [8.6031, 47.2911], [8.6032, 47.291], [8.6033, 47.2908], [8.6035, 47.2906], [8.6036, 47.2906]], [[8.5971, 47.2993], [8.5977, 47.2988], [8.598, 47.2985], [8.5983, 47.2982], [8.5985, 47.2979], [8.5987, 47.2976], [8.5989, 47.2974], [8.599, 47.2971], [8.5995, 47.296]], [[8.5968, 47.2996], [8.5971, 47.2993]], [[8.5948, 47.302], [8.5949, 47.3018], [8.595, 47.3015], [8.5952, 47.3012], [8.5954, 47.3009], [8.5956, 47.3007], [8.5958, 47.3005], [8.596, 47.3002], [8.5968, 47.2996]], [[8.5941, 47.3032], [8.5943, 47.303], [8.5944, 47.3028], [8.5945, 47.3026]], [[8.5941, 47.3032], [8.594, 47.3034], [8.5938, 47.3035], [8.5936, 47.3037], [8.5932, 47.3041], [8.593, 47.3042], [8.5928, 47.3044]], [[8.5928, 47.3044], [8.5927, 47.3044], [8.5925, 47.3047], [8.5923, 47.3049], [8.5921, 47.3051], [8.592, 47.3053], [8.5916, 47.3058], [8.5908, 47.307]], [[8.5899, 47.3082], [8.5899, 47.3081], [8.5902, 47.3079], [8.5903, 47.3076], [8.5906, 47.3073], [8.5908, 47.307]], [[8.5874, 47.3097], [8.5875, 47.3097], [8.5883, 47.3093], [8.5886, 47.3091], [8.5888, 47.309], [8.5891, 47.3088], [8.5893, 47.3087], [8.5894, 47.3086], [8.5899, 47.3082]], [[8.5872, 47.3099], [8.5874, 47.3097]], [[8.5856, 47.3111], [8.5862, 47.3106], [8.5866, 47.3103], [8.5869, 47.3101], [8.5872, 47.3099]], [[8.5855, 47.3112], [8.5856, 47.3111]], [[8.5814, 47.3174], [8.5816, 47.3167], [8.5818, 47.316], [8.5819, 47.3158], [8.582, 47.3156], [8.5821, 47.3154], [8.5822, 47.3152], [8.5835, 47.3134], [8.5839, 47.3129], [8.5842, 47.3125], [8.5846, 47.3121], [8.585, 47.3116], [8.5855, 47.3112]], [[8.5814, 47.3174], [8.5814, 47.3175]], [[8.5814, 47.3175], [8.5813, 47.3176]], [[8.5813, 47.3176], [8.581, 47.3187], [8.5808, 47.3191], [8.5807, 47.3195], [8.5805, 47.3199], [8.5802, 47.3205], [8.579, 47.3228], [8.5789, 47.3231], [8.5788, 47.3232], [8.5788, 47.3233]], [[8.5788, 47.3233], [8.5787, 47.3235], [8.5786, 47.3236]], [[8.5786, 47.3236], [8.5785, 47.3238], [8.5784, 47.3239], [8.5783, 47.3241], [8.5782, 47.3243], [8.5781, 47.3244], [8.578, 47.3245], [8.5778, 47.3247], [8.5777, 47.3249], [8.5776, 47.325]], [[8.5776, 47.325], [8.5775, 47.3251]], [[8.5775, 47.3251], [8.5774, 47.3253], [8.5773, 47.3254], [8.5771, 47.3255], [8.577, 47.3257], [8.5769, 47.3258], [8.5768, 47.3259], [8.5767, 47.326], [8.5766, 47.3261], [8.5765, 47.3261], [8.5764, 47.3262], [8.5762, 47.3264], [8.5761, 47.3265], [8.576, 47.3266], [8.5759, 47.3267], [8.5757, 47.3269], [8.5754, 47.3271], [8.5753, 47.3272], [8.5752, 47.3273], [8.5751, 47.3274], [8.575, 47.3275], [8.5749, 47.3276], [8.5749, 47.3277], [8.5748, 47.3277], [8.5748, 47.3278], [8.5747, 47.3278]], [[8.5747, 47.3278], [8.5747, 47.3279], [8.5746, 47.3279], [8.5746, 47.328]], [[8.5746, 47.328], [8.5745, 47.3281], [8.5745, 47.3282], [8.5744, 47.3283], [8.5744, 47.3284], [8.5743, 47.3285], [8.5743, 47.3286], [8.5743, 47.3287], [8.5742, 47.3287], [8.5742, 47.3288], [8.5742, 47.3289], [8.5742, 47.329], [8.5742, 47.3291], [8.5741, 47.3293], [8.5741, 47.3294], [8.5741, 47.3295], [8.5741, 47.3296], [8.5741, 47.3297], [8.574, 47.3297], [8.574, 47.3298], [8.574, 47.3299], [8.574, 47.33], [8.5739, 47.3301], [8.5739, 47.3302], [8.5739, 47.3303], [8.5739, 47.3304], [8.5738, 47.3304], [8.5738, 47.3305], [8.5738, 47.3306], [8.5737, 47.3306], [8.5737, 47.3307], [8.5736, 47.3308], [8.5736, 47.331], [8.5735, 47.3311], [8.5734, 47.3313], [8.5732, 47.3315], [8.5731, 47.3317], [8.573, 47.3319], [8.5728, 47.3321], [8.5727, 47.3323], [8.5725, 47.3325], [8.5725, 47.3326], [8.5724, 47.3327]], [[8.5724, 47.3327], [8.5723, 47.3329]], [[8.5723, 47.3329], [8.572, 47.3332], [8.5719, 47.3334], [8.5718, 47.3335], [8.5717, 47.3336], [8.5717, 47.3337], [8.5716, 47.3338]], [[8.5716, 47.3338], [8.5715, 47.334], [8.5712, 47.3345], [8.5709, 47.335], [8.5707, 47.3353], [8.5706, 47.3355], [8.5705, 47.3357], [8.5703, 47.3359]], [[8.5703, 47.3359], [8.5702, 47.3362], [8.57, 47.3364], [8.5698, 47.3368], [8.5694, 47.3374], [8.5692, 47.3377], [8.5692, 47.3378], [8.5691, 47.3379], [8.569, 47.338], [8.5689, 47.3382], [8.5689, 47.3384], [8.5688, 47.3385], [8.5687, 47.3387], [8.5686, 47.339]], [[8.5685, 47.3393], [8.5684, 47.3395], [8.5683, 47.3397], [8.5682, 47.34], [8.5682, 47.3403], [8.5681, 47.3405], [8.5681, 47.3406], [8.5681, 47.3409], [8.5681, 47.3412], [8.5681, 47.3415], [8.5682, 47.3419], [8.5682, 47.3423], [8.5681, 47.3426], [8.5681, 47.3429], [8.5679, 47.3432], [8.5678, 47.3434], [8.5677, 47.3437], [8.5675, 47.3439], [8.5673, 47.3442], [8.567, 47.3444], [8.5665, 47.345], [8.5659, 47.3456], [8.5652, 47.3462]], [[8.5652, 47.3462], [8.565, 47.3465], [8.5647, 47.3468]], [[8.5647, 47.3468], [8.5645, 47.347], [8.5643, 47.3472], [8.5638, 47.3477], [8.5636, 47.3479]], [[8.5636, 47.3479], [8.5615, 47.3502], [8.561, 47.3508], [8.5608, 47.351]], [[8.5608, 47.351], [8.5607, 47.3511], [8.5606, 47.3513], [8.5604, 47.3514], [8.5603, 47.3516], [8.5602, 47.3518]], [[8.5501, 47.366], [8.5499, 47.366], [8.5497, 47.3661], [8.5495, 47.3662], [8.5493, 47.3663], [8.5492, 47.3664], [8.549, 47.3665], [8.5489, 47.3665], [8.5487, 47.3667], [8.5485, 47.3667], [8.5484, 47.3669], [8.5482, 47.367], [8.5481, 47.3671], [8.548, 47.3672], [8.5479, 47.3673], [8.5478, 47.3674], [8.5477, 47.3675], [8.5477, 47.3676]], [[8.5323, 47.3805], [8.5313, 47.3808], [8.531, 47.3809], [8.5307, 47.381], [8.5305, 47.381]], [[8.5305, 47.381], [8.5299, 47.3811], [8.5296, 47.3812], [8.5293, 47.3812], [8.5291, 47.3813], [8.5289, 47.3813], [8.5287, 47.3814], [8.5286, 47.3814], [8.5285, 47.3814]], [[8.5285, 47.3814], [8.5283, 47.3815], [8.5282, 47.3815], [8.5281, 47.3816], [8.528, 47.3816]], [[8.528, 47.3816], [8.5279, 47.3817], [8.5278, 47.3817], [8.5276, 47.3818], [8.5275, 47.3818], [8.5274, 47.3819], [8.5272, 47.382], [8.5271, 47.382], [8.5267, 47.3823], [8.5266, 47.3823], [8.5263, 47.3824], [8.526, 47.3826], [8.5258, 47.3827], [8.5257, 47.3828], [8.5254, 47.3829], [8.5253, 47.3829], [8.5251, 47.383], [8.5249, 47.3831], [8.5248, 47.3831], [8.5246, 47.3832], [8.5243, 47.3833], [8.5241, 47.3833], [8.5238, 47.3834], [8.5235, 47.3835], [8.523, 47.3837], [8.5226, 47.3838]], [[8.5226, 47.3838], [8.5209, 47.3842]], [[8.5209, 47.3842], [8.5206, 47.3843], [8.5204, 47.3843], [8.5202, 47.3844], [8.5201, 47.3844], [8.5199, 47.3845], [8.5193, 47.3846], [8.5189, 47.3847], [8.5174, 47.3851]], [[8.5174, 47.3851], [8.5159, 47.3855], [8.5153, 47.3857], [8.5152, 47.3857], [8.5148, 47.3858], [8.5146, 47.3859], [8.5141, 47.386]], [[8.5141, 47.386], [8.5139, 47.386], [8.5137, 47.3861], [8.5135, 47.3862], [8.5133, 47.3862], [8.5132, 47.3863], [8.513, 47.3864], [8.5129, 47.3864], [8.5127, 47.3865], [8.5126, 47.3865], [8.5125, 47.3866], [8.5124, 47.3866], [8.5123, 47.3867], [8.5122, 47.3868], [8.5121, 47.3868], [8.512, 47.3869], [8.5119, 47.3869], [8.5118, 47.387], [8.5117, 47.3871], [8.5116, 47.3872], [8.5115, 47.3873], [8.5114, 47.3874], [8.5113, 47.3875], [8.5112, 47.3876], [8.5111, 47.3877], [8.5111, 47.3878], [8.511, 47.3879], [8.5109, 47.388], [8.5109, 47.3881], [8.5108, 47.3882], [8.5108, 47.3883], [8.5108, 47.3884], [8.5107, 47.3885], [8.5107, 47.3886], [8.5107, 47.3887], [8.5106, 47.3888], [8.5106, 47.3889], [8.5106, 47.389], [8.5106, 47.3891], [8.5106, 47.3892], [8.5106, 47.3893], [8.5106, 47.3894], [8.5106, 47.3895], [8.5106, 47.3896], [8.5107, 47.3897], [8.5107, 47.3898], [8.5107, 47.3899], [8.5107, 47.39], [8.5108, 47.3901], [8.5108, 47.3902], [8.5109, 47.3904], [8.5109, 47.3905], [8.511, 47.3906], [8.5111, 47.3908], [8.5112, 47.3911], [8.5113, 47.3913], [8.5114, 47.3915]], [[8.5114, 47.3915], [8.5118, 47.3922], [8.5123, 47.3932]], [[8.5123, 47.3932], [8.5128, 47.394], [8.513, 47.3943], [8.5133, 47.3948], [8.5133, 47.395]], [[8.5133, 47.395], [8.5135, 47.3952]], [[8.5359, 47.4053], [8.536, 47.4054], [8.5361, 47.4056], [8.5362, 47.4057], [8.5363, 47.4059], [8.5364, 47.4059], [8.5365, 47.4062], [8.5366, 47.4064], [8.5368, 47.4067]], [[8.5368, 47.4067], [8.5369, 47.4068]], [[8.5369, 47.4068], [8.5371, 47.4072], [8.5373, 47.4077], [8.5375, 47.4079], [8.5376, 47.408], [8.5376, 47.4081], [8.5377, 47.4083], [8.5378, 47.4084]], [[8.5378, 47.4084], [8.5382, 47.4088], [8.5384, 47.409], [8.5387, 47.4092], [8.5389, 47.4094], [8.5391, 47.4096], [8.5393, 47.4097], [8.5395, 47.4099], [8.5397, 47.41], [8.54, 47.4102]], [[8.54, 47.4102], [8.5409, 47.4107], [8.5413, 47.4108], [8.5416, 47.411], [8.5418, 47.4111], [8.5419, 47.4112], [8.542, 47.4113], [8.5421, 47.4113], [8.5423, 47.4114], [8.5424, 47.4114], [8.5426, 47.4115], [8.5427, 47.4116], [8.5428, 47.4116], [8.543, 47.4117], [8.5431, 47.4118], [8.5432, 47.4118], [8.5433, 47.4118], [8.5436, 47.4119], [8.5437, 47.412], [8.5442, 47.4122], [8.545, 47.4124], [8.5452, 47.4125], [8.5454, 47.4126], [8.5455, 47.4126], [8.5456, 47.4126], [8.5457, 47.4127], [8.5458, 47.4127], [8.5459, 47.4128], [8.546, 47.4128], [8.5461, 47.4129]], [[8.5461, 47.4129], [8.5462, 47.413], [8.5463, 47.413], [8.5464, 47.4131], [8.5465, 47.4132]], [[8.5465, 47.4132], [8.5466, 47.4132], [8.5467, 47.4133], [8.5468, 47.4134], [8.5469, 47.4134], [8.547, 47.4136]], [[8.547, 47.4136], [8.5472, 47.4137], [8.5473, 47.4138]], [[8.5475, 47.414], [8.5477, 47.4142], [8.5479, 47.4145], [8.5484, 47.4151]], [[8.5484, 47.4151], [8.5485, 47.4151], [8.5486, 47.4153], [8.5487, 47.4154]], [[8.5487, 47.4154], [8.5489, 47.4156], [8.5493, 47.4161]], [[8.5489, 47.4187], [8.5488, 47.4188], [8.5487, 47.4188], [8.5486, 47.4188], [8.5485, 47.4188], [8.5484, 47.4189], [8.5483, 47.4189], [8.5482, 47.4189], [8.5481, 47.4189], [8.548, 47.4189], [8.5479, 47.4189], [8.5478, 47.4189], [8.5476, 47.4189]], [[8.5476, 47.4189], [8.5475, 47.4189]], [[8.5475, 47.4189], [8.5472, 47.4189]], [[8.5472, 47.4189], [8.5467, 47.4188], [8.5465, 47.4188]], [[8.5465, 47.4188], [8.5439, 47.4186], [8.5425, 47.4185]], [[8.5425, 47.4185], [8.5402, 47.4183]], [[8.5402, 47.4183], [8.5397, 47.4182]], [[8.5397, 47.4182], [8.537, 47.418]], [[8.533, 47.4173], [8.5351, 47.4177], [8.5357, 47.4178], [8.5363, 47.4179], [8.5366, 47.418], [8.5369, 47.418], [8.537, 47.418]], [[8.5231, 47.4171], [8.524, 47.4171], [8.5254, 47.417], [8.5266, 47.4169], [8.5273, 47.4168], [8.5277, 47.4168], [8.5281, 47.4168], [8.5285, 47.4168], [8.5289, 47.4168], [8.5293, 47.4168], [8.5296, 47.4168], [8.53, 47.4169], [8.5304, 47.4169], [8.5308, 47.4169], [8.5311, 47.417], [8.5315, 47.417], [8.5318, 47.4171], [8.532, 47.4171], [8.533, 47.4173]], [[8.5106, 47.4204], [8.5109, 47.4203], [8.5112, 47.4202], [8.5114, 47.4201], [8.512, 47.4198], [8.5137, 47.4191], [8.5152, 47.4186], [8.5152, 47.4185], [8.5155, 47.4184], [8.5157, 47.4183], [8.516, 47.4182], [8.5161, 47.4182], [8.5163, 47.4181], [8.5165, 47.4181], [8.5166, 47.418], [8.5168, 47.418], [8.517, 47.4179], [8.5173, 47.4179], [8.5175, 47.4178], [8.5177, 47.4178], [8.5178, 47.4177], [8.518, 47.4177], [8.5182, 47.4177], [8.5184, 47.4176], [8.5186, 47.4176], [8.5187, 47.4175], [8.5189, 47.4175], [8.5191, 47.4175], [8.5193, 47.4175], [8.5196, 47.4174], [8.5199, 47.4174], [8.52, 47.4174], [8.5202, 47.4174], [8.5205, 47.4173], [8.5209, 47.4173], [8.522, 47.4172], [8.523, 47.4171]], [[8.5074, 47.4213], [8.5075, 47.4213], [8.5078, 47.4212], [8.5084, 47.421], [8.509, 47.4209], [8.5093, 47.4208], [8.5096, 47.4207], [8.5099, 47.4206], [8.5101, 47.4205], [8.5103, 47.4205], [8.5104, 47.4205], [8.5105, 47.4204], [8.5106, 47.4204]], [[8.4969, 47.4241], [8.4981, 47.4238], [8.4983, 47.4237], [8.4987, 47.4236], [8.4991, 47.4235], [8.4994, 47.4234], [8.4997, 47.4234], [8.5002, 47.4232], [8.5007, 47.4231], [8.502, 47.4228], [8.5033, 47.4224], [8.5043, 47.4221], [8.5048, 47.422], [8.5053, 47.4219], [8.5061, 47.4217], [8.5074, 47.4213]], [[8.4969, 47.4241], [8.4964, 47.4242]], [[8.4964, 47.4242], [8.4958, 47.4244], [8.4955, 47.4244], [8.4954, 47.4245], [8.4952, 47.4245], [8.4949, 47.4246], [8.4945, 47.4247], [8.4942, 47.4248], [8.4938, 47.4248], [8.4921, 47.4253], [8.4912, 47.4255], [8.4903, 47.4257], [8.4891, 47.426], [8.4887, 47.4261]], [[8.4887, 47.4261], [8.4885, 47.4262], [8.4883, 47.4262], [8.4881, 47.4263], [8.4879, 47.4263], [8.4876, 47.4264], [8.4875, 47.4264], [8.4873, 47.4264], [8.4871, 47.4265], [8.487, 47.4265], [8.4868, 47.4265], [8.4867, 47.4266], [8.4865, 47.4266], [8.4864, 47.4267], [8.4862, 47.4267], [8.4862, 47.4268], [8.486, 47.4268], [8.4859, 47.4268], [8.4858, 47.4269], [8.4857, 47.427], [8.4855, 47.427], [8.4854, 47.4271], [8.4853, 47.4271], [8.4852, 47.4272], [8.4851, 47.4273], [8.485, 47.4273], [8.4849, 47.4274], [8.4847, 47.4275], [8.4846, 47.4276], [8.4845, 47.4277], [8.4844, 47.4278], [8.4843, 47.4279], [8.4842, 47.4279], [8.4841, 47.428], [8.484, 47.4281], [8.4839, 47.4282], [8.4839, 47.4283], [8.4837, 47.4285], [8.4836, 47.4286], [8.4835, 47.4287], [8.4834, 47.4289], [8.4832, 47.4292], [8.483, 47.4293], [8.4829, 47.4294], [8.4828, 47.4295], [8.4827, 47.4296], [8.4827, 47.4297], [8.4825, 47.4298], [8.4824, 47.4299], [8.4823, 47.43], [8.4822, 47.43], [8.4821, 47.4301], [8.482, 47.4302], [8.4812, 47.4308], [8.4805, 47.4313], [8.478, 47.4331]], [[8.478, 47.4331], [8.477, 47.4339], [8.4766, 47.4341], [8.4763, 47.4343], [8.4758, 47.4347]], [[8.4758, 47.4347], [8.4757, 47.4348], [8.4756, 47.4349], [8.4754, 47.435], [8.4753, 47.435], [8.4752, 47.4351], [8.475, 47.4352], [8.4748, 47.4353], [8.4746, 47.4354], [8.4744, 47.4355], [8.4739, 47.4358], [8.4735, 47.4361], [8.4732, 47.4362]], [[8.4732, 47.4362], [8.4729, 47.4364], [8.4726, 47.4366], [8.4713, 47.4372], [8.471, 47.4374], [8.4701, 47.4378]], [[8.4701, 47.4378], [8.468, 47.4389]], [[8.468, 47.4389], [8.4679, 47.4389]], [[8.4679, 47.4389], [8.4677, 47.439], [8.4675, 47.4391], [8.4672, 47.4393], [8.4669, 47.4394]], [[8.3602, 47.4458], [8.3578, 47.4458], [8.3553, 47.4458]], [[8.3553, 47.4458], [8.3552, 47.4458]], [[8.3552, 47.4458], [8.355, 47.4458], [8.3548, 47.4458], [8.3542, 47.4459], [8.3541, 47.4459], [8.354, 47.4459], [8.3538, 47.4459]], [[8.31, 47.4629], [8.3098, 47.463]], [[8.3098, 47.463], [8.3092, 47.4633], [8.3081, 47.464]], [[8.3081, 47.464], [8.3078, 47.4642], [8.3076, 47.4643], [8.3072, 47.4645]], [[8.3072, 47.4645], [8.3069, 47.4648]], [[8.3069, 47.4648], [8.3066, 47.465], [8.3063, 47.4652], [8.306, 47.4654]], [[8.3065, 47.4741], [8.3068, 47.4744]]]}, "properties": {"ref": "S6", "opened_year": 1990, "is_tunnel": false, "segment_count": 316}}, {"type": "Feature", "geometry": {"type": "MultiLineString", "coordinates": [[[8.5344, 47.3801], [8.5346, 47.3801], [8.5347, 47.3801], [8.535, 47.38], [8.5353, 47.3799]], [[8.5353, 47.3799], [8.5358, 47.3798]], [[8.5358, 47.3798], [8.5366, 47.3796]], [[8.5366, 47.3796], [8.5391, 47.3789], [8.5405, 47.3785], [8.542, 47.378]], [[8.542, 47.378], [8.5421, 47.378]], [[8.5421, 47.378], [8.5429, 47.3777]], [[8.5429, 47.3777], [8.5434, 47.3776], [8.5438, 47.3774], [8.5442, 47.3773], [8.5444, 47.3772], [8.5446, 47.3771], [8.5449, 47.377], [8.5451, 47.3769], [8.5453, 47.3767], [8.5454, 47.3766], [8.5457, 47.3764], [8.5459, 47.3762], [8.5461, 47.376], [8.5463, 47.3758], [8.5465, 47.3756], [8.5467, 47.3754], [8.547, 47.375], [8.5472, 47.3748], [8.5473, 47.3745], [8.5475, 47.3741], [8.5476, 47.3738], [8.5477, 47.3736], [8.5478, 47.3733], [8.5478, 47.373], [8.5479, 47.3728], [8.5479, 47.3726], [8.5479, 47.3723], [8.5479, 47.3721], [8.5479, 47.3719], [8.5478, 47.3717], [8.5477, 47.3714], [8.5477, 47.3712], [8.5476, 47.371], [8.5475, 47.3709], [8.5473, 47.3704], [8.5472, 47.3702], [8.5472, 47.37], [8.5471, 47.3698], [8.5471, 47.3697], [8.5471, 47.3694], [8.5471, 47.3692], [8.5471, 47.3691], [8.5472, 47.3689]], [[8.5472, 47.3689], [8.5472, 47.3687], [8.5473, 47.3684], [8.5473, 47.3683], [8.5474, 47.3681]], [[8.5474, 47.3681], [8.5475, 47.368], [8.5475, 47.3679], [8.5476, 47.3678], [8.5477, 47.3676]], [[8.5506, 47.3659], [8.5504, 47.366], [8.5501, 47.366]], [[8.552, 47.3655], [8.5513, 47.3657], [8.5506, 47.3659]], [[8.552, 47.3655], [8.5505, 47.3659]], [[8.5505, 47.3659], [8.5503, 47.3659], [8.5501, 47.366]], [[8.5477, 47.3676], [8.5475, 47.3677], [8.5475, 47.3679], [8.5473, 47.3681], [8.5473, 47.3683], [8.5472, 47.3687]], [[8.5472, 47.3687], [8.5471, 47.3689], [8.5471, 47.3691], [8.5471, 47.3693], [8.5471, 47.3695], [8.5471, 47.3697], [8.5471, 47.3698], [8.5471, 47.37], [8.5472, 47.3702], [8.5473, 47.3704], [8.5475, 47.3709], [8.5476, 47.3712], [8.5477, 47.3714], [8.5478, 47.3717], [8.5478, 47.3719], [8.5479, 47.3721], [8.5479, 47.3723], [8.5478, 47.3725], [8.5478, 47.3728], [8.5478, 47.373], [8.5477, 47.3733], [8.5477, 47.3736], [8.5476, 47.3738], [8.5475, 47.3741], [8.5473, 47.3745], [8.5471, 47.3747], [8.547, 47.375], [8.5467, 47.3754], [8.5465, 47.3756], [8.5463, 47.3758], [8.5461, 47.376], [8.5459, 47.3762], [8.5456, 47.3764], [8.5454, 47.3766], [8.5452, 47.3767], [8.545, 47.3768], [8.5448, 47.3769], [8.5446, 47.377], [8.5442, 47.3772], [8.5438, 47.3773], [8.543, 47.3776]], [[8.543, 47.3776], [8.5425, 47.3778], [8.5421, 47.3779]], [[8.5421, 47.3779], [8.542, 47.378]], [[8.542, 47.378], [8.5417, 47.3781], [8.541, 47.3783], [8.5403, 47.3785], [8.5391, 47.3788], [8.5366, 47.3795]], [[8.5366, 47.3795], [8.5358, 47.3797]], [[8.5358, 47.3797], [8.5353, 47.3799]], [[8.5353, 47.3799], [8.535, 47.3799], [8.5346, 47.38], [8.5343, 47.3801]]]}, "properties": {"ref": "S6", "opened_year": 1990, "is_tunnel": true, "segment_count": 21}}, {"type": "Feature", "geometry": {"type": "MultiLineString", "coordinates": [[[8.6874, 47.4269], [8.6875, 47.4269], [8.6873, 47.4265], [8.6868, 47.4255], [8.6867, 47.4255], [8.6867, 47.4253], [8.6866, 47.4251], [8.6865, 47.425], [8.6864, 47.4248], [8.6863, 47.4247], [8.6861, 47.4245], [8.686, 47.4244], [8.686, 47.4243], [8.6859, 47.4241], [8.6858, 47.4242], [8.6859, 47.4242], [8.6859, 47.4243], [8.686, 47.4244], [8.6861, 47.4245], [8.6862, 47.4247], [8.6863, 47.4248], [8.6864, 47.425], [8.6865, 47.4252], [8.6866, 47.4253], [8.6867, 47.4255], [8.6867, 47.4256], [8.6872, 47.4265], [8.6874, 47.4269]], [[8.5153, 47.3857], [8.5156, 47.3856], [8.5159, 47.3855], [8.5162, 47.3854], [8.5166, 47.3853], [8.5169, 47.3853], [8.517, 47.3852], [8.5173, 47.3851], [8.5177, 47.385], [8.5178, 47.385], [8.5185, 47.3848], [8.519, 47.3847], [8.5195, 47.3846], [8.5186, 47.3849], [8.5179, 47.3851], [8.5177, 47.3851], [8.5173, 47.3852], [8.517, 47.3853], [8.5166, 47.3854], [8.5162, 47.3855], [8.516, 47.3856], [8.5156, 47.3856], [8.5153, 47.3857]], [[8.5481, 47.3673], [8.5483, 47.3671], [8.5485, 47.3669], [8.5486, 47.3669], [8.5488, 47.3668], [8.5489, 47.3667], [8.5491, 47.3666], [8.5493, 47.3665], [8.5495, 47.3664], [8.5496, 47.3663], [8.5498, 47.3662], [8.5502, 47.3661], [8.5502, 47.366], [8.5501, 47.366], [8.5498, 47.3662], [8.5495, 47.3663], [8.5494, 47.3663], [8.5492, 47.3664], [8.549, 47.3665], [8.5488, 47.3666], [8.5487, 47.3667], [8.5485, 47.3669], [8.5484, 47.3669], [8.5482, 47.3671], [8.5481, 47.3671], [8.548, 47.3672], [8.5479, 47.3674], [8.5478, 47.3676], [8.548, 47.3674], [8.5481, 47.3673]], [[8.6818, 47.2581], [8.6815, 47.2581], [8.6811, 47.2582], [8.6808, 47.2583], [8.6806, 47.2583], [8.6804, 47.2584], [8.6802, 47.2584], [8.6801, 47.2585], [8.6799, 47.2585], [8.6797, 47.2586], [8.6795, 47.2587], [8.6793, 47.2587], [8.6792, 47.2588], [8.6789, 47.2589], [8.6787, 47.259], [8.6786, 47.259], [8.6784, 47.2591], [8.6782, 47.2592], [8.678, 47.2593], [8.6782, 47.2592], [8.6785, 47.2591], [8.6789, 47.2589], [8.6793, 47.2588], [8.6796, 47.2587], [8.6798, 47.2586], [8.6801, 47.2585], [8.6803, 47.2585], [8.6804, 47.2584], [8.6806, 47.2584], [8.6808, 47.2583], [8.681, 47.2583], [8.6813, 47.2582], [8.6815, 47.2582], [8.6818, 47.2581]], [[8.6911, 47.2542], [8.6916, 47.2539], [8.6917, 47.2538], [8.6918, 47.2538], [8.692, 47.2537], [8.6923, 47.2536], [8.6926, 47.2534], [8.6933, 47.2531], [8.6936, 47.2529], [8.6944, 47.2525]], [[8.7204, 47.2408], [8.7208, 47.2408], [8.7211, 47.2408], [8.7212, 47.2408], [8.7215, 47.2408], [8.7216, 47.2407], [8.7218, 47.2407], [8.7219, 47.2407], [8.722, 47.2407], [8.7221, 47.2407], [8.7223, 47.2406], [8.7225, 47.2406], [8.7227, 47.2405], [8.7229, 47.2405], [8.723, 47.2405], [8.7231, 47.2404], [8.7232, 47.2404], [8.7234, 47.2404], [8.7235, 47.2404], [8.7236, 47.2403], [8.7237, 47.2403], [8.7238, 47.2403], [8.724, 47.2402], [8.7241, 47.2402], [8.7244, 47.2401], [8.7247, 47.24], [8.7246, 47.24], [8.7244, 47.24], [8.7241, 47.2401], [8.7237, 47.2402], [8.7236, 47.2403], [8.7234, 47.2403], [8.7232, 47.2404], [8.7231, 47.2404], [8.723, 47.2404], [8.7229, 47.2405], [8.7228, 47.2405], [8.7226, 47.2405], [8.7225, 47.2405], [8.7223, 47.2406], [8.7222, 47.2406], [8.7221, 47.2406], [8.7219, 47.2406], [8.7218, 47.2407], [8.7216, 47.2407], [8.7215, 47.2407], [8.7214, 47.2407], [8.7212, 47.2407], [8.721, 47.2407], [8.7208, 47.2408], [8.7207, 47.2408], [8.7205, 47.2408], [8.7204, 47.2408]], [[8.7497, 47.2356], [8.7497, 47.2357], [8.7499, 47.2357], [8.7501, 47.2357], [8.7503, 47.2357], [8.7505, 47.2357], [8.7507, 47.2357], [8.7509, 47.2357], [8.7513, 47.2357], [8.7519, 47.2357], [8.7525, 47.2358], [8.7527, 47.2358], [8.7529, 47.2358], [8.7531, 47.2358], [8.7533, 47.2358], [8.7535, 47.2358], [8.7536, 47.2358], [8.7537, 47.2358], [8.754, 47.2359], [8.7542, 47.2359], [8.7541, 47.2358], [8.7539, 47.2358], [8.7537, 47.2358], [8.7536, 47.2358], [8.7535, 47.2358], [8.7534, 47.2358], [8.7533, 47.2357], [8.7532, 47.2357], [8.7531, 47.2357], [8.753, 47.2357], [8.7529, 47.2357], [8.7527, 47.2357], [8.7525, 47.2357], [8.7522, 47.2357], [8.7519, 47.2357], [8.7511, 47.2357], [8.7509, 47.2357], [8.7507, 47.2357], [8.7505, 47.2356], [8.7503, 47.2356], [8.7501, 47.2356], [8.7497, 47.2356]], [[8.7799, 47.2383], [8.7801, 47.2384], [8.7804, 47.2384], [8.7806, 47.2385], [8.7808, 47.2385], [8.7811, 47.2386], [8.7814, 47.2387], [8.7817, 47.2388], [8.7819, 47.2388], [8.7821, 47.2389], [8.7822, 47.2389], [8.7824, 47.239], [8.7825, 47.2391], [8.7828, 47.2391], [8.7832, 47.2393], [8.7838, 47.2394], [8.7838, 47.2395], [8.7837, 47.2395], [8.7832, 47.2393], [8.7826, 47.2391], [8.7825, 47.2391], [8.7819, 47.2389], [8.7815, 47.2387], [8.7808, 47.2386], [8.7803, 47.2385], [8.7798, 47.2384], [8.7799, 47.2383]], [[8.8158, 47.2381], [8.8157, 47.2381], [8.8156, 47.2381], [8.8155, 47.2382], [8.8119, 47.239], [8.8124, 47.2388], [8.8124, 47.2389], [8.8129, 47.2387], [8.813, 47.2387], [8.8139, 47.2385], [8.814, 47.2385], [8.8142, 47.2384], [8.8144, 47.2384], [8.8149, 47.2383], [8.8155, 47.2381], [8.8158, 47.2381]], [[8.8158, 47.2247], [8.8157, 47.2247], [8.8156, 47.2247], [8.8155, 47.2247], [8.8154, 47.2246], [8.8153, 47.2246], [8.8152, 47.2246], [8.8151, 47.2246], [8.815, 47.2245], [8.8149, 47.2245], [8.8148, 47.2245], [8.815, 47.2246], [8.8153, 47.2247], [8.8155, 47.2247], [8.8156, 47.2247], [8.816, 47.2248], [8.8161, 47.2248], [8.8163, 47.2248], [8.8164, 47.2248], [8.8163, 47.2248], [8.8167, 47.2249], [8.8167, 47.2248], [8.8169, 47.2249], [8.8171, 47.2249], [8.8173, 47.225], [8.8173, 47.2249], [8.8178, 47.225], [8.8179, 47.225], [8.8193, 47.2251], [8.8194, 47.2252], [8.8195, 47.2252], [8.8196, 47.2252], [8.8196, 47.2251], [8.8182, 47.225], [8.8179, 47.2249], [8.816, 47.2247], [8.8158, 47.2247]], [[8.7246, 47.502], [8.7243, 47.5017]], [[8.7243, 47.5017], [8.7242, 47.5016], [8.724, 47.5013], [8.7233, 47.5005]], [[8.7233, 47.5005], [8.7227, 47.4998], [8.7226, 47.4995], [8.7222, 47.4989]], [[8.7222, 47.4989], [8.7219, 47.4985], [8.7218, 47.4983], [8.7217, 47.4982], [8.7216, 47.498]], [[8.7215, 47.4978], [8.7216, 47.498]], [[8.7213, 47.4975], [8.7215, 47.4978]], [[8.7213, 47.4975], [8.7211, 47.4972]], [[8.7209, 47.4969], [8.7211, 47.4972]], [[8.7209, 47.4969], [8.7203, 47.4962]], [[8.7203, 47.4962], [8.7181, 47.4934]], [[8.7181, 47.4934], [8.7175, 47.4926]], [[8.7175, 47.4926], [8.7166, 47.4914]], [[8.7166, 47.4914], [8.7158, 47.4905], [8.7157, 47.4904], [8.7154, 47.49], [8.715, 47.4896]], [[8.715, 47.4896], [8.7143, 47.4888], [8.7137, 47.4881], [8.7135, 47.4877], [8.7128, 47.4869]], [[8.7128, 47.4869], [8.7122, 47.486], [8.7113, 47.4849]], [[8.7113, 47.4849], [8.7111, 47.4846]], [[8.7111, 47.4846], [8.711, 47.4845]], [[8.711, 47.4845], [8.7102, 47.4836]], [[8.7102, 47.4836], [8.7087, 47.4816]], [[8.7087, 47.4816], [8.7082, 47.481]], [[8.7082, 47.481], [8.7079, 47.4807]], [[8.7079, 47.4807], [8.7076, 47.4803], [8.7075, 47.4801], [8.7073, 47.4799], [8.7072, 47.4797], [8.707, 47.4795], [8.7069, 47.4793], [8.7068, 47.4791], [8.7066, 47.4787], [8.7065, 47.4785], [8.7065, 47.4783], [8.7064, 47.4781], [8.7063, 47.4779], [8.7063, 47.4778], [8.7062, 47.4776], [8.7062, 47.4774], [8.7062, 47.4773]], [[8.7062, 47.4773], [8.7062, 47.4772], [8.7061, 47.477], [8.7061, 47.4769], [8.7061, 47.4767], [8.7061, 47.4765], [8.7061, 47.4764], [8.7061, 47.4763], [8.7061, 47.4761], [8.7061, 47.476], [8.7061, 47.4758], [8.7061, 47.4756], [8.7062, 47.4753], [8.7062, 47.4748]], [[8.7062, 47.4748], [8.7062, 47.4743]], [[8.7062, 47.4743], [8.7064, 47.4726]], [[8.7064, 47.4726], [8.7064, 47.4725]], [[8.7064, 47.4725], [8.7064, 47.4715]], [[8.7064, 47.4715], [8.7065, 47.4708], [8.7066, 47.4699]], [[8.7067, 47.4682], [8.7067, 47.4674]], [[8.7067, 47.4674], [8.7067, 47.4673]], [[8.7067, 47.4673], [8.7069, 47.4652], [8.7069, 47.4649], [8.7069, 47.4648], [8.7069, 47.4647], [8.707, 47.4646], [8.707, 47.4645], [8.707, 47.4644], [8.707, 47.4642], [8.707, 47.4641], [8.7071, 47.4641], [8.7071, 47.464], [8.7071, 47.4639], [8.7072, 47.4638], [8.7072, 47.4637], [8.7072, 47.4636], [8.7073, 47.4635], [8.7073, 47.4634], [8.7074, 47.4633], [8.7074, 47.4632], [8.7075, 47.4629], [8.7077, 47.4626], [8.7077, 47.4625], [8.7078, 47.4623], [8.7078, 47.4622], [8.7079, 47.4621], [8.7079, 47.4619], [8.708, 47.4619], [8.708, 47.4618], [8.708, 47.4617], [8.708, 47.4616], [8.708, 47.4615], [8.7081, 47.4614], [8.7081, 47.4613], [8.7081, 47.4612], [8.7081, 47.4611], [8.7081, 47.461], [8.7081, 47.4609], [8.7081, 47.4607], [8.7081, 47.4606], [8.7081, 47.4605], [8.7081, 47.4604], [8.7081, 47.4602], [8.7081, 47.4601], [8.7081, 47.46], [8.7081, 47.4599], [8.708, 47.4598], [8.708, 47.4597], [8.708, 47.4596], [8.708, 47.4595], [8.7079, 47.4594], [8.7079, 47.4593], [8.7079, 47.4592], [8.7078, 47.4591], [8.7078, 47.4589]], [[8.7078, 47.4589], [8.7077, 47.4588], [8.7072, 47.4572]], [[8.7072, 47.4572], [8.7069, 47.4562], [8.7067, 47.4557], [8.7065, 47.455], [8.7064, 47.4546]], [[8.7064, 47.4546], [8.7062, 47.4539], [8.706, 47.4533], [8.7059, 47.453], [8.7059, 47.4529], [8.7057, 47.4524], [8.7056, 47.4521], [8.7055, 47.4518], [8.7053, 47.4511], [8.7052, 47.4511], [8.7052, 47.451]], [[8.7052, 47.451], [8.705, 47.4505], [8.7049, 47.4501], [8.7045, 47.4488]], [[8.7045, 47.4488], [8.7044, 47.4484], [8.7043, 47.4483], [8.7043, 47.4482], [8.7043, 47.4481], [8.7042, 47.448], [8.7042, 47.4479], [8.7042, 47.4478], [8.7042, 47.4477], [8.7042, 47.4476], [8.7041, 47.4475], [8.7041, 47.4473], [8.7041, 47.4472], [8.7041, 47.4471], [8.7041, 47.4469], [8.7041, 47.4468], [8.7041, 47.4466], [8.7041, 47.4465], [8.7042, 47.4464], [8.7042, 47.4462], [8.7042, 47.446], [8.7043, 47.4458], [8.7043, 47.4457], [8.7049, 47.4436], [8.705, 47.4434], [8.705, 47.4433], [8.705, 47.4432], [8.7051, 47.4431], [8.7051, 47.443], [8.7051, 47.4429], [8.7051, 47.4428], [8.7051, 47.4426], [8.7052, 47.4425], [8.7052, 47.4424]], [[8.7052, 47.4424], [8.7052, 47.4423]], [[8.7052, 47.4423], [8.7052, 47.4422], [8.7052, 47.4421], [8.7052, 47.4419], [8.7052, 47.4417], [8.7051, 47.4415], [8.7051, 47.4414], [8.7051, 47.4412], [8.7051, 47.441], [8.705, 47.4409], [8.705, 47.4408], [8.7049, 47.4406], [8.7049, 47.4404], [8.7048, 47.4403], [8.7047, 47.4401], [8.7046, 47.44], [8.7045, 47.4398], [8.7044, 47.4397], [8.7043, 47.4395], [8.7042, 47.4394], [8.7041, 47.4392], [8.704, 47.4391], [8.7039, 47.439], [8.7037, 47.4388], [8.7036, 47.4387], [8.7035, 47.4386], [8.7033, 47.4385], [8.7031, 47.4383], [8.703, 47.4382], [8.7027, 47.438], [8.7026, 47.4379], [8.7024, 47.4378], [8.7023, 47.4378], [8.7022, 47.4377], [8.702, 47.4376], [8.7019, 47.4376], [8.7017, 47.4375], [8.7014, 47.4373]], [[8.7014, 47.4373], [8.7011, 47.4372]], [[8.7011, 47.4372], [8.7009, 47.4371], [8.7007, 47.4371], [8.7003, 47.4369], [8.7001, 47.4369], [8.6998, 47.4368], [8.6996, 47.4368], [8.6994, 47.4367], [8.6992, 47.4367], [8.699, 47.4366], [8.6987, 47.4366], [8.6984, 47.4365], [8.6971, 47.4364], [8.6968, 47.4363]], [[8.6968, 47.4363], [8.6965, 47.4363], [8.6962, 47.4362], [8.696, 47.4362], [8.6958, 47.4361], [8.6956, 47.4361], [8.6954, 47.4361], [8.6953, 47.436], [8.6951, 47.436], [8.695, 47.4359], [8.6949, 47.4359], [8.6947, 47.4358], [8.6946, 47.4358], [8.6945, 47.4358], [8.6944, 47.4357], [8.6942, 47.4357], [8.6941, 47.4356], [8.6939, 47.4355], [8.6938, 47.4355], [8.6937, 47.4354], [8.6935, 47.4353], [8.6934, 47.4353], [8.6933, 47.4352], [8.6931, 47.4351], [8.693, 47.4351], [8.6929, 47.435], [8.6927, 47.4349], [8.6926, 47.4348], [8.6924, 47.4347], [8.6923, 47.4346], [8.6922, 47.4345], [8.6921, 47.4345], [8.692, 47.4344], [8.6919, 47.4342], [8.6918, 47.4341], [8.6917, 47.434], [8.6915, 47.4339], [8.6914, 47.4337], [8.6913, 47.4336], [8.6912, 47.4334], [8.6911, 47.4333], [8.691, 47.4332], [8.6909, 47.433], [8.6907, 47.4327], [8.6905, 47.4324], [8.6901, 47.4315]], [[8.6901, 47.4315], [8.69, 47.4314]], [[8.69, 47.4314], [8.6894, 47.4302], [8.6889, 47.4293], [8.688, 47.4277]], [[8.688, 47.4277], [8.6876, 47.427], [8.6871, 47.4261], [8.6867, 47.4253], [8.6865, 47.4251], [8.6864, 47.4248], [8.6862, 47.4245], [8.6861, 47.4244], [8.686, 47.4243], [8.6859, 47.4241], [8.6857, 47.424], [8.6856, 47.4239], [8.6856, 47.4238], [8.6855, 47.4237], [8.6854, 47.4236], [8.6853, 47.4235], [8.6852, 47.4234], [8.685, 47.4233], [8.6849, 47.4232], [8.6849, 47.4231], [8.6847, 47.423], [8.6844, 47.4228], [8.6843, 47.4227], [8.6842, 47.4226], [8.6839, 47.4225], [8.6838, 47.4224], [8.6836, 47.4223]], [[8.6836, 47.4223], [8.6835, 47.4222], [8.6834, 47.4221], [8.6832, 47.422], [8.683, 47.4219], [8.6828, 47.4219]], [[8.6828, 47.4219], [8.6827, 47.4218], [8.6825, 47.4217], [8.6823, 47.4216], [8.6821, 47.4216], [8.682, 47.4215], [8.6818, 47.4214], [8.6816, 47.4214], [8.6815, 47.4213], [8.6814, 47.4213], [8.6812, 47.4212], [8.681, 47.4212], [8.6808, 47.4211], [8.6806, 47.4211], [8.6805, 47.421], [8.6804, 47.421], [8.6802, 47.421], [8.68, 47.4209], [8.6798, 47.4209], [8.6797, 47.4209], [8.6794, 47.4208], [8.6792, 47.4208], [8.6789, 47.4207], [8.6787, 47.4207], [8.6785, 47.4207], [8.6782, 47.4207], [8.678, 47.4207], [8.6778, 47.4207], [8.6777, 47.4207], [8.6776, 47.4206], [8.6773, 47.4206], [8.6771, 47.4206], [8.6768, 47.4206], [8.6766, 47.4206], [8.6763, 47.4207], [8.6761, 47.4207], [8.6758, 47.4207], [8.6756, 47.4207], [8.6754, 47.4207], [8.6752, 47.4208], [8.6751, 47.4208]], [[8.6751, 47.4208], [8.675, 47.4208], [8.6739, 47.4209], [8.6689, 47.4217]], [[8.6689, 47.4217], [8.6682, 47.4217], [8.6673, 47.4219], [8.6671, 47.4219], [8.6665, 47.422]], [[8.6665, 47.422], [8.6661, 47.4221], [8.6657, 47.4221]], [[8.6657, 47.4221], [8.6635, 47.4224]], [[8.6635, 47.4224], [8.6631, 47.4225]], [[8.6631, 47.4225], [8.6627, 47.4226], [8.6625, 47.4226], [8.6623, 47.4226], [8.6622, 47.4226], [8.662, 47.4227], [8.6619, 47.4227], [8.6617, 47.4227], [8.6616, 47.4227], [8.6614, 47.4228], [8.6613, 47.4228], [8.6611, 47.4228], [8.661, 47.4229], [8.6608, 47.4229], [8.6607, 47.4229], [8.6605, 47.423], [8.6604, 47.423], [8.6603, 47.423], [8.6601, 47.4231], [8.6599, 47.4232], [8.6596, 47.4232], [8.6593, 47.4233], [8.6592, 47.4234], [8.659, 47.4234], [8.6584, 47.4237]], [[8.6584, 47.4237], [8.6557, 47.4247], [8.6553, 47.4249], [8.6526, 47.4259], [8.6522, 47.426], [8.652, 47.4261], [8.6518, 47.4262], [8.6516, 47.4262], [8.6515, 47.4263], [8.6513, 47.4264], [8.6511, 47.4264], [8.6506, 47.4266], [8.6504, 47.4266], [8.6503, 47.4267], [8.6501, 47.4267], [8.65, 47.4268], [8.6499, 47.4268], [8.6496, 47.4269]], [[8.6496, 47.4269], [8.6495, 47.427]], [[8.6495, 47.427], [8.6494, 47.427], [8.6493, 47.4271], [8.6492, 47.4271], [8.6491, 47.4272], [8.649, 47.4272], [8.6489, 47.4273], [8.6488, 47.4273], [8.6487, 47.4274], [8.6486, 47.4274], [8.6484, 47.4275], [8.6483, 47.4276], [8.6482, 47.4276], [8.6481, 47.4277], [8.648, 47.4277], [8.6479, 47.4278], [8.6478, 47.4279], [8.6477, 47.4279], [8.6476, 47.428], [8.6475, 47.4281], [8.6474, 47.4282], [8.6473, 47.4282], [8.6471, 47.4284]], [[8.6471, 47.4284], [8.647, 47.4285], [8.6468, 47.4286], [8.6467, 47.4287]], [[8.6467, 47.4287], [8.6466, 47.4288], [8.6465, 47.4289], [8.6464, 47.429], [8.6463, 47.4291], [8.6463, 47.4292], [8.6462, 47.4293], [8.6461, 47.4294], [8.646, 47.4295], [8.6459, 47.4297], [8.6458, 47.4297], [8.6458, 47.4298], [8.6457, 47.4299], [8.645, 47.4309], [8.6447, 47.4313]], [[8.6447, 47.4313], [8.6446, 47.4314]], [[8.6446, 47.4314], [8.6435, 47.433], [8.6432, 47.4333], [8.6431, 47.4334], [8.643, 47.4336], [8.6429, 47.4337], [8.6428, 47.4338], [8.6427, 47.434], [8.6426, 47.4341], [8.6425, 47.4342], [8.6424, 47.4343], [8.6423, 47.4344]], [[8.6423, 47.4344], [8.6422, 47.4345]], [[8.6422, 47.4345], [8.6421, 47.4346], [8.6419, 47.4347], [8.6418, 47.4348], [8.6417, 47.4349], [8.6415, 47.4351], [8.6414, 47.4351], [8.6413, 47.4352], [8.6411, 47.4353], [8.641, 47.4354], [8.6409, 47.4354], [8.6408, 47.4355], [8.6407, 47.4356], [8.6405, 47.4357], [8.6404, 47.4357], [8.6402, 47.4358], [8.6401, 47.4359], [8.64, 47.4359], [8.6398, 47.436], [8.6397, 47.4361], [8.6395, 47.4361], [8.6394, 47.4362], [8.6393, 47.4362], [8.6391, 47.4363], [8.639, 47.4363], [8.6388, 47.4364], [8.6387, 47.4365], [8.6385, 47.4365], [8.6383, 47.4365], [8.6382, 47.4366], [8.6381, 47.4366], [8.6379, 47.4367], [8.6378, 47.4367], [8.6377, 47.4367], [8.6376, 47.4367], [8.6375, 47.4367]], [[8.6375, 47.4367], [8.6374, 47.4368], [8.6372, 47.4368]], [[8.6372, 47.4368], [8.6371, 47.4368], [8.637, 47.4369], [8.6368, 47.4369], [8.6367, 47.4369], [8.6366, 47.4369], [8.6365, 47.4369], [8.6363, 47.437], [8.6347, 47.4372]], [[8.6347, 47.4372], [8.6346, 47.4372]], [[8.6346, 47.4372], [8.6339, 47.4373]], [[8.6339, 47.4373], [8.6312, 47.4377]], [[8.6312, 47.4377], [8.631, 47.4377]], [[8.631, 47.4377], [8.6303, 47.4378], [8.6296, 47.4379], [8.629, 47.438], [8.6286, 47.4381], [8.6283, 47.4381]], [[8.6283, 47.4381], [8.6278, 47.4382], [8.6272, 47.4382], [8.6271, 47.4382], [8.6267, 47.4383], [8.6262, 47.4384], [8.6255, 47.4385], [8.625, 47.4386], [8.6244, 47.4387], [8.6238, 47.4388], [8.6236, 47.4388], [8.6233, 47.4389], [8.623, 47.4389], [8.6228, 47.4389], [8.6226, 47.439], [8.6221, 47.4391], [8.622, 47.4391], [8.6219, 47.4391], [8.6218, 47.4392], [8.6215, 47.4392]], [[8.6215, 47.4392], [8.6213, 47.4393], [8.6209, 47.4394], [8.6208, 47.4394], [8.6206, 47.4395]], [[8.6206, 47.4395], [8.6204, 47.4396], [8.6202, 47.4396], [8.6201, 47.4397], [8.62, 47.4397]], [[8.62, 47.4397], [8.6199, 47.4398], [8.6197, 47.4398], [8.6196, 47.4399], [8.6194, 47.44]], [[8.6194, 47.44], [8.6193, 47.44], [8.6191, 47.4401], [8.6189, 47.4402], [8.6187, 47.4403], [8.6186, 47.4403], [8.6184, 47.4404], [8.6179, 47.4407], [8.6176, 47.4408], [8.6175, 47.4409], [8.6173, 47.441], [8.6171, 47.441], [8.617, 47.4411], [8.6168, 47.4412], [8.6167, 47.4412], [8.6165, 47.4413], [8.6163, 47.4414], [8.6161, 47.4415], [8.616, 47.4415], [8.6159, 47.4415], [8.6157, 47.4416], [8.6154, 47.4417], [8.6152, 47.4418], [8.615, 47.4419], [8.6147, 47.4419], [8.6144, 47.442], [8.6142, 47.4421], [8.614, 47.4422], [8.6137, 47.4422], [8.6134, 47.4423], [8.6121, 47.4427], [8.6117, 47.4428], [8.6111, 47.443]], [[8.6111, 47.443], [8.6106, 47.4431], [8.6101, 47.4432], [8.6092, 47.4434]], [[8.6092, 47.4434], [8.6087, 47.4436], [8.6084, 47.4436], [8.6081, 47.4437], [8.6076, 47.4438], [8.6073, 47.4439], [8.607, 47.444], [8.6067, 47.444], [8.6064, 47.4441], [8.606, 47.4441], [8.6056, 47.4442], [8.6054, 47.4442]], [[8.6054, 47.4442], [8.6054, 47.4443], [8.6051, 47.4443]], [[8.6051, 47.4443], [8.6048, 47.4444], [8.6045, 47.4444], [8.6042, 47.4445], [8.604, 47.4446], [8.6038, 47.4446], [8.6036, 47.4447], [8.6035, 47.4447], [8.6034, 47.4447], [8.6031, 47.4448]], [[8.6031, 47.4448], [8.603, 47.4449], [8.6028, 47.4449], [8.6026, 47.445], [8.602, 47.4452], [8.601, 47.4456]], [[8.601, 47.4456], [8.6003, 47.4458], [8.6, 47.4459], [8.5998, 47.446], [8.5997, 47.446], [8.5993, 47.4461], [8.599, 47.4463], [8.5987, 47.4464], [8.5981, 47.4466], [8.5974, 47.4468], [8.5967, 47.447], [8.5961, 47.4471], [8.5958, 47.4472]], [[8.5958, 47.4472], [8.5947, 47.4475], [8.594, 47.4477]], [[8.594, 47.4477], [8.5925, 47.4481]], [[8.5925, 47.4481], [8.5916, 47.4484], [8.5911, 47.4485], [8.5907, 47.4486], [8.59, 47.4488], [8.5893, 47.4489]], [[8.5893, 47.4489], [8.5892, 47.4489]], [[8.5892, 47.4489], [8.5891, 47.449]], [[8.5891, 47.449], [8.5888, 47.449], [8.5886, 47.4491], [8.5884, 47.4491], [8.5882, 47.4491], [8.588, 47.4492], [8.5879, 47.4492], [8.5877, 47.4492], [8.5876, 47.4492], [8.5874, 47.4492], [8.5873, 47.4492], [8.5871, 47.4492], [8.587, 47.4492], [8.5869, 47.4492], [8.5867, 47.4492], [8.5866, 47.4492], [8.5865, 47.4492], [8.5863, 47.4492]], [[8.5863, 47.4492], [8.5862, 47.4492], [8.586, 47.4491], [8.5859, 47.4491], [8.5857, 47.4491], [8.5856, 47.449], [8.5854, 47.449], [8.5853, 47.449], [8.5851, 47.4489], [8.585, 47.4489], [8.5848, 47.4488], [8.5847, 47.4488], [8.5845, 47.4487], [8.5843, 47.4486], [8.5841, 47.4485], [8.584, 47.4484]], [[8.584, 47.4484], [8.5832, 47.448], [8.5821, 47.4475], [8.5819, 47.4474], [8.5817, 47.4474], [8.5816, 47.4473], [8.5815, 47.4473], [8.5813, 47.4472], [8.581, 47.4471], [8.5808, 47.447], [8.5805, 47.4468]], [[8.5805, 47.4468], [8.5802, 47.4467], [8.5799, 47.4466], [8.5796, 47.4464], [8.579, 47.4462], [8.5788, 47.4461], [8.5782, 47.4458], [8.578, 47.4457]], [[8.5767, 47.4451], [8.578, 47.4457]], [[8.5764, 47.4449], [8.5767, 47.4451]], [[8.5745, 47.444], [8.5764, 47.4449]], [[8.5704, 47.442], [8.5709, 47.4423], [8.5718, 47.4427], [8.5733, 47.4435], [8.5735, 47.4435], [8.5745, 47.444]], [[8.5702, 47.442], [8.5704, 47.442]], [[8.5698, 47.4418], [8.5702, 47.442]], [[8.5693, 47.4415], [8.5695, 47.4416], [8.5698, 47.4418]], [[8.5681, 47.4409], [8.5683, 47.441], [8.5693, 47.4415]], [[8.568, 47.4409], [8.5681, 47.4409]], [[8.5649, 47.4389], [8.5651, 47.439], [8.5652, 47.4391], [8.5653, 47.4392], [8.5654, 47.4393], [8.5655, 47.4394], [8.5657, 47.4395], [8.5658, 47.4396], [8.566, 47.4397], [8.5661, 47.4398], [8.5662, 47.4399], [8.5664, 47.44], [8.5665, 47.4401], [8.5667, 47.4402], [8.5668, 47.4403], [8.5669, 47.4403], [8.5669, 47.4404], [8.567, 47.4404], [8.5672, 47.4405], [8.5673, 47.4405], [8.5674, 47.4406], [8.5675, 47.4407], [8.568, 47.4409]], [[8.5649, 47.4389], [8.5649, 47.4388]], [[8.5649, 47.4388], [8.5648, 47.4387]], [[8.5648, 47.4387], [8.5647, 47.4386], [8.5647, 47.4385], [8.5646, 47.4384], [8.5644, 47.4382], [8.5643, 47.4381], [8.5643, 47.438], [8.5642, 47.4378], [8.564, 47.4376], [8.5639, 47.4374], [8.5639, 47.4373], [8.5637, 47.4371], [8.5635, 47.4367], [8.5634, 47.4365], [8.5632, 47.4363]], [[8.5632, 47.4363], [8.5632, 47.4362], [8.563, 47.4359], [8.563, 47.4358], [8.5629, 47.4357], [8.5628, 47.4356], [8.5628, 47.4355], [8.5628, 47.4354], [8.5627, 47.4353], [8.5627, 47.4352], [8.5626, 47.4351], [8.5626, 47.435], [8.5626, 47.4349], [8.5625, 47.4348], [8.5625, 47.4347], [8.5625, 47.4346], [8.5625, 47.4345], [8.5625, 47.4344], [8.5625, 47.4343], [8.5625, 47.4342], [8.5625, 47.4341], [8.5625, 47.434], [8.5625, 47.4339], [8.5625, 47.4337]], [[8.5625, 47.4337], [8.5625, 47.4333], [8.5625, 47.4332], [8.5625, 47.4331], [8.5625, 47.433], [8.5625, 47.4329]], [[8.5625, 47.4329], [8.5625, 47.4328], [8.5624, 47.4327], [8.5624, 47.4326], [8.5624, 47.4325], [8.5624, 47.4324], [8.5624, 47.4322], [8.5623, 47.4319], [8.5622, 47.4314]], [[8.5614, 47.4291], [8.5614, 47.429], [8.5613, 47.4289], [8.5612, 47.4288], [8.5611, 47.4287], [8.561, 47.4286]], [[8.561, 47.4286], [8.561, 47.4285], [8.5609, 47.4284]], [[8.5609, 47.4284], [8.5604, 47.4279], [8.5601, 47.4275], [8.56, 47.4274], [8.5598, 47.4273], [8.5596, 47.427], [8.5592, 47.4265], [8.559, 47.4263]], [[8.559, 47.4263], [8.5589, 47.4262]], [[8.5589, 47.4262], [8.5587, 47.4259], [8.5584, 47.4256], [8.5582, 47.4254], [8.5579, 47.4251], [8.5564, 47.4234], [8.5557, 47.4227], [8.5551, 47.422], [8.5549, 47.4218], [8.5547, 47.4216], [8.5545, 47.4213], [8.5544, 47.4212]], [[8.5544, 47.4212], [8.5542, 47.4211], [8.554, 47.4209], [8.5534, 47.4203]], [[8.5534, 47.4203], [8.5531, 47.4201], [8.5529, 47.4199], [8.5527, 47.4196], [8.5526, 47.4195], [8.5525, 47.4194], [8.5519, 47.4188], [8.5518, 47.4187], [8.5513, 47.4181], [8.551, 47.4178], [8.5506, 47.4174], [8.5503, 47.417]], [[8.5503, 47.417], [8.55, 47.4167]], [[8.55, 47.4167], [8.5492, 47.4158], [8.5489, 47.4155]], [[8.5489, 47.4155], [8.5489, 47.4154], [8.5488, 47.4153]], [[8.5488, 47.4153], [8.5487, 47.4152]], [[8.5487, 47.4152], [8.548, 47.4145], [8.548, 47.4144], [8.5479, 47.4144]], [[8.5476, 47.414], [8.5477, 47.4141], [8.5479, 47.4144]], [[8.5474, 47.4138], [8.5476, 47.414]], [[8.5471, 47.4136], [8.5474, 47.4138]], [[8.5471, 47.4136], [8.5469, 47.4134], [8.5469, 47.4133], [8.5468, 47.4133], [8.5467, 47.4132], [8.5466, 47.4131]], [[8.5466, 47.4131], [8.5464, 47.413], [8.5463, 47.413], [8.5463, 47.4129], [8.5461, 47.4129]], [[8.5461, 47.4129], [8.5459, 47.4128], [8.5457, 47.4127], [8.5456, 47.4126], [8.5455, 47.4126], [8.5454, 47.4125], [8.5451, 47.4124], [8.5442, 47.4121], [8.5437, 47.412], [8.5436, 47.4119], [8.5434, 47.4118], [8.5433, 47.4118], [8.5432, 47.4117], [8.543, 47.4117], [8.5429, 47.4116], [8.5427, 47.4116], [8.5426, 47.4115], [8.5424, 47.4114], [8.5423, 47.4113], [8.5422, 47.4113], [8.5421, 47.4112], [8.5419, 47.4111], [8.5418, 47.4111], [8.5416, 47.411], [8.5413, 47.4108], [8.5412, 47.4107], [8.541, 47.4106], [8.5408, 47.4105], [8.5407, 47.4104], [8.5401, 47.4101]], [[8.5401, 47.4101], [8.54, 47.4101]], [[8.54, 47.4101], [8.5397, 47.4099], [8.5394, 47.4097], [8.5392, 47.4096], [8.5389, 47.4094]], [[8.5389, 47.4094], [8.5387, 47.4092], [8.5385, 47.4091], [8.5382, 47.4088], [8.5381, 47.4087], [8.538, 47.4086], [8.5379, 47.4084], [8.5377, 47.4082], [8.5376, 47.4079]], [[8.5376, 47.4079], [8.5375, 47.4079], [8.5374, 47.4078]], [[8.5374, 47.4078], [8.5373, 47.4076], [8.5371, 47.4072], [8.5368, 47.4066], [8.5366, 47.4063], [8.5364, 47.406]], [[8.5364, 47.406], [8.5364, 47.4059], [8.5362, 47.4057], [8.5361, 47.4055], [8.536, 47.4054], [8.536, 47.4053]], [[8.5135, 47.3952], [8.5134, 47.395]], [[8.5134, 47.395], [8.5133, 47.3948], [8.513, 47.3943], [8.5129, 47.3941]], [[8.5129, 47.3941], [8.5115, 47.3916], [8.5114, 47.3914], [8.5113, 47.3911], [8.5112, 47.391], [8.5111, 47.3908], [8.511, 47.3906], [8.511, 47.3905], [8.5109, 47.3903], [8.5108, 47.3902], [8.5108, 47.3901], [8.5108, 47.39], [8.5108, 47.3899], [8.5107, 47.3898], [8.5107, 47.3897], [8.5107, 47.3896], [8.5107, 47.3895], [8.5107, 47.3894], [8.5106, 47.3893], [8.5106, 47.3892], [8.5107, 47.3891], [8.5107, 47.389], [8.5107, 47.3889], [8.5107, 47.3888], [8.5107, 47.3887], [8.5107, 47.3886], [8.5108, 47.3885], [8.5108, 47.3884], [8.5109, 47.3883], [8.5109, 47.3882], [8.5109, 47.3881], [8.511, 47.388], [8.5111, 47.3879], [8.5111, 47.3878], [8.5112, 47.3877], [8.5113, 47.3876], [8.5113, 47.3875], [8.5114, 47.3875], [8.5115, 47.3874], [8.5116, 47.3873], [8.5117, 47.3872], [8.5118, 47.3871], [8.5119, 47.387], [8.512, 47.3869], [8.5121, 47.3869], [8.5121, 47.3868], [8.5122, 47.3868], [8.5123, 47.3867], [8.5124, 47.3867], [8.5125, 47.3866], [8.5126, 47.3866], [8.5128, 47.3865], [8.5129, 47.3864], [8.513, 47.3864], [8.5132, 47.3863], [8.5134, 47.3863], [8.5135, 47.3862], [8.5137, 47.3861], [8.5139, 47.3861], [8.5141, 47.386]], [[8.5141, 47.386], [8.5147, 47.3859], [8.5148, 47.3858], [8.5151, 47.3858], [8.5154, 47.3857], [8.5157, 47.3856], [8.5159, 47.3856], [8.5163, 47.3855], [8.5165, 47.3855], [8.5175, 47.3852]], [[8.5175, 47.3852], [8.5193, 47.3847], [8.5196, 47.3846], [8.52, 47.3845], [8.521, 47.3842]], [[8.521, 47.3842], [8.5218, 47.384]], [[8.5218, 47.384], [8.523, 47.3837], [8.5235, 47.3836], [8.5239, 47.3835], [8.5241, 47.3834], [8.5244, 47.3833], [8.5246, 47.3832], [8.5248, 47.3831], [8.525, 47.3831], [8.5252, 47.383], [8.5253, 47.383], [8.5254, 47.3829], [8.5257, 47.3828], [8.5258, 47.3827], [8.526, 47.3827], [8.5264, 47.3825], [8.5266, 47.3824], [8.5267, 47.3823], [8.5271, 47.3821], [8.5275, 47.3819]], [[8.5275, 47.3819], [8.5276, 47.3818]], [[8.5276, 47.3818], [8.5279, 47.3817], [8.528, 47.3816], [8.5282, 47.3816], [8.5283, 47.3815], [8.5284, 47.3815], [8.5286, 47.3814], [8.5287, 47.3814], [8.5288, 47.3814], [8.5291, 47.3813]], [[8.5291, 47.3813], [8.5293, 47.3813], [8.5295, 47.3812], [8.5296, 47.3812], [8.5305, 47.381]], [[8.5305, 47.381], [8.5307, 47.381], [8.531, 47.3809], [8.5313, 47.3809], [8.5323, 47.3806]], [[8.5501, 47.366], [8.5499, 47.3661], [8.5497, 47.3662], [8.5496, 47.3662], [8.5494, 47.3663], [8.5492, 47.3664], [8.549, 47.3665], [8.5489, 47.3666], [8.5487, 47.3667], [8.5486, 47.3668], [8.5484, 47.3669], [8.5483, 47.367], [8.5482, 47.3671], [8.5481, 47.3672], [8.548, 47.3673], [8.5479, 47.3674], [8.5478, 47.3675], [8.5477, 47.3676]], [[8.5602, 47.3518], [8.5601, 47.3519], [8.5601, 47.352], [8.56, 47.3521], [8.56, 47.3522], [8.56, 47.3523], [8.5599, 47.3524], [8.5599, 47.3525], [8.5599, 47.3526], [8.5599, 47.3528], [8.5599, 47.353], [8.5598, 47.3535], [8.5598, 47.3541], [8.5597, 47.3544], [8.5597, 47.3545], [8.5597, 47.3547], [8.5596, 47.3549], [8.5595, 47.3552]], [[8.5606, 47.3513], [8.5604, 47.3515], [8.5603, 47.3516], [8.5602, 47.3518]], [[8.5638, 47.3478], [8.5637, 47.3479], [8.5634, 47.3482], [8.5616, 47.3502], [8.5611, 47.3507], [8.5609, 47.351], [8.5606, 47.3513]], [[8.5642, 47.3474], [8.564, 47.3475], [8.5638, 47.3478]], [[8.5659, 47.3456], [8.565, 47.3465], [8.5648, 47.3467], [8.5646, 47.3469], [8.5642, 47.3474]], [[8.5685, 47.3393], [8.5684, 47.3395], [8.5683, 47.3397], [8.5683, 47.34], [8.5682, 47.3403], [8.5682, 47.3405], [8.5682, 47.3406], [8.5682, 47.3409], [8.5682, 47.3412], [8.5682, 47.3415], [8.5682, 47.3419], [8.5682, 47.3423], [8.5682, 47.3426], [8.5681, 47.3429], [8.568, 47.3432], [8.5679, 47.3434], [8.5677, 47.3437], [8.5675, 47.344], [8.5673, 47.3442], [8.5671, 47.3444], [8.5665, 47.345], [8.5659, 47.3456]], [[8.5686, 47.339], [8.5685, 47.3393]], [[8.5704, 47.336], [8.5703, 47.3361], [8.5702, 47.3363], [8.57, 47.3367], [8.5695, 47.3375], [8.5692, 47.3381], [8.5691, 47.3382], [8.569, 47.3384], [8.5689, 47.3385], [8.5688, 47.3387], [8.5686, 47.339]], [[8.5712, 47.3345], [8.5709, 47.3351], [8.5707, 47.3355], [8.5704, 47.336]], [[8.5723, 47.3329], [8.5721, 47.3332], [8.572, 47.3334], [8.5719, 47.3335], [8.5718, 47.3337], [8.5717, 47.3337], [8.5717, 47.3338], [8.5715, 47.334], [8.5712, 47.3345]], [[8.5724, 47.3328], [8.5723, 47.3329]], [[8.5746, 47.328], [8.5746, 47.3281], [8.5745, 47.3282], [8.5745, 47.3283], [8.5744, 47.3284], [8.5744, 47.3285], [8.5744, 47.3286], [8.5743, 47.3287], [8.5743, 47.3288], [8.5742, 47.3289], [8.5742, 47.329], [8.5742, 47.3291], [8.5742, 47.3293], [8.5741, 47.3295], [8.5741, 47.3296], [8.5741, 47.3297], [8.5741, 47.3298], [8.5741, 47.3299], [8.574, 47.33], [8.574, 47.3301], [8.574, 47.3302], [8.5739, 47.3303], [8.5739, 47.3304], [8.5739, 47.3305], [8.5738, 47.3306], [8.5737, 47.3307], [8.5737, 47.3308], [8.5737, 47.3309], [8.5736, 47.331], [8.5736, 47.3311], [8.5735, 47.3311], [8.5734, 47.3313], [8.5733, 47.3315], [8.5732, 47.3317], [8.5731, 47.3319], [8.5729, 47.3321], [8.5727, 47.3323], [8.5726, 47.3326], [8.5725, 47.3327], [8.5724, 47.3328]], [[8.5747, 47.3279], [8.5747, 47.328], [8.5746, 47.328]], [[8.5776, 47.3251], [8.5774, 47.3253], [8.5773, 47.3254], [8.5771, 47.3256], [8.5769, 47.3258], [8.5769, 47.3259], [8.5767, 47.326], [8.5766, 47.3261], [8.5765, 47.3262], [8.5761, 47.3265], [8.5759, 47.3267], [8.5757, 47.3269], [8.5755, 47.3271], [8.5754, 47.3272], [8.5753, 47.3273], [8.5752, 47.3274], [8.5751, 47.3274], [8.5751, 47.3275], [8.575, 47.3276], [8.5749, 47.3277], [8.5748, 47.3278], [8.5747, 47.3279]], [[8.5777, 47.325], [8.5776, 47.3251]], [[8.5782, 47.3243], [8.5781, 47.3244], [8.578, 47.3245], [8.5779, 47.3246], [8.5779, 47.3248], [8.5777, 47.3249], [8.5777, 47.325]], [[8.5815, 47.3175], [8.5814, 47.3179], [8.5811, 47.3187], [8.581, 47.3192], [8.5808, 47.3195], [8.5806, 47.3199], [8.5803, 47.3205], [8.5791, 47.3228], [8.5788, 47.3233], [8.5787, 47.3235], [8.5787, 47.3236], [8.5786, 47.3237], [8.5785, 47.3238], [8.5785, 47.3239], [8.5784, 47.324], [8.5783, 47.3242], [8.5782, 47.3243]], [[8.5815, 47.3173], [8.5815, 47.3175]], [[8.5817, 47.3165], [8.5815, 47.3173]], [[8.5855, 47.3112], [8.585, 47.3117], [8.5846, 47.3121], [8.5843, 47.3125], [8.5839, 47.3129], [8.5835, 47.3134], [8.5823, 47.3152], [8.5821, 47.3154], [8.582, 47.3156], [8.5819, 47.3158], [8.5818, 47.316], [8.5817, 47.3165]], [[8.5857, 47.3111], [8.5855, 47.3112]], [[8.5872, 47.3099], [8.5869, 47.3101], [8.5866, 47.3103], [8.5862, 47.3106], [8.5857, 47.3111]], [[8.5873, 47.3098], [8.5872, 47.3099]], [[8.5889, 47.309], [8.5886, 47.3091], [8.5878, 47.3095], [8.5875, 47.3097], [8.5873, 47.3098]], [[8.5909, 47.307], [8.5906, 47.3073], [8.5904, 47.3077], [8.5902, 47.3079], [8.59, 47.3081], [8.5897, 47.3084], [8.5895, 47.3086], [8.5893, 47.3087], [8.5889, 47.309]], [[8.5929, 47.3044], [8.5927, 47.3047], [8.5924, 47.305], [8.5923, 47.3052], [8.5921, 47.3054], [8.592, 47.3056], [8.5918, 47.3058], [8.5914, 47.3064], [8.5909, 47.307]], [[8.5945, 47.3028], [8.5943, 47.303], [8.5942, 47.3032], [8.5941, 47.3033], [8.594, 47.3034], [8.5939, 47.3035], [8.5937, 47.3037], [8.5932, 47.3041], [8.5929, 47.3044]], [[8.5946, 47.3026], [8.5945, 47.3028]], [[8.5969, 47.2995], [8.5961, 47.3003], [8.5958, 47.3005], [8.5956, 47.3007], [8.5954, 47.301], [8.5953, 47.3012], [8.5951, 47.3016], [8.595, 47.3018], [8.5949, 47.302]], [[8.5972, 47.2993], [8.5969, 47.2995]], [[8.5995, 47.296], [8.5991, 47.2971], [8.5989, 47.2974], [8.5988, 47.2976], [8.5986, 47.2979], [8.5983, 47.2982], [8.5981, 47.2985], [8.5978, 47.2988], [8.5972, 47.2993]], [[8.6036, 47.2906], [8.6035, 47.2907], [8.6034, 47.2909], [8.6032, 47.291], [8.6031, 47.2911], [8.6029, 47.2913], [8.6027, 47.2914], [8.6024, 47.2916], [8.6019, 47.292], [8.6017, 47.2921], [8.6015, 47.2923], [8.6013, 47.2925], [8.601, 47.2927], [8.6008, 47.293], [8.6007, 47.2932], [8.6005, 47.2935], [8.6004, 47.2937], [8.6003, 47.2939], [8.6002, 47.2941], [8.5998, 47.2953], [8.5997, 47.2956], [8.5995, 47.296]], [[8.6037, 47.2904], [8.6036, 47.2906]], [[8.607, 47.2875], [8.6068, 47.2877], [8.606, 47.2883], [8.6053, 47.2888], [8.6049, 47.2891], [8.6048, 47.2892], [8.6046, 47.2894], [8.6045, 47.2895], [8.6043, 47.2897], [8.6042, 47.2899], [8.6039, 47.2901], [8.6037, 47.2904]], [[8.6072, 47.2874], [8.607, 47.2875]], [[8.6075, 47.2872], [8.6074, 47.2873], [8.6072, 47.2874]], [[8.6079, 47.2868], [8.6077, 47.287], [8.6075, 47.2872]], [[8.6094, 47.285], [8.6091, 47.2853], [8.6089, 47.2855], [8.6088, 47.2856], [8.6086, 47.2858], [8.6083, 47.2863], [8.6081, 47.2866], [8.6079, 47.2868]], [[8.6098, 47.2846], [8.6094, 47.285]], [[8.6108, 47.2837], [8.6105, 47.284], [8.6102, 47.2842], [8.6098, 47.2846]], [[8.6108, 47.2836], [8.6108, 47.2837]], [[8.6108, 47.2836], [8.6112, 47.2833]], [[8.6112, 47.2833], [8.6114, 47.2831]], [[8.6114, 47.2831], [8.6115, 47.283]], [[8.6115, 47.283], [8.6119, 47.2827], [8.6123, 47.2824], [8.6127, 47.2821], [8.6133, 47.2817], [8.6145, 47.2808], [8.6147, 47.2806], [8.6149, 47.2804], [8.6151, 47.2803]], [[8.6159, 47.2796], [8.6158, 47.2797], [8.6152, 47.2802], [8.6151, 47.2803]], [[8.616, 47.2795], [8.6159, 47.2796]], [[8.6162, 47.2795], [8.616, 47.2795]], [[8.6163, 47.2793], [8.6162, 47.2795]], [[8.6174, 47.2786], [8.6173, 47.2787], [8.6169, 47.2789], [8.6166, 47.2791], [8.6163, 47.2793]], [[8.6176, 47.2784], [8.6175, 47.2785], [8.6174, 47.2786]], [[8.6176, 47.2784], [8.6177, 47.2784], [8.6178, 47.2783], [8.618, 47.2782], [8.6182, 47.2781], [8.6183, 47.2781], [8.6184, 47.278], [8.6185, 47.278], [8.6186, 47.278], [8.6187, 47.2779], [8.6188, 47.2779], [8.6189, 47.2778], [8.6191, 47.2778], [8.6192, 47.2778], [8.6193, 47.2777], [8.6194, 47.2777], [8.6195, 47.2777], [8.6197, 47.2776], [8.6198, 47.2776], [8.6204, 47.2775], [8.6205, 47.2774], [8.6208, 47.2774], [8.6209, 47.2773], [8.6211, 47.2773], [8.6212, 47.2772], [8.6213, 47.2772], [8.6214, 47.2772], [8.6215, 47.2771], [8.6217, 47.277], [8.6218, 47.277], [8.6219, 47.2769], [8.6221, 47.2769], [8.6222, 47.2768], [8.6223, 47.2767], [8.6224, 47.2767], [8.6225, 47.2766], [8.6227, 47.2765], [8.6228, 47.2764], [8.6229, 47.2763]], [[8.6231, 47.2762], [8.6229, 47.2763]], [[8.6253, 47.2746], [8.6252, 47.2747], [8.625, 47.2747], [8.6249, 47.2748], [8.6247, 47.2749], [8.6246, 47.275], [8.6245, 47.2751], [8.6243, 47.2752], [8.6242, 47.2753], [8.6241, 47.2754], [8.624, 47.2754], [8.6236, 47.2758], [8.6233, 47.276], [8.6232, 47.2761], [8.6231, 47.2762]], [[8.6256, 47.2744], [8.6253, 47.2746]], [[8.6269, 47.2737], [8.6256, 47.2744]], [[8.6271, 47.2737], [8.6269, 47.2737]], [[8.6301, 47.2721], [8.6299, 47.2722], [8.6298, 47.2723], [8.6297, 47.2723], [8.6295, 47.2724], [8.6294, 47.2725], [8.6292, 47.2725], [8.629, 47.2726], [8.6281, 47.2731], [8.6271, 47.2737]], [[8.6302, 47.2721], [8.6301, 47.2721]], [[8.6413, 47.2707], [8.6412, 47.2707], [8.6411, 47.2707], [8.641, 47.2707], [8.6409, 47.2708], [8.6408, 47.2708], [8.6407, 47.2708], [8.6405, 47.2708], [8.6404, 47.2708], [8.6403, 47.2708], [8.6401, 47.2708], [8.64, 47.2708], [8.6397, 47.2708], [8.6382, 47.2707], [8.638, 47.2707], [8.6379, 47.2707], [8.6378, 47.2707], [8.6377, 47.2707], [8.6376, 47.2707], [8.6375, 47.2707], [8.6374, 47.2707], [8.6373, 47.2707], [8.6372, 47.2707], [8.6371, 47.2707], [8.6369, 47.2707], [8.6368, 47.2708], [8.6367, 47.2708], [8.6366, 47.2708], [8.6365, 47.2708], [8.6363, 47.2708], [8.6354, 47.271], [8.6349, 47.2711], [8.6347, 47.2711], [8.6344, 47.2711], [8.6341, 47.2712], [8.6329, 47.2714], [8.6327, 47.2714], [8.6325, 47.2714], [8.6323, 47.2715], [8.6322, 47.2715], [8.632, 47.2715], [8.6318, 47.2716], [8.6316, 47.2716], [8.6315, 47.2717], [8.6314, 47.2717], [8.6312, 47.2717], [8.631, 47.2718], [8.6309, 47.2718], [8.6307, 47.2719], [8.6306, 47.2719], [8.6304, 47.272], [8.6303, 47.272], [8.6302, 47.2721]], [[8.6416, 47.2706], [8.6415, 47.2707], [8.6414, 47.2707], [8.6413, 47.2707]], [[8.6425, 47.2703], [8.6422, 47.2704], [8.6421, 47.2705], [8.642, 47.2705], [8.6418, 47.2706], [8.6416, 47.2706]], [[8.6474, 47.2688], [8.6443, 47.2698], [8.6429, 47.2702], [8.6425, 47.2703]], [[8.6494, 47.268], [8.6492, 47.2681], [8.6491, 47.2682], [8.649, 47.2682], [8.6489, 47.2683], [8.6487, 47.2683], [8.6485, 47.2684], [8.6483, 47.2685], [8.6481, 47.2686], [8.6479, 47.2686], [8.6474, 47.2688]], [[8.6498, 47.2678], [8.6496, 47.268], [8.6494, 47.268]], [[8.6502, 47.2676], [8.6498, 47.2678]], [[8.6512, 47.2671], [8.6502, 47.2676]], [[8.6518, 47.2668], [8.6512, 47.2671]], [[8.6531, 47.2662], [8.6529, 47.2663], [8.6526, 47.2664], [8.6522, 47.2666], [8.6518, 47.2668]], [[8.6535, 47.2661], [8.6532, 47.2662], [8.6531, 47.2662]], [[8.655, 47.2659], [8.6548, 47.2659], [8.6547, 47.2659], [8.6546, 47.2659], [8.6544, 47.2659], [8.6543, 47.266], [8.6541, 47.266], [8.654, 47.266], [8.6539, 47.266], [8.6538, 47.2661], [8.6537, 47.2661], [8.6535, 47.2661]], [[8.6553, 47.2659], [8.6551, 47.2659], [8.655, 47.2659]], [[8.6568, 47.2659], [8.6559, 47.2659], [8.6557, 47.2659], [8.6555, 47.2659], [8.6554, 47.2659], [8.6553, 47.2659]], [[8.6571, 47.2659], [8.6568, 47.2659]], [[8.6599, 47.2659], [8.6571, 47.2659]], [[8.6626, 47.2656], [8.6625, 47.2657], [8.6624, 47.2657], [8.6623, 47.2657], [8.6622, 47.2657], [8.662, 47.2658], [8.6619, 47.2658], [8.6618, 47.2658], [8.6617, 47.2658], [8.6616, 47.2658], [8.6615, 47.2658], [8.6614, 47.2658], [8.6613, 47.2658], [8.6612, 47.2658], [8.6611, 47.2659], [8.661, 47.2659], [8.6609, 47.2659], [8.6607, 47.2659], [8.6599, 47.2659]], [[8.663, 47.2655], [8.6629, 47.2655], [8.6628, 47.2656], [8.6627, 47.2656], [8.6626, 47.2656]], [[8.6642, 47.2647], [8.6641, 47.2648], [8.6641, 47.2649], [8.664, 47.265], [8.6639, 47.265], [8.6638, 47.2651], [8.6637, 47.2651], [8.6636, 47.2652], [8.6635, 47.2652], [8.6635, 47.2653], [8.6634, 47.2653], [8.6633, 47.2654], [8.6632, 47.2654], [8.6631, 47.2655], [8.663, 47.2655]], [[8.6644, 47.2646], [8.6643, 47.2647], [8.6642, 47.2647]], [[8.6667, 47.2631], [8.6664, 47.2632], [8.6662, 47.2633], [8.666, 47.2634], [8.6659, 47.2634], [8.6658, 47.2635], [8.6657, 47.2635], [8.6656, 47.2636], [8.6655, 47.2636], [8.6654, 47.2637], [8.6653, 47.2638], [8.6652, 47.2639], [8.6651, 47.264], [8.665, 47.2641], [8.6649, 47.2642], [8.6644, 47.2646]], [[8.6752, 47.2601], [8.6738, 47.2604], [8.6737, 47.2604], [8.6735, 47.2605], [8.6733, 47.2605], [8.6732, 47.2606], [8.673, 47.2606], [8.6729, 47.2607], [8.6727, 47.2607], [8.6725, 47.2608], [8.6724, 47.2609], [8.672, 47.261], [8.6667, 47.2631]], [[8.6757, 47.26], [8.6752, 47.2601]], [[8.6768, 47.2597], [8.6767, 47.2598], [8.6765, 47.2598], [8.6757, 47.26]], [[8.6768, 47.2597], [8.6769, 47.2597], [8.677, 47.2597], [8.6772, 47.2596], [8.6774, 47.2596], [8.6776, 47.2595], [8.6778, 47.2594], [8.678, 47.2594], [8.6785, 47.2591], [8.6794, 47.2588], [8.6796, 47.2587], [8.6797, 47.2587], [8.6799, 47.2586], [8.6801, 47.2585], [8.6802, 47.2585], [8.6804, 47.2584], [8.6806, 47.2584], [8.6808, 47.2583], [8.681, 47.2583], [8.6812, 47.2582], [8.6818, 47.2581], [8.6829, 47.2579], [8.6831, 47.2578], [8.6832, 47.2578], [8.6834, 47.2578], [8.6836, 47.2577], [8.6837, 47.2577], [8.6839, 47.2577], [8.6843, 47.2576], [8.6847, 47.2575], [8.6852, 47.2574]], [[8.6858, 47.2573], [8.6852, 47.2574]], [[8.6875, 47.2567], [8.6873, 47.2568], [8.6871, 47.2569], [8.6869, 47.257], [8.6867, 47.257], [8.6866, 47.2571], [8.6864, 47.2571], [8.6863, 47.2572], [8.6861, 47.2572], [8.686, 47.2573], [8.6858, 47.2573]], [[8.6885, 47.2561], [8.6883, 47.2562], [8.6882, 47.2563], [8.688, 47.2564], [8.6879, 47.2565], [8.6877, 47.2566], [8.6876, 47.2567], [8.6875, 47.2567]], [[8.6891, 47.2556], [8.6888, 47.2559], [8.6885, 47.2561]], [[8.6909, 47.2543], [8.6908, 47.2544], [8.6907, 47.2544], [8.6905, 47.2545], [8.6904, 47.2547], [8.6902, 47.2547], [8.6901, 47.2548], [8.69, 47.2549], [8.6899, 47.255], [8.6891, 47.2556]], [[8.6911, 47.2542], [8.6909, 47.2543]], [[8.6917, 47.2539], [8.6915, 47.254], [8.6914, 47.254], [8.6911, 47.2542]], [[8.6955, 47.252], [8.6953, 47.2521], [8.6951, 47.2522], [8.6949, 47.2523], [8.6946, 47.2524], [8.6928, 47.2533], [8.6917, 47.2539]], [[8.6996, 47.2504], [8.6993, 47.2505], [8.6991, 47.2505], [8.6987, 47.2507], [8.6985, 47.2507], [8.6984, 47.2508], [8.6982, 47.2509], [8.698, 47.2509], [8.6978, 47.251], [8.6972, 47.2512], [8.6967, 47.2515], [8.696, 47.2518], [8.6955, 47.252]], [[8.7004, 47.2501], [8.7002, 47.2502], [8.7, 47.2503], [8.6998, 47.2503], [8.6996, 47.2504]], [[8.7021, 47.2497], [8.7006, 47.2501], [8.7005, 47.2501], [8.7004, 47.2501]], [[8.7022, 47.2496], [8.7021, 47.2497]], [[8.7028, 47.2495], [8.7022, 47.2496]], [[8.7031, 47.2494], [8.7028, 47.2495]], [[8.7086, 47.2479], [8.7084, 47.248], [8.7083, 47.248], [8.7082, 47.248], [8.7082, 47.2481], [8.708, 47.2481], [8.7079, 47.2482], [8.7077, 47.2482], [8.7076, 47.2482], [8.7031, 47.2494]], [[8.7097, 47.2473], [8.7096, 47.2474], [8.7095, 47.2474], [8.7094, 47.2475], [8.7093, 47.2475], [8.7093, 47.2476], [8.7092, 47.2476], [8.7091, 47.2476], [8.709, 47.2477], [8.7089, 47.2477], [8.7088, 47.2478], [8.7087, 47.2478], [8.7086, 47.2479]], [[8.7097, 47.2472], [8.7097, 47.2473]], [[8.7104, 47.2464], [8.7104, 47.2465], [8.7103, 47.2466], [8.7103, 47.2467], [8.7102, 47.2467], [8.7102, 47.2468], [8.7101, 47.2468], [8.7101, 47.2469], [8.71, 47.247], [8.7099, 47.2471], [8.7098, 47.2472], [8.7097, 47.2472]], [[8.7105, 47.2463], [8.7104, 47.2464]], [[8.7106, 47.2461], [8.7105, 47.2463]], [[8.7113, 47.2438], [8.7112, 47.244], [8.7112, 47.2441], [8.7112, 47.2442], [8.7108, 47.2455], [8.7107, 47.2457], [8.7107, 47.2458], [8.7106, 47.2459], [8.7106, 47.2461]], [[8.7145, 47.2412], [8.7143, 47.2413], [8.7142, 47.2413], [8.7141, 47.2413], [8.714, 47.2414], [8.7139, 47.2414], [8.7137, 47.2414], [8.7136, 47.2415], [8.7134, 47.2416], [8.7133, 47.2416], [8.7132, 47.2417], [8.7131, 47.2417], [8.713, 47.2418], [8.7129, 47.2418], [8.7129, 47.2419], [8.7128, 47.2419], [8.7127, 47.242], [8.7126, 47.2421], [8.7125, 47.2421], [8.7125, 47.2422], [8.7124, 47.2423], [8.7123, 47.2423], [8.7122, 47.2424], [8.7122, 47.2425], [8.7121, 47.2425], [8.7121, 47.2426], [8.712, 47.2427], [8.7119, 47.2428], [8.7118, 47.243], [8.7117, 47.243], [8.7117, 47.2431], [8.7116, 47.2432], [8.7115, 47.2433], [8.7115, 47.2434], [8.7114, 47.2435], [8.7114, 47.2436], [8.7113, 47.2437], [8.7113, 47.2438]], [[8.7173, 47.241], [8.7157, 47.2411]], [[8.7179, 47.2409], [8.7173, 47.241]], [[8.7179, 47.2409], [8.7183, 47.2409], [8.7186, 47.2409], [8.7193, 47.2409], [8.7199, 47.2409], [8.7202, 47.2409], [8.7205, 47.2409], [8.7206, 47.2409], [8.7208, 47.2408], [8.7209, 47.2408], [8.7211, 47.2408], [8.7212, 47.2408], [8.7213, 47.2408], [8.7215, 47.2408], [8.7216, 47.2408], [8.7217, 47.2407], [8.7219, 47.2407], [8.722, 47.2407], [8.7221, 47.2407], [8.7222, 47.2407], [8.7223, 47.2406], [8.7224, 47.2406], [8.7225, 47.2406], [8.7226, 47.2406], [8.7227, 47.2406], [8.7229, 47.2405], [8.723, 47.2405], [8.7231, 47.2405], [8.7233, 47.2404], [8.7234, 47.2404], [8.7235, 47.2404], [8.7236, 47.2403], [8.7237, 47.2403], [8.7238, 47.2403], [8.724, 47.2402], [8.7241, 47.2402], [8.7243, 47.2401], [8.7245, 47.2401], [8.7247, 47.24], [8.7253, 47.2398]], [[8.7253, 47.2398], [8.7255, 47.2397], [8.7258, 47.2396], [8.726, 47.2396], [8.7262, 47.2395], [8.7263, 47.2395], [8.7265, 47.2394], [8.7267, 47.2393], [8.7269, 47.2392], [8.7271, 47.2391], [8.7283, 47.2386]], [[8.735, 47.236], [8.7348, 47.2361], [8.7345, 47.2362], [8.7343, 47.2362], [8.7341, 47.2363], [8.7339, 47.2363], [8.7337, 47.2364], [8.7336, 47.2364], [8.7334, 47.2365], [8.7332, 47.2365], [8.733, 47.2366], [8.7328, 47.2367], [8.7326, 47.2368], [8.7324, 47.2368], [8.7322, 47.2369], [8.732, 47.237], [8.7319, 47.2371], [8.7317, 47.2371], [8.7308, 47.2375], [8.7299, 47.2379], [8.7297, 47.238], [8.7295, 47.238], [8.7291, 47.2382], [8.7283, 47.2386]], [[8.736, 47.2358], [8.7358, 47.2358], [8.7356, 47.2359], [8.7355, 47.2359], [8.7353, 47.2359], [8.7351, 47.236], [8.735, 47.236]], [[8.736, 47.2358], [8.7361, 47.2358], [8.7363, 47.2357], [8.7364, 47.2357], [8.7366, 47.2357], [8.7368, 47.2357], [8.7369, 47.2357], [8.7371, 47.2356], [8.7372, 47.2356], [8.7374, 47.2356], [8.7375, 47.2356], [8.7377, 47.2356], [8.7378, 47.2356], [8.738, 47.2356], [8.7381, 47.2356], [8.7382, 47.2356], [8.7383, 47.2356], [8.7385, 47.2357], [8.7386, 47.2357], [8.7388, 47.2357], [8.739, 47.2357], [8.74, 47.2358], [8.7402, 47.2359], [8.7404, 47.2359], [8.7406, 47.2359], [8.7408, 47.2359], [8.7409, 47.2359], [8.7412, 47.2359], [8.7414, 47.2359], [8.7416, 47.2359], [8.7418, 47.236], [8.742, 47.236], [8.7421, 47.236], [8.7423, 47.236], [8.7425, 47.236], [8.7427, 47.236], [8.7432, 47.2359], [8.7447, 47.2359], [8.7457, 47.2359], [8.7461, 47.2359], [8.7464, 47.2358], [8.7468, 47.2358], [8.7471, 47.2358], [8.7484, 47.2357], [8.7487, 47.2357], [8.7488, 47.2357], [8.7491, 47.2357]], [[8.7491, 47.2357], [8.7492, 47.2357], [8.7494, 47.2357], [8.7497, 47.2357], [8.7499, 47.2357], [8.7501, 47.2357], [8.7503, 47.2357], [8.7505, 47.2357], [8.7507, 47.2357], [8.7525, 47.2358], [8.7527, 47.2358], [8.7529, 47.2358], [8.753, 47.2358], [8.7532, 47.2358], [8.7533, 47.2358], [8.7535, 47.2358], [8.7537, 47.2359], [8.7538, 47.2359], [8.754, 47.2359], [8.7542, 47.2359], [8.7544, 47.2359], [8.7546, 47.236], [8.7557, 47.2361], [8.7561, 47.2361], [8.7563, 47.2362], [8.7564, 47.2362]], [[8.7564, 47.2362], [8.7566, 47.2362]], [[8.7568, 47.2363], [8.7566, 47.2362]], [[8.7578, 47.2364], [8.7576, 47.2364], [8.7568, 47.2363]], [[8.7587, 47.2365], [8.7585, 47.2365], [8.7584, 47.2365], [8.7583, 47.2365], [8.7581, 47.2365], [8.758, 47.2365], [8.7578, 47.2364]], [[8.7752, 47.2374], [8.7749, 47.2373], [8.7747, 47.2373], [8.7745, 47.2372], [8.7744, 47.2372], [8.7742, 47.2371], [8.774, 47.2371], [8.7738, 47.237], [8.7736, 47.237], [8.7734, 47.2369], [8.7731, 47.2369], [8.769, 47.2358], [8.7689, 47.2357], [8.7687, 47.2357], [8.7686, 47.2356], [8.7684, 47.2356], [8.7683, 47.2356], [8.7681, 47.2355], [8.768, 47.2355], [8.7679, 47.2355], [8.7677, 47.2355], [8.7676, 47.2354], [8.7675, 47.2354], [8.7674, 47.2354], [8.7673, 47.2354], [8.7671, 47.2354], [8.767, 47.2354], [8.7669, 47.2354], [8.7668, 47.2354], [8.7667, 47.2354], [8.7666, 47.2354], [8.7665, 47.2354], [8.7663, 47.2354], [8.7662, 47.2354], [8.766, 47.2354], [8.7659, 47.2354], [8.7658, 47.2354], [8.7657, 47.2354], [8.7655, 47.2354], [8.7654, 47.2354], [8.7653, 47.2355], [8.7651, 47.2355], [8.765, 47.2355], [8.7647, 47.2356], [8.7645, 47.2356], [8.7608, 47.2363], [8.7604, 47.2364], [8.7602, 47.2364], [8.7601, 47.2365], [8.76, 47.2365], [8.7599, 47.2365], [8.7598, 47.2365], [8.7597, 47.2365], [8.7596, 47.2365], [8.7595, 47.2365], [8.7594, 47.2365], [8.7592, 47.2365], [8.7591, 47.2365], [8.759, 47.2365], [8.7589, 47.2365], [8.7588, 47.2365], [8.7587, 47.2365]], [[8.7754, 47.2374], [8.7752, 47.2374]], [[8.7772, 47.2378], [8.7763, 47.2376], [8.7754, 47.2374]], [[8.7772, 47.2378], [8.7774, 47.2378], [8.7776, 47.2378], [8.7778, 47.2379], [8.778, 47.2379], [8.7784, 47.238], [8.7787, 47.2381]], [[8.7858, 47.24], [8.7857, 47.24], [8.7856, 47.2399], [8.7855, 47.2399], [8.7854, 47.2399], [8.7852, 47.2398], [8.7851, 47.2398], [8.785, 47.2398], [8.7848, 47.2397], [8.7847, 47.2397], [8.7846, 47.2397], [8.7843, 47.2396], [8.7829, 47.2391], [8.782, 47.2388], [8.7818, 47.2388], [8.7816, 47.2387], [8.7814, 47.2387], [8.7811, 47.2386], [8.781, 47.2386], [8.7808, 47.2385], [8.7807, 47.2385], [8.7805, 47.2384], [8.7804, 47.2384], [8.7802, 47.2384], [8.7801, 47.2383], [8.7799, 47.2383], [8.7793, 47.2382], [8.779, 47.2381], [8.7787, 47.2381]], [[8.786, 47.24], [8.7859, 47.24], [8.7858, 47.24]], [[8.7868, 47.2401], [8.7867, 47.2401], [8.7866, 47.2401], [8.7865, 47.2401], [8.7864, 47.24], [8.7863, 47.24], [8.7862, 47.24], [8.7861, 47.24], [8.786, 47.24]], [[8.7873, 47.24], [8.7871, 47.24], [8.787, 47.2401], [8.7869, 47.2401], [8.7868, 47.2401]], [[8.7875, 47.24], [8.7873, 47.24]], [[8.7947, 47.2399], [8.7945, 47.2399], [8.7943, 47.2398], [8.7942, 47.2398], [8.7941, 47.2398], [8.794, 47.2397], [8.7939, 47.2397], [8.7938, 47.2397], [8.7937, 47.2397], [8.7935, 47.2397], [8.7934, 47.2397], [8.7932, 47.2396], [8.7931, 47.2396], [8.7929, 47.2396], [8.7928, 47.2396], [8.7926, 47.2396], [8.7925, 47.2396], [8.7923, 47.2396], [8.7922, 47.2396], [8.792, 47.2396], [8.7919, 47.2396], [8.7915, 47.2397], [8.7877, 47.24], [8.7875, 47.24]], [[8.7958, 47.2402], [8.7947, 47.2399]], [[8.796, 47.2402], [8.7958, 47.2402]], [[8.7984, 47.2408], [8.7982, 47.2408], [8.796, 47.2402]], [[8.7986, 47.2409], [8.7984, 47.2408]], [[8.7998, 47.2411], [8.7997, 47.241], [8.7996, 47.241], [8.7995, 47.241], [8.7994, 47.241], [8.7992, 47.241], [8.7991, 47.241], [8.799, 47.241], [8.7989, 47.2409], [8.7988, 47.2409], [8.7987, 47.2409], [8.7986, 47.2409]], [[8.8006, 47.2411], [8.8005, 47.2411], [8.8004, 47.2411], [8.8003, 47.2411], [8.8002, 47.2411], [8.8001, 47.2411], [8.8, 47.2411], [8.7999, 47.2411], [8.7998, 47.2411]], [[8.8032, 47.2408], [8.8016, 47.241], [8.8013, 47.241], [8.8011, 47.241], [8.801, 47.241], [8.8009, 47.2411], [8.8008, 47.2411], [8.8007, 47.2411], [8.8006, 47.2411]], [[8.8158, 47.2381], [8.8156, 47.2381], [8.8155, 47.2382], [8.8147, 47.2384], [8.814, 47.2385], [8.8059, 47.2404], [8.8056, 47.2405], [8.8055, 47.2405], [8.8054, 47.2405], [8.8052, 47.2406], [8.8051, 47.2406], [8.805, 47.2406], [8.8049, 47.2406], [8.8048, 47.2406], [8.8047, 47.2406], [8.8046, 47.2406], [8.8032, 47.2408]], [[8.8168, 47.2377], [8.8167, 47.2378], [8.8166, 47.2378], [8.8164, 47.2379], [8.8163, 47.2379], [8.8161, 47.238], [8.816, 47.238], [8.8158, 47.2381]], [[8.8189, 47.2356], [8.8184, 47.2363], [8.8184, 47.2364], [8.8183, 47.2365], [8.8183, 47.2366], [8.8182, 47.2367], [8.8181, 47.2368], [8.818, 47.2369], [8.8179, 47.237], [8.8178, 47.2371], [8.8177, 47.2371], [8.8176, 47.2372], [8.8175, 47.2373], [8.8175, 47.2374], [8.8174, 47.2374], [8.8173, 47.2375], [8.8171, 47.2376], [8.817, 47.2376], [8.8169, 47.2377], [8.8168, 47.2377]], [[8.819, 47.2354], [8.8189, 47.2356]], [[8.8206, 47.233], [8.819, 47.2354]], [[8.8207, 47.2329], [8.8206, 47.233]], [[8.8207, 47.2329], [8.8221, 47.2307], [8.823, 47.2292], [8.8232, 47.229], [8.8234, 47.2287]], [[8.8234, 47.2287], [8.8234, 47.2286], [8.8235, 47.2285], [8.8236, 47.2284], [8.8236, 47.2282], [8.8237, 47.2281], [8.8237, 47.228], [8.8237, 47.2279], [8.8237, 47.2278], [8.8237, 47.2277], [8.8237, 47.2276], [8.8237, 47.2275], [8.8237, 47.2274], [8.8237, 47.2273], [8.8237, 47.2272], [8.8237, 47.2271], [8.8236, 47.2271], [8.8236, 47.227], [8.8236, 47.2269], [8.8235, 47.2269], [8.8235, 47.2268], [8.8235, 47.2267], [8.8234, 47.2266], [8.8233, 47.2265], [8.8233, 47.2264], [8.8232, 47.2263], [8.8231, 47.2262], [8.823, 47.2262], [8.8229, 47.2261], [8.8229, 47.226], [8.8228, 47.226], [8.8227, 47.2259], [8.8226, 47.2259], [8.8225, 47.2258], [8.8224, 47.2258], [8.8223, 47.2257], [8.8221, 47.2256], [8.822, 47.2255], [8.8218, 47.2255], [8.8217, 47.2254], [8.8215, 47.2254], [8.8214, 47.2253], [8.8212, 47.2253], [8.821, 47.2253]], [[8.821, 47.2253], [8.8205, 47.2252], [8.8196, 47.2251], [8.8169, 47.2248], [8.8159, 47.2247], [8.8158, 47.2247], [8.8157, 47.2247], [8.8156, 47.2247], [8.8155, 47.2246], [8.8154, 47.2246], [8.8153, 47.2246], [8.8152, 47.2246], [8.8151, 47.2245], [8.815, 47.2245], [8.8149, 47.2245]], [[8.7799, 47.2383], [8.7802, 47.2383], [8.7803, 47.2383], [8.7804, 47.2384], [8.7805, 47.2384], [8.7806, 47.2384], [8.7808, 47.2384], [8.7809, 47.2385], [8.781, 47.2385], [8.7811, 47.2385], [8.7812, 47.2386], [8.7813, 47.2386], [8.7814, 47.2386], [8.7815, 47.2386], [8.7817, 47.2387], [8.7819, 47.2388], [8.7826, 47.239], [8.7836, 47.2393], [8.7839, 47.2394]], [[8.6815, 47.2582], [8.6813, 47.2583], [8.6812, 47.2583], [8.681, 47.2584], [8.6807, 47.2584], [8.6806, 47.2585], [8.6805, 47.2585], [8.6803, 47.2585], [8.6802, 47.2586], [8.6801, 47.2586], [8.6799, 47.2587], [8.6797, 47.2588], [8.6795, 47.2588], [8.679, 47.259], [8.6785, 47.2592], [8.6783, 47.2593], [8.6782, 47.2593], [8.6781, 47.2594], [8.678, 47.2594], [8.6778, 47.2595], [8.6777, 47.2595]], [[8.5482, 47.3669], [8.5481, 47.367], [8.548, 47.3671], [8.5479, 47.3671], [8.5479, 47.3672], [8.5478, 47.3672], [8.5478, 47.3673], [8.5477, 47.3674], [8.5476, 47.3675], [8.5476, 47.3676], [8.5477, 47.3675], [8.5478, 47.3674], [8.5479, 47.3672], [8.5481, 47.3671], [8.5483, 47.3669], [8.5485, 47.3668], [8.5487, 47.3666], [8.5489, 47.3665], [8.549, 47.3664], [8.5492, 47.3663], [8.5493, 47.3663], [8.5495, 47.3662], [8.5497, 47.3661], [8.55, 47.366], [8.5501, 47.366], [8.5501, 47.3659], [8.5499, 47.3659], [8.5499, 47.366], [8.5498, 47.366], [8.5496, 47.3661], [8.5493, 47.3662], [8.5492, 47.3663], [8.5491, 47.3663], [8.549, 47.3663], [8.5489, 47.3664], [8.5487, 47.3664], [8.5487, 47.3665], [8.5487, 47.3666], [8.5485, 47.3666], [8.5484, 47.3667], [8.5484, 47.3668], [8.5483, 47.3668], [8.5482, 47.3669]], [[8.7858, 47.24], [8.7857, 47.24], [8.7856, 47.2399], [8.7855, 47.2399], [8.7854, 47.2399], [8.7853, 47.2399], [8.7852, 47.2398], [8.785, 47.2398], [8.7847, 47.2397], [8.7843, 47.2396], [8.7829, 47.2391], [8.782, 47.2388], [8.7818, 47.2387], [8.7816, 47.2387], [8.7813, 47.2386], [8.7812, 47.2386], [8.781, 47.2385], [8.7809, 47.2385], [8.7807, 47.2384], [8.7805, 47.2384], [8.7804, 47.2384], [8.7802, 47.2383], [8.7799, 47.2383], [8.7772, 47.2378]], [[8.7491, 47.2357], [8.7492, 47.2356], [8.7494, 47.2356], [8.7496, 47.2356], [8.7498, 47.2356], [8.75, 47.2356], [8.7501, 47.2356], [8.7503, 47.2356], [8.7505, 47.2356], [8.7507, 47.2356], [8.7508, 47.2356], [8.7511, 47.2356], [8.7516, 47.2357], [8.7518, 47.2357], [8.7522, 47.2357], [8.7525, 47.2357], [8.7527, 47.2357], [8.7529, 47.2357], [8.753, 47.2357], [8.7531, 47.2357], [8.7532, 47.2357], [8.7533, 47.2357], [8.7534, 47.2357], [8.7535, 47.2357], [8.7536, 47.2358], [8.7537, 47.2358], [8.7538, 47.2358], [8.7539, 47.2358], [8.7541, 47.2358], [8.7542, 47.2358], [8.7544, 47.2359], [8.7546, 47.2359], [8.7564, 47.2362]], [[8.736, 47.2358], [8.7361, 47.2357], [8.7363, 47.2357], [8.7364, 47.2357], [8.7366, 47.2357], [8.7368, 47.2356], [8.7369, 47.2356], [8.7371, 47.2356], [8.7372, 47.2356], [8.7374, 47.2356], [8.7375, 47.2356], [8.7377, 47.2356], [8.7378, 47.2356], [8.738, 47.2356], [8.7381, 47.2356], [8.7382, 47.2356], [8.7383, 47.2356], [8.7385, 47.2356], [8.7387, 47.2356], [8.7388, 47.2357], [8.739, 47.2357], [8.74, 47.2358], [8.7402, 47.2358], [8.7405, 47.2358], [8.7406, 47.2359], [8.7408, 47.2359], [8.7409, 47.2359], [8.7412, 47.2359], [8.7414, 47.2359], [8.7416, 47.2359], [8.7418, 47.2359], [8.742, 47.2359], [8.7421, 47.2359], [8.7423, 47.2359], [8.7425, 47.2359], [8.7427, 47.2359], [8.7432, 47.2359], [8.7447, 47.2359], [8.7457, 47.2358], [8.7461, 47.2358], [8.7464, 47.2358], [8.7468, 47.2358], [8.7471, 47.2358], [8.7487, 47.2357], [8.7491, 47.2357]], [[8.736, 47.2358], [8.7358, 47.2358], [8.7356, 47.2358], [8.7355, 47.2359], [8.7353, 47.2359], [8.7351, 47.236], [8.735, 47.236]], [[8.735, 47.236], [8.7347, 47.2361], [8.7344, 47.2361], [8.7343, 47.2362], [8.7341, 47.2362], [8.7339, 47.2363], [8.7337, 47.2363], [8.7335, 47.2364], [8.7333, 47.2365], [8.7332, 47.2365], [8.733, 47.2366], [8.7328, 47.2367], [8.7326, 47.2367], [8.7324, 47.2368], [8.7322, 47.2369], [8.732, 47.237], [8.7318, 47.237], [8.7317, 47.2371], [8.7312, 47.2373], [8.7308, 47.2375], [8.7299, 47.2378], [8.7297, 47.2379], [8.7295, 47.238], [8.7291, 47.2382], [8.7273, 47.239]], [[8.7267, 47.2393], [8.7269, 47.2392], [8.727, 47.2391], [8.7273, 47.239]], [[8.7179, 47.2409], [8.7186, 47.2409], [8.7202, 47.2408], [8.7205, 47.2408], [8.7207, 47.2408], [8.7208, 47.2407], [8.721, 47.2407], [8.7212, 47.2407], [8.7213, 47.2407], [8.7215, 47.2407], [8.7217, 47.2406], [8.7219, 47.2406], [8.722, 47.2406], [8.7222, 47.2406], [8.7223, 47.2405], [8.7224, 47.2405], [8.7226, 47.2405], [8.7227, 47.2405], [8.7228, 47.2405], [8.7229, 47.2404], [8.7231, 47.2404], [8.7232, 47.2404], [8.7235, 47.2403], [8.7237, 47.2402], [8.7239, 47.2402], [8.724, 47.2402], [8.7241, 47.2401], [8.7242, 47.2401], [8.7246, 47.24], [8.7252, 47.2398], [8.7254, 47.2397], [8.7255, 47.2397], [8.7256, 47.2397], [8.7258, 47.2396], [8.7259, 47.2396], [8.726, 47.2395], [8.7263, 47.2394], [8.7265, 47.2393], [8.7267, 47.2393]], [[8.6852, 47.2574], [8.6843, 47.2576], [8.6836, 47.2578], [8.6833, 47.2578], [8.6829, 47.2579], [8.682, 47.2581], [8.6815, 47.2582], [8.6813, 47.2583], [8.681, 47.2583], [8.6809, 47.2584], [8.6807, 47.2584], [8.6806, 47.2584], [8.6804, 47.2585], [8.6803, 47.2585], [8.6802, 47.2585], [8.6801, 47.2586], [8.6799, 47.2586], [8.6798, 47.2587], [8.6796, 47.2588], [8.6794, 47.2588], [8.6785, 47.2592], [8.6783, 47.2593], [8.678, 47.2594], [8.6778, 47.2595], [8.6776, 47.2595], [8.6774, 47.2596], [8.6773, 47.2596]], [[8.6773, 47.2596], [8.6771, 47.2597], [8.6769, 47.2597], [8.6768, 47.2598], [8.6767, 47.2598], [8.6765, 47.2599], [8.6762, 47.2599], [8.6759, 47.26], [8.6753, 47.2601], [8.6741, 47.2604]], [[8.6741, 47.2604], [8.6738, 47.2605], [8.6736, 47.2605], [8.6735, 47.2606], [8.6733, 47.2606], [8.6731, 47.2607], [8.6729, 47.2607], [8.6727, 47.2608], [8.6726, 47.2608], [8.6724, 47.2609], [8.6721, 47.261], [8.6667, 47.2631]], [[8.6667, 47.2631], [8.6664, 47.2632], [8.6663, 47.2633], [8.6661, 47.2634], [8.666, 47.2634], [8.6659, 47.2635], [8.6657, 47.2636], [8.6656, 47.2636], [8.6655, 47.2637], [8.6654, 47.2638], [8.6653, 47.2638], [8.6652, 47.2639], [8.6651, 47.264], [8.665, 47.2641], [8.6649, 47.2642], [8.6644, 47.2646]], [[8.6644, 47.2646], [8.6644, 47.2647], [8.6643, 47.2648]], [[8.6643, 47.2648], [8.6642, 47.2648], [8.6641, 47.2649], [8.664, 47.265], [8.6639, 47.2651], [8.6638, 47.2651], [8.6637, 47.2652], [8.6636, 47.2653], [8.6635, 47.2653], [8.6634, 47.2654], [8.6633, 47.2654], [8.6632, 47.2654], [8.6631, 47.2655], [8.663, 47.2655]], [[8.663, 47.2655], [8.6629, 47.2656], [8.6628, 47.2656], [8.6627, 47.2656], [8.6626, 47.2657]], [[8.6626, 47.2657], [8.6625, 47.2657], [8.6624, 47.2657], [8.6623, 47.2657], [8.6622, 47.2658], [8.662, 47.2658], [8.6619, 47.2658], [8.6618, 47.2658], [8.6617, 47.2658], [8.6616, 47.2659], [8.6615, 47.2659], [8.6614, 47.2659], [8.6613, 47.2659], [8.6612, 47.2659], [8.6611, 47.2659], [8.661, 47.2659], [8.6609, 47.2659], [8.6608, 47.2659], [8.6607, 47.2659], [8.6599, 47.2659]], [[8.6571, 47.2659], [8.6569, 47.2659]], [[8.6569, 47.2659], [8.6558, 47.2659], [8.6557, 47.2659], [8.6556, 47.2659], [8.6554, 47.2659], [8.6553, 47.2659]], [[8.655, 47.2659], [8.6549, 47.2659], [8.6548, 47.2659], [8.6547, 47.266], [8.6545, 47.266], [8.6544, 47.266], [8.6543, 47.266], [8.6542, 47.266], [8.654, 47.266], [8.6539, 47.2661], [8.6538, 47.2661], [8.6537, 47.2661], [8.6536, 47.2662]], [[8.6536, 47.2662], [8.6533, 47.2662], [8.6531, 47.2663]], [[8.6531, 47.2663], [8.6529, 47.2663], [8.6526, 47.2665], [8.6522, 47.2666], [8.6518, 47.2668]], [[8.6518, 47.2668], [8.6513, 47.2671]], [[8.6513, 47.2671], [8.6501, 47.2678], [8.6499, 47.2679], [8.6497, 47.268], [8.6495, 47.2681], [8.6493, 47.2681], [8.6491, 47.2682], [8.649, 47.2683], [8.6488, 47.2684], [8.6486, 47.2684]], [[8.6467, 47.2691], [8.6479, 47.2687], [8.6481, 47.2686], [8.6483, 47.2685], [8.6486, 47.2684]], [[8.6426, 47.2704], [8.6427, 47.2704], [8.6429, 47.2703], [8.6444, 47.2698], [8.6458, 47.2694], [8.6467, 47.2691]], [[8.6416, 47.2706], [8.6419, 47.2706], [8.642, 47.2706], [8.6422, 47.2705], [8.6423, 47.2705], [8.6426, 47.2704]], [[8.6159, 47.2796], [8.6153, 47.2801], [8.6147, 47.2805]], [[8.6147, 47.2805], [8.6132, 47.2816], [8.6123, 47.2823]], [[8.6123, 47.2823], [8.6122, 47.2823], [8.612, 47.2825], [8.6118, 47.2827], [8.6115, 47.2829]], [[8.6115, 47.2829], [8.6114, 47.283]], [[8.6112, 47.2832], [8.6114, 47.283]], [[8.6099, 47.2844], [8.6105, 47.2839], [8.6106, 47.2837], [8.611, 47.2834], [8.6112, 47.2832]], [[8.6097, 47.2846], [8.6099, 47.2844]], [[8.6093, 47.285], [8.6097, 47.2846]], [[8.6079, 47.2867], [8.608, 47.2866], [8.6083, 47.2862], [8.6086, 47.2858], [8.6087, 47.2857], [8.6088, 47.2855], [8.609, 47.2854], [8.609, 47.2853], [8.6093, 47.285]], [[8.6075, 47.2872], [8.6077, 47.287], [8.6079, 47.2867]], [[8.6072, 47.2873], [8.6074, 47.2872], [8.6075, 47.2872]], [[8.607, 47.2875], [8.6072, 47.2873]], [[8.6037, 47.2904], [8.6039, 47.2901], [8.6041, 47.2898], [8.6042, 47.2897], [8.6044, 47.2895], [8.6046, 47.2893], [8.6048, 47.2892], [8.6049, 47.2891], [8.6052, 47.2888], [8.6059, 47.2883], [8.6068, 47.2877], [8.607, 47.2875]], [[8.5995, 47.296], [8.5996, 47.2956], [8.5998, 47.2953], [8.6002, 47.2941], [8.6003, 47.2938], [8.6004, 47.2935], [8.6006, 47.2932], [8.6008, 47.293], [8.601, 47.2927], [8.6012, 47.2925], [8.6014, 47.2923], [8.6016, 47.2921], [8.6019, 47.292], [8.6024, 47.2916], [8.6027, 47.2914], [8.6028, 47.2913], [8.6031, 47.2911], [8.6032, 47.291], [8.6033, 47.2908], [8.6035, 47.2906], [8.6036, 47.2906]], [[8.5971, 47.2993], [8.5977, 47.2988], [8.598, 47.2985], [8.5983, 47.2982], [8.5985, 47.2979], [8.5987, 47.2976], [8.5989, 47.2974], [8.599, 47.2971], [8.5995, 47.296]], [[8.5968, 47.2996], [8.5971, 47.2993]], [[8.5948, 47.302], [8.5949, 47.3018], [8.595, 47.3015], [8.5952, 47.3012], [8.5954, 47.3009], [8.5956, 47.3007], [8.5958, 47.3005], [8.596, 47.3002], [8.5968, 47.2996]], [[8.5941, 47.3032], [8.5943, 47.303], [8.5944, 47.3028], [8.5945, 47.3026]], [[8.5941, 47.3032], [8.594, 47.3034], [8.5938, 47.3035], [8.5936, 47.3037], [8.5932, 47.3041], [8.593, 47.3042], [8.5928, 47.3044]], [[8.5928, 47.3044], [8.5927, 47.3044], [8.5925, 47.3047], [8.5923, 47.3049], [8.5921, 47.3051], [8.592, 47.3053], [8.5916, 47.3058], [8.5908, 47.307]], [[8.5899, 47.3082], [8.5899, 47.3081], [8.5902, 47.3079], [8.5903, 47.3076], [8.5906, 47.3073], [8.5908, 47.307]], [[8.5874, 47.3097], [8.5875, 47.3097], [8.5883, 47.3093], [8.5886, 47.3091], [8.5888, 47.309], [8.5891, 47.3088], [8.5893, 47.3087], [8.5894, 47.3086], [8.5899, 47.3082]], [[8.5872, 47.3099], [8.5874, 47.3097]], [[8.5856, 47.3111], [8.5862, 47.3106], [8.5866, 47.3103], [8.5869, 47.3101], [8.5872, 47.3099]], [[8.5855, 47.3112], [8.5856, 47.3111]], [[8.5814, 47.3174], [8.5816, 47.3167], [8.5818, 47.316], [8.5819, 47.3158], [8.582, 47.3156], [8.5821, 47.3154], [8.5822, 47.3152], [8.5835, 47.3134], [8.5839, 47.3129], [8.5842, 47.3125], [8.5846, 47.3121], [8.585, 47.3116], [8.5855, 47.3112]], [[8.5814, 47.3174], [8.5814, 47.3175]], [[8.5814, 47.3175], [8.5813, 47.3176]], [[8.5813, 47.3176], [8.581, 47.3187], [8.5808, 47.3191], [8.5807, 47.3195], [8.5805, 47.3199], [8.5802, 47.3205], [8.579, 47.3228], [8.5789, 47.3231], [8.5788, 47.3232], [8.5788, 47.3233]], [[8.5788, 47.3233], [8.5787, 47.3235], [8.5786, 47.3236]], [[8.5786, 47.3236], [8.5785, 47.3238], [8.5784, 47.3239], [8.5783, 47.3241], [8.5782, 47.3243], [8.5781, 47.3244], [8.578, 47.3245], [8.5778, 47.3247], [8.5777, 47.3249], [8.5776, 47.325]], [[8.5776, 47.325], [8.5775, 47.3251]], [[8.5775, 47.3251], [8.5774, 47.3253], [8.5773, 47.3254], [8.5771, 47.3255], [8.577, 47.3257], [8.5769, 47.3258], [8.5768, 47.3259], [8.5767, 47.326], [8.5766, 47.3261], [8.5765, 47.3261], [8.5764, 47.3262], [8.5762, 47.3264], [8.5761, 47.3265], [8.576, 47.3266], [8.5759, 47.3267], [8.5757, 47.3269], [8.5754, 47.3271], [8.5753, 47.3272], [8.5752, 47.3273], [8.5751, 47.3274], [8.575, 47.3275], [8.5749, 47.3276], [8.5749, 47.3277], [8.5748, 47.3277], [8.5748, 47.3278], [8.5747, 47.3278]], [[8.5747, 47.3278], [8.5747, 47.3279], [8.5746, 47.3279], [8.5746, 47.328]], [[8.5746, 47.328], [8.5745, 47.3281], [8.5745, 47.3282], [8.5744, 47.3283], [8.5744, 47.3284], [8.5743, 47.3285], [8.5743, 47.3286], [8.5743, 47.3287], [8.5742, 47.3287], [8.5742, 47.3288], [8.5742, 47.3289], [8.5742, 47.329], [8.5742, 47.3291], [8.5741, 47.3293], [8.5741, 47.3294], [8.5741, 47.3295], [8.5741, 47.3296], [8.5741, 47.3297], [8.574, 47.3297], [8.574, 47.3298], [8.574, 47.3299], [8.574, 47.33], [8.5739, 47.3301], [8.5739, 47.3302], [8.5739, 47.3303], [8.5739, 47.3304], [8.5738, 47.3304], [8.5738, 47.3305], [8.5738, 47.3306], [8.5737, 47.3306], [8.5737, 47.3307], [8.5736, 47.3308], [8.5736, 47.331], [8.5735, 47.3311], [8.5734, 47.3313], [8.5732, 47.3315], [8.5731, 47.3317], [8.573, 47.3319], [8.5728, 47.3321], [8.5727, 47.3323], [8.5725, 47.3325], [8.5725, 47.3326], [8.5724, 47.3327]], [[8.5724, 47.3327], [8.5723, 47.3329]], [[8.5723, 47.3329], [8.572, 47.3332], [8.5719, 47.3334], [8.5718, 47.3335], [8.5717, 47.3336], [8.5717, 47.3337], [8.5716, 47.3338]], [[8.5716, 47.3338], [8.5715, 47.334], [8.5712, 47.3345], [8.5709, 47.335], [8.5707, 47.3353], [8.5706, 47.3355], [8.5705, 47.3357], [8.5703, 47.3359]], [[8.5703, 47.3359], [8.5702, 47.3362], [8.57, 47.3364], [8.5698, 47.3368], [8.5694, 47.3374], [8.5692, 47.3377], [8.5692, 47.3378], [8.5691, 47.3379], [8.569, 47.338], [8.5689, 47.3382], [8.5689, 47.3384], [8.5688, 47.3385], [8.5687, 47.3387], [8.5686, 47.339]], [[8.5685, 47.3393], [8.5684, 47.3395], [8.5683, 47.3397], [8.5682, 47.34], [8.5682, 47.3403], [8.5681, 47.3405], [8.5681, 47.3406], [8.5681, 47.3409], [8.5681, 47.3412], [8.5681, 47.3415], [8.5682, 47.3419], [8.5682, 47.3423], [8.5681, 47.3426], [8.5681, 47.3429], [8.5679, 47.3432], [8.5678, 47.3434], [8.5677, 47.3437], [8.5675, 47.3439], [8.5673, 47.3442], [8.567, 47.3444], [8.5665, 47.345], [8.5659, 47.3456], [8.5652, 47.3462]], [[8.5652, 47.3462], [8.565, 47.3465], [8.5647, 47.3468]], [[8.5647, 47.3468], [8.5645, 47.347], [8.5643, 47.3472], [8.5638, 47.3477], [8.5636, 47.3479]], [[8.5636, 47.3479], [8.5615, 47.3502], [8.561, 47.3508], [8.5608, 47.351]], [[8.5608, 47.351], [8.5607, 47.3511], [8.5606, 47.3513], [8.5604, 47.3514], [8.5603, 47.3516], [8.5602, 47.3518]], [[8.5501, 47.366], [8.5499, 47.366], [8.5497, 47.3661], [8.5495, 47.3662], [8.5493, 47.3663], [8.5492, 47.3664], [8.549, 47.3665], [8.5489, 47.3665], [8.5487, 47.3667], [8.5485, 47.3667], [8.5484, 47.3669], [8.5482, 47.367], [8.5481, 47.3671], [8.548, 47.3672], [8.5479, 47.3673], [8.5478, 47.3674], [8.5477, 47.3675], [8.5477, 47.3676]], [[8.5323, 47.3805], [8.5313, 47.3808], [8.531, 47.3809], [8.5307, 47.381], [8.5305, 47.381]], [[8.5305, 47.381], [8.5299, 47.3811], [8.5296, 47.3812], [8.5293, 47.3812], [8.5291, 47.3813], [8.5289, 47.3813], [8.5287, 47.3814], [8.5286, 47.3814], [8.5285, 47.3814]], [[8.5285, 47.3814], [8.5283, 47.3815], [8.5282, 47.3815], [8.5281, 47.3816], [8.528, 47.3816]], [[8.528, 47.3816], [8.5279, 47.3817], [8.5278, 47.3817], [8.5276, 47.3818], [8.5275, 47.3818], [8.5274, 47.3819], [8.5272, 47.382], [8.5271, 47.382], [8.5267, 47.3823], [8.5266, 47.3823], [8.5263, 47.3824], [8.526, 47.3826], [8.5258, 47.3827], [8.5257, 47.3828], [8.5254, 47.3829], [8.5253, 47.3829], [8.5251, 47.383], [8.5249, 47.3831], [8.5248, 47.3831], [8.5246, 47.3832], [8.5243, 47.3833], [8.5241, 47.3833], [8.5238, 47.3834], [8.5235, 47.3835], [8.523, 47.3837], [8.5226, 47.3838]], [[8.5226, 47.3838], [8.5209, 47.3842]], [[8.5209, 47.3842], [8.5206, 47.3843], [8.5204, 47.3843], [8.5202, 47.3844], [8.5201, 47.3844], [8.5199, 47.3845], [8.5193, 47.3846], [8.5189, 47.3847], [8.5174, 47.3851]], [[8.5174, 47.3851], [8.5159, 47.3855], [8.5153, 47.3857], [8.5152, 47.3857], [8.5148, 47.3858], [8.5146, 47.3859], [8.5141, 47.386]], [[8.5141, 47.386], [8.5139, 47.386], [8.5137, 47.3861], [8.5135, 47.3862], [8.5133, 47.3862], [8.5132, 47.3863], [8.513, 47.3864], [8.5129, 47.3864], [8.5127, 47.3865], [8.5126, 47.3865], [8.5125, 47.3866], [8.5124, 47.3866], [8.5123, 47.3867], [8.5122, 47.3868], [8.5121, 47.3868], [8.512, 47.3869], [8.5119, 47.3869], [8.5118, 47.387], [8.5117, 47.3871], [8.5116, 47.3872], [8.5115, 47.3873], [8.5114, 47.3874], [8.5113, 47.3875], [8.5112, 47.3876], [8.5111, 47.3877], [8.5111, 47.3878], [8.511, 47.3879], [8.5109, 47.388], [8.5109, 47.3881], [8.5108, 47.3882], [8.5108, 47.3883], [8.5108, 47.3884], [8.5107, 47.3885], [8.5107, 47.3886], [8.5107, 47.3887], [8.5106, 47.3888], [8.5106, 47.3889], [8.5106, 47.389], [8.5106, 47.3891], [8.5106, 47.3892], [8.5106, 47.3893], [8.5106, 47.3894], [8.5106, 47.3895], [8.5106, 47.3896], [8.5107, 47.3897], [8.5107, 47.3898], [8.5107, 47.3899], [8.5107, 47.39], [8.5108, 47.3901], [8.5108, 47.3902], [8.5109, 47.3904], [8.5109, 47.3905], [8.511, 47.3906], [8.5111, 47.3908], [8.5112, 47.3911], [8.5113, 47.3913], [8.5114, 47.3915]], [[8.5114, 47.3915], [8.5118, 47.3922], [8.5123, 47.3932]], [[8.5123, 47.3932], [8.5128, 47.394], [8.513, 47.3943], [8.5133, 47.3948], [8.5133, 47.395]], [[8.5133, 47.395], [8.5135, 47.3952]], [[8.5359, 47.4053], [8.536, 47.4054], [8.5361, 47.4056], [8.5362, 47.4057], [8.5363, 47.4059], [8.5364, 47.4059], [8.5365, 47.4062], [8.5366, 47.4064], [8.5368, 47.4067]], [[8.5368, 47.4067], [8.5369, 47.4068]], [[8.5369, 47.4068], [8.5371, 47.4072], [8.5373, 47.4077], [8.5375, 47.4079], [8.5376, 47.408], [8.5376, 47.4081], [8.5377, 47.4083], [8.5378, 47.4084]], [[8.5378, 47.4084], [8.5382, 47.4088], [8.5384, 47.409], [8.5387, 47.4092], [8.5389, 47.4094], [8.5391, 47.4096], [8.5393, 47.4097], [8.5395, 47.4099], [8.5397, 47.41], [8.54, 47.4102]], [[8.54, 47.4102], [8.5409, 47.4107], [8.5413, 47.4108], [8.5416, 47.411], [8.5418, 47.4111], [8.5419, 47.4112], [8.542, 47.4113], [8.5421, 47.4113], [8.5423, 47.4114], [8.5424, 47.4114], [8.5426, 47.4115], [8.5427, 47.4116], [8.5428, 47.4116], [8.543, 47.4117], [8.5431, 47.4118], [8.5432, 47.4118], [8.5433, 47.4118], [8.5436, 47.4119], [8.5437, 47.412], [8.5442, 47.4122], [8.545, 47.4124], [8.5452, 47.4125], [8.5454, 47.4126], [8.5455, 47.4126], [8.5456, 47.4126], [8.5457, 47.4127], [8.5458, 47.4127], [8.5459, 47.4128], [8.546, 47.4128], [8.5461, 47.4129]], [[8.5461, 47.4129], [8.5462, 47.413], [8.5463, 47.413], [8.5464, 47.4131], [8.5465, 47.4132]], [[8.5465, 47.4132], [8.5466, 47.4132], [8.5467, 47.4133], [8.5468, 47.4134], [8.5469, 47.4134], [8.547, 47.4136]], [[8.547, 47.4136], [8.5471, 47.4136], [8.5473, 47.4138]], [[8.5473, 47.4138], [8.5475, 47.414]], [[8.5475, 47.414], [8.5477, 47.4142], [8.548, 47.4145]], [[8.548, 47.4145], [8.5482, 47.4147]], [[8.5482, 47.4147], [8.5486, 47.4152], [8.5487, 47.4153]], [[8.5487, 47.4153], [8.549, 47.4156], [8.5495, 47.4162]], [[8.5495, 47.4162], [8.5497, 47.4164], [8.5498, 47.4165], [8.5499, 47.4166], [8.55, 47.4167], [8.5501, 47.4169], [8.5502, 47.417], [8.5503, 47.4172], [8.5504, 47.4174], [8.5505, 47.4176], [8.5507, 47.4179], [8.5508, 47.4182], [8.5509, 47.4183], [8.5509, 47.4184], [8.551, 47.4185], [8.5511, 47.4187], [8.5512, 47.4188], [8.5513, 47.4189], [8.5514, 47.419]], [[8.5514, 47.419], [8.5514, 47.4191], [8.5515, 47.4192], [8.5516, 47.4193], [8.5517, 47.4194], [8.5518, 47.4195], [8.552, 47.4196], [8.5521, 47.4197], [8.5522, 47.4198], [8.5523, 47.4199], [8.5525, 47.42], [8.5527, 47.4202], [8.5529, 47.4204], [8.5534, 47.4206], [8.5536, 47.4208], [8.5538, 47.421], [8.554, 47.421], [8.5541, 47.4211], [8.5542, 47.4212], [8.5543, 47.4213]], [[8.5543, 47.4213], [8.5544, 47.4214], [8.5545, 47.4215], [8.5546, 47.4216], [8.5547, 47.4217], [8.5548, 47.4218], [8.5551, 47.4221], [8.5563, 47.4235], [8.5573, 47.4246]], [[8.5573, 47.4246], [8.5575, 47.4247]], [[8.5575, 47.4247], [8.5579, 47.4251], [8.5581, 47.4254], [8.5584, 47.4257], [8.5586, 47.4259], [8.5588, 47.4262], [8.559, 47.4264], [8.5591, 47.4265], [8.5592, 47.4266], [8.5593, 47.4267], [8.5595, 47.4269], [8.5608, 47.4285]], [[8.5608, 47.4285], [8.5609, 47.4286]], [[8.5609, 47.4286], [8.5609, 47.4287], [8.561, 47.4288], [8.5611, 47.4289], [8.5612, 47.429], [8.5613, 47.4291]], [[8.5621, 47.4314], [8.5622, 47.4319], [8.5623, 47.432], [8.5623, 47.4321], [8.5623, 47.4322], [8.5623, 47.4323], [8.5623, 47.4324], [8.5624, 47.4324], [8.5624, 47.4325], [8.5624, 47.4326], [8.5624, 47.4327], [8.5624, 47.4328]], [[8.5624, 47.4328], [8.5624, 47.4329], [8.5624, 47.4331], [8.5624, 47.4332], [8.5624, 47.4333], [8.5624, 47.4337]], [[8.5624, 47.4337], [8.5624, 47.4339], [8.5624, 47.434], [8.5624, 47.4341], [8.5624, 47.4342], [8.5624, 47.4343], [8.5624, 47.4344], [8.5624, 47.4345], [8.5624, 47.4346], [8.5625, 47.4346], [8.5625, 47.4347], [8.5625, 47.4348], [8.5625, 47.4349], [8.5626, 47.435], [8.5626, 47.4351], [8.5626, 47.4352], [8.5626, 47.4353], [8.5627, 47.4353], [8.5627, 47.4354], [8.5627, 47.4355], [8.5628, 47.4355], [8.5628, 47.4356], [8.5628, 47.4357], [8.5629, 47.4358], [8.563, 47.436], [8.5631, 47.4362], [8.5632, 47.4363]], [[8.5632, 47.4363], [8.5633, 47.4365], [8.5634, 47.4367], [8.5637, 47.4371], [8.5638, 47.4374], [8.564, 47.4376], [8.5641, 47.4378], [8.5642, 47.438], [8.5644, 47.4382], [8.5646, 47.4384], [8.5647, 47.4386], [8.5648, 47.4387]], [[8.578, 47.4457], [8.5782, 47.4458], [8.5785, 47.446], [8.5788, 47.4461]], [[8.5788, 47.4461], [8.5795, 47.4465], [8.58, 47.4467], [8.5805, 47.4469]], [[8.5805, 47.4469], [8.5807, 47.447], [8.5812, 47.4472], [8.5815, 47.4473], [8.5816, 47.4474], [8.5831, 47.4481], [8.5837, 47.4484], [8.5839, 47.4485]], [[8.5839, 47.4485], [8.5841, 47.4486], [8.5842, 47.4486], [8.5843, 47.4487], [8.5845, 47.4488], [8.5847, 47.4488]], [[8.5847, 47.4488], [8.5849, 47.4489], [8.5851, 47.449], [8.5852, 47.449], [8.5855, 47.4491], [8.5856, 47.4491], [8.5857, 47.4491], [8.5859, 47.4492], [8.586, 47.4492], [8.5862, 47.4492], [8.5863, 47.4492]], [[8.5863, 47.4492], [8.5864, 47.4492], [8.5866, 47.4492], [8.5868, 47.4493], [8.5869, 47.4493], [8.587, 47.4493], [8.5871, 47.4493], [8.5873, 47.4493], [8.5874, 47.4493], [8.5875, 47.4493], [8.5876, 47.4492], [8.5877, 47.4492], [8.5878, 47.4492], [8.5879, 47.4492], [8.5881, 47.4492], [8.5882, 47.4492], [8.5883, 47.4491], [8.5885, 47.4491], [8.5886, 47.4491], [8.5888, 47.4491]], [[8.5888, 47.4491], [8.5891, 47.449]], [[8.5891, 47.449], [8.5892, 47.449]], [[8.5892, 47.449], [8.5896, 47.4489], [8.5901, 47.4488], [8.5905, 47.4487], [8.5909, 47.4486]], [[8.5909, 47.4486], [8.591, 47.4486]], [[8.591, 47.4486], [8.5917, 47.4484], [8.5923, 47.4482], [8.5926, 47.4482]], [[8.5926, 47.4482], [8.5931, 47.448], [8.5941, 47.4477]], [[8.5941, 47.4477], [8.5958, 47.4473]], [[8.5958, 47.4473], [8.5973, 47.4469], [8.6022, 47.4455], [8.6051, 47.4447]], [[8.6051, 47.4447], [8.6054, 47.4446], [8.6055, 47.4446]], [[8.6055, 47.4446], [8.606, 47.4444], [8.6067, 47.4442], [8.6073, 47.444], [8.6076, 47.444], [8.6078, 47.4439], [8.608, 47.4438], [8.6082, 47.4438], [8.6085, 47.4437], [8.6089, 47.4436]], [[8.6089, 47.4436], [8.6092, 47.4435]], [[8.6092, 47.4435], [8.6101, 47.4433], [8.6104, 47.4432], [8.6108, 47.4431], [8.6118, 47.4428], [8.6121, 47.4427], [8.6134, 47.4424], [8.6137, 47.4423], [8.614, 47.4422], [8.6142, 47.4421], [8.6144, 47.4421], [8.6147, 47.442], [8.615, 47.4419], [8.6152, 47.4418], [8.6154, 47.4417], [8.6157, 47.4416], [8.6159, 47.4416], [8.616, 47.4415], [8.6161, 47.4415], [8.6163, 47.4414], [8.6165, 47.4414], [8.6165, 47.4413], [8.6167, 47.4413], [8.6169, 47.4412], [8.617, 47.4411], [8.6172, 47.4411], [8.6174, 47.441], [8.6175, 47.4409], [8.6177, 47.4408], [8.6179, 47.4407], [8.6184, 47.4405], [8.6186, 47.4404], [8.6188, 47.4403], [8.619, 47.4402], [8.6192, 47.4401], [8.6194, 47.44]], [[8.6194, 47.44], [8.6195, 47.44], [8.6196, 47.4399], [8.6198, 47.4398], [8.6199, 47.4398]], [[8.6199, 47.4398], [8.6201, 47.4397], [8.6203, 47.4397], [8.6204, 47.4396], [8.6206, 47.4395], [8.6208, 47.4395], [8.6209, 47.4394], [8.6211, 47.4394], [8.6213, 47.4393], [8.6214, 47.4393], [8.6216, 47.4393], [8.6218, 47.4392], [8.6219, 47.4392], [8.6222, 47.4391]], [[8.6222, 47.4391], [8.6224, 47.4391]], [[8.6224, 47.4391], [8.6226, 47.439], [8.6228, 47.439], [8.623, 47.439], [8.6232, 47.4389], [8.6233, 47.4389], [8.6236, 47.4389], [8.6262, 47.4385], [8.6279, 47.4382]], [[8.6279, 47.4382], [8.6284, 47.4382]], [[8.6284, 47.4382], [8.6286, 47.4381], [8.6296, 47.438], [8.631, 47.4378]], [[8.631, 47.4378], [8.6313, 47.4377]], [[8.6313, 47.4377], [8.6314, 47.4377]], [[8.6314, 47.4377], [8.6326, 47.4375], [8.6361, 47.437], [8.6364, 47.437], [8.6369, 47.4369]], [[8.6369, 47.4369], [8.637, 47.4369], [8.6371, 47.4369], [8.6372, 47.4368]], [[8.6372, 47.4368], [8.6373, 47.4368], [8.6375, 47.4368]], [[8.6375, 47.4368], [8.6376, 47.4368], [8.6377, 47.4367], [8.6378, 47.4367], [8.6379, 47.4367], [8.6381, 47.4367], [8.6382, 47.4366], [8.6384, 47.4366], [8.6385, 47.4365], [8.6387, 47.4365], [8.6389, 47.4364], [8.6391, 47.4364], [8.6392, 47.4363], [8.6393, 47.4363], [8.6394, 47.4362], [8.6395, 47.4362], [8.6397, 47.4361], [8.6399, 47.436], [8.64, 47.436], [8.6401, 47.4359], [8.6403, 47.4358], [8.6404, 47.4358], [8.6406, 47.4357], [8.6407, 47.4356], [8.6408, 47.4355], [8.641, 47.4355], [8.6411, 47.4354], [8.6412, 47.4353], [8.6413, 47.4352], [8.6414, 47.4352], [8.6415, 47.4351], [8.6417, 47.435], [8.6418, 47.4349], [8.642, 47.4348], [8.6421, 47.4346], [8.6423, 47.4345]], [[8.6423, 47.4345], [8.6423, 47.4344]], [[8.6423, 47.4344], [8.6424, 47.4344], [8.6425, 47.4343], [8.6426, 47.4342], [8.6427, 47.4341], [8.6428, 47.434], [8.6429, 47.4338], [8.643, 47.4337], [8.6431, 47.4336], [8.6432, 47.4335], [8.6433, 47.4333], [8.6435, 47.433], [8.6447, 47.4314]], [[8.6447, 47.4314], [8.6447, 47.4313]], [[8.6447, 47.4313], [8.6451, 47.4309], [8.6458, 47.4299], [8.6459, 47.4298], [8.646, 47.4296], [8.6461, 47.4294], [8.6462, 47.4293], [8.6463, 47.4292], [8.6464, 47.4291], [8.6466, 47.4289], [8.6467, 47.4288], [8.6468, 47.4288], [8.6468, 47.4287]], [[8.6468, 47.4287], [8.6469, 47.4286], [8.647, 47.4285], [8.6472, 47.4284], [8.6473, 47.4283]], [[8.6473, 47.4283], [8.6474, 47.4282], [8.6475, 47.4281], [8.6476, 47.4281], [8.6477, 47.428], [8.6478, 47.4279], [8.6479, 47.4279], [8.648, 47.4278], [8.6481, 47.4277], [8.6482, 47.4277], [8.6483, 47.4276], [8.6484, 47.4276], [8.6485, 47.4275], [8.6486, 47.4274], [8.6487, 47.4274], [8.6488, 47.4273], [8.6489, 47.4273], [8.649, 47.4272], [8.6491, 47.4272], [8.6493, 47.4271], [8.6494, 47.4271], [8.6495, 47.4271], [8.6495, 47.427]], [[8.6495, 47.427], [8.6496, 47.427]], [[8.6496, 47.427], [8.6499, 47.4269], [8.65, 47.4268], [8.6502, 47.4268], [8.6503, 47.4267], [8.6505, 47.4267], [8.6506, 47.4266], [8.6511, 47.4265], [8.6513, 47.4264], [8.6515, 47.4263], [8.6517, 47.4263], [8.6518, 47.4262], [8.652, 47.4261], [8.6522, 47.4261], [8.6526, 47.4259], [8.6553, 47.4249], [8.6557, 47.4247], [8.6566, 47.4244]], [[8.6566, 47.4244], [8.6586, 47.4237], [8.6589, 47.4235], [8.659, 47.4235], [8.6592, 47.4234], [8.6593, 47.4234], [8.6596, 47.4233], [8.6597, 47.4232], [8.6599, 47.4232], [8.6601, 47.4231], [8.6603, 47.4231], [8.6604, 47.423], [8.6605, 47.423], [8.6607, 47.423], [8.6608, 47.4229], [8.661, 47.4229], [8.6611, 47.4229], [8.6613, 47.4228], [8.6614, 47.4228], [8.6616, 47.4228], [8.6617, 47.4228], [8.6619, 47.4227], [8.6621, 47.4227], [8.6623, 47.4227], [8.6625, 47.4226], [8.6627, 47.4226], [8.663, 47.4226], [8.6638, 47.4224]], [[8.6638, 47.4224], [8.6661, 47.4221], [8.6667, 47.422]], [[8.6667, 47.422], [8.6671, 47.422], [8.6675, 47.4219], [8.6681, 47.4218], [8.6685, 47.4217], [8.6691, 47.4217]], [[8.6691, 47.4217], [8.6726, 47.4212]], [[8.6726, 47.4212], [8.6739, 47.421], [8.675, 47.4208], [8.6751, 47.4208]], [[8.6751, 47.4208], [8.6752, 47.4208], [8.6754, 47.4208], [8.6756, 47.4208], [8.6758, 47.4207], [8.6761, 47.4207], [8.6763, 47.4207], [8.6766, 47.4207], [8.6768, 47.4207], [8.6771, 47.4207], [8.6773, 47.4207], [8.6776, 47.4207], [8.6777, 47.4207], [8.6778, 47.4207], [8.678, 47.4207], [8.6782, 47.4207], [8.6785, 47.4207], [8.6786, 47.4208], [8.6787, 47.4208], [8.6789, 47.4208], [8.6792, 47.4208], [8.6794, 47.4209], [8.6796, 47.4209], [8.6798, 47.4209], [8.6799, 47.421], [8.6802, 47.421], [8.6804, 47.421], [8.6805, 47.4211], [8.6807, 47.4211], [8.6809, 47.4212], [8.6811, 47.4213], [8.6813, 47.4213]], [[8.6813, 47.4213], [8.6814, 47.4213]], [[8.6814, 47.4213], [8.6819, 47.4215], [8.6821, 47.4216], [8.6823, 47.4217], [8.6825, 47.4218], [8.6827, 47.4219], [8.6828, 47.4219], [8.6829, 47.422], [8.683, 47.422], [8.6831, 47.4221], [8.6832, 47.4221], [8.6833, 47.4222], [8.6834, 47.4222], [8.6835, 47.4223]], [[8.6835, 47.4223], [8.6836, 47.4223], [8.6838, 47.4224], [8.6839, 47.4225], [8.684, 47.4226], [8.6842, 47.4227]], [[8.6842, 47.4227], [8.6843, 47.4227], [8.6844, 47.4228]], [[8.6844, 47.4228], [8.6845, 47.4229], [8.6846, 47.423], [8.6848, 47.4231], [8.6849, 47.4232], [8.685, 47.4233], [8.6851, 47.4234], [8.6852, 47.4235], [8.6853, 47.4236], [8.6854, 47.4237], [8.6855, 47.4238], [8.6856, 47.4239], [8.6857, 47.424], [8.6858, 47.4242], [8.6859, 47.4243], [8.686, 47.4244], [8.6861, 47.4246], [8.6862, 47.4247], [8.6863, 47.4249], [8.6864, 47.425], [8.6865, 47.4252], [8.6867, 47.4256], [8.687, 47.4261], [8.6875, 47.427]], [[8.6875, 47.427], [8.6879, 47.4278], [8.6883, 47.4286]], [[8.6883, 47.4286], [8.6885, 47.4288], [8.689, 47.4297], [8.6896, 47.4307], [8.6901, 47.4318], [8.6905, 47.4324]], [[8.6905, 47.4324], [8.6906, 47.4327], [8.6907, 47.4329], [8.6908, 47.433], [8.6909, 47.4331], [8.6909, 47.4332], [8.691, 47.4333], [8.6911, 47.4335], [8.6912, 47.4335], [8.6912, 47.4336], [8.6914, 47.4338], [8.6915, 47.4339], [8.6916, 47.434], [8.6917, 47.4341], [8.6918, 47.4343], [8.692, 47.4344], [8.6921, 47.4345], [8.6922, 47.4346], [8.6923, 47.4346], [8.6924, 47.4347], [8.6926, 47.4348], [8.6927, 47.4349], [8.6929, 47.435], [8.693, 47.4351], [8.6931, 47.4352], [8.6932, 47.4352], [8.6933, 47.4353], [8.6935, 47.4354], [8.6936, 47.4354], [8.6938, 47.4355], [8.6939, 47.4356], [8.694, 47.4356], [8.6942, 47.4357], [8.6943, 47.4357], [8.6945, 47.4358], [8.6946, 47.4358], [8.6947, 47.4359], [8.6948, 47.4359], [8.6949, 47.436], [8.695, 47.436], [8.6951, 47.436], [8.6952, 47.436], [8.6954, 47.4361], [8.6956, 47.4361], [8.6958, 47.4362], [8.696, 47.4362], [8.6962, 47.4363], [8.6965, 47.4363], [8.6968, 47.4363]], [[8.6968, 47.4363], [8.6971, 47.4364], [8.6984, 47.4366], [8.6987, 47.4366], [8.6989, 47.4367], [8.6992, 47.4367], [8.6994, 47.4367], [8.6996, 47.4368], [8.6998, 47.4368], [8.7, 47.4369], [8.7003, 47.437], [8.7007, 47.4371], [8.7009, 47.4372], [8.7011, 47.4373]], [[8.7011, 47.4373], [8.7014, 47.4374]], [[8.7014, 47.4374], [8.7016, 47.4375], [8.7019, 47.4376], [8.702, 47.4377], [8.7021, 47.4377], [8.7023, 47.4378], [8.7024, 47.4379], [8.7025, 47.438], [8.7027, 47.438], [8.703, 47.4382], [8.7031, 47.4384], [8.7033, 47.4385], [8.7034, 47.4386], [8.7035, 47.4387], [8.7037, 47.4389], [8.7038, 47.439], [8.7039, 47.4391], [8.7041, 47.4393], [8.7042, 47.4394], [8.7043, 47.4396], [8.7044, 47.4397], [8.7045, 47.4398], [8.7046, 47.44], [8.7047, 47.4401], [8.7047, 47.4403], [8.7048, 47.4404], [8.7049, 47.4406], [8.7049, 47.4408], [8.705, 47.4409], [8.705, 47.441], [8.7051, 47.4412], [8.7051, 47.4414], [8.7051, 47.4415], [8.7051, 47.4417], [8.7051, 47.4419], [8.7051, 47.4421], [8.7051, 47.4422], [8.7051, 47.4423]], [[8.7051, 47.4423], [8.7051, 47.4424]], [[8.7051, 47.4424], [8.7051, 47.4425], [8.7051, 47.4426], [8.7051, 47.4427], [8.7051, 47.4429], [8.705, 47.443], [8.705, 47.4431], [8.705, 47.4433], [8.7049, 47.4434], [8.7049, 47.4436], [8.7043, 47.4456], [8.7042, 47.4458], [8.7042, 47.4459], [8.7042, 47.4461], [8.7041, 47.4462], [8.7041, 47.4464], [8.7041, 47.4466], [8.7041, 47.4468], [8.7041, 47.4469], [8.7041, 47.4471], [8.7041, 47.4472], [8.7041, 47.4474], [8.7041, 47.4476], [8.7041, 47.4477], [8.7041, 47.4478], [8.7042, 47.4479], [8.7042, 47.4481], [8.7043, 47.4485], [8.7044, 47.4488], [8.7048, 47.45]], [[8.7048, 47.45], [8.7048, 47.4501], [8.7052, 47.4511], [8.7054, 47.4519]], [[8.7054, 47.4519], [8.7058, 47.453], [8.7063, 47.4546]], [[8.7063, 47.4546], [8.7064, 47.455], [8.7068, 47.456]], [[8.7068, 47.456], [8.7074, 47.458], [8.7077, 47.4588], [8.7077, 47.459]], [[8.7077, 47.459], [8.7078, 47.4592], [8.7078, 47.4593], [8.7079, 47.4595], [8.7079, 47.4597], [8.708, 47.4598], [8.708, 47.4599], [8.708, 47.46], [8.708, 47.4601], [8.708, 47.4602], [8.7081, 47.4604], [8.7081, 47.4605], [8.7081, 47.4606], [8.7081, 47.4607], [8.7081, 47.4608], [8.7081, 47.461], [8.7081, 47.4611], [8.708, 47.4612], [8.708, 47.4613], [8.708, 47.4614], [8.708, 47.4615], [8.708, 47.4616], [8.708, 47.4617], [8.7079, 47.4618], [8.7079, 47.4619], [8.7078, 47.4621], [8.7078, 47.4622], [8.7077, 47.4623], [8.7077, 47.4625], [8.7076, 47.4626], [8.7075, 47.4629], [8.7074, 47.4632], [8.7073, 47.4633], [8.7073, 47.4634], [8.7072, 47.4635], [8.7072, 47.4636], [8.7071, 47.4637], [8.7071, 47.4638], [8.7071, 47.4639], [8.707, 47.464], [8.707, 47.4641], [8.707, 47.4642], [8.7069, 47.4644], [8.7069, 47.4645], [8.7069, 47.4646], [8.7069, 47.4647], [8.7069, 47.4648], [8.7069, 47.4649], [8.7069, 47.4652], [8.7067, 47.4673]], [[8.7067, 47.4674], [8.7066, 47.4682]], [[8.7065, 47.4699], [8.7064, 47.4708], [8.7064, 47.4715], [8.7063, 47.472], [8.7063, 47.4725]], [[8.7063, 47.4725], [8.7063, 47.4726]], [[8.7063, 47.4726], [8.7063, 47.4729], [8.7063, 47.4731]], [[8.7063, 47.4731], [8.7063, 47.4732], [8.7062, 47.4738]], [[8.7062, 47.4738], [8.7062, 47.4743], [8.7061, 47.4745], [8.7061, 47.4748], [8.706, 47.4753], [8.706, 47.4755], [8.706, 47.4757], [8.706, 47.4758], [8.706, 47.476], [8.706, 47.4761], [8.706, 47.4763], [8.706, 47.4764], [8.706, 47.4765], [8.706, 47.4767], [8.706, 47.4769], [8.706, 47.4771], [8.706, 47.4772], [8.7061, 47.4773]], [[8.7061, 47.4773], [8.7061, 47.4774], [8.7061, 47.4776], [8.7062, 47.4777], [8.7062, 47.4779], [8.7063, 47.4782], [8.7064, 47.4784], [8.7064, 47.4785], [8.7065, 47.4788], [8.7066, 47.479], [8.7067, 47.4792], [8.7068, 47.4794], [8.7069, 47.4796], [8.7071, 47.4797], [8.7072, 47.48], [8.7073, 47.4801], [8.7075, 47.4804], [8.7076, 47.4806], [8.7078, 47.4808]], [[8.7078, 47.4808], [8.7079, 47.4809], [8.7081, 47.4811]], [[8.7081, 47.4811], [8.7085, 47.4817]], [[8.7085, 47.4817], [8.7108, 47.4846]], [[8.7108, 47.4846], [8.7109, 47.4847]], [[8.7109, 47.4847], [8.7116, 47.4856], [8.7119, 47.486], [8.7121, 47.4862], [8.7127, 47.4869]], [[8.7127, 47.4869], [8.7133, 47.4877], [8.7136, 47.4881], [8.7142, 47.4888], [8.7149, 47.4897]], [[8.7149, 47.4897], [8.7163, 47.4912], [8.7167, 47.4918]], [[8.7167, 47.4918], [8.7168, 47.4919]], [[8.7168, 47.4919], [8.7171, 47.4923]], [[8.7171, 47.4923], [8.718, 47.4934]], [[8.718, 47.4934], [8.7202, 47.4962]], [[8.7202, 47.4962], [8.7203, 47.4964], [8.7208, 47.4969], [8.7213, 47.4975]]]}, "properties": {"ref": "S7", "opened_year": 1990, "is_tunnel": false, "segment_count": 483}}, {"type": "Feature", "geometry": {"type": "MultiLineString", "coordinates": [[[8.5344, 47.3801], [8.5346, 47.3801], [8.5347, 47.3801], [8.535, 47.38], [8.5353, 47.3799]], [[8.5353, 47.3799], [8.5358, 47.3798]], [[8.5358, 47.3798], [8.5366, 47.3796]], [[8.5366, 47.3796], [8.5391, 47.3789], [8.5405, 47.3785], [8.542, 47.378]], [[8.542, 47.378], [8.5421, 47.378]], [[8.5421, 47.378], [8.5429, 47.3777]], [[8.5429, 47.3777], [8.5434, 47.3776], [8.5438, 47.3774], [8.5442, 47.3773], [8.5444, 47.3772], [8.5446, 47.3771], [8.5449, 47.377], [8.5451, 47.3769], [8.5453, 47.3767], [8.5454, 47.3766], [8.5457, 47.3764], [8.5459, 47.3762], [8.5461, 47.376], [8.5463, 47.3758], [8.5465, 47.3756], [8.5467, 47.3754], [8.547, 47.375], [8.5472, 47.3748], [8.5473, 47.3745], [8.5475, 47.3741], [8.5476, 47.3738], [8.5477, 47.3736], [8.5478, 47.3733], [8.5478, 47.373], [8.5479, 47.3728], [8.5479, 47.3726], [8.5479, 47.3723], [8.5479, 47.3721], [8.5479, 47.3719], [8.5478, 47.3717], [8.5477, 47.3714], [8.5477, 47.3712], [8.5476, 47.371], [8.5475, 47.3709], [8.5473, 47.3704], [8.5472, 47.3702], [8.5472, 47.37], [8.5471, 47.3698], [8.5471, 47.3697], [8.5471, 47.3694], [8.5471, 47.3692], [8.5471, 47.3691], [8.5472, 47.3689]], [[8.5472, 47.3689], [8.5472, 47.3687], [8.5473, 47.3684], [8.5473, 47.3683], [8.5474, 47.3681]], [[8.5474, 47.3681], [8.5475, 47.368], [8.5475, 47.3679], [8.5476, 47.3678], [8.5477, 47.3676]], [[8.5506, 47.3659], [8.5504, 47.366], [8.5501, 47.366]], [[8.552, 47.3655], [8.5513, 47.3657], [8.5506, 47.3659]], [[8.552, 47.3655], [8.5505, 47.3659]], [[8.5505, 47.3659], [8.5503, 47.3659], [8.5501, 47.366]], [[8.5477, 47.3676], [8.5475, 47.3677], [8.5475, 47.3679], [8.5473, 47.3681], [8.5473, 47.3683], [8.5472, 47.3687]], [[8.5472, 47.3687], [8.5471, 47.3689], [8.5471, 47.3691], [8.5471, 47.3693], [8.5471, 47.3695], [8.5471, 47.3697], [8.5471, 47.3698], [8.5471, 47.37], [8.5472, 47.3702], [8.5473, 47.3704], [8.5475, 47.3709], [8.5476, 47.3712], [8.5477, 47.3714], [8.5478, 47.3717], [8.5478, 47.3719], [8.5479, 47.3721], [8.5479, 47.3723], [8.5478, 47.3725], [8.5478, 47.3728], [8.5478, 47.373], [8.5477, 47.3733], [8.5477, 47.3736], [8.5476, 47.3738], [8.5475, 47.3741], [8.5473, 47.3745], [8.5471, 47.3747], [8.547, 47.375], [8.5467, 47.3754], [8.5465, 47.3756], [8.5463, 47.3758], [8.5461, 47.376], [8.5459, 47.3762], [8.5456, 47.3764], [8.5454, 47.3766], [8.5452, 47.3767], [8.545, 47.3768], [8.5448, 47.3769], [8.5446, 47.377], [8.5442, 47.3772], [8.5438, 47.3773], [8.543, 47.3776]], [[8.543, 47.3776], [8.5425, 47.3778], [8.5421, 47.3779]], [[8.5421, 47.3779], [8.542, 47.378]], [[8.542, 47.378], [8.5417, 47.3781], [8.541, 47.3783], [8.5403, 47.3785], [8.5391, 47.3788], [8.5366, 47.3795]], [[8.5366, 47.3795], [8.5358, 47.3797]], [[8.5358, 47.3797], [8.5353, 47.3799]], [[8.5353, 47.3799], [8.535, 47.3799], [8.5346, 47.38], [8.5343, 47.3801]]]}, "properties": {"ref": "S7", "opened_year": 1990, "is_tunnel": true, "segment_count": 21}}, {"type": "Feature", "geometry": {"type": "MultiLineString", "coordinates": [[[8.6874, 47.4269], [8.6875, 47.4269], [8.6873, 47.4265], [8.6868, 47.4255], [8.6867, 47.4255], [8.6867, 47.4253], [8.6866, 47.4251], [8.6865, 47.425], [8.6864, 47.4248], [8.6863, 47.4247], [8.6861, 47.4245], [8.686, 47.4244], [8.686, 47.4243], [8.6859, 47.4241], [8.6858, 47.4242], [8.6859, 47.4242], [8.6859, 47.4243], [8.686, 47.4244], [8.6861, 47.4245], [8.6862, 47.4247], [8.6863, 47.4248], [8.6864, 47.425], [8.6865, 47.4252], [8.6866, 47.4253], [8.6867, 47.4255], [8.6867, 47.4256], [8.6872, 47.4265], [8.6874, 47.4269]], [[8.5207, 47.3735], [8.5208, 47.3734], [8.5209, 47.3735], [8.5218, 47.3728], [8.5226, 47.3722], [8.5228, 47.3721], [8.5234, 47.3717], [8.5236, 47.3715], [8.5235, 47.3715], [8.5232, 47.3717], [8.5227, 47.3721], [8.5226, 47.3722], [8.5217, 47.3728], [8.5208, 47.3734], [8.5207, 47.3735]], [[8.5302, 47.3653], [8.5304, 47.365], [8.5305, 47.3648], [8.5306, 47.3647], [8.5305, 47.3647], [8.5306, 47.3646], [8.5307, 47.3645], [8.5307, 47.3644], [8.5308, 47.3642], [8.5309, 47.3638], [8.531, 47.3637], [8.531, 47.3636], [8.5311, 47.3636], [8.531, 47.3636], [8.5311, 47.3634], [8.5311, 47.3633], [8.5311, 47.3631], [8.5311, 47.363], [8.5312, 47.3629], [8.5312, 47.3627], [8.5311, 47.3629], [8.5311, 47.363], [8.5311, 47.3632], [8.531, 47.3635], [8.5309, 47.3636], [8.5309, 47.3637], [8.5308, 47.3638], [8.5308, 47.364], [8.5306, 47.3644], [8.5306, 47.3645], [8.5305, 47.3647], [8.5303, 47.3649], [8.5302, 47.3652], [8.5301, 47.3654], [8.5302, 47.3653]], [[8.534, 47.3468], [8.5339, 47.347], [8.5339, 47.3474], [8.5338, 47.3479], [8.5337, 47.3481], [8.5336, 47.3489], [8.5334, 47.3497], [8.5335, 47.3497], [8.5337, 47.3489], [8.5338, 47.3481], [8.5339, 47.3479], [8.534, 47.3474], [8.534, 47.347], [8.534, 47.3468]], [[8.5481, 47.3243], [8.5481, 47.3244], [8.548, 47.3244], [8.548, 47.3246], [8.5479, 47.3246], [8.5479, 47.3247], [8.5479, 47.3248], [8.5479, 47.3249], [8.5478, 47.3249], [8.5477, 47.3253], [8.5476, 47.3255], [8.5476, 47.3257], [8.5475, 47.3257], [8.5484, 47.3229], [8.5485, 47.3229], [8.5484, 47.323], [8.5483, 47.3233], [8.5482, 47.3237], [8.5481, 47.324], [8.5481, 47.3241], [8.5481, 47.3242], [8.5481, 47.3243]], [[8.5546, 47.3083], [8.5546, 47.3082], [8.5547, 47.3081], [8.5549, 47.3076], [8.555, 47.3073], [8.5551, 47.3072], [8.5552, 47.3069], [8.5553, 47.3068], [8.5553, 47.3067], [8.5554, 47.3067], [8.5555, 47.3064], [8.5556, 47.3062], [8.5555, 47.3062], [8.5559, 47.3055], [8.5558, 47.3055], [8.5546, 47.3082], [8.5546, 47.3083]], [[8.5628, 47.2975], [8.5631, 47.2973], [8.5639, 47.2965], [8.5645, 47.296], [8.5656, 47.295], [8.5657, 47.2949], [8.566, 47.2947], [8.5661, 47.2945], [8.5663, 47.2944], [8.5662, 47.2944], [8.5661, 47.2945], [8.566, 47.2946], [8.5659, 47.2947], [8.5658, 47.2948], [8.5656, 47.2949], [8.5643, 47.2961], [8.5639, 47.2965], [8.5631, 47.2972], [8.5628, 47.2975]], [[8.641, 47.2472], [8.641, 47.2473], [8.644, 47.247], [8.6452, 47.2469], [8.6452, 47.2468], [8.644, 47.2469], [8.641, 47.2472]], [[8.7081, 47.2081], [8.7081, 47.2082], [8.7077, 47.2085], [8.7076, 47.2086], [8.707, 47.209], [8.7062, 47.2096], [8.7059, 47.2098], [8.7057, 47.21], [8.7056, 47.21], [8.7054, 47.2102], [8.7052, 47.2104], [8.7051, 47.2106], [8.7051, 47.2105], [8.705, 47.2105], [8.7052, 47.2104], [8.7054, 47.2102], [8.7056, 47.21], [8.7058, 47.2098], [8.7061, 47.2096], [8.7069, 47.209], [8.7075, 47.2086], [8.7081, 47.2081]], [[8.7256, 47.2006], [8.7259, 47.2006], [8.7263, 47.2007], [8.7271, 47.2009], [8.7273, 47.2009], [8.7276, 47.201], [8.7278, 47.201], [8.7281, 47.2011], [8.7284, 47.2011], [8.7286, 47.2012], [8.7288, 47.2012], [8.7291, 47.2013], [8.7293, 47.2013], [8.7295, 47.2014], [8.7296, 47.2014], [8.7293, 47.2013], [8.7292, 47.2013], [8.729, 47.2012], [8.7289, 47.2012], [8.7283, 47.2011], [8.7281, 47.201], [8.7279, 47.201], [8.7277, 47.2009], [8.7275, 47.2009], [8.7274, 47.2009], [8.7273, 47.2009], [8.7271, 47.2008], [8.7256, 47.2005], [8.7256, 47.2006]], [[8.7538, 47.2072], [8.7539, 47.2072], [8.754, 47.2073], [8.7541, 47.2073], [8.7542, 47.2073], [8.7544, 47.2073], [8.7545, 47.2073], [8.7547, 47.2073], [8.7549, 47.2073], [8.755, 47.2073], [8.7551, 47.2074], [8.7553, 47.2074], [8.7554, 47.2074], [8.7555, 47.2074], [8.7557, 47.2074], [8.7558, 47.2073], [8.756, 47.2073], [8.7561, 47.2073], [8.7562, 47.2073], [8.7563, 47.2073], [8.7565, 47.2073], [8.7567, 47.2073], [8.7569, 47.2073], [8.7571, 47.2072], [8.7573, 47.2072], [8.7574, 47.2072], [8.7576, 47.2072], [8.7578, 47.2071], [8.7579, 47.2071], [8.7576, 47.2071], [8.7573, 47.2072], [8.757, 47.2072], [8.7567, 47.2073], [8.7564, 47.2073], [8.7559, 47.2073], [8.7553, 47.2073], [8.7552, 47.2073], [8.7549, 47.2073], [8.7545, 47.2073], [8.7542, 47.2073], [8.7541, 47.2073], [8.7539, 47.2072], [8.7538, 47.2072]], [[8.7781, 47.2034], [8.7789, 47.2034], [8.7802, 47.2033], [8.7806, 47.2033], [8.7812, 47.2033], [8.7816, 47.2032], [8.7819, 47.2032], [8.7821, 47.2032], [8.7816, 47.2033], [8.7812, 47.2033], [8.7808, 47.2033], [8.7806, 47.2033], [8.7802, 47.2033], [8.779, 47.2034], [8.7785, 47.2034], [8.7781, 47.2034]], [[8.7243, 47.5019], [8.724, 47.5016], [8.7239, 47.5015]], [[8.7239, 47.5015], [8.7238, 47.5015], [8.7238, 47.5014], [8.7236, 47.5012], [8.7231, 47.5006]], [[8.7231, 47.5006], [8.7226, 47.4998], [8.7225, 47.4997], [8.7224, 47.4996], [8.7224, 47.4995], [8.7223, 47.4994], [8.7223, 47.4993]], [[8.7223, 47.4993], [8.7222, 47.4992], [8.7219, 47.4987], [8.7218, 47.4984]], [[8.7218, 47.4984], [8.7215, 47.4978]], [[8.7213, 47.4975], [8.7215, 47.4978]], [[8.7213, 47.4975], [8.7211, 47.4972]], [[8.7209, 47.4969], [8.7211, 47.4972]], [[8.7209, 47.4969], [8.7203, 47.4962]], [[8.7203, 47.4962], [8.7181, 47.4934]], [[8.7181, 47.4934], [8.7175, 47.4926]], [[8.7175, 47.4926], [8.7166, 47.4914]], [[8.7166, 47.4914], [8.7158, 47.4905], [8.7157, 47.4904], [8.7154, 47.49], [8.715, 47.4896]], [[8.715, 47.4896], [8.7143, 47.4888], [8.7137, 47.4881], [8.7135, 47.4877], [8.7128, 47.4869]], [[8.7128, 47.4869], [8.7122, 47.486], [8.7113, 47.4849]], [[8.7113, 47.4849], [8.7111, 47.4846]], [[8.7111, 47.4846], [8.711, 47.4845]], [[8.711, 47.4845], [8.7102, 47.4836]], [[8.7102, 47.4836], [8.7087, 47.4816]], [[8.7087, 47.4816], [8.7082, 47.481]], [[8.7082, 47.481], [8.7079, 47.4807]], [[8.7079, 47.4807], [8.7076, 47.4803], [8.7075, 47.4801], [8.7073, 47.4799], [8.7072, 47.4797], [8.707, 47.4795], [8.7069, 47.4793], [8.7068, 47.4791], [8.7066, 47.4787], [8.7065, 47.4785], [8.7065, 47.4783], [8.7064, 47.4781], [8.7063, 47.4779], [8.7063, 47.4778], [8.7062, 47.4776], [8.7062, 47.4774], [8.7062, 47.4773]], [[8.7062, 47.4773], [8.7062, 47.4772], [8.7061, 47.477], [8.7061, 47.4769], [8.7061, 47.4767], [8.7061, 47.4765], [8.7061, 47.4764], [8.7061, 47.4763], [8.7061, 47.4761], [8.7061, 47.476], [8.7061, 47.4758], [8.7061, 47.4756], [8.7062, 47.4753], [8.7062, 47.4748]], [[8.7062, 47.4748], [8.7062, 47.4743]], [[8.7062, 47.4743], [8.7064, 47.4726]], [[8.7064, 47.4726], [8.7064, 47.4725]], [[8.7064, 47.4725], [8.7064, 47.4715]], [[8.7064, 47.4715], [8.7065, 47.4708], [8.7066, 47.4699]], [[8.7067, 47.4682], [8.7067, 47.4674]], [[8.7067, 47.4674], [8.7067, 47.4673]], [[8.7067, 47.4673], [8.7069, 47.4652], [8.7069, 47.4649], [8.7069, 47.4648], [8.7069, 47.4647], [8.707, 47.4646], [8.707, 47.4645], [8.707, 47.4644], [8.707, 47.4642], [8.707, 47.4641], [8.7071, 47.4641], [8.7071, 47.464], [8.7071, 47.4639], [8.7072, 47.4638], [8.7072, 47.4637], [8.7072, 47.4636], [8.7073, 47.4635], [8.7073, 47.4634], [8.7074, 47.4633], [8.7074, 47.4632], [8.7075, 47.4629], [8.7077, 47.4626], [8.7077, 47.4625], [8.7078, 47.4623], [8.7078, 47.4622], [8.7079, 47.4621], [8.7079, 47.4619], [8.708, 47.4619], [8.708, 47.4618], [8.708, 47.4617], [8.708, 47.4616], [8.708, 47.4615], [8.7081, 47.4614], [8.7081, 47.4613], [8.7081, 47.4612], [8.7081, 47.4611], [8.7081, 47.461], [8.7081, 47.4609], [8.7081, 47.4607], [8.7081, 47.4606], [8.7081, 47.4605], [8.7081, 47.4604], [8.7081, 47.4602], [8.7081, 47.4601], [8.7081, 47.46], [8.7081, 47.4599], [8.708, 47.4598], [8.708, 47.4597], [8.708, 47.4596], [8.708, 47.4595], [8.7079, 47.4594], [8.7079, 47.4593], [8.7079, 47.4592], [8.7078, 47.4591], [8.7078, 47.4589]], [[8.7078, 47.4589], [8.7077, 47.4588], [8.7072, 47.4572]], [[8.7072, 47.4572], [8.7069, 47.4562], [8.7067, 47.4557], [8.7065, 47.455], [8.7064, 47.4546]], [[8.7064, 47.4546], [8.7062, 47.4539], [8.706, 47.4533], [8.7059, 47.453], [8.7059, 47.4529], [8.7057, 47.4524], [8.7056, 47.4521], [8.7055, 47.4518], [8.7053, 47.4511], [8.7052, 47.4511], [8.7052, 47.451]], [[8.7052, 47.451], [8.705, 47.4505], [8.7049, 47.4501], [8.7045, 47.4488]], [[8.7045, 47.4488], [8.7044, 47.4484], [8.7043, 47.4483], [8.7043, 47.4482], [8.7043, 47.4481], [8.7042, 47.448], [8.7042, 47.4479], [8.7042, 47.4478], [8.7042, 47.4477], [8.7042, 47.4476], [8.7041, 47.4475], [8.7041, 47.4473], [8.7041, 47.4472], [8.7041, 47.4471], [8.7041, 47.4469], [8.7041, 47.4468], [8.7041, 47.4466], [8.7041, 47.4465], [8.7042, 47.4464], [8.7042, 47.4462], [8.7042, 47.446], [8.7043, 47.4458], [8.7043, 47.4457], [8.7049, 47.4436], [8.705, 47.4434], [8.705, 47.4433], [8.705, 47.4432], [8.7051, 47.4431], [8.7051, 47.443], [8.7051, 47.4429], [8.7051, 47.4428], [8.7051, 47.4426], [8.7052, 47.4425], [8.7052, 47.4424]], [[8.7052, 47.4424], [8.7052, 47.4423]], [[8.7052, 47.4423], [8.7052, 47.4422], [8.7052, 47.4421], [8.7052, 47.4419], [8.7052, 47.4417], [8.7051, 47.4415], [8.7051, 47.4414], [8.7051, 47.4412], [8.7051, 47.441], [8.705, 47.4409], [8.705, 47.4408], [8.7049, 47.4406], [8.7049, 47.4404], [8.7048, 47.4403], [8.7047, 47.4401], [8.7046, 47.44], [8.7045, 47.4398], [8.7044, 47.4397], [8.7043, 47.4395], [8.7042, 47.4394], [8.7041, 47.4392], [8.704, 47.4391], [8.7039, 47.439], [8.7037, 47.4388], [8.7036, 47.4387], [8.7035, 47.4386], [8.7033, 47.4385], [8.7031, 47.4383], [8.703, 47.4382], [8.7027, 47.438], [8.7026, 47.4379], [8.7024, 47.4378], [8.7023, 47.4378], [8.7022, 47.4377], [8.702, 47.4376], [8.7019, 47.4376], [8.7017, 47.4375], [8.7014, 47.4373]], [[8.7014, 47.4373], [8.7011, 47.4372]], [[8.7011, 47.4372], [8.7009, 47.4371], [8.7007, 47.4371], [8.7003, 47.4369], [8.7001, 47.4369], [8.6998, 47.4368], [8.6996, 47.4368], [8.6994, 47.4367], [8.6992, 47.4367], [8.699, 47.4366], [8.6987, 47.4366], [8.6984, 47.4365], [8.6971, 47.4364], [8.6968, 47.4363]], [[8.6968, 47.4363], [8.6965, 47.4363], [8.6962, 47.4362], [8.696, 47.4362], [8.6958, 47.4361], [8.6956, 47.4361], [8.6954, 47.4361], [8.6953, 47.436], [8.6951, 47.436], [8.695, 47.4359], [8.6949, 47.4359], [8.6947, 47.4358], [8.6946, 47.4358], [8.6945, 47.4358], [8.6944, 47.4357], [8.6942, 47.4357], [8.6941, 47.4356], [8.6939, 47.4355], [8.6938, 47.4355], [8.6937, 47.4354], [8.6935, 47.4353], [8.6934, 47.4353], [8.6933, 47.4352], [8.6931, 47.4351], [8.693, 47.4351], [8.6929, 47.435], [8.6927, 47.4349], [8.6926, 47.4348], [8.6924, 47.4347], [8.6923, 47.4346], [8.6922, 47.4345], [8.6921, 47.4345], [8.692, 47.4344], [8.6919, 47.4342], [8.6918, 47.4341], [8.6917, 47.434], [8.6915, 47.4339], [8.6914, 47.4337], [8.6913, 47.4336], [8.6912, 47.4334], [8.6911, 47.4333], [8.691, 47.4332], [8.6909, 47.433], [8.6907, 47.4327], [8.6905, 47.4324], [8.6901, 47.4315]], [[8.6901, 47.4315], [8.69, 47.4314]], [[8.69, 47.4314], [8.6894, 47.4302], [8.6889, 47.4293], [8.688, 47.4277]], [[8.688, 47.4277], [8.6876, 47.427], [8.6871, 47.4261], [8.6867, 47.4253], [8.6865, 47.4251], [8.6864, 47.4248], [8.6862, 47.4245], [8.6861, 47.4244], [8.686, 47.4243], [8.6859, 47.4241], [8.6857, 47.424], [8.6856, 47.4239], [8.6856, 47.4238], [8.6855, 47.4237], [8.6854, 47.4236], [8.6853, 47.4235], [8.6852, 47.4234], [8.685, 47.4233], [8.6849, 47.4232], [8.6849, 47.4231], [8.6847, 47.423], [8.6844, 47.4228], [8.6843, 47.4227], [8.6842, 47.4226], [8.6839, 47.4225], [8.6838, 47.4224], [8.6836, 47.4223]], [[8.6836, 47.4223], [8.6835, 47.4222], [8.6834, 47.4221], [8.6832, 47.422], [8.683, 47.4219], [8.6828, 47.4219]], [[8.6828, 47.4219], [8.6827, 47.4218], [8.6825, 47.4217], [8.6823, 47.4216], [8.6821, 47.4216], [8.682, 47.4215], [8.6818, 47.4214], [8.6816, 47.4214], [8.6815, 47.4213], [8.6814, 47.4213], [8.6812, 47.4212], [8.681, 47.4212], [8.6808, 47.4211], [8.6806, 47.4211], [8.6805, 47.421], [8.6804, 47.421], [8.6802, 47.421], [8.68, 47.4209], [8.6798, 47.4209], [8.6797, 47.4209], [8.6794, 47.4208], [8.6792, 47.4208], [8.6789, 47.4207], [8.6787, 47.4207], [8.6785, 47.4207], [8.6782, 47.4207], [8.678, 47.4207], [8.6778, 47.4207], [8.6777, 47.4207], [8.6776, 47.4206], [8.6773, 47.4206], [8.6771, 47.4206], [8.6768, 47.4206], [8.6766, 47.4206], [8.6763, 47.4207], [8.6761, 47.4207], [8.6758, 47.4207], [8.6756, 47.4207], [8.6754, 47.4207], [8.6752, 47.4208], [8.6751, 47.4208]], [[8.6751, 47.4208], [8.675, 47.4208], [8.6739, 47.4209], [8.6689, 47.4217]], [[8.6663, 47.422], [8.6689, 47.4217]], [[8.6663, 47.422], [8.6661, 47.422], [8.6656, 47.4221]], [[8.6656, 47.4221], [8.6599, 47.4229], [8.6594, 47.423], [8.6563, 47.4234], [8.6521, 47.424], [8.6499, 47.4243]], [[8.6499, 47.4243], [8.6466, 47.4248], [8.6428, 47.4253]], [[8.6428, 47.4253], [8.6427, 47.4253]], [[8.6427, 47.4253], [8.6387, 47.4259], [8.6369, 47.4261], [8.6361, 47.4262]], [[8.6361, 47.4262], [8.6358, 47.4263]], [[8.6358, 47.4263], [8.6344, 47.4265], [8.634, 47.4265], [8.6336, 47.4266], [8.6333, 47.4266], [8.6332, 47.4266], [8.633, 47.4267], [8.6328, 47.4267], [8.6327, 47.4267], [8.6324, 47.4267], [8.6321, 47.4267], [8.6318, 47.4267], [8.6315, 47.4267]], [[8.624, 47.425], [8.6242, 47.4251], [8.6245, 47.4253], [8.6246, 47.4253], [8.6248, 47.4254], [8.625, 47.4255], [8.6252, 47.4256], [8.6255, 47.4257], [8.6257, 47.4258], [8.6259, 47.4258], [8.626, 47.4259], [8.6262, 47.426], [8.6264, 47.426], [8.6266, 47.4261], [8.6267, 47.4261], [8.6269, 47.4262], [8.6271, 47.4262], [8.6272, 47.4263], [8.6274, 47.4263], [8.6275, 47.4263], [8.6277, 47.4264], [8.6278, 47.4264], [8.628, 47.4264], [8.6282, 47.4265], [8.6284, 47.4265], [8.6286, 47.4265], [8.6288, 47.4266], [8.6291, 47.4266], [8.6293, 47.4266], [8.6295, 47.4267], [8.6297, 47.4267], [8.63, 47.4267], [8.6303, 47.4267], [8.6305, 47.4267], [8.6308, 47.4267], [8.6311, 47.4267], [8.6313, 47.4267], [8.6315, 47.4267]], [[8.6239, 47.425], [8.624, 47.425]], [[8.623, 47.4245], [8.6232, 47.4246], [8.6235, 47.4247], [8.6237, 47.4248], [8.6239, 47.425]], [[8.623, 47.4245], [8.6228, 47.4243], [8.6226, 47.4242], [8.6224, 47.424], [8.6223, 47.4239], [8.6221, 47.4238], [8.622, 47.4237], [8.6218, 47.4235], [8.6216, 47.4233], [8.6215, 47.4232], [8.6214, 47.4231], [8.6213, 47.423], [8.6212, 47.4229], [8.6211, 47.4228], [8.621, 47.4226], [8.6209, 47.4224], [8.6207, 47.4223], [8.6207, 47.4222], [8.6206, 47.422], [8.6205, 47.4219], [8.6205, 47.4218], [8.6204, 47.4216], [8.6202, 47.4214]], [[8.6202, 47.4214], [8.6201, 47.4211], [8.62, 47.4209], [8.6199, 47.4208], [8.6199, 47.4207], [8.6198, 47.4205], [8.6196, 47.4202], [8.6191, 47.4194], [8.6189, 47.419], [8.6187, 47.4186]], [[8.6187, 47.4186], [8.6183, 47.4179]], [[8.6183, 47.4179], [8.6181, 47.4177], [8.618, 47.4176], [8.6177, 47.4171], [8.6175, 47.4168], [8.6173, 47.4165]], [[8.6173, 47.4164], [8.6173, 47.4165]], [[8.617, 47.416], [8.6173, 47.4164]], [[8.617, 47.416], [8.6169, 47.4158]], [[8.6169, 47.4158], [8.6168, 47.4157]], [[8.6168, 47.4157], [8.6166, 47.4154], [8.6164, 47.4152], [8.6164, 47.4151], [8.6163, 47.415], [8.6162, 47.4149], [8.6161, 47.4148], [8.616, 47.4147], [8.6159, 47.4145], [8.6158, 47.4144], [8.6157, 47.4143], [8.6155, 47.4142], [8.6154, 47.414], [8.6152, 47.4139], [8.615, 47.4137], [8.6148, 47.4136], [8.6147, 47.4135], [8.6146, 47.4134], [8.6145, 47.4133], [8.6144, 47.4132], [8.6142, 47.4131], [8.6141, 47.413]], [[8.6141, 47.413], [8.614, 47.413]], [[8.614, 47.413], [8.6139, 47.4129], [8.6138, 47.4129], [8.6136, 47.4128], [8.6133, 47.4126], [8.6131, 47.4125], [8.6129, 47.4124], [8.6127, 47.4123], [8.6125, 47.4122], [8.6124, 47.4122], [8.6123, 47.4121], [8.6121, 47.4121], [8.6119, 47.412], [8.6118, 47.4119], [8.6116, 47.4119], [8.6115, 47.4118], [8.6113, 47.4118], [8.6112, 47.4117], [8.611, 47.4117], [8.6109, 47.4116], [8.6108, 47.4116], [8.6107, 47.4116], [8.6105, 47.4115], [8.6103, 47.4115], [8.6102, 47.4114], [8.61, 47.4114], [8.6098, 47.4113], [8.6096, 47.4113], [8.6094, 47.4113], [8.6093, 47.4112], [8.6088, 47.4111], [8.6083, 47.411], [8.6063, 47.4106], [8.6061, 47.4106], [8.6059, 47.4106], [8.6057, 47.4105], [8.6054, 47.4105], [8.6052, 47.4104], [8.605, 47.4104], [8.6049, 47.4104], [8.6048, 47.4104], [8.6046, 47.4104], [8.6045, 47.4103], [8.6043, 47.4103], [8.6041, 47.4103], [8.604, 47.4103], [8.6038, 47.4103], [8.6036, 47.4103], [8.6034, 47.4103], [8.6032, 47.4103], [8.603, 47.4103], [8.6029, 47.4103], [8.6027, 47.4103], [8.6025, 47.4103], [8.6023, 47.4103], [8.6021, 47.4103], [8.602, 47.4103], [8.6018, 47.4104], [8.6016, 47.4104], [8.6014, 47.4104], [8.6012, 47.4104], [8.6011, 47.4105], [8.6009, 47.4105], [8.6007, 47.4105], [8.6005, 47.4106]], [[8.6005, 47.4106], [8.6001, 47.4107]], [[8.6001, 47.4107], [8.5995, 47.4108], [8.5975, 47.4112]], [[8.5975, 47.4112], [8.5961, 47.4116]], [[8.5961, 47.4116], [8.596, 47.4116]], [[8.596, 47.4116], [8.595, 47.4118], [8.5921, 47.4125], [8.5914, 47.4126], [8.5903, 47.4129], [8.5898, 47.413], [8.5896, 47.413], [8.5894, 47.413], [8.5892, 47.4131], [8.5889, 47.4131]], [[8.5889, 47.4131], [8.5888, 47.4132], [8.5884, 47.4132], [8.5881, 47.4133]], [[8.5881, 47.4133], [8.5879, 47.4133]], [[8.5879, 47.4133], [8.5877, 47.4133], [8.5875, 47.4133], [8.5874, 47.4133], [8.5872, 47.4133], [8.587, 47.4133], [8.5868, 47.4133], [8.5867, 47.4133], [8.5865, 47.4133], [8.5862, 47.4133], [8.5857, 47.4133], [8.5674, 47.413]], [[8.5674, 47.413], [8.567, 47.413]], [[8.567, 47.413], [8.5526, 47.4128]], [[8.5526, 47.4128], [8.5524, 47.4128]], [[8.5524, 47.4128], [8.5521, 47.4128], [8.5507, 47.4128]], [[8.5507, 47.4128], [8.5504, 47.4128]], [[8.5504, 47.4128], [8.5494, 47.4127]], [[8.5494, 47.4127], [8.5493, 47.4127], [8.5485, 47.4127], [8.5483, 47.4127], [8.5482, 47.4127], [8.548, 47.4127], [8.5479, 47.4127], [8.5478, 47.4127], [8.5477, 47.4127], [8.5476, 47.4127], [8.5475, 47.4126], [8.5474, 47.4126], [8.5473, 47.4126], [8.5472, 47.4126], [8.5471, 47.4126], [8.547, 47.4125], [8.5469, 47.4125]], [[8.5469, 47.4125], [8.5468, 47.4125], [8.5467, 47.4125], [8.5465, 47.4124], [8.5463, 47.4124]], [[8.5463, 47.4124], [8.5459, 47.4122], [8.5453, 47.412], [8.5449, 47.4119], [8.5445, 47.4118], [8.5435, 47.4114], [8.5433, 47.4114], [8.5432, 47.4113], [8.5431, 47.4112], [8.5429, 47.4112], [8.5428, 47.4111], [8.5427, 47.4111], [8.5425, 47.411]], [[8.5425, 47.411], [8.5424, 47.4109], [8.5423, 47.4109], [8.5422, 47.4108], [8.5421, 47.4107], [8.542, 47.4107], [8.5419, 47.4106], [8.5418, 47.4105], [8.5416, 47.4105], [8.5415, 47.4104], [8.5414, 47.4103], [8.5413, 47.4103], [8.5412, 47.4102], [8.5411, 47.4101], [8.5409, 47.4101], [8.5408, 47.41], [8.5406, 47.4099], [8.5403, 47.4098], [8.5401, 47.4097], [8.5399, 47.4096], [8.5398, 47.4095], [8.5397, 47.4094], [8.5395, 47.4094], [8.5394, 47.4093], [8.5393, 47.4092], [8.5392, 47.4091], [8.5389, 47.409], [8.5388, 47.4088], [8.5386, 47.4087], [8.5385, 47.4086], [8.5383, 47.4084]], [[8.5383, 47.4084], [8.5382, 47.4083], [8.5381, 47.4082], [8.538, 47.4081], [8.538, 47.408], [8.5379, 47.4079]], [[8.5379, 47.4079], [8.5377, 47.4077], [8.5376, 47.4074], [8.5372, 47.4067]], [[8.5372, 47.4067], [8.5371, 47.4066], [8.5369, 47.4061], [8.5365, 47.4053], [8.5365, 47.4052], [8.5363, 47.4049], [8.5362, 47.4047], [8.536, 47.4045]], [[8.5325, 47.3796], [8.5322, 47.3797]], [[8.5322, 47.3797], [8.5311, 47.38], [8.5307, 47.3801]], [[8.5307, 47.3801], [8.5306, 47.3802]], [[8.5306, 47.3802], [8.5297, 47.3804]], [[8.5297, 47.3804], [8.5294, 47.3805], [8.5292, 47.3806], [8.5289, 47.3807], [8.5285, 47.3808]], [[8.5285, 47.3808], [8.5284, 47.3808]], [[8.5284, 47.3808], [8.5282, 47.3809], [8.5281, 47.3809], [8.5279, 47.3809], [8.5277, 47.381], [8.5276, 47.381], [8.5275, 47.381], [8.5273, 47.381], [8.5272, 47.3811], [8.5271, 47.3811], [8.527, 47.3811], [8.5268, 47.3811], [8.5267, 47.3811], [8.5266, 47.3811], [8.5264, 47.3811], [8.5263, 47.3811], [8.5262, 47.3811], [8.5261, 47.3811], [8.5259, 47.3811], [8.5252, 47.381]], [[8.5252, 47.381], [8.5248, 47.381], [8.5243, 47.381], [8.524, 47.381], [8.5239, 47.381], [8.5237, 47.3809], [8.5235, 47.3809], [8.5233, 47.3809], [8.5232, 47.3809], [8.5231, 47.3808], [8.5229, 47.3808], [8.5228, 47.3808], [8.5226, 47.3807], [8.5225, 47.3807], [8.5224, 47.3806], [8.5223, 47.3806], [8.5222, 47.3805], [8.5221, 47.3805], [8.522, 47.3805], [8.522, 47.3804], [8.5219, 47.3804]], [[8.5219, 47.3804], [8.5217, 47.3803], [8.5216, 47.3802], [8.5213, 47.38], [8.5211, 47.3798], [8.5209, 47.3796], [8.5202, 47.3789], [8.5196, 47.3783], [8.5195, 47.3781], [8.5193, 47.3779], [8.5192, 47.3778], [8.5191, 47.3777], [8.5191, 47.3776], [8.519, 47.3775], [8.519, 47.3774]], [[8.519, 47.3774], [8.5189, 47.3773], [8.5188, 47.3771], [8.5188, 47.377], [8.5188, 47.3768], [8.5187, 47.3767], [8.5187, 47.3766], [8.5187, 47.3764], [8.5187, 47.3763], [8.5187, 47.3762]], [[8.5187, 47.3762], [8.5187, 47.3761], [8.5188, 47.3759], [8.5188, 47.3757], [8.5189, 47.3755], [8.519, 47.3752], [8.5191, 47.3751], [8.5192, 47.3749], [8.5193, 47.3747], [8.5194, 47.3746], [8.5195, 47.3745], [8.5196, 47.3743], [8.5198, 47.3742]], [[8.5198, 47.3742], [8.5199, 47.3741], [8.52, 47.374], [8.5201, 47.3739], [8.5203, 47.3737]], [[8.5203, 47.3737], [8.521, 47.3733], [8.5222, 47.3724], [8.5227, 47.372], [8.5233, 47.3717], [8.5234, 47.3716], [8.5235, 47.3715]], [[8.5301, 47.3654], [8.5302, 47.3651], [8.5303, 47.3649], [8.5304, 47.3647], [8.5306, 47.3644], [8.5307, 47.364], [8.5309, 47.3637], [8.5309, 47.3635], [8.531, 47.3632], [8.5311, 47.363], [8.5311, 47.3629], [8.5311, 47.3627]], [[8.5329, 47.3547], [8.533, 47.3546], [8.5331, 47.3545], [8.5331, 47.3543], [8.5332, 47.3542], [8.5332, 47.3541], [8.5332, 47.354], [8.5333, 47.3539], [8.5333, 47.3538], [8.5333, 47.3537], [8.5333, 47.3536], [8.5334, 47.3535], [8.5334, 47.3533], [8.5334, 47.3532], [8.5334, 47.3531], [8.5334, 47.353], [8.5334, 47.3529], [8.5334, 47.3526], [8.5333, 47.3524]], [[8.5333, 47.3524], [8.5333, 47.3523]], [[8.5333, 47.3523], [8.5333, 47.352], [8.5333, 47.3517], [8.5332, 47.3516], [8.5332, 47.3515], [8.5332, 47.3514], [8.5332, 47.3513], [8.5332, 47.3512], [8.5332, 47.3511], [8.5332, 47.351], [8.5333, 47.3509], [8.5333, 47.3508], [8.5333, 47.3506], [8.5333, 47.3505], [8.5334, 47.35]], [[8.5334, 47.35], [8.5335, 47.3497], [8.5337, 47.349], [8.5338, 47.3484], [8.5339, 47.3479], [8.534, 47.3474], [8.534, 47.347], [8.5341, 47.3468], [8.5342, 47.3457]], [[8.5342, 47.3457], [8.5343, 47.3452], [8.5343, 47.3451], [8.5343, 47.3449], [8.5344, 47.3448], [8.5344, 47.3447], [8.5344, 47.3446], [8.5344, 47.3445], [8.5345, 47.3444], [8.5345, 47.3443], [8.5345, 47.3442], [8.5346, 47.3441], [8.5346, 47.344]], [[8.5346, 47.344], [8.5347, 47.3439]], [[8.5347, 47.3439], [8.5347, 47.3438], [8.5348, 47.3436]], [[8.5348, 47.3436], [8.5349, 47.3435], [8.535, 47.3434], [8.5351, 47.3433], [8.5351, 47.3432], [8.5352, 47.3431], [8.5353, 47.343], [8.5356, 47.3426], [8.5357, 47.3425], [8.5358, 47.3423], [8.5365, 47.3414], [8.5366, 47.3412], [8.5368, 47.3411], [8.5369, 47.3409], [8.5369, 47.3408], [8.537, 47.3408], [8.537, 47.3407], [8.5371, 47.3406], [8.5371, 47.3405], [8.5372, 47.3403], [8.5373, 47.3401], [8.538, 47.339], [8.5381, 47.3388]], [[8.5381, 47.3388], [8.5381, 47.3387]], [[8.5381, 47.3387], [8.5382, 47.3385], [8.5382, 47.3384], [8.5383, 47.3383], [8.5383, 47.3382], [8.5384, 47.338], [8.5384, 47.3379], [8.5384, 47.3377], [8.5385, 47.3375], [8.5385, 47.3374], [8.5385, 47.3373], [8.5386, 47.3372], [8.5386, 47.3371], [8.5387, 47.3369], [8.5387, 47.3368], [8.5388, 47.3368], [8.5388, 47.3367], [8.5388, 47.3366], [8.5389, 47.3365], [8.539, 47.3364], [8.539, 47.3363], [8.5391, 47.3362], [8.5392, 47.3361], [8.5393, 47.336], [8.5394, 47.3359], [8.5395, 47.3358], [8.5396, 47.3358], [8.5396, 47.3357], [8.5397, 47.3356], [8.5398, 47.3356], [8.5398, 47.3355], [8.5399, 47.3355], [8.54, 47.3354], [8.5401, 47.3353], [8.5402, 47.3353], [8.5403, 47.3352], [8.5405, 47.3351], [8.5409, 47.3349], [8.5411, 47.3348], [8.5414, 47.3346], [8.5415, 47.3346], [8.5416, 47.3345], [8.5417, 47.3344], [8.5418, 47.3343], [8.542, 47.3343], [8.5421, 47.3342]], [[8.5421, 47.3342], [8.5422, 47.3341]], [[8.546, 47.3292], [8.5446, 47.3315], [8.5445, 47.3317], [8.5444, 47.3318], [8.5443, 47.3319], [8.5443, 47.332], [8.5442, 47.3321], [8.5442, 47.3322], [8.5441, 47.3323], [8.544, 47.3324], [8.5439, 47.3325], [8.5439, 47.3326], [8.5438, 47.3326], [8.5437, 47.3328], [8.5436, 47.3329], [8.5434, 47.3331], [8.5433, 47.3331], [8.5433, 47.3332], [8.5432, 47.3333], [8.5431, 47.3334], [8.543, 47.3335], [8.5428, 47.3336], [8.5427, 47.3337], [8.5426, 47.3338], [8.5425, 47.3339], [8.5424, 47.334], [8.5423, 47.334], [8.5422, 47.3341]], [[8.5461, 47.329], [8.546, 47.3291], [8.546, 47.3292]], [[8.5461, 47.329], [8.5464, 47.3284], [8.5465, 47.3282], [8.5466, 47.3281], [8.5466, 47.328], [8.5467, 47.3279], [8.5467, 47.3278], [8.5468, 47.3277], [8.5468, 47.3276], [8.5469, 47.3275], [8.5469, 47.3273], [8.547, 47.3272], [8.5471, 47.327], [8.5471, 47.3268], [8.5473, 47.3264], [8.5474, 47.326]], [[8.5475, 47.3257], [8.5474, 47.326]], [[8.5475, 47.3257], [8.5479, 47.3244], [8.5484, 47.323], [8.5485, 47.3227]], [[8.5485, 47.3227], [8.5485, 47.3226], [8.5485, 47.3225], [8.5486, 47.3224]], [[8.5497, 47.3193], [8.5497, 47.3194], [8.5496, 47.3195], [8.5496, 47.3196], [8.5495, 47.3199], [8.549, 47.3213], [8.5486, 47.3224]], [[8.5498, 47.3192], [8.5497, 47.3193]], [[8.5528, 47.3127], [8.5521, 47.3151], [8.5519, 47.3157], [8.5519, 47.3158], [8.5518, 47.3159], [8.5518, 47.316], [8.5518, 47.3161], [8.5517, 47.3162], [8.5517, 47.3163], [8.5516, 47.3164], [8.5516, 47.3165], [8.5515, 47.3166], [8.5515, 47.3167], [8.5514, 47.3168], [8.5514, 47.3169], [8.5513, 47.317], [8.5512, 47.3171], [8.5509, 47.3175], [8.5504, 47.3182], [8.5502, 47.3185], [8.5501, 47.3187], [8.55, 47.3188], [8.5499, 47.3189], [8.5499, 47.319], [8.5498, 47.3191], [8.5498, 47.3192]], [[8.5529, 47.3125], [8.5528, 47.3127]], [[8.5545, 47.3083], [8.5544, 47.3085], [8.5543, 47.3087], [8.5541, 47.3092], [8.5537, 47.31], [8.5535, 47.3105], [8.5535, 47.3106], [8.5534, 47.3107], [8.5534, 47.3108], [8.5533, 47.3109], [8.5533, 47.3111], [8.5532, 47.3113], [8.5531, 47.3116], [8.5529, 47.3125]], [[8.5558, 47.3055], [8.5557, 47.3057], [8.5552, 47.3069], [8.5551, 47.3071], [8.5548, 47.3077], [8.5545, 47.3083]], [[8.5561, 47.305], [8.556, 47.3051], [8.556, 47.3052], [8.5559, 47.3053], [8.5558, 47.3054], [8.5558, 47.3055]], [[8.5575, 47.3032], [8.5567, 47.3041], [8.5566, 47.3043], [8.5565, 47.3043], [8.5564, 47.3045], [8.5563, 47.3046], [8.5563, 47.3047], [8.5562, 47.3048], [8.5561, 47.305]], [[8.5587, 47.3017], [8.5575, 47.3032]], [[8.5587, 47.3017], [8.559, 47.3013], [8.5591, 47.3012], [8.5595, 47.3007], [8.5597, 47.3004], [8.5598, 47.3003], [8.5599, 47.3002], [8.56, 47.3001], [8.5601, 47.3], [8.5603, 47.2998], [8.5604, 47.2997], [8.5605, 47.2996], [8.5606, 47.2995], [8.5609, 47.2993]], [[8.5609, 47.2993], [8.5609, 47.2992]], [[8.5609, 47.2992], [8.5611, 47.2991]], [[8.5611, 47.2991], [8.5613, 47.2989], [8.5614, 47.2988]], [[8.5614, 47.2988], [8.5615, 47.2987], [8.5618, 47.2984]], [[8.5618, 47.2984], [8.562, 47.2983], [8.5626, 47.2977]], [[8.5626, 47.2977], [8.5631, 47.2973], [8.5631, 47.2972], [8.5632, 47.2972], [8.5646, 47.296], [8.5657, 47.2949], [8.5659, 47.2948], [8.5661, 47.2946], [8.5663, 47.2945], [8.5665, 47.2943]], [[8.5665, 47.2943], [8.5667, 47.2942], [8.5669, 47.294]], [[8.5669, 47.294], [8.567, 47.294], [8.5671, 47.2939]], [[8.5671, 47.2939], [8.5672, 47.2938], [8.5673, 47.2938], [8.5674, 47.2937], [8.5675, 47.2937]], [[8.5675, 47.2937], [8.5677, 47.2936], [8.5678, 47.2936], [8.5679, 47.2935], [8.5683, 47.2933]], [[8.5683, 47.2933], [8.5685, 47.2933], [8.5688, 47.2932], [8.5689, 47.2931], [8.5693, 47.2929], [8.5694, 47.2929], [8.5695, 47.2928], [8.5696, 47.2928], [8.5697, 47.2927], [8.5698, 47.2926], [8.5699, 47.2926], [8.57, 47.2925], [8.5701, 47.2925], [8.5702, 47.2924], [8.5703, 47.2924], [8.5704, 47.2923], [8.5705, 47.2922], [8.5705, 47.2921], [8.5706, 47.2921], [8.5707, 47.292], [8.5708, 47.2919], [8.5709, 47.2918], [8.571, 47.2917], [8.5711, 47.2916], [8.5711, 47.2915], [8.5712, 47.2915], [8.5712, 47.2914], [8.5713, 47.2913], [8.5714, 47.2912], [8.5715, 47.291], [8.5717, 47.2908]], [[8.5717, 47.2908], [8.572, 47.2903], [8.5722, 47.29], [8.5725, 47.2896], [8.5727, 47.2893]], [[8.5727, 47.2893], [8.5737, 47.2878], [8.5738, 47.2876], [8.5747, 47.2862], [8.575, 47.2858], [8.5751, 47.2856], [8.5753, 47.2853], [8.5754, 47.2852], [8.5756, 47.285], [8.5758, 47.2847], [8.576, 47.2844]], [[8.576, 47.2844], [8.5761, 47.2843]], [[8.5761, 47.2843], [8.5765, 47.2838], [8.5767, 47.2834], [8.5768, 47.2833], [8.5769, 47.2831], [8.577, 47.2829], [8.5771, 47.2827], [8.5771, 47.2824], [8.5772, 47.2821], [8.5773, 47.2819], [8.5774, 47.2816], [8.5774, 47.2815], [8.5775, 47.2813]], [[8.5775, 47.2813], [8.5776, 47.2811]], [[8.5776, 47.2811], [8.5777, 47.281], [8.5778, 47.2808], [8.578, 47.2806], [8.5787, 47.2795], [8.5795, 47.2784]], [[8.5795, 47.2784], [8.5796, 47.2782], [8.5798, 47.278], [8.5799, 47.2778], [8.5801, 47.2775], [8.5803, 47.2772], [8.5805, 47.2769], [8.5807, 47.2765], [8.5813, 47.2754], [8.582, 47.2742]], [[8.582, 47.2742], [8.5822, 47.2739]], [[8.5822, 47.2739], [8.5823, 47.2738], [8.5825, 47.2734], [8.5827, 47.273], [8.583, 47.2726], [8.5831, 47.2724], [8.5833, 47.2722], [8.5835, 47.2719], [8.5837, 47.2717], [8.5839, 47.2714], [8.5842, 47.2712], [8.5846, 47.2708], [8.5851, 47.2703], [8.5856, 47.2699], [8.5861, 47.2693]], [[8.5861, 47.2693], [8.5862, 47.2693]], [[8.5862, 47.2693], [8.5864, 47.269], [8.5866, 47.2687], [8.5868, 47.2686], [8.5876, 47.2676]], [[8.5876, 47.2676], [8.5877, 47.2674]], [[8.5877, 47.2674], [8.5878, 47.2672], [8.5879, 47.2671], [8.588, 47.267], [8.5888, 47.266], [8.5892, 47.2655]], [[8.5892, 47.2655], [8.5894, 47.2652], [8.5895, 47.265], [8.5896, 47.2649]], [[8.5896, 47.2649], [8.5898, 47.2648], [8.5899, 47.2646], [8.5901, 47.2645], [8.5902, 47.2644], [8.5903, 47.2643], [8.5904, 47.2642], [8.5905, 47.2641], [8.5906, 47.264], [8.5908, 47.2639], [8.5909, 47.2638], [8.591, 47.2637], [8.5911, 47.2637], [8.5912, 47.2636], [8.5913, 47.2635], [8.5914, 47.2635], [8.5915, 47.2634], [8.5916, 47.2633], [8.5917, 47.2632], [8.5919, 47.2632], [8.592, 47.2631], [8.5921, 47.263], [8.5922, 47.263], [8.5923, 47.2629], [8.5925, 47.2629], [8.5926, 47.2628], [8.5927, 47.2628], [8.5928, 47.2627], [8.593, 47.2626], [8.5931, 47.2626], [8.5932, 47.2625], [8.5933, 47.2625], [8.5934, 47.2625], [8.5935, 47.2624], [8.5937, 47.2624], [8.5938, 47.2623], [8.5939, 47.2623], [8.594, 47.2623], [8.5942, 47.2622], [8.5943, 47.2622], [8.5945, 47.2621], [8.5947, 47.2621], [8.5948, 47.2621], [8.5949, 47.262], [8.595, 47.262], [8.5951, 47.262], [8.5952, 47.262], [8.5953, 47.262], [8.5954, 47.2619], [8.5956, 47.2619], [8.5957, 47.2619], [8.5958, 47.2619], [8.596, 47.2619], [8.5965, 47.2618], [8.5967, 47.2617], [8.5969, 47.2617], [8.597, 47.2617], [8.5971, 47.2617], [8.5972, 47.2617], [8.5974, 47.2617], [8.5975, 47.2616], [8.5976, 47.2616], [8.5977, 47.2616], [8.5978, 47.2616], [8.5979, 47.2615], [8.598, 47.2615], [8.5981, 47.2615], [8.5982, 47.2615], [8.5984, 47.2614], [8.5985, 47.2614], [8.5986, 47.2614], [8.5987, 47.2613], [8.5988, 47.2613], [8.599, 47.2612], [8.5992, 47.2611], [8.5994, 47.2611], [8.5996, 47.261], [8.5997, 47.2609], [8.5999, 47.2609], [8.6, 47.2608], [8.6001, 47.2608], [8.6002, 47.2607], [8.6003, 47.2607], [8.6004, 47.2606], [8.6006, 47.2606], [8.6007, 47.2605], [8.6009, 47.2604], [8.601, 47.2603], [8.6012, 47.2602], [8.6014, 47.2601], [8.6016, 47.26], [8.6018, 47.2599], [8.6019, 47.2599], [8.602, 47.2599], [8.6022, 47.2597], [8.6025, 47.2596]], [[8.6025, 47.2596], [8.6026, 47.2596], [8.6028, 47.2595], [8.6029, 47.2595], [8.603, 47.2594], [8.6032, 47.2594], [8.6034, 47.2593], [8.6047, 47.2589], [8.6048, 47.2589], [8.6053, 47.2587], [8.6056, 47.2586], [8.6059, 47.2585], [8.6064, 47.2583], [8.6067, 47.2582], [8.6069, 47.258], [8.6073, 47.2579], [8.6079, 47.2575], [8.6087, 47.2572], [8.6092, 47.2569], [8.6099, 47.2566], [8.6104, 47.2564], [8.6106, 47.2563], [8.6109, 47.2562], [8.6112, 47.2561], [8.6116, 47.256], [8.6119, 47.2559], [8.6121, 47.2559], [8.6123, 47.2558], [8.6128, 47.2558], [8.6136, 47.2557], [8.6141, 47.2556], [8.6144, 47.2556], [8.6148, 47.2555], [8.6152, 47.2555]], [[8.6152, 47.2555], [8.6155, 47.2554], [8.6157, 47.2553], [8.616, 47.2553], [8.6162, 47.2552], [8.6165, 47.2551], [8.6168, 47.255], [8.617, 47.2549], [8.6172, 47.2548], [8.6173, 47.2548]], [[8.6173, 47.2548], [8.6174, 47.2548]], [[8.6174, 47.2548], [8.6175, 47.2547], [8.6181, 47.2544], [8.6187, 47.2541], [8.6191, 47.2539], [8.6192, 47.2539], [8.6196, 47.2537], [8.6205, 47.2533], [8.621, 47.253], [8.6215, 47.2528], [8.6219, 47.2527], [8.6221, 47.2526], [8.6224, 47.2525], [8.6227, 47.2524], [8.623, 47.2523], [8.6234, 47.2522], [8.6248, 47.2519], [8.6257, 47.2517], [8.6262, 47.2516], [8.6271, 47.2514], [8.6275, 47.2514], [8.6279, 47.2513], [8.6283, 47.2512], [8.6286, 47.2511], [8.6289, 47.251], [8.6292, 47.2509], [8.6295, 47.2508], [8.6297, 47.2508], [8.6302, 47.2506], [8.6322, 47.2499], [8.6338, 47.2493], [8.6347, 47.249]], [[8.6347, 47.249], [8.6356, 47.2487], [8.6367, 47.2484], [8.6371, 47.2482], [8.6381, 47.2479], [8.6386, 47.2477], [8.639, 47.2476], [8.6392, 47.2476], [8.6395, 47.2475], [8.6397, 47.2475], [8.6399, 47.2474], [8.6404, 47.2474], [8.6407, 47.2473]], [[8.6407, 47.2473], [8.644, 47.247], [8.6453, 47.2469], [8.6456, 47.2469], [8.646, 47.2468], [8.6468, 47.2467], [8.6471, 47.2467], [8.6474, 47.2467], [8.6478, 47.2466], [8.648, 47.2466]], [[8.648, 47.2466], [8.6483, 47.2466], [8.6487, 47.2465], [8.649, 47.2464], [8.6495, 47.2463], [8.6499, 47.2462], [8.6503, 47.246], [8.6508, 47.2458], [8.655, 47.2441], [8.6553, 47.244], [8.6557, 47.2439], [8.6559, 47.2438], [8.6562, 47.2436], [8.6564, 47.2435], [8.6567, 47.2434], [8.6569, 47.2432], [8.6571, 47.2431], [8.6573, 47.243], [8.6574, 47.2428], [8.6576, 47.2427], [8.6577, 47.2426], [8.6579, 47.2424], [8.6581, 47.2423], [8.6582, 47.2421], [8.6584, 47.242], [8.6585, 47.2418], [8.6586, 47.2416], [8.6588, 47.2414], [8.659, 47.2411], [8.6592, 47.2407], [8.6594, 47.2403], [8.6595, 47.2399], [8.6597, 47.2395], [8.6599, 47.2391], [8.6601, 47.2387], [8.6603, 47.2386], [8.6604, 47.2384], [8.6606, 47.2382], [8.6608, 47.238], [8.6609, 47.2378], [8.6612, 47.2376], [8.6614, 47.2375], [8.6616, 47.2373], [8.6619, 47.2371], [8.6621, 47.237], [8.6624, 47.2369], [8.6627, 47.2367], [8.6635, 47.2363], [8.6637, 47.2362], [8.664, 47.236], [8.6647, 47.2356], [8.6679, 47.2337], [8.6683, 47.2334], [8.6685, 47.2333], [8.6687, 47.2332], [8.6689, 47.2331], [8.6691, 47.233], [8.6694, 47.2329], [8.6696, 47.2328], [8.6699, 47.2327], [8.6706, 47.2326], [8.6709, 47.2325]], [[8.6709, 47.2325], [8.6713, 47.2324], [8.6714, 47.2323], [8.6715, 47.2323], [8.6716, 47.2322], [8.6717, 47.2322]], [[8.6717, 47.2322], [8.6719, 47.2321], [8.6721, 47.232], [8.6722, 47.232], [8.6723, 47.2319], [8.6725, 47.2318], [8.6727, 47.2317]], [[8.6727, 47.2317], [8.673, 47.2315], [8.6733, 47.2314], [8.6734, 47.2313], [8.6735, 47.2313], [8.6737, 47.2312], [8.6738, 47.2311], [8.6739, 47.2311], [8.674, 47.231], [8.6741, 47.2309]], [[8.6741, 47.2309], [8.6742, 47.2309], [8.6743, 47.2308], [8.6744, 47.2307], [8.6745, 47.2306], [8.6746, 47.2305], [8.6747, 47.2304], [8.6748, 47.2304], [8.6748, 47.2303], [8.6749, 47.2302], [8.675, 47.2301], [8.6751, 47.23], [8.6752, 47.2299], [8.6753, 47.2297], [8.6754, 47.2295], [8.6758, 47.2288], [8.676, 47.2285], [8.6761, 47.2283], [8.6762, 47.2282], [8.6762, 47.2281], [8.6763, 47.228], [8.6764, 47.2279], [8.6765, 47.2278], [8.6766, 47.2277], [8.6766, 47.2276], [8.6767, 47.2275], [8.6768, 47.2274], [8.6769, 47.2274], [8.677, 47.2273], [8.6771, 47.2272], [8.6772, 47.2271], [8.6773, 47.2271], [8.6778, 47.2267]], [[8.6778, 47.2267], [8.6781, 47.2264], [8.6782, 47.2263], [8.6783, 47.2263], [8.6784, 47.2262], [8.6785, 47.2261], [8.6787, 47.226], [8.6788, 47.2259], [8.679, 47.2258]], [[8.679, 47.2258], [8.681, 47.2247], [8.6814, 47.2246]], [[8.6814, 47.2246], [8.6815, 47.2245], [8.6816, 47.2244], [8.6818, 47.2244], [8.682, 47.2243], [8.6821, 47.2242], [8.6823, 47.2241], [8.6825, 47.2241], [8.6828, 47.224], [8.6835, 47.2237], [8.6842, 47.2234], [8.6845, 47.2233], [8.6846, 47.2232], [8.6847, 47.2232], [8.6849, 47.2231], [8.6851, 47.223], [8.6853, 47.2228], [8.6856, 47.2227], [8.6861, 47.2223], [8.6866, 47.222], [8.6868, 47.2219], [8.687, 47.2217], [8.6873, 47.2216], [8.6875, 47.2215], [8.6878, 47.2213], [8.688, 47.2212], [8.6885, 47.221], [8.689, 47.2208], [8.69, 47.2203], [8.6907, 47.22], [8.6914, 47.2197], [8.6919, 47.2195], [8.6924, 47.2193], [8.6927, 47.2191], [8.6929, 47.219], [8.6932, 47.219], [8.6933, 47.2189], [8.6935, 47.2189], [8.6937, 47.2188], [8.6939, 47.2188], [8.694, 47.2187], [8.6941, 47.2187], [8.6943, 47.2187], [8.6944, 47.2187], [8.6945, 47.2186], [8.6948, 47.2186], [8.6954, 47.2185], [8.6956, 47.2185], [8.6959, 47.2185], [8.696, 47.2184], [8.6962, 47.2184], [8.6963, 47.2184], [8.6965, 47.2184], [8.6966, 47.2183], [8.6967, 47.2183], [8.6968, 47.2183], [8.697, 47.2182], [8.6971, 47.2182], [8.6973, 47.2181], [8.6974, 47.2181], [8.6976, 47.218], [8.6978, 47.2179], [8.6979, 47.2178], [8.698, 47.2178], [8.6981, 47.2177], [8.6982, 47.2177], [8.6984, 47.2175], [8.6987, 47.2174], [8.6989, 47.2173], [8.6991, 47.2171], [8.6994, 47.2169], [8.6997, 47.2167], [8.7, 47.2165], [8.7001, 47.2164], [8.7003, 47.2162], [8.7005, 47.2161], [8.7006, 47.2159], [8.7007, 47.2158], [8.7008, 47.2157], [8.7009, 47.2156], [8.701, 47.2155], [8.701, 47.2154], [8.7011, 47.2153], [8.7012, 47.2151], [8.7013, 47.2149], [8.7014, 47.2148], [8.7014, 47.2147], [8.7015, 47.2145], [8.7016, 47.2144], [8.7017, 47.2143], [8.7017, 47.2142], [8.7018, 47.2142], [8.7018, 47.2141], [8.7019, 47.214], [8.702, 47.2139], [8.7024, 47.2135], [8.7026, 47.2132], [8.7029, 47.2129], [8.7038, 47.2119], [8.7047, 47.2109], [8.705, 47.2105]], [[8.705, 47.2105], [8.7052, 47.2104], [8.7054, 47.2102], [8.7056, 47.21], [8.7058, 47.2098], [8.7061, 47.2096], [8.7074, 47.2086], [8.7084, 47.2079]], [[8.7084, 47.2079], [8.7096, 47.2069], [8.71, 47.2066], [8.7102, 47.2064], [8.7103, 47.2063], [8.7104, 47.2062], [8.7106, 47.2061], [8.7106, 47.206], [8.7107, 47.2059], [8.7108, 47.2058], [8.7109, 47.2056], [8.711, 47.2054], [8.7112, 47.2051], [8.7114, 47.2047], [8.7115, 47.2045], [8.7116, 47.2044], [8.7117, 47.2042], [8.7118, 47.2042], [8.7118, 47.2041], [8.7119, 47.204], [8.712, 47.2039], [8.7121, 47.2038], [8.7121, 47.2037], [8.7122, 47.2036], [8.7123, 47.2035], [8.7124, 47.2034], [8.7126, 47.2033], [8.7129, 47.203], [8.7132, 47.2028], [8.7134, 47.2026], [8.7135, 47.2025], [8.7137, 47.2024], [8.7138, 47.2023], [8.7139, 47.2022], [8.7141, 47.2021], [8.7142, 47.202], [8.7143, 47.2019], [8.7145, 47.2019], [8.7146, 47.2018], [8.7147, 47.2018], [8.7148, 47.2017], [8.7149, 47.2016], [8.715, 47.2016], [8.7151, 47.2016], [8.7152, 47.2015], [8.7153, 47.2015], [8.7155, 47.2014], [8.7156, 47.2014], [8.7158, 47.2013], [8.7159, 47.2013], [8.7161, 47.2012], [8.7162, 47.2012], [8.7163, 47.2012], [8.7164, 47.2012], [8.7166, 47.2011], [8.7168, 47.2011], [8.717, 47.201], [8.7172, 47.201], [8.7178, 47.2009], [8.7188, 47.2007]], [[8.7188, 47.2007], [8.7189, 47.2007]], [[8.7189, 47.2007], [8.7199, 47.2006], [8.7202, 47.2005], [8.7204, 47.2005], [8.7206, 47.2004], [8.7208, 47.2004], [8.721, 47.2004], [8.7212, 47.2004], [8.7214, 47.2003], [8.7215, 47.2003], [8.7218, 47.2003], [8.7219, 47.2003], [8.7222, 47.2003], [8.7224, 47.2003], [8.7226, 47.2003], [8.7229, 47.2003]], [[8.7229, 47.2003], [8.723, 47.2003], [8.7232, 47.2003]], [[8.7232, 47.2003], [8.7234, 47.2003], [8.7236, 47.2003], [8.7238, 47.2003], [8.724, 47.2004], [8.7242, 47.2004], [8.7243, 47.2004], [8.7244, 47.2004], [8.7246, 47.2004], [8.7247, 47.2004], [8.7249, 47.2005], [8.7251, 47.2005], [8.7253, 47.2005], [8.7256, 47.2006], [8.7259, 47.2007], [8.7263, 47.2007], [8.7271, 47.2009], [8.7273, 47.2009], [8.7277, 47.201], [8.7281, 47.2011], [8.7289, 47.2012], [8.729, 47.2013], [8.7292, 47.2013], [8.7294, 47.2014], [8.7296, 47.2014]], [[8.7296, 47.2014], [8.7298, 47.2015], [8.73, 47.2015], [8.7301, 47.2016]], [[8.7301, 47.2016], [8.7303, 47.2016]], [[8.7303, 47.2016], [8.7305, 47.2017], [8.7337, 47.2028], [8.7342, 47.203], [8.7345, 47.2031], [8.7348, 47.2032], [8.7352, 47.2034], [8.7356, 47.2034], [8.736, 47.2036], [8.7363, 47.2036], [8.7367, 47.2037], [8.737, 47.2037], [8.7373, 47.2038], [8.738, 47.2039], [8.7382, 47.2039], [8.7385, 47.204], [8.7386, 47.204], [8.7388, 47.204], [8.7389, 47.204], [8.7391, 47.2041], [8.7393, 47.2041], [8.7394, 47.2041], [8.7396, 47.2042], [8.7398, 47.2042], [8.7399, 47.2043], [8.7401, 47.2043], [8.7402, 47.2044], [8.7404, 47.2045], [8.7406, 47.2045], [8.7409, 47.2047], [8.7413, 47.2048]], [[8.7413, 47.2048], [8.7416, 47.205]], [[8.7416, 47.205], [8.7422, 47.2052], [8.7425, 47.2053], [8.7428, 47.2054], [8.743, 47.2055], [8.7431, 47.2055], [8.7433, 47.2056], [8.7435, 47.2056], [8.7437, 47.2057], [8.7439, 47.2057], [8.7441, 47.2058], [8.7442, 47.2058], [8.7444, 47.2059], [8.7446, 47.2059], [8.7449, 47.2059], [8.7451, 47.206], [8.7454, 47.206], [8.7456, 47.2061], [8.7529, 47.2071], [8.7532, 47.2072], [8.7538, 47.2073]], [[8.7538, 47.2073], [8.754, 47.2073], [8.7542, 47.2073], [8.7544, 47.2073], [8.7545, 47.2073], [8.7546, 47.2073], [8.7548, 47.2074], [8.7549, 47.2074], [8.7551, 47.2074], [8.7552, 47.2074], [8.7553, 47.2074], [8.7554, 47.2074], [8.7555, 47.2074], [8.7557, 47.2074], [8.7559, 47.2074], [8.756, 47.2074], [8.7562, 47.2073], [8.7563, 47.2073], [8.7565, 47.2073], [8.7566, 47.2073], [8.7568, 47.2073], [8.7569, 47.2073], [8.757, 47.2073], [8.7572, 47.2072], [8.7573, 47.2072], [8.7575, 47.2072], [8.7576, 47.2072], [8.7577, 47.2071], [8.7579, 47.2071]], [[8.7579, 47.2071], [8.7581, 47.2071], [8.7583, 47.207], [8.7595, 47.2067], [8.7611, 47.2064], [8.7657, 47.2053]], [[8.7657, 47.2053], [8.7658, 47.2053]], [[8.7658, 47.2053], [8.7659, 47.2052], [8.7678, 47.2048], [8.77, 47.2043]], [[8.77, 47.2043], [8.7705, 47.2042], [8.7709, 47.2041], [8.7714, 47.204], [8.7716, 47.2039], [8.772, 47.2038], [8.7726, 47.2038], [8.7729, 47.2037], [8.7736, 47.2036]], [[8.7736, 47.2036], [8.7737, 47.2036]], [[8.7737, 47.2036], [8.7742, 47.2036], [8.7744, 47.2035]], [[8.7744, 47.2035], [8.7747, 47.2035], [8.7749, 47.2035], [8.7751, 47.2035], [8.7756, 47.2034]], [[8.7756, 47.2034], [8.7759, 47.2034], [8.7761, 47.2034], [8.7763, 47.2034], [8.7765, 47.2034], [8.7766, 47.2034], [8.7767, 47.2034], [8.7769, 47.2034], [8.7771, 47.2034], [8.7781, 47.2034]], [[8.7781, 47.2034], [8.7802, 47.2033], [8.7806, 47.2033], [8.7812, 47.2032], [8.7816, 47.2032], [8.7821, 47.2032]], [[8.7579, 47.2071], [8.7577, 47.2071], [8.7576, 47.2071], [8.7573, 47.2072], [8.7571, 47.2072], [8.7569, 47.2072], [8.7567, 47.2072], [8.7565, 47.2072], [8.7563, 47.2073], [8.7561, 47.2073], [8.756, 47.2073], [8.7559, 47.2073], [8.7557, 47.2073], [8.7555, 47.2073], [8.7553, 47.2073], [8.7551, 47.2073], [8.755, 47.2073], [8.7549, 47.2073], [8.7547, 47.2073], [8.7545, 47.2073], [8.7544, 47.2073], [8.7542, 47.2073], [8.7541, 47.2072], [8.754, 47.2072], [8.7538, 47.2072], [8.7539, 47.2072], [8.7541, 47.2073], [8.7542, 47.2073], [8.7545, 47.2073], [8.7549, 47.2073], [8.7552, 47.2073], [8.7553, 47.2073], [8.7559, 47.2073], [8.7564, 47.2073], [8.7567, 47.2073], [8.757, 47.2072], [8.7573, 47.2072], [8.7576, 47.2071], [8.7579, 47.2071]], [[8.7049, 47.2105], [8.705, 47.2105], [8.7051, 47.2103], [8.7053, 47.2101], [8.7055, 47.21], [8.7058, 47.2098], [8.706, 47.2096], [8.7074, 47.2086], [8.708, 47.2081], [8.7079, 47.2081], [8.7077, 47.2082], [8.7074, 47.2085], [8.7073, 47.2086], [8.7072, 47.2087], [8.7063, 47.2093], [8.706, 47.2095], [8.7057, 47.2097], [8.7055, 47.2099], [8.7053, 47.2101], [8.7051, 47.2103], [8.7049, 47.2105]], [[8.5776, 47.2811], [8.5775, 47.2811], [8.5777, 47.2807], [8.5779, 47.2805], [8.5784, 47.2798], [8.5785, 47.2796], [8.5788, 47.2793], [8.5793, 47.2785], [8.5779, 47.2805], [8.5778, 47.2808], [8.5776, 47.2811]], [[8.5625, 47.2976], [8.5626, 47.2976], [8.5631, 47.2971], [8.5638, 47.2964], [8.5648, 47.2955], [8.5656, 47.2948], [8.5657, 47.2947], [8.5658, 47.2947], [8.5659, 47.2945], [8.5657, 47.2946], [8.5656, 47.2947], [8.5655, 47.2948], [8.5652, 47.295], [8.5648, 47.2954], [8.5641, 47.296], [8.5637, 47.2964], [8.563, 47.2971], [8.5625, 47.2976]], [[8.5549, 47.3071], [8.5548, 47.3073], [8.5549, 47.3073], [8.5548, 47.3075], [8.5546, 47.3078], [8.5545, 47.3081], [8.5544, 47.3081], [8.5544, 47.3082], [8.5545, 47.3082], [8.5551, 47.3069], [8.5551, 47.3068], [8.5557, 47.3055], [8.5554, 47.3062], [8.5553, 47.3062], [8.5552, 47.3065], [8.5551, 47.3065], [8.5551, 47.3066], [8.555, 47.3068], [8.555, 47.3069], [8.5549, 47.3071]], [[8.5474, 47.3257], [8.5477, 47.3247], [8.5478, 47.3245], [8.5484, 47.3227], [8.5483, 47.3227], [8.5482, 47.323], [8.548, 47.3237], [8.5479, 47.3239], [8.5478, 47.3242], [8.5477, 47.3245], [8.5476, 47.3247], [8.5476, 47.3248], [8.5475, 47.3251], [8.5474, 47.3255], [8.5474, 47.3257]], [[8.5299, 47.3653], [8.53, 47.3653], [8.5302, 47.3649], [8.5303, 47.3648], [8.5304, 47.3646], [8.5304, 47.3645], [8.5305, 47.3644], [8.5305, 47.3643], [8.5306, 47.3641], [8.5307, 47.364], [8.5307, 47.3638], [8.5308, 47.3635], [8.5308, 47.3636], [8.5309, 47.3635], [8.531, 47.3632], [8.531, 47.363], [8.5311, 47.3627], [8.531, 47.3627], [8.5309, 47.363], [8.5308, 47.3633], [8.5308, 47.3634], [8.5307, 47.3635], [8.5306, 47.3638], [8.5305, 47.364], [8.5304, 47.3642], [8.5304, 47.3643], [8.5303, 47.3644], [8.5303, 47.3645], [8.5302, 47.3646], [8.5302, 47.3647], [8.53, 47.3651], [8.5299, 47.3653]], [[8.5204, 47.3735], [8.5204, 47.3736], [8.5207, 47.3734], [8.5216, 47.3727], [8.5225, 47.3721], [8.5226, 47.372], [8.5234, 47.3715], [8.5235, 47.3714], [8.5234, 47.3714], [8.523, 47.3716], [8.5226, 47.372], [8.5224, 47.3721], [8.5216, 47.3727], [8.5207, 47.3733], [8.5204, 47.3735]], [[8.6869, 47.4262], [8.6866, 47.4255], [8.6864, 47.4252], [8.6863, 47.4251], [8.6862, 47.4249], [8.6862, 47.4248], [8.6861, 47.4247], [8.686, 47.4246], [8.686, 47.4245], [8.6859, 47.4244], [8.6858, 47.4243], [8.6858, 47.4242], [8.6857, 47.4243], [8.686, 47.4246], [8.686, 47.4247], [8.6861, 47.4248], [8.6862, 47.4249], [8.6865, 47.4255], [8.6867, 47.4258], [8.6869, 47.4261], [8.6869, 47.4262], [8.687, 47.4264], [8.6874, 47.427], [8.6869, 47.4262]], [[8.7719, 47.2038], [8.7722, 47.2038], [8.7724, 47.2037], [8.7726, 47.2037], [8.7728, 47.2037], [8.7732, 47.2037], [8.7733, 47.2037], [8.7736, 47.2036]], [[8.7711, 47.204], [8.7716, 47.2039], [8.7717, 47.2039], [8.7719, 47.2038]], [[8.7705, 47.2041], [8.7711, 47.204]], [[8.7658, 47.2052], [8.7678, 47.2048], [8.7705, 47.2041]], [[8.7657, 47.2053], [8.7658, 47.2052]], [[8.7579, 47.207], [8.7581, 47.207], [8.7583, 47.207], [8.7585, 47.2069], [8.7588, 47.2069], [8.7595, 47.2067], [8.761, 47.2063], [8.7657, 47.2053]], [[8.7538, 47.2072], [8.7539, 47.2072], [8.7541, 47.2072], [8.7542, 47.2072], [8.7544, 47.2072], [8.7545, 47.2073], [8.7547, 47.2073], [8.7549, 47.2073], [8.7551, 47.2073], [8.7552, 47.2073], [8.7554, 47.2073], [8.7556, 47.2073], [8.7557, 47.2073], [8.7559, 47.2073], [8.7561, 47.2073], [8.7563, 47.2072], [8.7564, 47.2072], [8.7566, 47.2072], [8.7568, 47.2072], [8.757, 47.2072], [8.7572, 47.2072], [8.7574, 47.2071], [8.7576, 47.2071], [8.7577, 47.2071], [8.7579, 47.207]], [[8.7417, 47.205], [8.7422, 47.2052], [8.7424, 47.2052], [8.7426, 47.2053], [8.7427, 47.2053], [8.7428, 47.2054], [8.743, 47.2054], [8.7431, 47.2055], [8.7433, 47.2056], [8.7435, 47.2056], [8.7437, 47.2057], [8.7439, 47.2057], [8.7441, 47.2058], [8.7443, 47.2058], [8.7444, 47.2058], [8.7446, 47.2059], [8.7448, 47.2059], [8.7449, 47.2059], [8.7451, 47.206], [8.7455, 47.206], [8.7529, 47.2071], [8.7532, 47.2071], [8.7535, 47.2072], [8.7536, 47.2072], [8.7538, 47.2072]], [[8.7414, 47.2048], [8.7417, 47.205]], [[8.7303, 47.2016], [8.7337, 47.2028], [8.7342, 47.203], [8.7345, 47.2031], [8.7348, 47.2032], [8.7353, 47.2033], [8.7356, 47.2034], [8.736, 47.2035], [8.7364, 47.2036], [8.7367, 47.2036], [8.737, 47.2037], [8.7373, 47.2037], [8.738, 47.2038], [8.7382, 47.2039], [8.7385, 47.2039], [8.7388, 47.204], [8.739, 47.204], [8.7392, 47.204], [8.7393, 47.2041], [8.7395, 47.2041], [8.7396, 47.2042], [8.7398, 47.2042], [8.74, 47.2043], [8.7401, 47.2043], [8.7403, 47.2044], [8.7404, 47.2044], [8.7406, 47.2045], [8.7408, 47.2045], [8.741, 47.2046], [8.7412, 47.2047], [8.7414, 47.2048]], [[8.7301, 47.2015], [8.7303, 47.2016]], [[8.7296, 47.2014], [8.7298, 47.2014], [8.7299, 47.2015], [8.7301, 47.2015]], [[8.7231, 47.2003], [8.7233, 47.2003], [8.7237, 47.2003], [8.7239, 47.2003], [8.7241, 47.2003], [8.7243, 47.2004], [8.7245, 47.2004], [8.7247, 47.2004], [8.7249, 47.2004], [8.7251, 47.2004], [8.7253, 47.2005], [8.7255, 47.2005], [8.7259, 47.2006], [8.7271, 47.2008], [8.7274, 47.2009], [8.7277, 47.2009], [8.7279, 47.201], [8.7281, 47.201], [8.7283, 47.2011], [8.7287, 47.2011], [8.729, 47.2012], [8.7291, 47.2012], [8.7292, 47.2013], [8.7294, 47.2013], [8.7295, 47.2014], [8.7296, 47.2014]], [[8.7228, 47.2003], [8.723, 47.2003], [8.7231, 47.2003]], [[8.72, 47.2005], [8.7205, 47.2004], [8.7207, 47.2004], [8.7209, 47.2004], [8.7211, 47.2003], [8.7213, 47.2003], [8.7214, 47.2003], [8.7216, 47.2003], [8.7218, 47.2003], [8.7219, 47.2003], [8.7221, 47.2003], [8.7223, 47.2003], [8.7225, 47.2003], [8.7226, 47.2003], [8.7228, 47.2003]], [[8.7176, 47.2009], [8.72, 47.2005]], [[8.7086, 47.2076], [8.7095, 47.2069], [8.7099, 47.2066], [8.7102, 47.2064], [8.7103, 47.2063], [8.7104, 47.2062], [8.7105, 47.206], [8.7106, 47.206], [8.7107, 47.2059], [8.7108, 47.2057], [8.7109, 47.2056], [8.711, 47.2054], [8.7112, 47.2051], [8.7114, 47.2047], [8.7115, 47.2045], [8.7116, 47.2043], [8.7117, 47.2042], [8.7117, 47.2041], [8.7118, 47.2041], [8.7119, 47.204], [8.7119, 47.2039], [8.712, 47.2038], [8.7121, 47.2037], [8.7122, 47.2036], [8.7123, 47.2035], [8.7124, 47.2034], [8.7125, 47.2033], [8.7128, 47.2031], [8.713, 47.2029], [8.7132, 47.2027], [8.7134, 47.2026], [8.7135, 47.2025], [8.7136, 47.2024], [8.7138, 47.2022], [8.7139, 47.2022], [8.714, 47.2021], [8.7141, 47.202], [8.7142, 47.2019], [8.7144, 47.2019], [8.7145, 47.2018], [8.7147, 47.2017], [8.7148, 47.2017], [8.7149, 47.2016], [8.7151, 47.2015], [8.7152, 47.2015], [8.7153, 47.2014], [8.7155, 47.2014], [8.7156, 47.2013], [8.7158, 47.2013], [8.7159, 47.2012], [8.7161, 47.2012], [8.7162, 47.2012], [8.7164, 47.2011], [8.7166, 47.2011], [8.7167, 47.2011], [8.717, 47.201], [8.7172, 47.201], [8.7176, 47.2009]], [[8.7083, 47.2079], [8.7086, 47.2076]], [[8.705, 47.2105], [8.7051, 47.2103], [8.7053, 47.2102], [8.7055, 47.21], [8.7058, 47.2098], [8.706, 47.2096], [8.7074, 47.2086], [8.7083, 47.2079]], [[8.6804, 47.225], [8.6808, 47.2248], [8.6811, 47.2247], [8.6813, 47.2246], [8.6815, 47.2245], [8.6816, 47.2244], [8.6818, 47.2243], [8.682, 47.2242], [8.6821, 47.2242], [8.6823, 47.2241], [8.6825, 47.224], [8.6828, 47.2239], [8.6835, 47.2236], [8.6841, 47.2234], [8.6845, 47.2233], [8.6846, 47.2232], [8.6847, 47.2232], [8.6849, 47.223], [8.6851, 47.2229], [8.6853, 47.2228], [8.6856, 47.2226], [8.6861, 47.2223], [8.6865, 47.222], [8.6868, 47.2218], [8.687, 47.2217], [8.6872, 47.2216], [8.6874, 47.2215], [8.6877, 47.2213], [8.688, 47.2212], [8.689, 47.2207], [8.69, 47.2203], [8.6907, 47.22], [8.6914, 47.2197], [8.6924, 47.2192], [8.6927, 47.2191], [8.6931, 47.2189], [8.6933, 47.2189], [8.6935, 47.2188], [8.6937, 47.2188], [8.6939, 47.2187], [8.6941, 47.2187], [8.6942, 47.2187], [8.6944, 47.2186], [8.6946, 47.2186], [8.6947, 47.2186], [8.6948, 47.2186], [8.6951, 47.2185], [8.6954, 47.2185], [8.6956, 47.2185], [8.6959, 47.2184], [8.696, 47.2184], [8.6962, 47.2184], [8.6963, 47.2184], [8.6965, 47.2183], [8.6966, 47.2183], [8.6967, 47.2183], [8.6968, 47.2182], [8.6969, 47.2182], [8.6971, 47.2181], [8.6972, 47.2181], [8.6974, 47.218], [8.6975, 47.218], [8.6976, 47.2179], [8.6978, 47.2179], [8.6979, 47.2178], [8.6981, 47.2177], [8.6982, 47.2176], [8.6984, 47.2175], [8.6986, 47.2174], [8.6988, 47.2173], [8.699, 47.2171], [8.6991, 47.217], [8.6993, 47.2169], [8.6994, 47.2168], [8.6996, 47.2167], [8.6998, 47.2166], [8.6999, 47.2165], [8.7001, 47.2163], [8.7002, 47.2162], [8.7003, 47.2162], [8.7004, 47.2161], [8.7005, 47.216], [8.7006, 47.2159], [8.7006, 47.2158], [8.7007, 47.2157], [8.7008, 47.2156], [8.7009, 47.2155], [8.701, 47.2154], [8.701, 47.2153], [8.7012, 47.2151], [8.7013, 47.2149], [8.7013, 47.2148], [8.7014, 47.2147], [8.7015, 47.2145], [8.7015, 47.2144], [8.7016, 47.2143], [8.7017, 47.2142], [8.7017, 47.2141], [8.7018, 47.2141], [8.7019, 47.214], [8.702, 47.2139], [8.7023, 47.2135], [8.7026, 47.2132], [8.7029, 47.2129], [8.7037, 47.2119], [8.7046, 47.2109], [8.705, 47.2105]], [[8.6803, 47.2251], [8.6804, 47.225]], [[8.6799, 47.2253], [8.6803, 47.2251]], [[8.678, 47.2265], [8.6782, 47.2263], [8.6783, 47.2262], [8.6784, 47.2262], [8.6785, 47.2261], [8.6786, 47.226], [8.6788, 47.2259], [8.6789, 47.2258], [8.6792, 47.2257], [8.6799, 47.2253]], [[8.6757, 47.2287], [8.676, 47.2283], [8.6761, 47.2282], [8.6762, 47.228], [8.6763, 47.2278], [8.6764, 47.2278], [8.6765, 47.2277], [8.6765, 47.2276], [8.6766, 47.2276], [8.6767, 47.2275], [8.6768, 47.2274], [8.6769, 47.2273], [8.677, 47.2272], [8.6772, 47.227], [8.6774, 47.2269], [8.678, 47.2265]], [[8.6741, 47.2309], [8.6741, 47.2308], [8.6742, 47.2308], [8.6743, 47.2307], [8.6745, 47.2305], [8.6746, 47.2304], [8.6748, 47.2302], [8.6748, 47.2301], [8.675, 47.2299], [8.6753, 47.2295], [8.6757, 47.2287]], [[8.6728, 47.2316], [8.6732, 47.2314], [8.6734, 47.2313], [8.6735, 47.2312], [8.6736, 47.2312], [8.6737, 47.2311], [8.6739, 47.231], [8.674, 47.231], [8.6741, 47.2309]], [[8.6727, 47.2317], [8.6728, 47.2316]], [[8.6698, 47.2328], [8.6707, 47.2325], [8.6709, 47.2325], [8.6713, 47.2323], [8.6714, 47.2323], [8.6715, 47.2322], [8.6716, 47.2322], [8.6717, 47.2322], [8.6718, 47.2321], [8.6719, 47.2321], [8.6721, 47.232], [8.6723, 47.2319], [8.6727, 47.2317]], [[8.6698, 47.2328], [8.6696, 47.2328], [8.6693, 47.2329], [8.6691, 47.233], [8.6689, 47.2331], [8.6687, 47.2332], [8.6685, 47.2333], [8.6683, 47.2334], [8.6678, 47.2336], [8.6646, 47.2356], [8.664, 47.236], [8.6637, 47.2361], [8.6634, 47.2363], [8.6627, 47.2367], [8.6623, 47.2368], [8.6621, 47.237], [8.6618, 47.2371], [8.6616, 47.2373], [8.6613, 47.2374], [8.6611, 47.2376], [8.6609, 47.2378], [8.6607, 47.238], [8.6605, 47.2382], [8.6604, 47.2383], [8.6602, 47.2385], [8.6601, 47.2387], [8.6598, 47.2391], [8.6596, 47.2395], [8.6595, 47.2399], [8.6593, 47.2403], [8.6592, 47.2407], [8.659, 47.2411], [8.6588, 47.2414], [8.6586, 47.2416], [8.6585, 47.2418], [8.6583, 47.242], [8.6582, 47.2421], [8.658, 47.2423], [8.6579, 47.2424], [8.6577, 47.2426], [8.6575, 47.2427], [8.6574, 47.2428], [8.6572, 47.2429], [8.657, 47.2431], [8.6568, 47.2432], [8.6567, 47.2433], [8.6564, 47.2435], [8.6562, 47.2436], [8.6559, 47.2437], [8.6556, 47.2439], [8.6553, 47.244], [8.655, 47.2441], [8.6508, 47.2458], [8.6503, 47.246], [8.6498, 47.2461], [8.6495, 47.2463], [8.649, 47.2464], [8.6486, 47.2465], [8.6483, 47.2465], [8.6481, 47.2465], [8.6478, 47.2466], [8.6475, 47.2466], [8.6472, 47.2466], [8.6465, 47.2467]], [[8.6464, 47.2467], [8.6465, 47.2467]], [[8.6464, 47.2467], [8.6452, 47.2468], [8.644, 47.2469], [8.641, 47.2472], [8.6407, 47.2472]], [[8.6407, 47.2472], [8.6404, 47.2473], [8.6399, 47.2474], [8.6395, 47.2475], [8.639, 47.2476], [8.6386, 47.2477], [8.6381, 47.2479], [8.6371, 47.2482], [8.6358, 47.2486]], [[8.6357, 47.2486], [8.6358, 47.2486]], [[8.6357, 47.2486], [8.6338, 47.2493], [8.6321, 47.2499], [8.6301, 47.2506], [8.6297, 47.2507], [8.6294, 47.2508], [8.6292, 47.2509], [8.6289, 47.251], [8.6286, 47.2511], [8.6283, 47.2511], [8.6279, 47.2512], [8.6275, 47.2513], [8.627, 47.2514], [8.6262, 47.2516], [8.6257, 47.2517], [8.6248, 47.2519], [8.6233, 47.2522], [8.623, 47.2523], [8.6227, 47.2523], [8.6224, 47.2524], [8.6221, 47.2525], [8.6218, 47.2526], [8.6215, 47.2528], [8.621, 47.253], [8.6204, 47.2533], [8.6196, 47.2537], [8.6191, 47.2539], [8.6187, 47.2541]], [[8.6174, 47.2547], [8.6175, 47.2547], [8.6181, 47.2544], [8.6187, 47.2541]], [[8.6173, 47.2548], [8.6174, 47.2547]], [[8.6152, 47.2554], [8.6155, 47.2554], [8.6157, 47.2553], [8.616, 47.2553], [8.6162, 47.2552], [8.6165, 47.2551], [8.6167, 47.255], [8.617, 47.2549], [8.6172, 47.2548], [8.6173, 47.2548]], [[8.6152, 47.2554], [8.6148, 47.2555], [8.6144, 47.2555], [8.6141, 47.2556], [8.6137, 47.2556], [8.6128, 47.2557], [8.6123, 47.2558], [8.6121, 47.2559], [8.6119, 47.2559], [8.6115, 47.256], [8.6112, 47.2561], [8.6109, 47.2562], [8.6106, 47.2563], [8.6103, 47.2564], [8.6099, 47.2566], [8.6092, 47.2569], [8.6089, 47.2571], [8.6082, 47.2574], [8.6078, 47.2576], [8.6076, 47.2577], [8.6073, 47.2578], [8.6069, 47.258], [8.6066, 47.2581], [8.6063, 47.2583], [8.6056, 47.2585], [8.6052, 47.2587], [8.6047, 47.2588], [8.6043, 47.259], [8.6037, 47.2592], [8.6033, 47.2593], [8.6031, 47.2594], [8.603, 47.2594], [8.6028, 47.2595], [8.6027, 47.2595], [8.6025, 47.2596], [8.6024, 47.2596], [8.6022, 47.2597], [8.6021, 47.2597], [8.602, 47.2598], [8.6019, 47.2598], [8.6017, 47.2599], [8.6014, 47.2601], [8.6012, 47.2602]], [[8.6, 47.2608], [8.6001, 47.2607], [8.6002, 47.2607], [8.6003, 47.2607], [8.6004, 47.2606], [8.6005, 47.2605], [8.6007, 47.2605], [8.6009, 47.2604], [8.601, 47.2603], [8.6012, 47.2602]], [[8.6, 47.2608], [8.5998, 47.2609], [8.5996, 47.261], [8.5995, 47.261], [8.5993, 47.261], [8.5992, 47.2611], [8.599, 47.2611], [8.5989, 47.2612], [8.5987, 47.2612], [8.5986, 47.2613], [8.5985, 47.2613], [8.5984, 47.2613], [8.5983, 47.2613], [8.5983, 47.2614], [8.5981, 47.2614], [8.598, 47.2614], [8.5979, 47.2614], [8.5978, 47.2615], [8.5977, 47.2615], [8.5976, 47.2615], [8.5975, 47.2615], [8.5974, 47.2615], [8.5973, 47.2616], [8.5972, 47.2616], [8.5971, 47.2616], [8.5969, 47.2616], [8.5968, 47.2616], [8.5965, 47.2617], [8.5961, 47.2617], [8.5959, 47.2618], [8.5958, 47.2618], [8.5956, 47.2618], [8.5955, 47.2618], [8.5953, 47.2619], [8.5952, 47.2619], [8.5951, 47.2619], [8.595, 47.2619], [8.5949, 47.262], [8.5948, 47.262], [8.5946, 47.262], [8.5945, 47.262], [8.5944, 47.2621], [8.5943, 47.2621], [8.5941, 47.2622], [8.594, 47.2622], [8.5938, 47.2623], [8.5936, 47.2623], [8.5935, 47.2624], [8.5933, 47.2624], [8.5932, 47.2625], [8.5931, 47.2625], [8.5929, 47.2626], [8.5928, 47.2626], [8.5926, 47.2627], [8.5925, 47.2628], [8.5923, 47.2629], [8.5922, 47.2629], [8.5921, 47.263], [8.592, 47.2631], [8.5918, 47.2632], [8.5917, 47.2632], [8.5916, 47.2633], [8.5912, 47.2635], [8.5911, 47.2636], [8.591, 47.2637], [8.5908, 47.2638], [8.5906, 47.264]], [[8.5905, 47.2641], [8.5906, 47.264]], [[8.5886, 47.2662], [8.589, 47.2656], [8.5894, 47.2652], [8.5895, 47.265], [8.5896, 47.2649], [8.5898, 47.2647], [8.59, 47.2645], [8.5901, 47.2644], [8.5902, 47.2643], [8.5904, 47.2641], [8.5905, 47.2641]], [[8.5886, 47.2662], [8.588, 47.267], [8.5879, 47.2671], [8.5877, 47.2673]], [[8.5875, 47.2675], [8.5877, 47.2673]], [[8.5862, 47.2692], [8.5864, 47.269], [8.5866, 47.2687], [8.5867, 47.2685], [8.5875, 47.2675]], [[8.5861, 47.2693], [8.5862, 47.2692]], [[8.5861, 47.2693], [8.5855, 47.2699], [8.5851, 47.2703], [8.5846, 47.2708], [8.5842, 47.2711], [8.5839, 47.2714], [8.5836, 47.2717], [8.5834, 47.2719], [8.5832, 47.2721], [8.5831, 47.2723], [8.5829, 47.2726], [8.5827, 47.273], [8.5824, 47.2733], [8.5822, 47.2738]], [[8.582, 47.2742], [8.5822, 47.2738]], [[8.582, 47.2742], [8.5813, 47.2754], [8.5806, 47.2765], [8.5804, 47.2769], [8.5802, 47.2772], [8.58, 47.2775], [8.5799, 47.2777], [8.5798, 47.278], [8.5796, 47.2782], [8.5795, 47.2784]], [[8.5795, 47.2784], [8.5786, 47.2795], [8.5779, 47.2805], [8.5778, 47.2808], [8.5776, 47.281], [8.5776, 47.2811]], [[8.5775, 47.2813], [8.5774, 47.2815], [8.5773, 47.2816], [8.5773, 47.2818], [8.5772, 47.2821], [8.5771, 47.2824], [8.577, 47.2827], [8.5769, 47.2829], [8.5768, 47.2831], [8.5767, 47.2833], [8.5766, 47.2834], [8.5764, 47.2838], [8.576, 47.2843]], [[8.576, 47.2843], [8.576, 47.2844]], [[8.576, 47.2844], [8.5757, 47.2847], [8.5756, 47.2848], [8.5755, 47.285], [8.5754, 47.2852], [8.5753, 47.2853], [8.5751, 47.2855], [8.5751, 47.2856], [8.575, 47.2858], [8.5747, 47.2862], [8.5738, 47.2876], [8.5737, 47.2878], [8.5727, 47.2893], [8.5724, 47.2896], [8.5722, 47.29]], [[8.5722, 47.29], [8.572, 47.2902], [8.5718, 47.2906], [8.5716, 47.2908], [8.5716, 47.2909], [8.5715, 47.291], [8.5714, 47.291], [8.5714, 47.2911], [8.5713, 47.2912], [8.5712, 47.2913], [8.5711, 47.2913], [8.5711, 47.2914], [8.571, 47.2915], [8.5709, 47.2915], [8.5709, 47.2916], [8.5708, 47.2916], [8.5707, 47.2917], [8.5706, 47.2918], [8.5705, 47.2918], [8.5705, 47.2919], [8.5704, 47.2919], [8.5703, 47.292]], [[8.5698, 47.2923], [8.5691, 47.2927], [8.5688, 47.2928], [8.5687, 47.2929], [8.5686, 47.293], [8.5685, 47.293], [8.5684, 47.2931], [8.5683, 47.2932], [8.5682, 47.2932], [8.5681, 47.2932], [8.568, 47.2933], [8.5675, 47.2935], [8.5674, 47.2936], [8.5673, 47.2936], [8.5672, 47.2937], [8.5671, 47.2938]], [[8.5669, 47.2938], [8.5671, 47.2938]], [[8.5667, 47.294], [8.5669, 47.2938]], [[8.5666, 47.294], [8.5667, 47.294]], [[8.5662, 47.2943], [8.5664, 47.2942], [8.5665, 47.2941], [8.5666, 47.294]], [[8.5662, 47.2943], [8.5659, 47.2945], [8.5656, 47.2947], [8.5654, 47.2949], [8.5652, 47.295], [8.565, 47.2952], [8.5648, 47.2954], [8.5643, 47.2958], [8.5642, 47.296], [8.564, 47.2961], [8.5638, 47.2963], [8.5624, 47.2977], [8.5623, 47.2978], [8.5622, 47.2979], [8.5621, 47.298], [8.5619, 47.2982]], [[8.5619, 47.2982], [8.5616, 47.2985], [8.5616, 47.2986], [8.5614, 47.2987], [8.5613, 47.2988], [8.5612, 47.299]], [[8.5612, 47.299], [8.5611, 47.299]], [[8.5611, 47.299], [8.561, 47.2991]], [[8.561, 47.2991], [8.5609, 47.2992]], [[8.5609, 47.2992], [8.5605, 47.2996], [8.5603, 47.2997], [8.5602, 47.2998], [8.5601, 47.2999]], [[8.5601, 47.2999], [8.5599, 47.3001], [8.5598, 47.3002], [8.5597, 47.3003], [8.5596, 47.3004], [8.5595, 47.3005], [8.5595, 47.3006], [8.5594, 47.3007], [8.5593, 47.3008], [8.5592, 47.3009], [8.5592, 47.301], [8.5591, 47.301], [8.5591, 47.3011], [8.559, 47.3012], [8.5589, 47.3013], [8.5588, 47.3014], [8.5587, 47.3016], [8.5586, 47.3017], [8.5586, 47.3018], [8.5585, 47.3018], [8.5581, 47.3024]], [[8.558, 47.3025], [8.5581, 47.3024]], [[8.5558, 47.3055], [8.5558, 47.3054], [8.5559, 47.3053], [8.5559, 47.3052], [8.5559, 47.3051], [8.556, 47.305], [8.5561, 47.3049], [8.5561, 47.3048], [8.5562, 47.3047], [8.5562, 47.3046], [8.5563, 47.3045], [8.5564, 47.3044], [8.5565, 47.3043], [8.5565, 47.3042], [8.5566, 47.3041], [8.558, 47.3025]], [[8.5545, 47.3083], [8.5545, 47.3082], [8.5547, 47.3077], [8.5551, 47.3069], [8.5556, 47.3057], [8.5558, 47.3055]], [[8.5528, 47.3124], [8.5531, 47.3115], [8.5532, 47.3113], [8.5532, 47.3111], [8.5533, 47.3109], [8.5533, 47.3108], [8.5534, 47.3107], [8.5534, 47.3106], [8.5535, 47.3104], [8.5536, 47.3102], [8.5545, 47.3083]], [[8.5528, 47.3126], [8.5528, 47.3124]], [[8.5497, 47.3193], [8.5497, 47.3192], [8.5498, 47.3191], [8.5498, 47.319], [8.5499, 47.3189], [8.5499, 47.3188], [8.55, 47.3186], [8.5501, 47.3185], [8.5504, 47.3181], [8.5508, 47.3175], [8.5511, 47.3171], [8.5512, 47.317], [8.5513, 47.3169], [8.5514, 47.3168], [8.5514, 47.3167], [8.5515, 47.3166], [8.5515, 47.3165], [8.5516, 47.3164], [8.5516, 47.3163], [8.5517, 47.3162], [8.5517, 47.3161], [8.5517, 47.316], [8.5518, 47.316], [8.5518, 47.3159], [8.5518, 47.3158], [8.552, 47.3151], [8.5528, 47.3126]], [[8.5496, 47.3193], [8.5497, 47.3193]], [[8.5489, 47.3213], [8.5494, 47.3199], [8.5495, 47.3196], [8.5496, 47.3195], [8.5496, 47.3194], [8.5496, 47.3193]], [[8.5484, 47.3227], [8.5484, 47.3226], [8.5485, 47.3225], [8.5485, 47.3224], [8.5489, 47.3213]], [[8.5474, 47.3257], [8.5478, 47.3244], [8.5483, 47.323], [8.5484, 47.3227]], [[8.5474, 47.3257], [8.5473, 47.326], [8.5471, 47.3268], [8.5469, 47.3272]], [[8.546, 47.329], [8.5464, 47.3284], [8.5465, 47.3282], [8.5465, 47.3281], [8.5466, 47.328], [8.5466, 47.3279], [8.5467, 47.3278], [8.5467, 47.3277], [8.5468, 47.3276], [8.5468, 47.3274], [8.5469, 47.3273], [8.5469, 47.3272]], [[8.546, 47.329], [8.5459, 47.3291]], [[8.5459, 47.3291], [8.5446, 47.3315], [8.5444, 47.3317], [8.5444, 47.3318], [8.5443, 47.3319], [8.5442, 47.332], [8.5442, 47.3321], [8.5441, 47.3322], [8.544, 47.3324], [8.5439, 47.3325], [8.5438, 47.3326], [8.5437, 47.3328], [8.5435, 47.3329], [8.5434, 47.333], [8.5433, 47.3331], [8.5432, 47.3332], [8.5431, 47.3333], [8.543, 47.3334], [8.5429, 47.3335], [8.5428, 47.3336], [8.5427, 47.3337], [8.5426, 47.3338], [8.5425, 47.3339], [8.5424, 47.3339], [8.5423, 47.334], [8.5422, 47.3341], [8.5421, 47.3341]], [[8.5421, 47.3341], [8.542, 47.3342]], [[8.542, 47.3342], [8.5419, 47.3343], [8.5418, 47.3343], [8.5417, 47.3344], [8.5416, 47.3345], [8.5415, 47.3345], [8.5413, 47.3346], [8.5411, 47.3347], [8.5409, 47.3349], [8.5404, 47.3351], [8.5403, 47.3352], [8.5402, 47.3353], [8.5401, 47.3353], [8.54, 47.3354], [8.5399, 47.3355], [8.5398, 47.3355], [8.5397, 47.3356], [8.5396, 47.3357], [8.5395, 47.3357], [8.5395, 47.3358], [8.5394, 47.3358], [8.5393, 47.3359], [8.5393, 47.336], [8.5392, 47.336], [8.5391, 47.3361], [8.5391, 47.3362], [8.539, 47.3362], [8.539, 47.3363], [8.539, 47.3364], [8.5389, 47.3364], [8.5389, 47.3365], [8.5388, 47.3365], [8.5388, 47.3366], [8.5387, 47.3367], [8.5387, 47.3368], [8.5386, 47.3369], [8.5386, 47.3371], [8.5385, 47.3372], [8.5385, 47.3373], [8.5385, 47.3374], [8.5384, 47.3375], [8.5384, 47.3378], [8.5384, 47.3379], [8.5383, 47.338], [8.5383, 47.3381], [8.5382, 47.3383], [8.5382, 47.3384], [8.5381, 47.3385], [8.5381, 47.3386]], [[8.5381, 47.3386], [8.538, 47.3387]], [[8.538, 47.3387], [8.5379, 47.339], [8.5373, 47.3401], [8.5372, 47.3403], [8.5371, 47.3405], [8.537, 47.3405], [8.537, 47.3406], [8.5369, 47.3408], [8.5368, 47.3409], [8.5367, 47.341], [8.5366, 47.3412], [8.5365, 47.3414], [8.5358, 47.3423], [8.5353, 47.343], [8.535, 47.3433], [8.5349, 47.3434], [8.5349, 47.3435], [8.5348, 47.3436], [8.5348, 47.3437]], [[8.5348, 47.3437], [8.5347, 47.3438], [8.5346, 47.3439]], [[8.5346, 47.3439], [8.5346, 47.344], [8.5345, 47.3441], [8.5345, 47.3442], [8.5345, 47.3443], [8.5344, 47.3443], [8.5344, 47.3444], [8.5344, 47.3445], [8.5344, 47.3446], [8.5343, 47.3447], [8.5343, 47.3448]], [[8.5343, 47.3448], [8.5343, 47.3449], [8.5342, 47.3452]], [[8.5342, 47.3452], [8.5342, 47.3453], [8.5341, 47.346]], [[8.5341, 47.346], [8.534, 47.3464], [8.5339, 47.3469], [8.5339, 47.3473], [8.5337, 47.3479], [8.5335, 47.3489], [8.5334, 47.35]], [[8.5334, 47.35], [8.5333, 47.35], [8.5332, 47.3506], [8.5332, 47.3508], [8.5332, 47.3509], [8.5332, 47.351], [8.5332, 47.3511], [8.5332, 47.3512], [8.5332, 47.3513], [8.5332, 47.3514], [8.5332, 47.3515], [8.5332, 47.3516], [8.5332, 47.3517], [8.5333, 47.3523], [8.5333, 47.3525], [8.5333, 47.3527], [8.5333, 47.3529], [8.5333, 47.353], [8.5333, 47.3531], [8.5333, 47.3533], [8.5333, 47.3534]], [[8.5333, 47.3534], [8.5333, 47.3536], [8.5333, 47.3537], [8.5332, 47.3538], [8.5332, 47.3539]], [[8.5332, 47.3539], [8.5332, 47.354]], [[8.5332, 47.354], [8.5332, 47.3541], [8.5331, 47.3541], [8.5331, 47.3543], [8.533, 47.3545], [8.5329, 47.3546], [8.5329, 47.3547]], [[8.5311, 47.3627], [8.5311, 47.3629], [8.531, 47.363], [8.531, 47.3632], [8.5309, 47.3635], [8.5308, 47.3636], [8.5307, 47.364], [8.5305, 47.3644], [8.5304, 47.3647], [8.5302, 47.3649], [8.53, 47.3653]], [[8.5235, 47.3715], [8.5233, 47.3716], [8.5232, 47.3716], [8.5221, 47.3724], [8.5209, 47.3733], [8.5203, 47.3737]], [[8.5203, 47.3737], [8.5201, 47.3738]], [[8.5201, 47.3738], [8.52, 47.3739], [8.5199, 47.374], [8.5198, 47.3741], [8.5197, 47.3742], [8.5196, 47.3743], [8.5195, 47.3744], [8.5194, 47.3745], [8.5194, 47.3746], [8.5193, 47.3747]], [[8.5193, 47.3747], [8.5192, 47.3748], [8.5191, 47.375], [8.519, 47.3751]], [[8.519, 47.3751], [8.519, 47.3752]], [[8.519, 47.3752], [8.5189, 47.3754], [8.5188, 47.3756], [8.5188, 47.3757], [8.5187, 47.3759], [8.5187, 47.3761], [8.5187, 47.3762], [8.5187, 47.3763], [8.5187, 47.3764], [8.5187, 47.3766], [8.5187, 47.3767], [8.5187, 47.3768], [8.5187, 47.3769], [8.5188, 47.377], [8.5188, 47.3771], [8.5189, 47.3773], [8.5189, 47.3774]], [[8.5189, 47.3774], [8.519, 47.3775], [8.519, 47.3776], [8.5191, 47.3777], [8.5191, 47.3778], [8.5193, 47.3779], [8.5194, 47.3781], [8.5196, 47.3783]], [[8.5196, 47.3783], [8.5202, 47.3789], [8.5208, 47.3796], [8.5211, 47.3798], [8.5213, 47.38], [8.5215, 47.3802], [8.5217, 47.3803], [8.5219, 47.3804]], [[8.5219, 47.3804], [8.522, 47.3805], [8.5221, 47.3805], [8.5222, 47.3806], [8.5223, 47.3806], [8.5224, 47.3807], [8.5225, 47.3807], [8.5226, 47.3807], [8.5227, 47.3808], [8.5228, 47.3808], [8.5229, 47.3808], [8.523, 47.3808], [8.5231, 47.3809], [8.5232, 47.3809], [8.5233, 47.3809], [8.5235, 47.3809], [8.5237, 47.381], [8.5238, 47.381], [8.524, 47.381], [8.5243, 47.381], [8.5257, 47.3811], [8.5259, 47.3811], [8.526, 47.3811], [8.5262, 47.3811], [8.5263, 47.3811]], [[8.5263, 47.3811], [8.5264, 47.3811], [8.5266, 47.3811], [8.5267, 47.3811], [8.5268, 47.3811], [8.5269, 47.3811], [8.5271, 47.3811], [8.5272, 47.3811], [8.5273, 47.3811], [8.5275, 47.3811], [8.5276, 47.381], [8.5277, 47.381], [8.5279, 47.381]], [[8.5279, 47.381], [8.5281, 47.3809], [8.5282, 47.3809], [8.5284, 47.3809]], [[8.5284, 47.3809], [8.5285, 47.3808]], [[8.5285, 47.3808], [8.5292, 47.3806], [8.5294, 47.3806], [8.5297, 47.3805]], [[8.5297, 47.3805], [8.53, 47.3804], [8.5302, 47.3803], [8.5305, 47.3802], [8.5307, 47.3802], [8.5309, 47.3801], [8.5313, 47.38], [8.5317, 47.3799]], [[8.5317, 47.3799], [8.5322, 47.3797]], [[8.5322, 47.3797], [8.5325, 47.3797]], [[8.5362, 47.4051], [8.5362, 47.4052]], [[8.5362, 47.4052], [8.5363, 47.4054], [8.5364, 47.4056], [8.5366, 47.4061], [8.5367, 47.4063], [8.5369, 47.4066]], [[8.5369, 47.4066], [8.5369, 47.4067]], [[8.5369, 47.4067], [8.5372, 47.4071], [8.5373, 47.4073], [8.5376, 47.4077]], [[8.5376, 47.4077], [8.5376, 47.4078], [8.5377, 47.4079]], [[8.5377, 47.4079], [8.5378, 47.408], [8.5378, 47.4081], [8.5379, 47.4081], [8.538, 47.4082], [8.5381, 47.4083], [8.5382, 47.4084], [8.5383, 47.4086], [8.5384, 47.4087], [8.5386, 47.4088], [8.5386, 47.4089], [8.5387, 47.409]], [[8.5399, 47.4097], [8.5403, 47.4098], [8.5405, 47.4099], [8.5408, 47.41], [8.541, 47.4102], [8.5413, 47.4103], [8.5414, 47.4104], [8.5416, 47.4105], [8.542, 47.4108], [8.5421, 47.4109]], [[8.5421, 47.4109], [8.5423, 47.4109], [8.5424, 47.411], [8.5425, 47.411], [8.5426, 47.4111], [8.5427, 47.4112], [8.5428, 47.4112], [8.5429, 47.4112], [8.5431, 47.4113]], [[8.5431, 47.4113], [8.5434, 47.4114], [8.5445, 47.4118], [8.5455, 47.4122], [8.5459, 47.4123], [8.5463, 47.4124]], [[8.5463, 47.4124], [8.5464, 47.4124], [8.5465, 47.4125], [8.5466, 47.4125], [8.5467, 47.4125], [8.5468, 47.4125], [8.5469, 47.4126]], [[8.5469, 47.4126], [8.547, 47.4126], [8.5471, 47.4126], [8.5472, 47.4126], [8.5474, 47.4127], [8.5475, 47.4127], [8.5476, 47.4127], [8.5477, 47.4127], [8.5479, 47.4127], [8.548, 47.4127], [8.5481, 47.4127], [8.5483, 47.4127], [8.5484, 47.4128], [8.5503, 47.4128]], [[8.5503, 47.4128], [8.5504, 47.4128]], [[8.5526, 47.4128], [8.567, 47.4131]], [[8.567, 47.4131], [8.5674, 47.4131]], [[8.5674, 47.4131], [8.582, 47.4133], [8.5857, 47.4134], [8.5862, 47.4134], [8.5864, 47.4134]], [[8.5864, 47.4134], [8.5867, 47.4134], [8.5869, 47.4134], [8.5871, 47.4134], [8.5873, 47.4134], [8.5874, 47.4134], [8.5876, 47.4133], [8.5878, 47.4133], [8.588, 47.4133], [8.5881, 47.4133], [8.5883, 47.4133], [8.5885, 47.4133], [8.5887, 47.4132], [8.5889, 47.4132], [8.5892, 47.4131], [8.5895, 47.4131], [8.5899, 47.413]], [[8.5899, 47.413], [8.5903, 47.4129], [8.591, 47.4128], [8.5913, 47.4127], [8.5921, 47.4125], [8.5951, 47.4119], [8.597, 47.4114], [8.5974, 47.4113]], [[8.5974, 47.4113], [8.5976, 47.4113]], [[8.5976, 47.4113], [8.6, 47.4107]], [[8.6, 47.4107], [8.6004, 47.4106]], [[8.6004, 47.4106], [8.6007, 47.4106], [8.6009, 47.4105], [8.6011, 47.4105], [8.6012, 47.4105], [8.6014, 47.4105], [8.6016, 47.4104], [8.6018, 47.4104], [8.602, 47.4104], [8.6021, 47.4104], [8.6023, 47.4104], [8.6025, 47.4103], [8.6027, 47.4103], [8.6029, 47.4103], [8.603, 47.4103], [8.6032, 47.4103], [8.6034, 47.4103], [8.6036, 47.4103], [8.6038, 47.4103], [8.6039, 47.4103], [8.6041, 47.4103], [8.6043, 47.4104], [8.6045, 47.4104], [8.6046, 47.4104], [8.6048, 47.4104], [8.6049, 47.4104], [8.605, 47.4104], [8.6052, 47.4105], [8.6054, 47.4105], [8.6056, 47.4105], [8.6059, 47.4106], [8.6061, 47.4106], [8.6063, 47.4107], [8.6082, 47.4111], [8.6088, 47.4112], [8.6093, 47.4113], [8.6094, 47.4113], [8.6096, 47.4113], [8.6098, 47.4114], [8.61, 47.4114], [8.6102, 47.4115], [8.6103, 47.4115], [8.6105, 47.4115], [8.6106, 47.4116], [8.6108, 47.4116], [8.6109, 47.4117], [8.611, 47.4117], [8.6111, 47.4117], [8.6113, 47.4118], [8.6114, 47.4118], [8.6115, 47.4119], [8.6116, 47.4119], [8.6117, 47.412], [8.6119, 47.412], [8.6121, 47.4121], [8.6123, 47.4122], [8.6124, 47.4122], [8.6125, 47.4122], [8.6127, 47.4123], [8.6129, 47.4124], [8.6131, 47.4125], [8.6133, 47.4126], [8.6135, 47.4128], [8.6138, 47.4129], [8.614, 47.413]], [[8.614, 47.413], [8.614, 47.4131]], [[8.614, 47.4131], [8.6142, 47.4132], [8.6143, 47.4133], [8.6145, 47.4134], [8.6146, 47.4135], [8.6147, 47.4135], [8.6148, 47.4136], [8.615, 47.4138], [8.6152, 47.4139], [8.6153, 47.414], [8.6155, 47.4142], [8.6156, 47.4143], [8.6157, 47.4144], [8.6158, 47.4146], [8.616, 47.4147], [8.6161, 47.4148], [8.6162, 47.415], [8.6164, 47.4153], [8.6166, 47.4155], [8.6167, 47.4156], [8.6167, 47.4157]], [[8.6167, 47.4157], [8.6168, 47.4158]], [[8.6168, 47.4158], [8.6169, 47.416], [8.617, 47.4162], [8.6172, 47.4165], [8.6173, 47.4166], [8.6174, 47.4168], [8.6175, 47.417], [8.6176, 47.4171], [8.6177, 47.4173], [8.6179, 47.4175], [8.618, 47.4177], [8.6182, 47.418]], [[8.6182, 47.418], [8.6185, 47.4186]], [[8.6185, 47.4186], [8.6187, 47.419], [8.6189, 47.4194], [8.6194, 47.4202], [8.6201, 47.4215]], [[8.6201, 47.4215], [8.6203, 47.4218], [8.6205, 47.4221], [8.6205, 47.4222], [8.6206, 47.4223], [8.6208, 47.4225], [8.6209, 47.4226], [8.621, 47.4228], [8.6212, 47.423], [8.6213, 47.4231], [8.6214, 47.4232], [8.6216, 47.4233]], [[8.6216, 47.4233], [8.6218, 47.4235], [8.6219, 47.4237]], [[8.6219, 47.4237], [8.6221, 47.4238], [8.6222, 47.4239], [8.6224, 47.4241], [8.6225, 47.4242], [8.6226, 47.4242], [8.6228, 47.4243], [8.623, 47.4245], [8.6232, 47.4246], [8.6234, 47.4248], [8.6236, 47.4249], [8.6239, 47.425]], [[8.6239, 47.4251], [8.6239, 47.425]], [[8.6315, 47.4268], [8.6313, 47.4268], [8.631, 47.4268], [8.6308, 47.4268], [8.6305, 47.4268], [8.6303, 47.4267], [8.63, 47.4267], [8.6298, 47.4267], [8.6296, 47.4267], [8.6294, 47.4267], [8.6292, 47.4267], [8.629, 47.4266], [8.6287, 47.4266], [8.6285, 47.4265], [8.6282, 47.4265], [8.628, 47.4265], [8.6278, 47.4264], [8.6276, 47.4264], [8.6274, 47.4263], [8.6272, 47.4263], [8.627, 47.4262], [8.6267, 47.4262], [8.6265, 47.4261], [8.6264, 47.426], [8.6262, 47.426], [8.626, 47.4259], [8.6258, 47.4259], [8.6256, 47.4258], [8.6255, 47.4257], [8.6251, 47.4256], [8.625, 47.4255], [8.6248, 47.4255], [8.6246, 47.4254], [8.6244, 47.4253], [8.6242, 47.4252], [8.6239, 47.4251]], [[8.6315, 47.4268], [8.6317, 47.4268], [8.6319, 47.4268], [8.6321, 47.4268], [8.6323, 47.4268], [8.6325, 47.4267], [8.6327, 47.4267], [8.6329, 47.4267], [8.633, 47.4267], [8.6332, 47.4267], [8.6333, 47.4267], [8.6337, 47.4266], [8.634, 47.4266], [8.6358, 47.4263]], [[8.6358, 47.4263], [8.6361, 47.4263]], [[8.6361, 47.4263], [8.6369, 47.4262], [8.6387, 47.4259], [8.6427, 47.4254]], [[8.6427, 47.4254], [8.6428, 47.4253]], [[8.6428, 47.4253], [8.6466, 47.4248], [8.6493, 47.4244]], [[8.6493, 47.4244], [8.6498, 47.4244], [8.6501, 47.4243], [8.6504, 47.4243], [8.6511, 47.4242], [8.6518, 47.4241], [8.6524, 47.4241], [8.6525, 47.4241], [8.6532, 47.424], [8.6535, 47.424], [8.6564, 47.4236], [8.6573, 47.4235], [8.658, 47.4234], [8.6582, 47.4234]], [[8.6582, 47.4234], [8.6588, 47.4233], [8.6597, 47.4232], [8.6599, 47.4232], [8.6603, 47.4231], [8.6605, 47.4231], [8.6607, 47.4231], [8.6611, 47.423], [8.6614, 47.4229], [8.6617, 47.4229], [8.662, 47.4229], [8.6623, 47.4228], [8.6627, 47.4228], [8.6634, 47.4226]], [[8.6634, 47.4226], [8.6638, 47.4226], [8.6655, 47.4223], [8.6659, 47.4222], [8.6663, 47.4222], [8.6667, 47.4221], [8.6671, 47.422], [8.6683, 47.4218], [8.6689, 47.4217], [8.6695, 47.4216]], [[8.6695, 47.4216], [8.67, 47.4216]], [[8.67, 47.4216], [8.6739, 47.421], [8.6746, 47.4209], [8.675, 47.4209], [8.6751, 47.4209]], [[8.6751, 47.4209], [8.6752, 47.4208], [8.6754, 47.4208], [8.6756, 47.4208], [8.6759, 47.4208], [8.6761, 47.4208], [8.6763, 47.4207], [8.6766, 47.4207], [8.6768, 47.4207], [8.6771, 47.4207], [8.6773, 47.4207], [8.6776, 47.4207], [8.6777, 47.4207], [8.6778, 47.4207], [8.678, 47.4207], [8.6782, 47.4208], [8.6785, 47.4208], [8.6786, 47.4208], [8.6787, 47.4208], [8.6789, 47.4208], [8.6791, 47.4209], [8.6794, 47.4209], [8.6795, 47.4209], [8.6797, 47.421]], [[8.6797, 47.421], [8.68, 47.421], [8.6801, 47.421], [8.6802, 47.4211], [8.6803, 47.4211], [8.6804, 47.4211], [8.6805, 47.4211], [8.6807, 47.4212], [8.6809, 47.4212], [8.6811, 47.4213], [8.6812, 47.4213], [8.6814, 47.4214], [8.6816, 47.4214], [8.6817, 47.4215], [8.6818, 47.4215], [8.6819, 47.4216], [8.682, 47.4216]], [[8.682, 47.4216], [8.6821, 47.4217], [8.6823, 47.4217], [8.6824, 47.4218], [8.6825, 47.4218], [8.6826, 47.4219], [8.6827, 47.4219], [8.6828, 47.422], [8.683, 47.422], [8.6831, 47.4221], [8.6832, 47.4221], [8.6833, 47.4222], [8.6834, 47.4223], [8.6835, 47.4223], [8.6836, 47.4224], [8.6837, 47.4224], [8.6838, 47.4225], [8.6839, 47.4225], [8.684, 47.4226], [8.6841, 47.4227], [8.6842, 47.4228], [8.6843, 47.4228], [8.6844, 47.4229], [8.6845, 47.423], [8.6846, 47.4231], [8.6847, 47.4232], [8.6848, 47.4232], [8.6851, 47.4234], [8.6852, 47.4236], [8.6855, 47.4239]], [[8.6855, 47.4239], [8.6855, 47.424], [8.6856, 47.424], [8.6857, 47.4241], [8.6858, 47.4242], [8.6858, 47.4243], [8.6859, 47.4244], [8.686, 47.4245], [8.686, 47.4246], [8.6861, 47.4247], [8.6862, 47.4248], [8.6862, 47.4249], [8.6863, 47.425], [8.6864, 47.4251], [8.6864, 47.4252], [8.6869, 47.4262], [8.6872, 47.4267]], [[8.6872, 47.4267], [8.6876, 47.4273]], [[8.6876, 47.4273], [8.6876, 47.4274], [8.6877, 47.4275], [8.688, 47.4279], [8.6881, 47.4282], [8.6883, 47.4286]], [[8.6883, 47.4286], [8.6885, 47.4288], [8.689, 47.4297], [8.6896, 47.4307], [8.6901, 47.4318], [8.6905, 47.4324]], [[8.6905, 47.4324], [8.6906, 47.4327], [8.6907, 47.4329], [8.6908, 47.433], [8.6909, 47.4331], [8.6909, 47.4332], [8.691, 47.4333], [8.6911, 47.4335], [8.6912, 47.4335], [8.6912, 47.4336], [8.6914, 47.4338], [8.6915, 47.4339], [8.6916, 47.434], [8.6917, 47.4341], [8.6918, 47.4343], [8.692, 47.4344], [8.6921, 47.4345], [8.6922, 47.4346], [8.6923, 47.4346], [8.6924, 47.4347], [8.6926, 47.4348], [8.6927, 47.4349], [8.6929, 47.435], [8.693, 47.4351], [8.6931, 47.4352], [8.6932, 47.4352], [8.6933, 47.4353], [8.6935, 47.4354], [8.6936, 47.4354], [8.6938, 47.4355], [8.6939, 47.4356], [8.694, 47.4356], [8.6942, 47.4357], [8.6943, 47.4357], [8.6945, 47.4358], [8.6946, 47.4358], [8.6947, 47.4359], [8.6948, 47.4359], [8.6949, 47.436], [8.695, 47.436], [8.6951, 47.436], [8.6952, 47.436], [8.6954, 47.4361], [8.6956, 47.4361], [8.6958, 47.4362], [8.696, 47.4362], [8.6962, 47.4363], [8.6965, 47.4363], [8.6968, 47.4363]], [[8.6968, 47.4363], [8.6971, 47.4364], [8.6984, 47.4366], [8.6987, 47.4366], [8.6989, 47.4367], [8.6992, 47.4367], [8.6994, 47.4367], [8.6996, 47.4368], [8.6998, 47.4368], [8.7, 47.4369], [8.7003, 47.437], [8.7007, 47.4371], [8.7009, 47.4372], [8.7011, 47.4373]], [[8.7011, 47.4373], [8.7014, 47.4374]], [[8.7014, 47.4374], [8.7016, 47.4375], [8.7019, 47.4376], [8.702, 47.4377], [8.7021, 47.4377], [8.7023, 47.4378], [8.7024, 47.4379], [8.7025, 47.438], [8.7027, 47.438], [8.703, 47.4382], [8.7031, 47.4384], [8.7033, 47.4385], [8.7034, 47.4386], [8.7035, 47.4387], [8.7037, 47.4389], [8.7038, 47.439], [8.7039, 47.4391], [8.7041, 47.4393], [8.7042, 47.4394], [8.7043, 47.4396], [8.7044, 47.4397], [8.7045, 47.4398], [8.7046, 47.44], [8.7047, 47.4401], [8.7047, 47.4403], [8.7048, 47.4404], [8.7049, 47.4406], [8.7049, 47.4408], [8.705, 47.4409], [8.705, 47.441], [8.7051, 47.4412], [8.7051, 47.4414], [8.7051, 47.4415], [8.7051, 47.4417], [8.7051, 47.4419], [8.7051, 47.4421], [8.7051, 47.4422], [8.7051, 47.4423]], [[8.7051, 47.4423], [8.7051, 47.4424]], [[8.7051, 47.4424], [8.7051, 47.4425], [8.7051, 47.4426], [8.7051, 47.4427], [8.7051, 47.4429], [8.705, 47.443], [8.705, 47.4431], [8.705, 47.4433], [8.7049, 47.4434], [8.7049, 47.4436], [8.7043, 47.4456], [8.7042, 47.4458], [8.7042, 47.4459], [8.7042, 47.4461], [8.7041, 47.4462], [8.7041, 47.4464], [8.7041, 47.4466], [8.7041, 47.4468], [8.7041, 47.4469], [8.7041, 47.4471], [8.7041, 47.4472], [8.7041, 47.4474], [8.7041, 47.4476], [8.7041, 47.4477], [8.7041, 47.4478], [8.7042, 47.4479], [8.7042, 47.4481], [8.7043, 47.4485], [8.7044, 47.4488], [8.7048, 47.45]], [[8.7048, 47.45], [8.7048, 47.4501], [8.7052, 47.4511], [8.7054, 47.4519]], [[8.7054, 47.4519], [8.7058, 47.453], [8.7063, 47.4546]], [[8.7063, 47.4546], [8.7064, 47.455], [8.7068, 47.456]], [[8.7068, 47.456], [8.7074, 47.458], [8.7077, 47.4588], [8.7077, 47.459]], [[8.7077, 47.459], [8.7078, 47.4592], [8.7078, 47.4593], [8.7079, 47.4595], [8.7079, 47.4597], [8.708, 47.4598], [8.708, 47.4599], [8.708, 47.46], [8.708, 47.4601], [8.708, 47.4602], [8.7081, 47.4604], [8.7081, 47.4605], [8.7081, 47.4606], [8.7081, 47.4607], [8.7081, 47.4608], [8.7081, 47.461], [8.7081, 47.4611], [8.708, 47.4612], [8.708, 47.4613], [8.708, 47.4614], [8.708, 47.4615], [8.708, 47.4616], [8.708, 47.4617], [8.7079, 47.4618], [8.7079, 47.4619], [8.7078, 47.4621], [8.7078, 47.4622], [8.7077, 47.4623], [8.7077, 47.4625], [8.7076, 47.4626], [8.7075, 47.4629], [8.7074, 47.4632], [8.7073, 47.4633], [8.7073, 47.4634], [8.7072, 47.4635], [8.7072, 47.4636], [8.7071, 47.4637], [8.7071, 47.4638], [8.7071, 47.4639], [8.707, 47.464], [8.707, 47.4641], [8.707, 47.4642], [8.7069, 47.4644], [8.7069, 47.4645], [8.7069, 47.4646], [8.7069, 47.4647], [8.7069, 47.4648], [8.7069, 47.4649], [8.7069, 47.4652], [8.7067, 47.4673]], [[8.7067, 47.4674], [8.7066, 47.4682]], [[8.7065, 47.4699], [8.7064, 47.4708], [8.7064, 47.4715], [8.7063, 47.472], [8.7063, 47.4725]], [[8.7063, 47.4725], [8.7063, 47.4726]], [[8.7063, 47.4726], [8.7063, 47.4729], [8.7063, 47.4731]], [[8.7063, 47.4731], [8.7063, 47.4732], [8.7062, 47.4738]], [[8.7062, 47.4738], [8.7062, 47.4743], [8.7061, 47.4745], [8.7061, 47.4748], [8.706, 47.4753], [8.706, 47.4755], [8.706, 47.4757], [8.706, 47.4758], [8.706, 47.476], [8.706, 47.4761], [8.706, 47.4763], [8.706, 47.4764], [8.706, 47.4765], [8.706, 47.4767], [8.706, 47.4769], [8.706, 47.4771], [8.706, 47.4772], [8.7061, 47.4773]], [[8.7061, 47.4773], [8.7061, 47.4774], [8.7061, 47.4776], [8.7062, 47.4777], [8.7062, 47.4779], [8.7063, 47.4782], [8.7064, 47.4784], [8.7064, 47.4785], [8.7065, 47.4788], [8.7066, 47.479], [8.7067, 47.4792], [8.7068, 47.4794], [8.7069, 47.4796], [8.7071, 47.4797], [8.7072, 47.48], [8.7073, 47.4801], [8.7075, 47.4804], [8.7076, 47.4806], [8.7078, 47.4808]], [[8.7078, 47.4808], [8.7079, 47.4809], [8.7081, 47.4811]], [[8.7081, 47.4811], [8.7085, 47.4817]], [[8.7085, 47.4817], [8.7108, 47.4846]], [[8.7108, 47.4846], [8.7109, 47.4847]], [[8.7109, 47.4847], [8.7116, 47.4856], [8.7119, 47.486], [8.7121, 47.4862], [8.7127, 47.4869]], [[8.7127, 47.4869], [8.7133, 47.4877], [8.7136, 47.4881], [8.7142, 47.4888], [8.7149, 47.4897]], [[8.7149, 47.4897], [8.7163, 47.4912], [8.7167, 47.4918]], [[8.7167, 47.4918], [8.7168, 47.4919]], [[8.7168, 47.4919], [8.7171, 47.4923]], [[8.7175, 47.4929], [8.7174, 47.4927], [8.7172, 47.4924], [8.7171, 47.4923]], [[8.7175, 47.4929], [8.7179, 47.4934]], [[8.7179, 47.4934], [8.7202, 47.4962]], [[8.7202, 47.4962], [8.7202, 47.4963]], [[8.7202, 47.4963], [8.7211, 47.4973]], [[8.7211, 47.4973], [8.7213, 47.4977]], [[8.7213, 47.4977], [8.7215, 47.4978]]]}, "properties": {"ref": "S8", "opened_year": 1990, "is_tunnel": false, "segment_count": 406}}, {"type": "Feature", "geometry": {"type": "MultiLineString", "coordinates": [[[8.5431, 47.3765], [8.5413, 47.3771], [8.5412, 47.3771]], [[8.5412, 47.3771], [8.5406, 47.3773], [8.5399, 47.3775], [8.5392, 47.3776], [8.5386, 47.3778], [8.538, 47.3779], [8.5371, 47.3782], [8.5362, 47.3784], [8.5353, 47.3787], [8.5343, 47.379], [8.5335, 47.3793], [8.5329, 47.3795], [8.5325, 47.3796]], [[8.5325, 47.3797], [8.5329, 47.3796], [8.5337, 47.3794], [8.5344, 47.3793], [8.5352, 47.3791], [8.5361, 47.3788], [8.5373, 47.3785], [8.5381, 47.3783], [8.5385, 47.3782], [8.5389, 47.378], [8.5393, 47.3779], [8.5399, 47.3776], [8.5407, 47.3773], [8.5412, 47.3771]], [[8.5412, 47.3771], [8.5422, 47.3768], [8.5423, 47.3768]]]}, "properties": {"ref": "S8", "opened_year": 1990, "is_tunnel": true, "segment_count": 4}}, {"type": "Feature", "geometry": {"type": "MultiLineString", "coordinates": [[[8.6841, 47.3706], [8.6842, 47.3705], [8.6848, 47.3702], [8.6853, 47.3698], [8.686, 47.3695], [8.6863, 47.3693], [8.6867, 47.3691]], [[8.5481, 47.3673], [8.5483, 47.3671], [8.5485, 47.3669], [8.5486, 47.3669], [8.5488, 47.3668], [8.5489, 47.3667], [8.5491, 47.3666], [8.5493, 47.3665], [8.5495, 47.3664], [8.5496, 47.3663], [8.5498, 47.3662], [8.5502, 47.3661], [8.5502, 47.366], [8.5501, 47.366], [8.5498, 47.3662], [8.5495, 47.3663], [8.5494, 47.3663], [8.5492, 47.3664], [8.549, 47.3665], [8.5488, 47.3666], [8.5487, 47.3667], [8.5485, 47.3669], [8.5484, 47.3669], [8.5482, 47.3671], [8.5481, 47.3671], [8.548, 47.3672], [8.5479, 47.3674], [8.5478, 47.3676], [8.548, 47.3674], [8.5481, 47.3673]], [[8.5153, 47.3857], [8.5156, 47.3856], [8.5159, 47.3855], [8.5162, 47.3854], [8.5166, 47.3853], [8.5169, 47.3853], [8.517, 47.3852], [8.5173, 47.3851], [8.5177, 47.385], [8.5178, 47.385], [8.5185, 47.3848], [8.519, 47.3847], [8.5195, 47.3846], [8.5186, 47.3849], [8.5179, 47.3851], [8.5177, 47.3851], [8.5173, 47.3852], [8.517, 47.3853], [8.5166, 47.3854], [8.5162, 47.3855], [8.516, 47.3856], [8.5156, 47.3856], [8.5153, 47.3857]], [[8.5151, 47.5839], [8.515, 47.5839], [8.5145, 47.5832], [8.5137, 47.5822], [8.5136, 47.582], [8.5134, 47.5817], [8.5131, 47.5813], [8.5132, 47.5813], [8.5134, 47.5816], [8.5137, 47.582], [8.5138, 47.5822], [8.5146, 47.5831], [8.5149, 47.5836], [8.5151, 47.5839]], [[8.5412, 47.6022], [8.5411, 47.6022], [8.5419, 47.6027], [8.5423, 47.6029], [8.5434, 47.6036], [8.5443, 47.6042], [8.5444, 47.6041], [8.5435, 47.6035], [8.5427, 47.6031], [8.5423, 47.6029], [8.542, 47.6026], [8.5412, 47.6022]], [[8.5678, 47.6264], [8.5679, 47.6264], [8.5671, 47.626], [8.5669, 47.6259], [8.5662, 47.6255], [8.5656, 47.6252], [8.5646, 47.6246], [8.5645, 47.6246], [8.5656, 47.6252], [8.5662, 47.6255], [8.5669, 47.6259], [8.5671, 47.626], [8.5678, 47.6264]], [[8.617, 47.6798], [8.6169, 47.6798], [8.6163, 47.6801], [8.6161, 47.6801], [8.616, 47.6802], [8.6156, 47.6803], [8.6153, 47.6804], [8.6152, 47.6804], [8.6151, 47.6805], [8.6149, 47.6805], [8.6148, 47.6806], [8.6147, 47.6806], [8.6146, 47.6806], [8.6145, 47.6806], [8.6144, 47.6806], [8.6143, 47.6807], [8.6142, 47.6807], [8.6141, 47.6807], [8.614, 47.6807], [8.6141, 47.6807], [8.6142, 47.6807], [8.6143, 47.6807], [8.6144, 47.6807], [8.6145, 47.6806], [8.6146, 47.6806], [8.6147, 47.6806], [8.6148, 47.6806], [8.615, 47.6805], [8.6151, 47.6805], [8.6152, 47.6805], [8.6154, 47.6804], [8.6156, 47.6803], [8.6159, 47.6803], [8.616, 47.6802], [8.6161, 47.6802], [8.6163, 47.6801], [8.617, 47.6798], [8.6177, 47.6795], [8.617, 47.6798]], [[8.6253, 47.6822], [8.6254, 47.6822], [8.6253, 47.6824], [8.6253, 47.6825], [8.6253, 47.6826], [8.6253, 47.6827], [8.6252, 47.6829], [8.6252, 47.6831], [8.6251, 47.6832], [8.6251, 47.6834], [8.625, 47.6835], [8.625, 47.6837], [8.6249, 47.6839], [8.6249, 47.684], [8.6248, 47.6841], [8.6247, 47.6843], [8.6246, 47.6845], [8.6243, 47.6852], [8.6245, 47.6848], [8.6246, 47.6845], [8.6248, 47.6838], [8.6249, 47.6837], [8.6249, 47.6835], [8.625, 47.6834], [8.6251, 47.6831], [8.6252, 47.6828], [8.6252, 47.6827], [8.6252, 47.6826], [8.6253, 47.6825], [8.6253, 47.6824], [8.6253, 47.6822]], [[8.7196, 47.3501], [8.7197, 47.3501], [8.7197, 47.35], [8.7198, 47.35], [8.7198, 47.3499], [8.7199, 47.3499], [8.72, 47.3498], [8.7201, 47.3497], [8.7203, 47.3497], [8.7203, 47.3496], [8.7204, 47.3496], [8.7205, 47.3495], [8.7206, 47.3495]], [[8.7163, 47.352], [8.7178, 47.3511], [8.718, 47.351], [8.7185, 47.3508], [8.7188, 47.3506], [8.7195, 47.3501], [8.7196, 47.3501]], [[8.7126, 47.3541], [8.7127, 47.354], [8.7128, 47.3539], [8.7129, 47.3539], [8.7132, 47.3537], [8.7144, 47.3531], [8.7154, 47.3525], [8.7155, 47.3524], [8.7156, 47.3523], [8.7157, 47.3523], [8.7158, 47.3522], [8.7159, 47.3522], [8.716, 47.3521], [8.7161, 47.3521], [8.7162, 47.3521], [8.7163, 47.352]], [[8.7114, 47.3547], [8.7116, 47.3546], [8.7117, 47.3546], [8.7118, 47.3545], [8.7121, 47.3543], [8.7122, 47.3543], [8.7123, 47.3542], [8.7124, 47.3542], [8.7126, 47.3541]], [[8.7114, 47.3547], [8.7113, 47.3548]], [[8.7103, 47.3553], [8.7104, 47.3552], [8.7105, 47.3552], [8.7106, 47.3552], [8.7109, 47.355], [8.711, 47.3549], [8.7111, 47.3549], [8.7113, 47.3548]], [[8.7103, 47.3553], [8.7095, 47.3558], [8.7082, 47.3565], [8.7079, 47.3567], [8.7075, 47.3569], [8.7069, 47.3573], [8.7063, 47.3576], [8.7058, 47.358], [8.7055, 47.3581], [8.7053, 47.3583], [8.705, 47.3585], [8.7047, 47.3586], [8.7043, 47.3588], [8.704, 47.3591], [8.7036, 47.3593], [8.7032, 47.3595], [8.703, 47.3596], [8.7025, 47.3599]], [[8.7025, 47.3599], [8.7008, 47.3609], [8.7, 47.3614], [8.6991, 47.3619], [8.698, 47.3625], [8.6927, 47.3656]], [[8.6927, 47.3656], [8.6915, 47.3663]], [[8.6915, 47.3663], [8.69, 47.3671], [8.6887, 47.3679], [8.6886, 47.3679], [8.6867, 47.3691]], [[8.6867, 47.3691], [8.6856, 47.3697], [8.6841, 47.3706]], [[8.6841, 47.3706], [8.6839, 47.3707]], [[8.6839, 47.3707], [8.6815, 47.3721], [8.6754, 47.3757], [8.6752, 47.3758], [8.6744, 47.3762], [8.6733, 47.3768], [8.6729, 47.377], [8.6664, 47.3803], [8.6632, 47.382]], [[8.6632, 47.382], [8.6631, 47.382]], [[8.6631, 47.382], [8.663, 47.382]], [[8.663, 47.382], [8.6623, 47.3824], [8.662, 47.3826], [8.6617, 47.3827], [8.6608, 47.3831]], [[8.6608, 47.3831], [8.6601, 47.3835], [8.6595, 47.3838], [8.6587, 47.3842], [8.6582, 47.3844], [8.6578, 47.3846], [8.6568, 47.3851], [8.6566, 47.3853], [8.6553, 47.3859], [8.6541, 47.3866], [8.6529, 47.3872], [8.6517, 47.3878]], [[8.6517, 47.3878], [8.651, 47.3881], [8.6506, 47.3883], [8.6496, 47.3889], [8.6453, 47.391], [8.645, 47.3912], [8.6446, 47.3914], [8.6444, 47.3915], [8.6442, 47.3916], [8.644, 47.3917], [8.6437, 47.3918], [8.6433, 47.392], [8.6428, 47.3922], [8.6408, 47.393], [8.6398, 47.3934]], [[8.6398, 47.3934], [8.6395, 47.3935]], [[8.6395, 47.3935], [8.6331, 47.3962], [8.6322, 47.3965], [8.6317, 47.3968], [8.6314, 47.3968], [8.631, 47.397], [8.6292, 47.3978]], [[8.6292, 47.3978], [8.6283, 47.3982]], [[8.6283, 47.3982], [8.6278, 47.3984], [8.6272, 47.3987], [8.6267, 47.3989], [8.6263, 47.3991], [8.6248, 47.3997], [8.6234, 47.4002], [8.6227, 47.4005], [8.6223, 47.4007], [8.6221, 47.4008], [8.6219, 47.4008], [8.6217, 47.4009], [8.6215, 47.401], [8.6211, 47.4012]], [[8.6211, 47.4012], [8.6208, 47.4013]], [[8.6208, 47.4013], [8.6205, 47.4014], [8.6202, 47.4015], [8.6195, 47.4018], [8.6188, 47.4021]], [[8.6188, 47.4021], [8.6187, 47.4021]], [[8.6187, 47.4021], [8.6186, 47.4022]], [[8.6186, 47.4022], [8.6184, 47.4023]], [[8.6184, 47.4023], [8.6171, 47.4028], [8.6149, 47.4037], [8.6143, 47.4039], [8.6135, 47.4043]], [[8.6135, 47.4043], [8.613, 47.4044], [8.6127, 47.4046], [8.6124, 47.4047], [8.6119, 47.4049]], [[8.6119, 47.4049], [8.6116, 47.4049]], [[8.6116, 47.4049], [8.6114, 47.405], [8.6112, 47.4051], [8.611, 47.4051], [8.6109, 47.4052], [8.6108, 47.4052], [8.6106, 47.4052], [8.6104, 47.4053], [8.6103, 47.4053], [8.6101, 47.4053], [8.6099, 47.4054]], [[8.6099, 47.4054], [8.6098, 47.4054], [8.6096, 47.4054], [8.6095, 47.4054], [8.6094, 47.4054], [8.6093, 47.4054], [8.6091, 47.4054], [8.609, 47.4054], [8.6089, 47.4054], [8.6088, 47.4054], [8.6087, 47.4054], [8.6086, 47.4054], [8.6085, 47.4054], [8.6084, 47.4054], [8.6083, 47.4054], [8.6082, 47.4054], [8.6081, 47.4054], [8.608, 47.4054], [8.6079, 47.4054], [8.6078, 47.4054], [8.6077, 47.4054], [8.6075, 47.4053], [8.6074, 47.4053], [8.6073, 47.4053], [8.6072, 47.4053], [8.6071, 47.4053], [8.607, 47.4052], [8.6069, 47.4052], [8.6068, 47.4052], [8.6067, 47.4052], [8.6066, 47.4051], [8.6065, 47.4051], [8.6064, 47.4051], [8.6063, 47.4051], [8.6061, 47.405], [8.606, 47.4049], [8.6059, 47.4049], [8.6057, 47.4048], [8.6056, 47.4048], [8.6054, 47.4047], [8.6052, 47.4046], [8.605, 47.4045], [8.6048, 47.4045]], [[8.6048, 47.4045], [8.6042, 47.4042], [8.6026, 47.4033], [8.6017, 47.4029], [8.601, 47.4025], [8.6005, 47.4022]], [[8.6005, 47.4022], [8.6003, 47.4022], [8.6002, 47.4021], [8.6001, 47.402], [8.6, 47.4019], [8.5998, 47.4019], [8.5997, 47.4018]], [[8.5997, 47.4018], [8.5996, 47.4017], [8.5994, 47.4015], [8.5992, 47.4014], [8.599, 47.4012], [8.5989, 47.4011], [8.5988, 47.401], [8.5987, 47.4009], [8.5985, 47.4007], [8.5984, 47.4006], [8.5981, 47.4003]], [[8.5981, 47.4003], [8.5979, 47.4], [8.5977, 47.3997], [8.5974, 47.3994], [8.5972, 47.399]], [[8.5972, 47.399], [8.5971, 47.3988], [8.597, 47.3987]], [[8.597, 47.3987], [8.5968, 47.3984], [8.5967, 47.3981]], [[8.5501, 47.366], [8.5499, 47.3661], [8.5497, 47.3662], [8.5496, 47.3662], [8.5494, 47.3663], [8.5492, 47.3664], [8.549, 47.3665], [8.5489, 47.3666], [8.5487, 47.3667], [8.5486, 47.3668], [8.5484, 47.3669], [8.5483, 47.367], [8.5482, 47.3671], [8.5481, 47.3672], [8.548, 47.3673], [8.5479, 47.3674], [8.5478, 47.3675], [8.5477, 47.3676]], [[8.5323, 47.3805], [8.5313, 47.3808], [8.531, 47.3809], [8.5307, 47.381], [8.5305, 47.381]], [[8.5305, 47.381], [8.5299, 47.3811], [8.5296, 47.3812], [8.5293, 47.3812], [8.5291, 47.3813], [8.5289, 47.3813], [8.5287, 47.3814], [8.5286, 47.3814], [8.5285, 47.3814]], [[8.5285, 47.3814], [8.5283, 47.3815], [8.5282, 47.3815], [8.5281, 47.3816], [8.528, 47.3816]], [[8.528, 47.3816], [8.5279, 47.3817], [8.5278, 47.3817], [8.5276, 47.3818], [8.5275, 47.3818], [8.5274, 47.3819], [8.5272, 47.382], [8.5271, 47.382], [8.5267, 47.3823], [8.5266, 47.3823], [8.5263, 47.3824], [8.526, 47.3826], [8.5258, 47.3827], [8.5257, 47.3828], [8.5254, 47.3829], [8.5253, 47.3829], [8.5251, 47.383], [8.5249, 47.3831], [8.5248, 47.3831], [8.5246, 47.3832], [8.5243, 47.3833], [8.5241, 47.3833], [8.5238, 47.3834], [8.5235, 47.3835], [8.523, 47.3837], [8.5226, 47.3838]], [[8.5226, 47.3838], [8.5209, 47.3842]], [[8.5209, 47.3842], [8.5206, 47.3843], [8.5204, 47.3843], [8.5202, 47.3844], [8.5201, 47.3844], [8.5199, 47.3845], [8.5193, 47.3846], [8.5189, 47.3847], [8.5174, 47.3851]], [[8.5174, 47.3851], [8.5159, 47.3855], [8.5153, 47.3857], [8.5152, 47.3857], [8.5148, 47.3858], [8.5146, 47.3859], [8.5141, 47.386]], [[8.5141, 47.386], [8.5139, 47.386], [8.5137, 47.3861], [8.5135, 47.3862], [8.5133, 47.3862], [8.5132, 47.3863], [8.513, 47.3864], [8.5129, 47.3864], [8.5127, 47.3865], [8.5126, 47.3865], [8.5125, 47.3866], [8.5124, 47.3866], [8.5123, 47.3867], [8.5122, 47.3868], [8.5121, 47.3868], [8.512, 47.3869], [8.5119, 47.3869], [8.5118, 47.387], [8.5117, 47.3871], [8.5116, 47.3872], [8.5115, 47.3873], [8.5114, 47.3874], [8.5113, 47.3875], [8.5112, 47.3876], [8.5111, 47.3877], [8.5111, 47.3878], [8.511, 47.3879], [8.5109, 47.388], [8.5109, 47.3881], [8.5108, 47.3882], [8.5108, 47.3883], [8.5108, 47.3884], [8.5107, 47.3885], [8.5107, 47.3886], [8.5107, 47.3887], [8.5106, 47.3888], [8.5106, 47.3889], [8.5106, 47.389], [8.5106, 47.3891], [8.5106, 47.3892], [8.5106, 47.3893], [8.5106, 47.3894], [8.5106, 47.3895], [8.5106, 47.3896], [8.5107, 47.3897], [8.5107, 47.3898], [8.5107, 47.3899], [8.5107, 47.39], [8.5108, 47.3901], [8.5108, 47.3902], [8.5109, 47.3904], [8.5109, 47.3905], [8.511, 47.3906], [8.5111, 47.3908], [8.5112, 47.3911], [8.5113, 47.3913], [8.5114, 47.3915]], [[8.5114, 47.3915], [8.5118, 47.3922], [8.5123, 47.3932]], [[8.5123, 47.3932], [8.5128, 47.394], [8.513, 47.3943], [8.5133, 47.3948], [8.5133, 47.395]], [[8.5133, 47.395], [8.5135, 47.3952]], [[8.5359, 47.4053], [8.536, 47.4054], [8.5361, 47.4056], [8.5362, 47.4057], [8.5363, 47.4059], [8.5364, 47.4059], [8.5365, 47.4062], [8.5366, 47.4064], [8.5368, 47.4067]], [[8.5368, 47.4067], [8.5369, 47.4068]], [[8.5369, 47.4068], [8.5371, 47.4072], [8.5373, 47.4077], [8.5375, 47.4079], [8.5376, 47.408], [8.5376, 47.4081], [8.5377, 47.4083], [8.5378, 47.4084]], [[8.5378, 47.4084], [8.5382, 47.4088], [8.5384, 47.409], [8.5387, 47.4092], [8.5389, 47.4094], [8.5391, 47.4096], [8.5393, 47.4097], [8.5395, 47.4099], [8.5397, 47.41], [8.54, 47.4102]], [[8.54, 47.4102], [8.5409, 47.4107], [8.5413, 47.4108], [8.5416, 47.411], [8.5418, 47.4111], [8.5419, 47.4112], [8.542, 47.4113], [8.5421, 47.4113], [8.5423, 47.4114], [8.5424, 47.4114], [8.5426, 47.4115], [8.5427, 47.4116], [8.5428, 47.4116], [8.543, 47.4117], [8.5431, 47.4118], [8.5432, 47.4118], [8.5433, 47.4118], [8.5436, 47.4119], [8.5437, 47.412], [8.5442, 47.4122], [8.545, 47.4124], [8.5452, 47.4125], [8.5454, 47.4126], [8.5455, 47.4126], [8.5456, 47.4126], [8.5457, 47.4127], [8.5458, 47.4127], [8.5459, 47.4128], [8.546, 47.4128], [8.5461, 47.4129]], [[8.5461, 47.4129], [8.5462, 47.413], [8.5463, 47.413], [8.5464, 47.4131], [8.5465, 47.4132]], [[8.5465, 47.4132], [8.5466, 47.4132], [8.5467, 47.4133], [8.5468, 47.4134], [8.5469, 47.4134], [8.547, 47.4136]], [[8.547, 47.4136], [8.5471, 47.4136], [8.5473, 47.4138]], [[8.5473, 47.4138], [8.5475, 47.414]], [[8.5475, 47.414], [8.5477, 47.4142], [8.548, 47.4145]], [[8.548, 47.4145], [8.5482, 47.4147]], [[8.5482, 47.4147], [8.5486, 47.4152], [8.5487, 47.4153]], [[8.5487, 47.4153], [8.549, 47.4156], [8.5495, 47.4162]], [[8.5495, 47.4162], [8.5499, 47.4166], [8.5501, 47.4169], [8.5503, 47.4171], [8.5504, 47.4172], [8.5506, 47.4174], [8.5507, 47.4177], [8.5512, 47.4183], [8.5514, 47.4185], [8.5515, 47.4188], [8.5517, 47.419], [8.5519, 47.4192], [8.5521, 47.4196], [8.5526, 47.4205]], [[8.5526, 47.4205], [8.5527, 47.4206], [8.5527, 47.4207], [8.5528, 47.4209], [8.5529, 47.421], [8.5531, 47.4211], [8.5532, 47.4212], [8.5533, 47.4214]], [[8.5533, 47.4214], [8.5534, 47.4215], [8.5549, 47.423], [8.5551, 47.4232]], [[8.5551, 47.4232], [8.5556, 47.4237], [8.5561, 47.4241], [8.5563, 47.4243], [8.5565, 47.4245], [8.5568, 47.4247], [8.557, 47.4249], [8.5572, 47.425], [8.5574, 47.4251], [8.5576, 47.4253], [8.5577, 47.4254], [8.5579, 47.4255], [8.5582, 47.4258], [8.5583, 47.4259], [8.5585, 47.4261], [8.5586, 47.4262], [8.5587, 47.4263]], [[8.5587, 47.4263], [8.5588, 47.4264], [8.5589, 47.4265], [8.559, 47.4266], [8.559, 47.4267], [8.5591, 47.4268], [8.5592, 47.427], [8.5593, 47.4271], [8.5594, 47.4273], [8.5594, 47.4274], [8.5595, 47.4275], [8.5595, 47.4276], [8.5596, 47.4277], [8.5596, 47.4279], [8.5596, 47.428]], [[8.5596, 47.428], [8.5596, 47.4281], [8.5597, 47.4281], [8.5597, 47.4282], [8.5597, 47.4283], [8.5597, 47.4284], [8.5597, 47.4285], [8.5597, 47.4286], [8.5597, 47.4287], [8.5597, 47.4288], [8.5597, 47.4289], [8.5597, 47.429], [8.5597, 47.4291], [8.5597, 47.4292], [8.5596, 47.4293], [8.5596, 47.4294]], [[8.5595, 47.4295], [8.5595, 47.4296]], [[8.5595, 47.4296], [8.5595, 47.4297], [8.5594, 47.4298], [8.5594, 47.4299], [8.5593, 47.4299], [8.5593, 47.43], [8.5592, 47.4301], [8.5592, 47.4302], [8.5591, 47.4302], [8.559, 47.4303], [8.559, 47.4304], [8.5589, 47.4305], [8.5588, 47.4306], [8.5587, 47.4307], [8.5586, 47.4307], [8.5585, 47.4309], [8.5584, 47.431], [8.5583, 47.4311], [8.5581, 47.4312], [8.558, 47.4313], [8.5579, 47.4313], [8.5578, 47.4314], [8.5576, 47.4315], [8.5575, 47.4316], [8.5574, 47.4317], [8.5569, 47.432]], [[8.5569, 47.432], [8.5553, 47.4329], [8.5532, 47.4341]], [[8.5532, 47.4341], [8.553, 47.4343]], [[8.553, 47.4343], [8.5518, 47.4349]], [[8.5518, 47.4349], [8.5517, 47.435]], [[8.5517, 47.435], [8.5508, 47.4356], [8.5503, 47.4359], [8.5499, 47.4361], [8.5495, 47.4364], [8.5492, 47.4366], [8.5488, 47.4369], [8.5484, 47.4372], [8.548, 47.4374], [8.5477, 47.4377], [8.5473, 47.438], [8.5467, 47.4384], [8.5465, 47.4386], [8.5463, 47.4388], [8.5458, 47.4393], [8.5455, 47.4395], [8.5452, 47.4397], [8.5443, 47.4407], [8.5436, 47.4413]], [[8.5436, 47.4413], [8.5433, 47.4417], [8.5431, 47.442], [8.5428, 47.4422], [8.5426, 47.4425], [8.5424, 47.4428], [8.5421, 47.4431], [8.542, 47.4433], [8.5417, 47.4436], [8.5414, 47.444], [8.5412, 47.4443], [8.541, 47.4446], [8.5408, 47.4449], [8.5406, 47.4453], [8.5391, 47.4478], [8.539, 47.448], [8.5389, 47.4482], [8.5387, 47.4484], [8.5386, 47.4485], [8.5385, 47.4487], [8.5384, 47.4489], [8.5382, 47.4491], [8.5381, 47.4493]], [[8.5381, 47.4493], [8.5379, 47.4495], [8.5378, 47.4497], [8.5377, 47.4498], [8.5375, 47.4499], [8.5373, 47.4502], [8.5371, 47.4504]], [[8.5371, 47.4504], [8.5371, 47.4505], [8.5369, 47.4507], [8.5367, 47.4508], [8.5366, 47.451], [8.5364, 47.4512], [8.5362, 47.4513], [8.5361, 47.4514], [8.5359, 47.4516]], [[8.5359, 47.4516], [8.5358, 47.4517]], [[8.5358, 47.4517], [8.5355, 47.452], [8.5353, 47.4522], [8.5351, 47.4524], [8.5349, 47.4525], [8.5346, 47.4528], [8.5344, 47.453], [8.5341, 47.4532], [8.5337, 47.4535], [8.5331, 47.454], [8.5315, 47.4552]], [[8.5315, 47.4552], [8.5314, 47.4553]], [[8.5314, 47.4553], [8.5313, 47.4554], [8.5311, 47.4556], [8.5309, 47.4557], [8.5308, 47.4558], [8.5307, 47.4559], [8.5306, 47.456], [8.5304, 47.456], [8.5304, 47.4561], [8.5303, 47.4561], [8.5301, 47.4562], [8.53, 47.4563], [8.5298, 47.4564], [8.5297, 47.4565], [8.5295, 47.4566], [8.5294, 47.4566], [8.5292, 47.4567], [8.529, 47.4568], [8.5289, 47.4569], [8.5287, 47.4569], [8.5286, 47.457], [8.5284, 47.4571], [8.5283, 47.4571], [8.5281, 47.4572], [8.528, 47.4572], [8.5279, 47.4573], [8.5277, 47.4573], [8.5275, 47.4574], [8.5274, 47.4574], [8.5272, 47.4574], [8.527, 47.4575], [8.5269, 47.4575], [8.5267, 47.4575], [8.5266, 47.4576], [8.5265, 47.4576], [8.5263, 47.4576], [8.5262, 47.4576], [8.526, 47.4577], [8.5259, 47.4577], [8.5256, 47.4577], [8.5254, 47.4578], [8.5252, 47.4578], [8.5246, 47.4579], [8.5243, 47.4579], [8.5242, 47.4579], [8.524, 47.4579], [8.5238, 47.458], [8.5237, 47.458], [8.5235, 47.458], [8.5233, 47.4581], [8.5231, 47.4581], [8.523, 47.4581], [8.5228, 47.4582], [8.5226, 47.4582], [8.5225, 47.4583], [8.5223, 47.4583], [8.5222, 47.4583], [8.5221, 47.4584], [8.5219, 47.4584], [8.5218, 47.4584], [8.5217, 47.4585], [8.5215, 47.4585], [8.5214, 47.4586], [8.5213, 47.4586], [8.5211, 47.4587], [8.521, 47.4587], [8.5209, 47.4588], [8.5208, 47.4588], [8.5206, 47.4589], [8.5205, 47.459], [8.5204, 47.459], [8.5203, 47.4591], [8.5202, 47.4591], [8.5201, 47.4592], [8.52, 47.4592], [8.5199, 47.4593], [8.5197, 47.4594], [8.5196, 47.4595], [8.5195, 47.4595], [8.5194, 47.4596], [8.5193, 47.4597], [8.5192, 47.4597], [8.5191, 47.4598], [8.519, 47.4599], [8.5189, 47.4599], [8.5188, 47.46], [8.5187, 47.4601], [8.5186, 47.4601], [8.5186, 47.4602], [8.5185, 47.4603], [8.5184, 47.4604], [8.5183, 47.4604], [8.5182, 47.4605], [8.5181, 47.4606], [8.518, 47.4607], [8.5179, 47.4609], [8.5177, 47.461], [8.5176, 47.4611], [8.5175, 47.4613], [8.5174, 47.4614], [8.5171, 47.4617], [8.5169, 47.462], [8.5151, 47.4644], [8.5141, 47.4656], [8.5132, 47.4669], [8.5122, 47.468]], [[8.5122, 47.468], [8.5121, 47.4681]], [[8.5121, 47.4681], [8.5102, 47.4705], [8.5099, 47.4708], [8.5096, 47.4712], [8.5094, 47.4715], [8.5092, 47.4717], [8.509, 47.4719], [8.5088, 47.4721], [8.5086, 47.4723]], [[8.5086, 47.4723], [8.5083, 47.4727], [8.508, 47.473]], [[8.508, 47.473], [8.5076, 47.4734], [8.5075, 47.4735], [8.507, 47.4741], [8.5056, 47.4754], [8.503, 47.4782], [8.5027, 47.4785], [8.5026, 47.4787], [8.5024, 47.4789], [8.5022, 47.479], [8.5021, 47.4792], [8.502, 47.4793], [8.5019, 47.4794], [8.5018, 47.4795], [8.5018, 47.4797], [8.5017, 47.4798], [8.5016, 47.4799], [8.5015, 47.4801], [8.5015, 47.4802], [8.5014, 47.4803], [8.5013, 47.4806]], [[8.5013, 47.4806], [8.5013, 47.4807], [8.5013, 47.4808]], [[8.5013, 47.4808], [8.5012, 47.481], [8.5012, 47.4811], [8.5012, 47.4812], [8.5011, 47.4813], [8.5011, 47.4814], [8.5011, 47.4815], [8.5011, 47.4816], [8.5011, 47.4817], [8.5011, 47.4818], [8.5011, 47.4819], [8.5011, 47.4821], [8.5011, 47.4822], [8.5011, 47.4823], [8.5011, 47.4825], [8.5011, 47.4826], [8.5011, 47.4827], [8.5012, 47.4829], [8.5012, 47.483], [8.5012, 47.4831], [8.5012, 47.4832], [8.5013, 47.4833], [8.5013, 47.4835], [8.5014, 47.4836], [8.5014, 47.4837], [8.5014, 47.4838], [8.5015, 47.4839], [8.5015, 47.484], [8.5016, 47.484], [8.5017, 47.4842]], [[8.5017, 47.4842], [8.5017, 47.4843], [8.5018, 47.4844], [8.5019, 47.4845], [8.502, 47.4848], [8.5021, 47.485], [8.5026, 47.4858], [8.5036, 47.4873], [8.5037, 47.4876], [8.5038, 47.4877], [8.5039, 47.4879], [8.5041, 47.4884], [8.5044, 47.4889], [8.5045, 47.4891]], [[8.5045, 47.4891], [8.5046, 47.4893], [8.5047, 47.4894], [8.5048, 47.4895]], [[8.5048, 47.4895], [8.5052, 47.4903]], [[8.5052, 47.4903], [8.5055, 47.4908]], [[8.5055, 47.4908], [8.5059, 47.4915], [8.5063, 47.4922]], [[8.5063, 47.4922], [8.5063, 47.4923]], [[8.5063, 47.4923], [8.5103, 47.4988], [8.5142, 47.5052], [8.5144, 47.5056], [8.5145, 47.5057], [8.5146, 47.5059], [8.5147, 47.506], [8.5148, 47.5061], [8.5149, 47.5063], [8.515, 47.5064], [8.5151, 47.5065], [8.5152, 47.5066], [8.5153, 47.5067], [8.5154, 47.5069], [8.5155, 47.507], [8.5156, 47.5071], [8.5157, 47.5072], [8.5157, 47.5073], [8.5158, 47.5074], [8.5159, 47.5075], [8.516, 47.5075], [8.516, 47.5076], [8.5162, 47.5077], [8.5163, 47.5078], [8.5164, 47.508], [8.5165, 47.5081], [8.5166, 47.5082], [8.5167, 47.5083], [8.5168, 47.5083], [8.5169, 47.5084], [8.5172, 47.5086], [8.5173, 47.5087], [8.5174, 47.5088], [8.5175, 47.5089], [8.5177, 47.509], [8.5178, 47.5091], [8.5179, 47.5092], [8.5181, 47.5093], [8.5182, 47.5094], [8.5183, 47.5095], [8.5185, 47.5096], [8.5187, 47.5098], [8.519, 47.5099], [8.5192, 47.51], [8.5239, 47.513]], [[8.5239, 47.513], [8.524, 47.5131]], [[8.524, 47.5131], [8.5256, 47.5141]], [[8.5256, 47.5141], [8.5259, 47.5143]], [[8.5259, 47.5143], [8.527, 47.5149], [8.5277, 47.5153], [8.5286, 47.5158], [8.5295, 47.5162], [8.5343, 47.5183], [8.535, 47.5186], [8.5355, 47.5189], [8.5358, 47.519], [8.536, 47.5191], [8.5364, 47.5194], [8.5365, 47.5195], [8.5366, 47.5196], [8.5367, 47.5196], [8.5367, 47.5197], [8.5368, 47.5197]], [[8.5368, 47.5197], [8.5369, 47.5198], [8.537, 47.5199]], [[8.537, 47.5199], [8.537, 47.52], [8.5371, 47.5201], [8.5372, 47.5202], [8.5372, 47.5203], [8.5373, 47.5204], [8.5374, 47.5206]], [[8.5374, 47.5206], [8.5374, 47.5207], [8.5375, 47.5208], [8.5375, 47.521]], [[8.5375, 47.521], [8.5375, 47.5211], [8.5375, 47.5212], [8.5375, 47.5213], [8.5376, 47.5214], [8.5376, 47.5215], [8.5375, 47.5216]], [[8.5375, 47.5216], [8.5375, 47.5217], [8.5375, 47.5218], [8.5375, 47.5219], [8.5375, 47.522], [8.5374, 47.5221], [8.5374, 47.5222], [8.5374, 47.5223], [8.5373, 47.5224], [8.5373, 47.5225], [8.5373, 47.5226], [8.5372, 47.5226], [8.5371, 47.5227], [8.5371, 47.5228], [8.537, 47.5229], [8.5369, 47.5231], [8.5368, 47.5231], [8.5367, 47.5232], [8.5366, 47.5233], [8.5365, 47.5234], [8.5364, 47.5235], [8.536, 47.5238], [8.534, 47.5254], [8.5334, 47.5258], [8.533, 47.5261], [8.533, 47.5262], [8.5329, 47.5262], [8.5327, 47.5264], [8.5326, 47.5265], [8.5325, 47.5266], [8.5322, 47.5268]], [[8.5322, 47.5268], [8.5318, 47.5271]], [[8.5318, 47.5271], [8.5315, 47.5274], [8.5312, 47.5276], [8.531, 47.5278], [8.5306, 47.5281]], [[8.5306, 47.5281], [8.5302, 47.5284]], [[8.5302, 47.5284], [8.5301, 47.5285], [8.5297, 47.5288]], [[8.5271, 47.5309], [8.5281, 47.53], [8.5297, 47.5288]], [[8.5233, 47.5474], [8.5232, 47.5474], [8.523, 47.547], [8.5228, 47.5467], [8.5226, 47.5464], [8.5225, 47.5462], [8.5224, 47.5459], [8.5224, 47.5456], [8.5223, 47.5453], [8.5223, 47.5451], [8.5224, 47.5447], [8.5225, 47.5443], [8.5226, 47.5439], [8.5229, 47.5436], [8.5231, 47.5433], [8.5235, 47.5429], [8.524, 47.5423], [8.5242, 47.5422], [8.5244, 47.542], [8.5245, 47.5418], [8.5246, 47.5417], [8.5247, 47.5415], [8.5248, 47.5414], [8.5249, 47.5411], [8.5249, 47.5409], [8.525, 47.5407], [8.525, 47.5404], [8.525, 47.5401], [8.525, 47.5398], [8.525, 47.5396], [8.5249, 47.5393], [8.5246, 47.5387], [8.5243, 47.538], [8.5241, 47.5375], [8.524, 47.5373], [8.5239, 47.5371], [8.5239, 47.5369], [8.5239, 47.5368], [8.5239, 47.5366], [8.5239, 47.5362], [8.524, 47.5358], [8.5241, 47.5355], [8.5246, 47.5338], [8.5248, 47.5334], [8.5249, 47.5331], [8.525, 47.5329], [8.5251, 47.5326], [8.5253, 47.5324], [8.5255, 47.5322], [8.5257, 47.532], [8.5259, 47.5317], [8.5263, 47.5315], [8.5271, 47.5309]], [[8.5233, 47.5474], [8.5233, 47.5475], [8.5234, 47.5476], [8.5235, 47.5478], [8.5235, 47.5479], [8.5236, 47.548], [8.5236, 47.5481], [8.5237, 47.5482], [8.5237, 47.5483], [8.5237, 47.5484], [8.5238, 47.5484], [8.5238, 47.5485], [8.5238, 47.5486], [8.5238, 47.5487], [8.5239, 47.5488], [8.5239, 47.549], [8.5239, 47.5491], [8.5239, 47.5492], [8.5239, 47.5493], [8.5239, 47.5494], [8.5239, 47.5495], [8.5239, 47.5497], [8.5239, 47.5498], [8.5239, 47.5499], [8.5238, 47.5501], [8.5238, 47.5507], [8.5238, 47.5508]], [[8.5238, 47.5508], [8.5237, 47.551], [8.5237, 47.5514], [8.5233, 47.5546], [8.5231, 47.5563], [8.523, 47.5568], [8.523, 47.557], [8.523, 47.5571], [8.523, 47.5572], [8.5229, 47.5573], [8.5229, 47.5574], [8.5229, 47.5575], [8.5229, 47.5576], [8.5228, 47.5577], [8.5228, 47.5579], [8.5227, 47.558], [8.5227, 47.5581], [8.5226, 47.5582], [8.5225, 47.5584], [8.5223, 47.5587], [8.5221, 47.5592], [8.522, 47.5595], [8.5219, 47.5597], [8.5218, 47.5599], [8.5218, 47.5601], [8.5217, 47.5604], [8.5217, 47.5606], [8.5217, 47.5607], [8.5217, 47.5612], [8.5217, 47.564]], [[8.5217, 47.564], [8.5217, 47.5641]], [[8.5217, 47.5641], [8.5217, 47.5665], [8.5217, 47.5677], [8.5216, 47.5683], [8.5216, 47.5684], [8.5216, 47.5686], [8.5216, 47.5687], [8.5216, 47.5688], [8.5216, 47.5689]], [[8.5216, 47.5689], [8.5216, 47.569], [8.5216, 47.5691], [8.5215, 47.5692], [8.5215, 47.5693], [8.5215, 47.5694], [8.5214, 47.5695], [8.5214, 47.5696], [8.5213, 47.5697], [8.5213, 47.5698], [8.5212, 47.5699], [8.5211, 47.5701], [8.521, 47.5702], [8.5209, 47.5703], [8.5208, 47.5704], [8.5207, 47.5705], [8.5206, 47.5706], [8.5205, 47.5707], [8.5204, 47.5708], [8.5203, 47.5709], [8.5202, 47.5709], [8.5201, 47.571], [8.52, 47.5711], [8.5199, 47.5711], [8.5197, 47.5712], [8.5196, 47.5713], [8.5194, 47.5714], [8.5192, 47.5715], [8.5191, 47.5715], [8.5189, 47.5716], [8.5188, 47.5716], [8.5187, 47.5717], [8.5185, 47.5717], [8.5184, 47.5718], [8.5183, 47.5718], [8.5182, 47.5718], [8.518, 47.5719]], [[8.518, 47.5719], [8.5177, 47.572]], [[8.5177, 47.572], [8.5171, 47.5721], [8.5155, 47.5725], [8.5132, 47.5731]], [[8.5132, 47.5731], [8.5128, 47.5732], [8.5126, 47.5733], [8.5123, 47.5734], [8.512, 47.5735], [8.5119, 47.5735], [8.5117, 47.5736], [8.5116, 47.5736], [8.5114, 47.5737], [8.5112, 47.5738]], [[8.5112, 47.5738], [8.5111, 47.5739], [8.5109, 47.574], [8.5108, 47.5741], [8.5106, 47.5742], [8.5105, 47.5743], [8.5104, 47.5743], [8.5103, 47.5745], [8.5102, 47.5746], [8.5101, 47.5747], [8.51, 47.5747], [8.51, 47.5749], [8.5099, 47.575], [8.5098, 47.5751], [8.5098, 47.5752], [8.5097, 47.5754], [8.5097, 47.5755], [8.5096, 47.5757]], [[8.5096, 47.5757], [8.5096, 47.5758], [8.5096, 47.5759], [8.5096, 47.576], [8.5096, 47.5761], [8.5096, 47.5762], [8.5096, 47.5763], [8.5097, 47.5763], [8.5097, 47.5764], [8.5097, 47.5765], [8.5097, 47.5766], [8.5098, 47.5767], [8.5099, 47.5769], [8.51, 47.5771], [8.5101, 47.5772], [8.5118, 47.5795]], [[8.5118, 47.5795], [8.5118, 47.5796]], [[8.5118, 47.5796], [8.5121, 47.58]], [[8.5121, 47.58], [8.5127, 47.5808], [8.513, 47.5813]], [[8.513, 47.5813], [8.5131, 47.5813], [8.5137, 47.5822], [8.5142, 47.5828], [8.515, 47.584], [8.5153, 47.5844]], [[8.5153, 47.5844], [8.5154, 47.5844], [8.5157, 47.5849]], [[8.5157, 47.5849], [8.5162, 47.5856], [8.5166, 47.586], [8.5169, 47.5865], [8.517, 47.5866], [8.5171, 47.5867], [8.5172, 47.5868], [8.5173, 47.5869], [8.5175, 47.5871], [8.5176, 47.5873], [8.5177, 47.5874], [8.5178, 47.5875], [8.518, 47.5876], [8.5181, 47.5878], [8.5183, 47.588], [8.5186, 47.5882], [8.5188, 47.5884], [8.5191, 47.5886], [8.5192, 47.5887], [8.5194, 47.5888], [8.5195, 47.589], [8.5198, 47.5891], [8.52, 47.5893], [8.5201, 47.5894], [8.5203, 47.5895], [8.5205, 47.5897], [8.5208, 47.5898], [8.5211, 47.59], [8.5216, 47.5903], [8.5221, 47.5907], [8.5232, 47.5913], [8.5252, 47.5925], [8.5267, 47.5935]], [[8.5267, 47.5935], [8.5268, 47.5935]], [[8.5268, 47.5935], [8.5269, 47.5936], [8.5296, 47.5952], [8.534, 47.5979]], [[8.534, 47.5979], [8.5359, 47.599], [8.5363, 47.5993], [8.537, 47.5997], [8.5371, 47.5998], [8.5378, 47.6002]], [[8.5378, 47.6002], [8.5385, 47.6006], [8.5392, 47.6011], [8.5411, 47.6022], [8.5416, 47.6025], [8.5433, 47.6035], [8.5448, 47.6044], [8.5449, 47.6045], [8.5456, 47.605], [8.5463, 47.6054]], [[8.5463, 47.6054], [8.5464, 47.6054]], [[8.5466, 47.6055], [8.5464, 47.6054]], [[8.5478, 47.6063], [8.5466, 47.6055]], [[8.5478, 47.6063], [8.5479, 47.6064], [8.548, 47.6064], [8.5482, 47.6066], [8.5485, 47.6067], [8.5486, 47.6068], [8.5487, 47.6069]], [[8.5487, 47.6069], [8.5489, 47.607]], [[8.5489, 47.607], [8.549, 47.6071], [8.5492, 47.6072], [8.5493, 47.6072], [8.5494, 47.6073], [8.5495, 47.6074], [8.5496, 47.6075], [8.5497, 47.6076], [8.5498, 47.6077], [8.5499, 47.6078], [8.5501, 47.6079], [8.5502, 47.608], [8.5503, 47.6081], [8.5504, 47.6082], [8.5506, 47.6084], [8.5507, 47.6085], [8.5508, 47.6086], [8.5509, 47.6088], [8.551, 47.6089], [8.5511, 47.609], [8.5512, 47.6091], [8.5513, 47.6092], [8.5514, 47.6093], [8.5514, 47.6094], [8.5515, 47.6095], [8.5516, 47.6096], [8.5516, 47.6097], [8.5517, 47.6098], [8.5518, 47.6099], [8.5518, 47.61], [8.5519, 47.6102], [8.552, 47.6103], [8.552, 47.6104], [8.5521, 47.6106], [8.5522, 47.6107], [8.5523, 47.6109]], [[8.5523, 47.6109], [8.5524, 47.6111], [8.5524, 47.6113], [8.5525, 47.6115], [8.5529, 47.6125], [8.5533, 47.6135]], [[8.5533, 47.6135], [8.5533, 47.6136], [8.5534, 47.6138], [8.5535, 47.614], [8.5535, 47.6141], [8.5535, 47.6142], [8.5536, 47.6143], [8.5537, 47.6144], [8.5537, 47.6145], [8.5538, 47.6146], [8.5538, 47.6147], [8.5539, 47.6148], [8.554, 47.6149], [8.554, 47.615], [8.5541, 47.6151], [8.5542, 47.6152], [8.5543, 47.6152], [8.5543, 47.6153], [8.5544, 47.6154], [8.5545, 47.6154], [8.5546, 47.6155], [8.5546, 47.6156], [8.5547, 47.6157], [8.5548, 47.6158], [8.5549, 47.6159], [8.555, 47.616], [8.5552, 47.6161], [8.5553, 47.6161], [8.5554, 47.6162], [8.5555, 47.6163]], [[8.5555, 47.6163], [8.5556, 47.6164]], [[8.5556, 47.6164], [8.5558, 47.6165], [8.5559, 47.6165], [8.556, 47.6166], [8.5561, 47.6167], [8.5562, 47.6167], [8.5563, 47.6168], [8.5565, 47.6169], [8.5569, 47.6171], [8.5589, 47.6181], [8.5592, 47.6182], [8.5593, 47.6183], [8.5594, 47.6183]], [[8.5594, 47.6183], [8.5595, 47.6184], [8.5596, 47.6184], [8.5597, 47.6185], [8.5598, 47.6185], [8.5599, 47.6186], [8.56, 47.6187], [8.5601, 47.6187], [8.5602, 47.6188], [8.5603, 47.6189], [8.5604, 47.6189], [8.5604, 47.619], [8.5605, 47.6191], [8.5606, 47.6191], [8.5606, 47.6192], [8.5607, 47.6193], [8.5608, 47.6193], [8.5608, 47.6194], [8.5609, 47.6195], [8.561, 47.6196], [8.561, 47.6197], [8.5611, 47.6197], [8.5611, 47.6198], [8.5612, 47.6198], [8.5612, 47.6199], [8.5612, 47.62], [8.5613, 47.62], [8.5613, 47.6201], [8.5613, 47.6202], [8.5614, 47.6203], [8.5614, 47.6204], [8.5614, 47.6205], [8.5615, 47.6206], [8.5615, 47.6207], [8.5615, 47.6208], [8.5616, 47.621], [8.5616, 47.6212], [8.5617, 47.6216], [8.5618, 47.622], [8.5619, 47.6221], [8.5619, 47.6222], [8.5619, 47.6223], [8.562, 47.6225], [8.5621, 47.6226], [8.5621, 47.6227], [8.5622, 47.6228], [8.5623, 47.6229], [8.5624, 47.623], [8.5624, 47.6231], [8.5625, 47.6233], [8.5626, 47.6234], [8.5627, 47.6235], [8.5629, 47.6236], [8.563, 47.6237], [8.5631, 47.6238], [8.5633, 47.6239], [8.5634, 47.624], [8.5635, 47.6241], [8.5637, 47.6242], [8.564, 47.6243], [8.5644, 47.6246]], [[8.5644, 47.6246], [8.5645, 47.6246], [8.5657, 47.6253], [8.566, 47.6255], [8.5664, 47.6256], [8.5667, 47.6258], [8.5672, 47.6261], [8.5674, 47.6262], [8.5678, 47.6264]], [[8.5678, 47.6264], [8.5678, 47.6265], [8.5679, 47.6265]], [[8.5679, 47.6265], [8.568, 47.6265]], [[8.568, 47.6265], [8.568, 47.6266], [8.5683, 47.6267], [8.5686, 47.6269], [8.5688, 47.627], [8.569, 47.6271], [8.5695, 47.6274]], [[8.5695, 47.6274], [8.5698, 47.6276], [8.5699, 47.6276], [8.5701, 47.6277], [8.5702, 47.6278]], [[8.5702, 47.6278], [8.5703, 47.6279], [8.5704, 47.6279], [8.5705, 47.628], [8.5706, 47.6281], [8.5715, 47.6286], [8.572, 47.629], [8.5726, 47.6294], [8.5727, 47.6295], [8.5729, 47.6296], [8.5731, 47.6297], [8.5732, 47.6298], [8.5733, 47.6299], [8.5734, 47.63], [8.5735, 47.6301], [8.5736, 47.6302], [8.5737, 47.6303], [8.5738, 47.6304], [8.5739, 47.6305], [8.5739, 47.6306], [8.574, 47.6306], [8.574, 47.6307], [8.5741, 47.6308], [8.5741, 47.6309], [8.5742, 47.631], [8.5743, 47.6312], [8.5744, 47.6315], [8.5744, 47.6318], [8.5745, 47.6319], [8.5745, 47.632], [8.5745, 47.6322], [8.5745, 47.6323], [8.5745, 47.6324], [8.5745, 47.6325], [8.5744, 47.6326], [8.5744, 47.6327], [8.5744, 47.6328], [8.5743, 47.6329], [8.5743, 47.633], [8.5743, 47.6331], [8.5742, 47.6332], [8.5742, 47.6333], [8.5742, 47.6334], [8.5741, 47.6334], [8.5741, 47.6335], [8.574, 47.6336], [8.574, 47.6337], [8.5739, 47.6338], [8.5738, 47.6339], [8.5737, 47.634], [8.5737, 47.6341], [8.5736, 47.6342], [8.5735, 47.6342], [8.5734, 47.6343], [8.5734, 47.6344], [8.5732, 47.6345], [8.5731, 47.6346], [8.573, 47.6347], [8.5728, 47.6348], [8.5723, 47.6351], [8.572, 47.6354], [8.5719, 47.6354], [8.5717, 47.6355], [8.5716, 47.6356], [8.5715, 47.6357], [8.5714, 47.6358], [8.5713, 47.6359], [8.5712, 47.636], [8.5711, 47.6361], [8.5711, 47.6362], [8.571, 47.6362], [8.5709, 47.6363], [8.5709, 47.6364], [8.5708, 47.6365], [8.5707, 47.6365], [8.5707, 47.6366], [8.5706, 47.6367], [8.5706, 47.6368], [8.5705, 47.637]], [[8.5705, 47.637], [8.5703, 47.6374], [8.57, 47.6379], [8.5697, 47.6384], [8.5695, 47.6389], [8.5693, 47.6392], [8.5692, 47.6394], [8.569, 47.6399], [8.5689, 47.6401], [8.5688, 47.6403], [8.5687, 47.6404], [8.5686, 47.6406], [8.5685, 47.6407], [8.5684, 47.6408], [8.5683, 47.641], [8.5682, 47.6411], [8.5681, 47.6412], [8.568, 47.6413], [8.5678, 47.6414], [8.5677, 47.6416], [8.5676, 47.6417], [8.5674, 47.6418], [8.5673, 47.6419], [8.5671, 47.642], [8.5669, 47.6421], [8.5666, 47.6423]], [[8.5666, 47.6423], [8.5661, 47.6426], [8.5659, 47.6427], [8.5655, 47.6429], [8.5654, 47.643], [8.5652, 47.643], [8.5651, 47.6431], [8.565, 47.6432], [8.5649, 47.6432], [8.5648, 47.6433], [8.5646, 47.6434], [8.5645, 47.6435], [8.5644, 47.6435], [8.5643, 47.6436], [8.5641, 47.6437], [8.564, 47.6438], [8.564, 47.6439], [8.5638, 47.644], [8.5637, 47.6441], [8.5636, 47.6442], [8.5635, 47.6443], [8.5634, 47.6444], [8.5633, 47.6445], [8.5633, 47.6446], [8.5632, 47.6447], [8.5631, 47.6448], [8.563, 47.6449], [8.563, 47.645], [8.5629, 47.6451], [8.5628, 47.6452], [8.5628, 47.6453], [8.5627, 47.6454], [8.5626, 47.6455], [8.5626, 47.6456], [8.5625, 47.6457], [8.5625, 47.6458], [8.5624, 47.646], [8.5624, 47.6461], [8.5624, 47.6462], [8.5623, 47.6463], [8.5623, 47.6464], [8.5623, 47.6465], [8.5623, 47.6466]], [[8.5623, 47.6466], [8.5623, 47.6467]], [[8.5623, 47.6467], [8.5622, 47.6468], [8.5622, 47.6469], [8.5622, 47.647], [8.5622, 47.6471], [8.5622, 47.6472], [8.5622, 47.6475], [8.5622, 47.6478], [8.5623, 47.6482], [8.5624, 47.6485], [8.5625, 47.6488], [8.5627, 47.6491], [8.5629, 47.6495], [8.5631, 47.6498], [8.5632, 47.6499], [8.5635, 47.6503], [8.5638, 47.6507], [8.5642, 47.6511], [8.5645, 47.6515], [8.5648, 47.6518], [8.5651, 47.6521], [8.5654, 47.6523], [8.5655, 47.6524], [8.5657, 47.6525], [8.566, 47.6527], [8.5663, 47.6529], [8.5667, 47.653], [8.567, 47.6532], [8.5674, 47.6533], [8.5677, 47.6534], [8.5678, 47.6534], [8.5682, 47.6535], [8.5711, 47.6541]], [[8.5711, 47.6541], [8.5713, 47.6542]], [[8.5713, 47.6542], [8.5728, 47.6545], [8.5737, 47.6547]], [[8.5737, 47.6547], [8.5772, 47.6554], [8.5788, 47.6557]], [[8.5788, 47.6557], [8.5791, 47.6557], [8.5794, 47.6558], [8.5797, 47.6559], [8.5799, 47.6559], [8.5802, 47.656], [8.5805, 47.656], [8.581, 47.6562], [8.5812, 47.6562], [8.5813, 47.6562], [8.5815, 47.6563], [8.5816, 47.6563], [8.5817, 47.6564], [8.5819, 47.6564]], [[8.5819, 47.6564], [8.5826, 47.6566], [8.5832, 47.6568], [8.5838, 47.657], [8.5842, 47.6571], [8.5844, 47.6572], [8.5846, 47.6573], [8.5849, 47.6574], [8.5853, 47.6575], [8.5856, 47.6577], [8.5869, 47.6582], [8.5873, 47.6584], [8.5885, 47.6589], [8.5891, 47.6591], [8.5905, 47.6597], [8.5924, 47.6604], [8.5931, 47.6607]], [[8.5931, 47.6607], [8.5936, 47.6609]], [[8.5936, 47.6609], [8.5941, 47.6611], [8.5943, 47.6612], [8.5944, 47.6613], [8.5945, 47.6613], [8.5946, 47.6614], [8.5947, 47.6614], [8.5948, 47.6614], [8.5948, 47.6615], [8.5949, 47.6615], [8.595, 47.6616], [8.5951, 47.6616], [8.5951, 47.6617], [8.5952, 47.6617], [8.5953, 47.6618]], [[8.5953, 47.6618], [8.5954, 47.6618], [8.5954, 47.6619]], [[8.5954, 47.6619], [8.5955, 47.662], [8.5956, 47.662], [8.5957, 47.6621], [8.5958, 47.6622], [8.5959, 47.6623], [8.596, 47.6624], [8.5961, 47.6625], [8.5962, 47.6626], [8.5962, 47.6627], [8.5963, 47.6628], [8.5963, 47.6629], [8.5964, 47.663], [8.5965, 47.6632]], [[8.5965, 47.6632], [8.5966, 47.6635], [8.5969, 47.6639], [8.5971, 47.6644], [8.5971, 47.6645]], [[8.5971, 47.6645], [8.5972, 47.6646]], [[8.5972, 47.6646], [8.5973, 47.6647], [8.5976, 47.6653], [8.5977, 47.6656], [8.5978, 47.6658], [8.5981, 47.6663], [8.5983, 47.6668], [8.5986, 47.6673], [8.5988, 47.6678], [8.5989, 47.668], [8.5991, 47.6683], [8.5992, 47.6685], [8.5993, 47.6687], [8.5994, 47.6689], [8.5995, 47.669], [8.5996, 47.6692], [8.5998, 47.6694], [8.5999, 47.6695], [8.6, 47.6697], [8.6002, 47.6699], [8.6003, 47.6701]], [[8.6003, 47.6701], [8.6005, 47.6702], [8.6006, 47.6704]], [[8.6006, 47.6704], [8.6008, 47.6706], [8.601, 47.6707], [8.6014, 47.6712], [8.602, 47.6717], [8.6023, 47.672], [8.6027, 47.6724], [8.6031, 47.6728], [8.6035, 47.6731], [8.6039, 47.6735], [8.6043, 47.6739], [8.6044, 47.6741]], [[8.6044, 47.6741], [8.6052, 47.6747], [8.6058, 47.6753], [8.6062, 47.6757]], [[8.6062, 47.6757], [8.6066, 47.6761]], [[8.6066, 47.6761], [8.6074, 47.6768]], [[8.6082, 47.6776], [8.6085, 47.6779]], [[8.6085, 47.6779], [8.6091, 47.6785]], [[8.6091, 47.6785], [8.6093, 47.6786]], [[8.6093, 47.6786], [8.6095, 47.6788], [8.6095, 47.6789]], [[8.6095, 47.6789], [8.6098, 47.6791], [8.6099, 47.6793], [8.61, 47.6793], [8.6101, 47.6794], [8.6102, 47.6795]], [[8.6102, 47.6795], [8.6104, 47.6796], [8.6104, 47.6797], [8.6105, 47.6798], [8.6106, 47.6798], [8.6107, 47.6799], [8.6108, 47.68], [8.6109, 47.68], [8.611, 47.6801], [8.6111, 47.6801], [8.6112, 47.6802], [8.6113, 47.6802], [8.6114, 47.6803], [8.6115, 47.6803], [8.6116, 47.6804], [8.6117, 47.6804], [8.6119, 47.6805], [8.612, 47.6805], [8.6121, 47.6805], [8.6122, 47.6806], [8.6123, 47.6806], [8.6124, 47.6806]], [[8.6124, 47.6806], [8.6125, 47.6806], [8.6126, 47.6806], [8.6127, 47.6807], [8.6128, 47.6807], [8.6129, 47.6807], [8.613, 47.6807], [8.6131, 47.6807], [8.6132, 47.6807], [8.6133, 47.6807]], [[8.6133, 47.6807], [8.6134, 47.6807], [8.6135, 47.6807], [8.6136, 47.6807], [8.6137, 47.6807]], [[8.6137, 47.6807], [8.6138, 47.6807], [8.6139, 47.6807]], [[8.6139, 47.6807], [8.614, 47.6807], [8.6141, 47.6807], [8.6142, 47.6807], [8.6143, 47.6807], [8.6144, 47.6807], [8.6145, 47.6807], [8.6146, 47.6807], [8.6147, 47.6806], [8.6148, 47.6806], [8.615, 47.6806], [8.6151, 47.6805]], [[8.6151, 47.6805], [8.6153, 47.6805]], [[8.6153, 47.6805], [8.6154, 47.6804], [8.6156, 47.6804], [8.6159, 47.6803], [8.616, 47.6802], [8.6162, 47.6802], [8.6163, 47.6801], [8.6169, 47.6799], [8.6179, 47.6795]], [[8.6179, 47.6795], [8.6182, 47.6794]], [[8.6199, 47.6787], [8.62, 47.6787], [8.6201, 47.6786], [8.6202, 47.6786], [8.6203, 47.6786], [8.6204, 47.6785], [8.6205, 47.6785], [8.6206, 47.6785], [8.6209, 47.6785], [8.6211, 47.6784], [8.6213, 47.6784], [8.6215, 47.6784], [8.6217, 47.6784], [8.6219, 47.6784], [8.622, 47.6784], [8.6221, 47.6784], [8.6222, 47.6785], [8.6224, 47.6785], [8.6225, 47.6785], [8.6226, 47.6785], [8.6227, 47.6785], [8.6228, 47.6786], [8.6229, 47.6786], [8.6231, 47.6786], [8.6232, 47.6787], [8.6233, 47.6787], [8.6234, 47.6787], [8.6235, 47.6788], [8.6236, 47.6788], [8.6237, 47.6789], [8.6238, 47.6789], [8.6239, 47.679], [8.624, 47.679], [8.6241, 47.679], [8.6241, 47.6791], [8.6242, 47.6791], [8.6243, 47.6792], [8.6244, 47.6792], [8.6244, 47.6793], [8.6245, 47.6793], [8.6246, 47.6794], [8.6246, 47.6795], [8.6247, 47.6795], [8.6247, 47.6796], [8.6248, 47.6796], [8.6248, 47.6797], [8.6249, 47.6797], [8.6249, 47.6798], [8.625, 47.6798]], [[8.625, 47.6798], [8.625, 47.6799]], [[8.625, 47.6799], [8.6251, 47.68], [8.6251, 47.6801], [8.6252, 47.6802], [8.6252, 47.6803], [8.6253, 47.6804], [8.6253, 47.6805], [8.6253, 47.6806], [8.6253, 47.6807]], [[8.6254, 47.6816], [8.6254, 47.6811], [8.6254, 47.6809], [8.6253, 47.6808], [8.6253, 47.6807]], [[8.6253, 47.6819], [8.6254, 47.6816]], [[8.624, 47.6858], [8.6241, 47.6855], [8.6242, 47.6852], [8.6244, 47.6849], [8.6244, 47.6848], [8.6245, 47.6845], [8.6246, 47.6844], [8.6248, 47.6838], [8.6249, 47.6837], [8.6249, 47.6835], [8.625, 47.6832], [8.6252, 47.6828], [8.6252, 47.6827], [8.6252, 47.6826], [8.6252, 47.6825], [8.6253, 47.6824], [8.6253, 47.6823], [8.6253, 47.6822], [8.6253, 47.6821], [8.6253, 47.6819]], [[8.6231, 47.6877], [8.6234, 47.6871], [8.624, 47.6858]], [[8.6223, 47.6908], [8.6226, 47.6894], [8.6227, 47.6891], [8.6227, 47.6889], [8.6228, 47.6888], [8.6228, 47.6886], [8.6229, 47.6884], [8.6229, 47.6882], [8.623, 47.688], [8.6231, 47.6879], [8.6231, 47.6877]], [[8.6225, 47.6924], [8.6224, 47.6923], [8.6224, 47.6922], [8.6223, 47.6921], [8.6223, 47.692], [8.6223, 47.6919], [8.6222, 47.6918], [8.6222, 47.6917], [8.6222, 47.6916], [8.6222, 47.6915], [8.6222, 47.6914], [8.6222, 47.6913], [8.6222, 47.6912], [8.6223, 47.6911], [8.6223, 47.6908]], [[8.6227, 47.6927], [8.6226, 47.6926], [8.6225, 47.6925], [8.6225, 47.6924]], [[8.6253, 47.6938], [8.6251, 47.6938], [8.625, 47.6938], [8.6249, 47.6938], [8.6247, 47.6937], [8.6246, 47.6937], [8.6245, 47.6937], [8.6243, 47.6936], [8.6242, 47.6936], [8.624, 47.6936], [8.6239, 47.6935], [8.6238, 47.6934], [8.6236, 47.6934], [8.6235, 47.6933], [8.6234, 47.6933], [8.6233, 47.6932], [8.6232, 47.6931], [8.6231, 47.693], [8.623, 47.693], [8.6229, 47.6929], [8.6228, 47.6928], [8.6227, 47.6927]], [[8.6255, 47.6938], [8.6254, 47.6938], [8.6253, 47.6938]], [[8.6265, 47.6938], [8.6264, 47.6938], [8.6262, 47.6938], [8.6261, 47.6938], [8.626, 47.6938], [8.6258, 47.6938], [8.6257, 47.6938], [8.6256, 47.6938], [8.6255, 47.6938]], [[8.6292, 47.6938], [8.6291, 47.6938], [8.629, 47.6938], [8.6289, 47.6938], [8.6288, 47.6938], [8.6287, 47.6937], [8.6286, 47.6937], [8.6285, 47.6937], [8.6284, 47.6937], [8.6283, 47.6937], [8.6282, 47.6937], [8.6281, 47.6937], [8.628, 47.6937], [8.6279, 47.6937], [8.6278, 47.6937], [8.6277, 47.6937], [8.6276, 47.6937], [8.6275, 47.6937], [8.6274, 47.6937], [8.6273, 47.6937], [8.6272, 47.6937], [8.6271, 47.6937], [8.627, 47.6937], [8.6265, 47.6938]], [[8.6313, 47.6953], [8.6312, 47.6952], [8.6312, 47.6951], [8.6311, 47.695], [8.631, 47.6949], [8.6309, 47.6948], [8.6309, 47.6947], [8.6308, 47.6947], [8.6308, 47.6946], [8.6307, 47.6946], [8.6306, 47.6945], [8.6305, 47.6944], [8.6304, 47.6944], [8.6304, 47.6943], [8.6303, 47.6943], [8.6302, 47.6942], [8.6301, 47.6942], [8.63, 47.6942], [8.63, 47.6941], [8.6299, 47.6941], [8.6298, 47.694], [8.6297, 47.694], [8.6296, 47.694], [8.6295, 47.6939], [8.6294, 47.6939], [8.6292, 47.6938]], [[8.6315, 47.6962], [8.6314, 47.6959], [8.6314, 47.6958], [8.6314, 47.6957], [8.6314, 47.6956], [8.6314, 47.6955], [8.6313, 47.6954], [8.6313, 47.6953]], [[8.6315, 47.6965], [8.6315, 47.6962]], [[8.6315, 47.6967], [8.6315, 47.6965]], [[8.6315, 47.6967], [8.6315, 47.6969], [8.6315, 47.697], [8.6316, 47.6971], [8.6316, 47.6972], [8.6317, 47.6973], [8.6317, 47.6974], [8.6318, 47.6975], [8.6319, 47.6976], [8.632, 47.6977], [8.6326, 47.6983]], [[8.5168, 47.5723], [8.5129, 47.5733], [8.514, 47.573], [8.5149, 47.5728], [8.5153, 47.5727], [8.5156, 47.5726], [8.5159, 47.5725], [8.516, 47.5725], [8.5162, 47.5724], [8.5163, 47.5724], [8.5168, 47.5723]], [[8.5375, 47.5224], [8.5375, 47.5225], [8.5375, 47.5226], [8.5374, 47.5226], [8.5374, 47.5227], [8.5373, 47.5228], [8.5372, 47.5229], [8.5372, 47.523], [8.5371, 47.5231], [8.537, 47.5232], [8.5369, 47.5233], [8.5368, 47.5233], [8.5368, 47.5234], [8.5367, 47.5235], [8.5366, 47.5235], [8.5365, 47.5237], [8.536, 47.524], [8.5356, 47.5243], [8.5341, 47.5255], [8.5342, 47.5255], [8.5357, 47.5243], [8.5365, 47.5237], [8.5368, 47.5235], [8.537, 47.5233], [8.5371, 47.5232], [8.5372, 47.5231], [8.5372, 47.523], [8.5373, 47.5229], [8.5374, 47.5228], [8.5374, 47.5227], [8.5375, 47.5227], [8.5375, 47.5226], [8.5376, 47.5224], [8.5375, 47.5224]], [[8.5115, 47.469], [8.5116, 47.469], [8.5115, 47.4691], [8.5112, 47.4695], [8.5109, 47.4699], [8.5108, 47.47], [8.5105, 47.4703], [8.5104, 47.4704], [8.5103, 47.4706], [8.5101, 47.4708], [8.5098, 47.4712], [8.5096, 47.4714], [8.5095, 47.4715], [8.5094, 47.4715], [8.5099, 47.471], [8.51, 47.4708], [8.5107, 47.47], [8.5115, 47.469]], [[8.6868, 47.3691], [8.6865, 47.3693], [8.6862, 47.3694], [8.6854, 47.3699], [8.6848, 47.3703], [8.6846, 47.3704], [8.6844, 47.3705], [8.6841, 47.3707]], [[8.6309, 47.6947], [8.631, 47.6948], [8.6311, 47.6949], [8.6311, 47.695], [8.6312, 47.6951], [8.6312, 47.6952], [8.6313, 47.6953]], [[8.6309, 47.6947], [8.6308, 47.6946], [8.6307, 47.6945], [8.6306, 47.6945], [8.6306, 47.6944], [8.6305, 47.6944], [8.6304, 47.6943], [8.6303, 47.6943], [8.6303, 47.6942], [8.6302, 47.6942], [8.6301, 47.6941], [8.63, 47.6941], [8.6299, 47.6941], [8.6298, 47.694], [8.6297, 47.694], [8.6296, 47.6939], [8.6295, 47.6939], [8.6294, 47.6939], [8.6293, 47.6938], [8.6292, 47.6938]], [[8.6292, 47.6938], [8.6291, 47.6938], [8.629, 47.6938], [8.6289, 47.6937], [8.6288, 47.6937], [8.6287, 47.6937], [8.6286, 47.6937], [8.6285, 47.6937], [8.6284, 47.6937], [8.6283, 47.6937], [8.6282, 47.6937], [8.6281, 47.6936], [8.628, 47.6936], [8.6279, 47.6936], [8.6278, 47.6936], [8.6277, 47.6937], [8.6276, 47.6937], [8.6275, 47.6937], [8.6274, 47.6937], [8.6273, 47.6937], [8.6272, 47.6937], [8.6271, 47.6937], [8.627, 47.6937], [8.6265, 47.6937]], [[8.6265, 47.6937], [8.6263, 47.6938], [8.6262, 47.6938], [8.6261, 47.6938], [8.626, 47.6938], [8.6258, 47.6938], [8.6257, 47.6938], [8.6256, 47.6938], [8.6255, 47.6938]], [[8.6253, 47.6938], [8.6251, 47.6938], [8.6249, 47.6937], [8.6248, 47.6937], [8.6247, 47.6937], [8.6245, 47.6937], [8.6243, 47.6936], [8.6242, 47.6936], [8.6241, 47.6935], [8.6239, 47.6935], [8.6238, 47.6934], [8.6237, 47.6933], [8.6235, 47.6933], [8.6234, 47.6932], [8.6233, 47.6931], [8.6232, 47.6931], [8.6231, 47.693], [8.623, 47.6929], [8.6229, 47.6929], [8.6229, 47.6928], [8.6228, 47.6927]], [[8.6228, 47.6927], [8.6227, 47.6926], [8.6226, 47.6925], [8.6226, 47.6924]], [[8.6226, 47.6924], [8.6225, 47.6923], [8.6224, 47.6922], [8.6224, 47.6921], [8.6224, 47.692], [8.6223, 47.6919], [8.6223, 47.6918], [8.6223, 47.6917], [8.6223, 47.6916], [8.6223, 47.6915], [8.6223, 47.6914], [8.6223, 47.6913], [8.6223, 47.6912], [8.6223, 47.6911], [8.6223, 47.691], [8.6224, 47.6908]], [[8.6224, 47.6908], [8.6227, 47.6894], [8.6227, 47.6891], [8.6228, 47.6889], [8.6228, 47.6888], [8.6228, 47.6886], [8.6229, 47.6884], [8.623, 47.6882], [8.623, 47.688], [8.6231, 47.688], [8.6231, 47.6879], [8.6232, 47.6876], [8.6233, 47.6874], [8.6235, 47.687]], [[8.6235, 47.687], [8.6237, 47.6866]], [[8.6237, 47.6866], [8.6238, 47.6864], [8.6239, 47.6862], [8.6241, 47.6857], [8.6242, 47.6855], [8.6243, 47.6852], [8.6245, 47.6849], [8.6245, 47.6848], [8.6247, 47.6845], [8.6247, 47.6844], [8.6248, 47.6843], [8.6248, 47.6841], [8.6249, 47.684], [8.6249, 47.6839], [8.625, 47.6837], [8.6251, 47.6835], [8.6252, 47.6832], [8.6252, 47.683], [8.6253, 47.6829], [8.6253, 47.6827], [8.6253, 47.6826], [8.6253, 47.6825], [8.6254, 47.6824], [8.6254, 47.6823], [8.6254, 47.6822], [8.6254, 47.6821], [8.6254, 47.682], [8.6254, 47.6819]], [[8.6253, 47.6807], [8.6254, 47.6808], [8.6254, 47.6809], [8.6254, 47.6813], [8.6254, 47.6816], [8.6254, 47.6817], [8.6254, 47.6819]], [[8.6044, 47.6741], [8.6041, 47.6737], [8.6039, 47.6735], [8.6037, 47.6733], [8.6035, 47.6731], [8.6033, 47.6729], [8.6032, 47.6728], [8.6031, 47.6727], [8.603, 47.6726], [8.6028, 47.6724], [8.6023, 47.672], [8.602, 47.6717], [8.6014, 47.6711], [8.601, 47.6707], [8.6008, 47.6705], [8.6006, 47.6703]], [[8.6006, 47.6703], [8.6005, 47.6702], [8.6004, 47.6701]], [[8.6004, 47.6701], [8.6002, 47.6699], [8.6001, 47.6697], [8.5999, 47.6695], [8.5998, 47.6694], [8.5997, 47.6692], [8.5995, 47.669], [8.5995, 47.6688], [8.5994, 47.6687], [8.5992, 47.6685], [8.5991, 47.6683], [8.599, 47.668], [8.5988, 47.6678], [8.5986, 47.6673], [8.5984, 47.6668], [8.5981, 47.6663], [8.5979, 47.6658], [8.5978, 47.6656], [8.5976, 47.6653], [8.5973, 47.6647], [8.5973, 47.6646]], [[8.5973, 47.6646], [8.5972, 47.6645]], [[8.5972, 47.6645], [8.5971, 47.6644], [8.5969, 47.6639], [8.5967, 47.6635], [8.5965, 47.6631]], [[8.5965, 47.6631], [8.5965, 47.663], [8.5964, 47.663], [8.5964, 47.6629], [8.5963, 47.6628], [8.5963, 47.6627], [8.5962, 47.6626], [8.5962, 47.6625], [8.5961, 47.6624], [8.596, 47.6624], [8.596, 47.6623], [8.5959, 47.6623], [8.5959, 47.6622], [8.5958, 47.6622], [8.5958, 47.6621], [8.5957, 47.6621], [8.5956, 47.662], [8.5956, 47.6619], [8.5955, 47.6619]], [[8.5955, 47.6619], [8.5954, 47.6618]], [[8.5954, 47.6618], [8.5953, 47.6617], [8.5952, 47.6616], [8.5951, 47.6616], [8.595, 47.6615], [8.5949, 47.6615], [8.5948, 47.6614], [8.5947, 47.6614], [8.5946, 47.6613], [8.5945, 47.6613], [8.5944, 47.6612], [8.5943, 47.6612], [8.5941, 47.6611], [8.5937, 47.6609], [8.5936, 47.6609]], [[8.5931, 47.6607], [8.5924, 47.6604], [8.5905, 47.6596], [8.5892, 47.6591], [8.5886, 47.6588], [8.5873, 47.6583], [8.5869, 47.6582], [8.5856, 47.6576], [8.5853, 47.6575], [8.585, 47.6574], [8.5847, 47.6573], [8.5843, 47.6571], [8.5842, 47.6571], [8.5838, 47.6569], [8.5832, 47.6568], [8.5826, 47.6566], [8.582, 47.6564], [8.5817, 47.6563], [8.5815, 47.6562], [8.5813, 47.6562], [8.581, 47.6561], [8.5807, 47.6561], [8.5805, 47.656]], [[8.5805, 47.656], [8.5804, 47.656], [8.5802, 47.6559], [8.5799, 47.6559], [8.5796, 47.6558], [8.5794, 47.6558], [8.5791, 47.6557]], [[8.5791, 47.6557], [8.5772, 47.6553], [8.5737, 47.6546]], [[8.5737, 47.6546], [8.5728, 47.6544], [8.5713, 47.6541]], [[8.5711, 47.6541], [8.5713, 47.6541]], [[8.5711, 47.6541], [8.5683, 47.6535], [8.5678, 47.6534], [8.5674, 47.6533], [8.567, 47.6531], [8.5667, 47.653], [8.5663, 47.6528], [8.566, 47.6527], [8.5658, 47.6525], [8.5655, 47.6523], [8.5654, 47.6523], [8.5651, 47.652], [8.5649, 47.6518], [8.5646, 47.6515], [8.5642, 47.6511], [8.5639, 47.6507], [8.5635, 47.6503], [8.5632, 47.6499], [8.5632, 47.6498], [8.5629, 47.6494], [8.5627, 47.6491], [8.5626, 47.6488], [8.5625, 47.6485], [8.5624, 47.6482], [8.5623, 47.6478], [8.5623, 47.6475], [8.5623, 47.6472], [8.5623, 47.647], [8.5623, 47.6469], [8.5623, 47.6468], [8.5623, 47.6467]], [[8.5623, 47.6466], [8.5623, 47.6465], [8.5624, 47.6464], [8.5624, 47.6463], [8.5624, 47.6462], [8.5625, 47.6461], [8.5625, 47.646], [8.5625, 47.6459], [8.5626, 47.6458], [8.5626, 47.6457], [8.5626, 47.6456], [8.5627, 47.6455], [8.5628, 47.6454], [8.5628, 47.6453], [8.5629, 47.6452], [8.5629, 47.6451], [8.563, 47.645], [8.5631, 47.6449], [8.5631, 47.6448], [8.5632, 47.6447], [8.5633, 47.6446], [8.5634, 47.6445], [8.5635, 47.6444], [8.5636, 47.6443], [8.5636, 47.6442], [8.5637, 47.6441], [8.5638, 47.6441], [8.5639, 47.644], [8.564, 47.6439], [8.5641, 47.6438], [8.5642, 47.6438], [8.5643, 47.6436], [8.5645, 47.6435], [8.5646, 47.6435], [8.5647, 47.6434], [8.5648, 47.6433], [8.565, 47.6432], [8.5652, 47.6431], [8.5666, 47.6423]], [[8.5112, 47.5738], [8.5115, 47.5737], [8.5116, 47.5736], [8.5118, 47.5735], [8.512, 47.5735], [8.5122, 47.5734], [8.5124, 47.5734], [8.5128, 47.5733]], [[8.5128, 47.5733], [8.5129, 47.5732], [8.5155, 47.5726], [8.5169, 47.5722]], [[8.5169, 47.5722], [8.5178, 47.572], [8.5182, 47.5719], [8.5185, 47.5718], [8.5187, 47.5717]], [[8.5187, 47.5717], [8.5188, 47.5717], [8.5189, 47.5716], [8.5191, 47.5716], [8.5193, 47.5715], [8.5194, 47.5714], [8.5196, 47.5713], [8.5198, 47.5712], [8.5199, 47.5712], [8.5201, 47.5711], [8.5202, 47.571], [8.5203, 47.5709], [8.5204, 47.5709], [8.5205, 47.5708], [8.5206, 47.5707], [8.5207, 47.5706], [8.5208, 47.5705], [8.5209, 47.5704], [8.521, 47.5703], [8.5211, 47.5702], [8.5211, 47.5701], [8.5213, 47.5699], [8.5213, 47.5698], [8.5214, 47.5697], [8.5214, 47.5696], [8.5215, 47.5695], [8.5215, 47.5694], [8.5216, 47.5693], [8.5216, 47.5692], [8.5216, 47.5691], [8.5216, 47.569], [8.5217, 47.5689]], [[8.5217, 47.5641], [8.5217, 47.5665], [8.5217, 47.5677], [8.5217, 47.5683], [8.5217, 47.5686], [8.5217, 47.5687], [8.5217, 47.5689]], [[8.5238, 47.5508], [8.5238, 47.551], [8.5238, 47.5512], [8.5237, 47.5514], [8.5233, 47.5546], [8.5231, 47.5563], [8.5231, 47.5568], [8.5231, 47.557], [8.523, 47.5571], [8.523, 47.5573], [8.523, 47.5574], [8.523, 47.5575], [8.5229, 47.5576], [8.5229, 47.5577], [8.5229, 47.5578], [8.5228, 47.5579], [8.5228, 47.558], [8.5227, 47.5581], [8.5227, 47.5583], [8.5226, 47.5584], [8.5224, 47.5587], [8.5221, 47.5592], [8.522, 47.5595], [8.5219, 47.5597], [8.5219, 47.5599], [8.5218, 47.5601], [8.5218, 47.5604], [8.5218, 47.5606], [8.5218, 47.5608], [8.5217, 47.5612], [8.5217, 47.564]], [[8.5233, 47.5474], [8.5234, 47.5474], [8.5235, 47.5476], [8.5235, 47.5477], [8.5236, 47.5478], [8.5237, 47.5479], [8.5237, 47.548], [8.5237, 47.5481], [8.5238, 47.5481], [8.5238, 47.5482], [8.5238, 47.5483], [8.5239, 47.5484], [8.5239, 47.5485], [8.5239, 47.5486], [8.524, 47.5487], [8.524, 47.5488], [8.524, 47.5489], [8.524, 47.549], [8.524, 47.5491], [8.524, 47.5492], [8.5241, 47.5493], [8.5241, 47.5494], [8.524, 47.5495], [8.524, 47.5496], [8.524, 47.5497], [8.524, 47.5498], [8.524, 47.5499], [8.524, 47.55], [8.524, 47.5501], [8.5239, 47.5502], [8.5239, 47.5503], [8.5239, 47.5505], [8.5238, 47.5507], [8.5238, 47.5508]], [[8.5233, 47.5474], [8.5231, 47.547], [8.5228, 47.5467], [8.5227, 47.5464], [8.5226, 47.5462], [8.5225, 47.5459], [8.5224, 47.5456], [8.5224, 47.5454], [8.5224, 47.5451], [8.5224, 47.5447], [8.5225, 47.5443], [8.5227, 47.544], [8.5229, 47.5436], [8.5231, 47.5433], [8.5235, 47.5429], [8.5241, 47.5424], [8.5242, 47.5422], [8.5244, 47.542], [8.5245, 47.5419], [8.5246, 47.5417], [8.5247, 47.5416], [8.5248, 47.5414], [8.5249, 47.5412], [8.525, 47.5409], [8.5251, 47.5407], [8.5251, 47.5404], [8.5251, 47.5401], [8.5251, 47.5398], [8.525, 47.5396], [8.5249, 47.5393], [8.5247, 47.5387], [8.5243, 47.538], [8.5241, 47.5375], [8.524, 47.5373], [8.524, 47.5371], [8.524, 47.5369], [8.5239, 47.5368], [8.5239, 47.5366], [8.524, 47.5362], [8.5241, 47.5358], [8.5241, 47.5355], [8.5247, 47.5338], [8.5248, 47.5334], [8.5249, 47.5331], [8.525, 47.5329], [8.5252, 47.5327], [8.5253, 47.5324], [8.5255, 47.5322], [8.5257, 47.532], [8.526, 47.5318], [8.5263, 47.5315], [8.5271, 47.5309]], [[8.5271, 47.5309], [8.5281, 47.5301], [8.5289, 47.5295]], [[8.5306, 47.5282], [8.5302, 47.5285], [8.5289, 47.5295]], [[8.5314, 47.5275], [8.5312, 47.5277], [8.5309, 47.528], [8.5306, 47.5282]], [[8.5321, 47.527], [8.5318, 47.5273], [8.5314, 47.5275]], [[8.5326, 47.5266], [8.5324, 47.5268], [8.5321, 47.527]], [[8.5376, 47.521], [8.5376, 47.5211], [8.5376, 47.5212], [8.5377, 47.5213], [8.5377, 47.5214], [8.5377, 47.5215], [8.5377, 47.5216], [8.5377, 47.5217], [8.5377, 47.5218], [8.5377, 47.5219], [8.5376, 47.522], [8.5376, 47.5221], [8.5376, 47.5222], [8.5376, 47.5223], [8.5375, 47.5223], [8.5375, 47.5224], [8.5375, 47.5225], [8.5374, 47.5226], [8.5374, 47.5227], [8.5373, 47.5227], [8.5373, 47.5228], [8.5372, 47.5229], [8.5372, 47.523], [8.5371, 47.523], [8.537, 47.5231], [8.537, 47.5232], [8.5369, 47.5233], [8.5368, 47.5234], [8.5367, 47.5234], [8.5366, 47.5235], [8.5365, 47.5236], [8.5361, 47.5239], [8.5341, 47.5254], [8.5326, 47.5266]], [[8.537, 47.5199], [8.5371, 47.52], [8.5371, 47.5201], [8.5372, 47.5202], [8.5373, 47.5203], [8.5373, 47.5204], [8.5374, 47.5205], [8.5374, 47.5206], [8.5375, 47.5207], [8.5375, 47.5208], [8.5375, 47.5209], [8.5376, 47.5209], [8.5376, 47.521]], [[8.5259, 47.5142], [8.527, 47.5149], [8.5278, 47.5153], [8.5286, 47.5157], [8.5296, 47.5162], [8.5343, 47.5182], [8.5348, 47.5184], [8.5351, 47.5186], [8.5356, 47.5188], [8.5361, 47.5191], [8.5364, 47.5194], [8.5365, 47.5195], [8.5366, 47.5195], [8.5367, 47.5196], [8.5368, 47.5197]], [[8.5259, 47.5142], [8.5256, 47.514]], [[8.524, 47.5131], [8.5256, 47.514]], [[8.5064, 47.4923], [8.5103, 47.4988], [8.5142, 47.5052], [8.5145, 47.5056], [8.5146, 47.5057], [8.5147, 47.5059], [8.5148, 47.506], [8.5149, 47.5061], [8.5149, 47.5063], [8.515, 47.5064], [8.5151, 47.5065], [8.5152, 47.5066], [8.5153, 47.5067], [8.5154, 47.5068], [8.5155, 47.507], [8.5156, 47.5071], [8.5157, 47.5072], [8.5158, 47.5073], [8.5159, 47.5074], [8.516, 47.5075], [8.5161, 47.5076], [8.5162, 47.5077], [8.5163, 47.5078], [8.5164, 47.5079], [8.5166, 47.5081], [8.5167, 47.5082], [8.5168, 47.5082], [8.5169, 47.5083], [8.517, 47.5084], [8.5172, 47.5086], [8.5173, 47.5087], [8.5174, 47.5088], [8.5176, 47.5089], [8.5177, 47.509], [8.5178, 47.5091], [8.518, 47.5092], [8.5181, 47.5093], [8.5182, 47.5094], [8.5184, 47.5095], [8.5185, 47.5096], [8.5188, 47.5098], [8.519, 47.5099], [8.5192, 47.51], [8.5239, 47.513]], [[8.5063, 47.4922], [8.5064, 47.4923]], [[8.506, 47.4915], [8.5063, 47.4922]], [[8.5048, 47.4895], [8.5049, 47.4897], [8.505, 47.4899], [8.5053, 47.4903], [8.5055, 47.4907], [8.506, 47.4915]], [[8.5046, 47.4891], [8.5047, 47.4893], [8.5048, 47.4894], [8.5048, 47.4895]], [[8.5017, 47.4842], [8.5018, 47.4843], [8.5019, 47.4844], [8.5019, 47.4845], [8.5021, 47.4847], [8.5022, 47.4849], [8.5034, 47.4869], [8.5035, 47.4871], [8.5037, 47.4873], [8.5037, 47.4874], [8.5038, 47.4875], [8.5039, 47.4877], [8.504, 47.4878], [8.5041, 47.4881], [8.5042, 47.4883], [8.5043, 47.4884], [8.5043, 47.4885], [8.5044, 47.4886], [8.5044, 47.4887], [8.5046, 47.4891]], [[8.502, 47.4794], [8.5019, 47.4796], [8.5018, 47.4798], [8.5017, 47.4799], [8.5016, 47.4801], [8.5015, 47.4803], [8.5014, 47.4806], [8.5013, 47.4807], [8.5013, 47.4808], [8.5013, 47.4809], [8.5013, 47.481], [8.5012, 47.4812], [8.5012, 47.4813], [8.5012, 47.4814], [8.5012, 47.4815], [8.5012, 47.4816], [8.5011, 47.4817], [8.5011, 47.4818], [8.5011, 47.4819], [8.5011, 47.4821], [8.5011, 47.4822], [8.5011, 47.4823], [8.5012, 47.4824], [8.5012, 47.4826], [8.5012, 47.4827], [8.5012, 47.4829], [8.5012, 47.483], [8.5013, 47.4831], [8.5013, 47.4832], [8.5013, 47.4833], [8.5014, 47.4834], [8.5014, 47.4836], [8.5015, 47.4837], [8.5015, 47.4838], [8.5016, 47.4839], [8.5016, 47.484], [8.5017, 47.4842]], [[8.5073, 47.4737], [8.507, 47.4741], [8.5057, 47.4754], [8.503, 47.4782], [8.5028, 47.4785], [8.5026, 47.4787], [8.5024, 47.4789], [8.5023, 47.479], [8.5021, 47.4793], [8.502, 47.4794]], [[8.5129, 47.4672], [8.5116, 47.4688], [8.5116, 47.4689], [8.5115, 47.469], [8.5102, 47.4705], [8.51, 47.4709], [8.5099, 47.471], [8.5097, 47.4712], [8.5094, 47.4715], [8.5092, 47.4718], [8.509, 47.4719], [8.5089, 47.472], [8.5088, 47.4722], [8.5086, 47.4724], [8.5084, 47.4726], [8.5083, 47.4727], [8.508, 47.473], [8.5076, 47.4734], [8.5073, 47.4737]], [[8.5302, 47.4562], [8.5301, 47.4563], [8.5299, 47.4564], [8.5298, 47.4565], [8.5296, 47.4566], [8.5294, 47.4567], [8.5293, 47.4567], [8.5291, 47.4568], [8.5289, 47.4569], [8.5288, 47.457], [8.5287, 47.457], [8.5285, 47.4571], [8.5283, 47.4571], [8.5282, 47.4572], [8.528, 47.4572], [8.5278, 47.4573], [8.5277, 47.4573], [8.5275, 47.4574], [8.5274, 47.4574], [8.5272, 47.4575], [8.527, 47.4575], [8.5269, 47.4576], [8.5267, 47.4576], [8.5266, 47.4576], [8.5264, 47.4576], [8.5262, 47.4577], [8.5261, 47.4577], [8.5259, 47.4577], [8.5257, 47.4578], [8.5255, 47.4578], [8.5254, 47.4578], [8.5252, 47.4578], [8.5246, 47.4579], [8.5243, 47.4579], [8.524, 47.458], [8.5239, 47.458], [8.5237, 47.458], [8.5235, 47.4581], [8.5233, 47.4581], [8.5232, 47.4581], [8.523, 47.4582], [8.5228, 47.4582], [8.5226, 47.4582], [8.5225, 47.4583], [8.5224, 47.4583], [8.5222, 47.4584], [8.522, 47.4584], [8.5218, 47.4585], [8.5217, 47.4585], [8.5216, 47.4586], [8.5214, 47.4586], [8.5213, 47.4587], [8.5212, 47.4587], [8.521, 47.4588], [8.5209, 47.4588], [8.5208, 47.4589], [8.5206, 47.4589], [8.5205, 47.459], [8.5204, 47.459], [8.5203, 47.4591], [8.5202, 47.4592], [8.5201, 47.4592], [8.52, 47.4593], [8.5199, 47.4593], [8.5197, 47.4594], [8.5196, 47.4595], [8.5195, 47.4596], [8.5194, 47.4596], [8.5193, 47.4597], [8.5192, 47.4598], [8.5191, 47.4598], [8.519, 47.4599], [8.5189, 47.46], [8.5188, 47.46], [8.5188, 47.4601], [8.5187, 47.4602], [8.5186, 47.4602], [8.5185, 47.4603], [8.5184, 47.4604], [8.5183, 47.4605], [8.5182, 47.4605], [8.5182, 47.4606], [8.5181, 47.4607], [8.5179, 47.4609], [8.5178, 47.461], [8.5176, 47.4611], [8.5175, 47.4613], [8.5174, 47.4614], [8.5173, 47.4616], [8.5172, 47.4617], [8.517, 47.462], [8.5151, 47.4644], [8.5142, 47.4657], [8.5132, 47.4669], [8.5129, 47.4672]], [[8.5303, 47.4562], [8.5302, 47.4562]], [[8.5358, 47.4518], [8.5356, 47.452], [8.5354, 47.4522], [8.535, 47.4526], [8.5347, 47.4528], [8.5345, 47.453], [8.5339, 47.4535], [8.5336, 47.4538], [8.5334, 47.4539], [8.5332, 47.454], [8.533, 47.4542], [8.5327, 47.4544], [8.5325, 47.4546], [8.5322, 47.4548], [8.5319, 47.455], [8.5316, 47.4553], [8.5314, 47.4554], [8.5312, 47.4556], [8.531, 47.4557], [8.5308, 47.4559], [8.5306, 47.456], [8.5305, 47.4561], [8.5303, 47.4562]], [[8.536, 47.4516], [8.5358, 47.4518]], [[8.538, 47.4495], [8.5378, 47.4497], [8.5376, 47.45], [8.5374, 47.4501], [8.5373, 47.4503], [8.5371, 47.4505], [8.537, 47.4507], [8.5368, 47.4509], [8.5366, 47.451], [8.5364, 47.4512], [8.5363, 47.4513], [8.5362, 47.4514], [8.536, 47.4516]], [[8.5381, 47.4493], [8.538, 47.4495]], [[8.5436, 47.4414], [8.5434, 47.4417], [8.5431, 47.442], [8.5429, 47.4423], [8.5426, 47.4425], [8.5424, 47.4428], [8.5422, 47.4431], [8.542, 47.4433], [8.5418, 47.4436], [8.5415, 47.444], [8.5413, 47.4443], [8.5411, 47.4446], [8.5407, 47.4453], [8.5391, 47.4478], [8.539, 47.448], [8.5389, 47.4482], [8.5388, 47.4484], [8.5387, 47.4486], [8.5385, 47.4487], [8.5384, 47.4489], [8.5383, 47.4491], [8.5381, 47.4493]], [[8.5505, 47.4358], [8.5499, 47.4361], [8.5495, 47.4364], [8.5492, 47.4367], [8.5488, 47.4369], [8.5484, 47.4372], [8.5481, 47.4375], [8.5477, 47.4377], [8.5473, 47.438], [8.5468, 47.4384], [8.5466, 47.4386], [8.5463, 47.4388], [8.5458, 47.4393], [8.5455, 47.4395], [8.5453, 47.4398], [8.5443, 47.4407], [8.5436, 47.4414]], [[8.552, 47.4349], [8.5513, 47.4353], [8.5511, 47.4354], [8.5505, 47.4358]], [[8.553, 47.4343], [8.552, 47.4349]], [[8.5533, 47.4342], [8.553, 47.4343]], [[8.5571, 47.432], [8.5566, 47.4322], [8.5564, 47.4323], [8.5533, 47.4342]], [[8.5571, 47.432], [8.5573, 47.4318], [8.5576, 47.4316], [8.5577, 47.4316], [8.5579, 47.4315], [8.558, 47.4314], [8.5581, 47.4313], [8.5582, 47.4313], [8.5583, 47.4312], [8.5584, 47.4311], [8.5585, 47.431], [8.5586, 47.4309], [8.5588, 47.4308], [8.5588, 47.4307], [8.5589, 47.4306], [8.5591, 47.4304], [8.5591, 47.4303], [8.5592, 47.4302], [8.5593, 47.4302], [8.5594, 47.43], [8.5594, 47.4299]], [[8.5594, 47.4299], [8.5595, 47.4297], [8.5596, 47.4296]], [[8.5597, 47.4294], [8.5597, 47.4293], [8.5597, 47.4292], [8.5597, 47.4291], [8.5598, 47.429], [8.5598, 47.4289], [8.5598, 47.4288], [8.5598, 47.4287], [8.5598, 47.4286], [8.5598, 47.4285], [8.5598, 47.4284], [8.5598, 47.4283], [8.5598, 47.4282], [8.5598, 47.4281], [8.5597, 47.428], [8.5597, 47.4279], [8.5597, 47.4278], [8.5597, 47.4277], [8.5596, 47.4276], [8.5596, 47.4275], [8.5595, 47.4275], [8.5595, 47.4274], [8.5594, 47.4273], [8.5594, 47.4272], [8.5593, 47.427], [8.5592, 47.4269], [8.5591, 47.4267]], [[8.5591, 47.4267], [8.559, 47.4266], [8.5589, 47.4265]], [[8.5589, 47.4265], [8.5587, 47.4262], [8.5586, 47.4261], [8.5584, 47.4259], [8.5583, 47.4258], [8.5582, 47.4257], [8.5581, 47.4256], [8.558, 47.4255], [8.5578, 47.4254], [8.5577, 47.4253], [8.5576, 47.4252], [8.5572, 47.425]], [[8.5572, 47.425], [8.5571, 47.4249]], [[8.5571, 47.4249], [8.5569, 47.4247], [8.5567, 47.4246], [8.5565, 47.4244], [8.5563, 47.4243], [8.5561, 47.4241], [8.5558, 47.4238]], [[8.5558, 47.4238], [8.555, 47.423], [8.5534, 47.4215], [8.5533, 47.4213]], [[8.5533, 47.4213], [8.5532, 47.4212], [8.5531, 47.4211], [8.553, 47.421], [8.5529, 47.4208], [8.5528, 47.4207], [8.5527, 47.4206], [8.5526, 47.4204]], [[8.5526, 47.4204], [8.5524, 47.4201], [8.5522, 47.4197], [8.5519, 47.4192], [8.5517, 47.4189], [8.5515, 47.4186], [8.5512, 47.4182], [8.5508, 47.4177], [8.5507, 47.4175], [8.5505, 47.4173], [8.5503, 47.417]], [[8.5503, 47.417], [8.55, 47.4167]], [[8.55, 47.4167], [8.5492, 47.4158], [8.5489, 47.4155]], [[8.5489, 47.4155], [8.5489, 47.4154], [8.5488, 47.4153]], [[8.5488, 47.4153], [8.5487, 47.4152]], [[8.5487, 47.4152], [8.548, 47.4145], [8.548, 47.4144], [8.5479, 47.4144]], [[8.5476, 47.414], [8.5477, 47.4141], [8.5479, 47.4144]], [[8.5474, 47.4138], [8.5476, 47.414]], [[8.5471, 47.4136], [8.5474, 47.4138]], [[8.5471, 47.4136], [8.5469, 47.4134], [8.5469, 47.4133], [8.5468, 47.4133], [8.5467, 47.4132], [8.5466, 47.4131]], [[8.5466, 47.4131], [8.5464, 47.413], [8.5463, 47.413], [8.5463, 47.4129], [8.5461, 47.4129]], [[8.5461, 47.4129], [8.5459, 47.4128], [8.5457, 47.4127], [8.5456, 47.4126], [8.5455, 47.4126], [8.5454, 47.4125], [8.5451, 47.4124], [8.5442, 47.4121], [8.5437, 47.412], [8.5436, 47.4119], [8.5434, 47.4118], [8.5433, 47.4118], [8.5432, 47.4117], [8.543, 47.4117], [8.5429, 47.4116], [8.5427, 47.4116], [8.5426, 47.4115], [8.5424, 47.4114], [8.5423, 47.4113], [8.5422, 47.4113], [8.5421, 47.4112], [8.5419, 47.4111], [8.5418, 47.4111], [8.5416, 47.411], [8.5413, 47.4108], [8.5412, 47.4107], [8.541, 47.4106], [8.5408, 47.4105], [8.5407, 47.4104], [8.5401, 47.4101]], [[8.5401, 47.4101], [8.54, 47.4101]], [[8.54, 47.4101], [8.5397, 47.4099], [8.5394, 47.4097], [8.5392, 47.4096], [8.5389, 47.4094]], [[8.5389, 47.4094], [8.5387, 47.4092], [8.5385, 47.4091], [8.5382, 47.4088], [8.5381, 47.4087], [8.538, 47.4086], [8.5379, 47.4084], [8.5377, 47.4082], [8.5376, 47.4079]], [[8.5376, 47.4079], [8.5375, 47.4079], [8.5374, 47.4078]], [[8.5374, 47.4078], [8.5373, 47.4076], [8.5371, 47.4072], [8.5368, 47.4066], [8.5366, 47.4063], [8.5364, 47.406]], [[8.5364, 47.406], [8.5364, 47.4059], [8.5362, 47.4057], [8.5361, 47.4055], [8.536, 47.4054], [8.536, 47.4053]], [[8.5135, 47.3952], [8.5134, 47.395]], [[8.5134, 47.395], [8.5133, 47.3948], [8.513, 47.3943], [8.5129, 47.3941]], [[8.5129, 47.3941], [8.5115, 47.3916], [8.5114, 47.3914], [8.5113, 47.3911], [8.5112, 47.391], [8.5111, 47.3908], [8.511, 47.3906], [8.511, 47.3905], [8.5109, 47.3903], [8.5108, 47.3902], [8.5108, 47.3901], [8.5108, 47.39], [8.5108, 47.3899], [8.5107, 47.3898], [8.5107, 47.3897], [8.5107, 47.3896], [8.5107, 47.3895], [8.5107, 47.3894], [8.5106, 47.3893], [8.5106, 47.3892], [8.5107, 47.3891], [8.5107, 47.389], [8.5107, 47.3889], [8.5107, 47.3888], [8.5107, 47.3887], [8.5107, 47.3886], [8.5108, 47.3885], [8.5108, 47.3884], [8.5109, 47.3883], [8.5109, 47.3882], [8.5109, 47.3881], [8.511, 47.388], [8.5111, 47.3879], [8.5111, 47.3878], [8.5112, 47.3877], [8.5113, 47.3876], [8.5113, 47.3875], [8.5114, 47.3875], [8.5115, 47.3874], [8.5116, 47.3873], [8.5117, 47.3872], [8.5118, 47.3871], [8.5119, 47.387], [8.512, 47.3869], [8.5121, 47.3869], [8.5121, 47.3868], [8.5122, 47.3868], [8.5123, 47.3867], [8.5124, 47.3867], [8.5125, 47.3866], [8.5126, 47.3866], [8.5128, 47.3865], [8.5129, 47.3864], [8.513, 47.3864], [8.5132, 47.3863], [8.5134, 47.3863], [8.5135, 47.3862], [8.5137, 47.3861], [8.5139, 47.3861], [8.5141, 47.386]], [[8.5141, 47.386], [8.5147, 47.3859], [8.5148, 47.3858], [8.5151, 47.3858], [8.5154, 47.3857], [8.5157, 47.3856], [8.5159, 47.3856], [8.5163, 47.3855], [8.5165, 47.3855], [8.5175, 47.3852]], [[8.5175, 47.3852], [8.5193, 47.3847], [8.5196, 47.3846], [8.52, 47.3845], [8.521, 47.3842]], [[8.521, 47.3842], [8.5218, 47.384]], [[8.5218, 47.384], [8.523, 47.3837], [8.5235, 47.3836], [8.5239, 47.3835], [8.5241, 47.3834], [8.5244, 47.3833], [8.5246, 47.3832], [8.5248, 47.3831], [8.525, 47.3831], [8.5252, 47.383], [8.5253, 47.383], [8.5254, 47.3829], [8.5257, 47.3828], [8.5258, 47.3827], [8.526, 47.3827], [8.5264, 47.3825], [8.5266, 47.3824], [8.5267, 47.3823], [8.5271, 47.3821], [8.5275, 47.3819]], [[8.5275, 47.3819], [8.5276, 47.3818]], [[8.5276, 47.3818], [8.5279, 47.3817], [8.528, 47.3816], [8.5282, 47.3816], [8.5283, 47.3815], [8.5284, 47.3815], [8.5286, 47.3814], [8.5287, 47.3814], [8.5288, 47.3814], [8.5291, 47.3813]], [[8.5291, 47.3813], [8.5293, 47.3813], [8.5295, 47.3812], [8.5296, 47.3812], [8.5305, 47.381]], [[8.5305, 47.381], [8.5307, 47.381], [8.531, 47.3809], [8.5313, 47.3809], [8.5323, 47.3806]], [[8.5965, 47.3982], [8.5967, 47.3985], [8.5969, 47.3987]], [[8.5969, 47.3987], [8.597, 47.3988], [8.5971, 47.3991]], [[8.5971, 47.3991], [8.5973, 47.3993]], [[8.5973, 47.3993], [8.5975, 47.3995], [8.5977, 47.3998], [8.5978, 47.4], [8.5981, 47.4003], [8.5982, 47.4005], [8.5984, 47.4006], [8.5985, 47.4007], [8.5986, 47.4009], [8.5988, 47.401], [8.5989, 47.4011], [8.599, 47.4012], [8.5992, 47.4014], [8.5994, 47.4016], [8.5995, 47.4017], [8.5997, 47.4018]], [[8.5997, 47.4018], [8.5998, 47.4019], [8.5999, 47.402], [8.6001, 47.402], [8.6003, 47.4022], [8.6004, 47.4023], [8.6006, 47.4024], [8.601, 47.4026], [8.6019, 47.403]], [[8.6019, 47.403], [8.6022, 47.4032]], [[8.6022, 47.4032], [8.6027, 47.4035], [8.603, 47.4036], [8.6033, 47.4038], [8.6037, 47.4041], [8.6041, 47.4043], [8.6045, 47.4045], [8.6046, 47.4046], [8.6048, 47.4047], [8.605, 47.4048], [8.6052, 47.4049], [8.6054, 47.405], [8.6055, 47.4051], [8.6058, 47.4052], [8.6059, 47.4052], [8.6062, 47.4053], [8.6064, 47.4054], [8.6066, 47.4054], [8.6069, 47.4055]], [[8.6069, 47.4055], [8.6071, 47.4055], [8.6074, 47.4056], [8.6075, 47.4056], [8.6077, 47.4056], [8.6078, 47.4056], [8.608, 47.4056], [8.6082, 47.4057], [8.6085, 47.4057], [8.6086, 47.4056], [8.6089, 47.4056], [8.6091, 47.4056], [8.6093, 47.4056], [8.6095, 47.4056], [8.6097, 47.4055], [8.6099, 47.4055], [8.61, 47.4055], [8.6103, 47.4054], [8.6105, 47.4054], [8.6108, 47.4053], [8.6112, 47.4052], [8.6115, 47.4051], [8.6116, 47.405]], [[8.6116, 47.405], [8.6119, 47.4049]], [[8.6119, 47.4049], [8.612, 47.4049]], [[8.612, 47.4049], [8.6123, 47.4048], [8.6128, 47.4046], [8.6131, 47.4045], [8.6135, 47.4043]], [[8.6135, 47.4043], [8.6143, 47.404], [8.6149, 47.4037], [8.6171, 47.4028], [8.6176, 47.4026]], [[8.6176, 47.4026], [8.6184, 47.4023]], [[8.6186, 47.4022], [8.6189, 47.4021], [8.6191, 47.402], [8.6192, 47.402], [8.6194, 47.4019], [8.62, 47.4017], [8.6202, 47.4016], [8.6206, 47.4015], [8.6209, 47.4013]], [[8.6209, 47.4013], [8.6212, 47.4012]], [[8.6212, 47.4012], [8.622, 47.4009], [8.6227, 47.4006], [8.6231, 47.4005], [8.6235, 47.4003], [8.6237, 47.4002], [8.6243, 47.4], [8.6248, 47.3998], [8.6253, 47.3995], [8.6259, 47.3993], [8.6263, 47.3991], [8.6271, 47.3988], [8.6276, 47.3986], [8.6282, 47.3983], [8.6303, 47.3974]], [[8.6303, 47.3974], [8.6304, 47.3973], [8.6307, 47.3972], [8.631, 47.3971], [8.6317, 47.3968], [8.6322, 47.3966], [8.6331, 47.3962], [8.6396, 47.3935]], [[8.6396, 47.3935], [8.6398, 47.3935]], [[8.6398, 47.3935], [8.6408, 47.393], [8.6428, 47.3922], [8.6433, 47.392], [8.6438, 47.3918], [8.644, 47.3917], [8.6442, 47.3916], [8.6444, 47.3915], [8.6446, 47.3914], [8.645, 47.3912], [8.6453, 47.3911], [8.6496, 47.3889], [8.6527, 47.3873]], [[8.6527, 47.3873], [8.6528, 47.3873]], [[8.6528, 47.3873], [8.6541, 47.3866], [8.6569, 47.3852], [8.6587, 47.3843], [8.6602, 47.3835], [8.6613, 47.383]], [[8.6613, 47.383], [8.6619, 47.3827]], [[8.6619, 47.3827], [8.6621, 47.3825]], [[8.6621, 47.3825], [8.663, 47.3821], [8.6631, 47.382]], [[8.6632, 47.382], [8.6664, 47.3804], [8.6729, 47.377], [8.6733, 47.3769], [8.6745, 47.3762], [8.6752, 47.3758], [8.6754, 47.3757], [8.6815, 47.3721], [8.6839, 47.3708]], [[8.6841, 47.3706], [8.6839, 47.3708]], [[8.6868, 47.3691], [8.6856, 47.3698], [8.6841, 47.3706]], [[8.6868, 47.3691], [8.6887, 47.368], [8.6887, 47.3679], [8.6901, 47.3672], [8.6915, 47.3663]], [[8.6916, 47.3663], [8.6915, 47.3663]], [[8.6927, 47.3656], [8.6916, 47.3663]], [[8.6927, 47.3656], [8.698, 47.3626], [8.6992, 47.3619], [8.7, 47.3614], [8.7008, 47.3609], [8.7025, 47.3599]], [[8.7025, 47.3599], [8.7029, 47.3597], [8.7031, 47.3596], [8.7032, 47.3595], [8.7036, 47.3593], [8.704, 47.3591], [8.7043, 47.3589], [8.7047, 47.3587], [8.705, 47.3585], [8.7053, 47.3583], [8.7056, 47.3581], [8.7058, 47.358], [8.7063, 47.3577], [8.7069, 47.3573], [8.7076, 47.3569], [8.7079, 47.3567], [8.7083, 47.3565], [8.7095, 47.3558], [8.7113, 47.3548]], [[8.5468, 47.6057], [8.5471, 47.6058], [8.5474, 47.606], [8.5475, 47.6061], [8.5478, 47.6063]], [[8.5466, 47.6055], [8.5468, 47.6057]], [[8.5463, 47.6053], [8.5464, 47.6054]], [[8.5463, 47.6053], [8.5459, 47.6051], [8.5458, 47.605], [8.5456, 47.6049], [8.5452, 47.6047], [8.5448, 47.6044], [8.5445, 47.6042], [8.5444, 47.6041], [8.5442, 47.6039], [8.5434, 47.6035], [8.5425, 47.6029], [8.5417, 47.6025], [8.5411, 47.6022], [8.5411, 47.6021], [8.5405, 47.6018], [8.5399, 47.6014], [8.5387, 47.6007], [8.5385, 47.6006], [8.5384, 47.6005]], [[8.5384, 47.6005], [8.5381, 47.6003], [8.5377, 47.6001], [8.5374, 47.5999], [8.5369, 47.5996]], [[8.5369, 47.5996], [8.5361, 47.5991], [8.536, 47.5991], [8.5359, 47.599], [8.534, 47.5979]], [[8.534, 47.5979], [8.5296, 47.5952], [8.5284, 47.5944], [8.5269, 47.5935]], [[8.5269, 47.5935], [8.5268, 47.5934]], [[8.5268, 47.5934], [8.5252, 47.5925], [8.5232, 47.5913], [8.5222, 47.5906], [8.5216, 47.5903], [8.5211, 47.59], [8.5208, 47.5898], [8.5206, 47.5896], [8.5204, 47.5895], [8.5201, 47.5894], [8.52, 47.5893], [8.5198, 47.5891], [8.5195, 47.5889], [8.5193, 47.5888], [8.5192, 47.5887], [8.5188, 47.5884], [8.5187, 47.5883], [8.5186, 47.5882], [8.5186, 47.5881], [8.5185, 47.588], [8.5183, 47.5879], [8.5182, 47.5878], [8.518, 47.5876], [8.5179, 47.5876], [8.5178, 47.5875], [8.5177, 47.5873], [8.5174, 47.5871], [8.5174, 47.5869], [8.5173, 47.5868], [8.5172, 47.5867], [8.5171, 47.5866], [8.5169, 47.5864], [8.5168, 47.5862], [8.5165, 47.5858], [8.5162, 47.5854], [8.516, 47.5852], [8.5159, 47.585], [8.5158, 47.5849]], [[8.5158, 47.5849], [8.5157, 47.5849]], [[8.5157, 47.5849], [8.5155, 47.5845], [8.5154, 47.5844], [8.5153, 47.5842], [8.5151, 47.5839], [8.5149, 47.5836], [8.5147, 47.5833], [8.5143, 47.5828], [8.5139, 47.5822], [8.5136, 47.5819], [8.5134, 47.5816], [8.5132, 47.5813], [8.5131, 47.5812]], [[8.5131, 47.5812], [8.513, 47.581], [8.5128, 47.5808], [8.5124, 47.5804], [8.5122, 47.5801], [8.5121, 47.58]]]}, "properties": {"ref": "S9", "opened_year": 1990, "is_tunnel": false, "segment_count": 360}}, {"type": "Feature", "geometry": {"type": "MultiLineString", "coordinates": [[[8.5967, 47.3981], [8.5964, 47.3976], [8.5962, 47.3973], [8.5962, 47.3972], [8.596, 47.3968], [8.5958, 47.3963], [8.5956, 47.3957], [8.5955, 47.3954], [8.5954, 47.3952], [8.5951, 47.3945], [8.595, 47.3939], [8.5948, 47.3936], [8.5947, 47.3933]], [[8.552, 47.3656], [8.5513, 47.3657], [8.5506, 47.3659]], [[8.5506, 47.3659], [8.5504, 47.366], [8.5501, 47.366]], [[8.5474, 47.3681], [8.5475, 47.368], [8.5475, 47.3679], [8.5476, 47.3678], [8.5477, 47.3676]], [[8.5474, 47.3681], [8.5473, 47.3684], [8.5472, 47.3685], [8.5472, 47.3687]], [[8.5472, 47.3687], [8.5471, 47.3689], [8.5471, 47.3691], [8.5471, 47.3693], [8.5471, 47.3695], [8.5471, 47.3697], [8.5471, 47.3698], [8.5471, 47.37], [8.5472, 47.3702], [8.5473, 47.3704], [8.5475, 47.3709], [8.5476, 47.3712], [8.5477, 47.3714], [8.5478, 47.3717], [8.5478, 47.3719], [8.5479, 47.3721], [8.5479, 47.3723], [8.5478, 47.3725], [8.5478, 47.3728], [8.5478, 47.373], [8.5477, 47.3733], [8.5477, 47.3736], [8.5476, 47.3738], [8.5475, 47.3741], [8.5473, 47.3745], [8.5471, 47.3747], [8.547, 47.375], [8.5467, 47.3754], [8.5465, 47.3756], [8.5463, 47.3758], [8.5461, 47.376], [8.5459, 47.3762], [8.5456, 47.3764], [8.5454, 47.3766], [8.5452, 47.3767], [8.545, 47.3768], [8.5448, 47.3769], [8.5446, 47.377], [8.5442, 47.3772], [8.5438, 47.3773], [8.543, 47.3776]], [[8.543, 47.3776], [8.5425, 47.3778], [8.5421, 47.3779]], [[8.5421, 47.3779], [8.542, 47.378]], [[8.542, 47.378], [8.5417, 47.3781], [8.541, 47.3783], [8.5403, 47.3785], [8.5391, 47.3788], [8.5366, 47.3795]], [[8.5366, 47.3795], [8.5358, 47.3797]], [[8.5358, 47.3797], [8.5353, 47.3799]], [[8.5353, 47.3799], [8.535, 47.3799], [8.5346, 47.38], [8.5343, 47.3801]], [[8.5344, 47.3801], [8.5346, 47.3801], [8.5347, 47.3801], [8.535, 47.38], [8.5353, 47.3799]], [[8.5353, 47.3799], [8.5358, 47.3798]], [[8.5358, 47.3798], [8.5366, 47.3796]], [[8.5366, 47.3796], [8.5391, 47.3789], [8.5405, 47.3785], [8.542, 47.378]], [[8.542, 47.378], [8.5421, 47.378]], [[8.5421, 47.378], [8.5429, 47.3777]], [[8.5429, 47.3777], [8.5434, 47.3776], [8.5438, 47.3774], [8.5442, 47.3773], [8.5444, 47.3772], [8.5446, 47.3771], [8.5449, 47.377], [8.5451, 47.3769], [8.5453, 47.3767], [8.5454, 47.3766], [8.5457, 47.3764], [8.5459, 47.3762], [8.5461, 47.376], [8.5463, 47.3758], [8.5465, 47.3756], [8.5467, 47.3754], [8.547, 47.375], [8.5472, 47.3748], [8.5473, 47.3745], [8.5475, 47.3741], [8.5476, 47.3738], [8.5477, 47.3736], [8.5478, 47.3733], [8.5478, 47.373], [8.5479, 47.3728], [8.5479, 47.3726], [8.5479, 47.3723], [8.5479, 47.3721], [8.5479, 47.3719], [8.5478, 47.3717], [8.5477, 47.3714], [8.5477, 47.3712], [8.5476, 47.371], [8.5475, 47.3709], [8.5473, 47.3704], [8.5472, 47.3702], [8.5472, 47.37], [8.5471, 47.3698], [8.5471, 47.3697], [8.5471, 47.3694], [8.5471, 47.3692], [8.5471, 47.3691], [8.5472, 47.3689]], [[8.5478, 47.3676], [8.5477, 47.3678], [8.5476, 47.3679], [8.5474, 47.3682], [8.5473, 47.3684], [8.5473, 47.3685], [8.5472, 47.3687], [8.5472, 47.3689]], [[8.5502, 47.3661], [8.5498, 47.3662], [8.5495, 47.3664], [8.5493, 47.3665], [8.5491, 47.3666], [8.549, 47.3667], [8.5488, 47.3668], [8.5486, 47.367], [8.5483, 47.3672], [8.5481, 47.3674], [8.5479, 47.3675], [8.5478, 47.3676]], [[8.5949, 47.3939], [8.595, 47.3943], [8.5951, 47.3945], [8.5953, 47.3953], [8.5954, 47.3954], [8.5955, 47.3957], [8.5957, 47.3963], [8.5959, 47.3969], [8.596, 47.3972], [8.5963, 47.3977], [8.5965, 47.3982]]]}, "properties": {"ref": "S9", "opened_year": 1990, "is_tunnel": true, "segment_count": 22}}]}